id,word,old_level,new_level,source_difficulty
6817d6b8-2730-475c-8921-a17430f8d33a,"aaccdi",null,4,"Three Bee"
f07eb1b4-e1bb-4738-b9d2-46f73cb81aa6,"aachen",1,4,"Three Bee"
26fede2f-30df-4a7f-aeb3-2d4b16b9f313,"aal",null,4,"Three Bee"
8adf8f69-d8a0-4aab-bb81-ddce49a047e2,"aardvark",1,3,"Two Bee"
efde11e1-a244-48f2-bc1f-5c0c57ec519d,"abaculus",1,4,"Three Bee"
e4b6bb91-5581-4f47-b9d1-57b8a9e17760,"abalones",1,4,"Three Bee"
ee704465-1ada-48dd-a3eb-bb5ca5bbc72b,"abandon",1,2,"One Bee"
86aa76a8-781a-45c4-86f5-d647f08a4a7c,"abandoned",1,4,"Three Bee"
b9f41970-43c9-4b16-8fa7-641524b577e7,"abashed",1,2,"One Bee"
797d29d2-a8a3-40ea-b04f-0300dc1ad652,"abated",1,3,"Two Bee"
a0355993-d06a-4e0c-89e8-51dfb338f8c1,"abattoir",1,4,"Three Bee"
b8df0003-e582-4138-85d1-d946e7862fbb,"abbreviations",1,5,"Three Bee"
e4c78e28-c64d-4619-a032-0c0c2cc195b6,"abdomen",1,4,"Three Bee"
01d366e5-f99d-4722-87a7-c97d6e8e6052,"aberration",1,3,"Two Bee"
3b6d7952-33fd-4980-8f2d-25250592bba1,"abeyance",1,4,"Three Bee"
b2a8459e-b41d-404f-b12a-fdaad61b87ea,"abhenry",1,3,"Two Bee"
c33b7766-e008-48e4-becb-bb6e0d9e28ec,"abhijay",1,2,"One Bee"
45126fa8-1fd1-4416-9e5f-7a0f79a6fe13,"abhorrence",1,3,"Two Bee"
03de99d4-3816-47e4-b8f3-09ee1cb656cc,"abject",1,2,"One Bee"
87bbbf99-e0a7-4ccb-8610-f543a72dba48,"ablation",1,3,"Two Bee"
b382ad89-6842-47dc-8c7f-2dcc3e3980f9,"ablaut",1,3,"Two Bee"
3d46384e-6513-4a50-8bb7-a8f679e3e616,"ablaze",1,3,"Two Bee"
e747beef-f9bd-4039-8021-de5787cdf081,"abnegation",1,3,"Two Bee"
a42f9cb6-b139-4459-9b2e-92454ddcafbe,"abnegationbeguile",null,3,"Two Bee"
2f4c06d3-bb7c-4dfa-9d7d-eb186cfae8a9,"abodes",1,3,"Two Bee"
e1df43bd-7dd0-4a61-89b9-cb8decb55bed,"abolish",1,2,"One Bee"
fef27317-3590-4fa4-ab1d-985b3ace9dbc,"abomasum",1,4,"Three Bee"
68aa7f34-3658-485f-becb-0b5b6129c1c3,"abominable",1,3,"Two Bee"
b2db83f4-211b-47db-a2de-4bdeecb1d111,"aboriginal",1,2,"One Bee"
193ec1a3-b5a5-408e-b6e2-e98ffd7c342f,"abracadabra",1,3,"Two Bee"
21bb38da-f3c6-4715-ac8a-ba8cb8561f98,"abraum",1,4,"Three Bee"
1cb905ec-9f66-42cf-97ea-268e0804284c,"abrogate",1,3,"Two Bee"
d621033e-f4ed-42cd-b8bc-e4c0fde8dba7,"abruptly",1,2,"One Bee"
e4938edd-c13e-445c-b1d2-c897ba910fe3,"abscess",1,3,"Two Bee"
693c4975-106a-4ab6-9d48-59a31ccfd5da,"abscond",1,3,"Two Bee"
ee3147ae-182f-4f91-817e-79e4d37fedca,"absent",1,3,"Two Bee"
a5a5c230-768e-4e26-b2ca-308c73d62dd7,"absolution",1,3,"Two Bee"
9d2b203b-f755-4e0a-b169-32a81b25db2f,"absorptive",1,4,"Three Bee"
ac32c75e-af3e-46a9-82ad-be32f8ff0def,"abstemious",1,3,"Two Bee"
c9b9c665-e301-4e96-815e-4276af0522d6,"abstruse",1,3,"Two Bee"
05206c78-23f3-4bf7-8cc1-7913c225e087,"abstrusenephrolith",null,3,"Two Bee"
07e98d5a-5c40-43a6-9d26-0d9b26bf8086,"absurdly",1,4,"Three Bee"
d25bba40-ab5f-4417-93b4-fc7c1661c2db,"abundance",1,2,"One Bee"
983d5a81-bb5c-4cfa-8d9a-3e434a343767,"abundancecalamitous",null,5,"Three Bee"
1d30258f-990e-4407-a353-dd501e9896a0,"abysmal",1,3,"Two Bee"
b42e9fea-0992-43ca-b006-7527d1b44121,"acacia",1,4,"Three Bee"
7909f5cc-fb9a-4b55-b887-8b6710b33fe5,"academese",1,3,"Two Bee"
8bc70c46-759c-407b-8b83-42417856f5b9,"academic",1,4,"Three Bee"
01167fd7-3f63-429b-8067-ef37ce1cbe80,"academy",1,2,"One Bee"
1fe376c0-edf4-4f7f-b996-df5841d51e16,"acadians",1,3,"Two Bee"
d9ccd513-bf8d-4208-b04e-3a2b16d6d2b1,"accelerates",1,4,"Three Bee"
985dd8bc-8245-446c-a9ed-30434a4cddfc,"accent",1,4,"Three Bee"
1cdac98e-6eb1-449a-8533-b0139a388075,"accentuate",1,3,"Two Bee"
0fa95ea9-b637-44d5-abe5-ed07dae75b55,"accept",1,4,"Three Bee"
3c394a44-e96a-4efa-ac34-985e2b434715,"acceptable",1,3,"Two Bee"
1252c996-012c-476a-8bb2-57e3cff87d49,"acceptance",1,2,"One Bee"
0e21e947-b98c-4226-8333-da2d7415a71b,"accident",1,3,"Two Bee"
99446a59-8192-40f9-88de-1b7a0d208c11,"acclaim",1,2,"One Bee"
68900df3-e242-4aab-9ace-42c0bf117c04,"acclimate",1,4,"Three Bee"
afe43fb6-9f58-427f-9968-1ce57367ef62,"accolade",1,2,"One Bee"
a88507ff-245d-4156-920a-a9d4e92c6947,"accommodations",1,5,"Three Bee"
931442cb-93b1-4888-bced-e5badb17ad27,"accompli",1,4,"Three Bee"
d4c25c64-6a0b-47f5-a6b6-3c7b8eceece2,"accomplice",1,2,"One Bee"
6bf2cf88-433d-475d-a359-8909d142d5e3,"accomplished",1,5,"Three Bee"
702df439-3e50-41c4-a146-64ac63690b2e,"accomplishments",1,5,"Three Bee"
4713f28d-8878-454b-8a62-d9d5f9692b0b,"accordance",1,4,"Three Bee"
1e224e9d-b8e3-4282-a358-1cadb0f2764b,"accordatura",1,4,"Three Bee"
a96dd915-5dda-431a-9eae-fe644c81c241,"accouterment",1,5,"Three Bee"
7497a796-55d3-47d2-b627-cea7061301cb,"accoutrement",1,5,"Three Bee"
8d7dda83-91ce-46b4-917d-c72fde2a8203,"accrual",1,3,"Two Bee"
658aa51a-d141-4ef8-bdac-aa3d38aa8c5d,"accumulate",1,3,"Two Bee"
5a3bb789-f938-449d-93de-ab74799f7e22,"accurate",1,2,"One Bee"
47862ae3-1628-4639-889e-d348e34f8b59,"accuse",1,3,"Two Bee"
8fb85df5-192b-48ef-a111-225ba35b6bbb,"aceituna",1,4,"Three Bee"
058e9aed-4a2a-40c0-a915-237771117246,"acequia",1,4,"Three Bee"
b311e50c-b647-4820-a4d9-bc9516125ee2,"acerbity",1,3,"Two Bee"
3d0d6f31-243d-4278-a32c-aa729f3d7710,"acerola",1,4,"Three Bee"
c6a3abcb-10a8-4113-935d-34f842e8ba16,"acetaminophen",1,5,"Three Bee"
38eb7f7d-9715-49b5-802c-9f07ccae80be,"acetone",1,4,"Three Bee"
1d10a6ea-38c9-44e9-b1be-94e6dd3e519f,"acharya",1,4,"Three Bee"
31ccbde6-838e-428c-b640-9c26eaba842a,"achernar",1,4,"Three Bee"
4112cf3a-28ce-436b-89d8-8c4f4d290dfa,"achievement",1,2,"One Bee"
9c26bc04-76af-4f4e-b6ff-58714956e79c,"achilles",1,4,"Three Bee"
6501e942-2486-452a-a369-4460970753fd,"achromatic",1,3,"Two Bee"
d8089284-4242-44c9-bd25-293c8c900713,"acicula",1,4,"Three Bee"
ce9e1264-99ed-4f85-bb1c-81f7230f01b5,"acidophilus",1,5,"Three Bee"
e44a30de-0a21-4334-925a-d33027a96634,"acoel",1,4,"Three Bee"
788d3fbb-1e0c-426c-b4d5-291b9da34ce7,"acoustic",1,3,"Two Bee"
68020422-eea0-48b3-95b2-6236742a99e2,"acquaintance",1,5,"Three Bee"
4935b478-b59f-4f67-b798-5efbbdd6414f,"acquiesce",1,3,"Two Bee"
1056d222-5cfc-411c-9e5a-8e529cf164cd,"acquit",1,2,"One Bee"
5eefc52e-97e9-4b91-9eb1-40f9e548d4c8,"acquitcapnometer",null,3,"Two Bee"
771b8bfe-ea14-4c6e-a2aa-53a80612eb36,"acral",1,3,"Two Bee"
657810df-1222-4ea3-b1af-ae7192f013f3,"acrid",1,4,"Three Bee"
1a647672-9fa6-4cc1-b25c-60f56411ef08,"acrimony",1,3,"Two Bee"
d4e8693c-dbff-4b16-b01a-af032884160d,"acrogeria",1,4,"Three Bee"
eff25e5d-6e8e-4f20-abe0-c69d42653437,"acronym",1,4,"Three Bee"
080494c3-0a51-4ca6-ac61-4418c37d3ef3,"acropachy",1,4,"Three Bee"
cd35b595-e954-4b77-9918-698ba329bf00,"across",1,2,"One Bee"
729ceb55-2d46-4e47-b9f6-034a7e089b97,"acrostic",1,2,"One Bee"
518646ff-8568-4576-a25d-6c3ad8ff3194,"acrylics",1,3,"Two Bee"
907e5d8b-cd52-49f2-bf8e-2a3f7a69b5e5,"activists",1,3,"Two Bee"
b6e483cc-7f59-4712-8614-21f7508640c4,"activities",1,4,"Three Bee"
6db7c8eb-3df5-4947-92ae-8d6a3c7e16a9,"activity",1,4,"Three Bee"
a992b684-987e-4bef-ba52-a577882eb534,"actually",1,3,"Two Bee"
e10aaaeb-3c4a-488e-aaec-775d7ecdefb5,"acuity",1,3,"Two Bee"
a658407f-759e-45d2-8d94-2798c685e30e,"acumen",1,3,"Two Bee"
fc4d8578-2a80-4c80-94a0-5aea02b617d9,"acupuncture",1,3,"Two Bee"
527d5597-4d2d-49e2-a097-ac5bb1a42742,"acutely",1,3,"Two Bee"
27f9fd7c-68e1-4029-9355-0c746e1ec3f6,"adaptable",1,3,"Two Bee"
494847af-4d30-4446-8abc-cb5d04e1a044,"adapted",1,2,"One Bee"
00b873e1-1be9-4400-bc6e-3887b8bf61e1,"added",1,4,"Three Bee"
d6d723ef-d182-4d7f-a3af-ee4dd02b8840,"addendum",1,2,"One Bee"
b480805d-e403-44d3-82e9-33fb9b9d0135,"adding",1,4,"Three Bee"
03229e16-0cdc-4103-a1dc-b978c4d00645,"addition",1,2,"One Bee"
51cd85ae-42d9-43c8-afff-4cca14627367,"addled",1,3,"Two Bee"
b56a7d69-fa80-48ef-97be-dc642c5e93f8,"adduced",1,4,"Three Bee"
4f1fbe56-3bca-4674-8d19-e94589d14a9f,"adelaide",1,4,"Three Bee"
a3d93f3f-e2cf-4db0-9539-e7df100638f9,"adélie",1,2,"One Bee"
f7c294fc-e442-4be3-be08-57f87d898d8c,"adhesion",1,2,"One Bee"
3b7bb655-de4c-4734-a2fb-22a4aa59f794,"adiabatic",1,4,"Three Bee"
4b77fc63-cbd4-4a7a-998b-047ef36a01aa,"adieu",1,4,"Three Bee"
80c7a25f-cf50-4d4a-89a6-10133360fd17,"adipose",1,3,"Two Bee"
1ed51ba3-e749-4001-9050-99ff1e33eaf1,"adirondack",1,3,"Two Bee"
78fae830-a658-4bbd-b50d-747db10df40e,"adjective",1,2,"One Bee"
055938e6-0e9d-43ae-89ef-72de1678234e,"adjectives",1,3,"Two Bee"
808fda85-728a-4dc2-ab6e-9a3261b33449,"adjudicate",1,2,"One Bee"
fced1c77-9a13-45df-9e05-2592b5f678b8,"adjudicatecaricature",null,3,"Two Bee"
859b30b1-1130-4d18-9a29-15af7887bbca,"adjugate",1,3,"Two Bee"
07c1289b-4c2a-49ba-bbfc-1e83a37ba854,"adjure",1,3,"Two Bee"
fbb6ccbd-3e37-4d2e-9107-af247b69acea,"adjusted",1,3,"Two Bee"
5f5a07f7-c7f5-478c-ab5c-fde48cf295d0,"adjutant",1,4,"Three Bee"
d26dc744-b758-4478-9143-6ef1498c4d47,"administered",1,2,"One Bee"
0812b1ef-e456-48b1-add0-0083d06d81ab,"admiration",1,4,"Three Bee"
4ef16a71-c8f1-4d6e-ac78-aad7fca35cc0,"admirer",1,2,"One Bee"
7b77db2f-f344-431b-b570-63dd42469506,"admitted",1,2,"One Bee"
3bcca28f-8310-41c9-a72d-1d3601e85553,"admonition",1,2,"One Bee"
cb77ddfb-407e-47ce-b492-f6c9bc362fb9,"adnate",1,2,"One Bee"
ea5a327c-2fae-40c1-ade3-406dde9a579b,"adolescence",1,3,"Two Bee"
2b03f8cd-38f1-4b1a-9eda-d9b795a1a2c6,"adorable",1,3,"Two Bee"
605f7e15-1ed2-4524-b79c-3c0ee54503ed,"adorned",1,3,"Two Bee"
2e54345e-79c5-457f-958c-8fea856ee88c,"adrenergic",1,4,"Three Bee"
19e920b7-95c6-4e05-8ad0-47868e472758,"adrift",1,2,"One Bee"
3f78dfba-fdd7-4845-b4d2-54b317b72e1d,"adscititious",1,5,"Three Bee"
616c5942-3bf1-4ccd-a1f6-dd1236a368ab,"adulation",1,3,"Two Bee"
58c7529d-afe6-4125-9379-72f41c783436,"advancing",1,2,"One Bee"
09b251e6-5f11-4f83-bee8-51ac1108bbd1,"advantage",1,3,"Two Bee"
3d8cc215-dba7-4ab7-bdfa-4d50f27ca779,"advection",1,2,"One Bee"
3fae83dc-795c-4856-85c6-236ee394eee0,"adverb",1,3,"Two Bee"
9152e906-ab12-445a-931a-ce68434aa073,"adversaria",1,2,"One Bee"
7927fdf8-1115-4c36-9e05-72e2e5e067db,"adversity",1,3,"Two Bee"
65886a16-019d-4e09-9058-5911f1d0cdd9,"advertisement",1,3,"Two Bee"
c9491c7b-c108-467f-93f6-a560f69d1fac,"advertizement",1,3,"Two Bee"
2893dd25-6b6a-4e9a-81d0-986e81e1aa8a,"adviser",1,4,"Three Bee"
1688add8-d63a-4d8c-b8aa-f5301c4373af,"advocatory",1,3,"Two Bee"
8807b89f-8aea-40fc-84bd-6f37d0a0dcb7,"advocatoryaerobics",null,3,"Two Bee"
93ef5b70-7523-4753-9f3c-72fcab83be23,"adzuki",1,4,"Three Bee"
00155324-9c85-48a0-a21e-9f53dad10b19,"aegilops",1,4,"Three Bee"
bb99fcec-1176-409c-ad65-dbfad6036551,"aegrotat",1,4,"Three Bee"
ebfc5f8c-3a63-45e3-81b2-9ac8121cb37f,"aerobics",1,3,"Two Bee"
eded3edc-486b-4fb3-a590-20983124095b,"aerocele",1,4,"Three Bee"
767721aa-470c-4962-81df-6926bb7c4383,"aerophilatelic",1,5,"Three Bee"
8aa6a036-9576-4f3e-95b2-c882e7747fae,"aerosol",1,4,"Three Bee"
64cdac6d-5d62-4ec9-acab-26ddf9eeb170,"aes",null,4,"Three Bee"
1be727c1-9c49-426d-89a7-6aa477df9ffa,"aesir",1,4,"Three Bee"
e06b0eb5-81af-4133-a0e8-e5bfef676a80,"aesopian",1,4,"Three Bee"
005204e9-6f65-409a-852b-e4526a28ca28,"aesthetic",1,4,"Three Bee"
c55b9bfe-faed-432d-ba50-0e7de2b95822,"aestival",1,4,"Three Bee"
34874c4a-5079-4ae1-8555-aa7c18528ccf,"aeterno",1,4,"Three Bee"
2783f36c-efad-4f57-9d21-6013d5c24f1c,"aethalium",1,4,"Three Bee"
a49dc400-93e5-4f33-9387-e08e0d6a8007,"aethaliumaffiche",null,5,"Three Bee"
3a650cec-a10c-4f45-a4a2-0bc481e75efa,"affable",1,3,"Two Bee"
7ba803e1-d0d2-403b-9653-c729cc351e85,"affectionately",1,3,"Two Bee"
df080628-e894-4a40-b333-28401452c43b,"affeer",1,3,"Two Bee"
38c86fa0-8e86-410c-83bd-353b4e229ad4,"affenpinscher",1,3,"Two Bee"
fce7c99f-475b-4278-87c5-cc201b76072c,"affianced",1,3,"Two Bee"
79f1230a-12f3-4050-9c5a-d4630716938c,"affiche",1,4,"Three Bee"
e9649f4f-9725-4f4d-b6c5-3ebcd975b38d,"afficionado",1,3,"Two Bee"
aad4f7d1-644c-4138-9c89-0400d1a4517e,"affiliate",1,3,"Two Bee"
662c753b-1905-4725-9dfc-613b713b93ef,"affiliateaffluent",null,3,"Two Bee"
6060ac54-30e0-4e07-be50-f9755c956921,"affluent",1,3,"Two Bee"
81a063c9-ff72-4db2-a171-9094ccf2f82a,"affogato",1,3,"Two Bee"
15d611fd-16cc-46d2-8bf9-49d225683d4c,"affront",1,2,"One Bee"
bd08788c-51fa-4c13-be00-84cb4ce25b8e,"afghan",1,3,"Two Bee"
a625e626-0d15-41f7-9123-52aacc4eb05c,"afghanistan",1,5,"Three Bee"
c8f00374-3044-46e7-a497-afe3ae3e684c,"aficionado",1,3,"Two Bee"
36d44cbc-8e62-4873-b82c-a7ff1a57aa37,"aforesaid",1,2,"One Bee"
05035283-01d8-4b38-86fc-98de9a0a1973,"afraid",1,2,"One Bee"
72a6ddf6-2138-401b-a253-8c9cffa45c51,"africa",1,3,"Two Bee"
964f9c03-ecde-4b92-ad9f-381215102680,"afrobeat",1,3,"Two Bee"
b96b5a4c-20d9-4b52-b2cc-e10b74cb240b,"afroth",1,2,"One Bee"
da7f61b1-9f79-48eb-9546-e53ea5e98e5c,"against",1,4,"Three Bee"
3243b1b8-88d7-419f-8dc5-0064c4574f18,"agalma",1,3,"Two Bee"
6994b707-7acf-47e5-84b7-a305ad87da76,"agate",1,3,"Two Bee"
2074221f-7197-4552-b15e-49a3999e1ad4,"agave",1,3,"Two Bee"
195e869d-cd33-4b70-8c90-112698271124,"agelicism",1,3,"Two Bee"
d9e0cfdb-2807-459e-9bf4-205da1ed4d18,"ageusia",1,4,"Three Bee"
4db01d97-d860-4ed3-986f-ede65f8964f4,"aggrandizement",1,3,"Two Bee"
60d29eba-b77f-4284-82f2-b76fdcd25fb1,"aggravate",1,4,"Three Bee"
be113eb5-7b35-4935-9eb9-a3ade832eeec,"agility",1,2,"One Bee"
47d4e113-6da2-4842-97b1-fb2aef631c1b,"agitation",1,2,"One Bee"
60506658-375e-46a8-b0ce-816eb2534629,"agitprop",1,4,"Three Bee"
a3abdeee-c15a-4636-8307-9998f54a6ded,"aglaia",1,4,"Three Bee"
55473e07-8595-46e3-b834-986d703d7427,"aglossal",1,3,"Two Bee"
1c52f495-f3c3-4c52-a34e-db00cfe72af1,"agnail",1,3,"Two Bee"
da1ec227-9f14-4daf-89be-2d735d60b0c3,"agnesi",1,4,"Three Bee"
170979ef-c933-43fe-8657-0fb00aee6d43,"agnolotti",1,4,"Three Bee"
aef7fecd-a532-4393-a37e-9ebb97558ddc,"agnomen",1,4,"Three Bee"
27cc1f9a-8b22-4236-ba2c-73f0c93d748a,"agonistic",1,3,"Two Bee"
a82fb554-08b1-4e1e-8e79-9e10d05af3f9,"agoraphobia",1,3,"Two Bee"
229e1420-f6cb-4588-b67a-398165d61c24,"agrarian",1,3,"Two Bee"
06b924fc-1035-49cf-833b-7bbb968b758c,"agreement",1,3,"Two Bee"
4568b74d-b4ae-485e-90be-42321cda845c,"agricultural",1,3,"Two Bee"
a52be253-3b68-4b19-b9da-e1a59fb1fdfa,"agrypnia",1,4,"Three Bee"
be77a56b-312d-4414-88ff-3a1b64683aa9,"agrypniaague",null,5,"Three Bee"
6cf849fb-5311-44c1-a7c6-7b340e530852,"ague",1,4,"Three Bee"
a1fdfae4-4400-4a2e-b9b7-3356b04fb8eb,"ahimsa",1,4,"Three Bee"
f6d0cb84-e4cc-4de0-80c4-1f509b0aee63,"ahuatle",1,4,"Three Bee"
9e527138-6347-4d76-a091-039b4b3299d1,"ahuehuete",1,4,"Three Bee"
11bd80a8-187a-4094-b303-8770e43b37c1,"ahura",1,4,"Three Bee"
a45eda82-4852-4f17-ae95-c913c726d368,"aikido",1,3,"Two Bee"
0cef68bc-338f-4673-8466-b9e9377dd7d7,"ailanthus",1,4,"Three Bee"
810d6c19-57fb-4295-a201-2ef972e5f0cf,"aileron",1,4,"Three Bee"
62b1051a-8171-462c-9474-232bf60f58be,"ailette",1,4,"Three Bee"
6105fa0e-adab-464c-83bc-23cee0383ad6,"ailment",1,3,"Two Bee"
7ec40df3-4900-4eb6-9807-86a7de9854e7,"aioli",1,3,"Two Bee"
a61230a9-b5e2-4da8-9cd7-875c586d11f7,"airedale",1,4,"Three Bee"
9e92dfc4-64fe-414c-b284-46864d45962f,"airing",1,2,"One Bee"
0b8f939c-7bcc-4d0a-8435-9fee6dc690b0,"airwaves",1,2,"One Bee"
bbe6b27e-e5f7-4ba4-8af1-853ca12af39b,"aisles",1,4,"Three Bee"
cdce5a50-d507-4a0a-9a28-15b515d80030,"aistopod",1,4,"Three Bee"
b790da7c-9ab6-4fd4-8277-5233a5aec1d0,"aitutakian",1,4,"Three Bee"
72f9b3a1-504d-4933-909b-851ccf61c6a5,"aiuy",1,4,"Three Bee"
cbe2d547-bfc1-4b9d-b890-2fe3160aa0de,"ajimez",1,4,"Three Bee"
6cccd251-8e46-4e06-952d-7fb6b611d509,"akaryote",1,4,"Three Bee"
f129d383-95b1-405d-bcbe-0c035165ad5d,"akimbo",1,3,"Two Bee"
8c2e32ed-28f1-4559-8ee4-7cee5ae96010,"akkum",1,4,"Three Bee"
d95c75b7-5f66-423c-8295-5e9bf4d93fb8,"alacrity",1,3,"Two Bee"
b34fe1d8-0c1f-418a-8226-e659d6b69234,"alai",1,4,"Three Bee"
686861e6-ab0b-47ec-bb9f-66dffcd41c8b,"alate",1,4,"Three Bee"
00205f92-c991-4d05-96f3-8fa9c5a835f9,"albeit",1,3,"Two Bee"
3ac40265-acf5-4044-841d-9c0d82b46b2f,"alberta",2,3,"Two Bee"
e4ee8ecb-9ae2-409b-82e8-e9ab0c78d93b,"albion",1,4,"Three Bee"
b0c042d3-73e3-480a-a7d9-3896ed8a945d,"albums",1,3,"Two Bee"
a90586c8-9435-43bc-9f8d-42e4c3e5adf9,"albuquerque",1,4,"Three Bee"
fce043f1-b579-454b-8784-c38cd0dc4d86,"alcarraza",1,4,"Three Bee"
db2c8eda-2a5e-448c-89ba-1f2ec91b6932,"alembroth",1,3,"Two Bee"
238463fe-a01b-4e85-b3cf-d19faac78b64,"alexandria",1,3,"Two Bee"
3eba7162-a11d-42f5-a607-41b5b11bbeb3,"alfresco",1,3,"Two Bee"
d96ac1d8-514b-4bcc-8f54-3d8ab05975a3,"alfvén",1,4,"Three Bee"
eb37a5d0-0ba1-4f91-8841-6004ec89fe71,"alfvénvirga",1,3,"Two Bee"
86913d2d-8cb9-4a01-a4eb-89c5ec24fd40,"algebraic",1,4,"Three Bee"
26524662-0a8c-4429-8647-abd1aecfab20,"algiers",1,4,"Three Bee"
76c944aa-b511-4fd6-9916-20055ef2f581,"alhambra",1,4,"Three Bee"
84a0af7d-192e-4893-ba5c-5250373c589b,"alibi",1,3,"Two Bee"
bc6f304b-2cd3-4948-83ec-d6f28fc770cb,"alienate",1,2,"One Bee"
a5d6003e-c805-4d90-97f9-b154e810201b,"alighted",1,5,"Three Bee"
00aa7fd9-225c-4cba-b2bf-b053e11cc100,"alimentation",1,3,"Two Bee"
c1aae921-431e-4b4a-995e-c5acacfa3211,"allée",1,3,"Two Bee"
6ce22e87-9e33-47dc-aa94-184d297ff5c5,"allegedly",1,4,"Three Bee"
aaf711eb-b846-445b-a05e-7172e0d30179,"allegiance",1,3,"Two Bee"
ca5cf16e-bf8a-4cba-af83-816045c9f93f,"allelopathy",null,4,"Three Bee"
07359445-5758-4e3a-98bb-15861a756a72,"alleluiatic",1,4,"Three Bee"
165927bb-63ef-447d-bf11-ea18ca0ee834,"allergenic",1,3,"Two Bee"
5f761460-7de2-403f-91c5-63a3a7329590,"allocable",1,3,"Two Bee"
5099e870-b49c-4f72-bd46-01c59e379e72,"allochroous",1,4,"Three Bee"
82808505-8e25-447d-bc1a-11cbc658b478,"allonym",1,3,"Two Bee"
5d4b4175-07e3-4f8a-9965-97b0b1015023,"alloy",1,3,"Two Bee"
ad55b09f-5afd-4683-b5e7-2c72a1f96ba4,"alluvial",1,3,"Two Bee"
9f2477c3-2da1-4a98-9b90-44a115c2a439,"alluvialalma",1,3,"Two Bee"
a84d3803-2bcd-4510-b203-2bd80975ce69,"alma",1,3,"Two Bee"
180d1bfd-c5a1-4f24-a168-afcfd0204c3d,"almoner",1,4,"Three Bee"
f0b167b1-a2fc-43b4-898a-f52932566bc1,"almost",1,4,"Three Bee"
e0f17208-2ae4-4b68-8f6b-02f3f6b025c5,"almuerzo",1,4,"Three Bee"
08d300e7-f2c3-4495-9788-708726b81d4c,"alongside",1,4,"Three Bee"
f22bcbe3-fbdb-4e94-ae99-2cf4da1d260c,"alouatte",1,4,"Three Bee"
57e80d13-d36a-4b07-9a38-f468f6c6b46a,"alpaca",1,2,"One Bee"
a808238e-9855-43e1-a707-3c8006087e31,"alpacas",1,4,"Three Bee"
07211567-9542-4c73-a5e0-96d7ffec21cc,"alpargata",1,4,"Three Bee"
00db558d-097f-4497-97ce-021e83c535ef,"alpestrine",1,3,"Two Bee"
d1a2c83d-3c63-44c2-aab0-453a275a22bb,"alphabet",1,5,"Three Bee"
9d8635e6-b3e7-4a89-be33-91607b308caf,"alphabetically",1,5,"Three Bee"
3f84222d-2f42-4b91-9c0a-4a7e43dd63b8,"alpinist",1,3,"Two Bee"
4ed0d0c1-e242-4e7e-add9-1a2ac1603fe3,"already",1,2,"One Bee; Three Bee; Two Bee"
8a0d2d48-b282-4fba-b071-b2f25121ec07,"altar",1,3,"Two Bee"
372046c3-4c23-4a39-ae9b-f0173e380fb5,"altazimuth",1,4,"Three Bee"
aa2693cf-d8af-4dbb-afbf-86fcd1ccd225,"altercation",1,2,"One Bee"
bda9a147-ceb8-48ea-a72a-cacc639cf170,"alternate",1,3,"Two Bee"
46983b9e-4138-4572-af21-f7f088203312,"althorn",1,3,"Two Bee"
a897ddfa-8165-4c2b-94cb-12d05b365b38,"although",1,2,"One Bee; Three Bee; Two Bee"
8c226eea-9b76-4ad3-99bb-4024881740c2,"altimeter",1,4,"Three Bee"
4655e3af-d85f-4851-b359-5f1a992b3da1,"aluminum",1,4,"Three Bee"
e5641b70-934c-4d8f-b7b8-4287298f4968,"always",1,4,"Three Bee"
fb2e5879-e0ea-4d4d-8835-0bbb8f051f19,"amalgam",1,3,"Two Bee"
cdff2eb8-5792-43a0-8227-c43ea1091a90,"amaryllis",1,4,"Three Bee"
7bf92108-c35c-40ad-8b90-7e9f5af8ccaf,"amateurish",1,3,"Two Bee"
4eb5db6d-4e8e-4984-b2ab-b920c5250455,"amazed",1,2,"One Bee"
4fb1426f-48b5-4f87-9f72-4272da2fa4fa,"amazing",1,4,"Three Bee"
3abc4d6e-33c0-4cb5-8b73-798bf386f637,"amazon",1,2,"One Bee"
15dbb382-d610-411c-b10c-2ea1daad1af5,"ambidexterity",1,3,"Two Bee"
abc0cd31-c042-4649-aae8-c1fc3916ccde,"ambient",1,4,"Three Bee"
725ab708-7db6-4a72-ae8e-b89c8a90fc32,"ambiguity",1,4,"Three Bee"
54be74fc-1feb-455e-a36e-1ce4b1bce572,"ambiguous",1,3,"Two Bee"
21bb70f5-95cb-4634-bc2f-ecea14592e5c,"ambitious",1,2,"One Bee"
976812be-509c-4ba7-b006-224866971e21,"ambrosial",1,3,"Two Bee"
d766ba82-bafc-4357-bd7d-883ac90765c7,"america",1,4,"Three Bee"
113ba7ee-4b08-43c8-95d4-121bb0cd7b6b,"american",1,4,"Three Bee"
648dad13-d78d-48c3-887c-54187ef7c2af,"americana",1,2,"One Bee"
36359939-c64d-4c0f-8f04-30557f7ec022,"americanaamiably",null,2,"One Bee"
d16ca720-88bb-4dd9-ae3d-006b722294b7,"americanamonopolize",null,2,"One Bee"
b2ad45be-4e1a-44da-86bf-7b3e60b26002,"amertoy",1,4,"Three Bee"
014ff961-0363-46a5-bcb2-ae890d1e932f,"amiably",1,2,"One Bee"
060a8554-c8c7-4e76-8ff1-186ad0d97150,"amid",1,4,"Three Bee"
54980d3c-56fc-4619-aca1-04a44213c206,"amidcathect",null,4,"Three Bee"
161c3452-4ca2-4df1-9e3a-fa8bd25cce1c,"amil",1,4,"Three Bee"
8fb956dd-ee59-426d-878b-29162c96b740,"amino",1,3,"Two Bee"
70b48687-477a-4fd3-bc46-d9699656ca40,"amishamnesty",null,2,"One Bee"
ed82b421-c0c5-462e-8b46-b1728a089827,"ammonite",1,3,"Two Bee"
c9bb1509-1fa1-4c97-837a-5aaaf8af721d,"ammunition",1,3,"Two Bee"
be5c1eea-eeb0-4e6a-b3f2-0536b5d402ae,"amnesia",1,3,"Two Bee"
0cbc4cf3-42ad-4d37-84cb-17b7583c5671,"amnesty",1,2,"One Bee"
862410d6-c264-43ed-84b9-f2687712cae4,"amongst",1,4,"Three Bee"
8fea52b7-e5d7-437c-96f1-b015b403d589,"amount",1,2,"One Bee"
37e89818-fa49-47f9-a00c-01a3f25d6ac3,"amounts",1,4,"Three Bee"
cf6d6e3e-29d3-4744-8a97-adfea91cb929,"amour",1,4,"Three Bee"
7e1af7c5-d0cc-4986-9a9a-506a70f7fb20,"amphibian",1,2,"One Bee"
78660818-f5f3-4e5a-b77e-70c44dbb9736,"amphistylar",1,5,"Three Bee"
83249544-e400-414b-8cf0-266c665c0e65,"amphitheater",1,3,"Two Bee"
ff0bc7f7-8bc2-4361-a803-92e976837c32,"amphoras",1,5,"Three Bee"
96bce536-984d-4aba-a025-4dad377645cc,"amplify",1,3,"Two Bee"
43c08f5d-22dc-4326-9ad4-151b85e3b5e4,"amulet",1,2,"One Bee"
3cee684e-b542-4641-80c8-e9a0c7ae4a96,"amuse",1,4,"Three Bee; Two Bee"
059f3481-f681-4b23-85f6-da122d147f24,"amuse-gueule",null,5,"Three Bee"
abcbe472-9b7a-4d4a-a8a0-e6ac19100c84,"amusedpouch",null,3,"Two Bee"
498a6d21-a59b-4ff9-9b63-c9fb0d9c6ede,"amusement",1,2,"One Bee"
badf6049-2050-4fa3-9629-2e1998fcb794,"amygdala",1,3,"Two Bee"
2f2299a0-974d-4c5a-878e-05929f9ceed9,"anabathmoi",1,4,"Three Bee"
d898b618-1ad3-4103-ace0-8c4cbdc3e767,"anabolic",1,3,"Two Bee"
a5abf461-3e6c-4f84-8f22-91fa413971a8,"anabolicjimberjawed",null,3,"Two Bee"
6ec7332f-e3e4-4061-9612-55886360fec5,"anachronism",1,3,"Two Bee"
fbccf9ac-f157-47b1-84a4-61aabd903697,"anaemic",1,3,"Two Bee"
edd2459b-d4c0-4f5c-a4d2-bb2c780b9ec9,"anaglyphy",1,3,"Two Bee"
5e5fd556-a227-4c7e-bcff-aa54e13d83c4,"anagrams",1,4,"Three Bee"
d32c0bd1-a75b-425d-8322-deeadd85392f,"analects",1,3,"Two Bee"
d06ff53e-584e-4200-9b22-e93e8c45e907,"analepsis",1,3,"Two Bee"
47eb3039-f61c-4ad7-b04f-a6d4c7bba7cb,"analepsisanalgesia",null,3,"Two Bee"
92f153de-9ffa-4d65-9838-96e45a055ce6,"analgesia",1,3,"Two Bee"
de1b8aa7-56b0-4874-acd1-697ade84313c,"ananya",1,2,"One Bee"
4d92adde-7fd3-4dd7-b106-91f2f957eaea,"anaphylaxis",1,5,"Three Bee"
a2af153c-2c83-42be-b439-e057d1d1c8c8,"anathema",1,4,"Three Bee"
042515a4-7d3a-434d-96a6-fcf240ca2ee1,"anatomical",1,3,"Two Bee"
e038f7ad-1592-4d82-bf8b-03d27d1b029c,"anchorage",1,3,"Two Bee"
4bcc3ee1-79e9-4cca-a87b-24e44fe3d334,"ancien",1,4,"Three Bee"
e8a9d207-d07c-413f-af80-21169902e775,"ancient",1,4,"Three Bee"
3b5c1885-2cf6-4d3b-83fd-caaecb358505,"ancillary",1,3,"Two Bee"
d6249e88-e6dc-4995-9e80-31fe6e40b4e0,"andalusian",1,4,"Three Bee"
5c9ea97a-3c6e-427b-a234-245731c730de,"andean",2,3,"Two Bee"
cf7b1ba7-1d62-40fb-b37b-39700afe6a84,"andeanscrawled",null,3,"Two Bee"
4de5e9a7-8c10-4429-9cc1-df763e9ca67c,"andouille",1,4,"Three Bee"
18a90be4-5bb6-4e9b-b541-12b72db61e34,"andromeda",1,4,"Three Bee"
1cac6807-d56b-448f-b497-79ade6464ac1,"anecdotes",1,3,"Two Bee"
eb6b5194-4046-406e-9808-083a06509ce4,"anechoic",1,4,"Three Bee"
f9a3a92b-b26c-4ee1-b821-4ad204ec9c06,"anemic",1,3,"Two Bee"
2354ad48-1929-49a2-87ed-35396521412d,"anemometers",1,3,"Two Bee"
14d698c7-a36d-4631-baa7-385b55f8fe82,"anemone",1,4,"Three Bee"
e0995b99-f95a-49ab-9630-e2ad5e7400f8,"anent",1,3,"Two Bee"
cebd3320-75ec-4a64-a0e4-52e2457268f8,"angiitis",1,4,"Three Bee"
cd4a83d6-5771-45bd-9d04-62b303e995b6,"anglophile",1,3,"Two Bee"
18543b6e-38b5-4a3f-92ee-a9e010aa7f82,"angolacontours",null,3,"Two Bee"
85b7371a-c3fe-49c2-8fca-6850df6b52b3,"angora",1,2,"One Bee"
dadda1ba-2316-4c11-8437-ce44a89f84fd,"anguish",1,4,"Three Bee"
9a3dbbbe-1fe6-4799-a7c2-4ab3f0ccd63d,"angularconcomitant",null,3,"Two Bee"
295de651-6b44-4d93-a3b0-a0c4b8156894,"angus",1,3,"Two Bee"
edc37770-4ad0-4c16-a787-998e768c97e4,"anhinga",1,3,"Two Bee"
fb8c8f32-3b53-43da-929b-6693947cb8fc,"anicca",1,3,"Two Bee"
309bf437-7dbb-4ad3-8775-48ecd06278df,"animal",1,2,"One Bee"
469ae106-bd97-4c4c-ba20-0f64b1c26efa,"animalier",1,3,"Two Bee"
5e9cca44-e2d7-4338-b3bc-8ca639b8033d,"animals",1,4,"Three Bee"
924ce652-ef1e-4223-a7f3-076a1eb787be,"animatronics",1,5,"Three Bee"
bfc4323c-fe56-4182-9513-af43180ca15b,"animus",1,2,"One Bee"
500e73d7-088e-45d9-ba67-a3d31dc4b75d,"animustrillium",null,3,"Two Bee"
3218640c-5c37-43ab-8ea7-c6fe0e789861,"anionic",1,3,"Two Bee"
b47fc295-e229-4ab5-a42c-47df7366ca20,"anise",1,3,"Two Bee"
18ebbf59-6cd3-461b-814d-30ac6f522023,"aniseikonia",1,4,"Three Bee"
4f017f3f-80ce-4abf-a4b7-23242869bda6,"anjou",1,3,"Two Bee"
525ad210-9517-4051-b3db-5420c6e88ed7,"ankh",1,3,"Two Bee"
c3de3034-cec2-4320-969a-1f6173d821b2,"anklet",1,2,"One Bee"
bf9927cd-0dd2-458b-8eac-35889b2212ee,"anneal",1,3,"Two Bee"
49fec078-b7fe-4947-9d2e-9b7e561d8792,"annexation",1,3,"Two Bee"
4edf169c-fef2-40bc-a611-37b5a825c4f2,"annihilate",1,3,"Two Bee"
6eb4369a-8999-4b49-800d-be728a517176,"anniversary",1,2,"One Bee"
ee3ee9dd-d470-4c87-86f4-4243b7372912,"anno",1,4,"Three Bee"
5f487bba-595a-4571-aa77-0ca51fa3fa8e,"annotate",1,2,"One Bee"
e71d7650-238f-4b72-95df-2d46efa4994b,"annual",1,4,"Three Bee"
096978e1-1247-41c5-a13f-20ba1d9f5a61,"annuity",1,3,"Two Bee"
1a0904f8-ac15-4d6b-85b5-17bb8922ea59,"annulment",1,3,"Two Bee"
5d2622e5-9a07-4b0f-8971-ffd0afc47aa3,"annulmentorganized",1,5,"Three Bee"
4bc4460a-a976-4d9e-bd15-ff19434be93b,"anodyne",1,3,"Two Bee"
6804ad28-6daa-49b9-a2b2-bffc0cdc032e,"anoint",1,2,"One Bee"
6b71b608-2090-4e01-b800-877118166e67,"anole",1,3,"Two Bee"
954b608c-3b0b-4214-9754-5a9ab6ee16b0,"anoli",1,3,"Two Bee"
e5f52bd6-916f-4eaf-baea-eaa37e91403e,"anomaliped",1,4,"Three Bee"
9ad9dc33-5bb9-4c76-896b-d718f51b9d2e,"anomaly",1,4,"Three Bee"
472ca2f2-f7ce-4dc7-b1ef-3905bcc9b1fc,"anonymity",1,3,"Two Bee"
6c67b5b0-efaf-4df2-b542-6936302c2443,"anorak",1,3,"Two Bee"
17dfd624-a876-4160-bfe1-96011e22bdc2,"anosognosia",1,4,"Three Bee"
5e042260-c76a-4be5-a522-1e41a0656864,"another",1,4,"Three Bee; Two Bee"
051dcd82-b3ed-4f05-bcab-4506d4e13acf,"anserine",1,3,"Two Bee"
6c39640d-5226-4182-8d00-01c0af0e30f5,"answer",1,4,"Three Bee"
360e9409-0b4d-418d-81fc-90e09ebc9456,"antacid",1,3,"Two Bee"
5d849723-7388-4dfa-80eb-692dd0d65920,"antagonistic",1,3,"Two Bee"
7ac1aa81-27b6-4840-b1d0-aff48ba11485,"antagonisticaffront",1,3,"Two Bee"
a6d27e44-9fc1-4af3-95cf-845dd73d3431,"antarctic",1,3,"Two Bee"
5d2f7d34-c573-4521-b410-b64bea9d8c76,"antechamber",1,4,"Three Bee"
4c285916-0363-4072-ad7b-99f00a86c61d,"antelope",1,3,"Two Bee"
8f38eba9-e715-4a81-ac3a-62708cc75d2a,"antenatus",1,4,"Three Bee"
860a4795-4990-4294-85e0-3c3c3c9c4dfc,"antennas",1,2,"One Bee"
632c9058-666f-420e-b165-47f66ecb7b60,"anthropology",1,2,"One Bee"
87452471-b893-4166-b699-daa0f47dd181,"anthropomorphic",1,3,"Two Bee"
7e4e4357-06ad-4f3c-b6ec-9fb1e8884733,"anticipatory",1,3,"Two Bee"
c90d0feb-34b4-48bc-aa7f-6d53b658f00b,"anticoagulant",1,3,"Two Bee"
1d273287-1af3-4c9d-9fe7-e50bff9722ef,"antidisestablishmentarianism",3,5,"Three Bee"
24c3dfe7-0022-45bd-9744-5a2f261debb2,"antidote",1,4,"Three Bee"
64bdce99-8e9b-4de3-8000-f6350e1e282a,"antigua",1,4,"Three Bee"
13c6b601-00af-47b8-92f4-42142fef95ec,"antimony",1,4,"Three Bee"
aadf8b35-8c3b-45ed-8bea-0e109eba4eb9,"antipathy",1,3,"Two Bee"
e9ea14a6-b7e9-4435-ab6c-1e868ed671e0,"antiquarian",1,3,"Two Bee"
2fb70a0d-43cf-4ff0-9804-21348f0982ae,"antiquity",1,4,"Three Bee"
7c66f99d-1e95-431d-a8e4-fbd3665666bc,"antithesis",1,3,"Two Bee"
38e9eb0a-d7ac-4786-9755-b57b208c4d0a,"antlers",1,3,"Two Bee"
c4492746-b077-4a78-8a3d-e5e6bbde99f2,"antonyms",1,4,"Three Bee"
ebfdee0b-cdc3-4072-8194-84328c4ff551,"anxiety",1,3,"Two Bee"
0f38835b-fad0-4b76-b1e9-6eb8009604ec,"anybody",1,2,"One Bee"
74900acb-f46c-4188-9a13-42ace7c1c829,"anymore",1,4,"Three Bee"
e5f646ea-e9d6-4d21-867d-6f52e4e79c69,"anyone",1,4,"Three Bee"
6f1059d9-88cf-4490-a6ac-45a6dee3b7fc,"anytime",1,4,"Three Bee"
05ae24de-ee7c-424c-acf2-7122c9932377,"anyway",1,2,"One Bee"
636c7089-f895-469a-9418-281b36776bbf,"apabhramsa",1,4,"Three Bee"
4fceac77-454a-4c77-8ab6-18e6cd9e19ea,"apartment",1,3,"Two Bee"
73ce6e3c-2f95-4b83-a95d-49b0f9d3e1a6,"ape-ape",null,4,"Three Bee"
3ac42c78-980b-427a-bc74-943f821b6c8f,"aperçu",1,4,"Three Bee; Two Bee"
5dfa5373-0137-4ac0-9eeb-dbf3a7cf7f64,"aperçucioppino",1,2,"One Bee"
d4a641bb-2508-4ee5-a517-714cc997868e,"aperture",1,3,"Two Bee"
dadd6522-8848-4618-b45a-43fe88e1905c,"apex",1,4,"Three Bee"
0bd33868-2d8f-40f9-b872-771c72df5b3e,"aphasia",1,5,"Three Bee"
605e5f08-4779-42ff-828f-f6d624cc75ea,"apiary",1,3,"Two Bee"
3f105234-2c0e-4ef0-8153-0946aca2ed5d,"apistogramma",1,5,"Three Bee"
d0c57dd7-9295-45aa-bab8-e8c19a85e1f7,"apocalypse",1,3,"Two Bee"
be3af8da-c6ed-441e-b54f-32bb69a242d3,"apocryphal",1,5,"Three Bee"
e2b6902e-5bc0-43b3-9e87-4660ee08207b,"apodyterium",1,4,"Three Bee"
dfd0460b-c504-47a7-aa7e-8e31b88a005a,"apogee",1,3,"Two Bee"
d4fabdc1-b4ac-4a08-b29f-09ae5f5399a1,"apollo",1,4,"Three Bee"
7a7e6921-b29f-4cb9-a035-58e794b8894a,"apology",1,2,"One Bee"
2d816079-99d6-4614-ba15-67a1d55bd846,"apophyge",1,5,"Three Bee"
ce25255a-c6f2-49a5-a237-019ad2888dca,"apoplexy",1,4,"Three Bee"
8be2e057-ef1d-4853-939e-bc2f40cf81f8,"aporia",1,3,"Two Bee"
3fa5e24c-e41b-487e-8813-6d1717e0571d,"aposematic",1,4,"Three Bee"
a230604f-bbaa-4097-be34-a777b38bf3f2,"apostolici",1,4,"Three Bee"
c8ed6fd8-d173-412d-bb09-cb59aa1fae55,"apothecary",1,3,"Two Bee"
9b3fd1e6-92d3-4348-8fc3-31ed39d0e978,"apotheosis",1,3,"Two Bee"
820da987-51ee-4747-9761-7ecbbaea195e,"appalling",1,4,"Three Bee"
76278fe2-d2f2-417c-8040-08adca1d6b0d,"appaloosa",1,4,"Three Bee"
69c3d39b-4e9f-4b30-bf2c-40c6aaffbc65,"apparatus",1,3,"Two Bee"
3b410a25-34d2-4ef1-ad15-273af6e11898,"apparel",1,2,"One Bee"
e9e28dd1-3f66-47ea-b52a-5756e0c870f2,"apparently",1,2,"One Bee"
9c8c95ae-a500-4680-b9e3-24009c8904fb,"apparition",1,4,"Three Bee"
d052a222-04af-47e6-9fb0-780a02c315e2,"appear",1,2,"One Bee; Three Bee; Two Bee"
4b0ac32b-27b3-42fb-85fa-2ff1523cb3c3,"appearance",1,2,"One Bee"
ae234658-5a19-4f71-854e-1ec757887aeb,"appeared",1,4,"Three Bee"
cfae36b2-3ba9-4180-938c-a2afb1bd535f,"appeasement",1,4,"Three Bee"
4d630cee-a51c-4e3e-ba20-e3f9241d6b18,"appellation",1,3,"Two Bee"
5f5409c9-42c4-4939-b10f-ea811f6b4d72,"appendages",1,4,"Three Bee"
36989b30-ddba-4386-8fe2-504c4f2b86ef,"appetiteluggage",1,3,"Two Bee"
84c797f1-9066-4061-bab3-1cfaf2c73986,"appetitost",1,4,"Three Bee"
d181de9f-73d8-4b5f-887d-5e488724239f,"applause",1,3,"Two Bee"
92c67b69-509c-441e-9bd8-81a88e5753c5,"applicable",1,2,"One Bee"
cc6484c8-5465-4c18-aeab-7505ec83385c,"apportion",1,3,"Two Bee"
5a7028cf-1023-4c83-91f3-131a315ee545,"appositive",1,4,"Three Bee"
2ae11dba-01cb-427e-9748-d13628e01055,"appraisal",1,2,"One Bee"
40505334-2a8c-49fc-8b31-5706d88577ba,"appraisalparabola",1,3,"Two Bee"
018ebca5-9f83-4a91-a895-2ff8a8ba1695,"appreciation",1,3,"Two Bee"
e0a42087-db34-4a52-9cbc-46e6d3ca2ed2,"apprehensive",1,2,"One Bee"
3762c8bb-2f07-4006-b7e4-b4f807a45ff7,"approaches",1,4,"Three Bee"
1da932bd-2fe3-4ce6-95eb-25fe239d0f4d,"approbatory",1,3,"Two Bee"
cf43ddd3-2a8f-46ba-855a-63833580bc5e,"appropriaterummages",1,5,"Three Bee"
b4c9b173-b627-4a2a-b53b-eccb3a1c31d3,"appui",1,4,"Three Bee"
e3d05a30-8128-4d1e-8ccc-b0b05118ba15,"appurtenances",1,5,"Three Bee"
55ffcf0f-7f81-461f-8fce-8224c8124c2c,"apropos",1,3,"Two Bee"
8e81aa02-d9e8-4a22-a357-a1121484878f,"apropospessimum",1,3,"Two Bee"
0e684fcc-ee9f-4344-9d7c-fbf59b1cbfb6,"aptitude",1,4,"Three Bee"
b716df51-0039-4024-8bce-d88e95128837,"aquamarine",1,3,"Two Bee"
573f84de-23d2-4591-baf7-25165675d74a,"aqueduct",1,3,"Two Bee"
b6da0b75-6937-4a34-a1ee-e0333e9ae307,"aqueductorganized",1,5,"Three Bee"
cf4f1415-dd03-4b76-af24-0411dc2de009,"aqueous",1,3,"Two Bee"
c118e8f6-a8e1-469c-95b4-49507e6ad0f6,"aquiclude",1,3,"Two Bee"
465826c8-8b16-4f40-9014-57fc61a15e6c,"aquilineconfucianism",1,5,"Three Bee"
61aa4e78-2ded-47d9-9dfd-8f1dfe567a15,"aquitaine",1,4,"Three Bee"
552d578e-836d-45cf-83af-c859b63c9d90,"arabesque",1,3,"Two Bee"
1102f330-6276-4b41-877d-9d47cd5ddfef,"arabic",1,3,"Two Bee"
bb63f8dc-ef81-4859-af7e-0ef9cfefffae,"arable",1,4,"Three Bee"
3014ef8d-af2e-4d45-bc9a-e56feed39e59,"arachnophagous",1,5,"Three Bee"
f46b2ba0-ba70-4292-99b1-d24c1d989ada,"aramaic",1,4,"Three Bee"
82beed73-91ce-42e1-bd35-4c3ba5499eb1,"arapaho",1,4,"Three Bee"
24ea242d-da58-4dff-aec3-7b4262648ede,"arapahoe",1,4,"Three Bee"
01ffb7e9-5a92-4ca2-a4df-9d020c705b49,"arbitrary",1,3,"Two Bee"
6581e4ab-8606-456c-90e6-fb0970dd5636,"arboretum",1,3,"Two Bee"
ef56c50d-0452-4f4c-ad6a-3bfed71860e1,"arborio",1,2,"One Bee"
4df88114-e5c2-4898-a1f3-ece084da3529,"arcade",1,2,"One Bee"
f614e447-2730-4051-a2db-25cb0c493d4d,"archaic",1,4,"Three Bee"
03e2c78d-d7a1-4cc9-ba19-2259b38f70ee,"archaism",1,3,"Two Bee"
2c095e75-0394-4160-b0e7-3238d99bc8ca,"archduke",1,3,"Two Bee"
4fafd188-2360-4ee7-b644-a8b19dc557ee,"archers",1,3,"Two Bee"
65712574-505e-4501-910e-2589d3d3a7f8,"archetype",1,3,"Two Bee"
87f4bdf6-045d-4e3a-8394-10c2ba0a7efb,"architrave",1,4,"Three Bee"
c0cd52ae-2fdd-43df-b2d1-281cdfb0116b,"archives",1,3,"Two Bee"
9b6e5260-05c4-4b6e-be7e-959c624c7e3c,"arctic",1,3,"Two Bee"
26cfb1e3-af7a-46c4-8bf8-75d9f71e810e,"arcturus",1,4,"Three Bee"
1d05f4b9-ccbc-4aaa-9eb8-7f832ae34c7a,"arden",1,4,"Three Bee"
691b5eea-22b1-4bdd-a59d-a967368d4e20,"ardhamagadhi",1,5,"Three Bee"
3476c4e6-1d91-41ab-9781-b0fc1bfdfbd8,"ardipithecus",1,5,"Three Bee"
4c32f538-81e9-432b-95a7-1115fc168a73,"ardoise",1,4,"Three Bee"
403abd64-7129-47af-86dd-7e9b800f9eab,"ardoiseorganized",1,5,"Three Bee"
23c32bb2-def2-4e5f-9dfb-4bc3dadd7913,"arduous",1,3,"Two Bee"
ad0f81e6-fa4a-4793-80ad-90587ec98f67,"arenaceous",1,4,"Three Bee"
cf6801e5-dc0e-4414-8e14-195dee265172,"aretalogy",1,4,"Three Bee"
d630cb4e-d955-45a0-be68-f9cc68592b52,"argot",1,3,"Two Bee"
3aa96746-cd2f-4c0d-80fa-7d394929ff21,"argument",1,3,"Two Bee"
5ead16e1-6de1-4dcb-b850-14ccac496739,"argumentative",1,3,"Two Bee"
34ebbb71-5495-4488-8638-889a74d68cb2,"argyria",1,4,"Three Bee"
688e6322-cb11-4047-b45f-a068a8ca9fb1,"arid",1,3,"Two Bee"
40eae476-76f5-4b0b-928c-f3440fbbd2be,"arietta",1,3,"Two Bee"
bd2329f8-aa4c-48a9-8828-655874699d9f,"aristoi",1,4,"Three Bee"
ca836c32-e9f3-4d56-9aa6-66e679700e0c,"arithmetic",1,2,"One Bee"
cd33287b-157d-41f1-879e-cb94240fb7e0,"armadillo",1,2,"One Bee"
68d05de0-dca3-40c8-b8f7-f5ccc87b4ff1,"armaments",1,3,"Two Bee"
9c467254-c6b7-44ce-b6e3-05f0f4f6b46a,"armature",1,3,"Two Bee"
cfadbee5-8260-47a9-b4bb-3a248d86409d,"armies",1,4,"Three Bee"
3f53415e-f569-41de-8194-2594af16194b,"armistice",1,3,"Two Bee"
2e704b50-29b4-4da7-a948-12101f9f1f5d,"army",1,4,"Three Bee"
57508694-a84e-4737-ba67-62680266a0d5,"aromatherapy",1,2,"One Bee"
0098e2ca-147d-49f7-b812-08638aa3cb8e,"around",1,2,"One Bee"
00aa10cd-b819-448d-9771-3aa911847190,"arpeggio",1,3,"Two Bee"
9bbebfe0-0aef-4cc0-b857-960a87e8da37,"arpeggiolupine",1,3,"Two Bee"
b8d9e410-9af6-4074-984d-9a565c9c1805,"arraign",1,3,"Two Bee"
4e519b1c-2227-4846-ae31-bf3066a22649,"arrange",1,3,"Two Bee"
01e16cc5-c2db-4972-908b-2c7b0535aeb4,"arrayed",1,4,"Three Bee"
72bf44d8-3626-483c-97ef-d7f80d8a9faf,"arrearage",1,3,"Two Bee"
3e8b76ce-883a-455d-bda2-3f6d9fbde75a,"arrested",1,3,"Two Bee"
51b2e172-2514-40e9-a905-5d4a8350a54c,"arret",1,4,"Three Bee"
b46b881e-eadb-4b91-b728-69f3c27a4fc3,"arrieros",1,3,"Two Bee"
370f3e04-f2af-43f5-b9db-fd50d1d2da84,"arrive",1,3,"Two Bee"
80e1d0df-3c7e-4f9c-aea1-a0f18b9bbbf5,"arrogant",1,2,"One Bee"
e5ebde04-de27-425f-ac52-0d02e457f6ea,"arrondissement",1,5,"Three Bee"
e0fad4a2-5414-408d-97e4-2fb69f2715ed,"arrows",1,3,"Two Bee"
a53b7e85-0551-44f5-9a72-ba501c67d993,"arsenic",1,3,"Two Bee"
edafea2a-6ac2-4871-8e7f-7b500e8a4740,"art",null,3,"Two Bee"
2afb5504-33fa-4b90-bb40-078c76fada56,"artery",1,3,"Two Bee"
c86cb027-0a7c-43ed-9f3a-9a9a67b23087,"arteryornithology",1,3,"Two Bee"
8610448f-a5b8-4441-ad18-79e05cf9cf00,"artesian",1,3,"Two Bee"
27155b41-345d-4805-aa6d-3fed45a04e88,"arthralgia",1,4,"Three Bee"
e99d2193-e119-4fbb-8c6a-781e46f3112b,"arthurian",1,2,"One Bee"
651cf368-a609-4357-b462-e2a075bdfd5f,"artifice",1,3,"Two Bee"
8861d3f1-b948-40f0-b58b-e95b655d1e76,"artificial",1,4,"Three Bee"
7e1d99b2-b3ca-45dc-9f13-b1203b83590c,"artillery",1,3,"Two Bee"
77532623-014f-4dcc-9ce0-bfdeba057109,"artilleryquotient",1,3,"Two Bee"
286dc28f-44df-4ac1-94c1-14f7281550d3,"artistic",1,4,"Three Bee"
bb321938-846e-4934-89ef-17124e401502,"arts",1,4,"Three Bee"
a0bc8891-183d-4539-a54b-d388098df481,"asado",1,3,"Two Bee"
069920fb-8e2d-46f0-b908-c521b8875d0f,"ascension",1,3,"Two Bee"
22508bd4-bbac-4855-9759-c82d53fd746c,"ascertain",1,3,"Two Bee"
2acd4d49-e7b8-4cfc-87f8-cad7f2bf15a4,"ascetic",1,3,"Two Bee"
734b888c-1a4b-4400-9acc-a3ceed904ee9,"ascites",1,4,"Three Bee"
7fef5505-f5db-4a26-ad70-1c9607482deb,"ascribe",1,2,"One Bee"
f7da1982-5b0b-45c1-9eae-59cae77624b5,"asgard",1,3,"Two Bee"
063c234c-6775-4578-b22c-56ec0ed0f592,"asiago",1,3,"Two Bee"
840b085c-2415-4f02-994c-3fb7783f3c12,"asiagoaspish",1,3,"Two Bee"
335c784e-3904-4b92-ad10-5de4c1a52247,"asiatic",1,4,"Three Bee"
a9a5d1c3-1e45-4129-b428-1832a82da0cf,"asmanian",1,3,"Two Bee"
51f48b85-fd75-4242-9b92-824c517e7c40,"asparagus",1,4,"Three Bee"
c98b454f-4474-4822-85b9-766e75b88c4f,"aspersions",1,4,"Three Bee"
281556e8-ae3a-44d3-8ec3-44d5c0e488df,"asphyxiate",1,5,"Three Bee"
85e08151-5e7b-4f40-9a14-04d478835aa5,"aspidistra",1,4,"Three Bee"
7d128a30-e9d8-45b5-8e1c-a980f8990bd8,"aspirate",1,3,"Two Bee"
4a8ad836-d756-42c3-9fd0-714e31d09fdd,"aspirin",1,4,"Three Bee"
916f33f0-6b06-41bb-b5bb-967e8c7a6f9b,"aspish",1,3,"Two Bee"
bc179b14-1eac-4d75-8e1a-fb66b1b9e453,"assailant",1,3,"Two Bee"
9a0b1eb9-1367-4f37-a3b9-742cfb40afb8,"assam",1,4,"Three Bee"
bf507755-9f67-4660-9bf1-270ecca5d503,"assassinate",1,4,"Three Bee"
cb42873f-23f1-4124-b213-06f70a9e0d21,"assemblage",1,2,"One Bee"
4a8da683-346c-461a-a6f5-21a1a62e948b,"assembly",1,3,"Two Bee"
f15a4408-1b58-46fc-bc45-ebbbbd663c56,"assiduous",1,3,"Two Bee"
e556b5fd-4273-4523-b3db-611ca076b3c4,"assiduousdiligence",1,3,"Two Bee"
493290c4-7d49-4e56-a029-d5b53f779105,"assimilation",1,5,"Three Bee"
bbe9228b-fb78-46cd-bcf6-f7d3a913a4cf,"assistance",1,3,"Two Bee"
0b17d65f-8d29-45f6-9da0-3bd1dbc0160f,"assizes",1,4,"Three Bee"
b122f152-b541-4838-8285-2ee84d540f24,"associated",1,3,"Two Bee"
5ad17275-43b9-4d7b-9b69-a7a761d5580e,"association",1,4,"Three Bee"
bec45a70-da3a-454a-bf59-dc5cbf022253,"assuage",1,4,"Three Bee"
d41f264d-c90a-42ba-b7a4-2aee5ad93f0e,"assumed",1,2,"One Bee; Three Bee; Two Bee"
82890e48-0e8a-45c3-9abc-7b051925e794,"assumption",1,3,"Two Bee"
0f048bb7-352c-4ca8-ac06-d357c3bf70ec,"assure",1,3,"Two Bee"
5a9328ea-eaec-4cb4-b63f-db8371efabc4,"astaxanthin",1,4,"Three Bee"
0b243801-5e01-4338-892f-7985ddfc407d,"asterion",1,4,"Three Bee"
e2f1dc30-d8dc-4df4-87f5-b00e8ab92679,"asterisk",1,4,"Three Bee"
8ef3ed46-1ed9-415b-a614-6dc55399d7b1,"asthmatic",1,3,"Two Bee"
64e4555c-7dad-4954-84e1-e72b355c5089,"astigmatism",1,3,"Two Bee"
e8691893-1eb6-4974-8afa-2048bbdb2f3a,"astilbe",1,4,"Three Bee"
7edec376-c5a8-4e3a-8780-22b2585f3b32,"astonish",1,2,"One Bee"
a3c1425c-9c2f-49a6-bb25-d02dfc73492d,"astonishment",1,3,"Two Bee"
4f99ad2a-e855-48f9-8fe1-2171bd03d9b9,"astounding",1,2,"One Bee"
60dd3ad3-04d7-4b71-9bfe-c2e94e09bcff,"astral",1,3,"Two Bee"
80bda15b-0aae-464b-bfdf-1e68145d5513,"astrayliquid",1,2,"One Bee"
07c8e6f6-b167-48f3-84af-5d9a6bbb8df6,"astride",1,3,"Two Bee"
5afb9dd6-cdc3-443b-97f4-9b7790b0ba18,"astringent",1,3,"Two Bee"
df1a3cca-9816-41b8-b1ec-e97084531cf3,"astrobleme",1,3,"Two Bee"
9b456540-2b21-48a7-8774-72a617b28563,"astrologer",1,4,"Three Bee"
cd614a6c-2c91-4b13-a289-9213962e9eab,"astrologers",null,4,"Three Bee"
878c2a5a-4caa-4127-83a5-4dab1fddf0f1,"astronaut",1,2,"One Bee"
ead92239-47d1-448f-9e69-046e26004248,"astur",1,3,"Two Bee"
03f044d5-84d6-45e9-8504-abbc6006e475,"astute",1,2,"One Bee"
84a21c96-4410-4745-9988-c9f233161e70,"asura",1,4,"Three Bee"
6a967181-b080-4bfa-8000-03978beeabf4,"asylee",1,4,"Three Bee"
3ac38677-e0ac-48e4-8eb7-4156b42d0e77,"asyleeatrabilious",1,5,"Three Bee"
b0cbc75f-a3a5-4048-9804-65e6857edd8f,"asylum",1,3,"Two Bee"
b24cd8d2-2019-428c-96a2-fabc1df28ccf,"asymptote",1,2,"One Bee"
ae075d9b-d1e8-4f39-ac81-44deac844302,"ataxia",1,3,"Two Bee"
c39fac56-955f-486a-81ae-07f83f248a11,"ataxiapageantry",null,3,"Two Bee"
9dc3f7be-f7ae-4a53-9f34-981e42d4809f,"aten",1,3,"Two Bee"
74aaad2d-4b0e-4e3f-a5c8-d3b8ec8576bd,"atencatjang",null,4,"Three Bee"
9b55b73b-8431-4d37-9c05-ccce5699059b,"athenaeum",3,4,"Three Bee"
cc598f4e-0045-4509-b954-15b32a7b7434,"atheneum",1,4,"Three Bee"
eed56f1b-3d2f-417b-b41a-f5c9c816b50a,"athlete",1,2,"One Bee"
fe58a5a0-c2aa-422c-921f-c034ac67d3f3,"athletejotted",null,2,"One Bee"
d61d4b20-c073-4038-8398-eaa21b73a22e,"atmospheric",3,5,"Three Bee"
f0c61693-8cca-4d26-85b9-f3fb2e5c814a,"atomic",1,2,"One Bee"
38f2b121-f62a-4693-b32e-b2b210fb757b,"atonement",3,2,"One Bee"
33620a2e-1869-4bf8-b880-c536af695343,"atresia",1,3,"Two Bee"
c46bb227-7264-4dd4-b267-a4c636ec112c,"atrium",1,3,"Two Bee"
374234dc-5722-4894-9967-1833745abde4,"atrophy",1,2,"One Bee"
f48ca5d5-4792-4a65-9297-8032fe48ae7c,"atrophyattempt",null,5,"Three Bee"
196cdd6e-588c-41c6-8293-1ff24c34a78a,"attacca",1,4,"Three Bee"
b4f49a87-3ade-4c54-99a2-bdaf8373eed9,"attaché",1,2,"One Bee"
71f96863-0f50-406e-a5dd-b234ca98ca0a,"attached",3,2,"One Bee"
1d03e2a0-2a88-49f8-96ab-224efb588784,"attagirl",1,3,"Two Bee"
12d26812-d67d-4aa8-8391-cdff10c119ba,"attempt",3,2,"One Bee"
a743ad4c-54b8-4893-8385-31344a38b34b,"attendee",3,2,"One Bee"
a427d15e-989e-46f5-a11c-1afbd8a35e81,"attending",3,2,"One Bee"
ff355e2f-c05f-4bcd-b997-ff61a904d12c,"attention",3,2,"One Bee"
027fe9e6-2893-475f-ab5e-4e9b1cc56798,"attitude",1,2,"One Bee"
42f5d4f7-67c7-4f54-a8e6-42d9332caf64,"attorney",3,4,"Three Bee"
9e2b4d59-0ced-4684-8746-c9b18f4094ef,"attributed",3,2,"One Bee"
7225293c-5c1a-4466-8015-8e45e7ba17d5,"auction",1,2,"One Bee"
d4c05aff-146a-4686-b4f6-5c1dc4c235eb,"audience",1,3,"Two Bee"
d631b49c-4489-4834-8fe8-97e12da15238,"audiences",3,2,"One Bee"
d2ed3f92-a6c9-4ce1-9e03-b14f36b8e3fa,"auditorium",3,2,"One Bee"
40b551c1-8a52-40eb-9d33-ed3fa789e64c,"aughtsaugment",null,3,"Two Bee"
96ab6ee4-c22f-4139-978f-bcced66fca0e,"augment",1,3,"Two Bee"
c012122b-3685-409d-bfb0-7293d15f17de,"aura",1,4,"Three Bee"
27d02dc9-84d7-471d-b4a0-4b1d39a4dfa8,"aureole",1,3,"Two Bee"
7a7dc530-fec2-4bce-924e-44f33b39d4df,"aurora",1,3,"Two Bee"
8b8adb87-8283-4bc4-8dc4-925ac742a013,"auspices",1,3,"Two Bee"
cc00fbb9-5165-4e3d-8c03-ef94d89bb4bf,"australian",3,2,"One Bee"
835c9256-680c-411b-849a-314e72f0d0e7,"auteur",1,4,"Three Bee"
f8fe67e2-1bf6-40e2-ba43-25a82465ab0c,"authenticatefiscal",null,3,"Two Bee"
d61aa478-edc8-4a60-9d0a-030e1c9bcac6,"authority",3,4,"Three Bee"
99b2456b-46e4-4d28-a9c8-79a1e5019346,"autism",1,4,"Three Bee"
608d2d1d-bf52-46f4-88fd-4c1fae26bbfb,"autophagy",3,5,"Three Bee"
690ca39f-1843-4208-ac9e-1819e0643ff8,"available",3,2,"One Bee"
8078729c-8313-45c6-9816-0cd41d160790,"avalanche",1,2,"One Bee"
d2589b21-e87a-478a-9d22-0a99b9377c9a,"avatar",3,2,"One Bee"
d223199f-eeb3-4a1f-9799-47f0cf11e27a,"avens",1,4,"Three Bee"
6d7650be-8965-40ad-98ea-dfb3144f9d2c,"avenue",1,2,"One Bee"
19de777a-4423-403c-8594-84d4190da29d,"aversion",1,4,"Three Bee"
44dd4527-1be3-40c9-8543-1a2ed305ebb0,"avgolemono",1,4,"Three Bee"
478a39de-d272-433f-a814-e1bd1c6e226e,"aviation",1,2,"One Bee"
6a24a3d7-d66a-4d75-83c1-bbca826af2bf,"avifauna",1,3,"Two Bee"
0c3921a5-9e6b-4c90-a326-1e7627f2527c,"avoid",1,3,"Two Bee"
56c367be-65ba-4f55-a621-0e631601784f,"avuncular",1,3,"Two Bee"
82b76e23-101f-423f-93d0-dfce08333905,"avversiera",3,2,"One Bee"
58928b84-955e-4720-af42-fa9cbf49152c,"award",3,1,"One Bee"
7fffc110-9a7e-4596-97a0-dfa0adf0536a,"aware",3,1,"One Bee"
7b7c2fab-840b-46ab-87db-c3435e0aac21,"awe",null,1,"One Bee"
9af53917-a790-40b2-bfc2-6de45a9d10e6,"awkwardly",3,2,"One Bee"
b70decd6-1adb-4721-83b1-0df258fdbc50,"awry",3,1,"One Bee"
fc49e5c7-8114-4fee-b293-37f524971cf4,"awryb",null,1,"One Bee"
f44009ae-a11b-4324-93c9-a855dc9b9ccf,"axle",3,1,"One Bee"
33aea991-a375-4b33-a12b-b1e1b473955b,"aye-aye",null,4,"Three Bee"
da855ca1-5e81-4b57-9c78-7cd882532e4a,"ayurvedic",3,4,"Three Bee"
b9596ada-5809-4c18-8397-af0f6818f6fa,"azedarach",3,4,"Three Bee"
e2310e67-d946-4940-a0af-4be610095574,"azorestankard",null,5,"Three Bee"
f134d95e-eb08-42f3-9d5c-21a8faf64168,"azotea",3,4,"Three Bee"
416d5629-9160-47f1-8533-9a6620c9281d,"azulejo",3,4,"Three Bee"
5ddb27a8-4061-43ab-9c8b-6a2457b8abfb,"baby",3,1,"One Bee"
4cd44c6f-500c-4c2a-88f6-5f48c03d38a4,"baccate",1,4,"Three Bee"
eefdc1b3-dcc2-4482-b4d2-05c16c77d4e5,"bachelorette",3,2,"One Bee"
aeb1a411-3cce-48cb-97b6-8ad7c7e59fbf,"backgammon",3,2,"One Bee"
6960cf37-cca5-43c6-b3ce-49ed7e3a6a0e,"backgammonintuitable",null,3,"Two Bee"
895aa532-6993-44d8-aadf-331a048cb085,"background",3,2,"One Bee"
66185f54-8b7e-4ac8-9637-4f8d67708f8f,"badger",3,2,"One Bee"
c18afca5-b3b3-4971-8a05-4323babf5f3c,"badgerbailiff",null,2,"One Bee"
ba2589cb-a315-4f4f-92c9-d6110d462ce1,"badinage",1,4,"Three Bee"
50166c0b-d455-486b-ac17-02565d574a1a,"bagpipe",1,2,"One Bee"
26753d8b-34e5-42dd-aa2c-4db17451a00f,"bagwyn",3,4,"Three Bee"
d9da7a23-4c6e-4647-9901-e083af3a62a0,"bahamas",1,2,"One Bee"
5be11924-28b7-4964-82c1-f882e4064193,"bahr",3,4,"Three Bee"
02cff5fe-0ed0-4454-9ed7-fcf7b8af5ee3,"bahuvrihi",3,4,"Three Bee"
1019f009-f53b-4b0c-84ae-ce94de0cdf6d,"bahuvrihipanjandrum",null,5,"Three Bee"
9026bd53-1ab5-4ab4-a5fa-254804a9db2f,"bailiff",3,2,"One Bee"
c46245ea-1676-469e-b8cc-12922964876c,"bailiffinfiltrate",null,2,"One Bee"
7fc35533-0402-43ba-9bce-647fde1f3345,"bailiwick",3,4,"Three Bee"
db0d62f6-9f46-4ad5-89b4-a3bbaf2378ed,"bailly",3,2,"One Bee"
2ce6db44-6cd8-471d-8c8f-12f5a0168132,"bakery",3,2,"One Bee"
2255b9d1-75b9-416a-9caa-dc415849916d,"bakeryporridge",null,2,"One Bee"
ddece5ac-24f3-437d-8d30-eed7a0f6a82d,"balata",1,4,"Three Bee"
685c55d8-39ef-43cc-9973-c68b6dbc0d5e,"balbriggan",3,4,"Three Bee"
2ffaa92c-fe1b-460b-bba0-bb174fdbca96,"balderdash",3,2,"One Bee"
25bd0cd0-0e47-43fe-b33b-31af081ae1ac,"baleen",3,4,"Three Bee"
3e55b3a7-0281-47a4-8310-7ae278b1c5b6,"ballabile",1,4,"Three Bee"
7d2f5927-e52c-4014-af45-efe9d22a9586,"ballad",3,2,"One Bee"
ccfa5f23-109a-4c93-9fd5-e349178c2b1f,"ballast",1,4,"Three Bee"
673c2b04-0281-4cac-aed6-5b251aee5240,"ballerina",1,3,"Two Bee"
d8d06b6d-43c3-4c5c-9378-a7f267fef934,"balloon",1,3,"Two Bee"
2fa80ec3-83a1-467e-ab1d-59353b429b68,"ballotage",3,4,"Three Bee"
1870b575-172c-4b70-84f1-60970af1f5f5,"ballroom",1,4,"Three Bee"
28456c27-48c9-471b-8b11-9d7548594418,"balm",null,3,"Two Bee"
2c4240cd-ac1f-416d-a2a1-e0165aaa2c60,"balsamic",1,3,"Two Bee"
694e17f4-e59c-4904-a84c-455ad83d2be8,"banal",1,3,"Two Bee"
5063f6e2-aef7-434c-9b79-d2457dabe7da,"banana",1,2,"One Bee"
86973c57-3868-4842-898e-3aac665b69d6,"bandage",1,3,"Two Bee"
8adcf48c-45c9-4319-97f5-4cca309939d5,"bandana",1,3,"Two Bee"
65ebfa96-1263-45c4-afb2-b4c2d04fae39,"bandanna",1,3,"Two Bee"
d89c335f-4251-42fe-b7d1-d2c7e16b36de,"bandits",1,3,"Two Bee"
1cfb5293-dbdb-4960-a3db-5c1a58e0a861,"bandmates",3,2,"One Bee"
834eab97-c29a-4223-af32-14d2a751c038,"bangalore",null,4,"Three Bee"
0111cb56-480a-4e80-87b3-e182ce428c39,"bango",1,3,"Two Bee"
9424125d-9266-4bda-8aa3-0b80dca4dd2f,"banh",1,4,"Three Bee"
5ab33c98-408a-4025-815c-ad08bc316d0d,"banishment",3,4,"Three Bee"
76dc83bd-3852-4a9a-a2c2-6e143d78016a,"bankrupt",1,4,"Three Bee"
dc9600ec-cbbe-4032-8f72-7a630eee1dc6,"bannock",1,3,"Two Bee"
bc264dbd-ee37-4d92-8dc2-90fbf099636d,"banquet",3,2,"One Bee"
6225cdac-94dc-4452-814d-f4baae383211,"bantamapprentice",null,5,"Three Bee"
1554a07b-4ccd-4a9e-97b3-ac260d6eae67,"bantlings",3,4,"Three Bee"
ac7e6f9f-a2f4-4bc6-ad4f-1e12fa49db7d,"baptismal",3,2,"One Bee"
f3523f5d-fbcc-4af4-b4f1-63f727154f9d,"barber",3,2,"One Bee"
7e5246bc-b54e-4fa9-8982-6709536b698a,"barbie",1,2,"One Bee"
f8f89ec1-f15c-4591-9298-5cb4b7a433c2,"barefoot",3,2,"One Bee"
18de1c95-5a52-4324-bc5c-c382f9255a78,"barely",3,2,"One Bee"
8fe4be4d-c9ea-4ca5-9fdd-5014cd5e00ed,"bargain",3,2,"One Bee"
5710deda-bf4d-4a49-8b18-cd1e245d2c7f,"barista",1,4,"Three Bee"
4438e089-e80d-45d2-b331-72c227ed3cc9,"barked",3,2,"One Bee"
50180d09-fe1a-422c-9b8a-6f3f7ed9b949,"barnumesque",3,4,"Three Bee"
e7a0c656-2ac2-4cce-9677-9dad3e671c0d,"barograph",1,3,"Two Bee"
0a126db1-0c69-4c80-8485-488f0b15d3f7,"barracks",1,3,"Two Bee"
9e3c62fc-3da4-4f08-8f4f-90a06e64ce69,"barrels",3,2,"One Bee"
612f3aee-a88e-4ccf-bfed-e8e2c5f53c6c,"barren",3,4,"Three Bee"
97cbf716-85c4-49bd-86ae-7b6bb6e251c4,"barricade",1,4,"Three Bee"
9e8a260a-7ecd-4c83-a399-af36ee426a09,"bartókian",3,2,"One Bee"
5f896f97-beee-4da5-8142-220a56912e26,"barylambda",3,4,"Three Bee"
c7ee7374-f57f-4070-8f00-cc89f839c542,"bas-relief",null,4,"Three Bee"
0650b76c-3080-4012-b0c3-2a63bdd0ecd7,"basaltic",1,3,"Two Bee"
ed41c958-fdec-408e-97f7-f543f36433dd,"baseball",1,2,"One Bee"
6fa60fab-7e7e-47c1-b5c1-c1056e451af0,"basement",3,2,"One Bee"
4ea535c8-cc70-445b-b4ac-0afa8d3bcf2c,"basenji",1,4,"Three Bee"
25d4cb40-d698-4e3b-868f-5acf0e4ead9b,"basilica",1,3,"Two Bee"
c5f83ad1-a263-407e-88ad-d54bf695c4d3,"basilisk",1,2,"One Bee"
e79e60ec-408c-4e67-8359-daecb236f3c4,"basketsbonnet",null,2,"One Bee"
b9b34a00-a6b6-4bd0-97e5-94bab78509b2,"bassoon",1,3,"Two Bee"
e2a0a04e-dc20-4d56-b06b-235cff6344d8,"batamote",1,4,"Three Bee"
1edc8662-9da3-4242-aec4-adcb8fcb483c,"bathos",1,4,"Three Bee"
22d0f880-bd08-41f5-a7b2-efc8ba517aeb,"bathtub",3,2,"One Bee"
849fe9af-6d2f-499f-b51c-84bd6a7fbd33,"batson",3,2,"One Bee"
0a36ac85-7f8a-4fc6-b24d-08a7e7543fbf,"battalion",3,4,"Three Bee"
29bf14d5-f811-4bc7-934e-40bbf38a035a,"batten",3,4,"Three Bee"
71c0f4b0-dce8-47ee-96bf-0a5cfaeaaf63,"battue",1,4,"Three Bee"
cda913ce-451b-46c4-b14c-b2f378939685,"bauble",3,2,"One Bee"
17135671-9e22-48cd-86dd-155ee700362e,"baucis",1,4,"Three Bee"
de471170-3136-4b4c-8f05-4f325d9b8358,"bauhaus",1,4,"Three Bee"
9a968356-4b3e-4554-9893-a0705d5a0f3c,"bauxite",3,4,"Three Bee"
f990bcd0-116b-405f-a680-2e3c58cec320,"bavardage",3,4,"Three Bee"
17f99378-35f9-4443-9e41-7b814e05f69b,"bavarese",1,2,"One Bee"
e1385036-01fa-4780-a916-ab44440d4321,"bavaria",1,2,"One Bee"
40b4e971-a5cb-4a54-9030-f5a4c5b791ce,"bavarian",1,3,"Two Bee"
6207beae-fe6f-4984-a4ea-094bc706a1fc,"bavarois",1,2,"One Bee"
73c55682-e510-4b94-a10e-6ab16418744d,"bawl",3,1,"One Bee"
a0c8e64b-9a3d-417c-8b78-44b05d4e2387,"bayonet",1,4,"Three Bee"
b765caaf-0a48-4d19-a55d-14bc1e77c250,"bayreuth",1,4,"Three Bee"
6089940d-32e0-4df9-8b98-2b96fc6992ae,"bazaar",3,2,"One Bee"
c67c4d9e-f7fb-4316-bff3-3485fcd86317,"bazar",3,1,"One Bee"
78faa1f2-35eb-41a3-888f-6039f441422b,"bdelloid",1,4,"Three Bee"
818dbb54-8385-42a1-84dc-3b9fe843b7e8,"beagle",3,2,"One Bee"
17ab57ab-dbfc-4898-9209-a0eb54b7ccb4,"beak",3,1,"One Bee"
db348b82-412b-4d98-92ba-83bb6a955ab9,"beam",3,1,"One Bee"
37836e86-85ac-4872-87aa-aeb750ad382a,"beans",3,1,"One Bee"
7b7e79ac-1cd4-4872-b390-c487d6876f8b,"bear",3,1,"One Bee"
7b786363-e8c0-45d8-b9d1-5a090197819a,"beatboxingmutate",null,3,"Two Bee"
f51e5974-048a-4be1-ae5e-5d8b597a75df,"beatific",1,3,"Two Bee"
33fb7afd-34ca-4e78-a742-90d274292db7,"beatificbeguile",null,3,"Two Bee"
37823b59-5e35-400c-9df9-e7e5418a9cbc,"beauceron",3,4,"Three Bee"
5cc80036-35b8-4a1f-8d78-f9566462318e,"beaucoupbanal",null,3,"Two Bee"
fc7addcb-016f-4810-8527-14293035a052,"beaumontage",3,4,"Three Bee"
b8008eeb-cab7-402d-9807-3c1b107e690f,"beaux",3,4,"Three Bee"
0676e300-b4cb-4c26-acff-0c55971130bb,"became",3,2,"One Bee"
cd0b8fed-11a3-4ebb-803b-9399ee14dc14,"because",3,2,"One Bee"
6049d787-04a4-4d9b-bff3-1812cd11c930,"beccafico",1,4,"Three Bee"
d940be81-7742-4b70-8596-b9d52f28150c,"béchamel",1,2,"One Bee"
b34eacde-f140-48a5-aab6-b05e6f96deb5,"beckon",3,2,"One Bee"
edf54bc3-8b4e-4944-a5d7-ca27f317db61,"become",3,2,"One Bee"
10c741e4-ccd7-40ab-930e-230233d036a8,"becoming",3,2,"One Bee"
db4278a4-39be-4f0a-9acc-f4ee15721bdf,"becquerel",3,4,"Three Bee"
8eebee84-e662-4e27-9955-23447ade46bf,"becquereldarnel",null,5,"Three Bee"
4384a3a1-6d23-4e19-b287-c15a56461c96,"beelzebub",3,2,"One Bee"
522fbf04-6019-41d3-a311-e921bba42775,"bees",3,1,"One Bee"
b0e1bdcb-ada9-48ae-9ae4-a4e8dc490c16,"beethovenian",3,2,"One Bee"
b28cb552-5df4-4a17-a141-88b2a913272f,"beetle",3,2,"One Bee"
0627c46f-e911-46b4-8051-82a60fd97c96,"begins",1,2,"One Bee"
cf3c925e-5a8f-4619-91fe-f49fff8d0178,"behavior",3,2,"One Bee"
ff6a1ec3-db68-44cc-9792-83f9b2cc475c,"behind",3,2,"One Bee"
1ed1fa99-57e5-41af-a7e5-2712b714fdfd,"behold",3,2,"One Bee"
f0b60cae-c3b6-4098-a710-9b5472761048,"beijing",3,4,"Three Bee"
709ac6df-abbf-4d85-adc7-6c03e6461da7,"being",null,3,"Two Bee"
6824ec8a-0749-4817-9072-fa12280d8684,"beix",null,4,"Three Bee"
52ae6bc8-1ee8-4cbc-bdca-0ca82350ae59,"belgium",1,3,"Two Bee"
f0ed7f9c-5cd3-4d1a-b70e-c7b8a3796f00,"believed",3,2,"One Bee"
4dbbe011-5b48-4c46-86ca-a75a529ec90a,"believers",3,2,"One Bee"
a0e72a94-52ad-496a-aecf-889fc55a44de,"bell",1,4,"Three Bee"
4313d959-1b59-4b1e-8db5-39086b529693,"bellyache",3,2,"One Bee"
7f720890-8ec1-4f58-96b7-3587abbde18d,"belongs",3,2,"One Bee"
be879035-cf3c-4a85-9db8-c73b38af78a9,"beloved",3,2,"One Bee"
fd2fc5f6-d0c0-4919-965d-3e42ae770c19,"belt",1,4,"Three Bee"
7367e57e-03a4-447b-b3f3-d13227d659ff,"belted",3,2,"One Bee"
8fd51410-c71b-4bac-b4e3-14a074d39bb6,"ben",null,4,"Three Bee"
3ca6588a-91ca-420d-9b2a-ee504cdde2f3,"benches",3,2,"One Bee"
58b7d798-7a11-4ffd-957d-17365d728b3e,"benedictinearcane",null,5,"Three Bee"
1f095263-1539-4865-af3b-ec5e76ac06c9,"beneficent",1,3,"Two Bee"
b68cd44d-1701-4bd7-882f-c4301296d5be,"bengal",3,2,"One Bee"
84ea3af4-383a-4f12-aaeb-8097f2e1bd3b,"benighted",3,5,"Three Bee"
4dc1306f-8306-430e-bc97-65fea8cf5dc0,"beowulf",3,4,"Three Bee"
1fe8409c-d33e-46a1-806c-09d66003915a,"berceuse",1,4,"Three Bee"
a8fbd1f4-b453-4017-b283-c7ac3b42c931,"beret",1,3,"Two Bee"
808dc1b0-7b19-405b-b395-0adf65de5765,"bergère",1,2,"One Bee"
1917eb5d-d446-45cf-b606-2839423045ef,"bermudas",1,3,"Two Bee"
429f4e01-0d04-4f0a-ac79-154065f27509,"bermudasamusement",null,2,"One Bee"
526b189d-97a1-424e-89b9-5793ee253692,"bernoulli",3,4,"Three Bee"
086da481-adf9-4b98-ac23-8e44ce0efe9c,"berries",3,2,"One Bee"
b885e742-2c4f-4ad1-8915-c437fbf2d8ad,"berth",1,3,"Two Bee"
cb303257-bd13-4254-b272-46fc1b849221,"bespoke",1,2,"One Bee"
39663ca3-d0b4-473f-8e8b-ed6f4b3f090a,"bessemer",3,4,"Three Bee"
6a03153a-eae7-48ff-b408-a8988f6591af,"best",3,1,"One Bee"
f263362a-6752-4b14-8a0d-1379ce7fcf78,"bestial",3,4,"Three Bee"
0e59a509-dd41-49a2-8820-57d2639360c3,"bestow",3,2,"One Bee"
0ba73b59-5555-4472-825a-3b079ac88790,"bêtise",1,2,"One Bee"
d53a8c34-9b22-4c37-9670-cf5bc4df8d3a,"betony",1,4,"Three Bee"
4fb12583-1d6d-42b7-b3bc-f7af87f3a1b2,"better",3,2,"One Bee"
1fc0bd36-0f7e-43e9-bd2e-e70d77ff7439,"between",3,4,"Three Bee"
dd4902b3-0e27-4949-924e-a83fe777c36f,"beurre",3,4,"Three Bee"
284a21a4-2b6b-48ae-9f8d-e6baa73ccd87,"beverage",3,2,"One Bee"
a3bbac2d-71cb-496d-af46-569b8b48270e,"beyond",3,2,"One Bee"
528e6e8f-5995-409d-8288-7803786a14d8,"bezier",3,4,"Three Bee"
e76501ef-f349-4578-9353-e7e23b6dd001,"bhangra",1,4,"Three Bee"
72ae5f64-e7e2-494c-9340-2ee8cf4b67e4,"bhikshuni",3,4,"Three Bee"
6af51c9a-9361-42f8-b0de-d1b3340d37f7,"bhikshunisvarabhakti",null,5,"Three Bee"
5254462f-63f8-4668-891d-ec1bf096ea4e,"bialy",3,4,"Three Bee"
67cfc1da-5ec8-4008-a21d-b7527214c36f,"bias",3,1,"One Bee"
3880bd66-c06b-48a9-8837-7cc20920e752,"bibelot",1,4,"Three Bee"
596d0cc7-1c8d-44ba-aed2-852e6281298e,"bibimbap",3,4,"Three Bee"
7229dabd-0689-40ce-8820-0663497d02a4,"bible",3,1,"One Bee"
0f2cfccd-82b7-4a53-93f0-a1deee6f0782,"bibliophile",3,5,"Three Bee"
0c7ed107-6070-4cec-8a24-a7112472f889,"bicarbonate",3,2,"One Bee"
a80e4d2e-ddc5-4028-9456-ffc9a7770f43,"biceps",1,3,"Two Bee"
db3532ae-b3e1-4df3-a9f6-ccc88946a82f,"biennial",3,4,"Three Bee"
0990b10d-9143-4c11-8ca4-a00b1afde64f,"bienvenu",1,4,"Three Bee"
85d0ebea-1018-4b01-b9f4-c1a6a2c4c7a7,"bienvenue",3,4,"Three Bee"
155dda92-29bd-4a24-a2f2-c897f21fcbc3,"bier",3,4,"Three Bee"
e756bb29-8277-41d0-bede-2026b5023d46,"bifurcatedrivel",null,3,"Two Bee"
28dc3d2f-2737-425b-849b-13be1ae5a707,"big",null,1,"One Bee"
aedb6ce9-1288-44fd-9bfe-305e2cc64519,"big-time",null,3,"Two Bee"
718b959a-3fbb-4f0e-a9a9-c3bddc44e247,"bigotry",3,2,"One Bee"
76c49ac8-d069-49cc-8166-7d9d0ec5c25f,"bijouterie",3,4,"Three Bee"
700786e4-8f48-44f7-8e01-7d29e2df73a3,"bilbo",1,3,"Two Bee"
909d01b3-6cc1-481f-b09c-82bbbd0317b4,"bilge",3,4,"Three Bee"
bd9dd14c-3ab4-4b15-b78a-4f85733cfb6b,"billboard",3,2,"One Bee"
3b03cc40-0f24-403b-b46f-fbdb01200ee0,"biltong",1,3,"Two Bee"
8de72a59-07f4-4c07-b4ab-3b99c1bac487,"binary",1,3,"Two Bee"
56f5e03c-afb1-4b07-a6bf-a4bbb319615f,"bindi",3,4,"Three Bee"
76039d8d-a4e5-4b15-9564-daf20e9fab58,"binomialbiomimicry",null,3,"Two Bee"
27680c23-bca9-4bbb-a2eb-849c8d35d013,"binturong",3,4,"Three Bee"
cb7c9e5c-7b4f-414b-83db-73146215f4b6,"biome",1,3,"Two Bee"
cf468dc5-2aca-4614-8ecd-b4ebc214ba16,"bipolar",null,4,"Three Bee"
bdf87f85-dfd3-49f0-949a-ad919de87a9e,"bird",3,1,"One Bee"
8517e819-9d4e-4612-87ff-237ab324df1e,"birdie",3,2,"One Bee"
fc8865a8-102b-45a5-a369-7c5821be04da,"bireme",1,4,"Three Bee"
db278b6a-c804-401b-9206-97a9722f5ec7,"biriani",3,4,"Three Bee"
b7b44ff9-bcfc-410d-bd3f-d763ee9394bd,"birria",1,3,"Two Bee"
2d33339e-1bf3-4d12-af51-b8c42a096d57,"birthday",3,2,"One Bee"
7857ca6e-5ae4-4a6b-bd02-a5b18d13c00d,"biryani",3,4,"Three Bee"
9e3f5689-54f6-48e4-aa7e-86a7b2b4d811,"bisbigliando",3,5,"Three Bee"
b19b798f-e2fc-4cc7-84ff-734062702ad7,"biscotti",1,3,"Two Bee"
9e13e2e3-f611-4be8-ae0f-6d2587714d44,"biscuit",3,2,"One Bee"
ec43d7d2-b70b-4df2-a633-f857fe8c2bd6,"bismillah",3,4,"Three Bee"
db057aa3-4755-4cf9-b445-994805b14738,"bison",1,3,"Two Bee"
17fe8a44-aead-48f6-8f25-c491e42f1f2a,"bite",3,1,"One Bee"
769e54cf-b216-4780-b074-307e15427eec,"bitumen",1,4,"Three Bee"
e2d61ba3-ba33-4f50-9127-27daa4aef3a3,"bivouac",1,4,"Three Bee"
642a978a-438c-48da-8e92-814a23ce52bb,"bizarro",3,2,"One Bee"
bc7484dc-cc42-41c1-ae2a-2ba1e12c3a92,"black",1,4,"Three Bee"
4a2749d0-4663-402b-bf45-725ef450b031,"blackbird",3,4,"Three Bee"
57e7d4d4-0753-43ee-9d13-b0e82bf4a691,"blacksmith",3,2,"One Bee"
5ab85df4-19a6-4a34-be65-7a1ecf667d76,"blanche",3,4,"Three Bee"
dfef3754-20b4-4f3a-bc5d-453f24e4c09c,"blancmange",3,4,"Three Bee"
5e9fbd09-7dd3-43aa-81d0-7233d48f29e1,"blandish",3,2,"One Bee"
8762979f-89d4-4530-a9dd-7bb9f5a5899b,"blanket",3,2,"One Bee"
5bef862f-d875-4d82-a9e0-712a10a4290b,"blarney",3,2,"One Bee"
c06782cc-ba3d-4a5e-bfad-7d19fdc99bea,"blasphemous",3,5,"Three Bee"
9d8b59f5-de6a-420c-bd28-9e56b98f3483,"blast",3,1,"One Bee"
b1b3f729-68eb-4d83-8a00-c38804894ea5,"blastema",1,3,"Two Bee"
0f577ca6-ac81-41df-8c79-35a84715fd57,"blatant",1,3,"Two Bee"
1cc89ad6-6c19-4106-afff-3b14be01b891,"blatherskite",3,5,"Three Bee"
f65bec7b-42d5-4993-a98c-9c833110cc66,"bleary",3,2,"One Bee"
f9f817b1-5237-44b2-8a5a-d433aff4c701,"bleat",3,1,"One Bee"
7189c88c-cc8a-4ca2-abd9-66ed9c460b53,"blemish",3,2,"One Bee"
47456bf9-381e-413b-aec2-d6c3bab0a894,"blessingspeacock",null,2,"One Bee"
77f78ed7-31fe-436d-90e3-9cd413885685,"bleu",1,4,"Three Bee"
beb362d2-f8df-4e70-b66e-d5116f8c95dd,"blight",3,5,"Three Bee"
5f02a3e2-6a12-40b8-8b78-2ead07738aaf,"blizzard",1,2,"One Bee"
0199dec5-dc57-4bb1-9c90-66178ecebd24,"blockheap",null,2,"One Bee"
6d55e8a5-5170-40e7-b51d-a6c5a6acff7b,"bloomsbury",3,4,"Three Bee"
a70fba00-50e8-4f3f-bfa5-9b2ae28e557c,"blooper",3,2,"One Bee"
1bf81b7b-b2d5-4555-8a9b-001db2e67ee1,"blotch",1,3,"Two Bee"
ec9297c9-17b8-4639-93be-79da817f380d,"blottesque",3,4,"Three Bee"
f7f9e73c-c122-47a3-afd0-5d3038896515,"blottesquebobolink",null,5,"Three Bee"
d1f32b75-1a8a-40e8-b59c-240a15aa4391,"blouse",1,2,"One Bee"
2d3912ec-e7fa-4cb5-9dcc-1fe1b1ef88cf,"blue",3,1,"One Bee"
34d6d8e9-c8f4-49fc-b211-79ff2ddf100e,"blurtedwallet",null,2,"One Bee"
771401a3-d76f-47cf-9456-98245c7a40df,"boarders",1,2,"One Bee"
3621e33a-0b62-438b-8bfa-d7d93af6fbe6,"boba",3,4,"Three Bee"
221d0b19-2a32-4a35-9ac6-bad1a9100836,"bobcat",1,2,"One Bee"
efe86bde-18e7-4594-aea7-0476767fe07c,"bobolink",1,4,"Three Bee"
bd1c6744-09ef-4af6-9a0c-591c25e116aa,"bodega",1,3,"Two Bee"
fe8bab09-8877-43c2-9c6e-9fe9fbad511c,"bodhran",3,4,"Three Bee"
aadff032-267b-4dc3-8838-c72962d8b65a,"bodies",3,4,"Three Bee"
2931cdde-526a-410e-8039-b40f6458e744,"bohemian",1,3,"Two Bee"
1522bfe5-82e7-4b7b-a5e7-fc7732df4cc7,"boiled",3,2,"One Bee"
0ecb693f-6fa4-4b92-b524-126373765fed,"boise",1,4,"Three Bee"
78d125e4-b8aa-4334-ba89-82c19832f697,"boiserie",1,3,"Two Bee"
e5ea9133-a30c-4a06-9554-a9d5742a9f66,"bolide",1,4,"Three Bee"
8ec9248c-82cc-44d1-b584-04700ca6cdbb,"bolognese",3,4,"Three Bee"
bc13b688-4a36-4f81-8c8d-4c50c0fa956d,"bombard",3,2,"One Bee"
3b80d3e2-58bb-4174-b9a2-a9ac53f095bf,"bona",1,3,"Two Bee"
6e89e3d1-1071-4032-aabe-cd0cc0ef017d,"bonanza",1,2,"One Bee"
cbd6b734-0cbf-4e01-af29-639f3c94d0bc,"bonfire",1,2,"One Bee"
a3d69280-233a-43b2-a1b2-fd7d73c38bf8,"boniface",1,4,"Three Bee"
bfc05c50-7f27-4052-8bd3-4d8af2b247c4,"bonobo",1,3,"Two Bee"
547ab9dc-c07c-41b9-93f3-c85068c833ca,"bonoboabrogate",null,3,"Two Bee"
f51c5d53-f710-4d10-9063-5171a0dd330f,"bonspiel",1,4,"Three Bee"
d0cd1a23-e6f1-47de-aeb5-09b0c049f7dc,"boogie",3,2,"One Bee"
f17e3c33-26a1-4f93-a65a-e1cd6cddbac7,"boogie-woogie",null,2,"One Bee"
011c5720-69a3-4684-9238-223bc5efa61f,"book",3,1,"One Bee"
77900fa7-3688-497d-8050-2946e91668a3,"books",3,1,"One Bee"
02613e37-e9b6-49ca-b3ee-b70bebfc33f9,"bookshelf",3,2,"One Bee"
38538fde-c78d-4c93-879b-a64188ce8adf,"bookworm",3,2,"One Bee"
103c698f-d455-4bd1-8fbb-c746fe0aa3fa,"boorish",1,2,"One Bee"
481996c6-cb53-4f3a-bf41-b83c3dcde2c5,"booth",3,1,"One Bee"
25ac6583-37d8-4569-80a4-3b2bfdc8d0f3,"bootless",3,2,"One Bee"
9bd50554-9833-4300-a1e3-a7e64cd04ce3,"bordereaux",3,4,"Three Bee"
2d5d0c31-f41b-4e2f-bb09-f311f5ad8ee9,"borrowed",3,2,"One Bee"
36e7e3bf-bc7d-45b5-b923-d3046fb89bfb,"bosc",1,4,"Three Bee"
a9903014-1e06-4fbf-bc8c-5e0a2a496694,"bossa",1,3,"Two Bee"
e0b3adff-a32e-43b3-baf4-18327a7354f4,"boston",3,2,"One Bee"
87ae0c69-fcfc-4e04-a744-cb3c7d63cf59,"botany",3,2,"One Bee"
5bd5892e-3947-472b-a9d6-79d1ee8932f0,"botch",3,1,"One Bee"
1fc6bf33-3d4b-4d3a-b4f6-751132eeeeb2,"both",3,1,"One Bee"
c05ce320-af48-4266-9757-8821105b91b0,"bother",3,2,"One Bee"
aa352656-1568-42a6-9c37-7b35ecd911f2,"bottle",3,2,"One Bee"
912a77d8-57e3-4d38-9a2f-221a3b092941,"bottom",3,2,"One Bee"
d3f6ed09-6dff-4b81-a3fe-71fc3a315879,"boucle",1,3,"Two Bee"
29501e7e-98c9-4095-8282-543797c56be8,"bouclé",1,2,"One Bee"
43f2d7bf-06c4-42f9-bf4e-7438746c9521,"boudin",1,4,"Three Bee"
b4360276-934f-430e-ac34-bc15877eb022,"bouffant",1,3,"Two Bee"
32487db3-3353-4eb6-b054-12a28ecf7bd8,"bouillon",1,4,"Three Bee"
0ae39da9-045f-4ece-bb37-8c99182fab52,"boulevardier",3,5,"Three Bee"
a3472ed6-60ad-435f-87ad-1b22c2f3f6bf,"bounce",3,2,"One Bee"
3884de29-bb79-49f5-a0f5-2de75c1cbd8c,"bounding",3,2,"One Bee"
8b06ee49-21df-45f6-96b6-a71eb6db934c,"bountiful",3,2,"One Bee"
901d5ab9-57fa-40b9-b098-b28f36dde33c,"bourgeois",3,4,"Three Bee"
00877dee-4aba-424e-8fa7-fa8a3ca67591,"boutade",1,4,"Three Bee"
a08e9629-0b23-4f4f-95df-53e367944335,"boutique",2,3,"Two Bee"
c873a6ad-18ef-4df3-a7e4-3e9ef016c1f7,"boutonniere",3,4,"Three Bee"
cf3c6139-e886-4826-92f0-0d7aef6e7841,"bovines",1,3,"Two Bee"
37c854d5-057b-4ba9-83ab-61a2b9f83543,"bow",null,1,"One Bee"
40839b0d-7dba-4d78-b607-0ba494255d15,"bowlerphantom",null,3,"Two Bee"
ba26a436-1b12-4ef9-b764-db13fd8621a1,"bowsprit",1,3,"Two Bee"
8dbc3647-1a69-495d-8ed2-2859d31ccb5f,"boxer",3,1,"One Bee"
d600ea78-e882-4638-9d45-ad40a061ee80,"boycott",3,2,"One Bee"
2f319a9f-d158-4516-afaf-67e364dc939b,"boycottcalzone",null,2,"One Bee"
4e18fb2b-ae52-4d8b-a296-58a78a087619,"bozzetto",1,4,"Three Bee"
f57b8eeb-2c24-4e81-bddd-3172decebd67,"brackish",1,2,"One Bee"
c54a7631-a82f-47eb-b05e-9091e8bc0523,"braeburn",1,4,"Three Bee"
99206933-a3ad-48dd-b266-f0503243d35f,"braggart",1,3,"Two Bee"
d569559f-8c37-4f93-8eba-6d9800931def,"braillevignette",null,3,"Two Bee"
76d195e0-3a0a-486e-995b-09da66599c06,"brain",3,1,"One Bee"
0bf63070-9c07-49ec-97fc-e24044ee8ea9,"branch",3,2,"One Bee"
f064bfa5-73c2-494c-a842-707123816051,"brands",3,2,"One Bee"
6f67890c-adee-413e-8593-6c568cb6fdb6,"brass",1,4,"Three Bee"
744024c0-0074-4789-ab44-6137506c6474,"bravado",1,3,"Two Bee"
b4301c8f-be4b-496d-8a7e-13c8bc0a3fce,"bread",3,1,"One Bee"
6841fa95-aa79-4009-aa34-4697f03fba6d,"breathe",3,2,"One Bee"
ac688fe7-d26b-4167-9a77-a76550a43e19,"breathtaking",3,2,"One Bee"
9848c57d-32ce-4830-958d-aa6caec9ca2b,"bred",3,1,"One Bee"
dfb014a4-235e-4eb1-969c-5cd4a28db2f9,"breed",3,1,"One Bee"
c6a282b6-5d20-4d60-8695-92d5264a43c5,"brethren",3,2,"One Bee"
026b38ac-e3b4-44f3-82a1-ef7d2b7a8917,"brevet",1,4,"Three Bee"
835f00b7-5ad3-4d75-97fa-c0d0ffc54536,"breviloquencenoun",null,3,"Two Bee"
78e5ad1d-bd97-429f-b61b-a8a22c897680,"bribery",3,2,"One Bee"
50103be5-9897-4200-b14b-c5c861cd81f4,"bric-a-brac",null,3,"Two Bee"
93e86da8-1d17-42e8-81d8-54a6c445fe20,"briefcase",3,2,"One Bee"
1f15f384-5aed-4042-b87a-435d6087d7cd,"brigand",3,2,"One Bee"
11ffa4d7-239d-4135-b1a0-cb3ccb0bba20,"bright",3,2,"One Bee"
ff2d34cc-92a2-4aea-915c-d9eae08bd322,"brilliant",1,2,"One Bee"
333b6460-a02f-4e5b-a6e0-fb191b186006,"bring",3,1,"One Bee"
bacbf3aa-6c4f-4907-8015-749b4d318a4c,"bringing",3,2,"One Bee"
93ca3104-8401-4570-82b2-9d12f09e20e2,"briocheadumbrate",null,5,"Three Bee"
ac9c10e9-538e-4363-8ee4-880c51a6e620,"bristle",3,2,"One Bee"
016979d3-1808-4a39-a0ab-9f07b622c5eb,"british",3,2,"One Bee"
ee5aafe6-71c3-44bd-aa30-042eda088713,"broadcast",3,2,"One Bee"
50c3543d-3121-48f8-9c0c-e3fa8b0ca1f8,"broadcaster",3,2,"One Bee"
4343a191-7d40-4710-9ec3-d639303484c0,"broadcasters",3,2,"One Bee"
5212ede8-0c1c-4f92-9273-e301b4cc22cd,"brocade",1,4,"Three Bee"
0e7c1d98-a673-4628-bd4f-c87201399b69,"brochure",1,2,"One Bee"
d876195f-a81f-4984-8c6c-7d5004a61e63,"brockage",1,3,"Two Bee"
5bdb4ea5-8fef-45fb-a707-5772e78f6bdf,"broken",3,2,"One Bee"
aa42549d-969c-4d54-9ffb-64adf712b3d8,"bromide",1,3,"Two Bee"
ef202bd3-5176-4c5b-bfcd-398af65058f4,"bromidealgae",null,3,"Two Bee"
2d2252fc-3f96-4cdc-bfce-b5570b72c4e2,"brooding",3,4,"Three Bee"
f4a78fa9-39a8-414d-a90d-744d9db3ec8e,"brooklyn",1,3,"Two Bee"
9cb06f0c-9a6a-45a8-a821-a91cd982ad96,"broth",3,1,"One Bee"
a983e0bf-ce8f-4a71-9d7e-1916e4709c17,"brothash",1,2,"One Bee"
21e6d7e1-d7aa-41f8-9645-5230a85eb368,"brouhaha",1,4,"Three Bee"
830e3159-7ad4-4fa7-9ae1-b95175c3bb83,"brouillon",3,4,"Three Bee"
ac9f5e09-90df-4b95-a51f-cfcab09ef9d1,"brownish",1,2,"One Bee"
af12bfdc-bf96-4cc8-8500-5d2d1b499413,"brucellosis",3,4,"Three Bee"
aed5c0e4-5b57-4fad-9265-634ddf099f2e,"bruja",1,3,"Two Bee"
2eaa78dd-6b60-466b-a972-7ce2e16aa1f7,"brujaupsilon",null,5,"Three Bee"
41cf0ebc-4ce6-468d-bc96-dfabe676afbf,"brume",1,4,"Three Bee"
4c0f75bc-91cd-4125-aaa1-2d311c778cf6,"bruschetta",1,4,"Three Bee"
1acc3d1d-963b-4030-a894-385d354a7bc2,"brusk",1,3,"Two Bee"
6dde77f4-e83d-449e-b494-2602dc583288,"brut",1,3,"Two Bee"
3bafe03e-416d-42b8-a781-ad67c515ea5f,"bruxism",1,3,"Two Bee"
d599b87a-9ac4-467d-a1b1-16e5c58e45e0,"bubble",3,2,"One Bee"
74257719-4f55-43b1-94f4-cca95e888032,"bubbly",3,2,"One Bee"
c1a56928-8671-4c9c-8b48-d7761756b1d3,"bubonic",1,3,"Two Bee"
37e2bb1d-972f-47c5-b67e-767e72225174,"bucatini",1,3,"Two Bee"
b9b90613-7c71-4642-b18d-e23555ea1037,"buccal",1,4,"Three Bee"
459fbaf1-3c50-48ed-a7b5-e6e9e7598936,"buccaneer",3,4,"Three Bee"
db8b14b4-7d01-426f-9efc-ead01262d799,"bucolic",1,4,"Three Bee"
8e7a0093-481b-4526-9bf1-ac41d4cae282,"buddhism",3,2,"One Bee"
004e41fc-83e9-4bbc-87b4-59ca204676d6,"budgereegah",3,4,"Three Bee"
d29ee2f9-9981-4ff6-a2ee-e8fcf751f3ef,"budgerigar",3,4,"Three Bee"
4525543a-5eca-4c0d-9ff6-a27945f88b0e,"budgerygah",3,4,"Three Bee"
0dcc90a8-783f-4aa0-80a7-315a2d2e04a9,"buffa",1,3,"Two Bee"
dac27aa2-b259-45fd-9291-838a09a7ee8d,"buffet",1,2,"One Bee"
9290246f-55fb-484a-8ffa-0d6b4db9e0f7,"buffoonery",3,2,"One Bee"
ec8477d4-12bb-4fcf-8945-53cbd9ff883e,"bugaboo",3,2,"One Bee"
faba30bb-f21e-4f8e-89bb-c2868311fdbe,"building",3,2,"One Bee"
4c30871c-7b9c-47d0-839c-678213a2f521,"bulbous",1,3,"Two Bee"
0605e1db-d78c-46dc-b6ca-b20fc4da54bc,"bulgogi",1,3,"Two Bee"
ab0610ac-b93a-4c73-be4a-23b62d8faa2e,"bulwark",1,3,"Two Bee"
358e9092-7859-465c-97db-9ebd6e08caff,"bumblebee",3,2,"One Bee"
8e517312-8ecf-412e-a63d-14229636894a,"bundt",1,3,"Two Bee"
d1a683d3-2c1e-470b-9ba9-c8f592322ab3,"bungee",3,2,"One Bee"
1c729157-b03e-46f9-9749-3935da6c6cc2,"bunsen",1,4,"Three Bee"
f3801080-b739-4862-9dbc-ea1f808864c2,"buñuelo",3,2,"One Bee"
9a783305-d491-4f3b-a256-c6d7f1980453,"bunyanesque",3,4,"Three Bee"
bc60920b-3a5b-4e0f-b655-6334f3405dee,"bunyanesqueexsect",null,5,"Three Bee"
055e19fb-4b4e-468c-bb91-1897367c241b,"buoyancy",1,3,"Two Bee"
da33d48e-18f8-4afc-b8c1-19433a72ccf4,"bureaucrats",3,4,"Three Bee"
f6ec4db6-8d2e-4012-9140-ff1885f5996b,"burelage",1,4,"Three Bee"
b13974ab-9004-4474-bb70-b7c800ff5c4e,"burgee",1,4,"Three Bee"
1d83bf4a-b531-4e87-8a8f-2e0f8ad93be0,"burgoooccupancy",null,3,"Two Bee"
edc7d879-16c0-4e61-a1d0-07dc3313ac40,"burgundy",1,4,"Three Bee"
5dae97f8-bccd-4ae9-971a-5823adcce431,"burial",3,2,"One Bee"
45d91949-f437-4383-8747-e223c98dcc49,"burkinabe",3,4,"Three Bee"
17f09b96-23ed-4ce4-946f-111a9c4422f5,"burly",3,1,"One Bee"
e1c32726-0c10-4c3a-8d54-c58b197a1312,"burner",3,4,"Three Bee"
8cdac74e-bd3f-48c6-afa8-43435fc19054,"burro",1,3,"Two Bee"
a2226a21-4e76-45e8-aa02-06b04c14e679,"bursting",3,2,"One Bee"
0db7526d-830d-48c2-9c91-9e72a4030d63,"busby",1,3,"Two Bee"
989754a1-1991-4ff2-8cdd-4bb6535e5bc3,"busbyadjective",null,3,"Two Bee"
6bc1a728-2701-4d2a-a127-9feb1da08175,"bushel",3,2,"One Bee"
498e643f-45a5-4941-9237-5d9c3dbd23f6,"business",3,2,"One Bee"
c2252bfe-0dbf-4621-a0c2-b8b7e942d177,"businesses",3,4,"Three Bee"
9229ecb4-d581-4eac-be02-d04ca904433b,"busy",3,1,"One Bee"
40f660aa-6f2d-4d80-9d1f-2f05192c2e22,"butterfly",3,2,"One Bee"
b7bde797-987b-45e8-a618-29efe60c630a,"butterscotch",3,2,"One Bee"
8dc0a373-48f3-4bec-a52d-84fc38dca59a,"buttons",3,4,"Three Bee"
12df7886-0479-402b-a64e-2b3860cbc110,"buzzard",3,4,"Three Bee"
643b9152-2f6a-4bac-9adc-771b1dfe577d,"buzzing",3,2,"One Bee"
e40d5e4b-2afe-41d3-a902-a1c4be1408a9,"buzzworthy",3,2,"One Bee"
a7ca4c56-d0f1-42b1-acdb-366efbe5fdb9,"bygone",1,3,"Two Bee"
307999c3-4f1e-4f07-98aa-3f086ce16a9c,"bypass",1,3,"Two Bee"
c97f1c79-8874-4b79-a83f-397f8ec4bbce,"byzantine",3,4,"Three Bee"
521c4cd5-076c-44f8-a2ff-501a81ebcee0,"cabal",3,4,"Three Bee"
ca9cae3f-4fc5-4370-9738-e110510f9ad0,"cabaletta",1,4,"Three Bee"
46e8e125-c03e-4811-88e7-f5080c4b33ef,"cabaret",1,3,"Two Bee"
d3f1128b-b9e8-4326-9692-7f84f4905e05,"cabbage",3,2,"One Bee"
3c6ccaf0-5dfe-462b-89da-4c1a45493e1d,"cabeza",1,4,"Three Bee"
232476d2-e3e1-4ec4-b0e2-0a66e65a624e,"cabochon",1,4,"Three Bee"
b187a94a-c280-48ed-8b27-68d40c1338c9,"caboodle",1,2,"One Bee"
5b2ee58c-5d15-41ff-a3af-c1a2e1dd76a1,"cabotage",1,4,"Three Bee"
9d49fa73-45c6-4aa0-8751-e2e1ec6506fe,"cacaxte",3,4,"Three Bee"
a0adaf28-7368-4592-b637-30ff53e2e354,"cache",1,4,"Three Bee"
e35b8057-8c30-4f5a-b495-aafc61159c9e,"cachexia",1,4,"Three Bee"
155e0bde-519e-4140-b7f8-7843929a95ef,"cachexiaconnoisseur",null,5,"Three Bee"
50f17ff8-bf85-444e-b3c3-17f1cbfc0e62,"cacoëthes",1,2,"One Bee"
7c84db4b-6369-480d-b7d8-cb80b708791c,"cactus",1,2,"One Bee"
16d32eb7-ec94-4679-ba0e-a50c2133e2b5,"cadence",1,2,"One Bee"
824f637a-d6b6-4e5f-86ce-d32baecdea10,"cadge",1,3,"Two Bee"
b00a6e31-4543-4d69-8b20-524e7ac642d8,"caduceus",1,3,"Two Bee"
fe2a515a-5626-4cf1-9acc-809873923e48,"caducity",1,3,"Two Bee"
bdc6bee0-ca67-4e1d-a5d6-4bcb2b9d8bff,"caerphilly",3,5,"Three Bee"
41b95f05-d792-428c-9375-690b937076c3,"caesar",1,2,"One Bee"
c3019376-1381-4903-9b25-e5b1aef73e1a,"caesious",1,4,"Three Bee"
f6bdf55f-e2e5-4495-9467-ff0ade0e17b9,"caffeine",1,3,"Two Bee"
607b4071-27bb-406a-8714-1eb3fb65a328,"cahiers",1,4,"Three Bee"
c3e8c729-c058-44d4-9e6c-44ad263e6789,"cahoots",1,3,"Two Bee"
1106d70c-38fb-4c86-a9ec-eb00ed309890,"caique",3,4,"Three Bee"
c1e0dbd1-7f45-432c-ad4f-41eb41cf905a,"cairn",1,4,"Three Bee"
a3cade98-a5a7-49b1-a355-027869fd7e1a,"caisson",1,4,"Three Bee"
67408c01-ea88-4df3-8332-dd5c8ea5b601,"cajole",1,2,"One Bee"
31617636-3ca4-4fe8-802e-10cd703405a3,"calabash",3,4,"Three Bee"
e2aa50fa-552c-40b8-8f3a-bef37c9ed6db,"calamari",1,3,"Two Bee"
2ee447c9-82ae-41fb-baff-5408ee94f2ae,"calamitous",1,2,"One Bee"
b2867704-75d7-44b6-ab35-1867c1c12825,"calamondin",3,4,"Three Bee"
4a712f04-e4b4-4822-9186-b123fe7605d3,"calcify",1,3,"Two Bee"
b194f221-e64f-4490-98b7-66a05f401e9e,"calculator",1,2,"One Bee"
971963ca-82f3-458a-868b-12857cf3ba61,"calculus",1,2,"One Bee"
26e65542-e47f-46f5-8947-4cf95a67ebb9,"caldera",1,4,"Three Bee"
74e37646-2ba0-4687-ad60-e8da1dddb744,"calefacient",3,4,"Three Bee"
2a6ad95f-9e81-461f-b954-53e6ad1f8822,"calendar",1,2,"One Bee"
620ece8b-5146-4c79-872d-f3da5c93baab,"calendula",1,3,"Two Bee"
f841ef5e-ab97-485a-bc36-486c4461b70d,"calenture",3,4,"Three Bee"
6c1d53f9-42e9-429c-a8d5-0426565d90b3,"calico",1,2,"One Bee"
06c50352-ab83-4c43-8424-413d8bdad5b3,"called",3,2,"One Bee"
dba662fe-a268-4b60-b1fc-7a2ab818dd03,"calligram",1,4,"Three Bee"
c5aac790-7042-46aa-957e-1cc1e4b8313b,"calmed",1,3,"Two Bee"
434d7a70-d8f8-4868-ab6e-8e4e3335792f,"calories",1,3,"Two Bee"
44669807-76d7-4acc-bd1e-9a7934d634e7,"calumet",1,3,"Two Bee"
e1cb693b-6ca9-4d2d-b36f-20c3dc5eba32,"calumny",3,4,"Three Bee"
3c3f638c-f760-47bd-b695-824d10727438,"calusar",1,4,"Three Bee"
f5891c69-2457-4b7d-9d14-63ab7c39e7e7,"calvities",3,4,"Three Bee"
1ebc145e-db6a-484a-b2b4-6f7aae394f7f,"calypso",1,3,"Two Bee"
22083a74-b90e-4dbc-a96b-6d83521df536,"calzone",1,2,"One Bee"
970507f4-6922-41cd-8315-c5c22941a409,"camarilla",1,4,"Three Bee"
cf57a981-05d4-4e16-97f0-d05eba3a95bb,"camarillanidicolous",null,5,"Three Bee"
9c28fdba-a2cd-41a6-9986-fd934358730c,"cambio",1,3,"Two Bee"
c6f2e539-7560-48cd-845e-43e2addae9b1,"camcorder",3,2,"One Bee"
4b757587-b6a0-4a33-beb1-54b33b60f11f,"came",null,1,"One Bee"
1609d658-2b76-461c-9729-c6244eed1e9e,"camel",1,3,"Two Bee"
a83d319e-fca0-4e83-b78d-f5977a846037,"camelot",3,4,"Three Bee"
8c01a447-a3f8-4ea6-bb5a-f40bca2581ba,"camembert",3,4,"Three Bee"
bf28cb12-4b58-4065-bc60-d3e6733e9f4b,"camera",1,2,"One Bee"
77b74a30-10f8-4921-8e44-b0c9f6f1707a,"camouflaged",3,4,"Three Bee"
b33a41cc-7975-4c7f-9c07-807042518da9,"campus",1,2,"One Bee"
093a5003-c034-49bd-baea-8a557ecca8fa,"canada",1,3,"Two Bee"
32cd730d-3c0d-43e6-a7c3-a7b73d328b2c,"canaille",1,4,"Three Bee"
d544c7bb-e29b-4664-8f14-bd8ac101ae42,"canaillecantatrice",null,5,"Three Bee"
ccba4903-e696-4d8d-84a9-af93a686896d,"canard",1,4,"Three Bee"
23a092f5-e2c5-4883-96d4-8f3c04c3a862,"canary",1,4,"Three Bee"
ea0d09a0-742c-44c3-83ab-944bc79d88ab,"cancel",1,2,"One Bee"
475d61e5-3af0-461c-bd98-dfc927ca484e,"cancion",1,3,"Two Bee"
ac6ace01-8673-41d8-8c00-4d92dd0d8c89,"candid",1,2,"One Bee"
93361b95-54c2-4fff-88a0-996c78d06d76,"candles",1,2,"One Bee"
fc1e52c3-76d6-4210-bbba-02d4241a19d8,"canid",1,4,"Three Bee"
13c7e082-f1cc-4898-8d80-fa19fcc2252e,"cannoli",1,3,"Two Bee"
f83870c7-fb47-44ea-b2b9-4ff0935f311e,"cannonade",1,3,"Two Bee"
b4a28931-da72-4b3e-af5f-d4ed9264e382,"canny",1,4,"Three Bee"
b89eed43-420b-4674-91ba-9b9e005e8368,"cantatrice",1,4,"Three Bee"
ab1f994c-b26f-4f6f-8e38-975da9f0e321,"canteen",1,2,"One Bee"
873144f4-5230-44e4-800a-840dddd410a7,"canterbury",3,4,"Three Bee"
19e68047-ed06-4420-ae5e-8daa9ec2a072,"cantonese",1,4,"Three Bee"
5e22f138-3a81-46d1-9ceb-0defe31fb3bd,"cantor",1,2,"One Bee"
bc57bc56-399e-46b5-a395-c217fff0a44f,"capable",1,3,"Two Bee"
6b12ac2b-8c37-4288-8bcf-c2c9582d659e,"capacity",1,2,"One Bee"
73b8979e-d9e2-45e6-b8b9-f54549746e62,"caparisoned",3,4,"Three Bee"
3811fe87-9164-4dbc-bc34-f770cd17a5d5,"capillarycapnometer",null,3,"Two Bee"
12a31701-2a26-4574-aa3f-0b02bbcf6982,"capital",1,2,"One Bee"
7814ba27-9cb5-4bb8-a59f-e2dadfb8881a,"capitalist",3,2,"One Bee"
318309c5-a6f4-45c6-af2b-82754eb3c13f,"capnometer",1,3,"Two Bee"
3cad94a2-f875-4c52-8883-13b8ff84d4a0,"capoeira",1,4,"Three Bee"
29fca823-1dbb-41af-98ea-d1e27b357440,"capotasto",1,4,"Three Bee"
b5619828-f1e4-426b-9378-2d94a4fe4be6,"capricious",1,3,"Two Bee"
5c9feffb-3272-4b50-a33a-3aba25ae5a61,"caprifig",1,4,"Three Bee"
0777b441-df01-4316-bec6-a2c9d373fe4e,"capsaicin",1,4,"Three Bee"
d5118fbd-ce04-4ca6-940c-11b528005069,"capstan",1,3,"Two Bee"
ae6f3054-6d1f-4901-aefc-abaa2bcd49f3,"capsule",1,3,"Two Bee"
e1a72d24-f7a2-4055-9747-23f417e606c7,"captain",1,3,"Two Bee"
97ecfd9d-ceed-4c6d-83cc-8a23c9991f0b,"captivated",3,2,"One Bee"
25f93209-ffa4-4e52-b178-990648924b6f,"captive",1,3,"Two Bee"
5af0642e-aa7e-4481-9b2c-fa679822cd42,"capture",1,2,"One Bee"
197de499-4722-42c3-8734-16ff3b5ca2b4,"car",null,1,"One Bee"
d7bae86c-563d-4f73-9ccb-b2070c45ff0a,"carabinieri",1,4,"Three Bee"
9dd5542f-b02d-47ca-95ed-eadfcb5e9e7c,"caracas",1,4,"Three Bee"
25c6ac53-7e99-46ad-87f2-cb20bfb500d8,"caramel",1,2,"One Bee"
f88430a9-8743-4504-b5a0-71f61c8ffff5,"carapacedauerlauf",null,5,"Three Bee"
2f3cb2b2-8a36-4231-8e93-b66af00dbf2a,"caravan",1,2,"One Bee"
3714c48b-e128-4082-b4a9-19315a8e6a3c,"carbohydrates",1,3,"Two Bee"
038ee4a8-97fa-4875-a950-f69eec1c433c,"carborane",1,4,"Three Bee"
7f85c16e-e9f2-4a5a-8167-f51752a8708f,"carcajou",1,4,"Three Bee"
39266922-00b7-40f0-ad0a-6b7414d90360,"carcass",1,3,"Two Bee"
d204a0e2-8e85-44a2-a998-40945fed6798,"cardigan",1,3,"Two Bee"
a1e7540f-b648-45bc-a392-87843a5a1d62,"cardiopathy",null,3,"Two Bee"
c2d6c887-7b17-4ef7-8ab3-94145e72463b,"cardoon",1,3,"Two Bee"
7bf0ce5b-a067-4e6e-8cdc-9d4a6a6ac60e,"career",1,2,"One Bee"
d912d402-2dc7-4021-8d7e-81caaa6232dd,"carefully",1,2,"One Bee"
75d4ab3b-a526-4276-8531-cf948d6f119c,"caricature",1,3,"Two Bee"
9ce7205a-0988-40f9-86d9-685b7c8dd941,"carillon",1,4,"Three Bee"
e2f2b355-6949-46e7-8ed1-3dea7a988417,"carlisle",1,4,"Three Bee"
cd8b87e7-28aa-44f9-9377-75507d321e5f,"carmagnole",1,4,"Three Bee"
eabeb3dc-6e5f-4a5f-bf62-fc80f4538396,"carmelite",1,4,"Three Bee"
09ef767b-df52-47b3-aab1-389dc16d7497,"carnage",1,3,"Two Bee"
169e7ea1-51a6-4fd7-90dd-069a6c612d0b,"carnassial",1,3,"Two Bee"
3fc8bf05-fbd0-4ff5-8ddd-675abbfec3d9,"carnation",1,2,"One Bee"
9f11c401-e7a5-4b98-a319-8f4db56a1d23,"carnifices",1,4,"Three Bee"
6875400d-8fec-4a55-ad52-74a6005852a1,"carnitas",1,3,"Two Bee"
31bb3f89-9401-40cd-b64c-0b9928902493,"carnitine",1,3,"Two Bee"
3ed9d656-6204-4b8b-9ccb-0f6833b5c482,"carnival",1,2,"One Bee"
d50ba1e3-b344-42d7-b880-a82f5e9e7ad6,"caroling",1,3,"Two Bee"
94be7c32-dcf1-427f-b29b-d2508a07b498,"carolling",1,3,"Two Bee"
399ace2b-7070-4763-9a31-324dc3d5925a,"carpal",1,3,"Two Bee"
be74bafe-e18e-4230-95e1-e7cba838107c,"carpenter",1,3,"Two Bee"
6889a5b6-35a1-49ec-a9c0-042db59e4b65,"carrageenan",1,4,"Three Bee"
7ee7c469-d128-4fe4-a42c-01e3f1257e55,"carrageenin",1,4,"Three Bee"
30892fea-f543-430a-8003-0c17889d638f,"carragheenin",3,5,"Three Bee"
947cb99e-b10d-4a11-81f3-15d604392bf2,"carriage",1,2,"One Bee"
1118628c-cb18-4a93-b5ef-d8f029ce92ed,"carrickmacross",3,5,"Three Bee"
68d8a58c-74fe-4397-bee2-ab4cc15e1519,"carried",1,4,"Three Bee"
f61139c9-da8f-44d4-9694-94f8f55ddd56,"carrion",1,4,"Three Bee"
6a7fd4f0-4cc8-424b-8505-1b9095e62a05,"carrot",1,2,"One Bee"
df022c3a-247d-479c-8d0d-971e305aa02b,"carte",1,4,"Three Bee"
5c00e05d-5de7-4e80-aa90-28647e2a48d7,"carthusian",1,4,"Three Bee"
8f829259-b422-4330-a665-f03a0a8e3b04,"cartilage",1,3,"Two Bee"
a90b6f43-7955-4888-a258-6bff226bb58a,"cartoon",1,2,"One Bee"
c11ad72e-834f-4d00-9808-2589fe470d69,"cartoondough",null,2,"One Bee"
6b326aca-039c-449e-bb20-ebe2692d6827,"cartouches",1,4,"Three Bee"
057e968a-4bec-4e13-82d7-18041a9b051e,"caryatid",1,4,"Three Bee"
a0a7a6d2-84fe-4d37-a9ff-6e07c08151cb,"casa",1,3,"Two Bee"
5f435f69-53db-4edd-b44f-dac1ee9d5b98,"cascabel",1,4,"Three Bee"
2cde5590-94ff-44cb-8ea5-bd6a3c32a17e,"cascade",1,2,"One Bee"
a4eaa942-0555-446c-900d-69915bc5d89b,"cases",1,4,"Three Bee"
06551ad8-7541-402f-a58e-e1b9afda7dde,"cashier",1,2,"One Bee"
d6670468-7f0c-4e6f-ac4e-46dd4374ff20,"casimir",1,4,"Three Bee"
829c4814-fec7-4fdb-93e2-4bfcde56ee2b,"casino",1,2,"One Bee"
a295abf2-abfa-417e-a02f-cf557a7f88d4,"casserole",1,2,"One Bee"
b3d64e68-95d3-49c3-b751-179f2b92738e,"cassock",1,3,"Two Bee"
ef783831-7236-45cd-bd87-efa02b93a7b2,"cast",1,4,"Three Bee"
13e48e94-384b-4f69-ae50-56ee1a7239c3,"castalia",1,4,"Three Bee"
78bb380f-dd30-4ae5-8e09-6bfc3d13d5b7,"castigate",1,3,"Two Bee"
1ecab250-7b1e-4ee5-b62a-010b3e585f7a,"castigateveered",null,2,"One Bee"
791b3c40-e9cf-46b4-8a10-e82ae57b8c44,"castilian",1,3,"Two Bee"
2a127763-11fa-46d0-bc59-cd56e1f69168,"castle",1,3,"Two Bee"
7a6d64df-9567-43b3-87e1-c09825e61b81,"castor",1,3,"Two Bee"
427729af-cd24-4fa0-a001-387c441eb45c,"casualty",1,2,"One Bee"
83a62a8f-568c-4f8e-9ee7-984e91005ff6,"cat",null,3,"Two Bee"
affc5ff0-d3ef-42cd-9242-1c8edfef4bb3,"catachresis",3,4,"Three Bee"
db81e435-86ab-47ee-8629-5d42bab428ae,"catalepsy",1,3,"Two Bee"
deeb84dc-97b2-4ac7-8d12-82a35d2f1469,"catalina",1,3,"Two Bee"
6ec1e2b5-2720-4db9-a310-c62a99ee13eb,"catalo",1,3,"Two Bee"
2a1a8a05-a133-4bcf-b45c-3b39791011f7,"catalyst",1,3,"Two Bee"
6832df3a-58fa-49ce-a82c-c408d6168c49,"cataphora",1,5,"Three Bee"
6b633943-f2cd-475b-a4f9-962c92eaff38,"catapults",1,3,"Two Bee"
73d466a9-3bc9-4f24-b3ff-b44a8923c110,"catarrh",1,4,"Three Bee"
3d0c256b-7397-468f-a68b-933b755b5a6e,"catastrophe",3,5,"Three Bee"
a83730a4-68fa-4375-a453-9edfd7bf9c74,"catching",1,4,"Three Bee"
bcff0c82-8713-4dc6-b307-fa07d044594f,"catechism",1,4,"Three Bee"
6230a38b-c4c7-4081-a670-fc511390fb54,"categorically",3,5,"Three Bee"
aefa7049-3dde-49f4-89e4-5e06c412bed5,"caterpillar",3,2,"One Bee"
6d3db4b4-7bf6-451f-a746-84832b966da7,"cathect",1,3,"Two Bee"
5de41903-dfde-4735-b6ed-42b2d7da480c,"cathedral",1,2,"One Bee"
a7063477-9ee8-44a9-91d2-e1aebd47fc5c,"catherine",1,4,"Three Bee"
04393f97-a1b4-445a-9265-c5522a9b6c2d,"cathode",1,3,"Two Bee"
94877ede-4fa3-4ce3-bda4-64e33b85d88e,"cathodecatnap",null,5,"Three Bee"
ec5fae34-50a8-4aac-9145-565d4a025505,"cathodecattalo",null,3,"Two Bee"
c1e1c4b4-ce78-41d8-bd3b-d3f8de5bad8b,"catjang",1,4,"Three Bee"
c720c6f0-9802-4943-a447-b668c7b94306,"catnap",1,2,"One Bee"
045eeab4-a283-40c3-99d7-89bb280a4c0d,"cats",1,4,"Three Bee"
33642876-4ddb-4e00-bee5-3fa5914a4316,"cattail",1,2,"One Bee"
944d9d75-cc36-4b42-a584-9dbb656d5599,"cattalo",1,3,"Two Bee"
29684e17-be84-46aa-b82d-7da1681d41d3,"caudex",1,3,"Two Bee"
12f21565-6dc2-40df-81d3-6b037c6b7140,"causal",1,3,"Two Bee"
dd15866b-1aab-4615-a787-7ffe7f6db6ac,"caustic",1,3,"Two Bee"
7f7fe049-91d0-4179-9d28-d5666f4ec8ab,"cauterize",1,3,"Two Bee"
0f258c64-b002-4ec5-9546-e4fc26933343,"cavalcade",1,3,"Two Bee"
c2842702-a025-4ed3-b588-3da17c37ba9c,"cavalier",1,4,"Three Bee"
464112a9-5460-49b8-b2cd-08fea4af1ac4,"cavalletti",1,4,"Three Bee"
36850476-fb76-407c-9bc4-bb189741bdd7,"caveat",1,3,"Two Bee"
fb595024-fc9a-424c-b52c-99fd26c7cc70,"caveola",1,4,"Three Bee"
2434004a-5668-4b07-9ad0-5c98ba35b39f,"caverns",1,3,"Two Bee"
1aeeb39c-15d2-428a-bae0-c2da3e52b836,"cavity",1,3,"Two Bee"
cf3bc396-4534-4acf-8495-cc53deb4fb5c,"cayenne",1,3,"Two Bee"
9f4fc90f-56bf-4229-b923-0c44e85cf832,"cecidium",1,4,"Three Bee"
f4875496-2c7e-4447-860a-f379798a5a22,"cedar",1,3,"Two Bee"
094ac30e-b300-497f-97f9-fff1e0294d13,"ceiling",1,3,"Two Bee"
c8123f9e-e981-42df-89a7-90c7475499b9,"celebrates",1,4,"Three Bee"
7cb7df13-0667-4958-9c3c-47e90a69cd90,"celebrating",3,4,"Three Bee"
666d1161-726c-4360-9b27-065100dcbad3,"celebratory",3,2,"One Bee"
34d240de-3d34-4b9b-8563-f3911aebc170,"celery",1,2,"One Bee"
a4ebcda8-9c8a-4f7c-acab-3e84fe360c51,"celeryidiosyncratic",null,3,"Two Bee"
6953da69-fa6e-4535-a993-2f614426e2db,"celestial",1,2,"One Bee"
29bf85e4-2770-4f32-8ef9-f025dfd6d423,"celsius",1,3,"Two Bee"
967ea497-f6e3-4943-b782-565bbaed2396,"cement",1,2,"One Bee"
1b1ef855-b6ab-4959-abab-342aa16816fd,"cemetery",1,3,"Two Bee"
d986ca84-7d25-482f-be9e-c4ea0f1bdf09,"cenotaph",1,3,"Two Bee"
a5ccd629-6794-4dd7-83d4-dcf110d4a49f,"cenote",1,4,"Three Bee"
5bcded93-7af3-42e9-85b2-a86fd6ad2747,"census",1,2,"One Bee"
a2bfc5cb-d84c-400e-8283-c423b7887f31,"censusstagflation",null,3,"Two Bee"
e3ef8ce4-a549-45ca-bc91-0169a57c282d,"centenary",1,3,"Two Bee"
bc4e5c59-f818-4f20-bd2c-4b933f5b4877,"centenarymatrimony",null,3,"Two Bee"
18aefd86-92c5-4037-a544-0547fd5c9e32,"centennialcertiorari",null,5,"Three Bee"
996634ba-c0eb-4b0e-9c39-91ff1a129e68,"center",1,2,"One Bee"
1c876969-13c2-4a49-ac93-fce6c9ae28e9,"centipede",1,2,"One Bee"
1845c5f7-acbe-421c-b0cb-82ea27323ac2,"central",1,4,"Three Bee"
32b9d296-fbe3-45d0-9133-4b45a9ec9f87,"centrally",1,4,"Three Bee"
9776fdd7-1d79-44b7-aaab-b1a2cc01c50b,"centrifuge",1,4,"Three Bee"
8e5aa815-f8da-46a2-8036-90ef7cd850cb,"centuries",1,3,"Two Bee"
f70aad51-aaf4-4a8a-bc6e-db5ef29003be,"century",1,4,"Three Bee"
90670fe3-b417-41ee-9622-c3186d76f90a,"cephalopod",1,5,"Three Bee"
c1d7f761-2189-45e3-bc7c-1002d0dfd546,"ceramics",1,3,"Two Bee"
75879527-7c3d-4e38-a1d3-c1102aa4266c,"cereal",1,3,"Two Bee"
441837a4-a6e0-43a6-8d63-62654ee65e1a,"cermet",1,4,"Three Bee"
571c6260-165d-4cd3-a2c2-cc26f7b96b54,"certain",1,3,"Two Bee"
0e7aee7c-bbde-46bb-ac44-12bf28e87d5a,"certiorari",1,4,"Three Bee"
5ae4f80a-3edb-49bc-89eb-6bdb79e41db0,"certitude",1,3,"Two Bee"
2454135b-ebdc-40d7-8808-2d9a243deddc,"cetology",1,3,"Two Bee"
b8c0b857-c765-4d12-8f93-e401ab392f07,"chachalacas",1,4,"Three Bee"
ac9db5c6-d5fb-4654-9716-5bac9596a964,"chai",1,3,"Two Bee"
959ed0dd-3b1e-44ee-869d-656bfc2e9b3e,"chalaza",1,4,"Three Bee"
505f4d7b-c879-4681-8264-af9ea9a5b700,"chalcolithic",3,5,"Three Bee"
fc964ee3-eeeb-406f-8782-cc3767b31b2d,"chalet",1,4,"Three Bee"
fa92b89c-3950-4455-87a3-74ac945ba039,"chalice",1,4,"Three Bee"
70ae78f0-9099-4528-bdb4-d1756b6e02d7,"chalk",1,3,"Two Bee"
d4cff406-6346-4bb9-9118-2ddbad0588cd,"challenge",3,4,"Three Bee"
4faf3439-75d4-4a1f-9118-8e0c869a7e70,"chambray",1,3,"Two Bee"
ee889acf-2198-4569-a8ae-72bcfd6f7a3b,"champignon",1,4,"Three Bee"
91f7ccd0-1acc-417b-a3ad-bca92b73c5a7,"champion",null,3,"Two Bee"
a0754eba-7608-4d9a-8e69-09e6bf196649,"championship",1,2,"One Bee"
e885a210-0533-4cf2-94c9-5397f4715269,"champs",1,2,"One Bee"
f0101412-04e3-444f-a4cf-0699d4e1f971,"chances",1,4,"Three Bee"
f7746886-4cc4-49ba-ad27-5d9a83051e7b,"chandleries",1,4,"Three Bee"
6f975fdd-b629-4d8b-bb8f-a37384ba7f3e,"change",1,4,"Three Bee"
d0af7ec0-9aa2-4e99-98c8-db4a8a5f2199,"changes",1,4,"Three Bee"
878875e6-d0bc-4335-a86c-9ab69e497a66,"changing",1,4,"Three Bee"
be6afef9-a532-4b7b-8c16-f2b9f0cc9b53,"channel",1,3,"Two Bee"
8590f682-8b55-460d-bc77-52f52de0dc0f,"chanoyu",1,4,"Three Bee"
64ceefa7-092a-46bc-8416-2ce901c3eb68,"chanteuse",1,4,"Three Bee"
80f66ee2-b9d6-492b-ba65-cbe60d091f21,"chantilly",1,4,"Three Bee"
c8cc63cb-858b-4628-9dcd-6950f6e204a8,"chaotic",1,2,"One Bee"
7dca6807-3ef0-4020-b446-f7b9aa95a978,"chaperonage",1,3,"Two Bee"
c88cac15-45f2-402e-9c36-39d172ed703a,"chaplain",1,4,"Three Bee"
a748be3d-cd01-4277-a19f-ef1679083c52,"characteristic",3,5,"Three Bee"
dde409d8-98ac-493f-8e52-44a76c985192,"charade",1,4,"Three Bee"
b4a40429-06a1-4330-9f5f-3b76a48c4c7e,"charcuterie",1,3,"Two Bee"
4790b493-9a04-43c6-b909-0e448c934a92,"charge",1,4,"Three Bee"
c9e76ef2-f9b9-4d00-9829-e2543c8149fc,"charioteer",1,2,"One Bee"
cad541a3-fa71-47a8-bd59-3bc0bcbc4339,"charitable",3,2,"One Bee"
8f35356a-d57a-4f5c-a79c-6a630d3645e2,"charlotte",null,3,"Two Bee"
25d94812-3929-4311-bb61-18cd586a328b,"charon",1,4,"Three Bee"
07b9b92e-67d3-4113-ad8c-9d895bea389f,"charred",1,3,"Two Bee"
d060aebe-7acc-408a-b74c-7f22e982b89e,"chase",1,3,"Two Bee"
32c888ae-25d2-4c88-b507-0866771d2dc4,"chasm",1,4,"Three Bee"
1fb80d0f-09af-4b80-8e3d-a71cb33a6020,"chastise",1,3,"Two Bee"
e9b3e469-7913-4388-8039-2a9049b48b4f,"chastushka",1,4,"Three Bee"
96523d9d-5d4d-4847-b175-27c96eb2adea,"chasuble",1,4,"Three Bee"
11ef110e-4e18-4c32-b255-fda518f4d2d0,"château",1,2,"One Bee"
96626613-0745-4a49-b6f5-86c56307803f,"chatelaine",1,4,"Three Bee"
9b3df0c7-4855-46da-a91f-170c41c42839,"chaucerian",1,4,"Three Bee"
481046c1-1425-4772-bcd2-2acf9a8f36ae,"chauffeurs",1,4,"Three Bee"
15ab66b1-14bc-4907-ac7d-f3b1e0d005e5,"chauve",1,4,"Three Bee"
eb48b2dc-51e2-4170-a81f-d9c0212bab06,"chauve-souris",null,5,"Three Bee"
13e00d6d-dd8d-4686-a33f-04d144947eb4,"cheese",1,4,"Three Bee"
84c88844-2acb-4dd3-9812-7d52496a261f,"cheesy",1,4,"Three Bee"
c14b6528-af37-4c3c-a0b3-edfe70a29ee1,"chef",1,3,"Two Bee"
2ae1d929-9d53-4663-a0f7-932c221f014b,"chefs",1,4,"Three Bee"
8738743e-0dbf-4edb-96f6-5e6d4053aebe,"chefuncte",1,4,"Three Bee"
61183cc4-eadd-4380-8b2a-bcfb4a2b9aa1,"chelonia",1,4,"Three Bee"
83cb8081-38b0-48bf-ba86-470aa2555984,"chemical",1,4,"Three Bee"
6a46fe11-3a9b-40d3-8ff4-db2c09f93e2f,"chemise",1,3,"Two Bee"
d07149d7-05f0-4d89-b982-d7dcf9e92e7b,"chemistry",1,3,"Two Bee"
ef02bb4a-a9d1-4751-b9b9-d24962e281c9,"chemotherapy",1,5,"Three Bee"
d3c7bf8c-4a10-4214-b4b8-afa8ea449a6d,"cheongsam",1,4,"Three Bee"
018e67dc-fce6-45a9-b23b-22a39d2e7229,"chernobyl",1,4,"Three Bee"
5b00c9af-c069-4199-91af-ca14caf637b3,"cherubic",1,3,"Two Bee"
85b4d299-529e-4de6-a45f-cf0084f92183,"cheshire",1,3,"Two Bee"
9c9bc0cb-ff6f-4073-b2c8-35589319f269,"chestnut",1,3,"Two Bee"
31d9c231-630f-453e-95c5-edb797e0a4e0,"chevalier",1,3,"Two Bee"
4b3271ec-86dc-4da9-9054-4703bc69c249,"chèvre",1,4,"Three Bee"
7843232b-f5b0-4836-8421-608cddecf2e1,"chevrotain",1,4,"Three Bee"
0978882d-536d-4186-90f6-a4d365606c1e,"chi",null,3,"Two Bee"
37ea2036-1422-433a-b1d2-03cb5c1ed7ca,"chiasmus",1,4,"Three Bee"
cc2a2d9e-26ac-4d11-a466-5f63390f8e54,"chicago",1,3,"Two Bee"
5e26deae-083d-49ee-91da-9e3b17a0a7ad,"chicana",1,4,"Three Bee"
2f7a8992-515f-4fdc-8271-c2d2dd7122ae,"chicanery",1,4,"Three Bee"
af38de2a-a85b-42d1-92ab-100fc1165eba,"chicken",1,4,"Three Bee"
76f03072-1c82-4936-933c-b6fb51eb7981,"chicle",1,4,"Three Bee"
66faf05b-9131-4a02-8a69-b8db80c4eb1f,"chide",1,3,"Two Bee"
37444c6d-e39a-44bc-80f4-a890864b23c5,"chief",1,4,"Three Bee"
0ddd60c1-ebdb-42bb-8e55-57540fbb21f4,"chiefly",1,2,"One Bee"
424fb57c-a056-41c3-9774-49db04315a02,"chiffonade",1,4,"Three Bee"
884c7685-5637-4e6f-9eaa-20dee35c84a4,"chihuahua",1,3,"Two Bee"
0a5a7cdb-cc70-4944-8bef-0473f3931a7d,"childhood",1,3,"Two Bee"
fc8c3b8e-dbfa-4824-85c7-fc8336bf66e3,"chill",1,4,"Three Bee"
d06e9c1c-f79e-48c2-9193-f776ca078666,"chimaera",1,3,"Two Bee"
a87e0260-e263-4bed-a838-420ad5945ae3,"chimera",1,3,"Two Bee"
ee3bedac-1b83-445b-819a-31c03f761f48,"chimes",1,2,"One Bee"
b6fba005-1d18-4efc-9074-9d216d4ec32c,"chimney",1,3,"Two Bee"
46a0c7a3-9f9b-4b34-bbb1-cd2bb056df40,"china",1,4,"Three Bee"
321c8389-1aa3-4e18-8533-4c83fcedbd84,"chinese",1,4,"Three Bee"
ba40cd74-b6fc-4d02-a9f8-542c4a04c2d1,"chinook",1,3,"Two Bee"
7aca6c81-53fd-4a83-866d-c679db552f81,"chintzy",1,3,"Two Bee"
6f324c56-a895-46e2-889d-55669dfd60d3,"chisel",1,3,"Two Bee"
5636039d-a66e-428c-9048-a40990c420ab,"chives",1,3,"Two Bee"
827975b3-f7d9-4e4e-b3bb-8a650d02ecda,"chlorofluorocarbon",1,5,"Three Bee"
d8412edc-7ac4-4417-a0bb-bbcc25a7d6a8,"choctaws",1,4,"Three Bee"
63940298-18d7-4a46-8dda-12d499e4c71e,"cholera",1,3,"Two Bee"
c93a1826-51a9-46a7-a7c7-e79dbeba8bf4,"cholesterol",1,3,"Two Bee"
8f94a719-57e5-43e1-b8be-6b219bff11f6,"choose",1,2,"One Bee"
d0e274c1-f9d9-4f90-8b37-991567f1589d,"chopine",1,4,"Three Bee"
aab9595d-9459-4944-98d9-6d9deece5d67,"choreographer",1,3,"Two Bee"
1a744d86-ff93-4cb3-a20f-a22a97243f39,"chores",1,2,"One Bee"
e62940a4-ba0c-4783-b2c3-688a90a57ae9,"chorten",1,4,"Three Bee"
1824e956-743e-4336-af10-adb953b26d3e,"chortle",1,2,"One Bee"
4ec01457-8bb4-490f-8963-5b5d8dd60d9c,"choucroute",1,4,"Three Bee"
c629cad4-0e40-4086-b17f-131c6a5344d1,"chowder",1,2,"One Bee"
e3e69d7f-99fd-4167-bed7-603b4c3a3714,"christened",null,3,"Two Bee"
fad3c081-25f2-47e9-9334-d56235c712c1,"christopher",1,2,"One Bee"
c379a308-4f93-456c-bce5-7a4157690c32,"chromosome",1,3,"Two Bee"
d18b8a7c-c94d-4d91-a829-c5a58b6cef1d,"chronometer",1,3,"Two Bee"
c3c0f9ca-582a-4d43-b132-2a5965828eec,"chrysalis",1,3,"Two Bee"
c55b760b-5461-41da-8521-9ee2665a20c2,"chrysolite",1,3,"Two Bee"
59248466-df9d-4058-b6c2-fe7b6b713cd5,"chuckle",1,2,"One Bee"
51ea086e-b81f-4452-8935-528977e57f78,"chugged",1,4,"Three Bee"
d49234c3-005c-4ec6-a914-d972a92f1501,"chugggged",1,4,"Three Bee"
87108309-b0d5-4baa-98f6-a83c2e6c04f1,"chunks",1,2,"One Bee"
4443fed6-befd-476d-8faf-1b5748a26a57,"chupacabra",1,3,"Two Bee"
2e251802-f962-4bbc-8900-fcadf71ce331,"churchianity",1,3,"Two Bee"
3acabd55-8cd3-4c0f-b5f5-096625efd2cc,"churlish",1,2,"One Bee"
edbcad70-e06c-47d2-9689-92a5e5a6b35a,"churned",1,4,"Three Bee"
99a495fe-fb77-46b9-b280-a64f4069919b,"churros",1,3,"Two Bee"
64cfe0b2-b1f1-46b9-8d4c-af9edfd19832,"ciao",1,3,"Two Bee"
9c755ab4-6599-433f-ad9c-e13f42dd577d,"cicada",1,3,"Two Bee"
76478826-e291-46b0-943e-afe48457fdda,"cicatrize",1,4,"Three Bee"
1c66e3b1-7f31-401f-99e6-da017bbc513b,"cicerone",1,4,"Three Bee"
4bfbd44a-268a-473e-866f-617edb0855bd,"cidery",1,2,"One Bee"
7f793068-2259-4403-9ada-71bddc32a4d1,"cienega",1,4,"Three Bee"
aad71c2e-a968-4a3b-870f-900a069194fc,"ciliopathy",1,4,"Three Bee"
162a8fd7-daed-40ab-b472-484ce2e33897,"cincinnati",1,3,"Two Bee"
91fbcf9b-8f0c-4c85-9a9d-5107f7d49b9a,"cinderella",1,2,"One Bee"
1d1c1ec9-76c8-4fbf-af51-5b59553a9673,"cinematic",1,2,"One Bee"
d704bd8a-cd28-4992-9365-dbf843b2c3ae,"cinerarium",null,4,"Three Bee"
d9c1ee16-60a8-4a84-8bb4-e86d4598998b,"cinnamon",1,3,"Two Bee"
5ff6adb3-b4eb-4e5d-8f96-90c932beeb0f,"cioppino",1,4,"Three Bee"
9799311b-8ee8-4a67-b2b5-de97ed2c36cb,"circadian",1,3,"Two Bee"
a0badd92-3ee5-4d7f-a93f-e1b74ece9503,"circle",1,2,"One Bee"
5af46fd0-b468-49a3-958c-9ca523b5eabb,"circuitous",1,3,"Two Bee"
25765ac3-a2e5-4d08-91db-9bc5972b5479,"circumflex",1,3,"Two Bee"
e81cca81-e938-4bfa-955e-a02f717a0299,"circumscribe",1,3,"Two Bee"
16d013dc-5b2b-4d0b-82e1-c5815792ff02,"circus",1,2,"One Bee"
6f1cd893-5d19-4770-accd-7eef7ec85fb2,"cire",1,4,"Three Bee"
1a87084f-b07d-4d64-87c8-f78e028a17c6,"cirque",1,4,"Three Bee"
a38f755b-9f31-4aa5-b23c-97b256a50fd6,"cirrhosis",null,4,"Three Bee"
71c46acc-5955-4d5f-986e-d2cc04e0a27a,"cirri",1,4,"Three Bee"
65122854-b486-4011-8cbb-3347734c091a,"cistern",1,3,"Two Bee"
46646169-224b-4ab2-abf0-a750ae7a8fdd,"citation",1,2,"One Bee"
a2921129-95b5-4710-9fee-009003379219,"citizen",1,4,"Three Bee"
d5efe9f0-8a41-4923-91cb-804140a8b3fa,"citronella",1,3,"Two Bee"
3a78608a-065a-4281-8247-b457e115270a,"city",1,4,"Three Bee"
18957a03-10ef-4b98-934f-f49971d70d21,"civet",1,3,"Two Bee"
4336c9be-46ab-4154-bde4-0a9e1ce6a892,"civics",1,2,"One Bee"
aef65a58-7379-4b72-8b40-6747340b1f5e,"civil",1,4,"Three Bee"
c11257ae-a0a7-4a29-81bf-18d2c7fa67ff,"cladding",1,4,"Three Bee"
bfe3cc7a-19c9-44cf-8e0c-52a2f7cb3531,"cladistics",1,3,"Two Bee"
010623a9-425b-44b6-bcc1-022a8f7c8e1f,"cladogram",1,3,"Two Bee"
639e9bcd-ee23-405d-86db-12ec30713ce5,"claimed",1,4,"Three Bee"
b8c179b0-bd38-4d27-84a0-26e01e8a764c,"clairvoyance",1,3,"Two Bee"
3094ec75-01eb-4585-8476-73a871a57b55,"clamorous",1,4,"Three Bee"
5a5c0f52-1113-4b0b-802f-77dc0990a1f0,"clandestine",1,3,"Two Bee"
d838b7fb-889e-48aa-b08b-a419ab0075fe,"clarinet",1,2,"One Bee"
da97e950-50c3-4f03-a94b-8c0a7b9791f7,"clarion",1,3,"Two Bee"
96a25bd0-51d2-444c-aaa0-a707a9494698,"classical",1,2,"One Bee"
b14e2802-f127-4878-b5a0-e5025f986a02,"classified",1,2,"One Bee"
4ce49099-e9dd-461c-ab76-33ab0a38a66a,"classroom",1,2,"One Bee"
9ccf7b1c-a12e-411b-b0f1-6e702d9372a0,"clatter",1,3,"Two Bee"
96c85e66-a202-46f8-b176-28921d368ae0,"claustrophobia",1,3,"Two Bee"
fe5641c4-3fe8-48cc-9581-305bf57beb78,"clavichord",1,3,"Two Bee"
61d9a8ad-b87e-42eb-ac87-c6d7d24bc62e,"claws",1,4,"Three Bee"
e39c5bc2-6514-4e50-9676-c238a26c52f0,"clearance",1,2,"One Bee"
28dfe82b-446c-471f-9cbc-c5a050287ff6,"clearly",1,2,"One Bee"
2ee52336-12f5-4a0a-b168-1cf7c2d3b66f,"cleave",1,2,"One Bee"
e35770fe-daa6-41b9-b16d-56ebf887f068,"clematis",1,4,"Three Bee"
8c79af96-bbad-4edc-a9d0-ee353f6b444c,"clemency",1,3,"Two Bee"
ed653c72-ec32-4e6f-9ea7-4c162bab11e1,"clerihew",1,4,"Three Bee"
adacf12d-1b72-45bb-b8c4-d67bb59eb82d,"clerisy",1,4,"Three Bee"
5b8c4104-2008-4a48-b6ac-914403a16f7c,"clerks",1,2,"One Bee"
b6706806-f325-48a1-8442-130ecab4c0d2,"clever",1,2,"One Bee"
32761682-420e-4362-b75c-f9bd18918071,"clickbait",1,2,"One Bee"
9962db32-1546-402b-8c14-2c6bec1b1e29,"clientele",1,3,"Two Bee"
bf57a0a7-10ec-40df-bac8-7e017e590089,"climate",1,2,"One Bee"
0f549ab9-e186-42d8-b770-cb9af758242a,"climbers",1,4,"Three Bee"
23eb9393-8c55-40ab-bdeb-e96c3807d331,"clobbered",1,3,"Two Bee"
ac3dae78-d68f-429e-ae30-582c47a4d936,"clodhopper",1,2,"One Bee"
ea589320-4846-4fa5-b7ec-601d1308e7af,"cloisters",1,4,"Three Bee"
9091f139-d220-4711-81d4-62f14425bd1b,"close",1,4,"Three Bee"
4b4019ca-42a0-48e2-9309-f405f7ecb03d,"closed",1,2,"One Bee"
67d85b94-fa1c-478c-83d4-38ee2886024b,"closer",1,4,"Three Bee"
156ff620-787f-4636-a22e-1dccdd3f0f54,"closet",1,3,"Two Bee"
684a558d-2b89-4855-a582-a59baf1720d5,"closure",1,2,"One Bee"
78def1ec-26fc-4505-95dd-5d7cbacda7b1,"clothes",1,2,"One Bee"
6456a634-4372-43a6-a4cd-392cf83985a5,"clothing",1,2,"One Bee"
0241cd19-a4fe-4ce9-a3e5-a88e31755477,"cloture",1,3,"Two Bee"
c3e62bd5-09d5-4573-b88f-9ce903b400e1,"cloud",1,4,"Three Bee"
e7321fe0-819d-4065-a6ca-a8793846b7e6,"cloudy",1,2,"One Bee"
eb2fe4f9-2242-4c9a-9c83-b3de3a1e5f86,"clouting",1,4,"Three Bee"
4d339ff8-d409-4fd1-ac1a-63050f1b8f89,"clover",1,2,"One Bee"
a9761637-8281-41d4-a03c-b6b2aeae29f2,"clowder",1,2,"One Bee"
bd213f8d-c44f-4ae7-a602-8ef04dc0261d,"cloying",1,2,"One Bee"
531b917b-15e3-439e-bcb9-00cc9b295df5,"club",1,4,"Three Bee"
8a87fe75-0296-43c5-a237-21f5b70b8703,"clue",1,4,"Three Bee"
18c91adc-8721-4334-8b38-fe78873dd66f,"clutch",1,2,"One Bee"
eae01e73-40a9-4b1f-a46c-c7c4dc800cf0,"cluttered",1,2,"One Bee"
a4563a0e-710b-4988-ab7d-f5aae61e43e2,"clydesdale",1,3,"Two Bee"
24ee1a99-2199-4d53-af57-e8f92354a7d3,"cnidarian",1,4,"Three Bee"
1f8d5b0d-dd1d-4480-88d2-71c2731ae639,"coadjutor",1,4,"Three Bee"
ac135883-2242-402c-9566-d911ae32ba88,"coalescence",1,3,"Two Bee"
a1b52e11-0d69-473e-a4e9-bf4447ccce2b,"coalition",1,2,"One Bee"
d269a431-24c8-4880-b09c-84846c2f3f2f,"coarse",1,3,"Two Bee"
ae6d88f1-a483-4174-b4fb-0e1f8fc49112,"coastal",1,2,"One Bee"
11dacd85-5469-4f70-be74-bd3f3b2cfb5c,"coaxation",1,3,"Two Bee"
2739e3b6-0a88-463b-91d4-3c9e96b362c4,"coaxing",1,4,"Three Bee"
46be4405-b522-44b8-bc1a-f40abffafcd7,"cobalamin",1,4,"Three Bee"
a91c50f7-64b6-4b4b-bf79-9cebeb1e6272,"cobblestone",1,3,"Two Bee"
4f2abab7-15c3-40a3-89be-9fc5400feff4,"cobweb",1,2,"One Bee"
dc43b433-5159-429a-8640-e9c348a2cd62,"coccidiosis",1,4,"Three Bee"
857382de-a4cb-4a78-a492-fe4d7e14a3fb,"coccygeal",1,4,"Three Bee"
15c06692-4b0a-45aa-a654-06c869b2d298,"cochin",1,3,"Two Bee"
6dd0bb54-11e8-43c5-b56e-329c9028c357,"cochineal",1,4,"Three Bee"
56cfdd60-cfce-4f9a-a067-b1ab047083e9,"cochlear",1,3,"Two Bee"
2b943a72-86fe-40d9-afd5-432fbae2315f,"cockles",1,2,"One Bee"
41c7d621-82f6-4000-b117-34dd7b94dbdb,"cocoa",1,3,"Two Bee"
53822c74-4240-4854-a78d-ae170470f0ef,"cocoon",1,4,"Three Bee"
fd6ae95f-5094-4e9f-a369-22ae4dcd55a9,"codicil",1,4,"Three Bee"
2d96ba2d-cbd8-469d-8d71-4f724439f742,"codswallop",1,3,"Two Bee"
4f539f4d-75d9-4693-8874-e003ef5769de,"coercive",1,3,"Two Bee"
9aa31746-751b-4c33-a3c2-1516dedd9466,"coeval",1,3,"Two Bee"
13fd8c76-dade-4638-a83e-8fa198e204f5,"coffee",1,2,"One Bee"
35a8d0df-77e4-40f0-80e1-941702d0697f,"cog",null,1,"One Bee"
9bff7ffe-747a-48c9-8bf6-49d87b2fd5bf,"cogently",1,3,"Two Bee"
0a89f29d-928a-45b4-99e9-8bda4e5c1f6c,"cogitation",1,3,"Two Bee"
ef08b34b-c12a-4486-a3c1-d01f8f4636d2,"cognisant",1,3,"Two Bee"
e64a5fcc-a489-40ad-b85d-d135fc600912,"cognizant",1,3,"Two Bee"
731fb4e6-a6e5-4a83-950a-d903719e2a2f,"cohesive",1,3,"Two Bee"
adfaea1e-fb36-493d-acb9-9c803d454290,"cohort",1,4,"Three Bee"
dcca527d-e15c-4761-be4c-94f62d08891d,"cohosh",1,3,"Two Bee"
f7fd698c-ca77-4f5c-b5a1-5dd11bf73d33,"coiffure",1,3,"Two Bee"
657fb4e1-1519-47d1-9f58-9dcbe9fb1a93,"coincidence",1,4,"Three Bee"
15259c93-157b-452d-bbab-b062acd68a56,"colcannon",1,4,"Three Bee"
f7c1ddf7-a23b-4df0-aba5-50612dbc8bca,"coleus",1,4,"Three Bee"
a546399c-bbd8-4a69-b3c2-b9b4d88f0f8f,"colic",1,3,"Two Bee"
b43f7786-e30a-48d3-b8d2-e2341dab6f54,"collaboration",1,2,"One Bee"
e39c39c7-4688-463f-94ad-8013b10d4bb4,"collapsar",1,3,"Two Bee"
cfd19fde-81f2-4b68-b009-7bfa37353872,"collar",1,2,"One Bee"
9a64a81a-e9ef-4674-8c0b-c7c588a69b5c,"colleagues",1,3,"Two Bee"
78ddb265-143d-49c1-a107-386c69fbe4a1,"collect",1,2,"One Bee"
23437ba8-7231-4bfc-a84c-c81ab9d5d142,"collectanea",1,3,"Two Bee"
a4958646-d67d-4beb-bbce-2380eab4e89a,"collected",1,4,"Three Bee"
024b7ec2-76fc-4624-b6aa-6cae98577c17,"collection",1,4,"Three Bee"
065e1767-ae6e-4f1f-8213-95c7c0a5cda5,"collegiality",1,3,"Two Bee"
123fa670-d2ca-40b3-a17b-dfe6542d8e72,"collie",1,2,"One Bee"
7e1a00a1-a0bb-44a2-b7ee-31a6da3abb6d,"collimate",1,3,"Two Bee"
d4507dda-c3e5-48f3-b2cc-2bb06812f9bf,"collision",1,2,"One Bee"
78c18531-0e88-4118-b486-6c5d204bd150,"colloque",1,4,"Three Bee"
7376eb8f-696a-4c9d-a26f-bfaa3471ccd2,"colluctation",1,5,"Three Bee"
b3070b51-4ae7-478b-978e-1647a875eab5,"collude",1,3,"Two Bee"
03b938b0-a256-4dc4-870f-db8e29d81f49,"colocate",1,3,"Two Bee"
ec2777ec-07be-41f2-8c51-d6b1bb6e3387,"colonel",1,4,"Three Bee"
2b454cb4-66e2-4b09-b426-e6b0ab6a97ba,"colonists",1,3,"Two Bee"
277196d4-3afd-4ce4-a11a-c57c50c8c0a6,"colossal",1,4,"Three Bee"
c2f74c99-967d-4241-b8b4-03b1b1f41d1f,"colour",1,2,"One Bee"
15cc5c37-bfd9-45a3-a43b-171e8cbbb9b7,"colporter",1,4,"Three Bee"
b72548be-dfd6-4768-b138-b1f88551f195,"colporteur",1,4,"Three Bee"
cc3dcef9-0ae2-4001-8fa5-7deb15dc88eb,"colquitt",1,2,"One Bee"
2547ef5d-9e38-48ba-a941-db39f6577d68,"colson",1,2,"One Bee"
1095bcbb-c60a-4804-b839-a79a809de35e,"coltan",1,4,"Three Bee"
c0540b53-8ad3-4ef2-bb32-4587ea9b6b4c,"colubrine",1,4,"Three Bee"
5b140688-2a04-4376-abab-f7ffa964f168,"columbia",1,4,"Three Bee"
1e0d1822-1e06-4cab-91f9-c1292b463c46,"column",1,3,"Two Bee"
fd929629-2079-4820-b3f5-1ce23dde72b3,"columns",1,3,"Two Bee"
e6f38f64-007f-43ed-a375-33989e0ea76f,"comanchero",1,3,"Two Bee"
d2d955eb-8c68-4692-9897-69239b5554a9,"combat",1,4,"Three Bee"
d6bba976-7a20-4ca1-a68f-82b9905b98bc,"combed",1,2,"One Bee"
bc6c84e9-551f-4161-99bd-61029e603c16,"combination",1,3,"Two Bee"
f16bd546-f1b6-41d6-9943-dcd88db1a83e,"combustible",1,2,"One Bee"
68e39c1c-8877-426f-8459-7e107e002b1a,"comedienne",1,2,"One Bee"
4abb3e59-3622-4ea3-bc59-dbcdd2d5ca81,"comestibles",1,3,"Two Bee"
115455cc-ad5f-4f26-aec3-bb0783b4fae4,"comfort",1,3,"Two Bee"
be9848c3-00c3-4953-b70d-74c9438c31f3,"comics",1,2,"One Bee"
5bcdbf4f-df52-4a79-8895-2259c5fa6233,"coming",1,2,"One Bee"
af0984c6-991a-44eb-8d62-b501d8929ef1,"commandeer",1,2,"One Bee"
def94935-bdba-420e-97f1-b5f0161d274b,"commandments",1,5,"Three Bee"
84407aaf-b9ed-4af7-9e2c-9ea2e3558f5b,"commemoration",1,5,"Three Bee"
d49429a6-03fe-419a-888e-54b391dcd83d,"commerce",1,2,"One Bee"
f08c38e7-1a0f-4c67-8396-b041706e2ee1,"commercial",1,2,"One Bee"
bc91ca30-7fd6-48e7-b1be-d7aee34d0db4,"comminatory",1,3,"Two Bee"
b292e648-c2c1-4800-98c0-5bd5330f3d27,"commiserative",1,3,"Two Bee"
0456e228-a824-4f9c-aa8a-f8cb4ada7e46,"commissioner",1,3,"Two Bee"
ca1eaaeb-8ee3-41b8-9015-6ead108daa8a,"commits",1,2,"One Bee"
3e75cdc3-7d5b-4e74-b52a-f4965be078d3,"committee",1,3,"Two Bee"
dabcb8d3-c5bf-461e-ad63-2a231700d9da,"commodious",1,3,"Two Bee"
de552b4a-045c-4acf-846d-e195fca88cd0,"commonly",1,2,"One Bee"
9bccd7e3-8045-4f52-b617-09bc83f52b5d,"commonplace",1,3,"Two Bee"
ab6d460d-95ef-400e-be82-74585d99252c,"commorients",1,4,"Three Bee"
45ff220c-33ad-4355-9524-4e02e4770ee1,"commotion",1,3,"Two Bee"
97318e8e-d86a-4e71-9bdb-f8c7d94aebd5,"commove",1,3,"Two Bee"
511e5e86-6611-40de-9a44-3227033e5301,"communication",1,2,"One Bee"
05d6aeff-7049-4079-a76e-b2177504d6c4,"communing",1,4,"Three Bee"
fd8a4edf-4e89-4eed-8f84-c3758ce619ec,"communiqué",1,2,"One Bee"
777bb855-5eb9-496b-adea-dda172c236df,"communities",1,2,"One Bee"
e130b93c-8b63-4478-94eb-f7ac351fdb35,"commute",1,3,"Two Bee"
58d91c8c-ca19-4449-8ae5-db17a5cc0555,"companion",1,2,"One Bee"
663b9843-b240-4967-9d8d-45c19fe4ba21,"company",1,2,"One Bee"
b961ddec-1de3-4702-a849-d42c7ab4853e,"comparison",1,2,"One Bee"
b8503255-e0dc-4e9d-aa4d-6534dc4e4935,"compass",1,2,"One Bee"
2907dfd5-cb39-402e-b834-6e4032c60216,"compatriots",1,2,"One Bee"
81a8236d-6542-475f-ac0a-aef580ba725f,"compelling",1,2,"One Bee"
010ceeb8-9bad-422d-9581-0e5ee5366d30,"compendium",1,3,"Two Bee"
3e65b2a9-bce6-4d00-96cb-8d1e36b4d1fe,"compete",1,2,"One Bee"
53e5441b-7a56-469e-987f-c7784b1b5c26,"competing",1,2,"One Bee"
099deb80-e8fe-4fb9-917c-8b961a4e357a,"competitive",1,4,"Three Bee"
543c0d35-600e-40e4-af6b-7a3a49e838fe,"compilation",1,2,"One Bee"
d381f821-e269-42c2-b7d7-250d88662b84,"compiled",1,2,"One Bee"
bb5d9f7b-c4f9-45d3-8b00-2b0b5de3c8b3,"complacency",1,3,"Two Bee"
88739f4c-65e0-4b43-9e02-17c7c98d1a98,"complaint",1,2,"One Bee"
076333a6-0b60-4d75-84c8-17c6a449f6da,"complaints",1,2,"One Bee"
65311f3f-3384-449d-a585-22dbc9ea8b03,"complementary",1,2,"One Bee"
8c5e95ff-1ee9-4464-a783-30c6fb97a9e0,"complete",1,3,"Two Bee"
d09bd2c2-bac5-4c7e-aca0-afb3a70281d3,"completely",1,3,"Two Bee"
7d68569a-f244-4c5d-bb20-36aaffd9586b,"complicated",1,3,"Two Bee"
0ad07cdd-ce58-463e-b79d-6bda6d855ce0,"complicit",1,3,"Two Bee"
e1ae156b-f37e-4f9e-8438-3d7d0e3390cc,"comportment",1,2,"One Bee"
9bdea09b-f206-4392-92f8-bc1b9a1a834d,"composite",1,2,"One Bee"
a0015de2-642b-4e1c-877d-5a200649f56d,"composition",1,3,"Two Bee"
a19930da-8ee2-47c5-aed0-ef56343054e5,"comprehensive",1,2,"One Bee"
d87e4d0f-f6bd-4f1a-ad8e-8136d64f747c,"compunction",1,3,"Two Bee"
ad67e539-3c8f-42d1-8c64-555da621aa1e,"compute",1,3,"Two Bee"
471b0309-6176-481a-b9ee-481955ffb8d6,"computer",1,3,"Two Bee"
e9c48362-de45-48e4-8979-fde4641ae570,"con",null,3,"Two Bee"
1c7685db-65ad-4c88-8106-74f3022c8b28,"concatenate",1,4,"Three Bee"
ac34c0aa-748c-4dbe-a508-54dce7b6c523,"conceit",1,3,"Two Bee"
19272a0a-0abe-414b-9a8e-21332c58f451,"concentrate",1,3,"Two Bee"
dcd47494-10c1-4908-a97d-3b60afca3133,"concepts",1,2,"One Bee"
3f736a29-e121-4842-9c45-5568ebf98ea9,"conciliatory",1,5,"Three Bee"
070639e9-dcf6-48d4-8a52-e421a2517742,"concinnate",1,4,"Three Bee"
b3453f9a-ee01-41a4-82b2-87a8b350d9f9,"concision",1,3,"Two Bee"
77c971bb-fea6-4dd1-a20e-2294affcd29b,"conclave",1,3,"Two Bee"
21cece97-22d9-4c9b-a105-ceb6f2494385,"concoct",1,3,"Two Bee"
a5c0379e-a365-43db-8259-7798af78b77c,"concordance",1,3,"Two Bee"
5039ce2a-d97f-452b-baff-f29d6aea4adb,"concours",1,4,"Three Bee"
32604c71-7309-4956-b923-174721766016,"concrete",1,2,"One Bee"
789f8c93-bbe5-477c-b34a-947cc2c40a0a,"condemn",1,2,"One Bee"
f6272260-e412-44ed-816c-d2900142b3aa,"condensation",1,2,"One Bee"
47e01c61-6252-4e01-9ff0-9d11740b98d3,"condescendingly",1,5,"Three Bee"
bbdbeb9c-49fb-4427-a966-6800324d2d6a,"condign",1,3,"Two Bee"
0b914739-699e-4786-b8cb-84472eb85a15,"condiments",1,2,"One Bee"
763e2990-f7ed-4440-8107-c10ff7e46164,"condition",1,2,"One Bee"
b1be4c02-ee50-426d-8f68-85905ff6f4c6,"condominium",1,4,"Three Bee"
ab03eab0-ddb3-4be7-8fd7-306ca38405aa,"conductor",1,2,"One Bee"
cbeb2937-915d-479a-ab42-a90045306aed,"conduit",1,3,"Two Bee"
69f336ac-23e5-4ae3-af1b-e5b67f4d37a7,"condyles",1,4,"Three Bee"
21c5d692-02e7-4173-9771-eb3452a08d1d,"conestoga",1,3,"Two Bee"
349636e3-f5bd-4970-919a-5d2775762b43,"confabulation",1,3,"Two Bee"
abd28446-0636-47a2-93b6-eb0dd1eda808,"conference",1,2,"One Bee"
8eaab638-277a-41b5-a251-f6edba1292ce,"confident",1,3,"Two Bee"
57562c60-4e89-4151-a38e-fd84f30c9c85,"configuration",1,5,"Three Bee"
d9e50c1e-f85d-49b7-92b2-54247f1c07e9,"confiscated",1,4,"Three Bee"
7f0591c1-a839-424f-9ace-eb60921f0ebe,"confused",1,3,"Two Bee"
441d20f4-7fa2-4125-a88a-d687318944df,"confusion",1,2,"One Bee"
73286f98-ac60-4ef5-be17-422ab659f07f,"congealing",1,4,"Three Bee"
26b8bb86-bf94-4a3d-b617-61800cd490bf,"congeniality",1,3,"Two Bee"
f6718195-3485-47fc-855d-572b21224050,"conglomerate",1,3,"Two Bee"
8ebcbe79-93a2-473d-8f84-16f5be26be41,"conglutinant",1,3,"Two Bee"
baf600c6-2a2f-426f-93c5-3c5bfef5297e,"congratulate",1,3,"Two Bee"
6a2bc3ee-0e86-4513-9f73-3e82304a1bc7,"congregation",1,3,"Two Bee"
a0915d1c-9fc8-4937-94fa-fea495437eea,"conical",1,2,"One Bee"
908f411e-f35e-4a26-973f-141bad4842a8,"conifers",1,4,"Three Bee"
adb57ab9-6e21-431b-ac27-35398ce8badc,"conjugate",1,4,"Three Bee"
ef48f22b-49af-4040-b1d1-381a5c3011f8,"conjugated",1,2,"One Bee"
62af0646-26ae-43da-86c2-17278465155f,"conjunto",1,4,"Three Bee"
75ff1aa0-6b18-4465-b569-179b0a941a0b,"conjure",1,4,"Three Bee"
1de040d1-9dad-4acb-a38f-6645d1ee55b9,"conkers",1,3,"Two Bee"
bed5c1d4-1ae5-432d-8a8b-faa3873c5e17,"connect",1,2,"One Bee"
bc4206e3-b847-48a2-b973-3f0fd7f3a2ae,"connection",1,2,"One Bee"
c034f00e-3166-45d4-8481-55c83bd18eb5,"connemara",1,4,"Three Bee"
fa0e4a69-434e-4957-afdd-9bfe91feb37b,"connivery",1,3,"Two Bee"
4466b740-efc9-41d2-8a16-aa632278e165,"connoisseur",1,4,"Three Bee"
81646fc7-3623-4376-8f12-5fb776aa6e92,"conquests",1,2,"One Bee"
49a09f86-fb43-408d-b458-cbae0d122ed6,"consanguine",1,4,"Three Bee"
cd57f94d-1eee-4443-9adf-e415730f6ba6,"consecrate",1,3,"Two Bee"
2bbfb493-72d1-4d0e-8224-4f6182a97918,"consecutive",1,3,"Two Bee"
4e7288f1-0d1a-4a1e-ae74-86cc1a041c51,"consensus",1,4,"Three Bee"
9ada6cf7-49bd-4f56-a4b8-3dc8b0c1ba6f,"consequences",1,2,"One Bee"
5217a273-b66f-44a4-a584-cd79d87fbc06,"consequent",1,3,"Two Bee"
aa0d6196-d522-48e9-8434-32ebde3f5de3,"considerable",1,2,"One Bee"
08b3a0f1-9a05-4310-ac6d-6d14bbf22d8a,"consideration",1,2,"One Bee"
c4b9fb59-ad37-47fb-ba62-6af47a4510f3,"consigliere",1,4,"Three Bee"
3576e16d-d36f-4876-9d8a-3c479a03a371,"consisting",1,2,"One Bee"
3e9bbd14-92e3-499d-911b-1fc4dcad2d80,"consists",1,2,"One Bee"
78c7264f-ab62-4712-8aa7-ef9c7eba91af,"consomme",1,4,"Three Bee"
294e6c5a-59d4-4053-b2d3-3b3c43e2f2b1,"consommé",1,2,"One Bee"
e32fd572-5c31-4921-b9d8-cf25e6710e68,"consonant",1,4,"Three Bee"
558b3386-0ff4-49a9-aa5b-27d08ef5d3e0,"consonants",1,4,"Three Bee"
6deb32cc-4691-4ef5-beca-7766fef988bd,"consortium",1,3,"Two Bee"
6c1c043f-072b-4a4b-99da-5129d90a2039,"conspiratorial",1,5,"Three Bee"
4eb1ba27-be70-4c31-9901-fab29fb113c3,"constabulary",1,3,"Two Bee"
7f298995-39a0-4071-8b4f-0423c5d99770,"constant",null,3,"Two Bee"
b1deea1c-55a8-471d-9574-48cf3e78d0f2,"constellation",1,3,"Two Bee"
bb553776-32f0-4278-99ec-10f0b0b7abbc,"consternation",1,3,"Two Bee"
9d24ad85-caa7-45dc-9ee9-aeb67e789942,"constituent",1,3,"Two Bee"
72b79cff-f3cb-41c1-8804-f5d07950fe2d,"constricting",1,5,"Three Bee"
4a8fb987-2f51-430a-8f0d-ed8544a08820,"constructed",1,2,"One Bee"
de4636e4-03cf-4517-9916-5209374562b4,"consul",1,3,"Two Bee"
f781cb3d-df65-4191-91c7-6fabe5a85f47,"contact",1,2,"One Bee"
608aa3a0-d114-4dfe-b3ab-c4b74321486c,"contagion",1,4,"Three Bee"
32d7ff82-931a-4819-ab83-8e67d544206c,"container",1,3,"Two Bee"
80a0d46b-6a60-4672-80b9-e7a4bc48ce69,"contains",1,2,"One Bee"
037c6f68-15af-4071-b7f2-f86a2a2af2bc,"contaminated",null,5,"Three Bee"
6f660020-c340-44aa-bd27-7b52fc614a5b,"contemporary",1,2,"One Bee"
6d457208-f190-40f7-a69b-069f865d4430,"contemptible",1,5,"Three Bee"
b7be71da-b982-448b-8b61-0b000addab8c,"contemptuous",1,3,"Two Bee"
395bf84d-dbf9-485c-941a-ede20dfe268c,"content",1,2,"One Bee"
1b15572e-5d5f-4458-a6a3-b269d38253c6,"contents",1,2,"One Bee"
8011d771-6491-45a7-891d-b2ca30113363,"contessa",1,3,"Two Bee"
f0181c19-158a-4794-b08a-46e618ae1419,"contested",1,2,"One Bee"
9422721b-d651-41c6-b185-79d56495d648,"conteur",1,4,"Three Bee"
7a99abad-1156-4fc7-9a31-963baf6e2a4b,"context",1,2,"One Bee"
2e726909-57eb-42d2-bccc-f527034ff694,"contexts",1,2,"One Bee"
7ebd7e13-c742-49dd-9566-9165fa3043fc,"conticent",1,3,"Two Bee"
50777707-cfdc-4b83-b072-5707963ffd17,"contiguous",1,3,"Two Bee"
b272907e-03de-4c62-b9fc-a0776a5c978b,"continent",1,2,"One Bee"
cdd05c05-d054-4cb4-a895-557e91ca8a36,"continental",1,3,"Two Bee"
b8005596-1261-4b2f-b782-5520b92382b7,"contingent",1,3,"Two Bee"
4a0e73f4-e3cd-4b30-9e7f-68013e5306b6,"continue",1,2,"One Bee"
7e831c6d-628b-451e-a2d6-963b368c37b0,"continuous",1,3,"Two Bee"
536a6233-64d5-442e-b65c-dda3b4c964d8,"continuum",1,3,"Two Bee"
32fd9e1a-babe-4b17-8eab-fbedc830bce6,"contorted",1,3,"Two Bee"
6bdef7cb-5d34-4484-8ae3-9e93bfce69c5,"contraction",1,2,"One Bee"
859e0b9e-9b39-4993-ae28-eadc2a93fd5e,"contradictory",1,2,"One Bee"
c9d63226-8ff0-47ea-98fc-058e80731a48,"contrapposto",1,5,"Three Bee"
ba837f19-65c5-4ab3-b203-e7b6c2e2b80a,"contraption",1,3,"Two Bee"
14f62b61-ee32-4bbc-af4e-69ec88ad67b1,"contrariwise",1,3,"Two Bee"
e3343263-1e33-4bf3-934d-9fedb22bc168,"contretemps",1,4,"Three Bee"
13d97583-d8ed-45e6-949f-52e7cc1383af,"contribute",1,3,"Two Bee"
573c5961-f8cf-464c-9004-4da47cdcdbce,"contributors",1,2,"One Bee"
de7f3895-c650-4aa6-997b-4c22b6d9c5bd,"contrite",1,2,"One Bee"
0c1b32cd-ff5b-474e-96c1-b77b1e3b089a,"contrivance",1,3,"Two Bee"
ecbca634-b5a8-4745-affa-41355b1d379a,"controlled",1,2,"One Bee"
6bf281ba-8240-49ad-8975-050936a903c7,"controversy",1,2,"One Bee"
c4172b59-4977-4507-a2fe-3497d0e525b7,"contumelious",1,3,"Two Bee"
9fdb6b2a-93a7-4944-b489-79d636a1bdf2,"contusion",1,2,"One Bee"
41c4a1d9-c1a1-45fe-9387-403b9a737d97,"conundrum",1,2,"One Bee"
0b1a91aa-eb04-4264-a7e6-894e43da4bde,"conurbation",1,4,"Three Bee"
79d2dfc4-29aa-4cb7-91f8-cb3129e9b199,"convalesce",1,3,"Two Bee"
f3d1e450-99ed-41a7-abc4-1e722da46ab7,"convention",1,2,"One Bee"
6dc08263-2b38-40f5-823d-64af436c304c,"conversation",1,2,"One Bee"
fc41b874-f57a-4bb2-bd59-20bb5fa81657,"conveyance",1,4,"Three Bee"
bf65139b-ee95-42b2-958c-ff89739364c1,"convictions",1,4,"Three Bee"
5ef87da8-ef61-4f7d-a391-f69c426fbfed,"convince",1,3,"Two Bee"
20f0357b-eab3-458c-9f76-2ec32920debb,"convivium",1,3,"Two Bee"
75bf15dc-fe53-4ecf-9620-822b2d1c55cd,"convocation",1,2,"One Bee"
39203fa2-2999-4b4a-982e-a320a471d3ca,"convoy",1,2,"One Bee"
6710d0a4-b9e6-417a-9e52-2e3371094b6b,"convulsive",1,3,"Two Bee"
4933b262-844a-4ce8-9f3e-d4fda75a0720,"cooked",1,2,"One Bee"
888b5246-43ab-4261-8779-2a8b01fd07ad,"cookie",1,2,"One Bee"
e8b3e819-dbb4-489e-b4a5-dc2e1ffc4c2b,"cookie-cutter",null,2,"One Bee"
6e8f3212-c862-4d0c-829e-539d5141cb66,"cooking",1,2,"One Bee"
763cc70f-f197-4adf-b30d-86f6c1c37a66,"cooperate",1,2,"One Bee"
44c3db27-3220-4310-afdc-a8c2a51e8c3a,"copenhagen",1,4,"Three Bee"
7342672a-19da-4afa-8cf2-b1fbeede3ec3,"copernicium",1,4,"Three Bee"
7f838dfb-28ac-4b7b-8c5e-ac87e379f374,"copious",1,4,"Three Bee"
07c7d878-a2af-40f2-8efc-fb6d146de852,"copperhead",1,2,"One Bee"
de931f9a-7a06-4d5d-b978-1d5636b60795,"copse",1,4,"Three Bee"
c4be4fce-4b2f-46d7-871c-b2d43cc6cdf9,"coptic",1,3,"Two Bee"
02c2c74c-d3af-4ecf-86b1-8e0430b51f5e,"coqui",1,3,"Two Bee"
c7055fbd-be98-48e3-bb2c-1aac146a0517,"coracle",1,4,"Three Bee"
2866de16-9e72-4d8d-86b6-e3367e8d35f5,"coralline",1,3,"Two Bee"
b2868570-b121-48a7-bfe2-449fc32b5572,"corda",1,3,"Two Bee"
f27349db-23a6-40aa-ab36-61e56a1444c0,"cordaun",null,3,"Two Bee"
47212edb-0048-49cb-9b05-593baae52f69,"cordillera",1,3,"Two Bee"
f8c329a2-4171-4b8a-9464-95226f2e48bd,"cordillerazazen",null,5,"Three Bee"
d8acd22b-fc69-4310-809a-0f6ead0495ba,"corduroy",1,3,"Two Bee"
b5088c73-1733-4745-82d2-3e5d85028c85,"coriander",1,3,"Two Bee"
7fd3b876-0bf8-4a30-b5fa-6b4389123bc6,"corinthian",1,3,"Two Bee"
676114cd-b6ea-4b14-8d2b-4af4652b4c5c,"corkscrew",1,2,"One Bee"
b16dd7ae-56a4-4ef1-b7fc-4b650e919649,"corm",1,3,"Two Bee"
0b061dc8-19d5-4463-a180-63b655a84b9a,"cormorant",1,4,"Three Bee"
82296c40-7871-4df4-b186-920c2ec565bb,"cornea",1,3,"Two Bee"
326b176f-9368-4ad1-b6bc-8ff94e547532,"cornel",1,3,"Two Bee"
9b8813cf-62a9-4602-a4c4-1244bb22f521,"cornichon",1,4,"Three Bee"
1c754850-4a2e-4a0c-a37e-8d0f799fdfe5,"cornily",1,2,"One Bee"
a30be3fa-3824-4476-8342-01610ae43800,"cornucopia",1,3,"Two Bee"
20d72fc3-90d9-4483-b32b-1e3d62b4e205,"corollary",1,3,"Two Bee"
ae9311a8-e390-43aa-bef3-b63f682c557b,"coronation",1,4,"Three Bee"
83e0c07f-2984-4a3d-b1f0-562eb144fca3,"coroner",1,3,"Two Bee"
d4c27630-ba10-4182-899b-e2e0ee6407d1,"corporate",1,4,"Three Bee"
b314492c-8843-4437-b369-3c090ca4ac2a,"corpulent",1,3,"Two Bee"
bf62744c-d901-461d-aa6b-662ee066d773,"corpus",1,3,"Two Bee"
488a3f24-9f5a-4ebc-9980-c1f09b999e37,"corral",1,3,"Two Bee"
1112a89b-7f96-49ab-a52c-621ecc41d34f,"correct",1,2,"One Bee"
8788f77f-8706-4108-8df7-fb70e1a4ec21,"correctly",1,2,"One Bee"
76b13d8c-2f9e-4a5a-9283-41c874bc07ef,"corridor",1,3,"Two Bee"
a85657d3-f1e7-42dc-816e-46ad0d54dc6d,"corrigenda",1,4,"Three Bee"
f76f3892-93db-456c-becb-7c2fe9987788,"corroborate",1,3,"Two Bee"
feae6a96-e3aa-4232-ba84-c1792a0cb328,"corrosive",1,3,"Two Bee"
04de4d3b-40c4-4bc6-80b0-eb0a8c543775,"corsage",1,3,"Two Bee"
3cd91b89-1154-4483-8b27-3fa9271f7e29,"corsair",1,4,"Three Bee"
e8ffc993-c54c-4f48-a7ee-871d915a1304,"cortege",1,4,"Three Bee"
a29b8ce1-e3c1-48bc-911e-5909ded269db,"cortex",1,3,"Two Bee"
ea381a2d-de85-4bda-87c7-7612db309b1f,"corybantic",1,4,"Three Bee"
8ae854b8-8f02-4e2d-94a8-3dacb4596d5e,"costume",1,3,"Two Bee"
9c7707c0-065e-46cd-b8bc-5f694ad715b4,"coterie",1,4,"Three Bee"
7e8e3310-62a2-4221-8fb3-4317a1935b47,"cotoneaster",1,4,"Three Bee"
21a6f0e7-70ea-4f0d-a78d-a0e6e37d8e8e,"cottage",1,3,"Two Bee"
e24f45c1-a34c-409e-98ef-3676eeb69057,"cotton",1,2,"One Bee"
d5529ff0-848d-4047-b97a-401b383e2750,"cottonwood",1,3,"Two Bee"
99671e25-2186-415f-ade4-757ddb3916b6,"cotyledon",1,3,"Two Bee"
c23efd3a-f3f2-4a17-8b69-6b6b1cefb746,"coulibiac",1,4,"Three Bee"
7086f675-e517-47e0-81b2-2a757803a4a6,"coulisse",1,4,"Three Bee"
8dd4a88f-e62e-491d-9415-dfb14d85a520,"coulomb",1,4,"Three Bee"
8973e1a1-f38f-4c96-9832-402ef749f213,"coulrophobia",1,5,"Three Bee"
bb4a47e4-1df4-43e1-857a-565a127f4105,"council",1,3,"Two Bee"
8b57d710-80f3-4a97-a480-a0e4249f1da3,"countenance",1,4,"Three Bee"
3209efe7-98f2-4a35-8f55-9cdfaa8567b2,"counterclockwise",1,3,"Two Bee"
3ad39d3e-d7fa-44e6-a1c4-a535d37abb13,"counterfeit",1,4,"Three Bee"
050b68fd-c92d-4348-9409-ed37e4826a07,"counterpart",1,2,"One Bee"
a7254ce9-64b9-44a1-9a50-7896bd5e5c55,"countless",1,3,"Two Bee"
77b83e20-5880-4ed4-b749-f004404a1121,"country",1,2,"One Bee"
8830141a-a69a-473e-a9d3-61d3cf5735df,"county",1,2,"One Bee"
66bca96c-32af-4f3b-8184-a12724876aee,"coup",1,4,"Three Bee"
0df6f3ab-cd6c-4ffd-9bf7-ffab08694c21,"coupon",1,3,"Two Bee"
32be783a-1e58-4b14-9148-c66fe1754d08,"courage",1,3,"Two Bee"
e1c15999-a6cb-4f02-b188-b202a96904fc,"courant",1,4,"Three Bee"
058f1ae6-5198-4b8a-8ecf-cfa07c062d2d,"courgette",1,4,"Three Bee"
c2e77fab-f408-4559-8468-5b15cbaf1f16,"courier",1,2,"One Bee"
5f6f46b5-ea05-423e-ba38-111f15c8b7f4,"courtiers",1,4,"Three Bee"
4fdcaa4c-53e1-4088-bf68-43b0abbbb9b0,"cousin",1,2,"One Bee"
06526e16-0b1c-4548-9e6c-b61781c48f94,"couverture",1,4,"Three Bee"
9303370a-c6e0-4b6e-a7d2-2c8567f3c2ba,"couverturecreances",null,5,"Three Bee"
c89e8dfd-79ef-4312-965d-52361b4aec90,"covenant",1,4,"Three Bee"
16f6a9f1-e20a-4317-bbeb-84ca56e15852,"coverage",1,3,"Two Bee"
f7642e80-0e06-4c30-92c4-deb93578d2ac,"coveralls",1,3,"Two Bee"
ff4eb53f-6788-4f16-81ba-bde5e7942c9a,"coverley",1,2,"One Bee"
b0ba651c-cd85-479f-9d7f-9bf480b3fea7,"covetous",1,3,"Two Bee"
4796edf1-c052-4de8-808a-2a3d391f5f21,"covid",null,3,"Two Bee"
7acdea78-b86a-4854-a09f-146f7dc2f776,"cowlick",1,2,"One Bee"
b761f2a7-1958-4986-b091-e9a28e47b48d,"cozen",1,3,"Two Bee"
85be72ab-1ad2-4666-852e-ec5c583d3248,"cradle",1,3,"Two Bee"
ebf12315-d5c5-4bbf-93af-c2fb6a855a98,"crafty",1,2,"One Bee"
7ce5eb10-bc6b-4197-b785-07399682b741,"cranium",1,2,"One Bee"
228b3cc0-19a7-40d0-880c-15d4258c94fa,"cranky",1,2,"One Bee"
92c85b7c-5616-4c6c-9877-3b11a66b7d28,"crannies",1,4,"Three Bee"
9b710a61-6267-43ad-a3f2-7ccf503dc3df,"crawl",1,4,"Three Bee"
5e7164d4-1395-480e-b271-3088851402ae,"crayfish",1,3,"Two Bee"
12368fc4-fba1-4eaf-8f0f-cd4510529be0,"crayon",1,2,"One Bee"
76902733-e295-4e15-b829-bfe8565a73aa,"cream",1,3,"Two Bee"
8961608a-6e3b-4690-b310-facb3eb17392,"creances",1,4,"Three Bee"
bede5672-a2ba-4d40-be52-40058b53d0a7,"crease",1,3,"Two Bee"
2346f02c-f213-4698-9c69-76af8a784d19,"create",1,2,"One Bee"
1c31e5c6-e7c5-4b51-a58b-d8ba7653686f,"created",1,2,"One Bee"
3b32458f-aae3-4154-b840-c2a0c3947d86,"creating",1,2,"One Bee"
cd6cf8e2-6662-4935-b35f-cf3a42e59a97,"credence",1,3,"Two Bee"
28d15121-256b-4289-acc6-c951fc490012,"credit",1,3,"Two Bee"
62d1847a-b847-4b69-ba44-97227dc543e1,"credulity",1,3,"Two Bee"
a29ef904-1d50-49a5-b9f2-baae9e33d447,"creeks",1,2,"One Bee"
fce4f361-dbab-4948-9bd8-c1108a963b76,"creel",1,3,"Two Bee"
d2dc7004-3df5-4d82-af4c-e3688b3dd7c6,"creelboniface",null,3,"Two Bee"
4c977e45-a5eb-437f-86c1-360e9e8bc6b4,"creosote",1,4,"Three Bee"
255cb12b-9a99-4af8-95f1-c35cb0e3768d,"crepuscular",1,3,"Two Bee"
b140978f-bda2-498a-9c81-5ec15f544acb,"crescendo",1,3,"Two Bee"
d6965f05-ca16-4d68-9891-fa025e2fdbbf,"crescive",1,3,"Two Bee"
a0971748-86ee-4b96-8fcf-8b526d0d80be,"cress",1,3,"Two Bee"
6d516b5d-d975-44b9-b60f-20fc65daf60d,"cretaceous",1,3,"Two Bee"
b699c48e-cbdd-49ab-ad64-f65192dc0628,"crevices",1,4,"Three Bee"
5e97c609-22c4-4264-aeec-0dc5105bbb56,"cribbage",1,3,"Two Bee"
5e88f93a-a15f-4b1e-9796-5021f616c11f,"cribble",1,3,"Two Bee"
ba5d659a-ff4c-479f-8dc2-b997357e06f3,"cribo",1,3,"Two Bee"
2345fa4b-6091-4b55-b3db-719e7b2ad573,"cricket",1,2,"One Bee"
53957207-9e06-492d-a5e4-8705d36384e6,"criminal",1,2,"One Bee"
24e842cc-cc9f-4dd6-a98e-121dec78dbcd,"cringed",1,3,"Two Bee"
d4ad47be-e31e-4df0-bd24-26e3e776d1f3,"crinoline",1,3,"Two Bee"
a6559f34-65d3-4276-8e52-2e1eb53260e5,"criteria",1,2,"One Bee"
bdc6821e-0b73-41c5-9907-ff979654a8a5,"crith",1,3,"Two Bee"
4d39efc3-fda5-4387-a5b8-e55dbdab13d2,"critters",1,3,"Two Bee"
6b2e50ca-1e6c-4fec-b468-b6ab60181b0d,"critturs",1,3,"Two Bee"
58120770-299f-4f17-8159-781f69d160e4,"crockerygauze",null,3,"Two Bee"
3820047f-2f51-4f12-967a-50872ba381c1,"crocodile",1,2,"One Bee"
53beae5c-aefe-4311-98ee-19491636513b,"crokinole",1,4,"Three Bee"
d19e5f19-3bf8-43eb-852d-efb9b7879d82,"cronies",1,3,"Two Bee"
1cbbe0d5-250f-4b1a-a34e-633291c6920d,"crookedly",1,3,"Two Bee"
3874a4b8-6fd4-4a25-8a70-99b475afb528,"croquembouche",1,5,"Three Bee"
0a38d3b0-f53b-492f-818c-12ef250ab46b,"croquignole",1,4,"Three Bee"
50bb0608-2b24-442f-99e0-25b990fbede1,"crossed",1,2,"One Bee"
126b84c6-a4dd-4ba9-ae54-0fe8e66c8ebc,"crosses",1,2,"One Bee"
c0c68467-7ddc-4379-b576-ae7e9bc9c5dd,"crossword",1,2,"One Bee"
f543419a-cde3-4a2e-a627-a7c132c46ae5,"crouched",1,2,"One Bee"
d083f735-5764-4d6e-89d8-01a1fa502452,"croustade",1,4,"Three Bee"
3a72d16c-8cb3-4a1c-91b9-e59c9345452f,"crucial",1,2,"One Bee"
5a122132-8b2a-4e93-983b-2d8a316dc691,"cruciferous",1,3,"Two Bee"
564d94e5-8518-49df-8ee5-531a2b61cc7e,"cruising",1,2,"One Bee"
5f40f28e-aa0c-41a6-baa8-3a440ca093d4,"crumpet",1,2,"One Bee"
702e421d-0955-48cf-a6c6-49e36b1aefc9,"crustaceans",1,3,"Two Bee"
7639dd70-4427-4025-9587-445f4efe5b02,"crusts",1,2,"One Bee"
1e713851-e5e9-49bd-9640-be2347366782,"cry",null,1,"One Bee"
6f966b80-e953-457f-9968-b02d4bf430d1,"cryogenic",1,3,"Two Bee"
b8572e7b-d89f-4dab-95dd-5f318b0d506b,"cryptozoa",1,4,"Three Bee"
a4cdb8bd-9c7f-409d-a369-d307a2cd0ce4,"crystalline",1,4,"Three Bee"
f7bd144d-97fe-441a-8e36-9e42b6b69fcc,"crystallized",1,2,"One Bee"
7c4f6d8a-fbf1-453f-8180-81fc05116462,"crystals",1,3,"Two Bee"
aa6059bd-fd60-4c9f-8b35-ee574b8766e0,"cubicle",1,3,"Two Bee"
3fb22afd-1dfc-4e7e-a20e-f908995f61a8,"cubism",1,3,"Two Bee"
59892de5-6de6-4c1c-a165-9befbdf71a86,"cuckoo",1,2,"One Bee"
dda90530-057b-43f6-b774-078fc3d9aed7,"cucumber",1,2,"One Bee"
c861e0d7-9cc9-43bf-b5fa-7462f0239ff3,"cudgel",1,3,"Two Bee"
f13e5c5d-a2b1-4232-a0b1-4df859ce763a,"cuirass",1,4,"Three Bee"
2eee67d5-eaf0-4ef4-b6d1-28eefdbfa445,"cul-de-sac",null,4,"Three Bee"
c973d961-c960-495a-b10c-9f006c851160,"culinary",1,2,"One Bee"
af2dd17b-452e-4447-8259-118825bf8f00,"culminate",1,4,"Three Bee"
d8645e5c-c1fd-492e-bc33-5fa8c8b1d015,"culpa",1,3,"Two Bee"
c3b5e4f4-501a-4eb8-aacf-993afac798e9,"cultivated",1,2,"One Bee"
debf73f1-1454-4e1e-8526-1278f38160e1,"cultural",1,2,"One Bee"
73a867bb-5ef4-491e-818a-1c3e4357260e,"cultures",1,2,"One Bee"
d398c10a-7f77-4104-9973-87c675525e09,"cum",null,3,"Two Bee"
3bc89ddf-39d5-463c-aa92-f1f1206832e6,"cumbersome",1,3,"Two Bee"
e547336e-ffd7-476d-bb60-505268360c1f,"cumulus",1,3,"Two Bee"
85ba866a-661b-4c01-b5bc-c712d841c7a8,"cupola",1,3,"Two Bee"
deca6e91-0a3a-47e6-a364-64934a4bf3f6,"curator",1,2,"One Bee"
b60bd0c8-db48-4615-93fa-49219ca3d766,"curfew",1,2,"One Bee"
dbb9aae5-bf67-4fec-b900-f0868e8b5250,"curie",1,4,"Three Bee"
c8caecbe-169f-4821-bb78-989879a1adaf,"curiecurmudgeon",null,3,"Two Bee"
77b853a5-eb42-4958-9e88-c26e348be285,"curiosity",1,2,"One Bee"
c5bf019f-da65-4fb3-9342-19c59b34af5b,"curmudgeon",1,3,"Two Bee"
92132065-3272-4c7f-bea2-8ff37bf18a69,"curries",1,2,"One Bee"
8aef3fe4-f27a-4907-a108-549fa64d4127,"currycomb",1,4,"Three Bee"
e4a9d8d6-cc10-485b-8420-56af2b00e125,"cursive",1,3,"Two Bee"
b76d164c-cb3b-47dc-8424-8aab26932d20,"curtail",1,2,"One Bee"
c60f24b1-7dcc-4547-8d89-fc70f0e04189,"curtains",1,3,"Two Bee"
9a92a31f-44a1-4291-8d53-b0deae0dada2,"curtly",1,3,"Two Bee"
74d04e39-fe07-4f3e-a3b5-5d17547775e5,"curve",1,4,"Three Bee"
dca1c143-ab35-418b-8716-90283dba17e1,"cushag",1,4,"Three Bee"
c5809c0e-47c8-40b0-aa9b-11dbcc96c5b0,"cushion",1,2,"One Bee"
c158c651-a959-429f-8379-090d1c8c1f7a,"custard",1,4,"Three Bee"
fae3f1c8-2a8f-407f-8f2a-c4ce270d0e70,"customer",1,4,"Three Bee"
f30ebd51-3563-469a-a845-8726adbcf512,"cutaneous",1,3,"Two Bee"
c37a5f5c-49f9-4e03-87fe-6caf7e706c5b,"cutis",1,3,"Two Bee"
4e3310fd-8f8d-4fde-87c6-f51acb7301fb,"cutiscyanosis",null,3,"Two Bee"
f060342c-2a22-4628-a0e8-f8865dab4f7c,"cutlery",1,2,"One Bee"
a20bee04-9267-424d-b47f-a946a1167ceb,"cutter",1,4,"Three Bee"
bd8a5a46-11a5-4567-936e-0d66997f5088,"cutting",1,4,"Three Bee"
dc49b328-cd0b-413e-8593-3fc182bcd51f,"cyanosis",1,3,"Two Bee"
23eef413-83d3-4df4-bab4-97fdd1b7b971,"cyanosisregurgitate",null,3,"Two Bee"
6fea1119-1bfa-4a2c-9b82-a958d152161f,"cybernetics",1,3,"Two Bee"
fd7704ee-5c15-4ab9-85b2-5e706b5f15f5,"cyberneticsgarniture",null,3,"Two Bee"
35b78077-328e-4026-b4fe-fbcd455b6e4b,"cycle",1,4,"Three Bee"
0f888bf1-cb9b-470e-8e68-ecd8519d7138,"cyclone",1,2,"One Bee"
f7715bcb-e81e-4cb9-99ed-3e4ddfc31926,"cyclops",1,4,"Three Bee"
4fad54fd-c571-4843-a7e8-4c92388bc5e3,"cygnet",1,3,"Two Bee"
952a6998-8d3b-4196-af14-9b742eeab43d,"cylindrical",1,3,"Two Bee"
d05f651a-af3c-41ed-a41a-cb420fb263c9,"cymbals",1,2,"One Bee"
2ae21e32-e0a0-4a8c-ba5f-92956df819e4,"cynicism",1,3,"Two Bee"
456eee08-9af7-4b8d-8b32-d86a3cb02725,"cynocephali",1,5,"Three Bee"
75011f2c-bd8d-4114-819f-4af2b12e9485,"cytoplasm",1,3,"Two Bee"
ef34b2da-bf6e-4200-baf1-521780ef768b,"dactylic",1,3,"Two Bee"
632ecfdd-44bf-4136-8d43-1455d70cafb4,"daguerreotype",1,5,"Three Bee"
c4ed913e-b174-4942-8ec4-ff2195a2644b,"dainty",1,3,"Two Bee"
39fbb51a-af31-4768-8544-965ca05042f0,"dais",1,4,"Three Bee"
ed3a91a8-50a5-41a0-b973-925b5f330222,"daliesque",1,4,"Three Bee"
c1264578-5cbe-4e21-b59e-bc5f2d91100c,"dalmatian",1,3,"Two Bee"
a905f2fb-da8d-4821-9715-f28cb9cd69ef,"damaged",1,2,"One Bee"
829def4c-c3d2-443b-8a01-3429f22ce968,"damascened",1,3,"Two Bee"
d4e1b931-8470-4b37-bdc1-187a910b9da3,"dame",1,3,"Two Bee"
c57f2a5c-7294-4bb0-bf9b-1fa5c16bf5d1,"damson",1,4,"Three Bee"
74e18936-9123-4829-a713-1aae5c960d7c,"dance",1,4,"Three Bee"
3345cb61-3708-4b18-b78c-56a0976585be,"dancing",1,4,"Three Bee"
4b2bb1ad-55a8-4540-be16-93b07f294ab6,"dandelion",1,2,"One Bee"
d2490df2-1a2e-46fd-9bd8-f2a7db6f6672,"dandle",1,3,"Two Bee"
f1efda98-b5c9-4220-84e2-c6f49d04331a,"dandruff",1,2,"One Bee"
33d8e0c9-dd90-4fd1-992b-f1ec284b5063,"dangerous",1,3,"Two Bee"
f54bb031-b320-49f2-b5cc-194ee3358601,"danseur",1,3,"Two Bee"
1507fe0b-3ed5-4476-ab10-66423369486a,"danta",1,3,"Two Bee"
1d9c1928-bddf-4d80-a73a-0d4a8ea97d98,"daoism",1,4,"Three Bee"
32d36d3e-decd-40a1-acc7-d4eb9fae0ce6,"dapper",1,3,"Two Bee"
0e6b95b8-4d89-405d-9a4d-7862890d20dd,"dappled",1,3,"Two Bee"
c421865e-02b8-4d9a-b214-d6044e0817a5,"daredevil",1,3,"Two Bee"
36a1fd6c-3785-48cc-b08d-5b5c958c31cd,"daresay",1,2,"One Bee"
963543a6-0fea-48f6-ac56-c0ca56d6215e,"darjeeling",1,4,"Three Bee"
f674cf92-ca4a-4a29-ba67-67f574440d0b,"darjeelingrecusancy",null,3,"Two Bee"
22d90a4c-4398-49e2-927d-ed71ac38ac85,"dark",1,4,"Three Bee"
19dc2a63-4d6d-4b8a-b96b-7a3715a1d687,"darmstadtium",1,5,"Three Bee"
59a8d89e-8c6b-4c3c-a95f-8813123d564e,"darnel",1,3,"Two Bee"
f3399033-2840-4bb8-b417-98b73acc743e,"darted",1,2,"One Bee"
2e7c9079-341e-4989-b3de-6c37cb6b769b,"darts",1,4,"Three Bee"
8178e232-6e9b-4a29-89d8-ffb2c3dc5bd1,"darwinism",1,4,"Three Bee"
df132a88-9532-48e0-ad80-ee1a7ce9dd5d,"dashiki",1,3,"Two Bee"
39f9ce53-5a7f-4f30-a7ef-809d3dcec624,"data",1,4,"Three Bee"
5a03721d-c253-4d93-8226-adbcbe7c9263,"daubster",1,3,"Two Bee"
aabe9820-2ecc-4a29-b4cc-6a22450fdea6,"daughter",1,2,"One Bee"
d9f86de3-9559-435e-b4df-aec01c01b4ff,"dauntlessly",1,2,"One Bee"
02911e9f-2474-41e5-bcbc-27ea9a1e9384,"davenport",1,3,"Two Bee"
a573d665-3dee-4a0a-8779-de2bfeb25b3e,"dawdle",1,2,"One Bee"
b757597b-2e25-4b02-8fb1-ae8e5822d0a6,"dazzle",1,2,"One Bee"
5477370c-e133-49c6-89e7-4fe55a9c5d0a,"de-mer",null,4,"Three Bee"
72ab3036-5ea6-4129-aeba-201ef751bd16,"deadpan",1,4,"Three Bee"
6af734cf-0137-48dd-97ac-f9ef793ae4c8,"death",1,4,"Three Bee"
d67c9ef5-9ee3-4424-bfc2-639333d1e9b0,"deathin",1,3,"Two Bee"
01d7869a-6577-4be6-ac29-9d03002162c8,"debilitate",1,3,"Two Bee"
7a8a9953-8fcc-453f-b7c8-97c1a41e0aeb,"debit",1,3,"Two Bee"
b97a64b8-df08-4090-b51d-5bb35a9f93a7,"debita",1,4,"Three Bee"
b3e6ab87-67f2-474d-b1b4-bf1916c65602,"debitum",1,4,"Three Bee"
2d17b1e0-63cd-49e6-9bb9-51b45f32d973,"debris",1,2,"One Bee"
de5d95ee-5091-4cec-bb9d-e129370c4b66,"debt",1,4,"Three Bee"
d446cb2f-b68c-492e-a1d2-2ac8c425b4eb,"debunk",1,2,"One Bee"
d56a0e0f-99fe-4c77-a30c-e33020e5a80b,"debutante",1,3,"Two Bee"
c17e1920-a91e-45de-8f0a-0a91c40a1286,"decade",1,2,"One Bee"
8e09f9a8-a728-45e7-9cd9-4bba5101890f,"decades",1,2,"One Bee"
24d3f6ac-71c0-460c-8183-42f3ee3e3498,"decastich",1,4,"Three Bee"
c54ad18e-abef-4cd7-b63c-1063c27ff1fb,"deceitful",1,3,"Two Bee"
625dbe4c-c294-4edd-8515-ace9ae09d55b,"deceitfulcinderella",null,2,"One Bee"
39c108e1-afcc-4fd5-8244-d106f4cf2b67,"deceleron",1,3,"Two Bee"
6dda49e5-0284-4f25-975e-92b77ed39102,"december",1,2,"One Bee"
bc17dad3-a911-447d-8d9c-21a48545b2be,"decennial",1,3,"Two Bee"
e03ecff7-757d-4602-bdca-d2fef2c84ef1,"deceptively",1,3,"Two Bee"
b0215552-d201-4cf3-bb50-1d4156cc5c26,"dechlorinate",1,3,"Two Bee"
42601cff-14b7-4807-ae47-07c5f77d7d44,"decibels",1,4,"Three Bee"
57df331e-7d75-408e-8751-d9a5016119be,"decide",1,3,"Two Bee"
76eaaa24-08ba-4585-824f-ee02cd785c9d,"decided",1,4,"Three Bee"
e2ddab22-4406-45ec-aee3-4a178744856b,"deciduous",1,3,"Two Bee"
4778a41c-537b-4e12-a605-c5bd34b222c5,"decimal",1,3,"Two Bee"
537f6155-1eb2-4fe8-b6ea-431ce7cbd594,"decimation",1,3,"Two Bee"
9a2be69e-59fb-43f9-b23f-460cdf874c7b,"decision",1,2,"One Bee"
4bc1fe30-17e8-45b2-9b14-dcf48d6e1671,"decisions",1,4,"Three Bee"
430b9509-016d-4665-bd68-04f7783f9895,"declamatory",1,3,"Two Bee"
1178fcce-431c-49de-837c-5ca9ce12bdcc,"declaration",1,3,"Two Bee"
dc4d1e00-7670-4259-a276-d4017d17fd3b,"declared",1,2,"One Bee"
80ce2263-97ba-436b-9914-c5674a298cbc,"declension",1,3,"Two Bee"
8e2eb839-9bfd-4b69-9e53-6029b21885b1,"declination",1,3,"Two Bee"
ec3c202d-b9c1-414b-be66-3990637d3f69,"decorative",1,4,"Three Bee"
23f0efc2-9a6f-42fd-b283-ffdd6dc045bb,"decrepitude",1,3,"Two Bee"
02696413-b504-44ad-8a6b-882bba3f4b6c,"decumbiture",1,3,"Two Bee"
6e278fc1-339a-4b27-8ac1-e2dcb4265615,"decurion",1,3,"Two Bee"
5c8a3ead-944a-43b9-85de-e3c9019699b1,"dedicated",1,3,"Two Bee"
4facea0e-5649-49e4-8f9e-ba17c6881539,"deer",1,3,"Two Bee"
782c2bea-96ad-4d4f-8d2d-83bbe8fff507,"default",1,2,"One Bee"
b84d28a7-b27f-4226-83f3-67545d218e55,"defeat",1,2,"One Bee"
5fd0923f-8167-40df-bd26-bb7ceafc4b22,"defector",1,4,"Three Bee"
d04a5531-5e21-4a9f-8929-b6f29d9c29a0,"defense",1,2,"One Bee"
d9f00e6d-1027-43cb-9806-6c3ee7ff0509,"deference",1,3,"Two Bee"
84582e2b-5c29-47ed-ba2c-8b5b9b759c91,"defiant",1,3,"Two Bee"
b311fcb3-03f2-4427-a009-7b2ab5aa3edc,"defibrillator",1,5,"Three Bee"
c7d7127c-faec-4960-90a3-603efe6bbfa1,"deficiencies",null,5,"Three Bee"
7fc7559e-b50c-411b-a971-10185da7eb19,"defined",1,4,"Three Bee"
9425c885-9aed-4f99-964e-827b32886418,"definiendum",1,3,"Two Bee"
ba12eeb6-3fcd-442f-bccb-684e2ce540d6,"definitely",1,2,"One Bee"
02bcc5c6-c5a4-4524-b936-b517db710796,"definition",1,3,"Two Bee"
da317036-3423-43b9-a001-0cd6fa55b107,"definitions",1,4,"Three Bee"
1be92ea6-06be-401b-ac7a-5450a744c5f6,"defoliant",1,4,"Three Bee"
5c2b3150-7213-4593-9f43-7625f61f44bd,"defunct",1,4,"Three Bee"
e7731f00-043c-46b0-bc23-0e827eb9e9fb,"defy",1,4,"Three Bee"
c05c1864-e9dd-450f-92a8-2e391e63ec8a,"degauss",1,4,"Three Bee"
4d3df997-a131-430f-9763-7a36d4e45c80,"deglaciation",1,3,"Two Bee"
50934a57-2ebb-4a7f-934b-a1e2a4e6bcd2,"deglaciationrecruit",null,3,"Two Bee"
5e2d275c-d67f-468d-80e7-6217bb814828,"deign",1,4,"Three Bee"
387aac04-f364-4edd-b3fe-c222af88d85e,"deimos",1,4,"Three Bee"
f22e3d5c-41bd-4199-a5a6-36efd52b97e3,"deities",1,3,"Two Bee"
a3a57424-07f7-4dea-9fdb-068cb446dbaf,"delectable",1,3,"Two Bee"
b63ac801-e44e-4d18-acc3-52c0d2039047,"delegation",1,3,"Two Bee"
88f12843-e063-4ed1-b0b8-1e1e1c3a2085,"deleterious",1,3,"Two Bee"
ab9631bb-f23d-4ad6-9748-33933c4a6167,"deliberately",1,3,"Two Bee"
cc277fb9-8601-4b04-9032-08c0b9271550,"delicacy",1,2,"One Bee"
8c1b2de3-8ac4-43c3-aae6-73d6a332b6ad,"delicate",1,4,"Three Bee"
f91c51d6-a46a-4181-9457-3f12f8056284,"delicious",1,4,"Three Bee"
bbbfb01c-ab15-4a74-9028-daa26e6bbf93,"delight",1,5,"Three Bee"
36d68830-127e-466d-94ac-7aa41fc37b02,"delinquent",1,4,"Three Bee"
52df7483-f7ef-4e74-913f-54ac417d82bd,"deliquesce",1,3,"Two Bee"
d3e8f3cb-6e41-4a70-9b77-1c187131569e,"delivery",1,3,"Two Bee"
0f51bb88-14e4-431f-917e-ae330ecb0936,"delmarva",1,4,"Three Bee"
0d557a89-4180-430e-9203-e1040a85748c,"delphinium",1,3,"Two Bee"
363c78a8-229a-4c2b-ad71-649c9c2a538a,"deltoidal",1,3,"Two Bee"
00bfa2a9-da41-45d6-a6f1-ed812868a9f1,"demeanor",1,4,"Three Bee"
7543191b-2d08-4565-b60e-40b8fe299ace,"demeanour",1,4,"Three Bee"
7b148970-ae4d-4e4c-9a24-5ee340cb3412,"dementia",1,3,"Two Bee"
ce3c9190-6b73-46c3-83d1-81e4049ae6d2,"demerits",1,3,"Two Bee"
b92a2dea-a9b1-4902-abb0-1d01e3f2f441,"demigod",1,3,"Two Bee"
d77c50f4-f547-4bb1-aec6-820b92893ba8,"demitasse",1,4,"Three Bee"
1b4b49de-8a33-49fc-971b-7196241c69be,"demographics",1,3,"Two Bee"
343739a3-f8f1-4f7c-8691-bfae92236bbf,"demolitiongargantuan",null,2,"One Bee"
aefee16c-097c-4f31-a666-083486d1166b,"demonstrative",1,3,"Two Bee"
e4fae58f-68fb-4b85-a259-892b671d6f21,"demulcent",1,3,"Two Bee"
7dadc953-d5e7-40d1-ac7b-266d608bb52c,"demure",1,4,"Three Bee"
b7d27279-5420-4dce-b8bc-d451cc2f82d2,"demurrage",1,4,"Three Bee"
a1243268-e7ba-48a1-9b36-8991a17c0602,"dendrochronology",1,5,"Three Bee"
27b1654d-e7fb-45e8-9b39-b57bde824d2e,"dengue",1,4,"Three Bee"
baee2dc5-2cfa-4eb1-ac8d-1acb8ffc7ccc,"denizen",1,3,"Two Bee"
8ad53343-2678-4fbd-8dab-7af64cf2bba9,"denominator",1,3,"Two Bee"
39b7fbec-a9dd-4837-ac11-1a75ca13c650,"denouement",1,4,"Three Bee"
3b9c0951-f7b2-4b71-8dd8-2347876b896a,"denouncement",1,5,"Three Bee"
075031f2-a139-489c-824a-3ba4d5523062,"denticulate",1,3,"Two Bee"
68902c87-d237-4932-950f-427318e9e39e,"dentifrice",1,4,"Three Bee"
992e1c9f-31f0-40d5-9212-7f283c644871,"department",1,2,"One Bee"
06bb3187-bc84-47bd-bf51-5f8beb3f1c4a,"dependable",1,3,"Two Bee"
68580d3b-6082-4764-a418-ea7b811aa904,"depilatory",1,4,"Three Bee"
fffe65e9-a878-4a63-ae2b-513397838c10,"deportment",1,3,"Two Bee"
10a5bb73-37ba-45a8-a81b-728ed39e0b18,"depose",1,3,"Two Bee"
5cb848eb-040f-4622-9214-425c7d7d6271,"deposited",1,4,"Three Bee"
bac904c0-0b99-41b6-a056-6c704d5e56cb,"deposition",1,4,"Three Bee"
a9f1e416-19f6-4d45-8571-592247d17751,"deposits",1,4,"Three Bee"
93730eba-28fd-45de-bfe9-1fbf3a4ec88b,"depot",1,3,"Two Bee"
fa38cdb8-5216-442a-8879-8d999922f14b,"depravity",1,3,"Two Bee"
e2ea4897-9ebd-4325-a17e-fbc5b59cc023,"depreciate",1,3,"Two Bee"
9a9937ed-917f-45c1-b7cd-9afaade7578e,"depredation",1,3,"Two Bee"
22a9ddc1-bb86-4f0e-b19f-222db2ee9611,"deprivation",1,3,"Two Bee"
9d37fc9b-0a22-43f3-a283-c7e45ecd4169,"depths",1,3,"Two Bee"
44036dde-5a1f-4eea-90c4-8a19b93ffb68,"deputy",1,2,"One Bee"
79f17446-b601-4c8c-8db2-8fc4ffbf1767,"derecho",1,4,"Three Bee"
3992f0eb-761f-4686-8263-a855ea1d7e45,"derelict",1,3,"Two Bee"
f30f5a3f-0779-4c76-9fd0-3de932e8e47d,"derelictderisive",null,3,"Two Bee"
7c289322-f509-447c-90a1-91f64b2e7d4f,"derisive",1,3,"Two Bee"
661223b4-723a-478e-8678-a3bfffa3731c,"derivative",1,3,"Two Bee"
815fba11-dc61-43f9-af85-5ce003853b8a,"derived",1,4,"Three Bee"
91e3db5c-803e-4bf0-9063-1b0b1cd02344,"derogatory",1,4,"Three Bee"
c66eee4c-6547-45a2-a1e2-800d59869d29,"derrick",1,4,"Three Bee"
5bef71a4-6369-4f30-8b3f-5c47c48f6c7f,"derring",1,4,"Three Bee"
d0796a19-afc5-46c1-8233-65e80f9c4773,"derring-do",null,4,"Three Bee"
8afac67a-f52d-4b4e-9a0c-17e3efc95da6,"derring-dodeseret",null,5,"Three Bee"
e19a1bec-f2e3-4da9-9971-b171996ca0e6,"des",null,4,"Three Bee"
f3ad8b1a-1f70-4199-9396-f2502f0dfdca,"descent",1,2,"One Bee"
9640009a-03ff-4253-8950-432649f98d65,"describe",1,4,"Three Bee"
5ea92536-8186-4ef3-93e9-b155df20536b,"describes",1,4,"Three Bee"
94b5d1c1-679f-4c45-a290-61e3352c1eea,"desecration",1,3,"Two Bee"
909e714f-c555-42f7-a9cf-af96e1317946,"deseret",1,4,"Three Bee"
53e70c7b-8668-431c-b04a-3e0e3f9c7f79,"deserter",1,3,"Two Bee"
c69df781-509d-4085-b5f4-9c8cfc227663,"desertification",1,3,"Two Bee"
6cd9772b-87a1-4028-bfe0-68477302aacd,"desiccate",1,4,"Three Bee"
6056e77b-baa1-4f1e-ade3-a1730ff121a0,"designed",1,4,"Three Bee"
5f4c7b47-c221-404c-a470-21f7500fb88e,"designer",1,2,"One Bee"
996451ed-0b68-492d-86eb-58a53b659531,"designerleisure",null,3,"Two Bee"
157cc0d3-1ceb-4967-bff5-66ee034706bb,"desman",1,4,"Three Bee"
e94ee882-be59-433b-806e-cdc70240d9ad,"desolate",1,3,"Two Bee"
24991db9-f000-4071-aeca-f3d1d289af41,"despicable",1,2,"One Bee"
fdfeb781-aad9-4422-abe0-7e24f4b3920e,"despite",1,4,"Three Bee"
6d813688-92c7-4607-86e0-6d0e06cd4c6e,"dessert",1,3,"Two Bee"
12fbdf0e-4456-42da-a6ca-30e94f70af59,"destination",1,3,"Two Bee"
14a0f321-9ad5-4652-ae9d-e813eda55098,"destitution",1,4,"Three Bee"
62d1b518-1665-4e32-862e-d4c0420ecaef,"desuetude",1,3,"Two Bee"
6d5e342b-2859-418a-bc21-37f9d9f26d52,"desultorily",1,3,"Two Bee"
f1c0c4c2-4e4b-4076-89ea-5b421dd3a21c,"detail",1,2,"One Bee"
78c889b2-0095-4f3b-8479-4c3b1aab4f0b,"detect",1,3,"Two Bee"
fce192f0-6018-4adf-88ce-20e32847ab94,"detention",1,2,"One Bee"
53e40732-f9a4-4c8a-b2c6-ccef9a5b6077,"detergent",1,3,"Two Bee"
7643d4a7-040c-4cd2-8c01-b4a30211b2ce,"deters",1,3,"Two Bee"
0c5c50fe-46db-44ce-8df5-0b321b650ae5,"detour",1,2,"One Bee"
0762639a-3119-41cc-a6d7-834ae6d38301,"detractors",1,4,"Three Bee"
0d1b8e40-c2cd-4a1a-b041-03940337410b,"detritus",1,3,"Two Bee"
071f3277-5374-42b2-8c2a-f5772fde89f7,"deuterium",1,3,"Two Bee"
c0798cba-090c-4c48-9a66-52479fa52a30,"devanagari",1,4,"Three Bee"
907b44f7-8d46-4be7-a689-c9f5ff185da8,"devastavit",1,4,"Three Bee"
7a3d9b47-7756-46bb-9acc-2df3566e8e3f,"develop",1,2,"One Bee"
6df0a7b9-6413-4f82-95d0-ba883ec4b69c,"developed",1,4,"Three Bee"
f8b6c5e6-e9fa-4d60-bab5-8e4bd993e947,"developer",1,2,"One Bee"
5f26dff5-7c68-404f-b35f-661585ef8e1a,"deviation",1,4,"Three Bee"
8d98570d-a724-417f-9e11-97e424d1f075,"devious",1,3,"Two Bee"
ba9d8738-1c72-4ea8-9864-e43878d79e68,"devo",1,4,"Three Bee"
f6f21ec4-5b7d-450a-9170-f2ffb434553d,"devoid",1,3,"Two Bee"
258d4b4a-047f-4c24-b435-7791abf97565,"devotion",1,3,"Two Bee"
0e3af1cd-2bde-4787-aba1-03d6f4a8d600,"devoured",1,3,"Two Bee"
caa5bdfc-7e51-4e3e-aab8-078d23dbb8b4,"devout",1,4,"Three Bee"
2cfd8e8e-704f-49d8-b092-dd029da686fc,"dghaisa",1,5,"Three Bee"
7590927e-9a9c-429a-91c7-f78768d7d5bd,"dhole",1,4,"Three Bee"
7dd88712-3e9c-49b7-b93c-a4b6382a302e,"dhurrie",1,4,"Three Bee"
86cedc70-f5ab-411d-8d48-5caad45be2ed,"diablo",1,3,"Two Bee"
77a6ec31-2a29-4bda-b720-1ba396d8f337,"diacritic",1,3,"Two Bee"
70b89ae3-57ed-4cdb-9f66-7b08294f3ab5,"diadem",1,3,"Two Bee"
2c77f8d4-43df-452c-a3de-6c46a1d8e0cc,"dialect",1,2,"One Bee"
b208b0f7-8feb-4926-ac33-3f801c3cec2b,"dialogue",1,4,"Three Bee"
4c633afc-9de1-4aa6-8db8-482ec2f1ca86,"dialysis",1,3,"Two Bee"
d4c48112-5753-4dce-a0e2-9e97b539a66e,"diamanté",1,2,"One Bee"
fa7c1942-c5e6-49c3-835b-09d95f0fcabc,"diamond",1,3,"Two Bee"
1294792a-8937-47bb-a0a4-627eeb0e9ef4,"dianthus",1,3,"Two Bee"
5bfbf437-57c9-4e3c-b573-6611209eec92,"diapason",1,4,"Three Bee"
8579de72-ed54-4642-b4e4-9578b3163fad,"diaphanous",1,5,"Three Bee"
77e6943d-cf3d-4752-a6d7-0689e571d566,"diaphoresis",1,5,"Three Bee"
3b92b99f-313d-4e63-af16-adf297de5db7,"diaspora",null,3,"Two Bee"
6ab54eb1-4c83-48b3-923f-b632f2fd99d7,"diastole",null,4,"Three Bee"
31930e96-7aed-4ab9-a053-2e05a8891dba,"diathermy",null,3,"Two Bee"
2fe43ccb-5cd1-4bab-b12d-4f23d93f4511,"diatonic",null,3,"Two Bee"
b97b1312-4dce-4ecd-bdee-1ba5e7a514cb,"diatribe",null,3,"Two Bee"
441f23b2-d0cd-4bb3-ad88-29f5a270b5c0,"diaulos",null,3,"Two Bee"
cf24eb94-d0e8-4781-aff1-958379c8d557,"dicey",null,1,"One Bee"
51bf5960-dadd-420d-bfc9-da7f032e205b,"dictum",null,2,"One Bee"
918ee00b-dd52-47d3-872c-4837430d56bc,"dietetic",null,3,"Two Bee"
ccadef75-994c-45ac-8eef-4f7f7af00944,"differed",null,3,"Two Bee"
86c9381f-c066-4e56-b6c3-40f8ba75ebf6,"different",null,4,"Three Bee"
1c332563-9ae1-474f-9e15-f72d8a677b00,"difficult",null,2,"One Bee"
c7c874bf-36ad-4318-85e3-c93a882973d9,"difficulty",null,2,"One Bee"
a58ffc07-ebed-4b33-87a5-f733b1d9218f,"digerati",null,4,"Three Bee"
549e15e4-d53f-4bc7-bde1-22b0878a0895,"dignify",null,3,"Two Bee"
60e7c2ee-f3aa-4968-9783-1e8b95da1367,"digression",null,2,"One Bee"
8f121de2-21d4-46dd-89a1-823c9ad71f96,"dihedral",null,3,"Two Bee"
bd619e77-c5ec-4153-af20-23ce804fb844,"diktat",null,4,"Three Bee"
0a527385-8bea-43bf-907b-51e141d3d7a5,"dilapidated",null,3,"Two Bee"
0a99f04e-081c-430f-a4eb-2733dde11976,"dilemma",null,2,"One Bee"
0c04ef62-2dde-4480-ac09-9d31a380499e,"diligence",null,3,"Two Bee"
6592dd38-2e7c-4418-8ab3-e9fb8a51618b,"dillydally",null,2,"One Bee"
a48324f8-addc-4076-9afd-8ff9227e50b8,"diluent",null,3,"Two Bee"
7f7a4bfd-407f-44bc-a811-f059e6f7c16d,"dilute",null,4,"Three Bee"
41a37184-bec6-401f-bda5-029bd8f963da,"dim",null,1,"One Bee"
d0322dad-492f-4483-8f18-c05765b7beab,"dimension",null,2,"One Bee"
e0951478-a98d-446c-91d7-43f9df60fa64,"diminished",null,3,"Two Bee"
8cadc711-d208-4001-a512-45e1e6643187,"dimorphism",null,3,"Two Bee"
4fe76c33-e647-4aa3-a614-e491b822acff,"dimple",null,3,"Two Bee"
ca181d50-a7ab-4b07-a638-4f13fe052dd6,"dinero",null,3,"Two Bee"
4afc950f-10e6-45e5-a7ff-2f81f1ffd6b4,"dingoes",null,3,"Two Bee"
944fb709-bbd0-47d1-aa1d-0470d626333f,"dinner",null,2,"One Bee"
1817d713-b0c1-4ebc-a14a-b6a4fa2e7a52,"dinosaur",null,3,"Two Bee"
e6eee0c5-91d7-46ee-81e2-3f15d3112bc3,"diocese",null,3,"Two Bee"
16e21959-f563-42e8-b346-9f58e4855c7e,"diode",null,3,"Two Bee"
5943cb2f-d9ed-4193-b84a-cc939618743c,"diphtheria",null,5,"Three Bee"
2ab7eddb-d5af-4a76-bd3f-0b6266b0575e,"diplodocus",null,4,"Three Bee"
c3602886-f475-4654-8fdb-46577563ebe4,"diploma",null,3,"Two Bee"
9f1dd836-e95f-4f1b-a82f-77243740a485,"diptych",null,3,"Two Bee"
cb0964e8-336a-4179-a490-72d9241ffc1a,"dire",null,3,"Two Bee"
6c2621c2-d2dd-4e7b-9302-51cbe62a8772,"direct",null,2,"One Bee"
7385116b-b0af-466f-aae7-d1dc6ea49503,"dirigible",null,3,"Two Bee"
a9aa5de3-548e-4182-9122-6bf494201b32,"dirndl",null,4,"Three Bee"
a540a6db-54d0-4fe2-8fc9-1a547c8feb67,"disaster",null,2,"One Bee"
b3666ffc-570b-443e-b90f-3aae88990380,"disasternoun",null,2,"One Bee"
83693e0d-656f-4dae-9022-8b15bb8b7aa3,"disband",null,3,"Two Bee"
629df775-1b28-4df2-8c6c-0a1d325b799a,"discarded",1,3,"Two Bee"
9afe3f8c-668d-4e0d-97c9-62b471d851f9,"disciform",1,4,"Three Bee"
77e32029-1dc1-43f0-9a5a-3015676c7473,"disclaimer",1,3,"Two Bee"
dd7a279a-40f6-4911-94e7-f16c6282c6c6,"discombobulate",1,3,"Two Bee"
98b0b29d-bd93-4c61-87b6-a7e6c8c66d99,"discomfiture",1,3,"Two Bee"
7470be5d-d0b8-455e-b3d4-ccdf788f1d40,"disconcerting",1,5,"Three Bee"
77cb7f3a-c2ce-4d47-a515-2d4297a6a23e,"disconsolate",1,5,"Three Bee"
b430e126-f31b-4e73-9d94-e216b8661220,"discord",1,4,"Three Bee"
871a27a3-e852-4fda-ad81-9d08188023a5,"discountenance",1,3,"Two Bee"
846071ce-2257-4b21-af5d-5cafa9c812d1,"discoveries",1,4,"Three Bee"
33ba4fa0-37dd-42ea-9884-14ec2c677931,"discovering",1,4,"Three Bee"
1f85498a-1168-4c28-9ae0-f926eba26600,"discreetly",1,3,"Two Bee"
b6bff9a8-8f9b-464e-a9a1-e2933354ac97,"discretionary",1,3,"Two Bee"
d5aa99aa-40c6-4630-bf94-e3d66523383e,"discriminating",1,5,"Three Bee"
e662b012-b33d-4a4e-b7a5-9ba1335066f7,"discussion",1,3,"Two Bee"
a396d85a-4cbb-4620-a7c9-c1fca1be9b06,"disdain",1,3,"Two Bee"
de63cc3e-1c90-4f1c-970d-2bdd05150666,"disease",1,2,"One Bee"
7e37effd-6dcc-4d74-8d7f-52a2a038f187,"disembark",1,3,"Two Bee"
67a707c8-8859-475a-bac6-8c446ed03cf4,"disembodied",1,4,"Three Bee"
28d0b5ee-18eb-4e6f-8cae-37e2ea04d35b,"disembogue",1,3,"Two Bee"
f125d9c2-bd19-4ac5-b80d-96284c2a385d,"disgorged",1,4,"Three Bee"
1e77c6c2-cd74-43ca-944d-413e45a527f9,"disgruntled",1,3,"Two Bee"
e37b755c-732e-444c-8341-43659f6a5ecd,"disguise",1,3,"Two Bee"
7a3297c4-b267-4cae-a23d-e559075307e3,"dish",1,4,"Three Bee"
8b854477-de05-497f-a6a5-6defd1322bde,"dishevel",1,3,"Two Bee"
3ab945a5-d3af-43f5-ab21-890de7478964,"disinfectant",1,3,"Two Bee"
12f68d37-07fd-40eb-a028-0371c091eff6,"disintegration",1,5,"Three Bee"
e18f32bc-2f23-4238-8be2-dd93b744bb35,"disjunct",1,3,"Two Bee"
3bc2d210-2d72-4c07-901b-46eda67cd1e0,"dismal",1,3,"Two Bee"
8130468a-90cf-44f3-a359-2c16bb34f532,"dismayed",1,4,"Three Bee"
6ed058f3-09cb-4ee7-99f0-dffbfe6aeb01,"disneyfication",1,3,"Two Bee"
86aadf19-18bd-4219-b7a8-bbd326eacbdb,"disorder",1,2,"One Bee"
6cb4e516-f2e3-4bab-9871-2d5dca56191a,"disparate",1,3,"Two Bee"
ce7aee6e-19ae-4425-bde2-3cb4a46048c1,"dispensation",1,5,"Three Bee"
685163cf-3ea6-4a25-adeb-806d0e36127c,"display",1,2,"One Bee"
51d7aa27-ed86-4f70-a1a0-ef3b21f88a28,"disposition",1,2,"One Bee"
3e47d9cc-c404-4ca5-ba7d-4ff4492d5e8f,"disproportionate",1,3,"Two Bee"
5206c908-44b1-4227-bd15-370416cb7689,"dispute",1,3,"Two Bee"
6a19af37-b96d-440a-bce4-709b9a42bf80,"disrepair",1,2,"One Bee"
6663b1a5-292f-45d6-bbf9-9864fca23779,"dissemble",1,3,"Two Bee"
0e0ffc09-0301-417f-95b0-f2e3384a800e,"dissipate",1,3,"Two Bee"
5014f922-5ee4-4868-a013-9f237be9ad3e,"dissolute",1,4,"Three Bee"
719d8ff3-70b4-4ccd-baac-2f827d020aad,"dissolved",1,3,"Two Bee"
0af564d9-e11b-4634-ae86-1cc2bd58075f,"dissonance",1,3,"Two Bee"
905485a8-f8f7-4d54-a431-7147106ded8d,"dissuade",1,4,"Three Bee"
30f47504-8545-47af-80b6-71cd8c8abf86,"distance",1,2,"One Bee"
1011242e-1561-442f-b63b-8979b20e85d5,"distinctive",1,2,"One Bee"
34c8f41e-abff-4378-909c-9e899fc56a39,"distinguish",1,2,"One Bee"
3138dd3d-b82f-44fe-931c-14f1d5f34767,"distinguishing",1,3,"Two Bee"
39eda0c0-f28f-4e25-bf80-1c50b9ccc147,"distracted",1,3,"Two Bee"
07c92592-e4ee-4914-b648-174b53d08ed9,"distraught",null,3,"Two Bee"
0fbd34a8-ca2d-4a72-a275-b09b855f6d9f,"distressed",null,3,"Two Bee"
328ec37e-1ef3-4bbb-b7b7-dd4095c6ac8a,"disturbancewily",null,3,"Two Bee"
54178527-18fb-4d66-b91b-20b38d958812,"diurnal",null,3,"Two Bee"
1f0c41b3-36e3-4083-82aa-9a76ab7b30f6,"diva",null,1,"One Bee"
83289118-5b34-42ec-b1ea-7af83430da1c,"divanbadminton",null,5,"Three Bee"
08fcea26-1178-4f02-9a3e-375d6de9f19d,"diverge",null,2,"One Bee"
08f58980-ee05-42a6-968f-57e97e007a1c,"diversion",null,2,"One Bee"
c96b54c2-04e0-4566-b128-7207946231ec,"diversity",null,2,"One Bee"
91fde5f6-8df6-44dc-85e8-c3507e9eb4e8,"divestiture",null,3,"Two Bee"
79fdb13e-4c79-4830-9a8e-e9e5fb26ba48,"divine",null,2,"One Bee"
02f24266-c3cf-4692-ab6d-0521e5658632,"divot",null,4,"Three Bee"
8ca73c71-33d3-427a-a408-c9ae71be32a8,"divulge",null,4,"Three Bee"
7dcab9f4-fd03-4ce3-8bfc-18c8c4e3c1a2,"divvy",null,1,"One Bee"
ebec3298-47a3-4b6b-b348-341ac4f1386f,"divvyfatuously",null,3,"Two Bee"
bc13c754-e44c-40ca-98ba-5283bfc19669,"djibouti",null,4,"Three Bee"
f8c38699-3ed5-4119-a559-974cbd1cdd86,"dlailmnr",null,4,"Three Bee"
d1613b53-8d24-41f2-a1fc-9ced8f3b2004,"docket",null,2,"One Bee"
d8a3a72f-ca84-4101-a890-660aa567d583,"doctor",null,2,"One Bee"
01447fed-2d06-4807-b3de-8742addee858,"documentary",null,2,"One Bee"
dc315b71-6b21-44cb-bc9a-a0e6dee81357,"dodecahedron",null,3,"Two Bee"
61871e1b-b3ad-47ac-8d50-00b7b160f929,"dodge",null,1,"One Bee"
2161f7a1-fd2a-4515-8458-765bf8c296e0,"dodgy",null,3,"Two Bee"
7a8d5d2f-6163-4762-8176-5caf9332aecd,"dogana",null,3,"Two Bee"
a0e9826d-d378-4f0c-a523-78b4528f2878,"dojo",null,1,"One Bee"
44a8450b-0e5f-4588-8832-fb748acc3724,"doldrums",null,3,"Two Bee"
111d106c-d3b1-47e7-8499-ca6f6be56ebf,"dollbill",null,2,"One Bee"
f0f0d5a9-c103-4f8b-a636-d65ed716fbdf,"dolma",null,3,"Two Bee"
babe4e51-01dc-489b-84f7-461998810c9a,"dolmen",null,3,"Two Bee"
851b1c30-3a53-4ee2-8a95-e8da9c9f962d,"dolphin",null,3,"Two Bee"
e83ac207-aeec-40a8-b2e0-255788ca5b98,"domain",null,3,"Two Bee"
31f86369-10ce-40f0-8760-6fc6450d9b99,"dome",null,1,"One Bee"
2f638164-d3e4-4e61-a861-087416b08d1c,"domesticity",null,3,"Two Bee"
50414e2b-0cb9-4af2-987e-4a97f85030ba,"domiciled",null,3,"Two Bee"
0e513c57-327a-43e6-9db1-bf569b55cce9,"domineering",null,3,"Two Bee"
2921703a-583f-4d8d-bc31-53eeeca08d38,"domino",null,2,"One Bee"
cdc02e2b-5899-4ed5-8cc0-2270d129d2a3,"donatee",null,2,"One Bee"
74781bd9-b09e-4628-9096-a247576cfa3d,"donkeys",null,3,"Two Bee"
c8948378-773b-445b-87a2-3a7cf8d1a6e1,"donna",null,3,"Two Bee"
92e7eee5-c7d0-461a-bcca-5aa5c9e2fea7,"donut",null,3,"Two Bee"
faf0d940-36ee-4756-beed-847ea964b578,"doodled",null,3,"Two Bee"
4936eee9-22de-453a-84fc-2222401ff6bf,"doomed",null,2,"One Bee"
3f88162b-be24-4f0d-b6a5-aedc0cd17523,"doorjamb",null,3,"Two Bee"
e0c82b9d-0791-4a7b-952b-20ae87ba414f,"dopamine",null,3,"Two Bee"
31a542a9-24e6-43b5-8bea-04467e45c45d,"doppler",null,3,"Two Bee"
0209e8c3-c300-414d-b852-680e31a84fd4,"dorking",null,3,"Two Bee"
59c6fa1c-6748-4658-933d-21698419b246,"dormitories",null,3,"Two Bee"
e99604cd-cf25-4565-9d3a-a184a015d715,"dorsiflexor",null,4,"Three Bee"
13f72d85-eb12-4016-ae27-734718a72f5f,"dosages",null,4,"Three Bee"
b2dc32db-1ea7-4936-9214-5579105b6e86,"dots",null,1,"One Bee"
0206cfa8-182f-44fa-8f5f-447cbf107f2d,"dotted",null,2,"One Bee"
498c47ad-1688-4d16-89c7-e970716ede5a,"double",null,2,"One Bee"
7d28c38e-c41e-4822-ba2d-8f69dece96c1,"doubloons",null,3,"Two Bee"
f146e74f-57bd-488e-bf47-2caa7cad3ad0,"doubt",null,3,"Two Bee"
ab742db4-eba9-4064-9a11-a194f7b2a6a9,"dough",null,1,"One Bee"
9ed73e4c-813e-4d29-8202-473ac58e08b5,"doughnut",null,3,"Two Bee"
fd98d3b4-9839-478f-adf6-e915e56c93ea,"douloureux",null,4,"Three Bee"
f2929667-db4f-43f1-9552-182eddab373d,"dovecote",null,3,"Two Bee"
e11c3fab-80dd-48f8-8ad0-ceef1728758c,"dowager",null,3,"Two Bee"
3bd466f5-3560-47e5-8b3b-9989d3e49062,"dowdy",null,3,"Two Bee"
69abcd31-132a-46d5-a0fd-bb8093236819,"dowdycorkscrew",null,2,"One Bee"
0e557dd4-a080-4145-b827-d394803b62d1,"downcast",null,2,"One Bee"
b93c8ba7-2ab3-485d-bbc9-3efbeae10932,"downcastjubilant",null,5,"Three Bee"
78c7abce-0605-4f70-a6e1-813b16521b97,"doxycycline",null,4,"Three Bee"
4b168308-7529-4bb5-af1d-2211e072a5de,"draconian",null,3,"Two Bee"
8a306176-96b4-4bcd-afa0-37f6b1ddcf79,"draegerman",null,4,"Three Bee"
9179d2fc-4373-41a9-82e9-d555f9e8cd3a,"drag",null,1,"One Bee"
f3576b0b-9376-492b-8f26-941ba7c29f24,"dragoon",null,2,"One Bee"
3e3394de-2852-419f-b5e0-2647a1a4c4f6,"drahthaar",null,4,"Three Bee"
abe86237-c259-4957-bab8-0bf70593fe35,"dramatization",null,2,"One Bee"
2f8e82e0-575a-4dfc-b782-c3e6eeaf8d77,"dramaturgy",null,3,"Two Bee"
8a200f2c-9e30-49a8-b19c-fdc8fe7bae84,"drape",null,3,"Two Bee"
644169d0-1002-407b-ac5a-e2abd6c01322,"drastic",null,3,"Two Bee"
b819018a-4e80-401f-b649-54b94aa064e6,"drawers",null,3,"Two Bee"
6b725821-bc85-4599-897f-8e9fd3c22d57,"drawl",null,3,"Two Bee"
34176e1f-094d-4b85-bedf-21432e6a2213,"dreadlocks",null,2,"One Bee"
968d14b7-0ca0-49eb-8a30-ddeb792834b4,"dredged",null,3,"Two Bee"
07253238-38f2-4e5e-97b7-7241954917b8,"dreikanter",null,4,"Three Bee"
7ce1c297-75e9-4551-81d0-174eb4d278ca,"dribbles",null,2,"One Bee"
0061052d-f18f-4007-855c-42b10187acc7,"drift",null,1,"One Bee"
e4be7ff9-edbe-4386-b824-197cc66f6f9f,"drill",null,1,"One Bee"
7d6aa992-a504-49dd-bc73-c86aa8416bf5,"drivel",null,2,"One Bee"
e49af09a-bed8-4cac-9291-3343900d15a0,"driveljettison",null,3,"Two Bee"
821279e0-63ab-469f-8b40-5995ea3216cb,"drizzle",null,2,"One Bee"
69e2afed-1201-4a5c-bfac-027c27b907ca,"droll",null,3,"Two Bee"
61afa4cc-27bf-491e-b198-dcbd8416b3e1,"dromedary",null,3,"Two Bee"
99865d60-d046-4b0e-b6bd-bc47256d9807,"dromic",null,3,"Two Bee"
b9830e58-e698-49a9-ac0c-213e23b17d04,"drone",null,3,"Two Bee"
cf7b4b5e-a739-4adb-8fea-c928949ad955,"drool",null,1,"One Bee"
057b397d-ccf1-4775-9d8b-7a63eb54aac4,"drooped",null,2,"One Bee"
ea545441-4825-47b9-9116-57485a422117,"dropsonde",null,4,"Three Bee"
2f8d5da8-12d7-461c-80f1-7dae55eaab7c,"drowsy",null,3,"Two Bee"
78e4cc3f-35bf-430c-9c93-c8b96bfa79fe,"drudgery",null,4,"Three Bee"
3f711af1-9aef-458f-9c23-ede46203bdea,"druid",null,3,"Two Bee"
057f4ab7-353d-4a45-9251-d64830a89b61,"drum",null,1,"One Bee"
a7d8a27d-92dd-49e7-825a-7ce0d17babc9,"drumlin",null,3,"Two Bee"
1a5e8ab7-2619-48bf-bebe-44ab52555944,"drupiferous",null,3,"Two Bee"
388e0376-4b17-45c2-8bcc-ef0297b93030,"dubhe",null,4,"Three Bee"
9fa886ed-3a6d-492d-99b2-ad18c8ce81b9,"dubiously",null,3,"Two Bee"
dc67e9c0-68d5-42a7-9bad-b8be1f002d86,"dubitante",null,4,"Three Bee"
673f1eda-134a-4745-9a58-24ec9e18c139,"dubuque",null,4,"Three Bee"
ec5dc18c-d0ee-4ab0-a468-79467e868d17,"ducats",null,4,"Three Bee"
f146e1d6-bb6e-48dd-bd22-107ce0c2ced8,"duchy",null,3,"Two Bee"
8c3f6dba-deb9-4353-ad2a-185628e27659,"duchypagoda",null,3,"Two Bee"
ea806506-3032-4d7e-aea1-830d2862b3db,"duckling",null,2,"One Bee"
d81f2ba4-5216-4c6b-9782-ff5111a75955,"dudgeon",null,4,"Three Bee"
2a62da18-213a-48bf-81c0-4aa460605518,"dudley",null,2,"One Bee"
c6432271-2591-4af4-b988-e89696cec849,"duello",null,4,"Three Bee"
5aac1304-1c43-4033-95f4-f8c946a39f6c,"dulcet",null,3,"Two Bee"
c4b927f8-2328-4f2f-ab59-7683d2430e0a,"dulcinea",null,4,"Three Bee"
9a492b73-d248-4906-91d2-617005b07485,"dumbwaiter",null,2,"One Bee"
8aba43db-f925-4c1c-ad7e-13ea72f438ca,"dunk",null,1,"One Bee"
89044bd3-3ab7-4901-9d59-dfb8e5e853df,"duo",null,1,"One Bee"
f95a2cb2-ee73-474d-bdfa-d8f5b5ca12a6,"duodenum",null,3,"Two Bee"
fce4a27c-c14f-411c-975f-14ca168ff1ba,"duopoly",null,3,"Two Bee"
3c25eaf9-b3c2-49fb-ad54-631dfa7f5fa7,"duplicitous",null,3,"Two Bee"
ee7ccc48-5927-4069-8d6c-7a6b65f384aa,"durango",null,3,"Two Bee"
0556a7df-a765-4bcc-8a7d-ecba9080bbfe,"duress",null,2,"One Bee"
eef2067c-daca-4741-a6c0-3282b92cdcfc,"durham",null,4,"Three Bee"
940269f2-c8b5-4bbc-a143-692339642340,"during",null,2,"One Bee"
e2893096-95a2-4b9b-a370-e90124870a24,"dusk",null,1,"One Bee"
09e2e201-2fff-403a-9c27-6ab1b037b3d6,"dutifully",null,3,"Two Bee"
a1359c00-8612-4208-9fb2-5a8c5c4a2c46,"duvet",null,3,"Two Bee"
69adf8a0-e422-4abb-802d-7bc0b2f15371,"duxelles",null,4,"Three Bee"
95680fa7-a7b8-4f24-9522-518b2c761b64,"dvandva",null,4,"Three Bee"
d084aca5-461f-4044-b297-a3c114f8f0c9,"dvorak",null,4,"Three Bee"
cf7b5d0c-66fb-48a0-8087-3b455ac9cc3b,"dwindled",null,2,"One Bee"
2809ca79-0e8c-428f-bc7e-df9298d301fb,"dynamite",null,2,"One Bee"
8e137e15-6bb4-49aa-a081-5c985d0fdc6d,"dynasty",null,4,"Three Bee"
63d7d7c2-33e6-4549-b6ba-a4af6570bff7,"dysgraphia",null,3,"Two Bee"
809ca020-78a5-4163-9e19-69c316d82413,"dyspeptic",null,3,"Two Bee"
76c92d4d-f14c-4dcf-b317-26c385727121,"dysphasia",null,5,"Three Bee"
1154b535-a528-40c0-b816-009337cdf203,"dysphasiae",null,5,"Three Bee"
edde98ec-5e5b-4877-9d1b-5cd4a92cb025,"dysrhythmia",null,4,"Three Bee"
8bc59fde-7f52-432e-acc6-e41574bf0a2d,"dystopia",null,3,"Two Bee"
608e533b-6a55-4097-a1ad-0a415fa60fd2,"dystopiae",null,3,"Two Bee"
4f1f29c4-5022-47ce-a361-c366c546022a,"each",null,1,"One Bee"
ca337f10-1eec-4bb4-bae8-13f0898c2bd4,"eagerly",null,2,"One Bee"
4fbc1b62-d304-4ce1-8664-f912dffebfda,"eagle",null,1,"One Bee"
f5dc8107-43ea-4323-9368-8344a96e588e,"earmark",null,2,"One Bee"
309ddaa4-c3bd-44e6-a41c-40a522144035,"earnestly",null,2,"One Bee"
c06b5285-34c4-48cd-b908-5e64609b8d50,"ears",null,1,"One Bee"
fb2afc38-9368-490e-bb51-27c9c71e62e2,"earthquake",null,3,"Two Bee"
1e9acef5-0312-4f42-86e2-cc8aef395e57,"easily",null,3,"Two Bee"
3be5b49e-a620-439c-a8ed-d5f9b2c3b777,"eastern",null,3,"Two Bee"
388f88ca-89f8-48b4-ab37-b2c2c9b85a3a,"eaten",null,4,"Three Bee"
522152f7-f5b8-4893-8b48-aba4322b025d,"eats",null,3,"Two Bee"
cff7224e-e36e-48b8-8b62-f229c6d57527,"eavesdrop",null,2,"One Bee"
33849b6d-c450-4dab-b892-b36c1bebdbdd,"ebb",null,3,"Two Bee"
f50ef18a-82b9-470a-a3b7-5fd0b6c9e1b2,"ebullience",null,3,"Two Bee"
3e1b560d-a1eb-4c1d-8169-7673988ccc03,"eburnean",null,3,"Two Bee"
1d98ec8c-3878-4fa8-8b45-90025059d9a8,"ecchymosis",null,4,"Three Bee"
fb6fe82a-6608-4490-ab7e-e0e6cdd39e0c,"ecclesiology",null,5,"Three Bee"
0f410b30-cb1d-4bcd-848d-3875d5328632,"echelon",null,4,"Three Bee"
70fbce7b-8269-40f7-af46-eeafbf75098d,"echidna",null,3,"Two Bee"
c588a3fd-79b8-4491-aa0e-5a31087f9e0a,"echinoderm",null,4,"Three Bee"
bfac32b8-c8b4-4d15-a231-244d8a918fe4,"echoed",null,3,"Two Bee"
e3db39ca-f3cd-4fb3-84b5-21744e1ecc56,"eclectic",null,2,"One Bee"
c1b21f9c-3fba-4ac1-8611-324e7f4769f2,"eclipse",null,2,"One Bee"
ee4bb612-22a4-4f84-8909-118c4ccbc799,"economic",null,4,"Three Bee"
0eed99ea-0f66-433f-b274-3ae5ffa7ef4d,"economy",null,3,"Two Bee"
2368e9a7-55ef-4dc7-8de6-da4be87e1879,"ecotourism",null,2,"One Bee"
445de4cc-9670-4bb4-9c89-6574eee528ba,"ecstatic",null,3,"Two Bee"
a772fd51-df94-40a9-ad6a-49188f223c3f,"ecstaticcinnamon",null,3,"Two Bee"
f25e4651-5e87-49aa-a7ec-804d026710e1,"ectoplasm",null,3,"Two Bee"
2722f0c4-4e37-477b-b4fe-91509e40a95f,"ectoplasmolfactory",null,3,"Two Bee"
37cb60d7-d963-4bfd-9aab-92ca4004e3c4,"ecuador",null,3,"Two Bee"
be689b66-4d0c-4180-8af6-90f7e5013b0a,"eczema",null,3,"Two Bee"
78fd5687-cc0c-418a-9849-15370b887bfe,"edamame",null,4,"Three Bee"
7e8969dc-6706-4488-b156-e9737736aa15,"eddy",null,3,"Two Bee"
ad068b65-41ee-4df8-8eb2-e4bcab2f19fa,"edenic",null,3,"Two Bee"
21d971e7-c349-43bd-84ae-0456883cf3da,"edge",null,3,"Two Bee"
57feb44b-8d13-4471-943d-eceb99c79670,"edible",null,2,"One Bee"
37e54673-96e7-4a6f-a249-f043c7118084,"edification",null,3,"Two Bee"
8a2d6fae-128b-43b2-8abe-68cd55484f4c,"edinburgh",null,5,"Three Bee"
481c1c1b-a4df-4150-84c2-1a454d3ee57f,"editorial",null,2,"One Bee"
b798a89c-d990-43cf-80a5-1a71e0322248,"educand",null,3,"Two Bee"
ea17e66d-a6c3-445e-bb31-82708c6d0036,"edwardian",null,3,"Two Bee"
e0a8a820-a72e-4054-ace7-7be34efd594e,"eel",null,1,"One Bee"
37f72f70-4f78-457a-9733-f5a19cc52890,"eerily",null,2,"One Bee"
32854aed-4f5a-417b-8b7b-721cb8fc55ea,"efface",null,3,"Two Bee"
9cd046d8-ede0-46c7-97c5-e59b9f92ce4a,"effect",null,4,"Three Bee"
2a8eb79a-8006-4749-826c-1a4b5d373689,"effectual",null,4,"Three Bee"
04101dbf-96f6-4a77-a235-c3674ce0100f,"effervescent",null,3,"Two Bee"
d287a691-51df-48e4-81d8-22616640a9b9,"effete",null,4,"Three Bee"
3b836814-93ad-4f1a-84d3-e272ca4ca4b3,"efficient",null,4,"Three Bee"
d98dd725-1208-4a74-b000-aa2da9367415,"effigy",null,4,"Three Bee"
8a6a8069-3ff2-4c5f-a205-afc2a818fba7,"effleurage",null,4,"Three Bee"
b6401ad9-6892-45e0-a0f8-b214cd4636d8,"efflux",null,3,"Two Bee"
09dff980-3794-4c16-9766-483c2acde91c,"effluxfrugivore",null,5,"Three Bee"
4640987e-87b9-4b23-a8dc-d1d0afe67296,"effortless",null,2,"One Bee"
f3f68187-eb01-4958-8a3b-649003b3f602,"effortlesseighth",null,2,"One Bee"
b8ac505b-53d3-4a47-8acf-82956f088e54,"effraction",null,3,"Two Bee"
e5540d74-8070-499c-8053-97c58fa3de29,"effrontery",null,4,"Three Bee"
b1fd90b9-c87c-4f19-85ac-b7d78671231b,"effusive",null,3,"Two Bee"
4af72aee-898a-470f-86e1-bfaeac57e3ca,"effusiveprimitive",null,3,"Two Bee"
305ac5c5-ba01-4f56-8937-68eab1934f26,"egeria",null,4,"Three Bee"
c49d5865-30d9-4849-83b7-5e0232a208d3,"egg",null,4,"Three Bee"
1bfe7a29-25dd-417e-b65a-4c9dce8bf0f4,"eggcorn",null,3,"Two Bee"
6097e8f4-b1a5-480f-86cf-48ab2bf83ff5,"eggplant",null,2,"One Bee"
58382109-a7c1-4d0b-b417-b1ca05a7a265,"egress",null,3,"Two Bee"
b0cccf63-d0c0-4994-859e-ef4d3868a997,"egressgeocaching",null,3,"Two Bee"
dc67b88a-dc1e-4e8f-b0ac-4853b39056fd,"egyptian",null,2,"One Bee"
e561b167-9730-4ee2-93a8-6fcbf8a93667,"eighth",null,2,"One Bee"
94563e05-462b-4bf0-b0f5-f1bad179ab98,"einstein",null,2,"One Bee"
e281d7e1-a937-4dad-90e4-1a06721a5a25,"eisteddfod",null,4,"Three Bee"
f28170d3-6a03-42f9-bf9a-bd956f4509b3,"either",null,4,"Three Bee"
42c64213-2a43-42a6-9a44-3a8d724c9f60,"elaborative",null,2,"One Bee"
ac25feff-d993-430a-b964-7956a3196c2a,"elasticity",null,2,"One Bee"
b9dbbf53-7efc-444b-83db-988a93e5b3fa,"elation",null,3,"Two Bee"
8ec6b366-23ad-4e27-90d7-3992b0d0a9cb,"elderly",null,2,"One Bee"
a7951533-62d5-4374-bae5-64f365b80db5,"elderlyamigo",null,2,"One Bee"
e0944d6d-63f2-4bc7-a0c9-05a9b49084a7,"electrode",null,3,"Two Bee"
47c9cafe-e4f4-49d0-af1b-d2b92e7b1f92,"eleemosynary",null,5,"Three Bee"
1316b170-30a5-4f61-afb3-a73c1975f288,"elegant",null,2,"One Bee"
26305d0b-e879-453f-ae30-3234076d1c83,"elegiac",null,4,"Three Bee"
45fef08b-26c8-485d-b644-493eb3effd7f,"element",null,2,"One Bee"
e062e4d3-a053-4b7f-9ac2-b84b0899d49a,"elevator",null,2,"One Bee"
87773806-434f-4f6f-af33-06d003f37e98,"elicitation",null,2,"One Bee"
16c9d616-30d4-4020-9c69-cd339ebfb096,"eligibility",null,2,"One Bee"
86a307c8-fc1a-44f2-9c68-2d5ab1c4709e,"eliminate",null,4,"Three Bee"
b0f2b79b-2dfc-4e7a-92fb-989b2cece9fd,"elision",null,4,"Three Bee"
80c81c61-b6c6-40b5-89c3-fca0b00ea3ad,"ellipse",null,2,"One Bee"
d3f9fe93-f824-43e0-8bb6-1b4b2f3ea0d1,"elocution",null,2,"One Bee"
1d12fc06-6d0d-45f0-89c3-b45cc0341088,"elongated",null,2,"One Bee"
66fd8303-4ea6-4d3e-8dbd-fc928c3bc0ff,"else",null,1,"One Bee"
89385d9a-2ce1-4e32-8667-5b933f2b44f0,"eluate",null,4,"Three Bee"
67f9fce3-9bd5-4a6b-b31e-8ff445960cb1,"eluateheterophony",null,3,"Two Bee"
d43ad6fb-d4d4-4a4d-93be-ae3bb7723e6b,"elucidate",null,2,"One Bee"
a119f891-cf6c-4ac4-8d23-da852b7206c2,"elusive",null,2,"One Bee"
d9d99f25-57ff-4f82-9302-3ad42c8e1924,"elves",null,1,"One Bee"
b02deb26-dce6-4533-9111-6381c5440738,"emanant",null,4,"Three Bee"
8b74a84a-c90b-41b1-8c20-a13b34667cea,"emancipatory",null,2,"One Bee"
6246d906-4554-4e41-be4c-95323140e91f,"embassy",null,2,"One Bee"
899e0c13-588d-4393-ad05-41fa53935739,"embellishes",null,4,"Three Bee"
8ed39fc5-69aa-401e-b81c-11d3a2611758,"embers",null,2,"One Bee"
29490f50-b9d2-4d3e-81a4-1aab11c878fd,"embezzlement",null,2,"One Bee"
fb69c65b-b52d-42e6-8851-266228cd93be,"emblazoned",null,2,"One Bee"
bbba78a7-c718-4015-a1ad-52089aa010a8,"emblem",null,4,"Three Bee"
3a0a7d03-a9a4-4314-926c-892ecc3ff29a,"emboldened",null,3,"Two Bee"
c46135b8-5fa2-4b0e-bec3-7b686ceb42d3,"embolus",null,3,"Two Bee"
a085c265-fca7-4a2e-8fc3-4606b261fd93,"embossed",null,4,"Three Bee"
4728153f-0741-43d2-8824-e2de62e4d0a7,"embouchure",null,4,"Three Bee"
ad3513f7-a957-4265-8ad6-b9e6fbc53d8f,"embrace",null,3,"Two Bee"
8f29416f-1ade-447b-a447-344d2fb986ae,"embroglio",null,4,"Three Bee"
e3b27d89-a6b8-4d55-815c-a2020e0bb78e,"embroidery",null,4,"Three Bee"
4e35738b-458d-4c5a-925e-1c132d98139c,"embroiled",null,3,"Two Bee"
e958625b-3e7d-44e2-94f5-9de46b465ffb,"embryo",null,3,"Two Bee"
286074a2-84fe-478a-bce3-4de20a788e3e,"emerald",null,2,"One Bee"
3fc69ff7-66c1-40a7-a754-cd3122384596,"emerge",null,2,"One Bee"
cc144a63-ee1b-43f5-a838-281a2324c6ad,"emeritus",null,3,"Two Bee"
d78d2e48-f787-45dd-940e-c2578b719676,"emigrate",null,4,"Three Bee"
0149f83b-1bcb-4bfa-8207-b4cc396d87f3,"eminent",null,3,"Two Bee"
4a107b5d-ecc7-4a19-b44b-c83f8484e1ad,"eminentdemographics",null,3,"Two Bee"
cc7ea902-50cd-456f-a9a9-db818824e521,"emissary",null,3,"Two Bee"
c6364229-d358-4532-8253-4edc1ddd7b52,"emitting",null,3,"Two Bee"
df597ca2-e45f-43e8-9be2-3c08e518b52b,"emollient",null,4,"Three Bee"
222846a4-448d-4662-bc8f-49dc3eb0e9f0,"emolument",null,4,"Three Bee"
74f3b482-fbfc-43a2-9479-1da079624e1c,"emotional",null,2,"One Bee"
dbf63ece-8989-45e6-a07d-274e8fc0dd96,"emotionsword",null,5,"Three Bee"
ab153bba-db64-4b60-a2f7-dcde2b8277dc,"empennage",null,4,"Three Bee"
2876d38e-778d-4d5b-873e-fd137efa1e60,"emperor",null,4,"Three Bee"
9834fdd9-16cb-4f57-adbc-be556b808eab,"emphatic",null,5,"Three Bee"
e5954f70-f19b-4d27-b6dc-74189c9b0a82,"emphysema",1,5,"Three Bee"
9f8548b5-8457-4f6a-a7e5-40affa09709b,"empire",1,2,"One Bee"
bacf28bd-e2f3-478a-b720-275bc6e26975,"empirical",1,3,"Two Bee"
fab020a2-cb8e-4d24-9229-1b75dd4445ff,"emporium",1,3,"Two Bee"
857b9937-a01a-4a8a-937f-be0a0883e46c,"emulate",1,3,"Two Bee"
7f0c12aa-b4ca-4d25-8fb0-66c33c8f6802,"emulsify",1,3,"Two Bee"
43b93fa0-acf6-4509-bb11-3d571418ccc8,"emulsifylorikeet",1,3,"Two Bee"
d4808fe2-d515-49ed-9227-e65cc6e78228,"enamel",1,4,"Three Bee"
453d445f-1cc3-49e4-999f-a7c34e6bf2e7,"encarnadine",1,4,"Three Bee"
0d1b64be-b851-413f-b66f-266def843fac,"encarnadinedulcinea",1,5,"Three Bee"
5a9bce5b-0bcc-4358-83d6-08747d277e47,"encephalitis",1,5,"Three Bee"
35b62250-0468-4cdd-b19d-ed0567ead149,"enchantment",1,2,"One Bee"
66496c9d-5b5d-4802-ba68-706f8a963950,"encina",1,4,"Three Bee"
7044d4d5-5015-4528-a7c3-6bd75bd3ea95,"encomium",1,3,"Two Bee"
6a571e03-6eb9-4d22-af4d-cfd178cb8b25,"encompass",1,4,"Three Bee"
773baea4-f8fe-42b8-88c9-86123061ee97,"encore",1,2,"One Bee"
ddf5e84b-74f0-49e6-98db-d3cc0be9b84d,"encroach",1,2,"One Bee"
b98d5c69-180a-4471-bd5a-4095473081a4,"endearing",1,2,"One Bee"
8be3f12f-550b-4b3d-8920-37ff11a8d1a0,"endless",1,2,"One Bee"
9c558821-5a5b-4407-9d2c-863ea73e79ef,"endocrine",1,3,"Two Bee"
20475f0c-ce9f-4338-8ef6-1e9350e8e3a2,"endogenousbeefalo",1,2,"One Bee"
27092677-4561-4251-89e8-44332c4d6d78,"endorphin",1,3,"Two Bee"
93b73225-e47a-4708-b5a8-6a88f79aed15,"endowed",1,4,"Three Bee"
3455c34f-2fb2-459b-b52b-0f282287b5f1,"endure",1,2,"One Bee"
a9da0bd7-84e6-4044-8972-02741f7d05ac,"enervate",1,2,"One Bee"
d93e9ce0-e40f-4ee3-a30a-2b2191ff845d,"enforcement",1,2,"One Bee"
d2e75743-3683-489f-bed9-bcd5b8704486,"enfranchise",1,2,"One Bee"
fb0352ac-2e6b-4575-96e6-add570c37645,"engage",1,2,"One Bee"
4a967ac7-627f-46a5-9da4-7b625c76365a,"engaging",1,2,"One Bee"
9af16aa8-64d5-4abe-9123-1d48fddd0820,"engineer",1,2,"One Bee"
4c090bae-0dac-4a94-86df-c80d40da8cab,"english",1,2,"One Bee"
6ba6d9f0-8d31-47f0-b55b-2773f7fdfc6c,"engrossed",1,4,"Three Bee"
f1c58d60-0d54-4dd7-a05e-86f31bf2f669,"engulf",1,3,"Two Bee"
83906e53-901f-4459-9998-9956bf31a14d,"enlarged",1,2,"One Bee"
65db67a6-e659-470d-a565-dda9f7b1e8d6,"enmity",1,3,"Two Bee"
cccd6128-5c4e-4467-9b4b-2457cd354fd7,"ennui",1,4,"Three Bee"
766562d0-183a-498b-ad85-6478bebec928,"enoch",1,4,"Three Bee"
ff1eacad-c820-4d00-afef-514225f3a6e9,"enoki",1,4,"Three Bee"
a05a054a-34ed-459d-8fe8-0c47401e7f4a,"enoptromancy",1,5,"Three Bee"
97315153-deb0-438a-8894-58aadb797e20,"enormously",1,2,"One Bee"
16f6578e-7fd3-4063-a2b8-4f92d14b397c,"enriches",1,2,"One Bee"
3a904a16-ebd0-4feb-8038-59536b51eb1b,"enrolled",1,2,"One Bee"
d12ca04d-bd2e-46be-b214-23670b293ad2,"ensconced",1,3,"Two Bee"
252079d7-3255-4fcc-b6cf-873885f876d5,"ensemble",1,3,"Two Bee"
96ba1673-f6bd-49ac-baef-df824f7036ff,"ensilage",1,4,"Three Bee"
d14ffe11-6013-4eda-b9ca-76cc67091da9,"ensnarement",1,4,"Three Bee"
d8d132c9-ec34-44c6-ae0c-0d451aad33f8,"ensued",1,3,"Two Bee"
681d351c-554b-417f-bd6a-c49450b89e8a,"entente",1,3,"Two Bee"
be63ea25-ba47-4b34-b08e-0316e428ea26,"entertainment",1,2,"One Bee"
b77b4292-06fc-4653-9167-b0d2f445875f,"enthalpy",1,3,"Two Bee"
333bdaa2-8cb7-44b4-866e-03e177ee1368,"entire",1,2,"One Bee"
ee28d2bc-b5ec-45ab-809c-91166a419fdc,"entity",1,3,"Two Bee"
c45cf1fc-76ea-4fd4-99b8-e7d061c3f331,"entomophagy",1,5,"Three Bee"
f8dd6d18-566b-4b84-8be4-f9083630371a,"entrance",1,2,"One Bee"
7d686b13-d2bf-489e-8d34-12779889b6e6,"entreat",1,2,"One Bee"
1ad4f587-7fb2-4ae3-ae15-58829573c4dc,"entrée",1,2,"One Bee"
6724119a-7a50-4daa-9d52-9780c886642b,"entrepreneur",1,2,"One Bee"
a67bc5ab-749b-4ac8-aea3-bd058ec4d4e0,"entry",1,4,"Three Bee"
bbf9fa3c-5d10-4de6-bfe2-913309d7b0a4,"enumerated",1,2,"One Bee"
516885c5-202a-4040-8551-4677247d6263,"enunciate",1,3,"Two Bee"
58e1318c-4a2e-4a08-a3f2-1974c08cd88e,"enveloping",1,2,"One Bee"
ba0abbb0-66ec-457f-8255-d0bef966cf9a,"enviable",1,2,"One Bee"
ca68e865-6004-4493-b7fe-25c703ab4a3d,"environments",1,2,"One Bee"
5139a3a3-476d-4573-9aa6-a964e2c101ae,"environs",1,3,"Two Bee"
4bea8d36-1032-490e-acd8-b4deeaf7cdf0,"enzyme",1,3,"Two Bee"
23368c04-bedd-4813-9191-c8e8a38ad31e,"epact",1,3,"Two Bee"
45f69529-d108-402a-b4b4-fe98f0772325,"epaulet",1,4,"Three Bee"
52079b0f-2941-49c0-a16c-e5a380bf6449,"epaulette",1,4,"Three Bee"
40a30c78-e935-43a0-af94-9924f56becb0,"epenthesis",1,3,"Two Bee"
25ac26d7-8376-4cfb-ac80-0dc07c489245,"epicurean",1,3,"Two Bee"
34b943c7-b950-461c-a9be-c310269ea75a,"epicureanepidermis",1,3,"Two Bee"
025adb3c-521c-4ba6-bd6c-a3e84e071ca7,"epideictic",1,4,"Three Bee"
94dc21bf-a45b-4d3d-971b-43a474f8e7c7,"epideicticembolus",1,5,"Three Bee"
398350ea-1fc6-45b1-811a-4069159953dd,"epidermis",1,3,"Two Bee"
d4d20ef2-47c9-4827-abfe-bbcffc8a18dd,"epidural",1,3,"Two Bee"
f9609c75-d41c-4a0f-b258-a828e455b005,"epigram",1,3,"Two Bee"
5ca13adb-2579-44a1-8f75-e5b51097a6ce,"epilepsy",1,3,"Two Bee"
141b4528-953c-4eb7-b975-65ff625d4a32,"epinicion",1,4,"Three Bee"
fa0cbc2e-b7dd-42f9-9927-887750f5e965,"episcopal",1,3,"Two Bee"
3494a288-35f5-474b-8021-d538f97aef92,"episodeconfection",1,3,"Two Bee"
c814965a-d317-4f7b-9520-871c3c524c72,"epistemology",1,5,"Three Bee"
7ce8159a-5298-47ff-91da-f6d5e1cc7abb,"epistolary",1,3,"Two Bee"
bbdc0e83-7117-43ac-aef7-c15fcc45b747,"epitaphs",1,3,"Two Bee"
5a910064-4fed-413f-a8e2-5a3f5750fa1f,"epithet",1,3,"Two Bee"
9b60f618-603f-431b-93fa-335005392368,"epitome",1,3,"Two Bee"
c667aef2-9618-433d-a535-89c7cae56de6,"epixylous",1,4,"Three Bee"
76a27960-7bd6-430e-9c01-5852d84f0017,"epoch",1,3,"Two Bee"
e7b56183-64b0-40de-b92a-212cff221a7c,"eponyms",1,2,"One Bee"
cbf7646f-9e19-4fbc-a5e0-9c808f9b4f0c,"epsilon",1,3,"Two Bee"
91a2597e-32fa-4ecc-a6da-df2f9f64bb3e,"equanimity",1,3,"Two Bee"
bfbdbc05-3962-45ae-8f47-6831ff9f5ac5,"equanimitythermos",1,3,"Two Bee"
f608df4e-a1b9-46d5-83a9-c8891e1bc446,"equation",1,2,"One Bee"
0885c889-8e3e-46f1-b240-a0c23d2b2f19,"equatoguinean",1,5,"Three Bee"
1c1fd146-2b20-4691-9d4d-aa98e1bdf280,"equator",1,3,"Two Bee"
b38e1b99-d2dd-497f-a100-f629bc976aab,"equestrian",1,3,"Two Bee"
43726c13-e8e3-47f8-97c4-cc09e4fd7bf7,"equilibrium",1,3,"Two Bee"
f217a1f9-46f1-45ae-99f3-3f3cc91bc31d,"equinox",1,3,"Two Bee"
9cfdf4ec-132a-43bc-ac0d-67a15fa65abc,"equipment",1,3,"Two Bee"
d194d510-e2d8-440d-b4b7-d39ecb5d6413,"equivalent",1,3,"Two Bee"
863a611e-b759-471b-a57e-875fdfe3ae5c,"equivocate",1,3,"Two Bee"
a7cde0f2-79ff-41b7-a91b-02c31e64278e,"eradicate",1,3,"Two Bee"
949268d8-e5a3-44c9-997e-4a270b163096,"erewhonian",1,4,"Three Bee"
163df3c0-33b1-4e89-9230-0b2b18c1520d,"ergatogyne",1,4,"Three Bee"
c6a7705b-2a25-40c6-bbb1-5743d3a4504b,"ergo",1,3,"Two Bee"
57c009b7-bba2-4036-93aa-456757cc405e,"ergoexistential",1,5,"Three Bee"
1ed4c047-e673-471d-b34d-9ef4b69d6244,"eris",1,4,"Three Bee"
7b9e3268-ceb3-4915-90f6-005934d1967f,"erlenmeyer",1,4,"Three Bee"
9dabec37-c50c-4e3c-8716-365d1dfe56a0,"ermine",1,3,"Two Bee"
a868378a-c1be-42ad-9cca-807efba03e9d,"errands",1,3,"Two Bee"
7cfc550f-96d9-44e7-bc64-926804d9f0ed,"errata",1,3,"Two Bee"
2cda7d41-d461-4253-8fa1-63bef2b51b80,"erre",1,4,"Three Bee"
8d1288a4-3dfc-49b1-acba-b3aa3d22baa9,"erroneous",1,3,"Two Bee"
609fc150-c1d9-40f0-93b4-2c6b677584d6,"ersion",1,2,"One Bee"
639d75e9-f1ed-4418-9897-62f63e8e8ea4,"erstwhile",1,3,"Two Bee"
ed79b51b-3c34-4e92-8693-f993ae3bccbb,"erubescent",1,3,"Two Bee"
456b81ca-ab45-4ee7-80a3-dbe1a221e621,"eructation",1,3,"Two Bee"
4318980e-9c8e-4e69-a098-bb90a6d845f9,"eruption",1,2,"One Bee"
91c292a8-9088-4e01-822a-50abb864939b,"erythroblast",1,5,"Three Bee"
1ca83de0-18fb-498b-aebc-089a9cd34d51,"erythroblastesau",1,5,"Three Bee"
d989ef42-951b-437d-b16f-a5472e2ddfe0,"esau",1,4,"Three Bee"
23d5201a-abbd-4af9-88e0-4bdd7da9a50b,"escabeche",1,4,"Three Bee"
0c09995e-6a83-4d97-80ff-ca1b61e4af1f,"escalator",1,2,"One Bee"
5333b92b-047f-4b81-8e5a-a6a97c7af95c,"escalatorimpasto",1,3,"Two Bee"
0a95e9b1-b5c7-49e7-80f4-811d66750c9a,"escapade",1,2,"One Bee"
b05feeba-88b9-4aa6-963c-fcd14a21c078,"escape",1,2,"One Bee"
bec82cc1-05b6-48c6-abb5-f29ebcb01ca5,"escarole",1,4,"Three Bee"
6c9dccd5-914d-4672-b168-04b1e4f454de,"escarpment",1,3,"Two Bee"
77353e03-4b15-4a72-b39a-a2c15ef02668,"escheator",1,4,"Three Bee"
0caabba8-c996-4abd-9aa7-b31d7b682c07,"eschew",1,3,"Two Bee"
645515d5-c2ad-40b4-b60b-5f3003c9e3ea,"esclandre",1,4,"Three Bee"
25078f30-ffcf-4a90-bb44-6146952c61e0,"escorts",1,4,"Three Bee"
7b2b4b47-3e58-4af3-b44f-c9922ae631c4,"escritoire",1,4,"Three Bee"
93bce998-5229-4099-aec4-7bb556e94d43,"esoteric",1,3,"Two Bee"
b9b7d70d-3c5a-4c4e-8008-0eb06b9d5a93,"espadrille",1,4,"Three Bee"
4c1f313d-cb8f-4369-a0f7-fd64d68c9c18,"espalier",1,4,"Three Bee"
b19b237b-cd26-48a5-8cb6-032644d10313,"espaliercreances",1,3,"Two Bee"
31f6929a-2d98-4341-b193-08f31f76a503,"especially",1,4,"Three Bee"
d7ef7604-16e8-4511-95a7-8a2c09db0818,"espial",1,4,"Three Bee"
257e0907-30f0-4c4f-a908-db68a975a2d8,"esplanade",1,4,"Three Bee"
67bbbfec-fd14-4d81-9144-8c05688fb8b3,"espousal",1,3,"Two Bee"
3c4fc8b1-ff41-47c4-af14-59d619276b96,"essential",1,2,"One Bee"
c2e0844e-84da-4e6d-8357-fdd2f48a5fe9,"establishment",1,2,"One Bee"
69c55af6-dd9e-4ff5-be43-ec89ae243507,"estampies",1,4,"Three Bee"
beffa151-72cc-4f22-8ab9-cd2f76a89eb8,"estancia",1,4,"Three Bee"
429d7098-beaa-4bd7-8da2-c8e3554d72d5,"esteem",1,2,"One Bee"
631dcb5a-8832-4c0c-aad9-3ca3859f67d0,"esteemdifficulty",1,2,"One Bee"
062bfbb7-722e-4883-b95e-3e4b61169645,"esteemknack",1,2,"One Bee"
b462fb75-a8ed-4fcd-8cdf-528855d1ff3b,"esthetic",1,4,"Three Bee"
7560a4be-fbb0-4417-8c8d-0aac4881515b,"estimate",1,2,"One Bee"
e875b5c0-dd09-4f00-ab56-fb6070d892d0,"estimated",1,2,"One Bee"
ee5410f6-123b-449b-9e09-b787933ef3bf,"estival",1,4,"Three Bee"
3acb8b3e-41d9-429a-af86-6fe0f7598668,"estovers",1,4,"Three Bee"
4cece693-343c-4865-973d-7f76de667e99,"estrepe",1,4,"Three Bee"
b407ffc4-ef99-434e-8e0a-02cf69fce5e5,"estuary",1,3,"Two Bee"
065c9c19-420c-46fd-abd5-9d6a466ab29d,"eternity",1,2,"One Bee"
b735b6b1-fb59-4b67-9c9a-62a7b264459d,"ethanol",1,3,"Two Bee"
4286929b-484d-4511-bfc6-52910bb1268d,"ethylene",1,4,"Three Bee"
bad3eb65-6919-4fbc-8daf-5c0daa43bfa4,"ethyleneflaneur",1,5,"Three Bee"
122cac65-8201-4c8b-9b85-e5f2005c69d1,"etouffee",1,4,"Three Bee"
52d5a7a4-58c5-4a54-bb12-0bb94348d8e3,"etruscan",1,4,"Three Bee"
32ce7405-4c9e-417c-9bd5-d6876a717314,"etymology",1,2,"One Bee"
72866047-eefa-486d-b069-35cd90408468,"eucalyptus",1,3,"Two Bee"
c302655e-e15f-4d07-a7d6-c3f5d414772f,"eucrasia",1,3,"Two Bee"
9cbb5be4-2de8-4617-b361-269a50cb681e,"eudiometer",1,4,"Three Bee"
222ae294-9876-4ae1-9b40-c41bace763a6,"eulogy",1,4,"Three Bee"
21a951da-30b2-4bf9-b0d6-ac04d22ed03d,"euphonious",1,3,"Two Bee"
f8f3aaf5-bcbd-4a4f-af0b-061ef1d417c8,"euphoria",1,5,"Three Bee"
657785f9-9bd7-4a7a-91d5-02d801c36208,"euphrates",1,5,"Three Bee"
fdc744d6-5aae-4599-b21e-7e3c08493c98,"eurhythmics",1,4,"Three Bee"
7f52920e-8a1f-4e65-a1c1-4c2c03787636,"euripus",1,4,"Three Bee"
c6e09bee-4a39-4d6a-89f7-1fc650064bb0,"euro",1,3,"Two Bee"
d734559a-bf85-467a-8a8f-aadb5b8eba4c,"euroclydon",1,4,"Three Bee"
9d9d330f-c4d5-4a99-abeb-4594966b89b2,"europe",1,2,"One Bee"
83b7bcde-3d49-42b3-a129-92766994ae0d,"european",1,4,"Three Bee"
d023f330-9e6c-4f4b-a014-923b5892b372,"europium",1,3,"Two Bee"
485a8a5a-9ed9-4709-8797-7579b757b454,"eurythmics",1,4,"Three Bee"
85907f0d-9570-4863-a89b-4e0299243fe7,"eustress",1,3,"Two Bee"
88fde510-ab15-4d97-a0cb-427b3e97e287,"eutonic",1,4,"Three Bee"
e62baa60-308c-4c50-bc9e-69f47871cf82,"evactor",1,3,"Two Bee"
2b1ac00f-fc1a-4b1e-8d09-e6a007029d2f,"evacuees",1,3,"Two Bee"
44dfae2a-44ee-41fe-b103-6b233f1ff22d,"evaded",1,3,"Two Bee"
141ea17c-872f-46db-8bdb-dc84180a2098,"evaluate",1,2,"One Bee"
47e814f4-9e99-4c9f-9e74-5ea070173a02,"evanescent",1,3,"Two Bee"
32d55c79-f3fd-4514-93c2-37c3d7a98dd8,"evaporation",1,2,"One Bee"
0a7acbbc-38dc-4018-b362-d9dacc860a4b,"evaporationbittern",1,3,"Two Bee"
fc7fa425-944e-4d0b-b8f5-669275b53581,"evening",1,2,"One Bee"
7acf9029-4e01-49b8-9edd-78d94ce12050,"everglades",null,2,"One Bee"
d039a297-948b-4b8e-95e0-5c09323c08f2,"everlasting",null,3,"Two Bee"
e2cf05b1-e668-464a-bde3-82eb2f6a4061,"everyone",null,2,"One Bee"
f8afa3a8-f9f9-4676-b20e-5a96f7b7df66,"eviction",null,4,"Three Bee"
2ffaf927-a8e4-4139-be6b-b00ae65f8a75,"evidence",null,3,"Two Bee"
00feb96b-2b9a-4ce4-bad4-1211167777cf,"evildoer",null,2,"One Bee"
50fd8097-a737-428e-b2fe-c339e7936402,"evince",null,2,"One Bee"
4c72009e-9a87-4fb0-8d1d-e055dab83d08,"evo-devo",null,3,"Two Bee"
71f52fed-4701-451a-ad9a-32aa083cad05,"evzone",null,3,"Two Bee"
db0df2b4-850d-4f43-896a-9896f39f0ec4,"ewe",null,1,"One Bee"
3a7267a7-f7bd-45fd-a7de-b301d2e5f172,"ewer",null,3,"Two Bee"
3e8cab9b-52d2-44b2-9a6d-5fdefb524f59,"exactly",null,3,"Two Bee"
f9dbf32b-1be4-4503-aa1b-2d76b5dc651b,"exaggerate",null,2,"One Bee"
80455af3-aa4c-4af4-bfdc-2f3150164048,"examen",null,4,"Three Bee"
da4d4617-50da-4553-8038-fca477c3e3df,"exas",null,1,"One Bee"
beba1aa2-00e6-48de-a02e-482a025a0367,"exasperate",null,3,"Two Bee"
c69e7a25-4b04-4229-9398-e20ea7b83597,"exaugural",null,3,"Two Bee"
6a96d066-0e87-4537-abfa-1edf5a3af155,"excavating",null,2,"One Bee"
22290aef-98e8-40fb-aac2-e2f6ffb74629,"excellence",null,3,"Two Bee"
16cf1fcf-6d06-4b4d-8de4-716b3304f23f,"excelsior",null,3,"Two Bee"
8a868870-60f0-488c-9578-24746ddc5c6a,"exception",null,3,"Two Bee"
292bb1f9-ed06-4303-be94-1ea180e97c2a,"excessive",null,2,"One Bee"
f39bc12b-3a30-46e5-b59d-7ca35416e782,"exchequer",null,4,"Three Bee"
59f2aab8-6200-420b-8267-1b214c3cc01a,"exchequerf",null,4,"Three Bee"
efacf76a-0a56-4036-aed6-54a92c877314,"excision",null,3,"Two Bee"
7acacba0-8379-4e5d-8946-6c2b4abaf71f,"exciting",null,3,"Two Bee"
94ec5ae3-e643-4646-9e04-bcfb05ee3ee1,"excursion",null,2,"One Bee"
962333dc-9643-4342-9d4e-239a06d7f5aa,"execrable",null,3,"Two Bee"
7a3d341d-7242-42bd-a65a-85d132e05c84,"exemplar",null,2,"One Bee"
5730d86c-bb66-4b12-a4e8-5b936e86f855,"exercise",null,2,"One Bee"
7ae109f5-730c-45cf-8652-734935718091,"exerts",null,3,"Two Bee"
4d1dd359-3635-4733-9e25-9e26d79e3926,"exeunt",null,3,"Two Bee"
8dd2bc96-b832-40fb-8037-4a38ca76a282,"exhalation",null,4,"Three Bee"
112d5122-3490-45aa-87f2-a8b072ac10e1,"exhaust",null,3,"Two Bee"
adcbc8d4-2cdb-4b00-97db-a1d72b020340,"exhibition",null,3,"Two Bee"
2cd644a1-8817-439f-8b02-7eae62c41361,"exhibits",null,3,"Two Bee"
8168fa89-8c2a-43c3-9c33-fd1085e71068,"exhilaration",null,5,"Three Bee"
1ba2fa76-bbbc-4345-a750-cd74c1182709,"exiguous",null,3,"Two Bee"
9c061215-ecf8-4eef-ba30-5e57966ffd0c,"exiguousexodus",null,3,"Two Bee"
b8171610-1743-4a0d-afde-3f2f765798dd,"exile",null,4,"Three Bee"
5af5b90a-f67c-464e-a94a-e410e81f931a,"existence",null,2,"One Bee"
1f05820e-776a-4b03-b83d-9041d4326ff7,"existential",null,3,"Two Bee"
e1779143-4a86-4c68-a5c9-aac3b2528da8,"exodus",null,3,"Two Bee"
877c2d84-fd79-4a86-ac43-2905eff3c907,"exogenous",null,3,"Two Bee"
01391acc-b315-46ac-b712-65bdba7967c7,"exoneration",null,3,"Two Bee"
3a0d00ba-2845-467b-bd0f-345b389fa743,"exorbitant",1,3,"Two Bee"
cfd19593-1d3d-42e8-aa68-f6f55dc5d084,"expand",1,2,"One Bee"
8e5986f2-279b-47d6-9be2-210f7075a8be,"expanse",1,3,"Two Bee"
4526ced0-3241-44cb-bcef-09a79c303e18,"expansion",1,2,"One Bee"
5a7a027a-9308-4203-8418-34b60e0a55b6,"expatiate",1,3,"Two Bee"
aa42c8cd-9f04-450e-b674-5a0d50f2d7a9,"expatiatexerogel",null,5,"Three Bee"
55cbb9fb-f82d-463a-8bfb-a6b82b73670c,"expectorant",1,3,"Two Bee"
3f6bc5f7-954e-40b5-af28-1fe07a2d1358,"expedition",1,2,"One Bee"
17494695-f7cd-48e4-800a-e5b435cbe402,"experience",1,2,"One Bee"
79f0cc0f-ad96-4799-9aef-7af69e728b52,"experimenting",1,2,"One Bee"
ce3e02a2-e249-4323-93ad-dab5ee1f3315,"expert",1,2,"One Bee"
fa7d86d3-1e1a-4011-aba6-2da1cca947cd,"expiration",1,3,"Two Bee"
da28c50c-2224-41e5-9fa2-8693f4744830,"explanation",null,2,"One Bee"
ea057bda-23d9-428b-969d-f934b7b21317,"explode",1,2,"One Bee"
d4679ddd-5a06-4111-92c1-1c12f8e5ec68,"exploits",1,3,"Two Bee"
40f06ab1-3910-477e-a898-b0123262825c,"exploration",1,2,"One Bee"
c81b156c-c969-404f-88a4-1639c09d1e79,"explore",1,3,"Two Bee"
639426c2-26b3-4b4e-9909-a8fe9b757646,"explosive",1,2,"One Bee"
f42c6502-7a47-451a-aa5d-c0fe67232c90,"exposé",1,2,"One Bee"
26741dab-b7fe-40b0-8c8f-ce5448099c40,"exposition",1,3,"Two Bee"
3dd1f9ad-3465-4bf5-9897-de2341145c7a,"expostulate",1,3,"Two Bee"
2dc57ef0-944e-4a5b-89a8-e11132214ad3,"exposure",1,4,"Three Bee"
6caf9978-a394-4f31-bd10-f592bddb3e85,"express",1,3,"Two Bee"
8bd57734-2478-4b8a-9c9e-2933b79c11e4,"expressing",1,3,"Two Bee"
6533b49c-9211-4324-9887-806d839faf0a,"expression",1,3,"Two Bee"
e6a43bbf-2776-445a-8928-e6ecb7e03768,"expressway",1,3,"Two Bee"
efc112e5-9c50-48c5-9134-0985e9a37edb,"expugnable",1,3,"Two Bee"
d45f7bd9-0d5b-4c09-a466-3ad8fdf09f8b,"expulsion",1,4,"Three Bee"
1b594272-a3f2-4ea6-bbda-c67cefe77db2,"expunge",1,3,"Two Bee"
ae5fd650-7251-4260-b958-dab21b2097fc,"exquisite",1,3,"Two Bee"
faf756b8-9af9-466b-af66-d333cf39f43f,"exsect",1,3,"Two Bee"
eb03aff1-015a-4629-8037-a85ac8dd07c4,"extant",1,3,"Two Bee"
4ea04b7c-3e87-4131-8b88-b818998b67d0,"extemporaneous",1,3,"Two Bee"
70ac7836-f021-459a-a531-b94afcc765bc,"extensive",1,2,"One Bee"
8ab3fbfa-f238-4bc8-93f5-baef22e07127,"extinct",1,2,"One Bee"
e3bd43bb-58db-426c-beb9-c55461240686,"extinctextinguish",null,2,"One Bee"
4b87ea76-5275-4d8d-9a3b-e20c7430ada1,"extinguish",1,2,"One Bee"
2ee3d117-93e7-468f-b397-167e1c3a5312,"extracurricular",1,2,"One Bee"
46a74253-96be-4a25-bfc9-af6da2302afa,"extradition",1,2,"One Bee"
38060cdd-85a8-4b0b-bd7f-ef76299cbd6f,"extraordinaire",1,2,"One Bee"
2aadcbdd-372f-4b04-8562-760209b4af05,"extrapolate",1,3,"Two Bee"
74d83e60-3bec-40c4-8453-739c9ac1e09a,"extravagant",1,4,"Three Bee"
c3a521a1-c903-43ef-884f-dbbd81edcbd1,"extravasate",1,3,"Two Bee"
85e25366-0d6c-4bbc-987b-1fedeff17f0c,"extremely",1,3,"Two Bee"
a84131c6-14ff-4e12-bcd3-ab1d0152e3ac,"extrorse",1,3,"Two Bee"
4606ea1b-9baf-4c2b-abfe-f05e833ee6b0,"extrorsef",null,3,"Two Bee"
1af290e4-1d1f-47bd-b537-4779f54b584a,"exuberant",1,2,"One Bee"
8823b0df-af1d-43e7-ae17-930b248ce680,"eyelet",1,2,"One Bee"
727f5ab8-2a0e-4284-9c61-b9a2eae06938,"eyesore",1,3,"Two Bee"
6075dfd9-794a-49ae-800a-b5e4fb2102f3,"fabric",1,2,"One Bee"
b18d7711-e413-42c0-9650-f28f5769f0b9,"fabulist",1,2,"One Bee"
99ad1a2e-698f-4137-81a3-d4fda877fef6,"facade",1,2,"One Bee"
02a5fe77-c453-440c-8b8e-1380234e4875,"facebook",1,2,"One Bee"
6c1d616a-3a3a-4cc1-b345-bc7f9fce61a8,"facetious",1,3,"Two Bee"
dff279d6-5acd-4168-878e-db31cea4edf8,"facile",1,3,"Two Bee"
0a06adca-27f2-48af-9841-42173107dec6,"facsimile",1,4,"Three Bee"
67105a55-fe2d-4e9d-ae53-52a4b2b2a7c1,"factitious",1,3,"Two Bee"
bd9ef3e2-73b0-40c3-9512-a16fb65acb00,"facto",1,3,"Two Bee"
793d9d01-6305-4854-b2bc-8c89c7dcfa6a,"factoid",1,2,"One Bee"
fbdea67b-0edd-4006-8c52-b8518617ce6c,"factorial",1,2,"One Bee"
64b4fd80-1abc-46fc-a71e-e81d2405a3e7,"faculty",1,2,"One Bee"
1f987a8c-d147-4221-9e1c-6f3aa2e558d9,"facundity",1,3,"Two Bee"
58b32a41-e1b7-46a3-baa8-f60aa88116b1,"fadeaway",1,2,"One Bee"
05cdaf7f-90e1-4940-8ccb-b2f6ea95e233,"fado",1,4,"Three Bee"
6bdd119c-84b0-4ace-8b07-279a425a1b05,"failure",1,2,"One Bee"
27232ce7-653c-489f-b2f6-ba622ef88769,"faipule",1,4,"Three Bee"
c9aa1367-c265-4a5f-9249-77211c840b5e,"faire",1,4,"Three Bee"
50c42c1f-3b70-432a-8428-87b186173860,"fait",1,4,"Three Bee"
e35a623c-a9ee-49c6-bca3-ee87410ddaff,"fajitas",1,3,"Two Bee"
ff7a9c40-d348-4d59-85ac-2622b3ceed3d,"fallacy",1,2,"One Bee"
3193ba66-7f95-472f-ba15-6476b3ef097e,"fallow",1,3,"Two Bee"
6f620198-3dd2-448d-9cba-aee8455435e7,"faltered",1,3,"Two Bee"
3c6fef0d-c00c-4d7e-a483-9ee009d88abe,"family",1,3,"Two Bee"
3106a0cc-2186-4124-a442-0b111c7d9b3d,"faminelinoleum",null,3,"Two Bee"
c212e063-8a25-4e2a-8469-68d7e72ba65b,"famished",1,2,"One Bee"
fdc8b5c5-6a0c-40a4-b83f-8b19de5904d4,"famous",1,2,"One Bee"
6b830a93-ccb4-4383-aa49-a8a30980c1e0,"fanatic",1,2,"One Bee"
037f9e9b-5e33-4733-a081-245b12bb8ed4,"fandango",1,4,"Three Bee"
10734f9b-f1bc-4777-978c-cfd030b688ad,"fanfaronade",1,4,"Three Bee"
06d3bfab-1694-44f9-be76-4f35ff82ec9c,"fanged",1,3,"Two Bee"
7718f9a9-f19a-4441-abd1-00a43414ce7e,"fantastically",1,2,"One Bee"
04d7351b-3db1-430a-b27a-847b576e7fc8,"farcical",1,3,"Two Bee"
a4d022e1-d552-4588-abe9-3f0cf4af9979,"fardel",1,3,"Two Bee"
267583ad-6be7-4bb2-8e73-ec19ce456316,"farewell",1,2,"One Bee"
a6756996-3e05-416f-bb8d-8538305e19d0,"farfalle",1,4,"Three Bee"
1876a105-629d-48e6-aa8a-1ae5449fa83a,"farfetched",1,2,"One Bee"
428ebc5f-e42b-4f06-9c85-5e76a1460976,"farina",1,3,"Two Bee"
09d80fd6-eb9e-40df-ae8f-dae8c4c4d0f9,"farkleberry",1,3,"Two Bee"
0ab455f3-63cc-4ee9-a219-e6e98d45296d,"farmyard",1,3,"Two Bee"
2cb27ca4-236c-45c4-9ec1-ad81638cf4d5,"farouche",1,4,"Three Bee"
d32e711b-e387-47c6-945d-cc113b7a17c3,"farrago",1,4,"Three Bee"
5e36c125-3431-4609-a61b-12d9662a457d,"farsi",1,3,"Two Bee"
dcf52d08-33bf-4218-914f-05281540c775,"farthingale",1,3,"Two Bee"
c91d111a-d32b-4b92-bb73-4843896953de,"fascinated",1,3,"Two Bee"
7cbf2546-459b-47d2-bc96-b60353a7c034,"fascinating",1,2,"One Bee"
481894c3-82a9-4a87-ac1f-9529ef010e14,"fascinator",1,3,"Two Bee"
6b4c4c7c-db42-400c-92e1-b7416298d69d,"fashionista",1,2,"One Bee"
76004c8a-f871-4f8a-8a10-fe5fae859b6b,"fasting",1,2,"One Bee"
a838f195-6958-49ca-afaf-8b85e398683d,"fastuous",1,3,"Two Bee"
573ddb79-c1d6-451f-9e6b-8cf7d6807bde,"fata",1,4,"Three Bee"
53973ae5-c583-4a85-8b22-a50090232d97,"father",1,2,"One Bee"
4c747033-43cb-47f3-b8df-36f2a9266169,"fatimid",1,4,"Three Bee"
a3dedf0d-4db3-41bb-91f8-00c3cf4d2dbf,"fatshedera",1,4,"Three Bee"
4ff5e69a-fa90-44de-a589-bc5e30aa70d2,"fatuously",1,3,"Two Bee"
1b8f572c-b0c0-4683-b258-a2de98e9feb0,"faucet",1,2,"One Bee"
9ae32ce9-5d85-4d00-a6ef-519ca69bec66,"fauchard",1,4,"Three Bee"
8eeaf616-fa2a-4733-b896-9d997a817a9e,"fault",1,3,"Two Bee"
c78be66c-d932-4d71-8694-1aaebd310d71,"faux",1,3,"Two Bee"
cc38a0bf-da03-4a75-876c-87ca7b126bd9,"favorite",1,2,"One Bee"
677f0c10-374e-43b2-b64b-278e50c606b2,"favourite",1,2,"One Bee"
2af454bf-fb75-4db6-9c40-c51dffa976f4,"fealty",1,3,"Two Bee"
f5e422e0-fb04-4ba6-add6-c6619f9f0766,"fearsome",1,3,"Two Bee"
449d28d9-39a7-4670-b1b5-9a7b8c2f6404,"feasibility",1,3,"Two Bee"
2b52de71-908a-4f92-9e7d-98115e13f561,"featherbrained",1,5,"Three Bee"
0efe0a98-5922-4524-ae8a-85e975199a3f,"featured",1,2,"One Bee"
750d06c3-1326-4042-a4e2-133a6c96655a,"features",1,2,"One Bee"
8b714309-4aa7-4848-83ff-4344d3f3da16,"featuring",1,2,"One Bee"
524317a0-3ad7-4e42-b931-891f652ff028,"feckless",1,3,"Two Bee"
31e9e6bc-e4f3-466f-a2ba-4ade092e0520,"fecund",1,3,"Two Bee"
1b1c9254-f1de-4819-a691-60143a5bf87c,"fed",null,1,"One Bee"
97a1487e-8bcc-4ffd-badd-4d7865d5b772,"fedora",1,2,"One Bee"
98d879ef-1e34-4785-b160-13a8b22fed6c,"feeble",1,2,"One Bee"
90f9e542-f86e-4603-b87b-b2f981e1cf9a,"feedback",1,2,"One Bee"
9dd4ab39-32f5-4068-b77d-db02561c31aa,"feign",1,3,"Two Bee"
44a4e878-5adb-4df0-91da-7b3eb20aad92,"feintedhumus",null,5,"Three Bee"
7b62dc77-3c4d-4761-a3d7-49df531222cc,"feisty",1,4,"Three Bee"
490ff6ff-6a18-4d13-924f-cd728cf83595,"feldenkrais",1,4,"Three Bee"
93179541-5561-45cf-a47b-b51527655cf4,"feldenkraisbailiwick",null,5,"Three Bee"
37038c17-ad78-4e26-82b3-f60bd1ef5f83,"feline",1,2,"One Bee"
699c3e4a-353a-407e-b770-fdceb2781131,"fellaheen",1,4,"Three Bee"
7f37c266-0edb-482b-b555-1e5900c9f735,"fellahin",1,4,"Three Bee"
badac8e6-0d36-49c8-a252-f39983a6e61b,"fellowship",1,2,"One Bee"
27e38e8e-c619-4c8f-941d-194b6e5343e5,"felonious",1,2,"One Bee"
9e0e4344-8116-4f73-b881-874a2a6d1fbc,"female",1,2,"One Bee"
6b271078-7e99-4983-97f7-3dd853ec218d,"fend",1,3,"Two Bee"
1439edaf-2a3f-46e3-9e23-5b98e9d1b225,"fenestrated",1,3,"Two Bee"
8ceccfd6-c66d-4302-93f1-ec3dc0efccd9,"fens",1,4,"Three Bee"
8f92407e-6865-4918-a16a-13355ff47d3b,"fenster",1,3,"Two Bee"
cf1fb367-9793-48fc-bf8b-35f56e20d73f,"fensterfiat",null,4,"Three Bee"
b9e6db37-caa1-4075-a3e2-cf73c5569292,"fermat",1,2,"One Bee"
c4883dec-d175-475f-a5b1-01a7e7a08028,"ferocious",1,2,"One Bee"
aab0d564-fe68-4edd-a426-eeef23ac8bcb,"ferret",1,2,"One Bee"
e1fa08b7-3262-4588-a079-85b8c81cc4fd,"ferruginous",1,4,"Three Bee"
7acbbce8-edbe-477f-9760-d4237a5a575f,"fervently",1,2,"One Bee"
5dda4937-7fc6-43b9-857b-43298335833e,"fervorous",1,3,"Two Bee"
1e9fc764-b7b2-4285-a1a8-d6162dcfea87,"fester",1,4,"Three Bee"
ffd53071-3225-40e5-8629-68bded14893a,"festival",1,2,"One Bee"
cb239a7f-a611-40bf-9f32-2a1912ff3bcb,"festooned",1,3,"Two Bee"
2b8c6b51-8d31-4723-a00e-8186bea481b9,"feta",1,3,"Two Bee"
6ed1a3d4-e588-4a12-8b66-02708c8f65c4,"fetlocks",1,4,"Three Bee"
563c15c5-2472-4beb-87ee-ae05004bc154,"fetticus",1,4,"Three Bee"
5ea8c153-3f72-44f3-b481-c7847f5bec3b,"feudalism",1,3,"Two Bee"
d49a5f14-9891-43c8-bf13-5b3bcd349acf,"few",null,1,"One Bee"
5350ed52-73d4-4a51-92eb-7f63867acc26,"fez",null,1,"One Bee"
c1a69e4a-85a8-4045-b565-5ee85a7cd75b,"fiat",1,3,"Two Bee"
f852bc25-663b-4547-ab7e-11d829a04de9,"fibromyalgia",1,5,"Three Bee"
37689238-523b-436d-8bda-9023084980be,"fibula",1,3,"Two Bee"
7f17c368-e430-450f-a3b7-97658e8bf84f,"fictile",1,3,"Two Bee"
7d9ca6b1-f6a9-44c1-9c23-283ffd4a1e01,"fiction",1,2,"One Bee"
c92c2f28-b2a2-4151-acca-ab48ffc8b3e2,"ficus",1,3,"Two Bee"
21bca916-14bc-4332-b5cf-852be0b074b3,"ficusagelicism",null,5,"Three Bee"
78272039-081a-4fee-8140-1db51237af7f,"fiddlehead",1,3,"Two Bee"
b928e612-f167-42c9-8be2-249ba4323f4b,"fide",1,3,"Two Bee"
ddafb0f8-1a28-4a7a-8d4f-76db248e12c4,"fidgeting",1,3,"Two Bee"
507219ac-d130-4826-8839-4c44ddd71005,"fidgety",1,2,"One Bee"
2d1c0b64-ef50-4f71-b98a-9a221350bf91,"fiduciary",1,3,"Two Bee"
20a9ad2e-ccdc-4cc4-8722-f2a0f2525acc,"fiduciaryadjective",null,3,"Two Bee"
11ae9f7b-51af-4017-8157-c8fda6e9fbb5,"fie",null,1,"One Bee"
3eb0c7f3-4d71-4657-adf9-62a3c2812830,"fiendishly",1,2,"One Bee"
a23db8cf-14a0-4976-a950-31ea5845978f,"fiercest",1,3,"Two Bee"
17c7142f-e4b0-4796-a387-21d5e7d98eb7,"fights",1,2,"One Bee"
67136ee4-5276-4c4b-b4f8-443f47f442bc,"figurative",1,3,"Two Bee"
afa9b6ca-1e50-4b59-836e-15f0ef8f375e,"filagree",1,3,"Two Bee"
5455762c-8c38-4679-a166-087d75d1f7be,"filbert",1,2,"One Bee"
26899465-4bc4-456d-aa7e-6231685986df,"filial",1,3,"Two Bee"
eb2eced6-d7f3-4aad-acf9-b8c5c7db4962,"filigree",1,3,"Two Bee"
129982dc-84bb-4f6b-b1d1-399cfac41984,"fillings",1,2,"One Bee"
6378df5b-3926-4fa9-9696-bc7c23c1c911,"finally",1,2,"One Bee"
7b551b23-a0f7-4be8-8367-feba713c1b52,"finals",1,2,"One Bee"
5de6f945-3000-48de-91bd-64d4096d0d30,"financier",1,2,"One Bee"
c830c9a7-a129-4622-b57c-8881a436dfa2,"find",null,1,"One Bee"
4cc71081-ffc1-47a5-a4ea-d8752033d742,"fine",1,4,"Three Bee"
6070fd20-28e8-4ed3-adbc-8b6ccbec32a5,"fineday",null,2,"One Bee"
3531e022-70cb-4897-b2b2-089d267edddf,"finial",1,3,"Two Bee"
96a516c7-89ec-4458-8903-3833d0680cf3,"finicky",1,2,"One Bee"
64df7dec-fbec-4411-940d-6cbc0734adf7,"finish",1,2,"One Bee"
1cd51e1d-deba-49a8-9c49-75ddc5e05422,"fipple",1,3,"Two Bee"
ed9adbd6-6975-4af5-94cb-2bdcda98d808,"firbolg",1,4,"Three Bee"
76eef311-8cea-408c-94c5-b2641f1e10ba,"firefly",1,3,"Two Bee"
2aa05328-c79c-4071-b41b-3836b08dd505,"firenze",1,4,"Three Bee"
07087151-efab-4eeb-90da-63fbb358e7d5,"fireworks",1,2,"One Bee"
2969e0ac-65f2-4359-88e6-05d892dd1ba4,"firkin",1,3,"Two Bee"
9f81095a-bcf0-420d-9bd6-0b445bfa97af,"firmament",1,3,"Two Bee"
13775c98-9e6b-407e-8c6a-e8e134de189f,"firmly",1,2,"One Bee"
07d9ffc3-94fc-4fc7-a220-20adac0dd2c3,"fiscal",1,3,"Two Bee"
a1f957eb-41dc-4124-8dd5-774970efa945,"fission",1,2,"One Bee"
7be2f938-1622-4ce4-9e17-302dba4dd1ed,"fisticuffs",1,2,"One Bee"
3aee3588-e638-40b7-a337-3b30700c2876,"fitting",1,2,"One Bee"
798508d3-c3b5-4934-8e30-13e1ca960d60,"fixity",1,4,"Three Bee"
8df84606-fb73-4b55-b35e-44191a2710aa,"fjeld",1,3,"Two Bee"
af7d19a6-abee-4e3c-a853-6dfff611a3c9,"flabbergast",1,2,"One Bee"
e12fd448-827a-4fe9-ad20-a3e0f9a3588c,"flagellum",1,3,"Two Bee"
c122005b-a10e-435a-a9f1-ee35e5a8fb4f,"flagon",1,3,"Two Bee"
d1615453-5542-4d0a-8cb7-9de2788872c5,"flailed",1,3,"Two Bee"
d8c0fcac-f364-47ea-a31b-023291a4b699,"flambé",1,2,"One Bee"
d8e69e0b-9361-4ebc-9220-36c02c10f406,"flamboyant",1,3,"Two Bee"
c89a4ca4-82c7-4008-a669-640299455b77,"flamingoes",1,4,"Three Bee"
f04e95e4-da88-42f5-a2ea-65a65e37fed8,"flamingos",1,4,"Three Bee"
c58796b0-067d-41c6-a0c0-afe2e2e2345a,"flaneur",1,3,"Two Bee"
9b755c6c-9470-40ab-8e19-2492456b0b8d,"flannel",1,2,"One Bee"
f4952d82-8119-4735-af93-e8ac2139416a,"flapped",1,2,"One Bee"
b0664acd-121d-4a72-a8fa-4fc5d8d63ed0,"flared",1,4,"Three Bee"
6fed0516-dc19-4fab-bf7b-2048dae12576,"flashback",1,2,"One Bee"
b353c24f-1eed-4cb0-b324-94c112aa79d1,"flashbackquonk",null,2,"One Bee"
c7fecd36-cb12-4ed7-92b9-db6a8c7cde4a,"flask",1,4,"Three Bee"
7a07416c-5e89-44ae-9a9a-1c3b9be45c38,"flattery",1,2,"One Bee"
e46f4b33-df5c-4299-a5de-e1278236888b,"flauta",1,3,"Two Bee"
626dda6e-67bf-4aa3-b4bd-9df2ef729d11,"flavedo",1,3,"Two Bee"
2623d316-ff4f-45e9-9a4c-0d88d6d601e7,"flavored",1,2,"One Bee"
afb6fba7-8819-46b6-9826-9b04b4e9ce2c,"flaxentriplicate",null,3,"Two Bee"
968c776a-3c2c-4d36-8924-e40478008416,"flea",1,3,"Two Bee"
5f6bd550-4d41-4aff-890a-67db914140de,"flèche",1,2,"One Bee"
6c3dbf64-bffb-4c08-a7b4-6f7f0513ebd9,"flecked",1,4,"Three Bee"
9730e7e7-8d8a-40bd-8b6a-482ec01e1183,"fleeciness",1,2,"One Bee"
d66fbf1f-f40f-4665-a59e-dd802297b772,"fleetness",1,2,"One Bee"
58fd478b-3038-4681-8139-f5e3ee1dfd6a,"flehmen",1,4,"Three Bee"
1819b5c7-d20f-45fa-ad28-9c356780e6ce,"flexibleskeleton",null,2,"One Bee"
34818880-3ecf-4e57-aae3-e404dbe61efb,"flexitarian",1,2,"One Bee"
97f9ca69-e566-4ea5-a4fe-ccfd1a39166b,"flight",1,2,"One Bee"
937e39ab-c98b-41e8-9977-4ef7fe142210,"flimflammer",1,2,"One Bee"
ac920f19-aedc-42ba-a336-540c9f390468,"flimsy",1,3,"Two Bee"
ce80e7ea-6a44-46f4-b92d-209455359008,"flinch",1,2,"One Bee"
cd5ab031-1a1a-47e8-aeae-ae397aee5c1f,"flippancy",1,3,"Two Bee"
888c3939-6560-4659-907b-bf05ecf85abd,"flipperling",1,2,"One Bee"
8e7aa882-bc14-49cb-b52a-d2e139c0ce1b,"flittern",1,3,"Two Bee"
2b8ae5c1-d6e6-47a3-939f-2fcd9a99d402,"flitting",1,3,"Two Bee"
23e82919-6904-4492-b42b-18541be57cc9,"flooey",1,2,"One Bee"
c6d1f481-c471-4ab2-9911-db2738497053,"floral",1,3,"Two Bee"
5b13c73d-800f-4d78-9a7d-115a3e7bccd9,"florentine",1,3,"Two Bee"
a1a4b7f4-f12d-4c62-a02a-5fb59a00f5c8,"floribunda",1,3,"Two Bee"
20ea3909-54ac-4f1b-aa09-a238e842d27a,"floridly",1,2,"One Bee"
9bbd4775-41aa-4294-adf0-d81b2dfa0a25,"floruit",1,3,"Two Bee"
071b9a0e-b254-4c6c-9fdd-54d3e41ca8d3,"floruitbunyanesque",null,5,"Three Bee"
cf969223-ece5-4c6c-8d4b-e5cdde8cb6b3,"flotsam",1,3,"Two Bee"
dfd97869-a757-4ba4-bbc4-087c40e5f8ee,"flotus",null,3,"Two Bee"
14bfd97e-980a-4a8b-8a56-fae4ae96a946,"flotusfluoride",null,3,"Two Bee"
78967820-52d6-4044-ac4b-c4387d8ed099,"flounder",1,2,"One Bee"
cf7d7e33-1af5-4de6-80f2-e378292eafcf,"flourish",1,2,"One Bee"
c869bc4d-7c57-42da-9bd6-808d891d5119,"flowers",1,2,"One Bee"
b1161671-dee2-4ae7-888c-da07e965c19e,"fluctuation",1,2,"One Bee"
76dbd8d6-387a-4e6c-a31b-a5d4e1ab5d1f,"fluency",1,3,"Two Bee"
21765ad0-bb5c-4d05-93af-239b6b2e48c3,"fluke",1,3,"Two Bee"
cbc4901e-4729-4d7f-9946-e9e95973ee8d,"flummery",1,2,"One Bee"
c7c4bcea-9bb9-404f-9a55-8ca62186973f,"flummix",1,3,"Two Bee"
b8a5d38c-e739-4edf-888c-d637cc615c11,"flummox",1,3,"Two Bee"
15092e0d-6bdc-4b06-b683-e9288640aabe,"flummux",1,3,"Two Bee"
fbefab45-7ae8-4dc7-b5fc-1be0366c1637,"fluoride",1,3,"Two Bee"
f62c9cac-c132-4819-b08d-13d3a72ef49c,"flurry",1,3,"Two Bee"
b69fc680-f3d9-407c-bf99-f8c6c3d60507,"flustered",1,2,"One Bee"
541f6326-928d-4179-80b4-55baf74b731b,"flybys",1,3,"Two Bee"
b332394a-6056-4c95-be29-dda3c9f2d759,"focaccia",1,3,"Two Bee"
6e1f4097-e14f-488c-a6c7-fbd7741fbf3d,"focacciapahoehoe",null,5,"Three Bee"
a16bf8e4-d9e9-4730-b00a-d4faf4c6b3ce,"fodder",null,4,"Three Bee"
0708e0d1-6b24-40c2-a7bd-8348fa6e4d76,"foible",null,2,"One Bee"
75d6fbde-c969-40be-a21e-caab2a298e81,"foist",null,4,"Three Bee"
045dca0a-d13b-4f3b-b02b-ab534d7a09c8,"folate",null,2,"One Bee"
51e18027-2b12-4f70-999c-b87a9f4b3b4a,"folding",null,4,"Three Bee"
56191a2a-85ac-4b8b-9bee-7160121d1d56,"foley",null,4,"Three Bee"
c5f0e8bc-e4c4-494c-8fac-d80cffb6e78a,"foleysyzygy",null,4,"Three Bee"
61b2a82b-f106-4af5-a309-0eeff7dd2943,"foliage",null,3,"Two Bee"
3a228a2d-f008-4085-9916-9938f89577c8,"follicle",null,3,"Two Bee"
39681876-6d00-4715-b486-c1e0d1732939,"followed",null,2,"One Bee"
558b9103-3dcb-4d7b-8fe9-4664abe26def,"following",null,4,"Three Bee"
289ae881-5a1f-4657-ae49-828d1702c483,"folly",null,1,"One Bee"
78f7ea38-d08f-4afe-9b8c-261a85e35d65,"fomentation",null,2,"One Bee"
5caafaf7-7823-465a-acca-54c26278ec60,"fond",null,4,"Three Bee"
a4810159-6e3d-4cb1-85c3-b3d8b00953fa,"fondant",null,3,"Two Bee"
fc3da666-fd20-4eea-b1b8-c89d43f1a7d2,"fontina",null,3,"Two Bee"
4d477a7e-1669-40b3-952c-feeacd3ffd98,"food",null,1,"One Bee"
55e7ede4-f5b6-4474-9b3e-2171eaa0b1a6,"foods",null,3,"Two Bee"
6d850c9b-d870-4bb8-bba2-759fd3c4185e,"foolishness",null,3,"Two Bee"
76d0ec39-6c54-4e07-bb50-fa1b55fe577f,"foosball",null,2,"One Bee"
4540fb28-7319-4ebe-b7d0-63bc91c1e624,"foothills",null,2,"One Bee"
ca4e2168-5ddf-4b6a-b37a-197c9a2e80e4,"foozle",null,2,"One Bee"
ceda9066-c304-4115-a924-c5b0ac5e612b,"foppery",null,2,"One Bee"
85ae04a1-d3fc-4aa4-8976-ea761e17549b,"forage",null,2,"One Bee"
7d75f2fc-f4ba-4292-ba44-4dd6ea6483c4,"forbidden",null,2,"One Bee"
39a4572f-9afb-4d6f-9d64-78c5bb81822f,"forbivorous",null,3,"Two Bee"
ba68a469-a57a-4042-92da-864467908c32,"force",null,4,"Three Bee"
aabf8974-e9ed-4881-9c19-e2920198db48,"forcefully",null,3,"Two Bee"
f88b04c7-45c8-4ce3-ba59-c9f1e5d02d46,"forearms",null,3,"Two Bee"
5ec0b6e3-01a6-4ebf-bd92-5b881ab83995,"forefend",null,2,"One Bee"
ae890beb-4ae5-4fdd-8ee7-8a328fb1b001,"forensics",null,2,"One Bee"
14e8a30b-30af-4b76-87e6-5e793ee05a65,"foresight",null,3,"Two Bee"
a55562a6-d7a0-4dbf-88f5-180780dead80,"forestallment",null,3,"Two Bee"
d9dcf554-cb93-455d-8b65-dc9c0c9202cd,"forever",null,2,"One Bee"
1f5d2158-ece7-4b94-96dc-fa0855093052,"forfeit",null,2,"One Bee"
a3b1a57d-4eb3-49a7-a740-333a475ad0f7,"forfend",null,2,"One Bee"
35ac353e-9e99-465c-b64c-8cb01dcc352b,"forgeable",null,2,"One Bee"
83f3d555-e655-4fad-982d-fd0b2e216b2e,"forgetrare",null,2,"One Bee"
36d30d46-ff6a-4d4f-86ab-eea31dc4f651,"forgive",null,2,"One Bee"
96b3ec13-2ce6-4758-9911-064b8d4b1347,"form",null,3,"Two Bee"
f791d07c-62de-41fe-9113-9f9ada3439d1,"formalise",null,2,"One Bee"
f595f8c5-5a9a-41ea-bde5-cab0cd218de0,"formalize",null,2,"One Bee"
5875cb28-8e4c-4bad-bd2a-a24df5576622,"formation",null,4,"Three Bee"
d8e90f2a-50f9-4e34-bc54-e02a868072b6,"formed",null,3,"Two Bee"
3f144d5d-a157-4f11-95d9-8e9c4d271979,"former",null,3,"Two Bee"
71fb24ec-5b38-49db-8f3a-58ad61a9b231,"formica",null,4,"Three Bee"
60875da9-553c-4652-9957-a44699a83587,"forsook",null,4,"Three Bee"
7220a401-0e55-44ab-ab07-ed91acfc9b46,"forsooth",null,4,"Three Bee"
e0d89142-8446-484f-8d55-3aa331762721,"fortification",null,2,"One Bee"
3d711c90-30ff-48cc-a252-dac99042771c,"fortificationnoun",null,2,"One Bee"
83c41e69-51f3-42c0-aaf2-7713332103fa,"fortissimo",null,3,"Two Bee"
579ea8b6-ff9c-4f2b-ac96-5f79d81c7b64,"fortran",null,3,"Two Bee"
fc743a1f-4e96-4f00-8dc6-44427af23f3b,"fortuitous",null,4,"Three Bee"
001d1bc4-2432-454e-a158-4497661f1c49,"fortune",null,2,"One Bee"
c8ec12c8-78e9-44b0-91fc-c8f0dff85fd9,"forty",null,1,"One Bee"
b25f8504-54f1-495d-b525-6e1d37f7312d,"forza",null,3,"Two Bee"
432a1896-4013-4fa6-9068-3015205517bd,"fossiliferous",null,5,"Three Bee"
9e99a8e3-66bc-4336-8a43-f5af5bbda8bd,"foster",null,3,"Two Bee"
fa4ae35e-b034-4e37-9854-8685c8de9504,"fou",null,4,"Three Bee"
1652d3f0-d4f4-4a3b-bbcb-9c90247648de,"foudroyant",null,4,"Three Bee"
65b252f7-925b-441d-92d3-25f7ba778640,"fountain",null,3,"Two Bee"
f141d14b-ab5b-4034-9c79-1a7a6d106ce1,"four",null,1,"One Bee"
6cbcd917-ba4d-4710-967b-93b86efa4d7f,"fowl",null,3,"Two Bee"
cae7ac41-5452-4133-993c-03ee95dd9c82,"foxes",null,1,"One Bee"
1394320c-df8a-40b1-8a5e-68d80d3ef241,"foyer",null,4,"Three Bee"
77e2eb63-0709-4323-ad4e-f25d327c014c,"frabjous",null,4,"Three Bee"
f407cb55-b44a-4560-8406-d32eb3bbc9dc,"fracas",null,4,"Three Bee"
7833ba13-dc2f-4112-b07d-0aa872a47cdc,"fractions",null,2,"One Bee"
5326f7b8-8272-4f49-84ec-93cb10f2cd56,"fractious",null,4,"Three Bee"
52ccb1c6-e912-422b-b184-03b6a8d73918,"fragile",null,2,"One Bee"
93cce3bd-011d-43d5-b9f7-f4280e1813b4,"fragment",null,3,"Two Bee"
29e0fa41-2163-4828-b813-28feaa5c7b66,"fragrance",null,2,"One Bee"
44c904ac-56da-4695-b5f0-43d31da71876,"fragrant",null,3,"Two Bee"
2398a01d-2ff5-4b23-83d9-f5ccd5169d64,"frailty",null,2,"One Bee"
92cc514e-c953-407e-bc3d-96fee98d5a72,"framboise",null,4,"Three Bee"
8f43edce-6c74-484a-b54a-8ba12ed5f656,"frames",null,2,"One Bee"
3673db4b-1d40-4db9-8075-c83de83d5f39,"franca",null,3,"Two Bee"
3c708477-9e88-4320-a3bc-54e6e5b8c9f0,"francatriforium",null,3,"Two Bee"
e1bae60f-8a8b-4217-bb5d-a13e34a3832e,"franchise",null,4,"Three Bee"
30f0ae32-65b7-4bd2-807f-6f11b061cc74,"franciscan",null,3,"Two Bee"
7454cd5c-bb58-4212-a2d2-ce2f832cf05a,"francophone",null,3,"Two Bee"
178d05ad-df25-41af-94fb-83435ef222eb,"frangipane",null,4,"Three Bee"
4a25448e-bb22-4aa5-b71a-0e3735d70ae2,"frankly",null,2,"One Bee"
c72699fc-a543-4749-96ad-f8a961d3332e,"frantic",null,2,"One Bee"
30c8acdc-6736-4b2c-8d4b-788257751d4e,"frass",null,3,"Two Bee"
b8d34935-e174-44c7-950c-79f5aa8db096,"fratority",null,3,"Two Bee"
8bb6a554-9c6b-4b71-bcf6-862faf88e295,"fraudulent",null,3,"Two Bee"
6b899f3e-55cf-4ee8-983a-35e1caddaa6f,"fraught",1,2,"One Bee"
adb90324-70dd-4a17-bde9-325489262394,"frazil",1,3,"Two Bee"
ff772caa-5402-4eec-b81e-843010ba46c6,"freckle",1,2,"One Bee"
eaf10a19-b177-4e0d-8462-8ea48bc00d9a,"freedom",1,2,"One Bee"
60a11078-7a3d-4da4-935d-fdca985a7767,"freegan",1,2,"One Bee"
2c6f3190-1bf6-4301-becc-170f5e6e183b,"freesia",1,3,"Two Bee"
88723ae2-4b39-474c-a583-d748243168c7,"freezescorch",1,2,"One Bee"
ecac8755-0847-4266-8741-c7f7cd49ab3c,"freight",1,2,"One Bee"
a81ee8bd-e0a5-4170-8858-ccf785d537ba,"french",1,2,"One Bee"
db3cb4b7-41a9-49dc-a944-896378fe5947,"french-derived",null,3,"Two Bee"
1a128e6c-4c5a-4433-8a31-5c42636c9e90,"freneticism",1,3,"Two Bee"
60ee1d2d-0ae4-4727-8895-2664d29d257c,"frequently",1,4,"Three Bee"
b1943a18-f19f-4f2c-9846-6a09c1461424,"freudian",1,3,"Two Bee"
ce9053c0-cf25-44c8-9174-f94bf032f710,"fribble",1,2,"One Bee"
004028b5-5b04-4ab6-944d-bef1fc50d539,"fribourg",1,4,"Three Bee"
cda915df-23d4-4bf4-bbc8-1bda7d6a1702,"friend",1,2,"One Bee"
f740681f-b13b-416c-b00f-d56567f09b6d,"frigate",1,4,"Three Bee"
44fbb991-71b1-4e44-8914-8dbc146b0cd3,"frijoles",1,4,"Three Bee"
792cc764-ef2e-418b-830d-20a08de6817b,"frisbee",1,2,"One Bee"
a251365f-5e93-4efe-9c14-153a2a340796,"frisket",1,2,"One Bee"
688a7a9f-aa0b-40a5-ae59-8a0fa3c39d00,"frison",1,3,"Two Bee"
2ab34069-8a50-40d4-945a-3bc1c367fdc9,"frisson",1,4,"Three Bee"
baa4bedc-cd82-4da1-a321-870d631926fb,"fritillary",1,3,"Two Bee"
28490d64-dc4e-4afb-9e0c-73c603340965,"frittata",1,3,"Two Bee"
7c7744eb-eb55-41f9-97d6-30ab8f68c32f,"frivolous",1,2,"One Bee"
beec2a99-f356-4d16-adf9-c6e227716195,"frockcamcorder",1,2,"One Bee"
2ef7ab0d-5e5f-4926-9835-fb6415b81379,"fronds",1,4,"Three Bee"
247ddff2-3e0a-4d14-9718-3122891c63eb,"frontier",1,2,"One Bee"
2ce072a8-83dd-4aa2-aba1-c99b702db0af,"frosty",1,2,"One Bee"
a3a75c51-541b-43bd-9d4f-5dfe1b758cee,"froufrou",1,3,"Two Bee"
073a64d1-9807-4caa-a851-56ef56524871,"froufroudifficulty",1,2,"One Bee"
1e53bf80-99f6-41bf-8da6-52ed932bced2,"froward",1,3,"Two Bee"
bf070c8a-2203-4b65-aea2-aa4d89abfb80,"frozen",1,2,"One Bee"
ddfe96c7-ed58-49a6-9e7f-843b837ceef8,"fructiferous",1,3,"Two Bee"
47b861bc-dc12-4460-bdff-8c44d8dc149a,"fructose",1,2,"One Bee"
2e70a9a1-2ba8-4b13-a728-c9ef3cfc1811,"frugal",1,2,"One Bee"
982ac5fc-86e1-49bc-a360-b7f3c3e6a2e6,"frugivore",1,3,"Two Bee"
371a7f09-bb7f-4548-94c8-c13706c9add8,"fruition",1,3,"Two Bee"
b664979b-100c-4138-8ed7-3a8dfac03724,"fruits",1,2,"One Bee"
668e648d-47e0-4348-a1fc-ec974359d31e,"frutti",1,2,"One Bee"
43b0e4c0-dd70-45ab-8e6c-11d693bdbe30,"frutticantor",1,2,"One Bee"
7f44141f-8164-4b9e-8726-fbeebe5a9fb7,"fucoid",1,3,"Two Bee"
e1142e85-37ce-44d8-b970-87b31f4846fa,"fuddy-duddy",null,2,"One Bee"
0d232c89-e889-4846-a96b-8a48c64d4e15,"fugue",1,3,"Two Bee"
ec8875fb-f3d4-45bf-bfcc-ca6c204a87fa,"fulcrum",1,2,"One Bee"
9af89ede-d3f8-4eaa-b34c-caeeb5b80eba,"fulfillment",1,2,"One Bee"
d3516da6-7bca-46fb-852f-7a6cd2349b4e,"fulgent",1,3,"Two Bee"
29477f8f-3a18-432d-aa54-e7c1102821ca,"fulminate",1,3,"Two Bee"
663873f4-40ca-4308-8abe-91cf077ce89e,"fumatorium",1,4,"Three Bee"
621ea48f-bd22-496f-a321-71af11a0fbf0,"fumble",1,2,"One Bee"
8f070419-4219-42f7-b04c-5c6beeb95dce,"fun",null,1,"One Bee"
6c47b22c-a29f-4a2c-833b-3e1b7db22b6b,"funambulist",1,3,"Two Bee"
ef2b837e-e67f-4253-b158-a4d2cf8ee742,"functionary",1,2,"One Bee"
8bcf407f-72cc-4a1f-a12c-3584f07d9713,"fundamental",1,2,"One Bee"
442ca894-aea6-4bce-94b7-597bf6eb0af7,"fungible",1,3,"Two Bee"
4f01f5ef-1f27-49c1-85c7-fe8dc6411761,"funnel",1,2,"One Bee"
c40947d9-c102-4341-89c5-08e3f008b114,"funori",1,4,"Three Bee"
f03828db-6fa2-44f2-874a-4e07ebb087fb,"furan",1,4,"Three Bee"
d5052f84-7404-4b5a-8184-d813fa871a03,"furanmanu",1,3,"Two Bee"
6fb35500-1037-4618-a534-ee960ccc6b6b,"furcula",1,3,"Two Bee"
930199ad-f8ba-4927-b8ef-7c6db5b056f5,"furious",1,2,"One Bee"
42b2c17d-99c4-4139-95b1-53bb43bd591e,"furnace",1,2,"One Bee"
69689ff7-a39a-4bb6-badc-568e9d2a4a6c,"furneaux",1,4,"Three Bee"
1bcf87d3-a1b0-417d-9152-fe38029a002b,"furniture",1,2,"One Bee"
4b87dd17-8620-4db0-9386-194f210ce03d,"furnitureambush",1,3,"Two Bee"
3058e3d7-af36-4098-b71e-8f1046c138a1,"furrow",1,3,"Two Bee"
f294cc2f-82b4-4d4e-a5db-2619257da024,"furthermore",1,3,"Two Bee"
76605aa9-cc30-454a-8f2b-4247c6c6b335,"furtive",1,2,"One Bee"
c2bbe1b9-9642-46b7-8704-f47edf966af0,"furuncle",1,4,"Three Bee"
989bf698-9c78-44d3-bcf8-5350bb4c4f5f,"fury",1,3,"Two Bee"
03c247af-0db6-43b8-9b77-457fcbfdbfec,"fuselage",1,4,"Three Bee"
7a74af10-1da9-4abc-ac7f-371e700b1c5a,"fusiform",1,3,"Two Bee"
dadeaa8c-7120-414b-941c-29eae2f8ac1d,"fussbudget",1,3,"Two Bee"
97e6af59-476a-484d-8c7b-94814ef44450,"futility",1,2,"One Bee"
5a4e1d81-f04b-48d0-ae5e-c718ccebcafb,"future",1,2,"One Bee"
1903e0ea-f485-4d5e-a0e0-87211e1ecf2a,"gab",null,1,"One Bee"
66b3372b-3674-4ac8-bef9-0601e95dba03,"gabarit",1,4,"Three Bee"
1bc962ed-9164-437f-ac43-d55f8a9c1f8a,"gabbro",1,4,"Three Bee"
11b896ed-84b7-4019-9272-05340ba127d9,"gabbroplural",1,5,"Three Bee"
057db6d2-0a5b-4331-becb-bb3064a130ae,"gabdifficulty",1,2,"One Bee"
9ccf4769-a503-4de2-8374-dd4c7da31209,"gadgets",1,3,"Two Bee"
8ff72568-b746-4372-968c-572d4d1a8688,"gaels",1,4,"Three Bee"
deff5204-eb88-448b-b33f-b0fb4e1eeb85,"gaetana",1,2,"One Bee"
cc6b50a8-30b6-4fc3-a027-7d1841f82bb7,"gaff",1,4,"Three Bee"
30f35461-b76a-405a-8206-82bb7f7898c2,"gaffe",1,4,"Three Bee"
5de943bb-af39-48e2-a426-18bbeaa0ace8,"gaffer",1,2,"One Bee"
5fa3815a-bc9d-472c-ae86-fe75c0249ccc,"gagaku",1,4,"Three Bee"
4ad96cd7-624f-4cb2-9ae3-3b6cc581c79e,"gaggle",1,2,"One Bee"
8c3b3352-40d8-4d96-b0c2-af77242cf6ec,"gaia",1,4,"Three Bee"
0a5b2713-f533-4e4b-8d9a-11736e47698c,"gaillardia",1,4,"Three Bee"
dcf401f4-8b7e-4505-b9ce-63430ae97acd,"gajula",1,2,"One Bee"
90529987-3a89-4661-97d7-1d77a0854ddd,"galahad",1,4,"Three Bee"
773bb538-a2b2-42a3-8584-c9a249819197,"galahadgalatea",1,5,"Three Bee"
9a45728e-765d-48cd-99a7-9fe533d9f8bb,"galapago",1,3,"Two Bee"
a3d9c92c-8867-4bd8-84c4-34f842643f80,"galapagogallic",1,3,"Two Bee"
95139ecf-600f-4748-a2da-9812763b977a,"galatea",1,4,"Three Bee"
70e64041-a9d2-4b3d-af9c-13f74a856279,"galaxy",1,2,"One Bee"
8f2a3031-46c5-4fe9-935d-6405f391aea5,"galena",1,4,"Three Bee"
7c5e4192-1c63-475d-8cfc-8c1d6e34d696,"gallant",1,2,"One Bee"
e9b6ea1b-73d6-4c74-b9b4-0717a02b4d0b,"galley",1,2,"One Bee"
161ab69f-ec2c-4567-bbc1-1c1184843202,"gallic",1,3,"Two Bee"
3782db13-fa89-4b15-b969-c3135ed4e0db,"gallipot",1,4,"Three Bee"
aca216e9-e61a-4ff2-b967-55df09aae7d4,"gallium",1,4,"Three Bee"
075692e5-a807-4ae2-b834-c7df8b7e7f45,"gallivat",1,4,"Three Bee"
26fc3784-e8e4-49fc-a517-6d49ee0fc740,"gallivatcharcuterie",1,5,"Three Bee"
67ff3f65-cfc3-4cbe-a743-090a258f776d,"gallon",1,3,"Two Bee"
6599b691-f2ce-4403-9181-739575bcc0cd,"gallop",1,2,"One Bee"
67234218-de72-4c7c-9623-5e678e176ef3,"galoot",1,4,"Three Bee"
446c24a6-bfef-4be7-83f1-2974f7d2502f,"galvanize",1,3,"Two Bee"
9b8394af-8788-4dac-8ec9-a0bc37d9a19c,"gambit",1,3,"Two Bee"
f95b3241-0435-4fdc-a392-2ba7af84b405,"gambol",1,4,"Three Bee"
da5048eb-2f1e-4739-b450-2b58afe6ded5,"gamma",1,3,"Two Bee"
ba5e41ad-fcac-4a7d-8510-4729ffdd5772,"ganache",1,3,"Two Bee"
fe3a0995-f655-47b9-bade-e153b8e03148,"gander",1,2,"One Bee"
31cb616c-efe6-48e7-843c-34f1308c15d3,"gandhasri",1,2,"One Bee"
40977316-2b2e-4c9e-8e9b-baa787d6e02f,"ganges",1,4,"Three Bee"
3310b0cf-2d0e-4984-8ece-efa8f2a93124,"gannet",1,4,"Three Bee"
a833ff12-dc0c-4188-94a7-07470e649864,"gardenesque",1,2,"One Bee"
b73d8d4a-5f53-45be-b1e3-0ad223faabdf,"garderobe",1,4,"Three Bee"
5fb52157-4080-484e-b75e-814139e05c77,"gargle",1,2,"One Bee"
e01e6cee-ceed-4844-a2f8-e36109b62fd2,"gargoyles",1,3,"Two Bee"
543e62aa-1066-4f5b-8723-a01d5f88a922,"garish",1,3,"Two Bee"
60abcd07-fb31-432c-8761-e6addfdf59eb,"garland",1,3,"Two Bee"
ca988729-a046-42f4-99db-3b2d1063c61e,"garlic",1,3,"Two Bee"
9f726e39-5bd5-4ee0-a6ab-a9299b326c77,"garment",1,2,"One Bee"
300e3a1d-f8ed-42ac-9f62-5443c62df14c,"garnet",1,3,"Two Bee"
9b19d5f1-b6ba-48bb-b086-f7b38860786f,"garniture",1,2,"One Bee"
a3f00084-7021-4722-84d5-21d5c594e818,"garnituretwilight",1,3,"Two Bee"
9fb69f74-4600-4a0f-99e8-49dba7cc1583,"garrulous",1,4,"Three Bee"
22071c9a-e2c2-4569-a5f7-47050605fe52,"gasiform",1,3,"Two Bee"
dc26285e-850b-48a1-b6ec-18a134eb4432,"gasket",1,3,"Two Bee"
20f22676-9f0d-43a6-966e-65a78ad60605,"gasped",1,2,"One Bee"
24488a1d-7c52-4525-bada-4775a679835c,"gaspesian",1,4,"Three Bee"
cba82fcf-559f-41d3-9263-92625647cbb1,"gasthaus",1,4,"Three Bee"
82c0b5d9-0458-4b46-8d7b-519af784df0f,"gastritis",1,3,"Two Bee"
5f3392ba-8ba7-443f-975b-5131d77f3269,"gastronome",1,3,"Two Bee"
0c1eaa32-6b73-4164-bb51-44e148010258,"gateway",1,2,"One Bee"
164ecc21-35ab-4cf5-8d46-1120bbf6ce56,"gather",1,3,"Two Bee"
70ce988f-0455-48f3-a12a-96c4c8b01ae5,"gathering",1,4,"Three Bee"
dcc8458f-58be-4371-a844-75710b0d855c,"gattine",1,4,"Three Bee"
330a3890-4720-4b89-8ede-6ee73dacea5d,"gaucho",1,2,"One Bee"
7f3e26fa-b152-424b-8e05-933c41662fc7,"gaudery",1,3,"Two Bee"
c71a1261-fd0d-4a10-a5c0-b2a3372e477f,"gauntlet",1,2,"One Bee"
b2e63391-28a0-434e-bc71-bf1aeecc9a17,"gaur",1,3,"Two Bee"
4e7e23a9-6287-465d-8a97-d03c30280686,"gautam",1,2,"One Bee"
cd4a3594-116d-4d85-99a1-55c63879f38a,"gaylord",1,2,"One Bee"
507f3557-649a-4571-a97b-fd83d738de25,"gazette",1,2,"One Bee"
e9645539-3155-4536-9a35-dd90712d70f5,"gazoz",1,4,"Three Bee"
7ea530d9-f075-4070-bfaf-64cff51a73fc,"gchange",1,2,"One Bee"
d3b8717e-d9d4-42eb-92e2-5f07a387b71b,"geatish",1,4,"Three Bee"
db177a1e-750d-4d84-95cd-acc5808fab9c,"gegenschein",1,4,"Three Bee"
e3cd45f5-eec5-46e6-a868-123ac49c642e,"geiger",1,4,"Three Bee"
2f13f2f7-9b94-48b2-921e-bd9fff650cbf,"gelatin",1,2,"One Bee"
7f09f143-8670-4131-bad5-51ebf112385b,"gelatine",1,2,"One Bee"
fd8dccf9-89b7-4910-8ca6-ef9d5cf63f62,"gelatinous",1,3,"Two Bee"
3f3bc5d7-e23f-4972-84af-eb571f3137a2,"gelato",1,2,"One Bee"
65be1285-2eaf-41fd-bdab-e8b08fffd755,"gelilah",1,4,"Three Bee"
635fb1f7-b891-407a-8d9c-dc2e85aeb0ad,"gemini",1,3,"Two Bee"
614d9d52-a5e6-43d9-8a66-116091c4c742,"gemstone",1,4,"Three Bee"
3da90868-e7f6-448d-8a15-240fdc9c204a,"gendarme",1,4,"Three Bee"
481b1895-ddac-4575-98ca-8983405efda7,"genealogical",1,3,"Two Bee"
c487017b-4038-4ebe-b4b8-e25213eecdb6,"generalisation",1,2,"One Bee"
196a77a4-4c42-47c2-86c0-70e01dc44439,"generalization",1,2,"One Bee"
365b2067-21bc-4258-9192-bccc1067dfec,"generals",1,2,"One Bee"
bea94a51-88bf-4252-9dc0-7a7e8180da5c,"generation",1,3,"Two Bee"
89015947-5b24-474e-afd7-72bc0c2ad471,"generosity",1,2,"One Bee"
a2437c92-c99f-40f7-b30d-91a8f05c53a0,"genet",1,4,"Three Bee"
a30b9343-9994-4773-8d26-27708954d131,"genetic",1,2,"One Bee"
9a430393-896c-47c8-85b9-521e2c768c6e,"geniture",1,3,"Two Bee"
8d58ba08-ade1-48b4-99d7-9f49c4812ffe,"genius",1,2,"One Bee"
37234b3e-d4aa-4151-ae1b-67d200447aeb,"genoise",1,4,"Three Bee"
8258cde6-3fb0-4633-8043-ac1262c0a35d,"genome",1,3,"Two Bee"
eca4cc92-53bc-46b9-a4a4-cf8264001286,"genteel",1,2,"One Bee"
6389056f-6fed-4be5-9ae1-611afb205221,"gentian",1,4,"Three Bee"
1d8082a8-d276-4805-96e3-6661686d142e,"gentilitial",1,3,"Two Bee"
765d91b0-31d4-46ef-b44c-ee5903c355e8,"gently",1,2,"One Bee"
1ecdc583-5279-4758-82ba-d9416f0c9584,"genuflect",1,4,"Three Bee"
40490a87-7ca2-4cfb-8235-2f80745101e8,"genuflectcinerarium",1,5,"Three Bee"
67607f28-7319-4b4c-bacf-8625bb066b96,"genuine",1,2,"One Bee"
4af2455e-9e9e-4c84-9574-5d0969eac88c,"genus",1,3,"Two Bee"
7525e09a-e4a0-4155-a074-ef6f26c437fb,"geocaching",1,3,"Two Bee"
9d6f5c93-d198-4c55-ad78-49c8e5887cfa,"geographical",1,5,"Three Bee"
ae6483b7-a2e3-43d0-beac-51382da2a709,"geography",1,2,"One Bee"
7c0b731d-12eb-4338-bd40-2302c013a8a3,"geometric",1,2,"One Bee"
d7f41df0-c5af-4ce2-8204-2726b00e07c5,"geopoliticsbroached",1,5,"Three Bee"
03844153-59b7-4b2b-b28a-cf09d486fa2e,"gerbilles",1,3,"Two Bee"
e28d4296-6738-44f3-8ccf-0d4030498faa,"gerbils",1,3,"Two Bee"
8d4e33ca-b892-48d6-896d-df5a3ef903ee,"geriatric",1,3,"Two Bee"
982f691b-3ffb-4498-ae27-5cffff102652,"german",1,2,"One Bee"
97554729-6c28-4c29-af10-36c9219ae777,"germane",1,3,"Two Bee"
97fb9497-1fa0-432c-81f4-40fbbd8264ee,"germanenoun",1,2,"One Bee"
d5a3d3f7-5790-42d0-a9f5-6030b18d1b12,"germany",1,2,"One Bee"
d79a0db5-f9d6-4ca3-aea4-89f93316b6aa,"gerundial",1,4,"Three Bee"
09a32649-1d0b-4da7-9f18-74f0ec17799a,"gesellschaft",1,5,"Three Bee"
8a53f1f5-ec32-4f81-9b05-f60d397ed095,"gesticulate",1,3,"Two Bee"
975e0e1d-9c0e-409e-ba3f-2f7469bc2ce3,"gesture",1,3,"Two Bee"
8a39a49e-8e57-4093-93c4-51cefa3ef1e5,"getting",1,2,"One Bee"
d82c4916-b9b5-4793-a162-e292ba1dc9eb,"ghastly",1,2,"One Bee"
5f50dce9-5947-46d1-9bdb-aced41071d05,"ghostly",1,3,"Two Bee"
6e99b194-7087-42e2-9afb-e77de60f4d09,"giallolino",1,4,"Three Bee"
9139f041-b351-4e1f-817b-6d9cd2c5f144,"gibbous",1,3,"Two Bee"
2ec0db86-4166-4a31-978d-18f0477b3667,"giddily",1,4,"Three Bee"
7c06b79f-75bc-471e-a193-7799926240c1,"giggle",1,2,"One Bee"
c8816a42-efb8-468b-a4d2-f25f4224be35,"gilded",1,3,"Two Bee"
179f0af5-0902-49f0-ba8b-fcb4296b55f6,"gilgamesh",1,4,"Three Bee"
4f4e91a1-ab27-41cd-840d-3618251f318e,"gimbaled",1,4,"Three Bee"
7e62a30a-1918-4726-bdd3-bb66e3d3b72d,"gimballed",1,4,"Three Bee"
e8736abe-7a45-4e52-8b3b-22c45f2a9534,"ginger",1,2,"One Bee"
13b39229-c67b-464b-be6e-d40757566b8e,"gingerbread",1,3,"Two Bee"
d37bed5f-d184-4456-b133-90b87ed4bd2b,"gingivitis",1,3,"Two Bee"
de5451ed-dda8-4db8-b0b9-c3718453c362,"ginglymus",1,4,"Three Bee"
1d83929b-7c1c-429b-8e6d-d0fb6ae4d7e9,"gippsland",1,4,"Three Bee"
957ab089-4852-49d0-bdb4-5954136e8ace,"giraffe",1,2,"One Bee"
fa4a9e62-71cb-4342-b108-5f5dbd128f91,"giraffes",1,2,"One Bee"
8723d44c-fd45-4b70-ac75-ec4526c8d480,"girandole",1,4,"Three Bee"
f732361d-a805-4027-a1f7-a0388fffa096,"gistgizzard",1,2,"One Bee"
05dffaf5-8d97-4345-abb3-3a49541ccc92,"giza",1,4,"Three Bee"
37f295f6-3394-4752-a430-a70d844538be,"gizzard",1,2,"One Bee"
030496d5-c32f-445d-ad44-6118428bb441,"glabella",1,4,"Three Bee"
a6b4a668-4fff-4e3f-8bbc-0dbc2fb742d7,"glabrous",1,4,"Three Bee"
7aa58c40-aea3-4bca-8f7a-f003c5979d22,"glacier",1,2,"One Bee"
37a35525-7d96-4331-b812-50fc4ff14993,"glacis",1,4,"Three Bee"
df554a47-b58d-40a8-80eb-747eb44085ce,"gladiatorial",1,3,"Two Bee"
9e9e0fe7-badb-4b5f-a43c-2761cfcc3a0e,"gladiolus",1,3,"Two Bee"
6628bac2-2188-45c4-9baa-459cc4c732a6,"gladness",1,3,"Two Bee"
cfaa6b1d-de0b-4ac7-ab89-3db2db85208c,"glareous",1,3,"Two Bee"
aad27213-694b-4b95-8e1b-8a86f2f3a1c1,"glasses",1,2,"One Bee"
3b84d85d-e040-4439-8b99-7bcdd5adc1fe,"glaswegian",1,4,"Three Bee"
3b0d1a3d-f968-4e35-a197-aae561747b3e,"glaucomatous",1,5,"Three Bee"
d3c27c41-c77b-4ad3-b6ff-37178537fb1d,"glazed",1,3,"Two Bee"
1219fa53-b34b-4a1c-b490-9daea8307927,"glazier",1,3,"Two Bee"
7b5fdb6d-30f4-4fa9-a29f-4452d91c2283,"gleaming",1,2,"One Bee"
efa473ed-85d5-4289-b756-573df6e37f97,"glengarry",1,4,"Three Bee"
cd3da240-57a3-4731-8614-4dc80e50cce0,"glib",1,3,"Two Bee"
fc81d724-6390-47f7-ad44-e196c9c01b83,"glide",1,3,"Two Bee"
fd7a33a1-aee2-42cc-b206-4f3794c8a0bb,"glimmer",1,2,"One Bee"
78bab502-442b-4cf3-b6e5-18e63bd4d124,"glimpse",1,2,"One Bee"
010beccc-759b-40be-a50e-2a83783b863e,"gliriform",1,4,"Three Bee"
944ceb7e-0628-42d2-b059-937057456868,"glissando",1,3,"Two Bee"
dddcd303-6f5e-470e-8daf-68fadbf44172,"glisten",1,3,"Two Bee"
7aee440a-6eb3-42ad-b4a4-4029f3d50a69,"glitterati",1,2,"One Bee"
48ef084f-aef1-40dd-ae5e-8dd314cd5797,"glittery",1,2,"One Bee"
9c18b9b3-912d-4e5e-a27e-a53e9f8e4c6d,"gloaming",1,3,"Two Bee"
cf02262d-33d8-42b3-a71d-2fa695c1c8b1,"global",1,3,"Two Bee"
c59cdd4f-b7e8-4da9-8801-7666828466db,"globular",1,3,"Two Bee"
67946e86-5ff9-4b59-94b0-4f52ab29b253,"gloomy",1,3,"Two Bee"
14c0de68-6713-4366-a081-b2b4e7395032,"glossary",1,2,"One Bee"
c29d9a65-e4d7-4de8-ac0b-5385c8a7cf8b,"glossolalia",1,3,"Two Bee"
52b10ee7-43f6-43b6-8dca-292f2dc5f229,"glossopetrae",1,5,"Three Bee"
3ca0bb64-e995-4b47-b2f7-173b2fa3f081,"gloves",1,2,"One Bee"
a4f34417-a84a-484a-908f-ed7e09efe5e9,"glowquick",1,2,"One Bee"
c349a677-359b-4026-a760-b7cde0cbbf7c,"glucose",1,2,"One Bee"
8c69f9b8-443f-4d22-9e8d-07f3eb4724fb,"glumly",1,3,"Two Bee"
9dc4be7f-6f04-4ab5-88f6-cb075a7c9b32,"gluten",1,4,"Three Bee"
99b40eee-e12c-40b0-831c-14230cf12737,"gluttonous",1,3,"Two Bee"
938dfd7b-a1c4-4106-9744-3c24a9e67f40,"glyceraldehyde",1,5,"Three Bee"
5527e856-ff47-49d5-a5ac-2a112c7040d7,"gnarled",1,2,"One Bee"
6671feeb-1601-46d2-b96e-986938bc0763,"gnathic",1,3,"Two Bee"
cd413974-c979-463b-adb4-9809ff8561bc,"gnaw",1,3,"Two Bee"
0e98cb2b-9c0e-4d92-813e-ec57be9e25b8,"gnocchi",1,3,"Two Bee"
3acea764-dec0-4044-9991-fd2a0a921d84,"gnomon",1,4,"Three Bee"
ecbb187e-576e-473b-8317-d7c8916df523,"goanna",1,4,"Three Bee"
b3a606e5-fc43-4775-916e-578b16f764b0,"goatee",1,3,"Two Bee"
57bf1a42-71e7-4646-8b26-e1bd74ce3f5c,"goblet",1,2,"One Bee"
6771c0f0-1ad9-495d-b44b-07bc69de6d1a,"goblins",1,3,"Two Bee"
53dffdf4-bc40-4673-b45d-ac682b80bb55,"godspeed",1,2,"One Bee"
60284da6-9e00-4e8d-a861-2b2d0614a1cd,"goggles",1,2,"One Bee"
86cdf90e-5e09-4b91-a712-1ad2a3330da2,"goji",1,3,"Two Bee"
503af21c-3888-4f5a-a825-25380ee45e43,"golden",1,2,"One Bee"
b6faa719-8f84-440b-8662-0cb823060113,"golem",1,3,"Two Bee"
982e884b-738e-4254-bfa0-d3a6b57f1157,"goliath",1,3,"Two Bee"
46fd351b-907b-4627-b9ba-7454f155cceb,"gondolas",1,4,"Three Bee"
f9db2a51-655d-4976-bc96-0e3fbd979aa0,"gondwana",1,4,"Three Bee"
099f004c-4d92-4ffe-a090-8551cddb22ca,"gonzo",1,3,"Two Bee"
364efd81-331b-4f74-95fe-30c96982e3a4,"goober",1,2,"One Bee"
62f25a73-3aa2-45c9-b178-a4948357d4ee,"goodnik",1,2,"One Bee"
79036b27-b96a-49cb-9c96-034f88972f0f,"google",1,2,"One Bee"
021e9deb-f3b9-4e96-a648-f83fcce5fc6c,"googly",1,2,"One Bee"
961c8a37-78b5-4b01-91c8-7c48ee590a6b,"googol",1,4,"Three Bee"
b76ffe3a-d1f5-4071-a2be-cb46c1b4e46a,"goondie",1,4,"Three Bee"
c500a977-da41-4c0d-850b-6e3d2108d62a,"goosander",1,3,"Two Bee"
00021bac-0b90-45a7-8c3a-a9df728d9057,"gorgon",1,4,"Three Bee"
17013eec-7e2c-47e2-aa8b-7cf237fe208d,"gorilla",1,4,"Three Bee"
e15f192c-970d-45ea-a080-75d57bc3e007,"gosling",1,3,"Two Bee"
e4c0fb73-4d24-40ed-a1fb-c5b75c935364,"gossamer",1,3,"Two Bee"
5cabd236-6a18-4c39-a0d0-7c07237c1b71,"gossip",1,2,"One Bee"
17f29b13-f441-447c-bba4-c753a7cbb0ce,"gotcha",1,2,"One Bee"
94a7e8a4-acf1-4e63-9754-2445d126c3bb,"gothamite",1,3,"Two Bee"
9c0a23eb-2d80-4ebd-a450-beabb04ff52d,"gothic",1,3,"Two Bee"
6014a640-3d80-4181-bae8-8550e3ba592e,"gouda",1,3,"Two Bee"
f6e5c553-5d7f-42d1-b287-8c7b9c734be0,"gourd",1,3,"Two Bee"
149ca0f8-fbef-4c9e-af16-f058b9498eab,"grace",1,4,"Three Bee"
46a62cd1-781e-4a4f-ac39-8d78faebc88c,"graduate",1,3,"Two Bee"
ee3033a7-f9d3-49e5-a96b-c19823b4b1a4,"graham",1,2,"One Bee"
ba8dd427-2bc5-4e69-afe5-248e273807b6,"grammarian",1,3,"Two Bee"
a1a095e3-89f0-4bb8-b4bc-1f4e86b82c45,"grande",1,3,"Two Bee"
3bd4c4b2-f3ab-42d8-97f9-22016158796e,"grandeur",1,2,"One Bee"
bcbb150c-9ad2-433f-82ca-a85be74804bf,"grandeurgraphologist",1,2,"One Bee"
0ac49782-efe3-444e-8f73-e6eef59e7ae9,"grandeurottoman",1,3,"Two Bee"
783b722a-1ff3-4804-a343-08fd428a11e5,"grandi",1,2,"One Bee"
11df3e0d-0aca-43de-88cd-1aea5256b3e0,"grandiloquent",1,3,"Two Bee"
7aea021c-76c7-4015-b3f2-7b6d96cd4565,"grandrelle",1,3,"Two Bee"
657a55ae-3c92-4278-aa21-75f24052a560,"granite",1,3,"Two Bee"
dbb8b0e2-9b67-44e4-bb93-0600ddb8b2d1,"granola",1,2,"One Bee"
6b9d7bc1-8b07-4234-968c-85561d75214b,"granules",1,3,"Two Bee"
922da259-acb7-4820-af92-6579813f7551,"grapheme",1,3,"Two Bee"
77edac56-3697-454e-b31a-f24c586e4755,"graphite",1,5,"Three Bee"
9ba4b8a4-13fd-452a-b521-4c253b3c7b4f,"graphologist",1,3,"Two Bee"
81e31026-7737-40a0-805e-eaad268995a5,"grapple",1,2,"One Bee"
a4dac9d3-3404-4d66-be79-860950dce46f,"grateful",1,3,"Two Bee"
3c9523e4-7a9b-49a6-a54d-27d648c0a79c,"graticule",1,3,"Two Bee"
64f53a3f-90fd-49d8-b45e-bad8e4a4761c,"gratingly",1,3,"Two Bee"
9d11bbac-f385-4230-bb3c-472827a56dfb,"gratis",1,3,"Two Bee"
5c9b863b-7a48-4315-8db1-65d37dadeb6b,"gratitude",1,3,"Two Bee"
2ad71eb0-155c-40ce-80c1-b71ec2e442a6,"gravelly",1,4,"Three Bee"
63c70b20-d843-4342-a1c4-40efa4326ac5,"gravimetry",1,3,"Two Bee"
dd395540-01f6-4c60-9a5f-150bcdbbb2a0,"gravitas",1,3,"Two Bee"
3a5af2dc-14d7-423f-b438-f66aeb3e6037,"graywacke",1,4,"Three Bee"
f4cf6840-d914-478e-9df0-5457e741e18f,"grazioso",1,3,"Two Bee"
d78bc252-d1b6-4dc5-9ae3-6d0dc6adfa6a,"greasy",1,2,"One Bee"
262f00b4-a3f5-48b4-a33f-0fc27f79c45d,"greaves",1,3,"Two Bee"
cc6e854d-70c1-44e2-acfc-bcada07b9cc8,"grebe",1,4,"Three Bee"
725c703a-91fb-4021-9da0-b22bc9060baa,"grecque",1,4,"Three Bee"
c0bbb06d-a086-4fa2-81c4-246d5b7b9480,"greedy",1,2,"One Bee"
413cf882-72b9-4699-8549-b698fc9b259b,"greens",1,2,"One Bee"
96aaa36a-5760-4351-821e-035d193b1143,"greetingdifficulty",1,2,"One Bee"
c3e1f95d-fa3f-4d06-a82a-46fabb878d20,"gregorian",1,3,"Two Bee"
4e0541d4-4748-43a8-a78a-04d44d9a295f,"gressorial",1,3,"Two Bee"
5e4cc306-6dc2-4d6b-aab4-f963d4e9a1de,"grewsome",1,4,"Three Bee"
c2cfef3c-e805-41aa-a48f-a0ac0a3784a7,"gridiron",1,2,"One Bee"
169e47ac-06e5-4860-9225-8a8de0d0335f,"griefful",1,2,"One Bee"
c388752b-9624-4fe8-af5e-c3f0dead22c4,"grievance",1,3,"Two Bee"
f1247336-1ca7-43bf-8053-7f1cf84e1381,"griffonage",1,4,"Three Bee"
5d7e8ae0-dcd3-4f12-be3d-3c55bceac7f2,"grimaces",1,4,"Three Bee"
8bb5750f-800e-4e03-afd4-c7e3e3091527,"grimthorpe",1,4,"Three Bee"
f36ef015-1323-4438-926e-34c9e9925e05,"grimy",1,3,"Two Bee"
f1163ae1-5c6c-4644-9289-a5e01dbd79e2,"griot",1,4,"Three Bee"
1bde3f9e-aa0d-457e-b249-822f12c29126,"grison",1,4,"Three Bee"
a63899c6-da2b-4886-ac75-00d0f5d3a76b,"grisonphulkari",1,5,"Three Bee"
6bb20147-0f60-40d3-ab78-a751cd72ff26,"grissino",1,3,"Two Bee"
a343ec7e-b828-44fd-8214-3fc253a34fe2,"groats",1,3,"Two Bee"
74d71df5-8ef9-41b7-a4d9-f9bc80241154,"grobian",1,3,"Two Bee"
7faa31d3-61ae-4ec7-86d1-e3a0773add68,"groceries",1,2,"One Bee"
a0f52dea-6a60-4bd5-94f0-82ff0c68a631,"groenendael",1,4,"Three Bee"
d5b5e22d-5561-4956-a1db-b249307ca5d8,"groove",1,2,"One Bee"
ca972e5f-6790-47b5-89b8-e81254f60f42,"grosgrain",1,4,"Three Bee"
185eaaae-e706-461e-ae8e-bbe11afdbcc1,"grotesque",1,3,"Two Bee"
a391b2d8-5f74-4778-a0b8-8042986b2fd1,"grotesqueness",1,3,"Two Bee"
b9fd12dd-f17a-4180-8b5b-a5f3fc3f4b20,"grotto",1,2,"One Bee"
4abe7d97-a794-4d93-8774-de61049df258,"ground",1,2,"One Bee"
cdde8157-9de5-43b7-837e-5ea55540e3a2,"grouped",1,2,"One Bee"
2250c4b0-81b3-482c-bc57-7156d5ac059c,"grouse",1,3,"Two Bee"
70b0876b-2401-48b3-b89e-3ef0e0002749,"grousegubernatorial",1,3,"Two Bee"
72abf9da-2f14-4db9-ab01-ea347712af1b,"grouth",1,4,"Three Bee"
b4c84d5c-a628-4037-a0db-91e9bd04ab32,"groves",1,3,"Two Bee"
ccb577ca-9f6d-4954-88d2-a71f9c9560cf,"growing",1,2,"One Bee"
e04ec8cb-a08e-483f-ab93-733f60e175c9,"growling",1,2,"One Bee"
29d0d21c-65ee-4631-b90c-a8bee3e1cda0,"grown",1,3,"Two Bee"
a6ce4685-d474-45f9-9e91-fe8eeeae9053,"grown-ups",null,2,"One Bee"
eb879b13-75c3-40bd-b228-6fe29e091f28,"grudgingly",1,4,"Three Bee"
094e5899-df01-4a79-b6e1-ea25f5903a12,"grudginglycanopy",1,3,"Two Bee"
e9788b9d-4472-4c67-a67a-d2e59c0cef04,"grueldifficulty",1,2,"One Bee"
ef730deb-9861-4747-8f8e-0ed898ab71f0,"gruelgroom",1,2,"One Bee"
dba24fe1-4e2c-4102-b8e8-337b1dc9a47b,"gruesome",1,4,"Three Bee"
63cb848a-67f4-42a8-93b2-2e52e65b7c4a,"grumbling",1,2,"One Bee"
44efd397-a359-4c24-93db-7961021115ff,"grumpy",1,3,"Two Bee"
78cbea4c-091d-4caf-a8d5-8b14a4f80d2f,"gruyère",1,2,"One Bee"
1b91114a-c2ee-4f7e-8c50-62d6edda6473,"guan",1,4,"Three Bee"
85a5ab63-04b6-4ebe-b99c-9c88a25a49c1,"guanine",1,4,"Three Bee"
847f3a6c-76f5-42cc-a690-30757b5458fa,"guapena",1,4,"Three Bee"
b79af70f-e7a7-43cc-95d2-f345451af7c7,"guarantor",1,4,"Three Bee"
1b58f8fb-35ce-4073-b61a-db4b61507ac2,"guardian",1,2,"One Bee"
6fd0096e-ef18-4d86-9d0f-c5f117a8d8e3,"guarnerius",1,4,"Three Bee"
0950d0e0-4223-4b72-987b-cb7dda719e87,"guava",1,3,"Two Bee"
baa681ab-27c7-4ae4-bb40-a13e6b071168,"guayabera",1,4,"Three Bee"
db60d262-01e8-4e73-af1a-db52524bb570,"gubernatorial",1,3,"Two Bee"
23172074-6581-43a1-9742-5a689b3f99b2,"gudgeon",1,3,"Two Bee"
da997cbd-7c28-4f0a-8b24-aa3cea948497,"guerilla",1,4,"Three Bee"
97a8199f-4ea7-4d27-8783-83c6243e42fc,"guerite",1,4,"Three Bee"
79ddacd5-75e0-4ff0-8fd3-a6a004d236a0,"gueritegallivat",1,5,"Three Bee"
31f3d3b5-2d41-452b-bdf8-e2ff4669a2a0,"guerrilla",1,4,"Three Bee"
435def09-d594-4a17-ae0f-c2e811b6ebb5,"gueule",1,2,"One Bee"
0104ba30-ca45-4175-866e-1b1adb78dace,"guffaw",1,2,"One Bee"
e22d70af-f8ed-479a-a859-98ab82a7ccbd,"guichet",1,4,"Three Bee"
53d90632-372a-4794-aecf-8843b6c6d829,"guidonian",1,4,"Three Bee"
64ebf7df-1ceb-496c-aa1d-aadd7882188a,"guilloche",1,4,"Three Bee"
cb13ff11-7a97-4616-aa2b-13196f4365e5,"guineas",1,3,"Two Bee"
d7471eaa-2909-49a0-b418-a22078bb3d1c,"gules",1,3,"Two Bee"
ea0a3dda-979a-4050-ac48-3b4f0c7d3d13,"gullet",1,4,"Three Bee"
d66c98cd-df9f-49b8-86de-617e1d82609c,"gullibility",1,3,"Two Bee"
0ec06979-afb7-4f8e-9584-08d183ee176c,"gumption",1,3,"Two Bee"
151c1242-9974-4918-90b4-d73990e666a3,"gurmukhi",1,4,"Three Bee"
ef6332fe-5706-4844-b33e-226e155b66fd,"gurmukhigyascutus",1,5,"Three Bee"
4cf17f1e-1c25-4162-9c7b-4df4ec6668eb,"gurney",1,3,"Two Bee"
daa991e3-6bc3-400d-9673-3e9d713ba410,"gurneysanctimonious",1,3,"Two Bee"
f4c5922b-f2d7-42fe-bab8-e5cc02722c93,"gushedchina",1,2,"One Bee"
58b7c0c6-ec4b-4a73-8c0f-96a613452f7e,"gustatory",1,3,"Two Bee"
0b7cc101-9a24-4563-8246-4beecc007353,"gutter",1,2,"One Bee"
c5c03ea4-e9a4-43f5-bc5f-84b57c218a0f,"guttural",1,3,"Two Bee"
49ab5b46-4832-4bd4-a3bd-ebdfc6a7672e,"gyascutus",1,4,"Three Bee"
f19c43a6-7098-4052-ad45-0f87de6eaac6,"gyascutusgyokuro",1,5,"Three Bee"
fc7e98ac-e856-4d5e-bafd-59ae5d883d42,"gymnastics",1,2,"One Bee"
fae2ca38-fb4a-42ce-9e14-c3c8ed6ca4c8,"gyokuro",1,4,"Three Bee"
c48c79cb-55cf-420d-b7b8-958e2c63b736,"gypsophila",1,5,"Three Bee"
1be4e865-a37b-48d8-9039-3eb2f4bcd706,"gypsum",1,4,"Three Bee"
489f7d06-91a5-42d0-a0db-aa7e3022a9b7,"gyrocopter",1,3,"Two Bee"
4cbd52b3-d9d3-4126-9f4e-8b41abc24737,"gyttja",1,4,"Three Bee"
4fd5269e-6792-4b45-99fe-2842a9dbc667,"habanero",1,3,"Two Bee"
e993ba3b-cb45-4c34-836c-71817561dc77,"habeas",1,3,"Two Bee"
c47a20e3-f2c3-464f-9bad-d721a32aecd7,"haberdasher",1,3,"Two Bee"
28c61966-ba25-462e-a123-1ea79460cf61,"habiliments",1,3,"Two Bee"
4c888733-8ee9-47bd-9835-bd75c58322b1,"habitual",1,2,"One Bee"
04a16e76-a4a1-498b-86b1-2394e5a209c8,"habitue",1,4,"Three Bee"
4420b510-4a46-4800-a8e4-a0a3cb5de2d6,"habitué",1,2,"One Bee"
1eb946b5-b6ae-4d66-9365-3efd0d4d19bb,"hackamore",1,4,"Three Bee"
e0643553-45db-4e76-ae89-df5f51acb270,"hackles",1,3,"Two Bee"
698c2b9d-781c-4e91-9e15-ad94a133ebbe,"hackneyed",1,3,"Two Bee"
6bff1f44-7fc3-4df8-81ec-f17d408977f8,"hadith",1,3,"Two Bee"
105bdda0-7500-441d-95c9-5cde97cacf41,"haggisdolce",1,3,"Two Bee"
300d04cc-7de6-4c42-8a34-dbf243b4fc6d,"haggle",1,2,"One Bee"
1e717261-c7f3-4d39-9926-8e94fe5a4c8f,"hagiographer",1,3,"Two Bee"
6d9b8a4c-a204-4cbe-8e0b-22e73b7770bf,"haitian",1,4,"Three Bee"
b5b51ce3-64fd-4508-9c77-9c8a62ac5390,"halala",1,4,"Three Bee"
f89aff90-d426-4cd1-9a3e-47aa43b8dbb2,"halalah",1,4,"Three Bee"
cbdf3442-b480-4917-8964-ae06d305c862,"halcyon",1,4,"Three Bee"
e3c02aef-4744-4742-96fc-da3497ff7ba6,"halibut",1,3,"Two Bee"
8f7e1c92-91db-4374-934a-248119ac8bd0,"halifax",1,3,"Two Bee"
f406ec37-74f1-40d6-b970-bfe85b48240c,"halifaxhallucinate",1,3,"Two Bee"
2208d12b-e3a5-4e3d-96cd-706417b97a82,"hallowed",1,3,"Two Bee"
c5cf905c-3d64-4e57-b96f-f9312028bf8f,"hallucinate",1,3,"Two Bee"
c74302ed-5ac0-4985-a0d3-4aba56722390,"hallux",1,4,"Three Bee"
4de80998-f910-4c1c-aeab-ed776c289df4,"halo",1,4,"Three Bee"
038989a6-79bb-4cfd-9149-6749c897c3c3,"halogens",1,4,"Three Bee"
6682c98b-b9fc-4cfb-b59e-2049e6ad2be6,"hamadryad",1,4,"Three Bee"
033f6840-ffef-4c09-b5b8-f7e0137de731,"hamlet",1,2,"One Bee"
5f345c17-387c-4558-ae0b-5ba516358406,"hamstring",1,2,"One Bee"
b150dd26-4637-463b-b5a9-aa25e78cd1bd,"hamtramck",1,4,"Three Bee"
19a6eca4-38c0-4816-bd31-c3914525cbb2,"handcuffs",1,2,"One Bee"
a44d16ce-a5a7-4de6-bc75-1311b562f8fd,"handle",1,2,"One Bee"
03d57fe3-9999-4437-b116-9b832d51e39b,"handles",1,4,"Three Bee"
edd01e7f-cbc0-462c-abc3-133b22e8ee2b,"handstand",1,2,"One Bee"
bd6d59f8-77dd-4685-a16a-d9e64455a61b,"handwriting",1,2,"One Bee"
fa10d991-3e90-4b4a-8c14-d5325e617ab4,"handyman",1,2,"One Bee"
c3956d22-3d1d-4575-8e1c-91169e87b7dd,"hangar",1,2,"One Bee"
73acfe42-beb7-411d-a7c9-56b977e9e521,"hangnail",1,2,"One Bee"
215b542f-ba29-49db-8153-41636cf8061c,"hangul",1,4,"Three Bee"
42f5d139-c9d4-4ca3-b7b7-a620bf496632,"hankering",1,2,"One Bee"
308e1218-b9f7-4f45-9f68-d5534e29be4a,"haori",1,4,"Three Bee"
aa574d6c-f536-48ac-a9b3-5864fdfca286,"haphazard",1,2,"One Bee"
4c4cae4e-2aca-4e60-b263-edaf0bff065c,"haplography",1,3,"Two Bee"
71d4adb6-360a-43e9-a8fa-5f673facd2c4,"happenstance",1,2,"One Bee"
93245c63-1aa8-4fc1-9875-61e8f4ece6e9,"harangue",1,3,"Two Bee"
47dde3e7-9ce0-4709-9b15-01149dc7ec8c,"harangueniveau",1,5,"Three Bee"
ea922cb6-0b01-4a8f-bc3f-03618b7f92a1,"harbinger",1,3,"Two Bee"
41d1c125-3e4d-4d8a-b98b-249d588780ba,"harbor",1,3,"Two Bee"
42c75394-8161-4b9d-a6c5-4b90abca7d9d,"harbour",1,3,"Two Bee"
1fe72e5d-40f2-4ab9-928e-69f34e18c1f8,"harder",1,2,"One Bee"
e09f1ea5-6b9e-459d-92f6-5c11e22d4fb3,"hardtack",1,2,"One Bee"
c3296352-86dc-4536-bb0b-0c39ed7e8692,"hardtackrabid",1,2,"One Bee"
b22406b7-ddc8-435e-ab6e-219a688f380b,"haricot",1,4,"Three Bee"
b6e2c7bf-eacc-4db4-aea9-d64a99851ffa,"hariolation",1,4,"Three Bee"
add1a10e-ba67-47b4-9c92-4dc993ce52e5,"harlem",1,3,"Two Bee"
fc60038c-eead-4933-9a22-ad3876f4bad3,"harmattan",1,4,"Three Bee"
6dfa80f5-364d-4372-901a-9a9facbaf205,"harmful",1,3,"Two Bee"
25007bd8-83c5-47ae-ac81-74e362a9b983,"harmonious",1,2,"One Bee"
4ab3d325-6bed-4e7d-87d2-e5d840212ca4,"harpoons",1,3,"Two Bee"
0305966c-7ebc-4ec8-a88f-2bbbff41b200,"harrier",1,3,"Two Bee"
8131f26e-11cc-4020-96d5-2178c9053381,"harrierdifficulty",1,2,"One Bee"
dcd73d0f-4658-48d0-80d2-6f01924579ef,"harrowing",1,2,"One Bee"
b06f639a-597b-4032-872c-6982b3259e5b,"harrumph",1,3,"Two Bee"
bf1cdd45-7eef-4c42-8468-461b8ea0a73a,"harvest",1,3,"Two Bee"
16196532-323c-408b-8443-ed4a974f7d86,"hasten",1,3,"Two Bee"
9890cc67-e6fc-4ec5-895f-e30244af2b00,"hat",null,1,"One Bee"
ef6720c2-454a-40f5-b8bb-331d931e9cd8,"hatchet",1,2,"One Bee"
652f183d-48bb-4964-b85d-5688e91ee8cd,"hatchling",1,2,"One Bee"
c01e593c-e73a-43ab-9aa0-b3f5e9babaaf,"hathor",1,3,"Two Bee"
490bc1c3-fc8c-4cec-96e8-ace6e2b4a599,"hauberk",1,3,"Two Bee"
95297b57-fe43-4ce5-ae85-9fca30337f57,"haughty",1,5,"Three Bee"
fdbb7413-3bf4-49dd-9b0e-c0d7e336c249,"hauling",1,3,"Two Bee"
fb23d6d2-c142-47d7-ac2b-70cd56adb516,"haupia",1,4,"Three Bee"
15701cef-b20e-435a-9a2b-bfa721376d8f,"haupiakeplerian",1,5,"Three Bee"
bdd83ad0-f6e2-4f59-ad4d-a501cf5f5960,"haute",1,4,"Three Bee"
bbbbeb69-4fda-48ef-803c-fe9c12e0da04,"hauteur",1,3,"Two Bee"
4b461a7c-7cc2-4963-b462-abd549669943,"have",null,3,"Two Bee"
6440d5cf-c82b-449f-9cdf-e11cd66b7728,"havens",1,3,"Two Bee"
4d6f38fb-0a0b-45ae-988c-251c689c2431,"having",1,3,"Two Bee"
27187af9-7bb7-4f0d-8a37-7b507c59f852,"havoc",1,3,"Two Bee"
e23866f8-664f-4506-9801-65e05da6d45f,"haw",null,4,"Three Bee"
c9a0a2ca-8c19-4004-b5d6-2095cf519576,"hawaiian",1,2,"One Bee"
0fa9e18a-e19c-4bfb-92c7-736b4d60052b,"hawk",1,4,"Three Bee"
0c286317-eaf6-4961-a7c2-8bbb71de91ee,"hawok",1,3,"Two Bee"
b22c25d6-8297-4991-ac35-1b9fe7c118f9,"hawsers",1,4,"Three Bee"
28bfbddc-41c8-4248-962e-ee2251a9e8df,"hazardous",1,2,"One Bee"
35f3e2c5-b1a7-4a1d-a323-84e738015d45,"hazelnut",1,2,"One Bee"
a748a44e-cd46-4913-95a2-7bde5307460f,"hazmat",1,3,"Two Bee"
098522b6-65a3-4dee-aab0-6a61c00497b1,"headdress",1,3,"Two Bee"
edf73a43-d0cf-4385-a2c4-7bd635dc4cb3,"headlong",1,2,"One Bee"
bf392b7f-3790-453e-98c8-9aa36b0a1600,"headquartered",1,2,"One Bee"
1d2c5867-83c2-4bd4-a6e3-c783acd510eb,"health",1,2,"One Bee"
39bc9a17-5c3f-4fe8-86e8-f6b4c592ac19,"heartthrob",1,2,"One Bee"
3b9f5838-b279-4caa-8228-0ff0e8a2486a,"heavenly",1,2,"One Bee"
e4853066-c922-4a58-9136-a38bf67c8b21,"heavenlyheiress",1,2,"One Bee"
20c0cb9b-3e1c-418f-979a-f0bcacc7a5e9,"hebdomadal",1,4,"Three Bee"
668227aa-1a2b-4a31-879d-502280c088af,"hebrides",1,4,"Three Bee"
54ba97d0-ebe6-4b4c-84ac-d42b5ac8b56b,"hedgehog",1,3,"Two Bee"
44c5adb2-adfe-4d1d-b944-c5418f0d01ac,"hegemony",1,3,"Two Bee"
cf528074-a56d-424d-b0ac-d959fb04d6b6,"hegirae",1,4,"Three Bee"
3a0fa2a9-2846-469c-b05a-4f4d7c352738,"hegiraeanomaliped",1,5,"Three Bee"
7b2b18b2-b0db-4c85-9ecd-62d5367680bd,"hegiraemoissanite",1,5,"Three Bee"
36c2e8cc-b67b-45a0-a0f8-e07bcfe05ea4,"hei-tiki",null,4,"Three Bee"
b7a0a62e-207f-449b-a04a-b04af6d14032,"heinousness",1,3,"Two Bee"
2cefeda5-0c9f-414a-943b-476274728088,"heiress",1,2,"One Bee"
fb66bbb6-e987-4d21-96f6-fc06884a5c82,"heirloom",1,4,"Three Bee"
d2615cb1-a21e-4816-886f-bdf9419771a6,"heleoplankton",1,3,"Two Bee"
e91a0052-d3fd-4ed6-adc4-545733f37616,"heleoplanktonpliant",1,3,"Two Bee"
8b7599f7-2eef-4d31-b8cf-5b143333cb3b,"heliacal",1,3,"Two Bee"
29619bb4-2abb-4e79-b952-c56c0082c4b1,"heliotrope",1,3,"Two Bee"
917494a5-f053-4ad1-b62f-ed86fba9c2b2,"helium",1,4,"Three Bee"
5b36ac7b-f4e1-4543-a87c-0795e8fbe471,"hellebore",1,4,"Three Bee"
6fc0e05d-4b47-4cc8-88fe-e1a08c01756e,"helmet",1,3,"Two Bee"
204d7611-c156-41a1-8206-7278b07e9ec6,"helped",1,2,"One Bee"
f6051c36-0556-4ae9-9af1-05a970b66be0,"helpful",1,2,"One Bee"
71251341-e010-4fa0-a21a-de0f853e272a,"helvetia",1,4,"Three Bee"
2d89d1e3-7848-4b6f-bef2-d6ca5f472bfe,"hem",null,1,"One Bee"
d1612c83-9032-4bbf-bc8c-1ff7ba66561e,"hematology",1,4,"Three Bee"
93047973-0c89-4e9b-a4f5-82e7394578b0,"hemorrhage",1,4,"Three Bee"
f69e2e28-57c5-4e4e-8e3e-829c54db372a,"hennery",1,3,"Two Bee"
9ab07b03-79ea-4fec-bf3f-c993d2366302,"hennin",1,4,"Three Bee"
bf44bbb5-ba6c-4dc9-a197-40dd5ec373eb,"henotheism",1,4,"Three Bee"
e9eff371-c262-4628-8adb-3e3a12743f26,"hepatectomy",1,4,"Three Bee"
d762e7fe-5ff0-4480-8a51-fc96435829a8,"heptad",1,3,"Two Bee"
ef24d536-bc12-444f-9af6-656bdfa0705f,"heraldic",1,2,"One Bee"
e8d58317-0aa5-4f8d-8469-a6912bcc1bbf,"herb",1,4,"Three Bee"
a23094e1-7416-4fae-80e1-b63da7be97b1,"herbaceous",1,3,"Two Bee"
cc136ca3-1e75-43f3-9ac3-6dec6fe275aa,"herbalist",1,4,"Three Bee"
c00cf18d-e142-46af-99e9-e2ac034e6df3,"herculean",1,3,"Two Bee"
a7fd2d52-f181-4b5a-aac7-419726377cf5,"hercules",1,2,"One Bee"
ac950a13-f783-4f14-9ade-7747fce169a0,"heredity",1,3,"Two Bee"
29e3e8df-f1c3-4563-9bd1-c5e58a43fc34,"heresy",1,4,"Three Bee"
104aabf3-a641-46ae-bb18-267348230260,"heritage",1,4,"Three Bee"
f2938e7a-2ed1-486a-9338-29ab7b53beaf,"hermeneutics",1,3,"Two Bee"
cdc257ca-65a7-4c54-b44f-e6c5d7adcf2e,"hermetically",1,3,"Two Bee"
ccf85241-e46e-4b24-be02-89ab8f64c67f,"hermitage",1,2,"One Bee"
b87b6c96-d789-4c67-ba7b-e687622f1857,"hero",1,4,"Three Bee"
5663a35d-4d11-4888-b236-1b5d7b291689,"herodotean",1,4,"Three Bee"
c42b67f0-1bb2-4eee-95fe-f1b30e5be0cc,"heroes",1,2,"One Bee"
ba03745d-b313-459a-afc8-7bb5bd1fe4c8,"heroic",1,2,"One Bee"
17168982-0419-4288-ab43-6b78c7b41caa,"herringbone",1,3,"Two Bee"
aef6525a-0e29-4a3a-a87a-3a97086e9161,"hesitate",1,4,"Three Bee"
ad7be24e-db51-477f-8530-efedcc756463,"hesped",1,4,"Three Bee"
3bdfc7bc-c9db-42fd-aa1d-845f7271c20d,"hessian",1,4,"Three Bee"
b8563d45-1000-49d2-bfe5-a27347b6b299,"heterochromia",1,3,"Two Bee"
41e8ee17-9bf6-4a00-9710-f36d460b15df,"heterophony",1,3,"Two Bee"
4a105a88-14ef-4710-b5a6-32be910ef5eb,"hetman",1,3,"Two Bee"
532e3ecb-e99f-4dc0-af18-ba32592288b9,"heuristic",1,3,"Two Bee"
786f7131-aa1b-44e4-8864-badf6998afbe,"hexagonal",1,2,"One Bee"
ae7dbc0b-5b81-4078-ba18-27d80b1c64fb,"hey",null,1,"One Bee"
e8ba1002-7766-44fa-8fca-f35cdafeb8cd,"hiatus",1,3,"Two Bee"
bf4765df-d107-4519-aced-9d812c621b9f,"hibernaculum",1,3,"Two Bee"
ea71187f-7c26-476e-8386-a650d2a049ef,"hideout",1,3,"Two Bee"
2f9307e5-bf79-4353-bc53-1d14e50d8b35,"hieroglyphics",1,3,"Two Bee"
a81b3f00-498c-4361-9e56-bcd76c1aec83,"hierurgical",1,3,"Two Bee"
244be9cb-675b-49a0-a8aa-1832cdb1c198,"highlands",1,2,"One Bee"
25bbbb23-727e-4640-8a31-70f629f84f5e,"highlandsdifficulty",1,2,"One Bee"
942d84c9-a84a-42ad-9b78-9c6be1c234e5,"highlighted",1,2,"One Bee"
2c66cad1-41b8-43c7-b165-0b3f706df335,"highlighting",1,2,"One Bee"
788f5098-19b4-48fe-b6c0-f064fdb74325,"highway",1,2,"One Bee"
c69c1c52-f327-441d-ba54-bc222c583639,"hillock",1,2,"One Bee"
f03ef862-44e8-4677-8c76-11ad27fe5901,"hilum",1,4,"Three Bee"
98828493-2f64-4968-8f61-7dd370ad94c9,"himalayan",1,4,"Three Bee"
8a6d69f8-a2bf-4fb6-adeb-6c94612ea5bd,"hindmost",1,4,"Three Bee"
998e7c19-1d6b-4bbe-a751-a6c5d91f2fa8,"hinged",1,3,"Two Bee"
b22cef95-e41c-42ec-88e3-6bdd2d95206f,"hinoki",1,3,"Two Bee"
ba3d201c-5a8d-458b-a4cf-4c0c46862775,"hiortdahlite",1,5,"Three Bee"
8479369f-4655-421c-8c4e-30c1782885a4,"hippocratic",1,3,"Two Bee"
e608ed3c-7b04-49ac-bd10-9347b6d98d42,"hippolyta",1,4,"Three Bee"
15ed0b9f-d4e1-477e-bcf0-37bf07734c2a,"hipsterism",1,3,"Two Bee"
74432795-17ea-4ef5-a224-f08648a4117e,"hircine",1,4,"Three Bee"
c04a9bc7-12c8-42a1-99a1-c2224fe00099,"hirsute",1,4,"Three Bee"
3ba8df2d-f408-4006-a9af-feed86b7165a,"histolysis",1,4,"Three Bee"
862d6795-31ef-41fc-98ca-50b6fe506683,"historic",1,2,"One Bee"
433aa69b-f3c2-4083-91d5-61a632df60d5,"historical",1,2,"One Bee"
442d4fda-e9fa-4ff4-b5a8-72e7557c31c1,"history",1,2,"One Bee"
51795d0b-a9d0-4240-bcf8-77e1f070aa1c,"histrionics",1,3,"Two Bee"
cce2fee6-274e-47b7-9694-9c2308ca6daa,"hit",null,1,"One Bee"
1991dc60-c84a-472a-a6fb-c44d51826e7b,"hitchcockian",1,3,"Two Bee"
636e6bf1-0a72-491c-8e3e-1509787bc900,"hitchcockianhoagies",1,5,"Three Bee"
04732bcb-48ef-4471-afdb-98ee94b0663a,"hitched",1,3,"Two Bee"
a68ed4f1-0617-408c-9af7-045334819eb8,"hitherto",1,4,"Three Bee"
56f7eaa7-7861-4d1a-8d4b-f465cfa537e2,"hitler",1,2,"One Bee"
64c707b9-8a5f-4e82-8226-4360ff07d154,"hoagies",1,2,"One Bee"
1f7b7994-bd9a-4a86-a277-2b39d9974223,"hoarse",1,2,"One Bee"
50a1cbc6-0081-4386-9e51-d69d9628a4b4,"hobbit",1,3,"Two Bee"
e8b14d81-24bc-4a04-9e1a-c4853da10991,"hobble",1,2,"One Bee"
1db91e01-7857-4713-8ddf-185ed97864e0,"hobbledehoy",1,4,"Three Bee"
859ad544-5cde-4af3-9008-f2d0f983bd46,"hocus-pocus",null,3,"Two Bee"
822e069d-0a96-4703-bdee-87294a46d5c8,"hodgepodge",1,2,"One Bee"
155fd89e-ccd4-4b5b-810c-84ea203bc93b,"hoi",null,4,"Three Bee"
e289aa9b-9590-4483-91e8-6f03993ac47c,"hoity-toity",null,3,"Two Bee"
62544e6a-9307-43c1-97a7-019d7fd1e9b5,"hokum",1,4,"Three Bee"
9af61b44-0f4c-4bfc-90fe-383dac3b4001,"hokus-pokus",null,3,"Two Bee"
a99fd66f-dc7f-4aed-8c18-857e7dd53ab5,"holder",1,2,"One Bee"
ad523e01-68b6-441b-abf5-4b6bf8e7876d,"holiday",1,2,"One Bee"
629939a1-a8bd-41d4-ab72-d32ea5bb30c8,"hollyhock",1,2,"One Bee"
ccc266aa-7847-4278-ba9f-5fc765305848,"holmium",1,3,"Two Bee"
bf1992ef-d1b2-4130-ac71-d640eb3ca260,"holobenthic",1,4,"Three Bee"
bedf8c44-0971-4b27-8350-48e6c2238d51,"holocaust",1,3,"Two Bee"
96ffb3ad-913f-4f57-a997-36957195cc56,"holocaustnoun",1,3,"Two Bee"
aa061d3a-5db3-4f7b-b193-a46079a677da,"hologram",1,3,"Two Bee"
19a2fc77-8d7c-4530-b537-e49692811fe7,"holotype",1,3,"Two Bee"
b773aefb-f0db-40b9-ab92-12d2ef3108e3,"holstein",1,3,"Two Bee"
ecb00385-4f24-421e-81a4-a50509f1d974,"homage",1,2,"One Bee"
e5113c98-2f79-450f-8b9c-c2bb73e7fe92,"home",1,4,"Three Bee"
926d22a5-c183-4290-b1a4-2fbd3715fab4,"homeopathic",1,4,"Three Bee"
adbc2280-4516-4066-b7fd-6b1c6502c449,"homeostasis",1,3,"Two Bee"
e18cec9c-d8f7-4785-be37-42a1964e6a30,"homesteader",1,2,"One Bee"
ceff0735-833e-4f3e-8348-57fa34b9704c,"homester",1,3,"Two Bee"
ba0c4686-a1c7-4ebf-b900-d3f8e4c150a8,"homework",1,2,"One Bee"
1a1c76ef-f880-48d2-8bdc-105cd8518fe6,"homicide",1,2,"One Bee"
b503ac11-4527-4534-b80b-f814dcdee4f6,"homiletics",1,3,"Two Bee"
dee40aed-a73d-46ca-8081-07fd2f8767dc,"hominem",1,4,"Three Bee"
79c7696a-4516-4884-acd7-381f823b496b,"hominin",1,4,"Three Bee"
13afbf08-7878-4b6f-a10b-e1c5bb90e92b,"homoscedasticity",1,5,"Three Bee"
e8cbe0cb-b36d-4e71-99ec-7019b38031a3,"honestholler",1,2,"One Bee"
6633f311-7f19-47aa-a639-e815aabb1a19,"honeybee",1,2,"One Bee"
1e0372e7-1c9c-4983-bc86-46839be8d74b,"honking",1,2,"One Bee"
ac6f0a35-7df5-4871-8741-0f1ca715ada6,"honolulu",1,3,"Two Bee"
d44b1067-8fb2-43d3-b55d-e0d0d17783bf,"honor",1,3,"Two Bee"
81f4a9df-87ce-4115-945a-36dea49ad4cf,"honorific",1,3,"Two Bee"
13254e1a-9cf6-4b30-addf-60c093b237e0,"honourific",1,3,"Two Bee"
b1e10d8c-fc9d-4d4a-91ab-b1744c019973,"hooey",1,4,"Three Bee"
0148634a-b205-426c-a00b-bbf2a3604883,"hooligan",1,2,"One Bee"
09b1d8e3-0380-42e0-b944-1df038afac5d,"hooves",1,2,"One Bee"
52f5f384-f9bc-49f1-afda-d0c6ce8691d3,"hopped",1,2,"One Bee"
2475ea2a-b038-4abf-aff2-01d6cfd17a29,"hopping",1,2,"One Bee"
8206bc7d-8f2b-46e9-b4b9-6e420838b2fa,"hopppped",1,2,"One Bee"
f1e2c0d5-0d8f-4c47-8726-d5748a0a5a99,"hopscotch",1,3,"Two Bee"
368d49d7-3a62-49e5-8e6b-a04909b93d8e,"hordeolum",1,4,"Three Bee"
add40a60-e14d-4072-932f-8e690e146cdf,"horizon",1,2,"One Bee"
e196971c-cf59-4106-9407-eb89bea8f1c5,"horizontal",1,4,"Three Bee"
943c711b-aefe-4ff2-bd0d-5f61a580ccc4,"horned",1,2,"One Bee"
81d87613-4276-4dc9-babd-767a29d59ecd,"horns",1,3,"Two Bee"
13036168-4d40-44b2-a369-9e996d63f608,"horologist",1,4,"Three Bee"
0c0ed92c-60ad-42cf-867c-864047c716b4,"horologistspeleothem",1,5,"Three Bee"
c817b521-a09a-49e1-a49b-b713d19d83c8,"horseradish",1,2,"One Bee"
394ba784-260e-436c-ad62-1637d30d147e,"hortatory",1,4,"Three Bee"
c851a327-3136-4e5a-9872-a05d7eaf8d40,"horticulture",1,5,"Three Bee"
2554a378-7168-48d0-aeaa-681ac13402fb,"hospitality",1,2,"One Bee"
efe04609-2aca-4732-8a22-85f27520172f,"hostile",1,2,"One Bee"
0279105f-a38e-437a-95e3-211563d3dbd1,"hostilehowler",1,2,"One Bee"
7ecfe8ac-7dd3-47ca-9ee5-f2f1c5ce36ae,"hot",null,1,"One Bee"
3fac4869-55aa-4c2a-ab70-673e685c47ed,"houppelande",1,4,"Three Bee"
5a1801f1-b94b-4f3b-94c5-5ec631b1c9b6,"households",1,2,"One Bee"
b103fb3c-e46a-4f62-90bd-4c6541c1ceaa,"houses",1,2,"One Bee"
e43b5cbb-ee64-4988-9286-792a6594822d,"hover",1,3,"Two Bee"
686ae0aa-9ad4-45a3-9aeb-317ec7948ed0,"howard",1,2,"One Bee"
306c8541-7c14-4b47-bcc0-026fdb700245,"howdy",1,3,"Two Bee"
db869baa-718b-4838-a691-fca72936479a,"however",1,2,"One Bee"
fa456956-2003-4fb3-90d3-6549084b4795,"howler",1,2,"One Bee"
57ffddfd-a521-4fc5-8063-667e5a435686,"hsaing",1,2,"One Bee"
812b27ab-bd48-4825-963c-0a918fc96b58,"hsia",1,4,"Three Bee"
67e25cef-f1ad-4200-b0a6-9b591a7719d1,"huallaga",1,4,"Three Bee"
d7e5ca82-1483-4eb5-8732-722affc6ae50,"huapango",1,4,"Three Bee"
43315f06-4ecc-4c49-9fdf-4a1675545f85,"hubbub",1,2,"One Bee"
c8d16f3c-b49f-4fa9-bb59-bc3a54bc47ae,"hubris",1,3,"Two Bee"
897be52c-dcdc-4a9b-9eea-92f77bb34f41,"huddling",1,2,"One Bee"
e4f9859e-e322-489d-b28b-a27390a62b6d,"huerta",1,4,"Three Bee"
d7ccffab-d814-4da1-af1f-af46808e4805,"hug",null,1,"One Bee"
a363301f-5994-4d39-a1cd-7cf8090ca54e,"huguenot",1,4,"Three Bee"
e17e3cbd-793e-4648-81d8-25973e01a4aa,"huipil",1,4,"Three Bee"
76ed2f44-bcaa-43d0-8be1-cfb752919e39,"hull",1,3,"Two Bee"
eb368c58-430e-4805-9014-aa6a65524e9d,"humane",1,2,"One Bee"
c3ef0463-82c7-4b0b-bdb7-cf298fd4c66b,"humboldt",1,4,"Three Bee"
e0fb724b-4ff1-415e-ba35-382292fb0176,"humbug",1,4,"Three Bee"
cdd08557-4ebd-4542-a4f1-e235301a68a9,"humdrum",1,2,"One Bee"
2fdb2b30-f337-4729-9121-87c41f8f0a7b,"humerus",1,3,"Two Bee"
fd544a15-5b76-4825-b25b-b6363d64c24a,"humidistat",1,3,"Two Bee"
497398b9-497f-4cd0-945d-1945afcf5af2,"hummingbird",1,3,"Two Bee"
841a8a43-ac79-4f78-b637-445f672c9975,"hummock",1,3,"Two Bee"
516590ef-650e-48df-9955-9e4c84ad01c3,"humor",1,3,"Two Bee"
91fb71aa-4483-4b94-b2b8-ffb62f160c7c,"humour",1,3,"Two Bee"
28886d28-d8af-40f6-9855-0d6fea7a3591,"hundred",1,2,"One Bee"
7d1fd999-d612-4259-a69d-7f20644d48fb,"hungary",1,3,"Two Bee"
492b8ff7-c89b-4acd-a7c5-15712c824f68,"hungrily",1,3,"Two Bee"
97de0064-89a9-4cab-a3db-c892832e3387,"hunky-dory",null,3,"Two Bee"
cb4ef3a8-40fc-4a1a-96ff-699246504e11,"hunting",1,2,"One Bee"
b59fa59f-2ff6-43bb-95e9-599c97afdef9,"hurdy-gurdy",null,4,"Three Bee"
7ff0a6ad-f03d-4d33-8841-652249666209,"hurricane",1,3,"Two Bee"
b06408ce-e6a3-4249-ba4a-62477954a1aa,"hurriedly",1,2,"One Bee"
1fe1f07a-e693-4d5a-9965-1e370f4b15d7,"hurtle",1,4,"Three Bee"
d6e66f2f-e9be-4f9a-9151-08ea3395b90b,"hutia",1,4,"Three Bee"
8b24525a-b4d2-462c-b1e4-c956c201e051,"hyacinth",1,3,"Two Bee"
f62ea6c7-88c4-4d94-a6de-e3fdc66482ab,"hybrid",1,3,"Two Bee"
29511e3d-50b5-4c63-9d50-87c1e8340ffe,"hydrangea",1,3,"Two Bee"
b0a0259b-80f9-41e2-be74-251218232e59,"hydrant",1,2,"One Bee"
70c84f80-47db-472a-9cdc-b8405227be62,"hydrargyrum",1,4,"Three Bee"
6950bcef-c525-434f-89a8-206f0700b795,"hydraulics",1,4,"Three Bee"
1b1e20c5-1a80-461a-a197-d3ee33064bd8,"hydriotaphia",1,5,"Three Bee"
88171ce4-be09-4ad5-a365-61077979c6a0,"hydrocortisone",1,3,"Two Bee"
586b8b4a-06bd-45ad-aec1-3aed2dcaae75,"hydrophobia",1,3,"Two Bee"
25fc0b46-354d-4a5b-91a3-05c57d13f3a2,"hydroponic",1,3,"Two Bee"
fd332bbb-c91e-4055-b711-048ff3603831,"hymnal",1,4,"Three Bee"
7b6776d4-d67c-40c7-8287-5c54ce8d8b67,"hypaethral",1,4,"Three Bee"
99d0c539-4ddc-4d16-9037-56da87fab10d,"hypallage",1,4,"Three Bee"
efff09d0-246d-4a93-8ebb-df1d7dd8150b,"hyperion",1,4,"Three Bee"
675279b0-3a75-4f9f-89fe-ebb3292fd1e7,"hypertrophy",1,5,"Three Bee"
46a085e7-760f-49f4-90d3-ccebf630600e,"hypnotic",1,2,"One Bee"
05515e9c-3977-4507-a483-943eba9603be,"hypoallergenic",1,2,"One Bee"
df821393-1810-44b7-aa97-2bb68f834d42,"hypocaust",1,4,"Three Bee"
9bf1098c-0639-4b49-90d1-dea23f7b2546,"hypochondria",1,3,"Two Bee"
9e03e03e-da03-43d9-9964-10ef466ee23b,"hypogeous",1,3,"Two Bee"
c82fb3ed-484d-4b35-878c-5537e3e2b44e,"hypotenuse",1,3,"Two Bee"
9242cfa1-a0fd-4075-83f2-d856d2619b27,"hyrax",1,3,"Two Bee"
dd9939dd-e7b8-48e4-b86f-8d9ec21cd35d,"hyssop",1,4,"Three Bee"
aed78737-2fc1-43d4-b3a8-db5b7445d3e1,"hysteresis",1,4,"Three Bee"
7ead6aa2-a9e8-42ac-89cb-3b308524d741,"hysteron",1,4,"Three Bee"
1b358320-cd6c-4932-93bb-f27ea8730a08,"iambic",1,3,"Two Bee"
9ecfee07-9837-4ba6-b2f4-d2b330292a67,"iatrogenic",1,4,"Three Bee"
caef17af-e8d1-4f9e-bb2e-24b6cd45989e,"iberian",1,3,"Two Bee"
52c28cba-f1bf-4aa8-9704-ccbfb5405e4f,"ibex",1,3,"Two Bee"
22bf26e5-cdc4-426e-87f8-74b80fa18828,"ibidem",1,4,"Three Bee"
f5a10d0c-0067-448b-8b2f-0932beda5ddf,"ibuprofen",1,3,"Two Bee"
be54e9bf-e7c8-45ce-ba69-e433350ab9ea,"icarian",1,3,"Two Bee"
56bc661e-fd3a-4b65-b6aa-2b3de6ef0fec,"ice",null,3,"Two Bee"
9214c970-99cb-4c55-9764-3e6df7a98a31,"iceberg",1,2,"One Bee"
35f57739-a134-42ef-8529-8bd9c8968266,"icelandic",1,2,"One Bee"
a0700e6c-096e-4e9e-a1ed-8e5143f54167,"iceni",1,4,"Three Bee"
9ccd1a26-4147-4527-9dc1-a4931ade999d,"ichthyology",1,4,"Three Bee"
827ed247-0fc5-4a7d-95a8-3cc57cc0016d,"icosahedron",1,4,"Three Bee"
10655bd1-e22f-428e-a2a7-be5a9787dc23,"identifiable",1,2,"One Bee"
3234a6eb-5d78-4ef8-bfd3-014d391318ad,"idiolect",1,3,"Two Bee"
5145c4d4-ed2c-4f66-9667-9a999b138da1,"idiosyncratic",1,3,"Two Bee"
36094ea2-9de9-4caa-9252-b322d372dcc7,"idyllic",1,3,"Two Bee"
14429572-3e03-4b5d-bfcf-45745cd1187e,"igneous",1,4,"Three Bee"
c63ce45c-ff20-4880-99af-990984d657f4,"ignite",1,2,"One Bee"
c7d6c6b5-a0ff-45a5-9b13-93d842c7b6e5,"ignoble",1,4,"Three Bee"
c4e4f74b-77f0-4383-bdd5-af23f0dc2e7a,"ignominious",1,3,"Two Bee"
a19744ef-2c1c-45aa-97b5-cf9c9ae65238,"ignore",1,3,"Two Bee"
b0eb3384-870f-4f9a-94da-dfff179bc7ff,"ikat",1,4,"Three Bee"
3d7e55a4-d8e9-4f29-9cdd-df3a08240f9d,"ikebana",1,4,"Three Bee"
589cc9ec-893d-4e3e-8572-09687c6eae8b,"illative",1,3,"Two Bee"
bf21f39c-b102-43b7-951c-90504e1d5ee4,"illicitly",1,3,"Two Bee"
1b926356-9719-416e-8b1f-4a35f588fc65,"illinois",1,4,"Three Bee"
69839da1-2c0d-4229-834b-a5713f6cae5c,"illuminates",1,2,"One Bee"
79d7cbf7-f911-434b-bd71-6fc4e94d150b,"illusionist",1,2,"One Bee"
7d423cc1-9ae0-42f9-9c5d-6450adbfda4b,"illustrator",1,2,"One Bee"
147cd9c0-cafd-4b75-8728-90bc1005b35b,"illustrious",1,3,"Two Bee"
9845770a-5cd1-4d9f-9a1b-2a41c02d9748,"imagery",1,2,"One Bee"
322d1727-6845-431d-8b2b-356cfdfde5ac,"imagined",1,2,"One Bee"
9933c9ff-f4fa-46e1-8906-dab947b6a7e2,"imaret",1,4,"Three Bee"
10af78f8-e860-47df-aa03-d42a82f1c31c,"imbibe",1,2,"One Bee"
105582ea-9c09-4a35-ac1e-57d19af61c43,"imbroglio",1,4,"Three Bee"
f675002a-47c0-485c-9152-5b4a6b33e858,"imitate",1,2,"One Bee"
8eb7243a-df2d-4fa3-9347-aab705f6a5c1,"imitative",1,2,"One Bee"
d98ebb0e-7729-4369-afd0-b4594eeff1e2,"immediate",1,2,"One Bee"
7eca44e2-23b4-49b3-8bd4-4187ce03dc33,"immie",1,4,"Three Bee"
a02172fe-eeef-4b4e-8f73-145d5b82a950,"imminent",1,3,"Two Bee"
62e63e64-7a34-4cd6-a2dd-477799db0804,"immiscible",1,4,"Three Bee"
bd601c8a-63c2-4892-9a99-f496b3d7e497,"immiscibletoroidal",1,5,"Three Bee"
c5f22187-4477-4fec-bb74-3c5e9df2ebeb,"immobilize",1,2,"One Bee"
b60cae55-9900-4975-9b37-3945c1c8e0b4,"immoderate",1,4,"Three Bee"
cd17e1f2-4a4e-4a2b-bc34-532e17f5f4ea,"immolate",1,3,"Two Bee"
db41a092-b319-4e8d-9d58-8ea6e042c95d,"immortality",1,3,"Two Bee"
721bf8ad-ff28-4a18-a471-3c908e7187f5,"immunization",1,5,"Three Bee"
edc03920-5bed-4fba-b97e-c87ed4cc1303,"immure",1,4,"Three Bee"
4706b316-1f88-488e-86fe-132ee9f7155b,"impasse",1,3,"Two Bee"
4e8fa430-cdb2-4a00-9885-65ceb5e654e3,"impasto",1,3,"Two Bee"
8b301740-0cff-4b5c-b454-d349f92ba9ba,"impastoantagonistic",1,3,"Two Bee"
0f7ba90e-e1d9-4acc-8b06-5cc92f09b20f,"impeachable",1,3,"Two Bee"
222e8a5a-864a-492a-a447-ec9ebd13aa8a,"impeccable",1,4,"Three Bee"
38ddcd19-9f41-4519-8bca-b19b67e20319,"impecunious",1,3,"Two Bee"
118224c1-39df-4261-b779-2bdbad5d13de,"impediment",1,3,"Two Bee"
6744e29a-1e11-485f-b593-b59151fab0ed,"impel",1,3,"Two Bee"
943bc85d-e1cc-40ab-8426-eb2d0613be20,"impenetrable",1,5,"Three Bee"
f76d5f1e-024a-4a74-a3dc-c296064c9014,"imperator",1,4,"Three Bee"
189781af-83a1-4a62-9d1a-25cdc6c4489f,"imperious",1,3,"Two Bee"
9b20a4ae-5f08-4a27-82b4-fb26f9d5321e,"impermeable",1,3,"Two Bee"
10c5b21d-05bc-4f81-b29e-e5f8426469b7,"impertinent",1,4,"Three Bee"
5ad1cdd9-5873-488a-af77-52753e9fc575,"impetus",1,3,"Two Bee"
5d39c8fd-b17d-4122-9678-1ee0cb1eea90,"implacable",1,3,"Two Bee"
02aa3f12-c27a-4191-801f-cf0251bfc30d,"implicative",1,3,"Two Bee"
dcc48f8f-6386-4ed8-a372-c68d1c0e38e5,"implicativesostenuto",1,3,"Two Bee"
53b9a1fe-eb32-449b-b7aa-b8a0eef86af0,"implore",1,3,"Two Bee"
72f1dcab-3b8f-4004-b5e8-04b05469ccf6,"impolite",1,2,"One Bee"
493792ef-6571-4554-b7e9-6841d7012b40,"imponderabilia",1,3,"Two Bee"
2b8e74a0-02d8-4d57-8e26-8ee1700d3b25,"important",1,3,"Two Bee"
c057a53e-a7d9-4bc8-b0de-27b6dba17c81,"importunate",1,3,"Two Bee"
7341614f-c4d6-4fe2-90a6-0aeaa9b06b64,"imposing",1,2,"One Bee"
d67af1f2-b78a-4b6d-a23a-e64811358e02,"imposter",1,2,"One Bee"
77efc947-56fd-42da-af8a-49ce1c9ad4e2,"impostor",1,2,"One Bee"
581c0813-0364-406c-98ab-0b91421f3c21,"impoverish",1,3,"Two Bee"
956cfc80-9aa7-4290-9177-fc1cd46f44c1,"imprecatory",1,3,"Two Bee"
af43a3bf-f59f-47c2-9173-b52390f0724a,"impresario",1,3,"Two Bee"
dd1c0c84-515b-48cf-83ba-686083299e5d,"impromptu",1,3,"Two Bee"
fe8a550b-dd68-47d8-a104-346f9052f51f,"impromptuincinerate",1,3,"Two Bee"
9fb54ae1-1ccb-4b18-b00f-19b339a0f821,"improve",1,3,"Two Bee"
f7c68c32-32bc-4169-b778-8d515db0eac4,"impudence",1,4,"Three Bee"
608cbf86-ca99-4994-abcf-289f4eee2866,"impugn",1,4,"Three Bee"
c69a2a2a-fc20-45ed-b7a8-e47e35d197c5,"inaudible",1,4,"Three Bee"
19dc55d0-7f60-4081-9df5-85f2aba08e95,"incandescent",1,5,"Three Bee"
878366c5-dd5c-4ac6-a99f-c224cca465ae,"incantations",1,3,"Two Bee"
978cbd56-a799-4180-afe7-f36f2cfb6c71,"incarnadine",1,4,"Three Bee"
99237cdf-cc12-4a12-97fd-22a0aa1bba66,"incarnadineor",1,5,"Three Bee"
d0473666-ccee-4293-ba0c-43be9070376b,"incarnated",null,4,"Three Bee"
72e3e01b-d1f6-4b25-8e9e-34cdaa0f80cd,"incendiary",1,2,"One Bee"
81000e62-fc58-424f-b766-a6bc68ac236f,"incense",1,4,"Three Bee"
a6b92a3d-b472-4099-ae5a-091ba4421be3,"incentive",1,2,"One Bee"
dced7808-2202-4718-bad3-1a1a0cb0aa88,"incessant",1,3,"Two Bee"
d5a77a95-d0ed-44f3-8cc2-b4005b9deb13,"inched",1,2,"One Bee"
cc2dcb09-3b63-4667-9458-558708b6c503,"inchoate",1,4,"Three Bee"
484c89de-9b74-4a44-a3f0-1a77fa5e4a9e,"incident",1,3,"Two Bee"
8875b11d-beff-4920-a02c-74b5a199cc55,"incinerate",1,3,"Two Bee"
bd7b0e6e-1c0b-49bf-bb18-ec9321c66f5a,"incisiform",1,3,"Two Bee"
94648025-9094-483b-8656-1aa8ae7885a9,"incited",1,4,"Three Bee"
31983e57-5466-414d-a100-81be0f7f9f86,"incitive",1,3,"Two Bee"
d7f1a0f1-e674-47d4-a6de-dcf27110cf11,"inclement",1,3,"Two Bee"
64f723c7-5bec-4174-ac2c-5e2ea884bde1,"inclined",1,3,"Two Bee"
6f023136-fc77-4316-968d-a0e6190aeb03,"include",1,2,"One Bee"
3edb7f5f-b54a-47a1-9d63-bf5cd52909bc,"included",1,2,"One Bee"
075d5537-4aab-43fb-a7fb-fc192fa7188f,"includes",1,2,"One Bee"
8556a9ec-1ddc-4689-8f1e-d9dd3f7b27be,"including",1,2,"One Bee"
6ba358bb-50ef-4874-8b17-41da9b5473e7,"inclusion",1,2,"One Bee"
728c69eb-7b3a-49c7-91d4-f88ae0043764,"incoherent",1,3,"Two Bee"
a3a8ddba-0204-4e44-bcf5-9d6c2f6bf569,"income",1,2,"One Bee"
f26a32e6-8808-4bcc-8b26-d3319e96d87b,"incompetent",1,3,"Two Bee"
16d19579-4410-4f2d-87e8-1a3e9e187540,"incomprehensible",1,5,"Three Bee"
b8ee6779-7918-488a-be64-215c80782cac,"incontrovertible",1,5,"Three Bee"
4ecc867a-e51d-4e29-903d-904cb5781d17,"incorporeal",1,4,"Three Bee"
05cab3f7-da02-4763-b641-5f1f1a309fad,"incorrigibles",1,5,"Three Bee"
37e36f68-2f82-47ad-8ac3-77a895b3623d,"increase",1,2,"One Bee"
7166ae77-51b2-4983-a739-cd14ea307ee5,"increasing",1,2,"One Bee"
89ac3ff9-2e45-4bf6-961b-2c438940ef49,"increments",1,4,"Three Bee"
920fc3a4-8707-4274-9521-eb8b29e6b5e0,"incubate",1,3,"Two Bee"
579a63c5-5ce5-4c24-8748-5c6608a07e4d,"incubator",1,3,"Two Bee"
b4d1e484-456d-4b05-81c3-45da2a65a238,"inculcate",1,3,"Two Bee"
5a0b57b9-4cd5-4982-8302-41b5317abc81,"incunabula",1,4,"Three Bee"
1ae71d81-9778-40df-88d8-cc768ccf7877,"incunabulacordillera",1,5,"Three Bee"
8c7b628d-8c0d-48dc-87a2-f4d9185cf6d4,"indecipherable",1,3,"Two Bee"
5244e280-3ad0-4656-b884-d9dd543ffa93,"indeed",1,3,"Two Bee"
1796baa3-5dd4-41d0-adec-c743be226647,"indefatigable",1,3,"Two Bee"
c915446d-11d8-4c7b-8146-00d5911519ab,"indemnity",1,3,"Two Bee"
d37fe393-5fc0-4244-b1c3-71c06daabdbc,"indent",1,3,"Two Bee"
849d6546-f3a6-47a4-b96d-5fa1f93149a2,"independent",1,2,"One Bee"
700a0cd8-622f-498b-8914-8871f9bef0c1,"indicate",1,2,"One Bee"
76e30397-ff20-43e6-9186-d22a3a166347,"indicates",1,2,"One Bee"
2d45ebc0-4496-455a-9200-a3845fbe8dcf,"indicia",1,3,"Two Bee"
161bf08f-b70d-4179-8647-c790c4806a7a,"indict",1,3,"Two Bee"
20f30a02-7d28-4732-a75b-bcd85de66e1f,"indie",1,3,"Two Bee"
94c2a60f-7a31-4bf4-93a5-9b2be4777cb8,"indigent",1,3,"Two Bee"
96350f9a-9fc4-4089-82cf-43416fb80ea5,"indignant",1,4,"Three Bee"
9901c8b3-ce3b-455e-a738-94ada8d8a6da,"indigo",1,2,"One Bee"
8621940d-13e3-4727-8be9-44507fe09592,"indistinguishable",1,3,"Two Bee"
433f4d5a-4b3f-4968-93f7-45cd9eaf620a,"individual",1,2,"One Bee"
cfcdd257-8a88-4d47-b821-529c987b8956,"indolent",1,3,"Two Bee"
09bbc89f-1b54-43fb-95e6-2caef1a1b17a,"indolentdocumentary",1,3,"Two Bee"
805d8809-ab08-4da7-8b69-2113d1a4278f,"indubitable",1,3,"Two Bee"
fb2f870e-9116-4571-8855-9e50a84d90e0,"inducement",1,3,"Two Bee"
3ed62965-a56f-4b0e-92ba-d733827f9441,"inducementdid",1,3,"Two Bee"
6020be5d-0d2b-46b1-8e6a-0df392d89fac,"indulgent",1,3,"Two Bee"
c09ba51d-5df3-40c6-b02e-cd41d57fc8df,"industrial",1,3,"Two Bee"
9dbb1548-8203-49b2-a29b-044cb5a140be,"industry",1,2,"One Bee"
70539b85-05c3-455c-ba4a-46532de59196,"ineffable",1,3,"Two Bee"
33aba68a-5f29-4836-b015-5b0750db947e,"ineffective",1,4,"Three Bee"
d7e2d2a8-9096-430d-8ebc-df3f77aefd8f,"ineluctable",1,3,"Two Bee"
a90b29d0-bb82-4f2d-8814-79b5d83808e2,"ineptitude",1,3,"Two Bee"
9f0016ea-02c6-4974-bfa3-c5e0ce9640d9,"inerrancy",1,3,"Two Bee"
a91a1b96-708b-4ffa-a975-97a01d9d91ce,"inevitable",1,4,"Three Bee"
7ec9766a-e018-4fce-bd54-55890e6f2e16,"inexorably",1,4,"Three Bee"
45aa0ad7-a65c-4a1e-9388-8183b4697890,"infant",1,2,"One Bee"
2514999d-2b06-44bf-8c45-e7aac914701e,"infarction",1,3,"Two Bee"
d74fb651-8c00-40c3-86aa-4fd2dcb12913,"infatuation",1,3,"Two Bee"
af27abcc-801a-4be6-8f35-5a36dd4b3d0c,"infectious",1,4,"Three Bee"
aaea1897-436e-4c77-8ca3-fce094cc5131,"inferno",1,4,"Three Bee"
443b17ad-678a-4bba-97ac-6c9d4a25767d,"infiltrate",1,2,"One Bee"
35cdf6f5-d33b-4888-b0b2-5d151d025db3,"infinite",1,3,"Two Bee"
b0def5f6-2eb6-40c3-a266-b003c828fdf0,"infirm",1,2,"One Bee"
c45481fd-b9e2-4538-a61e-a7b1a3e0e19f,"inflammable",1,2,"One Bee"
fd217300-221d-4e8a-abc9-fa6c4dc9eff6,"inflate",1,2,"One Bee"
318502df-60e5-4913-994d-363b81f56528,"influential",1,2,"One Bee"
80a0f85e-9f06-45b2-b194-af80cac6dca7,"information",1,3,"Two Bee"
34a38a60-1a93-490b-ad11-f5ff3f5ba79e,"informed",1,2,"One Bee"
0ca7d9f0-d99b-43a7-b654-1f84db2185bb,"infrared",1,4,"Three Bee"
14aa095e-63b1-4106-b6db-8cc3d0558d03,"infrastructure",1,5,"Three Bee"
ef904d53-8d41-4b77-9582-14b16adbc0c2,"infringe",1,2,"One Bee"
2bcc470d-d291-4b0c-9caa-25fc5f50f59b,"ingenuous",1,3,"Two Bee"
c97ccd3d-3b2b-4bc5-b700-994ad1fb88ce,"inglenook",1,4,"Three Bee"
414a8db1-c7e6-425f-b645-91232855a71d,"inglenookefflux",1,5,"Three Bee"
a616a7ed-d7d5-45b1-a006-e1c839cc598e,"inglorious",1,2,"One Bee"
8d8f3abd-198e-4034-a9a8-8ed39093d780,"ingot",1,4,"Three Bee"
8ed4a998-8e5c-432b-9c0c-873bce218f5d,"ingratiate",1,3,"Two Bee"
f2c8711a-2e72-4ffc-81a2-472b4ceccc07,"ingredient",1,2,"One Bee"
6add5e37-551e-4355-9c30-6e0c451e2ef5,"ingredients",1,4,"Three Bee"
0729b717-33d2-462e-951b-8bc153fe9e9a,"inheritance",1,4,"Three Bee"
c4dfd4e7-6374-42c5-8cb0-3c26c8951ff5,"inimical",1,3,"Two Bee"
cb3ea9c0-df3f-4f1a-869a-2c7439c1f589,"inimitable",1,4,"Three Bee"
3a7ea088-9708-441f-afa3-1579f53f7c6d,"injunction",1,2,"One Bee"
422cba5e-6830-425b-a94f-bbc35e696c9b,"injurious",1,3,"Two Bee"
179d43ec-a413-4ca3-a488-d07d360cbb0d,"inkling",1,3,"Two Bee"
da6551fb-a516-48ed-bf53-7c9891cbed50,"inlaid",1,3,"Two Bee"
6165fb66-9ec6-433b-b951-497a9d543710,"inlet",1,3,"Two Bee"
10a6c50d-0598-419d-82d0-d41cf0841f46,"innards",1,4,"Three Bee"
f57133f4-3eb4-4cc3-b7c5-8f9ea44f0716,"innermost",1,2,"One Bee"
0c53d59b-103f-4d4b-89a0-3f895f3c4c16,"innings",1,3,"Two Bee"
b32f1f08-02f6-4987-9b64-5cd8a7aa41c8,"innocent",1,3,"Two Bee"
3644baa0-38d5-4935-8453-8bbac4993203,"innovator",1,3,"Two Bee"
93a616db-f638-4b4e-85db-849c2aa2e953,"inoculate",1,3,"Two Bee"
57ee5343-89e1-46ca-9c58-08f547d565b9,"inquietude",1,3,"Two Bee"
98af79b2-f8b6-4bfe-8b5a-1aa27183d5d9,"inquisitor",1,3,"Two Bee"
b28abcae-44e8-4318-bb2e-b30f2c35e513,"inscription",1,3,"Two Bee"
31f28903-74be-4c55-8390-921f0ee03b2e,"inscrutable",1,3,"Two Bee"
9203eab6-f579-49e5-95b5-375b48bd3c12,"insect",1,2,"One Bee"
7ed1f0f0-1d3f-4fc9-b5a0-a78870434f1e,"inside",1,2,"One Bee"
00edf295-56c0-4b05-b44c-36b6be6f513f,"insight",1,2,"One Bee"
0f4680d8-bab0-4355-a0d1-9603e415dfa3,"insights",1,2,"One Bee"
1e6ae6b4-5f2e-4d46-ab2b-aec3c6e6dfb5,"insignia",1,3,"Two Bee"
f9627c30-d414-4f9d-9f24-739e1485ef42,"insolent",1,4,"Three Bee"
46e06fab-4103-40ba-83ee-91f7ca71fadb,"insomnia",1,2,"One Bee"
7ec2489b-e3c9-440a-9ae8-a2d4b9a129af,"insouciance",1,4,"Three Bee"
b23b3dd2-e044-4551-92d4-76a7b519f60f,"inspector",1,3,"Two Bee"
1aa1df6e-0482-47fa-974a-e898416f8d6c,"inspired",1,2,"One Bee"
89f876a0-7239-4fd2-a074-0f0ec2ea4d82,"inspiring",1,2,"One Bee"
a631e960-7909-4a8f-99d0-974090099e89,"instagram",1,2,"One Bee"
2aed41b2-c04e-46d6-8bb0-02bc3f9f1fcc,"installation",1,2,"One Bee"
aad1c21a-fe12-4483-a318-bff9ec60eff2,"instantaneous",1,2,"One Bee"
f8047387-1c95-4f94-9c9a-f99bcba8c31d,"instantly",1,2,"One Bee"
b78f84b8-d2e7-46e8-b19f-8a8e45327b4a,"instead",1,3,"Two Bee"
0575acc5-dfe2-4194-9cd1-833b0304f7eb,"instigate",1,3,"Two Bee"
62966b63-5fca-4207-b0a3-960ed69f56d4,"instinctive",1,4,"Three Bee"
a4945f8b-68e6-4529-919d-896f28bb3f5c,"instrument",1,2,"One Bee"
856c7d9d-a0be-4079-b7ca-442f90688e30,"insubstantial",1,3,"Two Bee"
34953791-497b-4c9d-a770-e1121521b32e,"insufferable",1,5,"Three Bee"
97cd1cac-babe-48b5-8b3f-2f2e6f4c3801,"insufflator",1,3,"Two Bee"
00e89beb-9396-43c2-ae18-5152e3108ee5,"insulation",1,3,"Two Bee"
9c4f9943-4bde-4d6e-88a9-3e43f87af4db,"insulin",1,3,"Two Bee"
26128331-d480-4161-bf28-d9ef5b053411,"insult",1,3,"Two Bee"
d79d13d1-2422-40a8-88ec-10d769564f0d,"insurance",1,4,"Three Bee"
5602434d-95e4-4971-ad38-cc3ba498c9b7,"integrity",1,2,"One Bee"
55919ab1-0f7a-489c-901c-8d042960ddf0,"integument",1,4,"Three Bee"
8dc13e08-c070-4a25-a2f6-148771baf0e8,"intellectual",1,2,"One Bee"
edbbfeae-3272-40f6-83d9-0f597807265f,"intensify",1,2,"One Bee"
e0f30681-a0c5-49cc-8593-aa2bd29f4d00,"intentionally",1,5,"Three Bee"
98aee139-6919-4c63-a1e7-774a8a57aa48,"interact",1,3,"Two Bee"
07ae84df-937e-40ba-b1c6-549b57c4d9fb,"intercede",1,4,"Three Bee"
7b467234-8b11-4c64-b903-89789f76e89f,"interesting",1,3,"Two Bee"
d44b2d58-8a2e-4197-9dd4-2609d9a9da69,"interferon",1,4,"Three Bee"
72279615-5af7-4879-886e-636d610ca987,"interim",1,3,"Two Bee"
2ceeb991-f86d-40fa-b92a-5e30df3ca748,"interjected",1,3,"Two Bee"
08e98591-b890-4450-aded-8c57d043a0e9,"interjection",1,2,"One Bee"
e58fcfdd-a7f5-4c23-837d-e7dd87882860,"interlocutor",1,3,"Two Bee"
b7648629-8120-46ee-bb6f-8f0805b719b9,"interloper",1,2,"One Bee"
e46e3889-4775-4c07-8b0e-47d94966b93b,"intermezzo",1,3,"Two Bee"
22d81b81-83be-4a07-9039-31903382b8bb,"international",1,2,"One Bee"
465d3b1e-841f-4c98-ab10-8b99488c51ad,"internecine",1,4,"Three Bee"
1aea9a99-85f5-4cf4-a21a-343842103f88,"internet",1,3,"Two Bee"
30961658-02dd-46dd-99d9-ba39c96769ba,"interpellate",1,5,"Three Bee"
b6b91d20-026a-4984-b3da-e25eef5e20d8,"interred",1,3,"Two Bee"
fdb755dd-3ec5-4e9b-98e7-6e76892487cc,"interregnum",1,4,"Three Bee"
d1bc8885-858f-46df-b0fd-847188a4d653,"interrogative",1,3,"Two Bee"
76911999-8ce1-43dd-817d-9843c6168534,"intersecting",1,2,"One Bee"
bea44ccc-1032-47b4-b948-c62f9e31450a,"intersection",1,2,"One Bee"
0e23245b-34a3-4534-9494-406ce43db29c,"intersperse",1,3,"Two Bee"
4afcfc5b-b17c-47a7-8d1b-3926f3b7f1d5,"interstellar",1,5,"Three Bee"
076f9a3b-6805-4d9a-a32a-b0dc48e2b506,"intertidal",1,2,"One Bee"
f542b422-e656-4b64-8cab-e842e62005c9,"intertribal",1,3,"Two Bee"
b8dbe73c-4737-4209-952e-3d69ca9a771e,"intertwine",1,3,"Two Bee"
561bf6ef-092a-4991-9148-10070f7be477,"intestine",1,4,"Three Bee"
d9b80c0b-7fe8-424a-b60b-4b45fad7d4c4,"intestines",1,4,"Three Bee"
3b446206-945c-4f6e-bf22-82fe5e1a97a5,"intimidate",1,3,"Two Bee"
411d5859-65c8-4926-a495-d8acdd8a159a,"intolerance",1,4,"Three Bee"
b778c90c-fef5-4c78-9258-9da9c67f2b20,"intonaco",1,4,"Three Bee"
a382d98e-3dd1-4bbb-8d06-ceb7c216f07b,"intoxicating",1,5,"Three Bee"
b09d86ef-7dc9-49a8-afec-5951281daac0,"intransigeant",1,3,"Two Bee"
5401dded-bf0d-4f8c-b98a-b5b303206dcf,"intransigent",1,3,"Two Bee"
3454a587-a76a-4419-9b2e-e3387b43d9c6,"intricate",1,2,"One Bee"
5745b18d-ad28-4433-96e3-28c5dfa50db5,"intriguing",1,4,"Three Bee"
e8730d49-18f5-4054-b40d-b78df9c76366,"introduced",1,2,"One Bee"
2f43757f-c5b5-4d7a-be1d-229cd9a7c3da,"introverted",1,2,"One Bee"
46a59be0-9f66-43aa-87f3-40c24e57bd21,"intubated",1,4,"Three Bee"
1fa2c1d8-ebde-48fc-9f6d-b69f6858bb25,"intuitable",1,3,"Two Bee"
9f6f7b8a-d2ba-4509-9ec4-10e0f8697451,"inu",null,4,"Three Bee"
0f695e6d-541c-4eac-8128-83c872306051,"inugsuk",1,4,"Three Bee"
db4317fa-34c8-4dc5-898f-aca1b229c5f2,"inuk",1,4,"Three Bee"
129237b3-4e23-4661-91b9-411e8b0747c7,"inundate",1,3,"Two Bee"
6002f111-aa42-4239-821c-9816a5d1c603,"invasions",1,3,"Two Bee"
a33a8320-71ac-4428-b6ff-f2e53a151a19,"invasive",1,2,"One Bee"
7fd24b4d-b3e4-4248-8408-79ae3334d8d0,"invective",1,3,"Two Bee"
83de3d59-0c38-419d-a36a-1bd38a054889,"inveighed",1,5,"Three Bee"
ebfc2774-288f-4400-a0cf-e8944e537927,"invented",1,2,"One Bee"
b2e10c8b-4efe-4ddf-a12d-9c3499e5074c,"invention",1,2,"One Bee"
47b479e1-f7f6-4b2c-8a4d-246c0e192085,"inventor",1,2,"One Bee"
42152abe-1e9d-4a90-b69c-0bb29b6ff60c,"inventory",1,3,"Two Bee"
62d5c75b-2fe8-4b03-b0e0-3324baeb1bc5,"invertebrate",1,3,"Two Bee"
9cd0d5b5-451c-4e16-8009-1193ae69d3f3,"investigates",1,2,"One Bee"
c3553098-bd94-4aae-aeaf-a4490b17ed71,"investigation",1,3,"Two Bee"
4a590210-770d-451f-bb3e-bae1e321d3b2,"investigative",1,2,"One Bee"
98dfe421-d779-4872-a865-46174c630e31,"inveterate",1,3,"Two Bee"
a36878e5-d6eb-463b-bba4-7048fa7ffc2a,"invigorating",1,3,"Two Bee"
7ab8b41a-e442-43f5-bafa-67226c02d1be,"inviolable",1,3,"Two Bee"
bafad254-881d-49f5-89fa-a5d7d45fb3d4,"invisible",1,3,"Two Bee"
d8f5a2e5-c16e-40d9-bf54-4bf41c9a8b87,"invited",1,2,"One Bee"
c3740f3e-5aa1-400d-bf23-cc26882a3d4a,"invoke",1,2,"One Bee"
24c8dd8f-b84e-44ff-95f1-faecbba0e2b7,"inwardly",1,3,"Two Bee"
bfc261e8-1e50-40f2-9bbc-c2a664a31ab3,"ipso",1,3,"Two Bee"
70725f1a-ad44-4bbc-a0a3-42ad26a061cd,"irascible",1,3,"Two Bee"
5b53dfb8-52d9-42ee-96c8-f1381a509572,"ireland",1,2,"One Bee"
95f83e73-65c6-4d5e-b8b5-f631185160c4,"iridescent",1,3,"Two Bee"
ca419331-9ef1-4a71-8024-72acee42db0d,"iroquois",1,3,"Two Bee"
08147cf0-cb5d-44a8-8a02-79bb242fecd2,"irregular",1,3,"Two Bee"
594f259f-a667-4186-bf0d-a7525b1ef351,"irreverent",1,4,"Three Bee"
4f82d2cb-3fcb-47ce-a216-cf5de95bade1,"irreversible",1,5,"Three Bee"
c2c58120-7be1-4b3b-91e2-38e54291c385,"irrevocable",1,3,"Two Bee"
431221f1-d5ba-4674-b6a0-cb9174e2a1af,"irrigation",1,2,"One Bee"
056d0e30-63c6-4841-8b0f-d6245b606d92,"irritability",1,2,"One Bee"
c5fee249-f463-4007-82f7-3a0eac9f7f38,"isagoge",1,4,"Three Bee"
2c7c6ced-37e5-46e8-b817-3b8ba8e739a8,"ishihara",1,4,"Three Bee"
3c2e1bd4-7f47-4025-9d65-bcd3272cfe56,"islamic",1,2,"One Bee"
ac4330a1-f277-48d2-a409-cfcba780f4ef,"island",1,2,"One Bee"
031b4cb1-aebb-4575-a97a-86a6c31f3fe8,"islands",1,2,"One Bee"
7914d0f7-6db6-4429-b654-53f615de4e3b,"isle",1,3,"Two Bee"
40681f18-237b-453d-94ce-5376d1bf34e8,"isolation",1,2,"One Bee"
4ce4ba3f-a3b0-489d-b5f3-cbb4891b9b0a,"isosceles",1,4,"Three Bee"
b58d1396-1abc-436b-9008-ab52120021e5,"isotopic",1,3,"Two Bee"
457b5a15-5cea-47ce-b5fc-a5d0052ce75b,"italian",1,2,"One Bee"
e851bad5-b0cf-4d69-a66a-8d997a475a26,"italians",1,2,"One Bee"
4eb0b44d-e077-465d-b5d8-d4787707cc76,"italicization",1,3,"Two Bee"
9b0f2dc1-b5a7-4571-8d09-e5f8b91f4fc0,"iteration",1,2,"One Bee"
18c619c4-048f-44c3-a564-61ec50a2562d,"itself",1,2,"One Bee"
27349b94-8dd2-43c9-81d9-5a12835f7dca,"ivermectin",1,4,"Three Bee"
4f2b4b36-2029-493e-9435-2f17e381203a,"jabberwocky",1,2,"One Bee"
64bc7cdc-c2a8-477d-be4c-fa2e4a807df9,"jabot",1,4,"Three Bee"
f3001361-3409-4884-a105-8307f73e2bb5,"jacana",1,4,"Three Bee"
0dc0ae4d-de36-41cf-8710-4fd2ce5c1288,"jacaranda",1,4,"Three Bee"
0d33dd42-8180-4c29-aed2-d804398c97e3,"jackal",1,3,"Two Bee"
acf30c98-684e-4b67-a2a7-b8a995e24df4,"jacobean",1,4,"Three Bee"
43242c56-525b-4dc7-b656-6d74b199c786,"jacquard",1,4,"Three Bee"
4a38bac5-c231-462e-8ed0-2760c3e999c4,"jacques",1,2,"One Bee"
c2922a8a-5318-4760-97cf-b7b6f1c0b1e5,"jactance",1,3,"Two Bee"
20589169-04d9-4318-8d5f-18fde53a1f58,"jadeite",1,3,"Two Bee"
e588ada1-919d-4745-b05a-2f92df0b089e,"jahiliya",1,4,"Three Bee"
281e1082-8f19-49df-bef7-dcedc2f4af07,"jai",null,4,"Three Bee"
4e90c935-d5c3-41a7-b1c3-8f39de13a939,"jaimaica",1,2,"One Bee"
2eac7835-47ea-4994-beff-61f4200c7ad2,"jains",1,4,"Three Bee"
2297661e-4524-443e-9194-3922c185e0ee,"jalapeño",1,2,"One Bee"
5fdd7c24-1716-49c6-aa30-700df7b8cb6e,"jalapeñoology",1,2,"One Bee"
b251a3cf-c8c6-432a-b27e-e82f8d5a1053,"jalousie",1,4,"Three Bee"
301efac4-5350-4d53-b47c-8487a3776639,"jam",null,1,"One Bee"
8c76ae10-0870-4aa5-bb2c-a1eaf1b88768,"jamaica",1,2,"One Bee"
5361bf50-9c2e-4ef8-b4e9-232bfac62714,"jambalaya",1,3,"Two Bee"
13eb73de-fba2-41bb-b064-0f3b5ad5afab,"jambalayajarl",1,3,"Two Bee"
3716bcb5-860a-42fe-9e6a-ebeb0ad250e1,"jambe",1,4,"Three Bee"
8f5fad0f-b379-484b-9ed6-218aab66257a,"jamboree",1,2,"One Bee"
2fc979ef-7691-47d8-a559-382f5e19b780,"jamestown",1,3,"Two Bee"
3bd50c58-d43f-421a-8f1e-7ed3886f3d29,"jammer",1,2,"One Bee"
1b2f6a02-82c7-41df-a329-c18b78b04110,"jangled",1,2,"One Bee"
84d9a40c-683c-4ef5-80ef-7047c26c0032,"janitor",1,2,"One Bee"
c22ecfcc-0ac0-44f3-93d0-fdd4e9c08b14,"jankers",1,2,"One Bee"
efa0da67-2c54-4053-a4bf-2fad3a28d2a6,"janthina",1,4,"Three Bee"
49125752-53d9-4dc9-abf3-93cd98e982c2,"january",1,2,"One Bee"
ceaa29ae-ceb9-4c81-be0d-1bcb3c988af7,"japanese",1,3,"Two Bee"
710f2249-8750-496d-ba8f-9efe68c0f498,"jargon",1,2,"One Bee"
0356b606-9713-49e6-b3d9-10a0e178c70d,"jarl",1,3,"Two Bee"
a4c90a8d-872d-44cb-aeb2-02979594fff8,"jars",1,4,"Three Bee"
8fabea59-0fc6-4676-8f26-bc28857560fe,"jasmone",1,4,"Three Bee"
43283cb6-ac9a-4aba-b64d-3cb1b2ff7058,"jasper",1,3,"Two Bee"
4557f5e5-4422-4c79-80ed-cc806922b715,"jaundiced",1,3,"Two Bee"
8dc3c99a-0e07-4ee8-b534-949a10d98768,"javas",1,3,"Two Bee"
a64231a2-6b3a-4853-bce1-cb7dc3be10fc,"javelin",1,3,"Two Bee"
f0e9e995-664d-4cf3-8c5c-1ca484d7168c,"jealousy",1,2,"One Bee"
3dc30419-9ab1-4c33-aa6c-66b395010f8f,"jeepney",1,3,"Two Bee"
3caafcac-b78e-4c43-a3ce-0215d127bee8,"jeopardy",1,4,"Three Bee"
33aea07e-749b-4e10-bb88-a71f760679c2,"jerboa",1,4,"Three Bee"
d226f48e-e785-4fc3-9bb6-21c84fca3399,"jerky",1,3,"Two Bee"
4eba031d-9b7b-4e2e-8962-06b0c3b7613e,"jersey",1,2,"One Bee"
8e791036-a003-46c2-ab29-a120950f2f9f,"jesuit",1,4,"Three Bee"
eb794adc-219b-4414-b0c0-9e24749ab938,"jettison",1,3,"Two Bee"
0702e8cb-6817-409f-a367-bea853f49cfc,"jibboom",1,4,"Three Bee"
a7ad3edd-f445-4ee3-98df-a72db09cfdc8,"jicama",1,3,"Two Bee"
919826f6-389d-4c7e-bc0d-db0cc52f0c32,"jicarilla",1,4,"Three Bee"
2e5290c5-1440-4e50-a0e7-2dda195e9617,"jiggery",1,4,"Three Bee"
28a379a7-e660-4e34-b40d-48d75b9ce4a3,"jiggery-pokery",null,3,"Two Bee"
69645cfb-4625-4ee5-bab9-4ae2b7d0c7fc,"jigsaw",1,2,"One Bee"
4e394c1b-56e9-47c8-b076-2b2e6745c198,"jimberjawed",1,3,"Two Bee"
5a273a98-45f2-40ac-9fb3-1d681f3595c1,"jingoism",1,3,"Two Bee"
ee39af94-ae07-4521-be08-0080666b81cd,"jinx",1,3,"Two Bee"
37e2446c-c560-4b11-a08a-621f1a1856cf,"jitney",1,3,"Two Bee"
519900d7-f7c4-4cf1-87ef-4f6cc348ce52,"jitterbug",1,2,"One Bee"
5e121d19-fd4d-40a2-8d19-6370662d7f50,"jitterbugkennel",null,2,"One Bee"
7b96b3e3-b55e-49c7-b59f-71f606aa4db8,"joaquin",1,4,"Three Bee"
e60d1e62-64b8-499c-a6c2-ff378e46782a,"jocote",1,4,"Three Bee"
9e9cc516-c8dc-4652-a193-d901166ef7c1,"jocularity",1,3,"Two Bee"
3ae0da05-3732-466d-af3c-8ffecb3b654f,"jodhpurs",1,4,"Three Bee"
c5bb58b0-52a4-47fb-8c69-c71d1710a01a,"joggled",1,3,"Two Bee"
821c3c9b-a2f4-487f-b58a-76ad92884a2a,"john",1,4,"Three Bee"
2e2207c5-cdd3-4cb0-9b3a-eff881d9bdcc,"johnson",1,4,"Three Bee"
8bb7b1dd-d4ca-4884-8f2a-59f91dbcf379,"joie",1,3,"Two Bee"
609b54cd-c51c-42e4-9320-f41f555d8ac8,"joinery",1,2,"One Bee"
5456f1d6-5c48-4724-adb6-fce421a533ee,"joists",1,3,"Two Bee"
a0162c9b-a676-40db-857a-a09d42d9b1ff,"jonquil",1,3,"Two Bee"
392b43fd-1f7c-437a-9159-47ca5cf3733c,"joropo",1,4,"Three Bee"
fb0decd9-28d5-4bcf-b6b3-9af355998619,"joule",1,3,"Two Bee"
363e9dd1-bf41-4817-881a-9753d8c676e8,"jour",1,3,"Two Bee"
0bd8e444-3590-4a55-86ec-31cd9925ec6d,"journal",1,2,"One Bee"
2f93e9ff-0a84-44d0-97b4-a6f13698a774,"journalism",1,2,"One Bee"
f2edd4a2-f4a7-4e48-a301-e33de919787c,"journey",1,2,"One Bee"
e1207edc-c95a-49c1-8de2-ab1a9800fe66,"joy",null,3,"Two Bee"
f929976e-36a8-446c-b480-189fedeeeee7,"joyful",1,2,"One Bee"
6a8e16fe-747a-47ee-8612-0b8af50b6f0a,"jubilant",1,3,"Two Bee"
ab60521f-1462-4209-a346-e37be67a10bf,"judaism",1,4,"Three Bee"
e5e87a91-0ab7-4486-96af-ae6b05b5daf9,"judicious",1,3,"Two Bee"
a433728e-2a13-430d-a0ec-06cad463b824,"judoka",1,4,"Three Bee"
603b0214-3d26-4e1b-90e1-e05207d0b365,"jugular",1,4,"Three Bee"
cfbef22f-11b0-43eb-839d-d97c2d4f0439,"julienne",1,3,"Two Bee"
874c545c-8880-4bab-884c-c44f783c573d,"julius",1,4,"Three Bee"
e78a38da-1bb5-48ac-b106-2c9371b597ae,"july",1,4,"Three Bee"
0b50428c-eb74-4200-912a-cac88d010b2e,"jumada",1,4,"Three Bee"
197a3e95-4bc4-4b5f-b240-7cd65231e4ce,"jumbled",1,3,"Two Bee"
25b2c393-8421-4246-b426-a6cd845dfe31,"jumping",1,2,"One Bee"
727993b1-a230-46d3-bbea-7debf178aa8c,"juncture",1,3,"Two Bee"
9802ae73-983b-48c0-8681-dced65b3b908,"june",1,3,"Two Bee"
b6d580c8-30b2-47c7-a080-ebb7c74fb5fb,"juneteenth",1,3,"Two Bee"
836cf12b-de46-4009-bd5a-f9925abb164d,"jungian",1,4,"Three Bee"
9fb984c6-0e67-4383-9efc-23b4a7f2abc5,"junior",1,2,"One Bee"
f627fe7d-a503-4d83-adda-6b9fa805893b,"jurassic",1,3,"Two Bee"
2fbe1c6c-2228-4fb8-a0af-78215e83f863,"jurassicmyoglobin",null,3,"Two Bee"
04e0f405-94d8-4556-abeb-2644316f456e,"jurisdiction",1,3,"Two Bee"
9aee846d-572b-41f8-8c7b-d21e0bac1862,"jus",null,4,"Three Bee"
f1f543d0-41f4-4247-8877-cbd56544c975,"justaucorps",1,4,"Three Bee"
720f73f5-dc08-4c01-99fe-531238b251fc,"justiciable",1,3,"Two Bee"
57db567a-d92b-48a0-a78c-7a7371557d7f,"justify",1,4,"Three Bee"
aaee43b2-aa0a-4a16-ae8b-081588fe1aa9,"jutia",1,4,"Three Bee"
f2d4ed18-02a4-4ca9-8354-77ff53dd07e4,"juvenilia",1,3,"Two Bee"
1d0b6d56-b7fe-4d8c-b30d-aa223561ab59,"juxtapose",1,3,"Two Bee"
e046aebe-36e6-4924-8bb4-08a535dc3c53,"kaddish",1,4,"Three Bee"
d928dc7b-cf6b-4075-9f72-2c7f4eb07c05,"kaffeeklatsch",1,5,"Three Bee"
281aba85-6a11-4728-93af-744079ca26e6,"kaftan",1,3,"Two Bee"
3a4ecd4a-293d-4c36-a1e1-8eb8695be46a,"kaiser",1,3,"Two Bee"
7f5c6f40-095c-4dc0-b6c0-6ad262bfb23f,"kakapo",1,4,"Three Bee"
caa1753b-cac2-4b71-94c6-0b84ab7cdf9d,"kalanchoe",1,4,"Three Bee"
84ba0001-7189-4a31-bb49-d3cea766af6e,"kaleidoscope",1,5,"Three Bee"
cfec21ac-7652-496b-b518-8c73ef1aeb71,"kalimba",1,4,"Three Bee"
b06598b4-135e-457d-b1c1-9e97847b46e2,"kalopanax",1,4,"Three Bee"
e71eea1a-e9ea-4fd6-85c3-ec3665b2ce54,"kanban",1,3,"Two Bee"
93dd554f-cecf-4d1d-8202-82f414729508,"kangaroo",1,2,"One Bee"
120c43de-ff62-4c66-93cd-a9600990fd13,"kangri",1,4,"Three Bee"
63482b17-f598-4da5-be14-df06b5f85856,"kanji",1,3,"Two Bee"
4e73b8a2-11b5-4a8d-bb82-5960c735a211,"kannada",1,4,"Three Bee"
91c4b562-307a-445b-8c4f-193806f7426a,"kapparah",1,4,"Three Bee"
1e0770c7-1636-474c-a84c-3da86dcd42ce,"karate",1,3,"Two Bee"
239efed5-7c3d-4eb4-bdd6-11d24795b453,"karma",1,4,"Three Bee"
897cc4d6-194a-4e49-a41b-4cf8c4464279,"karst",1,3,"Two Bee"
1cfb26d4-cadb-4bb7-aa35-0048595b76ee,"katabatic",1,4,"Three Bee"
a5056ec9-76a1-41ba-8dc1-df5563f314e4,"katakana",1,4,"Three Bee"
23f2a3ee-e0f5-44f6-9702-1e8f34c60192,"katana",1,4,"Three Bee"
2c15d0f4-fb08-40df-968a-1fd7e924b754,"kathakali",1,4,"Three Bee"
e0f6ced2-2978-437a-be10-10f14ba43f27,"katsura",1,4,"Three Bee"
8845bec3-b692-41d4-8f24-35ee52dd1c0e,"keen",1,3,"Two Bee"
5ac33f49-ad70-4a78-9eeb-a6caa5cfe781,"keening",1,4,"Three Bee"
4be4bf1e-cf82-477c-bfbe-6de9a2210b57,"keenness",1,4,"Three Bee"
150872b0-0018-419b-b625-fdaecf8682a3,"keep",1,4,"Three Bee"
f180c627-bd1d-42d0-94b8-79b18bc9f207,"keeping",1,4,"Three Bee"
a6d90e8a-aafb-47e7-b976-eb73dd2a3e36,"kelvin",1,3,"Two Bee"
46e3b06c-6ae4-406c-8c64-c6978b4e6d82,"kennel",1,2,"One Bee"
ace69add-6cb7-47b3-9c57-83c4a4112074,"kenning",1,2,"One Bee"
de7ebc4c-4e0c-4567-8174-c0e23e31518c,"kenningnoun",null,2,"One Bee"
300b2c3a-afef-434e-b47e-d4d33469f724,"kente",1,4,"Three Bee"
6d5f613a-716a-4789-b6a7-d96e121eaca5,"kentledge",1,4,"Three Bee"
ad539bb9-58fd-407b-8764-a201db8cf798,"kepi",1,4,"Three Bee"
cbdeb2d0-1945-465e-9d42-2497344c9018,"keplerian",1,4,"Three Bee"
1f29d0b8-6ae9-451c-8ea7-dd13807571ca,"kerala",1,4,"Three Bee"
433b7876-de99-49ef-8d2d-ef75ffd478d7,"keratitis",1,3,"Two Bee"
0b92aada-cf62-48fe-a5a7-413a159be519,"kerchief",1,3,"Two Bee"
ad3eb379-a738-4fb0-b7d1-10dffdf244fe,"kernel",1,2,"One Bee"
07212aa9-518b-4be3-9d08-fcedf4d4566a,"kerneltawny",null,2,"One Bee"
e5aebfc2-1b01-4412-9373-22205dcd5bbc,"kerril",1,4,"Three Bee"
9d96329b-a957-4347-b71e-3790e4d56143,"keyboard",1,4,"Three Bee"
63f44eb4-344a-4ed6-ac38-c4aa5e2bcb0e,"keyhole",1,2,"One Bee"
ebfd4a43-e413-4aae-b2a0-60376f473fa0,"keynesian",1,4,"Three Bee"
3175696e-d4cd-4fa0-9d70-6a61b68239f5,"kibbitzer",1,4,"Three Bee"
8e701d25-de79-4825-8d33-cc00d92969ad,"kibitzer",1,4,"Three Bee"
19148820-a28a-45fa-8c9a-d351d198ea8e,"kichel",1,4,"Three Bee"
aad6ca50-1b62-4236-9bee-686182b4442b,"kidney",1,2,"One Bee"
a0fd56b5-ca90-4592-8eba-e4d21149032b,"kildare",1,3,"Two Bee"
a71adfdd-9c4d-4ff2-bbc9-dfd045400f15,"kilnwebisode",null,2,"One Bee"
995afcf3-eae6-4eca-868f-fc74f31ffbf8,"kiltwhirlybird",null,2,"One Bee"
301eea98-85b2-45dc-bb00-004220682828,"kimcheemenorahs",null,5,"Three Bee"
2d287e21-509a-47b3-bdb6-04f4c4a1865a,"kimchi",1,4,"Three Bee"
d683e9be-a606-431a-b0d1-b97ef164acc4,"kindergarten",1,2,"One Bee"
a500b468-a4bf-45ff-a012-ea640a4862d3,"kindling",1,4,"Three Bee"
3eb94e83-4a5b-4d6c-9a34-1dd7b86c893f,"kindred",1,2,"One Bee"
bc1887e9-460d-45b5-94c2-2b7dec0a875e,"kinds",1,4,"Three Bee"
938b5ba0-c4ce-4b2d-bd73-e2cda2e630d9,"kinesiology",1,3,"Two Bee"
1faa06eb-2f0b-4018-a9a4-5d041b5466fb,"king",1,4,"Three Bee"
a6e72a3a-512c-45e1-b9b5-a2514361b8ea,"kingston",1,2,"One Bee"
501aeaff-a2ba-4841-a14c-4f29c71837bb,"kippur",1,4,"Three Bee"
829f2aa5-9ac6-426c-b4d7-c4f20d127e19,"kipuka",1,4,"Three Bee"
e6fb2216-f051-4c41-8535-ce0895976633,"kirpan",1,4,"Three Bee"
5c890401-7e58-4380-94b9-759dda5f0920,"kiskadee",1,3,"Two Bee"
951bcfad-eab1-415f-a6a6-904567161f59,"kitchens",1,4,"Three Bee"
24fae65a-60bd-4f62-9838-653515075cd2,"kitksan",1,4,"Three Bee"
b0502185-75fb-447e-ab86-7ddab314ebfa,"kiva",1,4,"Three Bee"
c2ecc5d7-fd2a-4af9-b701-d2037d49266e,"kjeldahl",1,4,"Three Bee"
2a5179b4-82b3-4bb8-8b4a-1c35b93a12ea,"kleptocrat",1,3,"Two Bee"
ab17246b-2274-49d1-94e1-34663ca32d98,"klippe",1,3,"Two Bee"
036ad736-d2c2-4354-a847-2bd9b79de765,"klutzenvoy",null,2,"One Bee"
4351f8fe-b7cf-4b0a-a19e-f29e1f377819,"klystron",1,4,"Three Bee"
7095b8b8-5ea8-4a24-af4b-59b345147fd3,"kmleerac",null,4,"Three Bee"
30f5cb1b-8285-47b1-aa7f-490578711446,"kneecap",1,3,"Two Bee"
0f585711-74b5-41e2-906d-674e0d3e5815,"kneeling",1,3,"Two Bee"
bae24bf5-4df3-4824-9a81-a953be8f55c8,"knew",1,3,"Two Bee"
c63cdc46-3e32-4acd-a6fe-f0bc4f56dbc7,"knickerbockers",1,5,"Three Bee"
6d648475-41fb-4fde-8206-ffa4adc979f8,"knight",1,2,"One Bee"
992305e1-1af6-4dd3-b44d-03e4cc18aa45,"knitted",1,2,"One Bee"
2f7f4895-4695-4d25-8c72-b3150ee9d84b,"knitwear",1,3,"Two Bee"
c2a34f91-49d7-4878-9068-38b4820b7523,"knowledge",1,4,"Three Bee"
4d4a6910-ff68-4fa6-9afd-60ef29b95f17,"knows",1,4,"Three Bee"
7f9f0ba1-7e45-4691-9ea2-658c6371c558,"knuckle",1,2,"One Bee"
c219a8ea-edf6-4bcc-9236-8ce0cdd5f6d2,"kobold",1,4,"Three Bee"
d014a767-3ab7-4e2d-93d5-ec096c40134b,"kodali",1,2,"One Bee"
320ad70f-cef0-458e-acfc-5e2b505eca98,"kodiak",1,2,"One Bee"
d443ff48-e89b-4de9-b5ae-ce1a682e6f45,"koh-i-noor",null,4,"Three Bee"
74dd68b1-c66a-459e-9eaa-322a829fb12e,"koi",null,4,"Three Bee"
6a7d1622-90e5-4900-91c1-40ef089835ba,"koine",1,4,"Three Bee"
ddec7ced-1828-4056-933a-edde5556e20d,"koji",1,4,"Three Bee"
53780308-33bc-4346-9b9a-d7433eec7585,"kookaburra",1,3,"Two Bee"
e448f5e2-1257-4cd3-9a59-a92f28e11c59,"korea",1,4,"Three Bee"
45b4228e-1110-47af-ad73-90556da3d6b9,"korrigan",1,4,"Three Bee"
79930cc8-1f32-47e1-b9ee-6c08cd1e0cc1,"kosher",1,2,"One Bee"
a748c5b0-4132-4157-bac4-00350bc43384,"koto",1,3,"Two Bee"
17b5986d-fa2a-42dd-9a7e-0b7be8b3621c,"kraken",1,3,"Two Bee"
a6bc1ccf-06cd-4eb8-a167-4d1d354fcfd0,"krausen",1,3,"Two Bee"
2085f906-8db7-4d07-9311-4ddaa8405e51,"kreteloi",null,4,"Three Bee"
0021dd67-b7d5-40cd-bb4a-56db9a7574f0,"krewe",1,4,"Three Bee"
e8a3702e-e193-4783-a2f7-42d07e01233b,"krewekriegspiel",null,5,"Three Bee"
0a0ce833-44fd-47bc-b4c1-1c1143141ad9,"kriegspiel",1,4,"Three Bee"
70e0d341-7510-4204-9470-ba119d4b0f54,"krypton",1,3,"Two Bee"
b7fc95f9-85f5-4558-b5d3-72a10ac7296e,"kufi",1,3,"Two Bee"
e3cef16c-9651-447f-950a-16fa3011baad,"kugel",1,3,"Two Bee"
af886e84-c598-465e-b18e-2677177cceb2,"kuiper",1,4,"Three Bee"
b4508898-4fe0-41bd-9610-d1352eca55ee,"kumkum",1,4,"Three Bee"
a674b236-09a7-465d-8828-682b644d2097,"kung",1,3,"Two Bee"
46004b81-60c4-4405-89de-2cb8aac1ae7d,"kurta",1,4,"Three Bee"
0f491f50-0bf0-4c2a-9b9c-9e6116b7c8b3,"kutani",1,4,"Three Bee"
a6b6af27-65ca-4f40-bf99-7a1f1657ce23,"kuwait",1,4,"Three Bee"
01e83387-cdbd-4e75-8477-62839ff08bd2,"kwashiorkor",1,4,"Three Bee"
461eb2a7-d82b-474d-a3fa-da22238f5d1e,"kwon",1,3,"Two Bee"
4ac26175-a63f-4dd2-b063-1aa3300284f8,"kyphoplasty",1,5,"Three Bee"
cf567ab6-9361-4bad-ab19-e080211a3fa0,"kyphoplastyaten",null,5,"Three Bee"
409180e1-244f-4f1f-a867-6a9914c67fd1,"labefaction",1,4,"Three Bee"
8296906c-67d7-4a30-91f8-4a0a45a7ddb8,"labeled",1,4,"Three Bee"
02642289-a0db-4eb1-b7fa-f674f0dc5535,"laboratory",1,3,"Two Bee"
f491ba40-aec2-4eb3-ba56-8989d2d3306a,"laborious",1,3,"Two Bee"
b14cdf74-dde2-434f-b040-46faa57ffa09,"labradoodle",1,2,"One Bee"
190ab161-955f-4561-8610-01653689ab62,"labroid",1,3,"Two Bee"
854f9430-4d5f-4f44-89b9-61bc1cfbf641,"labyrinthine",1,3,"Two Bee"
9e926837-0624-4076-a1c0-131ecfc34c62,"laccolith",1,4,"Three Bee"
5b970839-f627-4861-bad5-5ea3ef9d80c0,"laceration",1,3,"Two Bee"
761af8ea-ccba-49a7-8914-ea1f17fba609,"lachrymose",1,4,"Three Bee"
38933a99-b3a4-455c-86c0-bc4dca2aa93e,"lachsschinken",1,5,"Three Bee"
8c270f82-4b3c-4077-83ba-6a7ce6470852,"lackadaisical",1,3,"Two Bee"
c4a45926-6919-4745-9483-9c8c104f8034,"lacking",1,4,"Three Bee"
3303722a-3eab-474c-bd4e-099670de3a21,"laconic",1,3,"Two Bee"
869c72ca-cf35-43b5-910c-52b35af0eebf,"lacrosse",1,4,"Three Bee"
e0c717a9-3cc4-409d-9b1c-a4e6c6cca745,"lactose",1,2,"One Bee"
6e28cb26-e93b-4c49-be06-954ad6114f32,"lacustrine",1,3,"Two Bee"
b75480bf-8062-408f-a14e-2bd8bc0f08b9,"ladder",1,2,"One Bee"
d731b950-cd2a-4f33-87f1-71e618eb9b7f,"ladders",1,4,"Three Bee"
93e9d8b1-75f4-4478-8b2b-c13c9a208cd4,"ladybug",1,2,"One Bee"
f158a38c-9c48-4d7f-bbf2-f61a508265dd,"lairs",1,3,"Two Bee"
9eaaf8c5-ef69-4a6a-bcf4-450206054da9,"laity",1,3,"Two Bee"
a6ffd737-29e3-46c3-9d5b-9134fcd1c53b,"lallygag",1,3,"Two Bee"
e8a5577a-d124-4bd8-a56f-4ba6b4b8d679,"lama",1,4,"Three Bee"
29afcab5-26ec-4042-a30e-4fbc45e2bd03,"lambasted",1,3,"Two Bee"
a5c0fd4e-516b-4533-bbeb-53c133849e5c,"lambently",1,3,"Two Bee"
69b5312e-3cbb-4044-b242-5f3a21289edd,"lambentlyadjective",null,3,"Two Bee"
3633ab51-cc32-48d4-88a3-ad930133210b,"lambkin",1,3,"Two Bee"
8d528180-433e-40ae-a537-14eda4363bff,"lamentable",1,2,"One Bee"
707bb640-cffa-4a3e-814e-66acad40bd9e,"laminate",1,3,"Two Bee"
dcf970a0-99e7-47c6-9250-8485c52f404e,"lanai",1,3,"Two Bee"
a6803725-e9ca-4633-9f40-dd186814c0b4,"lanceolate",1,4,"Three Bee"
2b684cbf-4b11-4df7-9177-deb7ac465672,"land",1,4,"Three Bee"
ef577998-b48e-483e-b2fe-7bebe60a7183,"landline",null,3,"Two Bee"
26ef0d21-3b8e-4925-9a4f-209849078f64,"landmark",1,2,"One Bee"
0041787c-9980-40d3-8124-6cf2fa22a1d4,"langrage",1,4,"Three Bee"
860e9955-c2a6-4016-8136-0870676bf4d2,"language",1,2,"One Bee"
1fac43c5-e76a-4399-a29c-70ea626abb73,"languages",1,2,"One Bee"
c7226b21-f4b6-400a-8b40-dfe19318bbdb,"languish",1,2,"One Bee"
e87e72f4-e9cd-4922-aead-41364ff199ec,"languorous",1,3,"Two Bee"
bc8165ba-d560-4928-a085-d7134455439a,"languorouslanolated",null,3,"Two Bee"
0305c829-383b-4acc-92c5-9b8dc8cdb097,"lanolated",1,3,"Two Bee"
5202eb97-0615-44a1-a9e6-b18254a3bced,"lantana",1,3,"Two Bee"
09efc186-e64f-40ac-8699-34d7ffc7e9fd,"lanternmince",null,2,"One Bee"
d201955e-58ef-42ad-81d6-ce4eaa4fe223,"lanthanides",1,4,"Three Bee"
c0cb989c-eb6a-4b7e-a110-06b6a04db29b,"lapidary",1,3,"Two Bee"
cc98dff3-9fba-4c99-8283-fec273593bbb,"lapidarycachexia",null,5,"Three Bee"
7344255d-97b3-43cd-aee5-aba8087863f0,"laptop",1,2,"One Bee"
20a7909a-b361-409c-825e-adff459d0f26,"larceny",1,3,"Two Bee"
13583e50-6f2d-4a7d-868d-07ce079d98bb,"largely",1,4,"Three Bee"
a583cc09-082e-4818-bb73-ee4225a25c20,"largesses",1,3,"Two Bee"
03860409-24ba-42fc-8d85-0b45153ad17d,"largest",1,2,"One Bee"
b337b0b5-3299-461f-9cd0-8c5541445156,"larkspur",1,4,"Three Bee"
bf06f58f-1913-4ddf-946f-d89ca63f7eec,"larnax",1,3,"Two Bee"
7097e5f5-89c5-4ab9-8c45-dab09c6e3869,"laryngitis",1,4,"Three Bee"
97ee51dd-82db-4ce0-90b4-fef1e8f593cc,"lascaux",1,4,"Three Bee"
f8dfa155-b7a5-4ef1-9f24-92a4c9e1919e,"lassitude",1,3,"Two Bee"
e7390e85-5ec4-4c71-9f53-019ef9e9f7a0,"lasso",1,4,"Three Bee"
6845aaeb-9b19-4bf7-bb1d-4de7c5d9f799,"lassoo",1,4,"Three Bee"
be3519c7-d629-476b-84c9-ad02b55b4cc7,"last",1,4,"Three Bee"
463f5a1a-c38b-4723-bc44-1044cc460b0d,"late",1,4,"Three Bee"
dfea42dc-f907-4c82-ae26-3b6b5ac1c0fc,"latency",1,3,"Two Bee"
4d1cc63c-cd60-47f4-a58d-17fdeeb2600c,"latencyepitaphs",null,3,"Two Bee"
fce88f3e-4316-45b5-9aaa-96787cff578c,"lateral",1,2,"One Bee"
f6115530-0811-4595-88b7-4acbb8541a20,"laterigrade",1,4,"Three Bee"
07d5fc39-1381-4162-82f7-e8a0331ce16a,"laterigradehyssop",null,5,"Three Bee"
f139a42d-5bb3-4764-bbf8-2d03c384e5cb,"latigo",1,3,"Two Bee"
90162e08-d1ee-4bec-b8d4-5c2e8c0fd6ea,"latin",1,4,"Three Bee"
5dc6c69d-fe23-4c86-82a3-22eaf768b0a1,"latinized",1,4,"Three Bee"
c4ead0ee-8d9d-4a1b-9ae6-dfec501eb3fa,"latinxua",1,4,"Three Bee"
bfd6e698-c393-40c5-86b1-995d23e44eab,"latitudinarian",1,5,"Three Bee"
610bb507-8a6a-48c0-b3ca-d239bbc6d588,"latke",1,4,"Three Bee"
412d61db-056d-4624-8481-c70da708404d,"latter",1,2,"One Bee"
d5becc23-d75b-428d-83ef-ed1367af60d0,"laudatory",1,3,"Two Bee"
d55eebbf-4ae9-4eea-9242-8d0b6ba4fb76,"laude",1,3,"Two Bee"
a1d3f493-f9a1-4c51-b38e-7b88cfa7988a,"laugh",1,5,"Three Bee"
b4321f79-8297-4f04-b60d-1f86ec11d139,"laughter",1,3,"Two Bee"
cab2cc75-ac5b-4b9d-ba01-72d14035799c,"laulau",1,4,"Three Bee"
3857cc4b-c1c5-41c9-a71c-fe9d76f1429b,"launch",1,3,"Two Bee"
ec36db93-ebc1-4078-8330-e0a26536b55d,"launching",1,2,"One Bee"
95bfe9d4-8a88-4897-a10c-a6737e8417bd,"laundromat",1,4,"Three Bee"
e55f7d4f-2988-4684-b118-e5f51eef90aa,"laureate",1,3,"Two Bee"
b15ae5ef-ae8b-4bdd-9a47-38bf90cee2f1,"laurel",1,3,"Two Bee"
59d85356-5071-4450-b886-b1f649f54bba,"lava",1,4,"Three Bee"
c07d7477-abaa-419c-9d6b-7d87174c4da0,"lavender",1,3,"Two Bee"
77fb5d65-b680-400b-a236-0f2fb0aa6b3e,"lavished",1,3,"Two Bee"
46f434ac-8aa8-4060-be0a-86829da63104,"lavishly",1,4,"Three Bee"
4167a96f-23e2-4795-a8cb-3a890fcdda64,"lawmusic",null,3,"Two Bee"
b43c8305-7339-456c-ac76-7882d8498c60,"lawyer",1,2,"One Bee"
0fe4bbec-a4b9-4735-b472-9f279c5d33f2,"leach",1,4,"Three Bee"
f6c80c9f-a239-46e4-af37-b76cd672db4e,"leader",1,2,"One Bee"
717b35a3-2731-4813-b187-c990e78d98c9,"leadership",1,2,"One Bee"
41b08741-c1c4-4867-990a-21788df66fcf,"leading",1,4,"Three Bee"
6ed6ba70-c9ec-4d94-9611-8ae5e917c078,"league",1,2,"One Bee"
6153b5a8-5d3e-4944-a669-9959963ddb12,"leaking",1,2,"One Bee"
eabecb0f-5104-4b27-b363-90dd7992c9a4,"leanderpneumonia",null,5,"Three Bee"
18c51eed-d8b8-44ba-a5fc-c4b0d8c5143e,"learning",1,4,"Three Bee"
713a8664-404a-4a6b-b861-0177682c5d3a,"leash",1,4,"Three Bee"
6361fa0d-9d45-492c-847e-78970ff36e39,"leaven",1,2,"One Bee"
291dd329-c417-4cfa-9d50-749e07f94622,"leaves",1,4,"Three Bee"
00761150-44ef-4478-8826-2a40b107bf99,"lebensraum",1,4,"Three Bee"
9947725c-62aa-4a32-a289-5e7b54b86229,"leberwurst",1,4,"Three Bee"
ea68c0d0-7443-4eaf-ae7c-01d0970695c4,"lebkuchen",1,4,"Three Bee"
a0b84ad9-2796-441c-8516-5500530149a2,"lecithin",1,4,"Three Bee"
dcef89ed-ae77-4075-afd1-46481c56c050,"leewardhurly-burly",null,5,"Three Bee"
1e028cc0-3885-4e92-b356-f86c55847d82,"leeway",1,2,"One Bee"
1d4d9f91-13b8-4b7b-bd9e-04a70c7967c5,"lefse",1,4,"Three Bee"
0c7cbfa6-7909-4c61-81c0-4548847c0638,"legacy",1,2,"One Bee"
e854f9e4-f6ab-4cf8-9201-2a7e73f6d284,"legalese",1,3,"Two Bee"
6bf4c315-c971-4f59-b3f1-193503f08a1a,"legato",1,3,"Two Bee"
dab21349-f36d-4d06-a23b-51ce5bd88c88,"legend",1,3,"Two Bee"
46c4b087-3dde-4402-8db1-a367354d9153,"legendary",1,4,"Three Bee"
4222b458-fc67-495f-b602-f395487e896e,"legerity",1,3,"Two Bee"
eb1c2325-77ae-4b8d-85df-662295bbfdc0,"legerityvatican",null,3,"Two Bee"
1040589d-d85a-498d-8177-6672263a0417,"leghorn",1,3,"Two Bee"
b5cf7aa4-5a6e-4d72-afd1-7160e29b9cfe,"legionnaire",1,3,"Two Bee"
cc8b178e-bbb8-4c2f-b2d4-5d25d63e6666,"legislature",1,2,"One Bee"
9f833382-8c2a-4788-982f-a2c8ba3fc964,"legitimately",1,2,"One Bee"
e1855f29-7bb3-49da-8a95-3d158a6256e8,"legs",1,4,"Three Bee"
fbbdc573-c632-49cd-8936-a52ec9d7b8b6,"leguminous",1,3,"Two Bee"
cd23d792-fb1b-4ea3-aca7-01b0e31bf96c,"leisure",1,2,"One Bee"
e04b4c74-e13a-478c-a9d4-54a7ed4a1cbe,"leisureleotard",null,2,"One Bee"
4fd5729e-9712-4242-afa3-82984cfc509d,"leks",1,4,"Three Bee"
2fa8302e-3dcd-4b63-bede-46b9995d879f,"lemniscus",1,3,"Two Bee"
d7dd7778-fafa-45ce-8935-25bad0c66e2c,"lemon",1,4,"Three Bee"
0ca861dc-3d20-434e-9f9b-514551a88093,"leniency",1,2,"One Bee"
03db5676-2848-41e0-bf1a-1e1fb3439eaf,"lento",1,3,"Two Bee"
0e08ffb9-b0ce-4eb3-a5b2-6c0593bb4a0f,"leonine",1,4,"Three Bee"
2059f7b9-e3b7-487a-aa25-556a6458a698,"leotard",1,4,"Three Bee"
42e27ec8-4357-4fd0-abab-c4cbf6e1fc13,"less",1,4,"Three Bee"
0e32c7dc-c559-4d3c-a5e0-f90c7253d903,"letter",1,2,"One Bee"
8983bda2-c49e-4449-89db-99ed45da2d05,"letters",1,3,"Two Bee"
eaea7bdb-efc0-4fdd-ada2-ce6e5037b55f,"lettuce",1,2,"One Bee"
f0c5f26f-71a1-483b-a57d-81e829818d2c,"levees",1,4,"Three Bee"
bf37ffb5-df25-46a1-9458-635c88837c49,"levels",1,2,"One Bee"
68e01ae6-8cc1-4ab2-8c27-7aa6710b5ca9,"leviathan",1,3,"Two Bee"
cf7b30ac-a95e-4e0b-af74-fdaeff04295c,"levitate",1,3,"Two Bee"
8f375353-d5a1-4837-ac3b-85e683dddf0b,"levity",1,2,"One Bee"
8cb30e5b-1545-4e85-a1b0-ff36150d6a1b,"lexicographers",1,5,"Three Bee"
224e9740-f2aa-4f53-9e07-4c6ff333b63b,"lexicon",1,2,"One Bee"
3e8d1070-5787-4d0e-8d4a-c8f92cb4ef57,"liability",1,4,"Three Bee"
03593ccc-dd9f-49ee-9858-d289e1b82553,"liaise",1,3,"Two Bee"
5058ba74-fc90-4370-af50-028205c212a2,"liana",1,4,"Three Bee"
cc8190b9-fcfe-48a9-be56-eaeeafb7bdd8,"libris",1,3,"Two Bee"
d1e0e3dc-6693-4ba3-9082-354e78f1658e,"licensure",1,3,"Two Bee"
406c971b-14bb-4605-bd6e-9019ab0d2fe4,"lid",null,1,"One Bee"
232bbef6-803d-46fb-bc4f-cb5d337a817d,"lidocaine",1,3,"Two Bee"
6b766107-6995-4a85-8db9-cbf707c134f0,"lierre",1,4,"Three Bee"
7c109253-e79b-4a3e-951e-5f16c53cde17,"lieutenant",1,4,"Three Bee"
cd72bea3-fe85-46c3-a951-200fb3d49dda,"lifelong",1,4,"Three Bee"
a38172dd-b63a-43be-9ee8-86e5d468eaa4,"lifetime",1,2,"One Bee"
a2e25753-634c-4c18-b8a1-101c9d4f2b92,"ligament",1,2,"One Bee"
794a84c9-4bab-4cfb-8c80-e80302e2c48e,"ligas",1,4,"Three Bee"
60a7e279-4a2b-4903-afab-3c12583088d9,"lighting",1,5,"Three Bee"
6b70790c-8529-44ac-80c1-4f855a6728ba,"lightweight",1,5,"Three Bee"
7d4e5703-3c98-43e1-b27a-f4be422836cd,"like",null,1,"One Bee"
01ca1985-59bb-4b4d-9da9-0b2a7f13b18b,"likelier",1,2,"One Bee"
4576cdc9-a6e8-4694-b308-c81032b36a8b,"lilliputian",1,4,"Three Bee"
45f7820f-719b-45c7-b37a-790dbdfb40c0,"limaçon",1,4,"Three Bee"
47079351-c155-48c3-9821-a8e45ba9d34f,"limburger",1,3,"Two Bee"
640c7f91-e585-45d5-910a-df8e00eef74b,"limelight",1,2,"One Bee"
70700510-f87d-4f37-819c-96f8ed9e031e,"limicolous",1,4,"Three Bee"
3f5b0b2a-9e35-447d-93d3-baa9a2deff4d,"limiting",1,4,"Three Bee"
b5e15c74-07c8-498c-8747-ba61c955a2d3,"limned",1,3,"Two Bee"
026467cf-f31a-4121-aefe-babe5a22871c,"limousine",1,3,"Two Bee"
3b95bfa9-bdfd-4b93-8278-812e6788ae02,"limpa",1,3,"Two Bee"
48a76b9e-f5ba-4fc2-9438-ee8a09170699,"limpet",1,3,"Two Bee"
379a9a8e-d8ea-49f2-8e80-7cdaadbdfd6e,"limpid",1,3,"Two Bee"
29d4efb0-21cf-489b-ae55-3764f9e92a94,"limpidsyllabus",null,3,"Two Bee"
5e0f8f36-571e-4c35-b8d6-084ac9dae8c3,"limpkin",1,3,"Two Bee"
26cc8aab-7ad6-415d-910f-febc0d89ac21,"lincoln",1,3,"Two Bee"
7b4720f7-830a-4fd6-b1d3-45df2f0cfc71,"lineage",1,4,"Three Bee"
1595cab3-e136-4ef9-8f36-c17120f6b9a4,"lines",1,4,"Three Bee"
a459ad6f-af1c-4ca0-818a-5d43b214e75e,"lingua",1,3,"Two Bee"
793a3d89-0447-4103-ab15-279a3c857b6b,"linguistic",1,2,"One Bee"
5db43002-e264-4631-affe-1c4ae52c3438,"linguistics",1,2,"One Bee"
11937dda-60c9-4195-9fbc-3cb84262394b,"linked",1,2,"One Bee"
cd4963ef-1636-4257-8f79-4c48498eba0f,"linnet",1,3,"Two Bee"
b15a39a4-497a-46ba-b50d-33216fd6530c,"linsey",1,2,"One Bee"
a098fc12-5f80-4ff1-8613-2b1105342970,"linsey-woolsey",null,5,"Three Bee"
1d3c3c05-18e3-4db1-950d-f32f7a106c2c,"linstock",1,3,"Two Bee"
0a7759a5-8153-443d-a71c-340fa814f841,"lionize",1,2,"One Bee"
d64814e4-4ddc-4c2a-a1ff-62def017b528,"lipophilic",1,5,"Three Bee"
e9a9ede4-0b57-4498-826e-5f7d1e5236d6,"liquefaction",1,3,"Two Bee"
0b5645dc-d12a-40ff-a437-77dc116ea662,"listener",1,2,"One Bee"
688d8ee5-b12c-4b0f-a492-c6c9bdda9b23,"listlessly",1,3,"Two Bee"
538028b7-ebd2-484b-9a9d-56d5de87837a,"listsevery",1,2,"One Bee"
1cc2a4dd-fdde-475b-a0ac-f288f5969eab,"listspage",1,2,"One Bee"
19152f3c-9ad4-4c55-b90c-c909415634c5,"lisztian",1,4,"Three Bee"
6fc9f2d4-a9e6-4101-bc82-5a2bf974db46,"litany",1,4,"Three Bee"
38e87414-7726-4608-8704-34f6ce7b01ae,"literacy",1,2,"One Bee"
dd6901a8-04d7-45c5-beb5-bd175f94957d,"literacydifficulty",1,2,"One Bee"
2972bcf4-16bc-4cd2-a502-2dd29a3e0b94,"literally",1,2,"One Bee"
b6f46fec-e0cf-4900-98c4-a1b5441e9da1,"literatim",1,3,"Two Bee"
eedf877c-aa95-494d-a6b0-ee9940e65611,"literature",1,2,"One Bee"
b43a100b-71a6-4c53-bbbf-2292e2bcf9e0,"lithium",1,3,"Two Bee"
d5b64864-32c1-409c-9e93-50bd8771d54e,"lithophone",1,3,"Two Bee"
8f366e9c-0e42-46a8-880f-1b79069d58d2,"lithuania",1,4,"Three Bee"
6214e88a-b562-4191-a59f-cf46da71fddb,"litigious",1,4,"Three Bee"
5f6c16f2-4de3-4260-9781-5e942d0f64e6,"litmus",1,3,"Two Bee"
7292bbe8-d107-4efe-9b25-e19cbe9d1e71,"little",null,2,"One Bee"
742ebfa9-8697-42dd-ae58-912ab5cb4d2b,"littoral",1,4,"Three Bee"
1a41985c-ec58-454d-849a-6da1a53e6b94,"liturgy",1,2,"One Bee"
b1b08a6e-2831-4cb5-a27f-be40644f3ec9,"liver",1,4,"Three Bee"
78e3ac44-168a-4ded-81b7-a870b9162087,"livery",1,4,"Three Bee"
d87c5a7a-98c1-4814-8979-51730205ee59,"living",1,2,"One Bee"
4b7e1c4b-1052-414d-bd20-0faeb16922cc,"llanero",1,4,"Three Bee"
8a702f8d-e78c-4fea-88d2-088c3be9536b,"llullaillaco",1,5,"Three Bee"
bf7212c3-f39f-4278-bc6d-78ff2ad4662f,"loathe",1,2,"One Bee"
064e2f3a-f499-4693-8d80-67611417520e,"lobectomy",1,3,"Two Bee"
edae4b8b-1b3a-4d44-84d5-9245927bf0bb,"lobotomy",1,3,"Two Bee"
565a5d91-4e56-458f-8389-36c7c84deaac,"lobscouse",1,4,"Three Bee"
f8090662-6d35-4ccd-8118-1c5d5bd99eee,"located",1,2,"One Bee"
eeb9a388-3363-4a64-bcfc-0f7b54f0b163,"locavore",1,3,"Two Bee"
b5e2e6fc-affb-4bdf-83eb-70659ed0c274,"loch",1,3,"Two Bee"
2450e647-e770-4085-bf04-58c3a9d968e2,"locker",1,2,"One Bee"
47935502-e364-4cb4-bc40-d6d3cfbd88df,"locust",1,3,"Two Bee"
cfb9e4a9-b01e-4cca-b313-14fe487caa64,"loess",1,4,"Three Bee"
8a91f362-3490-4721-bc7b-db10cfbc810d,"logarithmic",1,3,"Two Bee"
825ec1e7-c8a6-46b4-8051-942a539a3596,"loggia",1,4,"Three Bee"
424a7232-718c-4716-ab6f-4f8f1c87a7b2,"logical",1,2,"One Bee"
b7037422-c59d-43ac-bddd-02b9f586bc33,"logodaedaly",1,4,"Three Bee"
f52d59dc-c89b-4fc0-ad35-15821981a3c5,"logographic",1,3,"Two Bee"
615d2d5c-b196-4c25-9be8-e5d022bc2522,"logographicarmistice",1,3,"Two Bee"
7b5d4db1-1bab-48e8-95b4-fec8aeda679f,"logothete",1,4,"Three Bee"
fd5b3447-4b66-445b-999a-1395924bd476,"lokelani",1,4,"Three Bee"
cabb0b2a-abd2-48ef-8cf4-a6e109f5ae8a,"lolled",1,3,"Two Bee"
75befc1a-84c6-44cf-9646-92b4b9c02cba,"lollygag",1,3,"Two Bee"
1477c51e-55bc-4f33-ab83-a681da7e2df5,"london",1,2,"One Bee"
5e08cb48-af0a-4a44-b33f-57055355169c,"loneliness",1,3,"Two Bee"
82b49dc6-431c-4ac7-a6c4-52d4d605826d,"long",null,3,"Two Bee"
3ff3a1fc-7f86-4ac8-854e-6dc7cd095d23,"longer",1,2,"One Bee"
0b49131f-b758-43f1-8a2a-de45f6d5bb21,"longest",1,2,"One Bee"
6c2eee38-b297-4046-86c6-f3f31600af18,"longevous",1,4,"Three Bee"
c3ad2f3f-8ee1-46ee-9129-61c29590b6c0,"longitude",1,3,"Two Bee"
e513bd1a-f942-4365-9d60-fe4a61b3ae77,"longtime",1,2,"One Bee"
ac19347f-7746-4c9f-8fcf-b1c890cdf0f1,"lookout",1,2,"One Bee"
1fd816b2-efdb-4fca-ae12-277487d302e9,"loppers",1,2,"One Bee"
484a6377-e86d-47fa-b1e2-88d1ee58bc2c,"loquacious",1,3,"Two Bee"
94cc961a-2d83-49f8-b2a7-e20ec8a2e75c,"lorikeet",1,3,"Two Bee"
c7d9a753-9d55-4009-9c42-ae655fc9a9c5,"lorikeetnoun",1,3,"Two Bee"
bf819282-9ab5-46e2-8589-60a86c9ab297,"losing",1,2,"One Bee"
91a8c551-4cf2-46c1-bc6a-0048934f9504,"lossy",1,3,"Two Bee"
37a62c82-f0d3-4e65-841f-dbcd3f3383f1,"louche",1,4,"Three Bee"
d784b4ea-e0f1-414a-9499-d57712310774,"loudly",1,4,"Three Bee"
90b973d9-7cdb-4b24-9be3-23e81304d8ac,"louis",1,4,"Three Bee"
df968716-e529-4f01-b748-b3a405a3a8de,"louisiana",1,3,"Two Bee"
9ad94088-f5ef-4a0c-b937-b3f4a62f351d,"louisville",1,2,"One Bee"
6fc1816b-90aa-443e-b343-04c8ac4901e6,"lounge",1,2,"One Bee"
5f522bf6-f923-4632-8626-6c1c1ad62866,"loup-garou",null,4,"Three Bee"
467569ad-1fa3-4a36-81c4-363e9a9c9343,"loupe",1,4,"Three Bee"
794804d3-a894-4056-abb1-3cf33b40587c,"lousicide",1,3,"Two Bee"
ddf79067-e85f-4491-86a5-f390e0b3aa18,"lovage",1,3,"Two Bee"
d8967389-b92e-4fd7-9405-7c03f0d6f373,"loving",1,2,"One Bee"
ad0daee9-0200-424b-b7f0-bf65e35f41b1,"loyal",1,3,"Two Bee"
2ca68090-2801-4b94-a160-3a33fad8ead9,"lozenge",1,3,"Two Bee"
6a0acbd4-de25-4899-b4bd-1407f8d6b694,"lubbers",1,4,"Three Bee"
dd1a6204-b037-4866-8c39-643068eeb7a0,"luciferin",1,4,"Three Bee"
8082df4c-7fba-4907-9e35-eb50af67e44a,"lucrative",1,3,"Two Bee"
9ab2df1a-82ec-438f-aa40-475cb8cd1d90,"luculent",1,3,"Two Bee"
c520b853-6727-4556-828c-faa2f14fc5c8,"luddite",1,4,"Three Bee"
b2e7e87c-287b-4b51-9be4-c3a9b98c1ffc,"ludicrous",1,3,"Two Bee"
2e5d5182-97bb-4c0b-85dc-79212a1060e2,"luftmensch",1,4,"Three Bee"
15502f72-31a6-4d83-bf13-96457e43fb0f,"lugubrious",1,3,"Two Bee"
7492808d-8d0e-493e-8564-e602784cff19,"lullaby",1,3,"Two Bee"
640bd07e-5c5a-4d08-a939-bd50e997957b,"lumbar",1,2,"One Bee"
55d3dab3-686d-4941-ba7e-b0605a2deafc,"lumen",1,3,"Two Bee"
838423ca-8d9d-4b16-90bc-f0d77ea25cf1,"lumenluthier",1,3,"Two Bee"
8ba5da05-4155-414e-b5af-de27670ceb74,"luminance",1,2,"One Bee"
43c5e11e-6902-43d6-a0c2-f64657e96f1e,"lunulae",1,4,"Three Bee"
5a905884-4e19-47cd-90a1-5835bcb41a5e,"lunulaem",1,4,"Three Bee"
25bc750a-5bd3-4a99-b991-369d3d22fc63,"lupercalia",1,4,"Three Bee"
595fb9d8-7bf7-46ad-b552-6a3d3d5cc1fb,"lupercaliam",1,4,"Three Bee"
0d2319fa-6af1-4324-a12f-94be42b45c24,"lupine",1,2,"One Bee"
127fe94f-4e36-4aa3-8071-01e57a94e514,"lurching",1,4,"Three Bee"
0d852bc6-17db-4222-b287-46e5bf76a5d9,"lurid",1,4,"Three Bee"
b81454b3-19a1-4d6a-bee2-bbc19525929e,"lustrum",1,4,"Three Bee"
482fd1a2-003b-4fa2-97d5-1a607be3b699,"lutheran",1,4,"Three Bee"
2e5117c9-3b0d-4dc4-b68a-775ce62de612,"luthier",1,3,"Two Bee"
d775cb1d-2e2d-485d-b789-1e8d7441d867,"lutrine",1,3,"Two Bee"
ee638144-f80a-41b4-b75d-7e38e1be1981,"luxuriate",1,3,"Two Bee"
c1915785-ac4a-44fe-9565-e5317ae24465,"lymphoma",1,5,"Three Bee"
2ec8b9b3-fd6e-40ee-b073-778562683e4a,"lyricist",1,2,"One Bee"
b8994f3a-f9d2-47c5-94f9-4987381804de,"lysozyme",1,4,"Three Bee"
2c6ca547-faae-4b9a-a3a7-7450a91c335c,"macadam",1,3,"Two Bee"
6140f2b6-e1e0-4a66-920c-9cbecbf8dbac,"macao",1,4,"Three Bee"
c551350b-26ec-4c23-98ab-adbe84cee0e1,"macaque",1,4,"Three Bee"
7d38a18b-8b46-45ab-95bd-7ab6754fab80,"macaroonbrazenness",1,3,"Two Bee"
2215d335-889e-44ec-a51e-fc5f455091d9,"macau",1,4,"Three Bee"
429c43a7-37c2-4f70-90e2-b2579985eabf,"macchiato",1,4,"Three Bee"
c9db08a0-736d-4293-bb7f-a506d842c056,"macedonia",1,4,"Three Bee"
a3ad611c-5016-4323-b04f-deeaa2b02fda,"machete",1,3,"Two Bee"
e4071726-cff4-48d4-8abf-a45e2bdd0475,"machiavellian",1,5,"Three Bee"
a8847c95-2768-42e4-ab2a-93b9a502503b,"machicolation",1,3,"Two Bee"
51de4062-658f-44bd-ab93-50b1e377ab7c,"machination",1,3,"Two Bee"
4fe8e375-3a2a-48a9-8da7-cfa0dc8b6a2d,"machine",1,2,"One Bee"
89ddfd48-b01b-4058-8d5e-d151e574842a,"macigno",1,4,"Three Bee"
fc3b650f-8241-4b46-8a23-636e3001f940,"mackerel",1,3,"Two Bee"
de1aa658-7cdd-4f5b-81cf-2e945debcc6c,"mackinaw",1,4,"Three Bee"
938bab27-fc32-4350-b660-2158e0bfa17c,"macrobiotics",1,2,"One Bee"
05f47a14-6118-4f6a-bfa2-98a07794055b,"macrocosm",1,3,"Two Bee"
bd15060a-dc5e-4dd4-95ed-228dae476675,"macropterous",1,3,"Two Bee"
3d543d6c-cb4e-4fad-a204-37e3f65f4a62,"macular",1,3,"Two Bee"
ff883ae7-de06-4453-9451-003b65e7ac75,"macushla",1,4,"Three Bee"
5bc92304-7e80-417b-9787-82e7fa85ab9c,"madagascar",1,4,"Three Bee"
1070e0d9-5a06-4a2f-8120-1870c7057bc5,"made",null,4,"Three Bee"
e34857bf-b19d-48e8-9086-6c03c9870ae4,"mademoiselle",1,5,"Three Bee"
8b5a4caa-6c90-4008-826a-56eaad237d44,"madrigal",1,2,"One Bee"
3413fa20-f08b-40e9-ade1-638d074e5af0,"magellan",1,4,"Three Bee"
0d6b8665-04d7-49e3-b1b2-0bd027e7bffb,"magenta",1,4,"Three Bee"
10a4e785-e7c6-4f2d-bb96-2107521eed90,"magician",1,2,"One Bee"
1d1c4cb6-cfde-4655-8931-ec084e5d4295,"magistrates",1,4,"Three Bee"
15dea289-95b0-4fcb-8435-a6376cb79744,"magnate",1,2,"One Bee"
89a315e8-db88-4f87-8b66-03ecd83a7e5e,"magnificent",1,2,"One Bee"
5013da33-4796-4fda-a582-8ed8e63a499c,"magnolia",1,3,"Two Bee"
48ce2132-5bc3-48ef-8f88-b701a37635b0,"maharaja",1,4,"Three Bee"
b3c7bcf8-70b3-4263-b7b9-7760adbf94eb,"maharajah",1,4,"Three Bee"
3ccc2ca0-92fa-478e-9e8f-6817e89b7758,"mahogany",1,2,"One Bee"
9caa9e16-c1b7-4916-bc9d-5e0ce432cb72,"maidenhair",1,2,"One Bee"
0dc593e8-b011-4f19-9871-63f12dd95c14,"maillot",1,4,"Three Bee"
97d0d1fb-a4d4-415c-9563-301b27c57760,"majeure",1,4,"Three Bee"
33e91c8d-d225-48e5-b641-5ce9936c00ee,"majuscule",1,4,"Three Bee"
b19306a7-f210-448f-b393-e542a4a49349,"makgadikgadi",1,5,"Three Bee"
559130bb-0802-463b-8148-b57017f462c3,"making",1,2,"One Bee"
929fae48-ae00-4322-8c44-406220234aef,"malachite",1,4,"Three Bee"
623408e2-3272-4219-af21-317e56b4caf0,"malacology",1,3,"Two Bee"
68b299ac-6f22-4d9d-97ec-22476293ba3c,"malady",1,3,"Two Bee"
9ed9cba0-1451-47e7-99e4-9ae1e603f200,"malaise",1,4,"Three Bee"
af02490d-9241-465c-9c24-00604b0ebfb9,"malapropism",1,3,"Two Bee"
db426ac3-76ab-4538-8af1-390f58a1d4d3,"malevolent",1,3,"Two Bee"
2e80169e-c50a-48f6-a1f3-a245dee12c19,"malfeasance",1,3,"Two Bee"
b4a50347-8a21-462c-8721-4cc10dc683f8,"malicious",1,4,"Three Bee"
09f75642-bb97-4a70-8e67-b7a95a2934c0,"malignant",1,4,"Three Bee"
b3147e90-8847-4105-bfe4-6ca91f543cfc,"malinger",1,3,"Two Bee"
196b41e7-4d74-4e83-935d-e0e05d868bd8,"malleable",1,3,"Two Bee"
c1aa78f2-a23f-4592-bfb0-c1eb28b0daf6,"malleolus",1,4,"Three Bee"
d161bb80-0a0e-47f9-aee1-00784fee259d,"mallet",1,4,"Three Bee"
397aa6c4-cf6d-456f-b9ef-c08bbbf072b3,"malnutrition",1,5,"Three Bee"
98db388f-2a8a-4178-a37c-990e76d11f92,"mambomanacle",1,2,"One Bee"
6294d167-41ac-4703-9f2a-ed4682796306,"mammal",1,2,"One Bee"
2119110b-dcfa-42c9-8f47-61d066396841,"mammalian",1,3,"Two Bee"
17fa766a-d755-4d10-8f6c-f638c5c3aba5,"mamushi",1,4,"Three Bee"
449cd3ed-8923-4258-bf6d-f3c2cb106500,"manacle",1,2,"One Bee"
42fc1367-4f99-4436-ba32-9a015497c9df,"manage",1,2,"One Bee"
de0bc213-9dbd-49f6-8164-07fd946ce4ee,"manages",1,2,"One Bee"
f7f89064-f29c-496e-b448-6dcc4010a3d5,"mañana",1,2,"One Bee"
2d5fc879-37da-442b-9199-b94d8e4155e9,"mandarin",1,3,"Two Bee"
b3a8de9e-4d42-4d16-b89c-89610c2c7327,"mandate",1,2,"One Bee"
316965cb-2939-4760-ab8b-bfd13be8034f,"mandelbrot",1,4,"Three Bee"
da1fbcc6-da1b-45a3-9b82-a5320704ac10,"mandorla",1,4,"Three Bee"
2620c6b7-333f-4639-b6cc-87dff4c9c98a,"mandragora",1,4,"Three Bee"
32981667-c50b-4173-902c-5dc17baa915d,"mandrill",1,3,"Two Bee"
2bbf442b-6940-438d-8fee-e50efecc6055,"maneuverable",1,5,"Three Bee"
5d8202a4-e323-465f-a22a-4a948ade96e3,"mange-tout",null,4,"Three Bee"
9aa960b6-0769-4835-af01-c43a3a406e8d,"mangels",1,4,"Three Bee"
ecf65a77-5012-452e-9a35-45db89b012d5,"manger",1,2,"One Bee"
a83e3d23-b8d8-490f-9bba-33a6e10b53b3,"mangonel",1,4,"Three Bee"
a376b246-de18-49b0-a5a1-83f89c3a1c25,"mangrove",1,2,"One Bee"
bc08ef70-5543-4fd7-9965-d48c3fd82bc1,"manhattan",1,4,"Three Bee"
d70870df-6914-4de9-9077-f65c4aae74f1,"maniacal",1,4,"Three Bee"
7a539832-1015-4108-b3ad-400e89392a0a,"manifesto",1,2,"One Bee"
1ae50493-8674-426c-be73-6adfdc86b747,"manifests",1,2,"One Bee"
53dc3b1c-c818-4013-b482-c8f0b7651ec6,"manipulable",1,3,"Two Bee"
0ea4fb60-e854-4162-bbf9-673ab9a28ad8,"manner",1,2,"One Bee"
3cc0e057-f578-4994-aff0-8d77da2133f5,"mano",1,3,"Two Bee"
a65bf074-4ab0-4a78-87e6-7f307582cf57,"mansard",1,3,"Two Bee"
223bb0fb-5dbb-4a29-9b48-98b501734f3e,"mansion",1,2,"One Bee"
356c356e-edf2-462a-b09c-b40ef1e04721,"manteau",1,4,"Three Bee"
42d7fcc7-ef7a-43c9-afb1-321a4007634a,"mantel",1,3,"Two Bee"
cfd2223b-1621-417c-94ab-ac659bb30d74,"manticore",1,3,"Two Bee"
4feece10-7144-4b91-83e2-ee27357440e7,"mantle",1,3,"Two Bee"
484b09f8-b895-4b50-9b62-58b77fa871d4,"mantra",1,2,"One Bee"
4d6503e6-bed9-47f0-8fb5-b6947c923d0f,"mantua",1,4,"Three Bee"
6ef3ebeb-d42b-4cd9-8087-aa7621067eb3,"manu",1,4,"Three Bee"
ab867f1f-488e-4007-baf8-91a9ffbe15d0,"manualthe",1,2,"One Bee"
2526a78e-8f31-40e5-83d6-25dc65d121eb,"manufacture",1,2,"One Bee"
cd388066-ec3f-487e-9ed2-d60588a04610,"manumit",1,3,"Two Bee"
64fce8bd-43fb-4596-89f5-e8ad60fa7e7d,"manure",1,2,"One Bee"
1ef26049-c44f-49ef-9463-50129661d4b0,"manuscript",1,2,"One Bee"
8f058fee-a1af-4ed0-b9ef-ef2afb52e854,"map",null,1,"One Bee"
79140e1d-3ab8-4697-8e2a-0e87e716e0d1,"maquette",1,4,"Three Bee"
26a4a092-6ff9-43a2-8535-b58f477b1a7a,"maquillage",1,4,"Three Bee"
2de3b591-5ab6-40b5-afe7-f2bc14f77a50,"marathi",1,4,"Three Bee"
6217b1e8-d407-4c7c-b986-2c7f44c9734c,"marathon",1,2,"One Bee"
901005a7-5c54-4c59-93bf-bdc8a6dcd2be,"marble",1,3,"Two Bee"
59783cf2-c623-4b67-827f-9cd52b98fada,"marcel",1,4,"Three Bee"
f590cf8d-0bf5-4c21-8db6-0ea5bfb8a78d,"marcescent",1,4,"Three Bee"
6ff21470-f99a-4be0-bdc6-3fd43a68f86a,"marginalia",1,3,"Two Bee"
029d49b2-7315-483b-8568-72ba19e3904c,"marginalize",1,2,"One Bee"
ff5cd8b7-d4e4-4f49-a6d3-e579d385ff32,"marguerite",1,4,"Three Bee"
e0167175-4865-4bb6-bf45-c58ff753cb05,"marimba",1,3,"Two Bee"
df2cdbf7-f27d-4449-8c36-1bba0209573b,"marinate",1,4,"Three Bee"
dbec8eee-9ff0-4550-8c6f-e193f27300bd,"marine",1,2,"One Bee"
4cacabdf-1326-45d2-9fab-4bae15927dcb,"maringouin",1,4,"Three Bee"
7e1777ec-794c-47d7-bee1-43a99cc27010,"marionette",1,3,"Two Bee"
5145f53b-9457-40b6-bdbb-7eafbcf32c6f,"marionetteneapolitan",1,3,"Two Bee"
7f6d884a-21fe-49f4-b7fb-1a7a756e5fc3,"mariposa",1,3,"Two Bee"
9de898e5-02c7-4497-b1d4-ce6aa2a22b78,"maritime",1,2,"One Bee"
d9e0600a-b988-46ca-a4ee-ab40ffdca1a7,"marked",1,2,"One Bee"
ac2ef9b8-63de-473d-8ae7-9f8dcf586cab,"markets",1,2,"One Bee"
59210b22-782f-4aae-8df1-394a59e88d35,"marksmanship",1,3,"Two Bee"
a88098fa-2b6b-4146-9184-33d4dbe8c3b9,"marmoset",1,3,"Two Bee"
6ad91d5a-6c22-40b1-83e0-4f4b40a78d45,"marooned",1,2,"One Bee"
fef04511-d67d-497a-b6c3-a6133765d32b,"marquee",1,4,"Three Bee"
d20b39ae-175c-4677-b559-efa2112d2e3a,"married",1,2,"One Bee"
59979606-b59a-49c0-8187-b2662c521356,"marring",1,3,"Two Bee"
a03fe27d-7a60-4ed0-a4a3-af0cc754a7df,"mars",1,3,"Two Bee"
27fc5510-d08e-4c74-96a5-4338f6be8ae0,"marsupial",1,3,"Two Bee"
0d9d31eb-92f2-446f-a0f0-7ab521050cef,"marsupialtrefoil",1,3,"Two Bee"
1594d7c1-43aa-48c0-8b2f-4de2a3f709db,"martial",1,2,"One Bee"
0a916665-ae14-4443-b775-867f8a7721a3,"martinet",1,4,"Three Bee"
93dad57d-221a-4be1-91e5-29e7ec7f83f8,"martinoe",1,4,"Three Bee"
e330d6aa-ebd3-4dc0-acf1-6748eef59944,"marvel",1,2,"One Bee"
5f7e8526-8cd6-49cb-87c9-2a274feeecc4,"marvellous",1,2,"One Bee"
53742f43-0a90-4f5c-8eaa-9276553d0186,"marvelous",1,2,"One Bee"
ff31bb0e-7a30-4886-b691-bc8d9e764204,"maryland",1,2,"One Bee"
96111848-5e40-4fb3-bbb5-c724d570085d,"masa",1,4,"Three Bee"
2c594501-f5d4-415e-8b21-16556103ecd4,"mascarpone",1,4,"Three Bee"
5e98c367-0156-43e7-af89-e79e0f3addda,"mashed",1,4,"Three Bee"
f92d4fd6-a4cc-4a97-a5b1-6ec675f2e5f3,"mason",1,3,"Two Bee"
23fefa4f-2687-43ca-aa87-0b7ed3a80f7b,"masse",1,3,"Two Bee"
202a1714-3f28-4480-813e-0bef6e0a9a07,"masses",1,4,"Three Bee"
2b4430bf-0c6d-4cb2-9d5f-4149fb94f9b6,"massestroganoff",1,3,"Two Bee"
2f0ea1f7-007f-4422-9095-fbdeb252b9aa,"masseuse",1,3,"Two Bee"
59a13d80-830d-419c-a1c6-25cb718f9a40,"mässig",1,2,"One Bee"
e595f980-0b48-4349-860e-7bf14a2e30b2,"massive",1,2,"One Bee"
dd8a84b2-eed1-4cc6-b39e-20ba584d2d50,"mastering",1,2,"One Bee"
d11dfeb4-03a2-4b19-8e3f-f0e601f515b4,"masthead",1,3,"Two Bee"
e768af44-2b32-4c08-9a1c-e0b76a2c8fa9,"mastiff",1,2,"One Bee"
352a9c79-6f7a-405f-87e9-07446479918d,"mastodon",1,3,"Two Bee"
31f860db-e589-4482-8804-b849e35c77b9,"matching",1,2,"One Bee"
36f05ede-7d29-4faa-a4ec-86cb8b48d163,"mater",1,3,"Two Bee"
dd2b1ede-aaf7-4037-b90f-2aba99a90901,"materialize",1,2,"One Bee"
a6cb1a0e-da34-4a5c-8259-0090aee22c58,"maternity",1,2,"One Bee"
0c49eae7-b8bc-4277-a4db-8142492b9e25,"maternitybungee",1,2,"One Bee"
36ec712d-edc6-4c1e-b7f8-19acfdad1587,"mathematical",1,2,"One Bee"
ad1b2412-f20f-4d6d-aff4-8e682d47f7c3,"mathematician",1,2,"One Bee"
46b8cded-503d-442e-9eb8-c90fb569f216,"matriculation",1,3,"Two Bee"
01b3d827-22de-43b7-be62-5a8322e24b48,"matrimony",1,2,"One Bee"
8e874ece-989f-4ade-97c6-5e1f60af1830,"matterhorn",1,4,"Three Bee"
2947e268-bf1b-4491-b0b6-ae365b5c3a43,"mattress",1,3,"Two Bee"
c6f5bb43-5167-4a3e-9086-a4afa5bb014a,"mausoleum",1,4,"Three Bee"
3340f646-20c4-43d6-b0d3-43974bea8312,"maverick",1,2,"One Bee"
7a762311-e89f-4af3-904c-e303e342c454,"mawkish",1,3,"Two Bee"
36cb721a-9212-4999-a43a-955ef2998e0e,"mawkishflambé",1,2,"One Bee"
fc079a60-dfc0-4a01-8089-3047599f2e8c,"maxillae",1,4,"Three Bee"
231612b1-d771-4340-900f-f599242571dd,"maximum",1,2,"One Bee"
01d66adc-3c57-41fa-86e0-16fe5ae606ec,"maxwell",1,2,"One Bee"
7fcad8a9-7d20-4f6f-9f14-32b9b76f9234,"mayhem",1,2,"One Bee"
005e89eb-0233-4f88-9b9d-6023aaf7c1b1,"mayonnaise",1,3,"Two Bee"
021d4705-995a-4de5-b950-561cb86b3888,"mazda",1,4,"Three Bee"
a74c0e82-a1b1-4021-80d4-d501a0176d96,"mccoy",1,3,"Two Bee"
4e91687a-6831-486b-b368-99b18240466b,"mcintosh",1,4,"Three Bee"
966dff5a-f718-4607-8b40-8585a39cbd5e,"mcmansion",1,2,"One Bee"
d3f0eab1-084e-41d4-b632-ad7f373516e0,"mea",null,3,"Two Bee"
92f5c925-deb0-420b-89ba-f4e489656337,"meaning",1,2,"One Bee"
f222ba98-bc7c-45c1-baa3-e6b5e0f80cc8,"meaningless",1,4,"Three Bee"
5880e92a-8ba1-4bf3-828e-5c04bff58652,"measly",1,2,"One Bee"
74c62ba1-a157-491b-929d-31614ecf77a6,"measurement",1,2,"One Bee"
bf51cc16-1e1d-413a-8aba-1b6bc98ed154,"mecca",1,3,"Two Bee"
34101956-dbdb-4943-9133-beba2c8e4118,"mechanics",1,4,"Three Bee"
e5ae3d96-97f1-4f83-8b14-e5e45428ce3d,"medallion",1,2,"One Bee"
a21dbd53-db40-4561-ad4d-803e06ded229,"mediaeval",1,3,"Two Bee"
5cd15278-33db-4088-b2fd-5c39b76423ff,"medias",1,4,"Three Bee"
723af7ab-f553-4e18-9807-e380010eb3a0,"medical",1,2,"One Bee"
9d48572a-e110-43aa-80d4-1402e5a40817,"medici",1,2,"One Bee"
b44d3108-9e0b-4868-913e-fa348941ed5d,"medicine",1,2,"One Bee"
70a933ce-435f-40c9-95d7-6a256aa4a851,"medicines",1,2,"One Bee"
255a7b3a-98f5-4bb0-b950-041b8e47b6b6,"medieval",1,3,"Two Bee"
9a63e6e3-fa92-4531-94b0-4b72387ba066,"mediobrome",1,4,"Three Bee"
190ea9aa-0983-46bb-875f-14354c4cdf9e,"meditation",1,4,"Three Bee"
741ee8fa-f587-45b8-92ce-02d1a78cfec5,"mediterranean",1,5,"Three Bee"
170ce6ca-6e3a-454b-8475-8d81dce66a79,"medium",1,2,"One Bee"
56867cfd-8e78-4391-863e-e4405102d41e,"medulla",1,4,"Three Bee"
9810c1e2-b0d7-4636-84fd-11482f3819a4,"medusa",1,3,"Two Bee"
9900c5ab-2b47-4be0-99a1-205d0a83242b,"meekness",1,2,"One Bee"
48621803-0b1d-40f0-82e4-4a1c4137c92f,"meeting",1,3,"Two Bee"
04d618d7-1362-4d61-a016-987f9d44cb57,"megacephalic",1,5,"Three Bee"
d3ab2e43-1493-445a-944b-41ffed973020,"megahertz",1,2,"One Bee"
c7783375-f0fc-447e-96c0-04c015a9f36a,"megahertzgnash",1,2,"One Bee"
3112ea44-d4fd-4606-9400-26ca01221fb7,"megalomaniac",1,3,"Two Bee"
60de3abf-b0fa-4216-a7a4-5e4b2e2f7590,"megaron",1,4,"Three Bee"
0395705c-0fe2-4da2-8b84-579a17364132,"megrims",1,4,"Three Bee"
a67f06f0-7c84-4b72-9c1e-929bc6c4dbb2,"meiosis",1,4,"Three Bee"
6a882366-c3cd-4156-847c-3bad92934461,"meitnerium",1,4,"Three Bee"
c7a9f88e-4bea-4c39-8813-5f187a3c5a1e,"melamine",1,3,"Two Bee"
d00bda14-637b-4cdc-b5fd-d26dd416f998,"melancholy",1,3,"Two Bee"
5096c308-6414-41a0-9ef7-24d77d71caa9,"mele",1,4,"Three Bee"
c6352e63-edaa-48ed-a9a2-f4b3708d7c78,"melee",1,3,"Two Bee"
fadf49ac-334f-45d0-978a-7213cdd64e42,"melismatic",1,3,"Two Bee"
75875d51-428b-420b-96c2-fef6be62cd62,"mellifluous",1,4,"Three Bee"
e1e507db-5201-4eec-9928-3d85e09fd5c2,"mellifluousclemency",1,3,"Two Bee"
0ba43105-9c65-4596-8852-181e3298c3a9,"mellow",1,2,"One Bee"
1eeb3974-5985-49f2-b609-2b66f087c38c,"melodramatic",1,2,"One Bee"
6d0b4313-7952-4f32-b44a-d5607e951ec6,"melody",1,2,"One Bee"
257f295e-00b0-4764-81c7-ab9a4c06acc9,"melted",1,2,"One Bee"
3a1cf12b-1984-4eea-af4a-c76de2bda937,"meltedmembership",1,2,"One Bee"
3ac65b3a-3299-49e6-bb61-1db7d6e1ded8,"member",1,2,"One Bee"
af36d50c-f5b4-48e9-a73d-736fa31603e5,"membership",1,2,"One Bee"
99889622-7287-4ef6-8228-bedb94c95f9d,"membrane",1,3,"Two Bee"
3d5517b7-29f4-4dfe-9e2e-2349bff0fb2c,"memorandum",1,2,"One Bee"
168d9644-cdfd-483e-bfd8-9b2d5970eb4d,"memorial",1,3,"Two Bee"
b33fb4e3-4b9d-4216-b010-2bdc8a7de53c,"menacing",1,4,"Three Bee"
f3fdcf63-b54e-408a-b132-d2c3e6ca4a40,"menagerie",1,3,"Two Bee"
b8ff36d6-9520-4842-929f-51033ca7ecbd,"menaia",1,4,"Three Bee"
972ceb39-d2c4-45e2-8f74-fe91b3b63588,"mendacious",1,3,"Two Bee"
9af299db-e44e-4fb3-86d9-2c8e84aaade0,"mendicity",1,3,"Two Bee"
315fdb9f-f850-4901-b6dc-e89f4a78f78b,"menial",1,2,"One Bee"
d0f8f0f4-78fd-4a86-bdaa-3d8fcd9d39f3,"meningitis",1,3,"Two Bee"
16558c1b-8d3c-4b96-ae40-5dd3e5383d54,"meningitismephitic",1,3,"Two Bee"
8b860e51-218e-4004-8fea-93b87d176b87,"menthol",1,3,"Two Bee"
0b443770-47da-4e55-bd4b-d47d86b62ef6,"mention",1,3,"Two Bee"
fa8b82be-3c11-4549-bd22-3460af3c94e9,"mentor",1,2,"One Bee"
7f34fbd4-b380-4ee2-8f91-f7d02c658b3a,"mephitic",1,3,"Two Bee"
6026a9b1-e236-43b2-b62c-e3cf10c002b2,"merak",1,4,"Three Bee"
29c8af07-ce6f-4495-aa3e-6d151c38edb5,"mercenary",1,4,"Three Bee"
14d6c6af-95ac-4950-af59-4c1a82292b4a,"merchandise",1,2,"One Bee"
25f96b2b-4b95-4f17-b241-8106af3582b4,"mercury",1,2,"One Bee"
44c696eb-9d9a-4f47-b387-0d0b63327ba5,"merely",1,2,"One Bee"
8fa21158-e8dd-4c48-9db3-10d7b419ac24,"merfolk",1,3,"Two Bee"
d1f18af8-8864-464d-b586-e4c5f309c1f3,"merganser",1,3,"Two Bee"
412e708e-c6e0-4cac-b9a6-9550e80edd07,"meridian",1,3,"Two Bee"
1bb2b904-27fb-4fe5-a610-6c99812b1cbc,"meringue",1,4,"Three Bee"
e5e4f939-e886-42e9-a659-5f4339720ae7,"merino",1,3,"Two Bee"
5925614f-095e-4fa3-9f9b-bc94348b85f1,"merlin",1,2,"One Bee"
091abe46-a5e7-4f3d-9ae7-d80c8a7d3086,"merriam",1,2,"One Bee"
4e4d4ad8-2cc7-48e7-9994-362745a8b6c6,"merrier",1,2,"One Bee"
f6155da6-ef60-4469-aa71-06010e5803d8,"merrimack",1,4,"Three Bee"
17e14f89-42aa-4b34-a6b2-8ed1cc72266a,"mesial",1,3,"Two Bee"
4b98187d-1270-42c0-be5b-b506b5df9b06,"mesopotamian",1,3,"Two Bee"
b6db76ac-f9a0-47e9-b387-44bc749800e0,"message",1,2,"One Bee"
c1cd0d6f-c0f7-46f9-8e3f-45ee64324f14,"messenger",1,3,"Two Bee"
07e0e2e3-4fdb-4ad8-b690-6e36609c2200,"metadata",1,2,"One Bee"
a92c5a39-6e28-4356-b98b-f1722c345026,"metals",1,3,"Two Bee"
3d0d0e32-6d8c-4ef4-b6e6-2e7a752a4383,"metaplasia",1,3,"Two Bee"
50e56f39-759d-4c85-baad-a3253e6c587e,"metastasize",1,3,"Two Bee"
b7a0ae8e-8627-4460-ab55-341f3db4cbe3,"metatarsal",1,3,"Two Bee"
860f53da-ae38-42b4-b050-152cfaeb753d,"mete",1,4,"Three Bee"
68c9c6ae-e418-425c-8e97-1ae037e5a717,"meteor",1,2,"One Bee"
63459379-aef4-436d-84c5-f7070aa46dbe,"methodology",1,2,"One Bee"
ddc15a41-378a-4478-81fb-a4b6ce5d2d53,"methods",1,2,"One Bee"
e40544fa-64b6-4cb1-b328-84129524e78f,"metonic",1,4,"Three Bee"
a75f569b-154f-4aca-9500-8e7d77a4a900,"metrical",1,2,"One Bee"
0f7258e2-d106-4721-88fc-1c7dbf34bcef,"metronome",1,4,"Three Bee"
375173ca-05ee-4e83-943e-3268ce333e55,"metropolis",1,3,"Two Bee"
63cbbc61-953b-45f9-9ac9-0bff3aa33e1e,"meunière",1,2,"One Bee"
e678e066-ca5c-41c5-9b82-703d314f650c,"mexico",1,3,"Two Bee"
372884ca-6d3d-4d11-9b53-029564794fab,"mezzanine",1,3,"Two Bee"
e5ada7a8-76e6-4ac4-a863-795d06b4388e,"miasma",1,3,"Two Bee"
acd424d0-926a-4ad8-9640-4e5ae0e54319,"micellar",1,4,"Three Bee"
c77c1dbc-e6f9-485f-b1fa-e89d7e14eafb,"michaelmas",1,3,"Two Bee"
6feb211a-2c9d-4abe-9cbc-6c90b4ea84a1,"michel",1,2,"One Bee"
187bd871-9ce2-45e0-9be5-b4af89623b91,"michigander",1,2,"One Bee"
7313c29b-5edc-488f-93b4-34ffa227e41c,"microfiche",1,4,"Three Bee"
d37f534f-2640-4231-b6d5-bc06e75b8175,"microphone",1,2,"One Bee"
a927f0ee-bea1-459a-b97a-13577de2d57e,"microwavegabled",1,3,"Two Bee"
6f5459ef-3519-40d0-8ba6-5ede27ec0873,"midair",1,3,"Two Bee"
6deed970-65c3-4a37-bf0b-9c6a50150b2b,"midday",1,2,"One Bee"
ab24623a-d93f-4e67-bf50-1ff8339ffffb,"middle",1,3,"Two Bee"
9fe7fe9a-db75-4fcd-bea6-3ef8375c3f88,"midi",null,3,"Two Bee"
03a3e1f4-2c71-4752-91d1-a12f2c887106,"midnight",1,2,"One Bee"
840da220-2d3e-4389-af22-646e43f85af8,"midriff",1,2,"One Bee"
a1b9ab26-f7da-45c2-9247-569628170e4d,"midriffteaspoon",1,2,"One Bee"
d1a54978-242e-481a-a3fb-440bcbf653b6,"mien",1,4,"Three Bee"
bbf9d7f4-ffc1-413a-ad56-b41272128d39,"mighty",1,2,"One Bee"
f370ff7b-8afa-4c41-a8ff-f8d98ad38c5f,"mignonette",1,4,"Three Bee"
2eb4dabe-4a74-46b3-8a39-0a5770a188ab,"migraine",1,2,"One Bee"
f555e4f3-a4be-473a-a87d-3d0bd69cc9bd,"migratory",1,2,"One Bee"
00e94bf6-0d20-4823-972e-99f014e45280,"mildew",1,2,"One Bee"
29069cdd-d817-4937-89f6-c48c47778108,"milieu",1,4,"Three Bee"
2a0351bb-3843-4010-89c3-69753f4d6b62,"militant",1,2,"One Bee"
56e90297-8a31-465b-8365-5630df04ad3d,"military",1,3,"Two Bee"
13bb996b-c92c-4afb-830e-df03cce49fe5,"millegrain",1,4,"Three Bee"
737ca3d7-d108-4f9f-9a64-1deab0dfbd5f,"millennial",1,3,"Two Bee"
37bb2ea6-7374-4e6d-a517-aecb614a3d51,"millet",1,3,"Two Bee"
98c10ceb-0786-4137-b39f-e7a59104bd6b,"million",1,2,"One Bee"
0e643b60-c699-4c28-bc49-1511a58d2393,"millionaire",1,2,"One Bee"
7fa4c40d-e19c-4e98-a4da-c044f8f4e32b,"millisecond",1,3,"Two Bee"
de99699d-c212-4e73-90e5-59778a022927,"millisecondmillivolt",1,3,"Two Bee"
60faeb63-3540-4bff-a439-4182dd050ed6,"millivolt",1,3,"Two Bee"
d198cd2a-6b01-4f35-a543-b05d79154411,"millivoltherringbone",1,3,"Two Bee"
d0db6cd4-3579-44fc-b553-d7bda214b877,"mimeograph",1,3,"Two Bee"
38ef5dbf-1413-4273-9f3b-bef13d217a79,"mimeticunabated",1,3,"Two Bee"
3b886add-1a5f-4a32-8aea-e28fc3472cf1,"minacious",1,3,"Two Bee"
4468bd92-f1b4-41be-afed-e634d53a412f,"mineral",1,4,"Three Bee"
d6c10dfe-b0ee-459e-95fc-5503fc8ddb1c,"minerals",1,3,"Two Bee"
6b54628b-c431-45ac-bb0b-0ef8c08ccdd7,"minestra",1,3,"Two Bee"
c1fb2d00-6017-4e7c-8980-15e9e2a5a814,"minette",1,3,"Two Bee"
27cedf80-a11b-431a-a26f-551b552148ed,"minimise",1,4,"Three Bee"
b444cd62-775b-4cb9-92f5-f3d6923de59b,"minimize",1,4,"Three Bee"
04507541-aaf5-45cd-98e1-4bc04335b458,"minimus",1,4,"Three Bee"
ab957144-e13b-4fe6-b094-68ee09f98a1d,"miniscule",1,3,"Two Bee"
06416f60-a826-4b4d-8a51-c0be9a6c6e95,"ministrations",1,3,"Two Bee"
79ba4509-9c30-4780-920d-b0d2a03873cb,"ministry",1,2,"One Bee"
5b6a252e-f725-4a14-82e2-4aa666d6dc07,"minivan",1,3,"Two Bee"
b34803a5-b52f-4244-901c-7c4468e2d845,"minivets",1,4,"Three Bee"
615fb668-c6c3-47b2-88bb-33034f679c4a,"minnesota",1,4,"Three Bee"
562b989f-e2a0-409f-85fc-06b6c24de6bb,"minnow",1,3,"Two Bee"
78e9f2ea-980d-4933-9139-beefaee116e3,"minority",1,2,"One Bee"
c6c89790-9925-49bc-bfda-e541e7c88162,"minotaur",1,3,"Two Bee"
c81a2b0d-b6e5-41dc-9796-eb73c807a6ef,"minuscule",1,3,"Two Bee"
0767a2c5-efed-4915-912f-a6ecf1ea7cbc,"minute",1,2,"One Bee"
556eaa5d-43e9-4146-bf9e-8efcfe169410,"minutia",1,2,"One Bee"
164d8340-7fa2-47dc-a201-c45096029aad,"miombo",1,4,"Three Bee"
3a98f29a-b82c-46b0-bdf4-c18eb724dff5,"mirach",1,4,"Three Bee"
9a063db5-73a6-47a6-807f-065688d72593,"miraculous",1,2,"One Bee"
88184fdd-f670-4ed8-a461-ae91157346a0,"mirage",1,3,"Two Bee"
d9da2061-0d31-4ed2-9d58-ada8db0dc288,"miranda",1,3,"Two Bee"
a5bd816e-bbe2-447d-bca9-c17b6b060d04,"miscellaneous",1,5,"Three Bee"
ffe785d7-e55d-4b9a-846c-dae3c03041d1,"mischief",1,2,"One Bee"
d1c462b7-9a3f-477a-af54-e4a8554ccb3e,"mischievousbionic",1,3,"Two Bee"
f34ff914-5d86-46a0-a645-549863b1e9ff,"miscible",1,4,"Three Bee"
8d567d5e-6a16-4484-9904-ffd33a534e31,"misconception",1,2,"One Bee"
d27c8347-56cd-4f62-8fb1-7401ed469614,"misconstrue",1,3,"Two Bee"
c569727b-7c23-4bde-bdb5-ee27f176cf74,"miscreant",1,4,"Three Bee"
15e80404-460c-49ef-945c-2530b3ea2b2c,"misdemeanor",1,4,"Three Bee"
267f3c74-20ae-44c1-83df-5d633c7b6e0a,"misdemeanour",1,5,"Three Bee"
b048ef87-bae5-49a0-a4cf-d971927362dd,"misericordes",1,5,"Three Bee"
597e9508-cd00-40dc-894b-98f61e886a66,"misericords",1,4,"Three Bee"
80e571b1-68ed-4062-a93c-261e174ec237,"misery",1,2,"One Bee"
e9388739-1e20-4b97-ad17-096408fdb4b4,"misinterpret",1,2,"One Bee"
96bfe517-240f-49fe-a60e-d403f416c402,"mislead",1,3,"Two Bee"
2863db6f-5222-4caf-aefe-bcf71158f3ca,"misnomer",1,3,"Two Bee"
7f5bb379-30a3-481a-bb06-73bda48d564a,"missile",1,2,"One Bee"
48913c70-4cf7-4d90-bc42-4d92968024fd,"mission",1,2,"One Bee"
0e87887a-9d02-4f3f-8989-53602d7d42b6,"missive",1,2,"One Bee"
3fafa7bb-e9e9-40ef-a43d-bf945c7ab56b,"mistake",1,3,"Two Bee"
e01ab9e3-32bf-4c19-bb41-ef35c82aeffd,"mistaken",1,2,"One Bee"
efbeedda-307d-4107-84c9-efc83d2984e3,"mister",1,2,"One Bee"
00cfc141-977f-49ae-9bb0-f30d6bb279cd,"mitigative",1,3,"Two Bee"
6c26e702-56b4-4cee-9efe-3cf765910dfb,"mitochondria",1,3,"Two Bee"
ea98c17c-31db-40dc-b280-5dd019efdeff,"mittimus",1,4,"Three Bee"
3f28ce14-1ba1-4fd3-be49-0d9b2a19b6d4,"mitty",1,3,"Two Bee"
5c11cc7e-1fc0-4b34-a4dc-ea8009e4795a,"mix",null,1,"One Bee"
69a3b4b2-3cca-46b7-81af-3db4c1039eee,"mixture",1,2,"One Bee"
45dcd058-fc74-4526-ac2d-f3e0dc4536f4,"mizuna",1,4,"Three Bee"
a749455f-d11f-4f2d-badc-6bea4c62111d,"mobility",1,3,"Two Bee"
6b5bbf20-510b-4d1a-ac87-4cc5c6ed331b,"mochi",1,3,"Two Bee"
9823ebf0-3e50-4717-9f49-0c9160cfaaf7,"mockery",1,2,"One Bee"
34a210f2-4251-41a6-b40c-dd6e7430528a,"modality",1,2,"One Bee"
7150507a-663a-438f-8fa8-caa40e25fecc,"modern",1,3,"Two Bee"
30b39dcb-4617-4b68-b769-30ec404149a3,"modesty",1,2,"One Bee"
d2826875-f91a-4af5-a1d1-b8a583bcaada,"modicum",1,3,"Two Bee"
e33ffb93-8e0a-44c5-807a-389fd3f01990,"modify",1,2,"One Bee"
aca0d3b0-95c8-4a12-96ba-497179111d16,"modiste",1,3,"Two Bee"
ca450446-4cc1-408a-b096-e42600f0d7a2,"modular",1,2,"One Bee"
bfc93c5d-6ba1-48d7-8c3a-b1a5d27218c4,"moiety",1,4,"Three Bee"
ac63aef1-808d-4ed3-b3c3-bb99810c3093,"moines",1,4,"Three Bee"
814c652a-8178-4529-b0da-5ad67f2cd109,"moira",1,4,"Three Bee"
787c99ba-091f-4d18-a15b-362b83dbaaa5,"moissanite",1,3,"Two Bee"
b422f36b-e3b6-4fc5-a834-5814c44c07c8,"moisture",1,2,"One Bee"
6dca9e8b-3806-4b23-b3f1-6daba9d693b5,"molars",1,3,"Two Bee"
eeff2227-5de7-4c1d-a1a7-9545ffeddd9e,"molasses",1,2,"One Bee"
ec0c2060-5401-4b0e-ac7f-09e8bcb688ab,"molecule",1,3,"Two Bee"
440f79ef-44c8-4271-bab5-87aa5986b990,"moleculemonopolize",1,2,"One Bee"
be86a794-d8f0-4d10-aa59-61e4deca686b,"moline",1,4,"Three Bee"
b0cff46e-d212-461e-96a9-b9d7b93fbe6c,"mollify",1,3,"Two Bee"
b78db93f-aa49-481a-be0e-3972ab24e290,"mollusk",1,2,"One Bee"
ea87d4ab-97ae-4e19-a886-c905aef00218,"momentous",1,3,"Two Bee"
b7e12eaf-8303-4add-aafd-61c28beed5a4,"monarch",1,2,"One Bee"
24af6efa-02a8-4dc9-ba75-a61be0691cbb,"monastery",1,2,"One Bee"
4c088f0a-41c1-4e49-a630-3faf3f0fa76b,"monday",1,2,"One Bee"
62cea370-855c-4835-870a-39388a355d13,"mondegreen",1,4,"Three Bee"
468e4a69-3ddc-46f8-b165-94d5a09dd656,"monitory",1,3,"Two Bee"
66478cd5-0739-4ab7-9207-ca74f092e726,"monkey",1,2,"One Bee"
95249912-2942-430b-b75e-deeba3b2a44a,"monochrome",1,3,"Two Bee"
4d771408-a61c-4f76-93d9-564c968966f9,"monochromefacade",1,3,"Two Bee"
fd4e5726-2fb4-445f-a096-39545fcef09c,"monocle",1,3,"Two Bee"
8b3b4a94-bca1-4af2-9de4-994bb147fde8,"monopolise",1,2,"One Bee"
6458d75d-9c1d-4c5d-9955-58764cf8c985,"monopolize",1,2,"One Bee"
48bcb722-07e7-467c-96ab-0fa1ef3882c1,"monotone",1,4,"Three Bee"
51452734-87a6-4055-8e24-a5766274c786,"monster",1,2,"One Bee"
0d1c0fff-96a6-4ee8-9851-47c20a492902,"monstrosity",1,2,"One Bee"
cc1b8629-503f-4015-8106-6deb3ccdc8a2,"monstrositysofa",1,2,"One Bee"
adb752e7-d7f1-41e3-9cf1-d18f05772501,"montage",1,2,"One Bee"
9dcf120e-bdab-4104-8c28-367a880ab0b8,"monthly",1,2,"One Bee"
8ee7f94f-55ad-4bb1-b98e-093bfa22a324,"months",1,4,"Three Bee"
c7e8e194-f292-4c3a-88c4-daf5bfd453b6,"monture",1,3,"Two Bee"
507c7a9b-b085-4c70-8073-fcd808ed9b21,"monumental",1,2,"One Bee"
c6a8edca-3032-4601-8bd7-da0aca2596e7,"moo",null,1,"One Bee"
0a2970d9-ae94-4eb1-a672-e42e8c32f7f5,"mooc",null,4,"Three Bee"
b55a3ff0-d4dc-48b7-8b01-b96c59b5b760,"moorage",1,3,"Two Bee"
4658fba6-105a-48d6-8cdd-779f1aa9061c,"moppet",1,4,"Three Bee"
dae92cfd-24c2-4107-888e-8f7c0176113c,"moraine",1,4,"Three Bee"
c26cb5a2-dd0f-4b54-9464-a605e8606e9b,"moratorium",1,3,"Two Bee"
5da85ed4-2451-436e-a310-dc480f0574da,"morbidity",1,4,"Three Bee"
cc9446fa-1ce9-4798-8e1f-6c12b4ac1e5b,"mordant",1,3,"Two Bee"
fcff1c00-1394-4540-8d38-7b5286f5c9be,"more",null,1,"One Bee"
9218a8a8-5bb1-4ca5-aae1-28c85efe0f8b,"morel",1,4,"Three Bee"
3eba31d1-a258-4bb5-9a44-99d992e754a7,"mores",1,3,"Two Bee"
004d0ceb-c540-43ac-8e38-cc73c96dc3ac,"morgana",1,4,"Three Bee"
514cc7f0-9471-4314-b60d-52172210d2da,"moribund",1,4,"Three Bee"
8a3c0dfd-fa89-46a2-b3d1-4bcff020d2b9,"morion",1,4,"Three Bee"
345de9c3-a1af-457a-afd2-9e0c4938cd50,"morionmortadella",1,5,"Three Bee"
08d52309-2843-4b72-a18c-308bab932d04,"moroccan",1,3,"Two Bee"
4317599a-e981-4d0a-82c8-a8a5cb402f0c,"morose",1,2,"One Bee"
3d176984-e608-48e6-89d2-cf3256b9ab07,"morphological",1,3,"Two Bee"
fbb26fa1-a88a-412d-bd00-fadc0377be59,"mortadella",1,4,"Three Bee"
0c5549f5-b3e5-462b-956d-9ed96fe1834d,"mortal",1,2,"One Bee"
e86b6dea-eff9-49dd-bd17-86f04c763c70,"mortgage",1,3,"Two Bee"
4b44fdc8-dcf3-49aa-96a6-db0dc2448728,"mortician",1,3,"Two Bee"
13887d25-6c69-45ce-9e0f-511c0fc4392d,"mortification",1,5,"Three Bee"
90bc663f-7158-4c31-8457-bb78ae590205,"mosaic",1,2,"One Bee"
e87a9137-0918-4b75-a2bd-86cced1feb50,"mosquitotarget",1,2,"One Bee"
558e0c73-0ba3-4474-b0f2-cf33a829b12e,"mostaccioli",1,4,"Three Bee"
a30f7f73-c1db-4a1d-b983-d5284f4f33f7,"mother",1,2,"One Bee"
b0e556c8-aa9a-4657-95ea-81a864d4a3dd,"motherumbung",1,5,"Three Bee"
ce71be05-f00b-464b-8c5c-838eb6c3d5ce,"motion",1,3,"Two Bee"
11637036-aae8-44ea-b490-eab82d8e84e7,"motley",1,4,"Three Bee"
0bb6d1f9-9e09-4021-837e-0f2551069119,"motrin",1,3,"Two Bee"
0849a2c4-5e4c-48b3-a3cd-dd3c340016e3,"moulage",1,4,"Three Bee"
4a4ebe0c-d414-4472-8ee1-24594bea6462,"mountain",1,4,"Three Bee"
4dc70cd3-b06b-4550-ba26-491ba3fbf51c,"mountebank",null,4,"Three Bee"
3f8bb9b5-8712-49ea-bd1f-6fd0801c6010,"mourners",1,4,"Three Bee"
cc651297-68e5-4cb4-9180-78622840a10f,"mournful",1,3,"Two Bee"
37d6547b-3d50-4b0f-bca4-82f7c2e34555,"moussaka",1,4,"Three Bee"
b84070a9-0402-44d8-822a-bc3b4c8ec89c,"mousse",1,3,"Two Bee"
45ba9514-c5a3-4a19-bf91-f465cd9540c5,"moustache",1,4,"Three Bee"
185c0535-a765-4096-9d53-5d3e495669ba,"mouthfilters",1,2,"One Bee"
d9c52ba3-05b5-4df6-9490-0e34bc0bda58,"movimento",1,3,"Two Bee"
17c728df-65d9-409a-af84-9caf83b4da85,"moving",1,2,"One Bee"
5f43247d-bd3c-4ad2-a62a-e16d4b2d5636,"mozo",1,4,"Three Bee"
42b95694-3324-4b6b-895a-1ac87b48d531,"much",null,3,"Two Bee"
3561c3cf-e8c2-4005-870a-b2faa528c90e,"muchacha",1,3,"Two Bee"
82cdf564-6b92-4285-8374-4b02ff2f4b81,"muesli",1,4,"Three Bee"
6ad512c6-b50b-46fe-b0bf-43cf83b5e103,"mufti",1,4,"Three Bee"
94bf38c7-abf1-4a80-81e3-399916df5598,"mugwumpdollars",1,2,"One Bee"
6630cdaa-4069-4e4f-ac76-9428bbe0c688,"muktuk",1,4,"Three Bee"
e2b4e6f3-13e7-4ea0-8bfe-b328b11d56b9,"mulberry",1,3,"Two Bee"
583d64f7-8545-45a3-a55e-7c3b7f9b1b7f,"muliebrity",1,4,"Three Bee"
a80dc1ce-1bf7-4858-b108-2cfc8cede0b9,"mulish",1,3,"Two Bee"
9b1db3a6-4f4b-47f7-9a54-65e736617484,"mulligan",1,3,"Two Bee"
80c25420-ab28-4191-a8fa-402a7f49a709,"mulliganmunich",1,3,"Two Bee"
8875972c-f93c-47c9-8384-d649687b15d8,"mullioned",1,4,"Three Bee"
10f6d600-8aad-4cbf-a72f-d504fe514a27,"multifarious",1,3,"Two Bee"
6ac88493-af9e-4be8-8de1-cffc2472e52f,"multiple",1,2,"One Bee"
e1cda043-eb26-4699-a102-0dd7bbf25925,"multiplication",1,3,"Two Bee"
32c6ce7f-4b7a-4d64-b65a-d8c10be5419e,"multitude",1,4,"Three Bee"
7a5813f3-aa7c-4549-a9ab-aac9d4256451,"multivalent",1,3,"Two Bee"
4de5f56e-a60d-48ef-acfa-9b3520a9f2c1,"mumbai",1,4,"Three Bee"
04bd9b4f-fa90-49c8-8770-8565ef4a500c,"mumble",1,2,"One Bee"
3c027b99-14ee-46cf-878a-2c9a39ead6ac,"mummified",1,2,"One Bee"
f080f237-7813-468c-b844-0deedd4a51e9,"munchkin",1,2,"One Bee"
49c502cf-54ed-4308-abc9-b4b3dcc3ea2b,"mundane",1,2,"One Bee"
5176f643-e30e-48dd-98b0-95901b0bf54b,"munich",1,3,"Two Bee"
41989607-e7fd-47ad-8f7a-ad0f1a4b1596,"municipal",1,3,"Two Bee"
4308734b-d2f4-4330-b9ed-be524ee8288e,"murals",1,3,"Two Bee"
4d1a054a-d0bc-4a95-9c6a-a8e747477e08,"murky",1,3,"Two Bee"
48dff52e-902c-4d82-8a4c-c52cc89abee4,"murmuration",1,3,"Two Bee"
d20a1e62-f937-496a-abe2-bd9771059b1c,"muscles",1,3,"Two Bee"
978ea2c4-68c2-439d-a756-3344c4707cc3,"muscular",1,2,"One Bee"
28dc619a-634a-4651-927c-75867cb4db1c,"museum",1,3,"Two Bee"
fe10f578-2b4d-467a-8393-83ed82be4ce3,"musical",1,2,"One Bee"
22fbd281-c00c-4380-be0e-448637ad6e1d,"musicians",1,2,"One Bee"
00de15cf-e940-4175-9e3d-b7bd40fd4a80,"musings",1,2,"One Bee"
fd3ee7b1-fc38-4d9b-b486-264396e4d4be,"muskeg",1,3,"Two Bee"
e87cb7bf-8556-4ada-ab82-76b6da162f6c,"musketeers",1,3,"Two Bee"
c750654e-566c-4313-9980-091a70fced07,"mustache",1,4,"Three Bee"
e9c2ed9a-29c4-4320-bb88-730250d7115c,"mustardcruel",1,3,"Two Bee"
89e00970-99f7-474f-a09c-52ae3ff8c7dd,"mustelid",1,4,"Three Bee"
61452c52-e4e2-418a-8211-82bcaa7522aa,"muster",1,2,"One Bee"
386de6c6-8ee6-4fd2-927d-f5011559de0e,"mutiny",1,4,"Three Bee"
f980eb66-bb02-4d14-b2fe-22ce7d7ea243,"mutter",1,2,"One Bee"
815299fb-83a1-4a90-8aaf-5c97074c03cf,"muttonchops",1,4,"Three Bee"
4503ec2f-cec9-476a-9bcc-d28bff8d0217,"mutual",1,3,"Two Bee"
ed3cfd2d-89bd-45ea-a402-e9ae8132c49d,"muzak",1,4,"Three Bee"
7f9d1381-a0b7-47b0-b204-d4dd7731e823,"mycology",1,3,"Two Bee"
373bdc73-9219-4a0b-8486-1583c8b20a3e,"myeloma",1,4,"Three Bee"
3879d0eb-ab67-47a4-99f7-56ddf75df25d,"mylar",1,3,"Two Bee"
d4562550-6b64-47af-ab04-34031487ba2a,"myocarditis",1,3,"Two Bee"
2011c8ff-3402-403a-8861-a8b885ea292b,"myoglobin",1,3,"Two Bee"
b244a51c-d45f-4d3d-9ed1-f1f165e91302,"myopic",1,3,"Two Bee"
3a3980ee-6851-478c-83cc-be08ab765b62,"myself",1,2,"One Bee"
00a7351a-ad32-4011-af5b-9da8fac7a391,"mystery",1,2,"One Bee"
9f41df50-59c3-4ac5-8c35-54b4858e33c7,"mystified",1,4,"Three Bee"
c889e085-48bc-41ef-bd15-14a4896e079d,"mythical",1,2,"One Bee"
b0ba7b13-c37b-43aa-bfba-5e260b240c71,"mythicaln",1,4,"Three Bee"
7aacb910-1fd8-4ebd-af5d-bb80dbab1a0d,"mythological",1,2,"One Bee"
c6063fe7-5e5c-402a-8073-112f3d62b076,"mythology",1,2,"One Bee"
030f5731-f158-4b1e-9ca9-4e9f7ac1e8de,"nabal",1,4,"Three Bee"
9e676b79-9719-432a-8d26-cc8c72326c5c,"nacelle",1,4,"Three Bee"
e6016ff8-3db5-4f59-8b1d-d65f144be901,"nada",1,3,"Two Bee"
cb3233e4-ec03-46f8-a239-15180157b974,"nagged",1,2,"One Bee"
658117d9-4d3e-443a-b055-dabb5c4fa8aa,"nahcolite",1,4,"Three Bee"
c34f8d4c-9972-4442-ae17-f6c8b39f9f98,"nails",1,4,"Three Bee"
46ed3c61-2cd5-44bb-be92-0fe4da76fa91,"nainsook",1,4,"Three Bee"
b01daece-a668-409d-8d40-a7eed53e6112,"naissant",1,3,"Two Bee"
7993722e-7975-47dd-b2bd-48b199abf61a,"naissantadieu",1,3,"Two Bee"
a131f04e-79c5-477b-8440-b9adf0a597f0,"naïveté",1,2,"One Bee"
aa65dffe-6fcb-4dec-a050-eafa7ec69b4b,"name",null,1,"One Bee"
913ddffc-f98f-42d4-8446-40002409ff94,"namesake",1,4,"Three Bee"
61a06d81-5ca6-4021-855a-580de87c42a9,"namibian",1,3,"Two Bee"
c6efb460-7579-43a8-9fde-ecb118f3ec78,"nanotechnology",1,3,"Two Bee"
d8d2fc48-6296-4576-8283-23454530d3ab,"napkin",1,2,"One Bee"
3b9ab129-b2b3-4482-950d-85fabbfeb34e,"napoleon",1,3,"Two Bee"
1ef3b9d7-4e67-4f83-bc89-7e37b85320ca,"naranjilla",1,4,"Three Bee"
c559ed8e-3b4c-448e-a882-0a2cb24fc2cf,"narcoleptic",1,3,"Two Bee"
8c3de609-06ec-4fb3-b993-aa18054dfb36,"nares",1,4,"Three Bee"
e43bc142-875d-42c9-b691-9d63762351bd,"naricorn",1,4,"Three Bee"
ce1149d8-e22d-407d-afc6-eda0f6717aac,"narrative",1,4,"Three Bee"
db1a0703-796c-4bd0-a499-159c94db2ff6,"narrow",1,4,"Three Bee"
111b9fc6-95bf-4283-9a56-1df7b580719e,"narwal",1,3,"Two Bee"
e7c5331a-f807-436c-a1d6-a8f807db0309,"narwhal",1,3,"Two Bee"
b67d4cf8-f7a9-4ab7-bd57-2285750e03f8,"nas",null,4,"Three Bee"
500eca95-0ca1-421a-9759-8ef80320e777,"nascent",1,3,"Two Bee"
f33cdaf4-d92b-4334-96e7-9281f609ec85,"nation",1,2,"One Bee"
20330212-179e-4484-b131-c7151dbbfddd,"nationalism",1,2,"One Bee"
a726996c-0f00-4d40-8391-ca408c5eab35,"nattily",1,3,"Two Bee"
42f600ea-b7b0-4c07-a96e-072bce2965be,"natural",1,3,"Two Bee"
41db4e39-86d2-44a8-8396-63261a209591,"nature",1,3,"Two Bee"
28c4fd34-f7cf-4ec3-923b-c2f8819f748e,"naugahyde",1,4,"Three Bee"
5fa0c1c4-af1a-46ce-bd71-f1111ffaedaf,"naughty",1,3,"Two Bee"
b5b2adb7-5ad6-4458-ba19-adf55d7e6b74,"naumachia",1,4,"Three Bee"
e928fb99-cf10-47b5-8097-00a26127c42d,"nauseam",1,4,"Three Bee"
15a98849-159d-4ada-a3e8-30d499b090c8,"nautilus",1,3,"Two Bee"
0d304897-2931-4a8d-8297-74d2be06f643,"navaho",1,3,"Two Bee"
69244062-2cc2-4ec6-9e10-86c9bbda2efe,"navajo",1,3,"Two Bee"
cf2648f3-3b37-415a-97ad-fa2f5bb25106,"navigation",1,2,"One Bee"
999cdf9d-6673-460b-ade5-86ca18d0f1ff,"navigator",1,2,"One Bee"
89db0eda-d381-48ca-a586-82c0be92eb7a,"naysayers",1,2,"One Bee"
cbe89777-946b-4d30-84a0-bae5bb7f1f02,"neapolitan",1,3,"Two Bee"
72856916-fdfa-4dd6-bc4a-42aa7b45cc32,"nearby",1,3,"Two Bee"
ba5a4b3c-2857-4266-958f-d5d7e468cf0f,"nearly",1,2,"One Bee"
433bb311-8cb2-4170-b20e-522904107569,"neaten",1,2,"One Bee"
6abf034f-4dd6-48a7-984f-54dd94f51d2c,"nebulous",1,3,"Two Bee"
33b2c8e9-1755-4939-a835-91e1a6aebcdc,"necessary",1,2,"One Bee"
4cd0cf98-04f4-42db-b500-f76d06330b7b,"necessity",1,2,"One Bee"
da7e40c7-2bbf-4321-96a1-36d1e786cb4d,"necklace",1,2,"One Bee"
f123da13-3ec1-4b0d-9fdd-99ce47fd4da0,"necks",1,4,"Three Bee"
7e9d6bc2-4b00-4bb0-85bc-a6943a6325de,"necromancer",1,4,"Three Bee"
c144a41b-c605-41bc-8e9d-87906a353937,"necrotic",1,3,"Two Bee"
61bb71fd-143b-4e8c-ab6a-fe689b0dbed3,"nectar",1,2,"One Bee"
7d56a3c2-8994-445f-a559-d8672cc41154,"nectarine",1,3,"Two Bee"
2382e6a0-0477-4b4e-a335-712ec618faec,"needle",1,2,"One Bee"
6314bea0-53af-4f02-ac2d-e7200572e26b,"neem",1,4,"Three Bee"
96f1a998-76ec-4070-bc74-128d420af23e,"nefarious",1,4,"Three Bee"
826f3828-6ec0-4845-8334-42531c62a862,"neighborhood",1,5,"Three Bee"
0b1ac884-9b88-422e-921c-026e04f4da8c,"neighbors",1,2,"One Bee"
ee246c5c-2cda-457e-9690-309c2bf4c0ef,"neologism",1,2,"One Bee"
9cb2193d-2be8-4c4a-bb29-ae96df564283,"neonatology",1,3,"Two Bee"
2c72a00d-aa8c-433d-bed9-4c65ffd09201,"neonbeeswax",1,2,"One Bee"
18df2a39-3961-49e3-a645-62d640ed0045,"neophyte",1,5,"Three Bee"
aa78400b-da21-4c94-98ae-6546f9236272,"neoterism",1,3,"Two Bee"
f7da5fce-8071-48ce-a4fb-b6e09253ff03,"nepal",1,3,"Two Bee"
78ceab23-d668-48da-8f97-a2f8c47f6814,"nephew",1,2,"One Bee"
7c3de6fa-b24d-476f-a044-016d81da5528,"nephrolith",1,3,"Two Bee"
c0a2b2dc-a804-4173-9cc8-3c90f751f041,"nepotism",1,3,"Two Bee"
3b3f9b97-093a-457b-ba3f-802af1a010e1,"neptune",1,3,"Two Bee"
adb3665f-f494-4a65-aeb6-641cc49e483b,"ner",null,4,"Three Bee"
7d122a93-ba7d-4163-8bdb-c0eff2072f06,"nereid",1,4,"Three Bee"
4db25ed2-8713-4ab5-b7ad-0b30ea42477e,"nerfing",1,2,"One Bee"
9c8938ef-0f19-4ba0-bf64-53aa41c88cce,"nervily",1,2,"One Bee"
b09e8e68-ca27-4827-9dd5-ddb607a32a94,"nervous",1,3,"Two Bee"
8d128dc0-77d8-4fe5-927a-1d09f246bab7,"nescience",1,4,"Three Bee"
be22645a-ddff-47da-832c-180d2960afdd,"netflix",1,2,"One Bee"
955eb3e0-abab-4d35-ae05-b6f28d518a74,"nethinim",1,4,"Three Bee"
69be32e0-4775-4af7-a188-2dd54128085d,"netiquette",1,3,"Two Bee"
caa20a94-ace1-41c9-9e22-6187a467c3bc,"network",1,2,"One Bee"
37f56c80-2bee-4011-aa4b-2ce4e847d334,"networks",1,2,"One Bee"
8e3d429a-823e-404c-af94-e696208bef0d,"neuhauser",1,2,"One Bee"
0bef0da3-d3ec-4c96-84b1-f583d14ede21,"neuropathy",1,3,"Two Bee"
63293bb7-4253-4bf5-b803-0405925e0318,"neuropathynoun",1,3,"Two Bee"
1b757e54-2227-44a0-b3db-98e2f04dca75,"neuroticism",1,3,"Two Bee"
361aa845-b1b1-4fb7-9f71-853932763ca8,"neutron",1,3,"Two Bee"
3b90f7be-0ae0-4825-9145-891595dc2d75,"newbie",1,2,"One Bee"
2c846a01-8d3f-4a27-9116-6d0c149d51da,"newbienirvana",1,2,"One Bee"
63a3d3bf-0501-4b75-8d6f-e8376132bee5,"newfangled",1,3,"Two Bee"
0c948812-9186-4961-a2cc-9fe3d0ba7b40,"newfoundland",1,3,"Two Bee"
99a205b0-7d9e-412e-a932-7fc8cdb61a08,"newspapers",1,2,"One Bee"
0a3a461a-ba7e-4f1c-8fee-efc866c5d0c7,"newsroom",1,2,"One Bee"
40148c43-8b52-4f8e-8f84-a087644a8fc7,"newt",1,3,"Two Bee"
75c72f0d-7431-4f07-8742-aead8a9b13f5,"newton",1,2,"One Bee"
7486d5d3-a329-4a7d-954f-c8ad2970ff76,"nexus",1,3,"Two Bee"
aa097e35-0c53-4bc2-a139-417037b123ca,"ni-vanuatu",null,4,"Three Bee"
3f1ec21f-6e35-4dde-9f17-c143bd9ba64d,"niacin",1,3,"Two Bee"
333405df-5002-4ee9-b2e8-311adbc1a9fc,"niagara",1,4,"Three Bee"
5f62533d-191d-49f3-bd12-422e53f19be8,"nibble",1,2,"One Bee"
2f4abf51-6c36-4a24-a1b8-e3d7a0541469,"nice",1,4,"Three Bee"
74f92166-9946-4744-a527-40046d51ef06,"niche",1,3,"Two Bee"
055ea01a-e2c5-4562-b202-6fb6876fc217,"nicoise",1,4,"Three Bee"
6912b55d-0769-4e22-b036-7c3345dfd285,"nictitate",1,4,"Three Bee"
8858bddd-e66a-4f37-834e-1c273b2be6f8,"nidicolous",1,4,"Three Bee"
20de35b4-0239-4711-bdf7-3c4386ba37d5,"niger-congo",null,3,"Two Bee"
a598ae33-1622-4d1f-a920-614bb5ee733a,"nigeria",1,3,"Two Bee"
ab345ba4-4392-4bc9-8cbd-5756c7874527,"nighttime",1,3,"Two Bee"
35fdb8db-18e0-4b32-9a38-8fbcc57c2fe7,"nihilism",1,4,"Three Bee"
54f90ba6-8cca-425a-9257-991a4cf94f4f,"nile",1,3,"Two Bee"
f3aacd3e-18f8-493e-b195-05b7804dfacd,"nilpotent",1,4,"Three Bee"
ac7cbe79-d05b-4035-934b-cce609461192,"nimble",1,3,"Two Bee"
d7ad3958-a09f-429e-b564-318b12035cff,"nimbostratus",1,3,"Two Bee"
ca229900-6232-4131-a3c6-fdf0a1082772,"nimiety",1,4,"Three Bee"
87bae144-55ac-43a6-8e80-141f853a4599,"niminy",1,2,"One Bee"
a2bf02aa-8945-4507-9eea-bb8806649484,"niminy-piminy",null,5,"Three Bee"
d0e97bf1-3712-44d4-9048-c06db1474358,"nirvana",1,4,"Three Bee"
ebadeaef-2dba-455e-be10-8056d09806e3,"nisi",1,4,"Three Bee"
b8f92ba2-fe56-4226-bb64-10f0b98b564a,"nisse",1,4,"Three Bee"
d7f99773-0b1f-465a-b342-6f4291f994cc,"nisus",1,4,"Three Bee"
d14177e5-79ee-4eb0-a531-329ce8534aa2,"nitid",1,4,"Three Bee"
a675f76d-9891-49b2-9107-e1fcda19c770,"nitrate",1,3,"Two Bee"
0f1686d2-1d17-42b2-9a01-761af07f98bb,"nitratejoinery",1,2,"One Bee"
8f5ab4a8-faac-4a54-8f30-385f43909a2a,"nitrogen",1,4,"Three Bee"
10b21449-5628-4b0e-999d-bd68d5db73b0,"nival",1,4,"Three Bee"
0c3096c2-3361-4850-986c-1c5f5b4a58b0,"niveau",1,4,"Three Bee"
281f1cbe-fc92-4c95-be31-2e5f0af3c5b6,"niveaurouille",1,5,"Three Bee"
24c5e3f3-4477-4318-bfd1-cd821265be6a,"no-goodnik",null,3,"Two Bee"
edf87e08-be7d-46be-9f95-6296e2384d4d,"nobiliary",1,3,"Two Bee"
6cf1c3bc-86b8-4bba-bf24-ee6e1c5bee37,"nobody",1,2,"One Bee"
a7510e29-f80a-4bc6-a5db-c424ebcf9e5f,"nocive",1,3,"Two Bee"
7096c7e2-af39-40e9-8413-52794c0785ea,"nockerl",1,4,"Three Bee"
9165ff48-86c9-44a0-8a57-1a952a83bca5,"noctambulist",1,3,"Two Bee"
02f98d18-c558-49f8-8952-ad8e3fe5d3d6,"nocturnal",1,2,"One Bee"
92e19bbd-8b2d-47a3-b83c-e8d29c350572,"nodosity",1,4,"Three Bee"
ddbd276f-a653-4627-a405-dd711484e4d6,"noggin",1,2,"One Bee"
bd820069-2a1f-4e2d-8525-1163c3bafa0e,"nom",null,4,"Three Bee"
dd22d2de-4a26-4163-a0a2-afbd2cb72831,"nomancy",1,3,"Two Bee"
4e93ea21-a3d3-48c1-8946-7ee802aaf1d6,"nomenclature",1,3,"Two Bee"
c856f5f0-c948-42f7-870c-a6357695c6d7,"nominal",1,3,"Two Bee"
41204cc8-cde7-41ed-8b9f-0f62c5c244ba,"nominated",1,2,"One Bee"
904b5a39-01c6-4e39-a822-b0652b5ea2f0,"nominee",1,2,"One Bee"
4fb38868-086f-4423-afdf-8945312e986d,"nomophobia",1,3,"Two Bee"
7ff30fe5-3ef2-478b-9c59-c23794b237d0,"nonage",1,3,"Two Bee"
566b52ca-8235-4c31-88dc-a1ab17b274a4,"nonchalance",1,3,"Two Bee"
4951d345-adf4-4e63-930c-2e233c5a127f,"noncommittal",1,5,"Three Bee"
48223958-4700-4abc-aaf3-2b7558c366bf,"nonconformist",1,2,"One Bee"
5f16f701-284f-490b-91d5-d669f73dd111,"nondescript",1,4,"Three Bee"
a50c9e5f-7a9e-4ae7-a29b-c2704b73de97,"nonnegotiable",1,3,"Two Bee"
8fd379da-f576-478b-b59b-06a3f1e10b91,"nonpareil",1,4,"Three Bee"
6107cd0d-f5a9-4558-a602-e672e1fc271a,"nonsense",1,3,"Two Bee"
59aa5c0d-d537-4f41-95bf-7d1a0a9ec77a,"nonvolatile",1,3,"Two Bee"
e44f4600-89e3-4aeb-9e0c-e135ede87fcf,"nopales",1,4,"Three Bee"
1f04acd4-0c79-45ce-baac-3314c804359a,"normative",1,2,"One Bee"
aa7863de-5f78-4e61-8492-69e1c622382d,"norovirus",1,3,"Two Bee"
819eb8d4-6009-48b8-88f2-067a591bde91,"north",1,4,"Three Bee"
7cc231cb-2a9b-412f-a26d-96d589567504,"northern",1,2,"One Bee"
84848333-23b6-435a-9053-651e294959e9,"nostalgia",1,3,"Two Bee"
7b39477f-43e2-4f57-9e51-77b497d4180d,"nostradame",1,2,"One Bee"
6f82cb2a-40b5-4a3b-bbf0-2029485bcfde,"nostradamus",1,3,"Two Bee"
7519a7f6-6c5a-485d-86c9-1ec49653b525,"notable",1,2,"One Bee"
c681b1dc-50f7-44b1-86bf-fd71a3586678,"notebook",1,2,"One Bee"
10980064-f9f3-4845-8b92-dd4f2ada4ee2,"notes",1,4,"Three Bee"
52e9a481-6a4a-4ad4-87b6-8443d3abab78,"notification",1,3,"Two Bee"
dd658c8d-76c2-4f2b-becf-ab53d8707728,"notoriety",1,3,"Two Bee"
e9ef7e09-3aeb-441f-9e6d-77cd7752b3b6,"notturno",1,4,"Three Bee"
7aabfe95-938f-45ad-bcfc-5a48db18a44e,"noumenon",1,4,"Three Bee"
39432e65-7787-450f-9333-25b894355054,"nouns",1,3,"Two Bee"
1e22df76-9d9b-49b8-9d3a-56d0aae0691e,"nourish",1,2,"One Bee"
aae165c2-91ad-40f8-bbe7-0b7e84e46961,"nouveau",1,4,"Three Bee"
428c1ad3-c1fd-441d-b834-c4978ffb2e54,"nova",1,3,"Two Bee"
1786a372-c54a-46c6-b736-03fdb7e23482,"novanglian",1,4,"Three Bee"
0219c0fd-cf82-4edd-a901-ed451fd29799,"novelist",1,2,"One Bee"
bfa73d29-8c8e-43e5-8ad5-ab9c83aba990,"novemdecillion",1,3,"Two Bee"
59d85826-737f-4cd2-bda7-3621cb6809a9,"novice",1,3,"Two Bee"
ae3a2776-e948-41f2-9d5f-42a405dd1425,"noxious",1,3,"Two Bee"
d01def9a-6ef1-48a6-85f4-6e053b74a271,"nozzles",1,2,"One Bee"
3b8664c8-d2fa-4f2c-8995-7985f9a2451b,"nuance",1,3,"Two Bee"
e7f3e4f7-902c-4047-86a9-9b15eb2de269,"nubilous",1,4,"Three Bee"
46fd636b-9dd6-4c3b-b3cb-45a810aa3f4b,"nubuck",1,3,"Two Bee"
b4f32523-2f07-4564-a3a2-407aee780e20,"nuce",1,4,"Three Bee"
9e5caec7-6463-4cca-99b7-4f0a9ec87947,"nuciform",1,3,"Two Bee"
12e0bbf5-65a7-4df6-933b-e3a13c3431e8,"nucleated",1,3,"Two Bee"
83c9546a-4b2c-41de-9059-e007528aa8a9,"nudged",1,3,"Two Bee"
6f56ae4a-1b18-4399-82e8-966ad526e111,"nudibranch",1,4,"Three Bee"
fade5aee-f982-4eb3-b066-dc909a392a9c,"nugatory",1,4,"Three Bee"
fa69a825-2a9d-47f9-acde-192fbe47d3a8,"nuggets",1,2,"One Bee"
89b094e9-09d1-4bd0-ad30-6b0b87e38ff6,"nuisance",1,2,"One Bee"
fda8a897-e215-4ef6-b610-9a7613fdd93e,"nullius",1,4,"Three Bee"
76e5043c-acc0-4ea5-8397-10665960548a,"nulliusnoun",null,4,"Three Bee"
329a6ed1-9fe5-4ef0-bd14-5cca9026889c,"number",1,2,"One Bee"
01254feb-b2c8-4480-a159-61b351f90e67,"numerical",1,2,"One Bee"
d612c9c6-fb58-4a4e-a4fc-d0998a3eb64f,"numerology",1,3,"Two Bee"
1c82935e-bf67-4636-85c9-abd2c7697421,"nunchaku",1,4,"Three Bee"
a78cd94e-d372-451b-8b05-8dce84be46ab,"nurture",1,2,"One Bee"
96ce0c28-3917-4604-9430-3058d962ca2f,"nutation",1,3,"Two Bee"
c804e707-b570-453d-8df9-2cbdd835ac14,"nutria",1,3,"Two Bee"
35c75784-9e11-4d65-8d29-d3ea74ea9312,"nutrients",1,3,"Two Bee"
30610d64-8fec-4943-a20d-b7bd159b911c,"nuzzer",1,3,"Two Bee"
bba891a4-ff8c-4d81-9666-a67c5f7506bc,"nyctinasty",1,4,"Three Bee"
473a7b53-be76-476f-b622-7f1b910aa2f7,"nymphal",1,3,"Two Bee"
1b506ac7-214b-4cf3-aeee-a8414574162a,"oatmeal",1,2,"One Bee"
565d184b-2b13-432a-9eb2-39c9dac30e8b,"oaxaca",1,4,"Three Bee"
2a892e2d-c2c9-4d52-b7da-f205847ad31a,"obdurate",1,4,"Three Bee"
5235ec20-79d5-41d9-a8e8-5124ced089b6,"obediential",1,3,"Two Bee"
8aab8926-a9da-496f-a3f1-91cb333b11e5,"obeisant",1,4,"Three Bee"
bee9735f-c6da-43a8-81e6-bebf27760457,"obeisantoeuvre",1,5,"Three Bee"
d710bcf8-5680-4f5f-979c-7cc7137f6c98,"obelisk",1,3,"Two Bee"
bac1c7d0-7fa5-402a-9231-baceece777ed,"obfuscate",1,3,"Two Bee"
0ebed540-b7d3-46af-912b-afff7e6f85a2,"obituary",1,3,"Two Bee"
da62c9da-d748-4d2f-860b-c74abcb76392,"objective",1,2,"One Bee"
77d9466f-b355-47e9-99ea-01d6113e1f27,"objet",1,4,"Three Bee"
d2730d5b-2146-4f24-a307-042e2fc6bb8b,"oblast",1,3,"Two Bee"
3441475f-e98a-4862-8700-43a38df6badc,"oblige",1,3,"Two Bee"
c0330349-0700-43e8-885c-0e67b9b60ddd,"obligeviscount",null,3,"Two Bee"
ae9e0c60-a7ee-4428-a1b7-1d502eda079e,"oblique",1,3,"Two Bee"
aeb8e512-1646-426a-86b4-f9d528756a4c,"obliterate",1,2,"One Bee"
ddfbd07f-151e-4441-95f7-3fcb1c29c598,"obliviscence",1,5,"Three Bee"
2393856f-3a35-4614-b3ad-52723c8ca27d,"oblong",1,2,"One Bee"
65ee33b2-6b66-4916-b7f0-fa737344c9ec,"obloquy",1,3,"Two Bee"
02729311-2397-43ad-9412-ce1c57bdceca,"obnebulate",1,3,"Two Bee"
d17b6d3b-7f1b-4e15-ab2c-466e7b39d4cf,"obscure",1,2,"One Bee"
666b9273-b114-47a2-96bf-aa554025ee04,"obsecration",1,3,"Two Bee"
2d4c77a5-dfc7-456e-ba3d-d31d69ba677f,"observations",1,3,"Two Bee"
0672a729-7d7f-4146-9854-98ba8d4963a6,"obsidian",1,3,"Two Bee"
adfa62af-1fa0-4871-8ee0-0d9c5fd9d23a,"obsolete",1,3,"Two Bee"
16337683-a8a7-4d4e-a3f3-6cd5fe90bbe3,"obstacles",1,3,"Two Bee"
097ec2a6-9d22-46c4-8bd0-04b55d6163f1,"obstetrician",1,3,"Two Bee"
111c7794-31b8-4cdd-a6f5-93b78f04433e,"obstreperous",1,3,"Two Bee"
c112c795-d18f-4ecb-81f3-21a6ca5be7f1,"obviouspulse",null,3,"Two Bee"
dd5797ea-b036-4e57-a9b3-5406ac40496f,"occipital",1,3,"Two Bee"
01155340-62f3-4003-9938-e06df9f186d1,"occultation",1,3,"Two Bee"
f3ffccc8-caa8-4ef0-934b-c3f54df06958,"occupancy",1,2,"One Bee"
4c429c37-db81-4137-a3df-1ad99c0d85b4,"occupy",1,3,"Two Bee"
e7a92a82-22b6-4788-be65-a768729cdb7b,"occur",1,3,"Two Bee"
0cbdf2e0-3228-44a2-868b-3ec00931d317,"occurred",1,2,"One Bee"
f0c48030-1363-455c-ac8b-9dff11aafb01,"oceanian",1,3,"Two Bee"
a9a457ae-c010-417b-a1d9-44bfb85c734e,"oceaniancharitable",null,2,"One Bee"
59f61524-cef8-4772-b565-37734ff821f9,"ocelotonyx",1,3,"Two Bee"
d924db46-d243-437e-a360-e8959d90b017,"ochlocracy",1,4,"Three Bee"
77e92777-fdf2-48b4-9c6a-df85b7665465,"ocotillo",1,4,"Three Bee"
1088787f-d2b7-436d-b7d3-b68c87c3d877,"october",1,2,"One Bee"
409cb186-b237-4247-8148-35dc7624f75c,"octochamps",1,2,"One Bee"
272d52f0-78c6-4a39-8064-6f9996fe98ce,"octonocular",1,3,"Two Bee"
9417a6ea-5045-40f7-9889-0e8270a48994,"octopus",1,2,"One Bee"
321fbb57-6b92-44df-aaa3-f025feeb4586,"octuplicate",1,3,"Two Bee"
7ad0027c-7349-4615-a595-b5605c5e86bf,"oculus",1,3,"Two Bee"
526872e3-21a1-43ab-9d26-74600bd6090f,"oddity",1,3,"Two Bee"
1b0063fd-804b-4e35-9615-b47261440689,"odiferous",1,3,"Two Bee"
6245b8eb-7a0f-4aa2-a2ed-3ed5bd8d76b7,"odin",1,4,"Three Bee"
395078b8-dd62-4721-87e4-cbd343c59ede,"odlcceroi",null,4,"Three Bee"
3660a8f7-5fa0-4eae-8c7d-eb60cc5e24ef,"odometer",1,3,"Two Bee"
9ab944aa-c4a0-4d3f-a524-c0fbb0752dba,"odontiasis",1,4,"Three Bee"
e6d82785-0943-42a7-9f66-30337a999854,"odysseus",1,3,"Two Bee"
612b673d-d644-4a50-af03-eab25271b345,"oeil",1,4,"Three Bee"
db3baf85-363d-41ae-99b0-dc4eab139b42,"oeuvre",1,4,"Three Bee"
7e0fbb60-d0bf-47ac-8b05-8dd6f597d09a,"off",null,1,"One Bee"
f49f0334-a9d4-4fbc-92bf-4e38950aadcb,"offhandedly",1,4,"Three Bee"
ddacaca4-92cc-4a72-a362-a1653ff8721f,"office",1,2,"One Bee"
cce2e467-7f9b-4f37-b7e4-a2d9a1e859b4,"official",1,2,"One Bee"
e30826f1-9234-405c-810c-a7e0aa0ba893,"officiant",1,3,"Two Bee"
56e9dfec-a6af-4aac-b939-45f0dce27b6f,"officinal",1,3,"Two Bee"
41f4da2b-b047-4946-9989-bef6b017b92d,"offspring",1,4,"Three Bee"
45f75e69-95df-4c93-8e39-e4416bbd1c79,"often",1,4,"Three Bee"
91733b36-292a-4923-9a07-d910a4b833a2,"oftentimes",1,3,"Two Bee"
7dc93eec-6b07-4eaa-b7e6-9ed73bc273ab,"ogival",1,4,"Three Bee"
5424a494-e66d-4ea5-b715-5ce0dece3e44,"ogivalnoun",null,4,"Three Bee"
7356125e-0f53-4a16-b5f8-a5e822d437dc,"ogre",1,3,"Two Bee"
500a7387-ab96-49d1-96d6-49b1889ba8ea,"ogres",1,3,"Two Bee"
4961fbdf-60dd-4b9d-b024-2748470e5306,"ohio",1,4,"Three Bee"
5e74d685-53e3-4f95-bbcd-c7c7d20d0150,"oil",null,1,"One Bee"
5d0d2a8c-5d7d-49cf-9475-2c2728cf380c,"ointment",1,3,"Two Bee"
9fd3d2c7-2682-445f-8e53-174d93947dbd,"ojibwa",1,4,"Three Bee"
e7c5cd76-cbeb-4aeb-aab7-855fd60feb77,"okapi",1,3,"Two Bee"
e97f6b5f-1771-466d-a114-9c61e42700a1,"okefenokee",1,4,"Three Bee"
3c77e6e5-e253-4ef7-a23c-ed98198231a8,"oldest",1,2,"One Bee"
8041e516-e8a4-44cf-8454-33a531187139,"olecranon",1,4,"Three Bee"
c1d7aeaa-e634-49cd-b7ec-0854232038d6,"oleiculture",1,4,"Three Bee"
e87df869-a420-42db-adc9-bfea22fdb398,"olfactory",1,3,"Two Bee"
6019bc85-b1b7-44aa-9889-2871bb8421db,"oligarchy",1,3,"Two Bee"
4249ce9b-ace0-4f95-b2bb-817beb495129,"olingo",1,3,"Two Bee"
22b7e204-a13f-4769-a7d1-93227f3180db,"ologies",1,4,"Three Bee"
0be45cdd-9d7a-433e-8cfc-b66f50641751,"olympiad",1,2,"One Bee"
692ec7c0-9de8-4c58-811b-38dce243921e,"olympics",1,4,"Three Bee"
64289554-24a7-41ea-9219-2bf3a0951bb8,"oman",1,3,"Two Bee"
14ae855d-14c4-40d6-b211-40326d0e611d,"ombudsman",1,3,"Two Bee"
0da04177-a270-444d-a3e0-1c01751bf6f8,"omission",1,2,"One Bee"
e69fa104-1789-43d2-a4b6-ad2a357dc1ed,"omnibus",1,3,"Two Bee"
29b44555-22a9-4b16-9ffe-e1b39137da4e,"omnilegent",1,3,"Two Bee"
2443fa02-6046-40a2-ad8a-82a9f0aca468,"omniscient",1,3,"Two Bee"
ad6bbc54-b1ac-4a63-86c2-127fb35b5e7a,"oncologist",1,4,"Three Bee"
fd16bf3a-c240-4704-a2fa-461b986400c6,"oncoming",1,3,"Two Bee"
de18e576-c2e3-40d7-8b45-623f30fd1009,"onerous",1,3,"Two Bee"
f5f43780-45da-4704-a980-a917788c47a0,"online",1,2,"One Bee"
fbf879cb-7a11-4255-862a-4c0fe9023b11,"only",null,1,"One Bee"
ce520279-d48e-486c-bd5f-28c49d10b14c,"onomatopoeia",1,5,"Three Bee"
3c1ab307-74a3-4abb-8fe4-12b035a69e93,"onshore",1,2,"One Bee"
c2b254c7-1893-405b-8d1f-dd8c04d7c75e,"onus",1,3,"Two Bee"
d37bc19c-3f2d-49a6-9ff1-e16543d92163,"onychitis",1,4,"Three Bee"
6e3a79ea-e5a1-46aa-aec9-3d90f7b8b6bf,"onychorrhexis",1,5,"Three Bee"
d9561121-4153-40d0-b66f-cbd99c64ee5a,"oolite",1,4,"Three Bee"
be9ffe16-a751-4b87-9767-a8dfd6a127ba,"oompah",1,3,"Two Bee"
24a49602-c1e5-4e48-ba55-b7b3894046c4,"oopuhue",1,4,"Three Bee"
cb2503a1-db4c-48b8-b721-48d41f5fc686,"oort",1,4,"Three Bee"
051de2ea-ff61-4e86-a220-89dc0576962a,"oozing",1,3,"Two Bee"
11506bb7-2d8b-4718-945d-a22d93c79537,"opalescence",1,3,"Two Bee"
a43d42eb-c6df-4016-b7b2-499d30fa3310,"opaque",1,4,"Three Bee"
defb3cf6-f2b0-4648-9540-75cb1409c6fe,"operant",1,4,"Three Bee"
c701806a-6fda-4351-a8f3-cb62f1161d0f,"operates",1,2,"One Bee"
8489156a-e631-478d-8102-2d47b3520631,"operator",1,3,"Two Bee"
fa13b82b-f9c4-4226-9bbd-4954a0c0b286,"operose",1,3,"Two Bee"
f1dcb8fb-a655-4bec-aaa4-0804fa7f3b3a,"ophthalmologist",1,3,"Two Bee"
ecd783c5-fce4-4e1e-a57f-be14957304ac,"opinionated",1,2,"One Bee"
3f4d623a-885f-48e0-8577-57a6bbcbe275,"oppidan",1,4,"Three Bee"
16219f8e-2874-4a64-9d00-827a1ad55dd3,"opponency",1,3,"Two Bee"
d31ac539-3d99-4506-9493-b0bc4f65a991,"opportunity",1,4,"Three Bee"
0b80d6f8-f868-43fe-b960-bea120f3052c,"opposite",1,3,"Two Bee"
72c09bc8-63fe-4139-bbbd-3e7b6fa0fc64,"opprobrious",1,3,"Two Bee"
3513699b-9fb2-448d-8855-01276bbb90c5,"oppugn",1,3,"Two Bee"
45fceef1-a30a-4132-b3a8-efa2ecc8356f,"optician",1,2,"One Bee"
70fc5372-ed65-4e4e-8486-485f85453a3a,"optimum",1,2,"One Bee"
951a580e-1a1a-46d6-ba8e-a283d33890b2,"options",1,2,"One Bee"
af2e5ab7-d306-413e-bd75-74e998b55be2,"optometry",1,3,"Two Bee"
4f411f1d-e09d-4682-b36e-1a3b7cd4ebbd,"opulent",1,2,"One Bee"
207dd80a-20c3-4252-ab9e-5381340f3caf,"opus",1,3,"Two Bee"
f4487ebe-079c-4dba-a922-69e5bbe603b5,"oracle",1,2,"One Bee"
6815c33d-ebe7-4ea1-9e48-30a45bce9a3c,"orally",1,2,"One Bee"
89f24a9d-30d9-42f1-a1d9-eb7a5b4e01a4,"orange",1,2,"One Bee"
cc6c9411-e425-49d9-9617-2f63fcb1f0ad,"orca",1,3,"Two Bee"
0612736f-c306-4e90-ba32-a62388b70927,"orchestra",1,2,"One Bee"
ff67c6f4-83c9-4fc2-b2bf-a096efd0f75f,"ordained",1,4,"Three Bee"
820613cf-fbc6-4030-baa2-92c4434a4347,"ordered",1,2,"One Bee"
f3860da5-f496-403d-a35c-f110c4c89e99,"ordinance",1,2,"One Bee"
b5ddb697-6fca-4c8c-a69d-1f4b60059b53,"ordinary",1,4,"Three Bee"
c9954a9f-3fc0-440d-acbf-09245125ce5a,"oregano",1,2,"One Bee"
92c65844-04d6-4ac1-ae37-3a5bd12d64cb,"oregon",1,3,"Two Bee"
c0a8d3a9-63d7-4770-90e6-41f7188bfa96,"organelle",1,2,"One Bee"
8321169a-fcd9-420b-9ad3-01abe39d9349,"organic",1,2,"One Bee"
2154e229-44de-4ca9-a04d-758280e63a8c,"organist",1,3,"Two Bee"
a68ee992-01d4-4d42-ab97-892ecedd9b3d,"organized",1,2,"One Bee"
cedfafc5-2f5e-4d81-ae79-38755f0c1190,"organizes",1,2,"One Bee"
d6bb9e87-b497-44cf-823d-d9bc512e9c68,"organza",1,2,"One Bee"
6a9bb063-16a4-46a3-8914-8d2e664a5204,"oriel",1,3,"Two Bee"
9bc6ac0c-18c5-4938-b167-3538bb1f1265,"orientation",1,3,"Two Bee"
adad1c44-0ad0-412f-a312-f9688f627755,"origin",1,3,"Two Bee"
15ccea33-7f16-4356-a8af-b3243735c8a4,"original",1,2,"One Bee"
147bc5c5-16b9-4d77-beac-32af31bbd7a5,"originally",1,2,"One Bee"
c35ca650-9d73-422c-9b29-69ac90214566,"originate",1,2,"One Bee"
5dee3632-14f7-4f4e-9c13-e0e622ecad66,"originates",1,2,"One Bee"
28cf1d80-8573-4f23-ab0d-bd5b80c70807,"orinoco",1,4,"Three Bee"
76b99b48-cb60-46c2-a706-86967153f7ed,"oriole",1,4,"Three Bee"
1f354800-1dbe-4889-bb90-cbf85b5d57e3,"orion",1,3,"Two Bee"
6a833363-f160-4e0f-b803-b1436bd5a3a9,"ormolu",1,4,"Three Bee"
a336c395-c4f6-4d28-8d4c-2975bb825dd3,"ornament",1,2,"One Bee"
4428cf0f-fc29-4a33-8f64-f992487863d1,"ornithology",1,3,"Two Bee"
4d85918c-f293-4405-b71f-c110a8cf3946,"orogeny",1,4,"Three Bee"
1c283819-3250-4ac5-ba22-026053b1c8b9,"orphéon",1,2,"One Bee"
f1b7f3f0-d3d9-4cbc-9254-5d0768150c53,"orsay",1,4,"Three Bee"
cc376888-ad07-4f80-a7ea-a29de78e6d12,"orthogonal",1,3,"Two Bee"
05c8a4ba-3f7c-4460-9c4a-6932acec2879,"orwellian",1,4,"Three Bee"
787f2426-91a8-4bce-84e3-c6eef8a9f4c1,"oryx",1,4,"Three Bee"
0eb36d93-8c25-4b1e-a45a-a62ceccdaead,"oscillation",1,3,"Two Bee"
b47b3503-e090-42e6-96ba-93d4bb66e397,"oscitation",1,3,"Two Bee"
09f2431d-6627-4273-bfea-2ecabaef570a,"osculatory",1,3,"Two Bee"
87f70c2f-2350-435a-a920-ee8b3f7f8d77,"osloite",1,3,"Two Bee"
368a8b2a-cfd0-4a97-9287-bf493955549a,"osmosis",1,3,"Two Bee"
4e504647-4326-41f8-b7c1-42bdad2470d0,"osprey",1,3,"Two Bee"
6594da5e-201d-45fa-b67a-904f2549fe02,"ossicle",1,3,"Two Bee"
7a38f6ec-bc18-4237-8601-c40bcfbe6363,"ossuary",1,3,"Two Bee"
61645a1e-693c-41f5-8f9b-e3a697bd3e81,"ostensibly",1,3,"Two Bee"
c25ac76e-cb80-417a-9ebc-67c12341cf1e,"ostensiblyosteopath",null,3,"Two Bee"
6d0ebd4f-23bd-43ed-95ac-a4947e35738c,"osteopath",1,3,"Two Bee"
3ab2a30e-4c29-45f2-a6e6-194fffe3473a,"osteson",1,2,"One Bee"
41521a50-9cba-4997-a73f-7ad1fcc275da,"ostium",1,4,"Three Bee"
fed43e9f-49a9-4ab7-9f95-15d8f7f1c770,"ostracism",1,3,"Two Bee"
c3713c98-f46d-433f-878e-a9ea458680ba,"ostriches",1,3,"Two Bee"
8435cfce-d020-43f7-b0e6-1e1d21686bdf,"otacoustic",1,4,"Three Bee"
f1f80648-bb6c-44ce-8a96-045401e13310,"other",null,4,"Three Bee"
d7db172f-a367-4f59-8c0e-3c701eb3da6b,"otherbedroom",null,2,"One Bee"
946e2445-e6bb-44ba-b152-3ecf146f43e9,"others",1,2,"One Bee"
49d7051b-9208-4116-856f-b987ce889109,"otiose",1,4,"Three Bee"
55357fa1-47f9-4e14-9b11-71fff2bdb661,"ottoman",1,3,"Two Bee"
2c74b391-a610-4160-bba9-585be5382a1f,"ouagadougou",1,4,"Three Bee"
e7c62e09-c28b-4fd2-8fcd-62361999def2,"oubliette",1,4,"Three Bee"
4111baab-879d-4bac-8afb-c28da428e16e,"oud",null,4,"Three Bee"
d2ec1ff4-22c1-4a47-ad1b-df3dd8ed356b,"ourselves",1,2,"One Bee"
262e3e6c-380e-40e0-b6f7-b89d306d9eec,"ouster",1,2,"One Bee"
1acbbeca-8f39-4303-a41d-f28ca7dfb138,"outcome",1,3,"Two Bee"
139f68a4-cbc8-4595-87eb-08b408cb75be,"outer",1,3,"Two Bee"
be28371e-ff98-4a8a-942f-7958adc31d80,"outfits",1,3,"Two Bee"
70cea280-06b4-4c99-9f64-f08efdad7279,"outlandish",1,4,"Three Bee"
b767a2dc-418c-4c97-aa31-3f484aeb6e0f,"outlets",1,2,"One Bee"
8ef63e72-d7df-4786-a108-baa830882c2d,"outlined",1,2,"One Bee"
6202146e-5a95-4f80-9b65-87d8cb2cfa93,"outrageous",1,2,"One Bee"
b0ba3e9f-9c24-45aa-950b-8df0d084ded7,"outright",1,3,"Two Bee"
5d71f7e4-a170-4d95-bd5d-a02a31110d4a,"outside",1,2,"One Bee"
184c33ab-c204-4965-a1d0-4152d0c84c10,"oval",1,4,"Three Bee"
db5378c7-3a99-4d40-802c-b43f8d6d0106,"ovation",1,2,"One Bee"
9c996d53-b89d-437a-a0bc-8764d990c03f,"overcome",1,2,"One Bee"
3860addd-ff3a-475b-b0dd-933ce8f68480,"overlaid",1,2,"One Bee"
00b13e64-6f5d-45ea-bd69-624ef4ac2cd5,"overrun",1,2,"One Bee"
fcef5cc4-2953-44cd-b9ff-b3e4a956e433,"overseas",1,3,"Two Bee"
29ef478e-46af-45d0-8989-cd9440db9130,"overthrow",1,2,"One Bee"
2d28140a-28f9-41c4-bcd1-2775edebae3f,"overtly",1,3,"Two Bee"
4dcf6e37-d371-4031-a810-19575be915d7,"overtures",1,2,"One Bee"
63dff47a-03a7-43bf-8f2d-bb787ef197a6,"overweening",1,2,"One Bee"
ed2ce807-f19a-477c-9c48-341d4f665bf2,"oviparous",1,4,"Three Bee"
cc074061-1376-438c-9bf4-20d61e088698,"owlishly",1,2,"One Bee"
b277612c-673d-49e4-a8e6-55f4d6c849b5,"owners",1,2,"One Bee"
c50b86f4-dd24-4871-8717-fa680451853a,"oxalis",1,3,"Two Bee"
627f42ca-b411-436e-afad-54686433eb03,"oxalismyeloma",null,5,"Three Bee"
e92effb1-a695-4512-8d9b-036286e9cf34,"oxyacetylene",1,5,"Three Bee"
5b61e193-fe3b-4841-b2b4-1cd3c6003c5d,"oxygenate",1,3,"Two Bee"
af3962b5-8d24-4afc-af51-3de8f58dbe41,"oyez",1,4,"Three Bee"
26b0a919-8309-4cbb-b50d-2cfbf923085c,"oysters",1,3,"Two Bee"
42afce05-861d-4a6c-a984-168ce64c0824,"pabulum",1,3,"Two Bee"
bff27ebf-e6f0-45e0-b9e0-b6ba57090a64,"pachinko",1,3,"Two Bee"
e77f86b8-f7c6-4d10-8006-ffded975398b,"pachyderm",1,4,"Three Bee"
e61095a6-73a5-486d-8a22-cf45a12dd651,"packet",1,2,"One Bee"
02be0338-6d0b-4d47-9842-c98a260fa66d,"paddles",1,2,"One Bee"
51542aab-d46c-40b7-a92e-28de7fc7acc7,"padre",1,4,"Three Bee"
cf4ede35-89d1-4858-b027-2f07750f7273,"paella",1,4,"Three Bee"
e6d9e4a3-dc6a-4109-83a6-9ae289a9d75a,"pageantry",1,2,"One Bee"
75c179d5-79a2-469e-82c1-50464af71727,"paginate",1,2,"One Bee"
30e7d7d2-f174-4687-8c78-c02b036f15f5,"pagoda",1,3,"Two Bee"
716d6aee-cd47-4c18-8152-9bbcd32093ce,"pahoehoe",1,4,"Three Bee"
b09d431e-a96a-45eb-b831-5c883e8b0cc7,"paillard",1,4,"Three Bee"
0d1cd749-1f7b-49a9-aff6-9f3298561288,"painted",1,2,"One Bee"
5e633a23-5d19-4217-bee2-282018bcec72,"paisley",1,2,"One Bee"
4d60fb74-f92a-4103-8b22-d3388e5b729f,"pakistan",1,3,"Two Bee"
4c2452bc-d388-4335-973b-e17967e72dee,"paladin",1,4,"Three Bee"
079aaeb4-cad1-40eb-b26c-1e0e9e97e15d,"palamino",1,4,"Three Bee"
944e8b87-06df-4b06-bae5-c0bd07faffe6,"palatable",1,3,"Two Bee"
15882890-9ac0-44f0-b5be-1c1fd228321f,"palatial",1,2,"One Bee"
c335bdcf-ce1a-4f62-80d0-227332a70df1,"palatialpallor",null,2,"One Bee"
35d44bee-b336-41e9-ac35-541394db49fb,"palaver",1,4,"Three Bee"
3701b1c9-1d16-4322-ab25-357d7edef6d7,"palazzo",1,3,"Two Bee"
764d3f3f-93af-42f9-8509-f0cf48207943,"paleozoic",1,3,"Two Bee"
c05acb8c-6495-4a50-b408-ade911c48c4a,"palette",1,3,"Two Bee"
5beb010f-eead-413c-a6b3-52c24eb3c84b,"palindrome",1,4,"Three Bee"
cf673f04-03da-40c9-946b-825ba31d1902,"palladium",1,4,"Three Bee"
229f47b9-ded5-4ebb-a232-09a519f4adfd,"palliative",1,3,"Two Bee"
369fb4a4-b183-43e2-88a9-ff22a4699836,"pallid",1,4,"Three Bee"
f3ce771f-5272-4a55-aa54-84d5548f3853,"pallor",1,2,"One Bee"
bed97696-4f09-4fdd-a451-4168d9eef382,"palmate",1,3,"Two Bee"
899d8973-b802-46a5-bbf0-8a749620de3e,"palomino",1,4,"Three Bee"
a7ac45b0-6a94-47b6-8a56-25d331186226,"palooka",1,4,"Three Bee"
ff68bc69-6a8c-4987-99bc-519e7478fa28,"palpable",1,4,"Three Bee"
7f962be7-6371-4ec7-b130-77df17a672a7,"palpebral",1,3,"Two Bee"
b152468d-2736-447d-ac9a-2fe8c01432fc,"palpitant",1,3,"Two Bee"
aae52e21-187d-4466-954c-829610cc41b1,"palsy",1,4,"Three Bee"
8026383d-33aa-4866-b4f8-40e6639040a9,"pamper",1,2,"One Bee"
e7955a35-e090-40bb-9991-26a95a16cbf1,"pamphlet",1,5,"Three Bee"
ab1cf395-a2d4-4860-9648-77c9057393e0,"pampootie",1,4,"Three Bee"
89b1cdda-6bb3-415d-b289-4508a7dff059,"panacea",1,4,"Three Bee"
94333b93-18ad-4faa-9e12-4cd49b0bf855,"panache",1,3,"Two Bee"
43fbabf9-6290-463b-9254-1ef109aa63f1,"panagia",1,4,"Three Bee"
ad530089-b605-4693-ad6c-03daa8d48b80,"panama",1,3,"Two Bee"
5154864b-624a-4b88-a71d-89aa883b8eba,"panary",1,3,"Two Bee"
34620352-ed6a-4c27-bae0-d4bcfedd2c6c,"panathenaea",1,4,"Three Bee"
439f3765-ee16-49f2-834d-af467e45590b,"pancetta",1,3,"Two Bee"
27567ec6-38fb-4bff-a44e-de8319aaf411,"panchen",1,4,"Three Bee"
109f4275-e34e-4b26-a4d2-5e168871dea6,"panchreston",1,3,"Two Bee"
f047dd2f-554b-4ada-8f7f-c92a7da46c1e,"pancreas",1,3,"Two Bee"
0894ed6f-2ba4-4d7d-b2a1-f0207500a99f,"pandemic",1,3,"Two Bee"
bf4b871f-858a-459a-8356-ef7f0a939cbd,"paneer",1,3,"Two Bee"
e4aabc93-ecdf-4d3c-b0ee-4c8eded577b7,"panegyric",1,3,"Two Bee"
9ae81545-5104-4f3f-a0dc-3ba41ae25982,"panettone",1,4,"Three Bee"
7f9d789d-3be5-462c-8a85-40866e72104a,"pangs",1,3,"Two Bee"
95fe65d1-b1e9-42ac-80a7-37f73901f766,"panir",1,3,"Two Bee"
8b1cad51-2e3f-4816-9434-ae0f9b5090fb,"panjandrum",1,4,"Three Bee"
fcd1a4e7-da2e-45eb-9b1a-36ebae633933,"pannose",1,4,"Three Bee"
dae60826-64ba-4e38-8912-aab784c0f82f,"panoramagimmick",null,2,"One Bee"
b4bde2d0-d433-4999-94d0-11444c566c7a,"pans",1,4,"Three Bee"
d9669f89-3199-4dd7-868e-d59c6ffc8b41,"pantheon",1,2,"One Bee"
08afdcaf-ac06-484e-ab32-14a6cfa0c5a8,"pantomime",1,3,"Two Bee"
80576a6a-e4ee-487c-aed8-ba77a1dac074,"pantry",1,3,"Two Bee"
b6fa844c-3a89-4fe2-8fb7-a0d2b9b772db,"pao",null,3,"Two Bee"
a329adc4-8f26-42b9-a4aa-423420088868,"papeterie",1,4,"Three Bee"
2b0e6b69-105a-4b42-ac80-f2acd2ba5b38,"papillon",1,4,"Three Bee"
cc5354e5-dbf4-4656-a28b-f98e2b9504fa,"pappardelle",1,4,"Three Bee"
ae637cda-8bd5-4428-981d-7034a82c798c,"papyrus",1,3,"Two Bee"
0b51e895-af98-48c1-8665-f46036fc2117,"par",null,3,"Two Bee"
896a8c17-1637-4559-8984-d72ba7a9246e,"parable",1,3,"Two Bee"
40ba9904-cf26-406b-b0b1-f60bdd42200e,"parabola",1,3,"Two Bee"
22875518-a403-4fae-93af-4202e53c9449,"parabolaparameters",null,3,"Two Bee"
6b458273-4e0e-4c5d-a9cc-df08c06f9a3c,"parachuted",1,4,"Three Bee"
84989ff1-5501-4016-9248-811bf34e577b,"paradise",1,3,"Two Bee"
771e4dcc-4b8a-41c6-9d0c-83d2dc541242,"paraffin",1,4,"Three Bee"
76ed90e9-f871-4ed0-85cf-8b2de6e2fb39,"paraffinvigneron",null,5,"Three Bee"
0828fd95-5f58-4727-96fe-6a76977cb686,"paragon",1,3,"Two Bee"
47c103ef-d6bd-4c94-83bf-744c07f3644b,"parallax",1,4,"Three Bee"
a6180bdb-8fd3-4894-98b6-83886d6e5616,"parallel",1,2,"One Bee"
563730b2-bff6-449e-b614-9a90e25fa7df,"paralysis",1,4,"Three Bee"
1bc723e3-8f10-4a7f-a2d9-ff9f074b5856,"paramahamsa",1,4,"Three Bee"
0a2fc757-9f95-4a48-9647-01a23a8a8d89,"paramecium",1,3,"Two Bee"
0722be3f-5665-4e8d-a801-7f94b4a67bea,"parameters",1,3,"Two Bee"
efdd7da0-eac4-4bc1-bf13-1bc4aeaf80a3,"paramountcy",1,3,"Two Bee"
08a56918-cd8a-4514-b15e-84bf588dca6f,"paraphrase",1,2,"One Bee"
441ba79b-bd18-4d1e-a01c-b5c482c9b05f,"paraplegic",1,3,"Two Bee"
95ca463b-4c33-4006-b396-6621464462df,"paraquat",1,4,"Three Bee"
81b4287e-5e46-4b1e-9617-1ec02fc15d9f,"parasite",1,2,"One Bee"
82513385-dba9-435c-b5c9-be7d576f651c,"parasol",1,3,"Two Bee"
2190e88a-ae12-4b6a-8537-d6cbb7b63d89,"parathas",1,4,"Three Bee"
9b9c2e52-a490-42e5-8c19-3eb734798c86,"parcel",1,3,"Two Bee"
360db8b6-94f9-41ce-9af4-8129d8eaefa5,"parchment",1,4,"Three Bee"
39b46e49-b1df-488f-a162-d08d89d4e284,"pardon",1,2,"One Bee"
5bd08d39-a39e-45a0-aba9-ad91e0fecb05,"pareidolia",1,4,"Three Bee"
a11bd1a3-232e-4748-b2b0-e941dbb6f8d6,"parenthetic",1,2,"One Bee"
730ac957-5600-4aab-846e-c034e906b079,"pariah",1,3,"Two Bee"
01e5589b-dfc1-4d96-936b-5655a567423a,"parishioner",null,4,"Three Bee"
56315606-7613-4c5c-a303-f628fc8b2f59,"parkour",1,2,"One Bee"
71b3488a-3421-4a57-92f8-fb250c003260,"parley",1,2,"One Bee"
6dd2c945-e52c-4ed2-98df-3efc4840eb16,"parliamentary",1,3,"Two Bee"
7457a75f-218e-465e-9fef-379e2df1f331,"parmentier",1,4,"Three Bee"
ba6684c0-9738-4537-9504-7b9d73f83f58,"parochial",1,3,"Two Bee"
b016eebe-f8b5-4a39-aa59-3c653585be61,"parodic",1,3,"Two Bee"
a862902d-9e3a-4e37-8aa1-fed98b3af0e7,"paronomasia",1,4,"Three Bee"
69a78f53-d085-40e3-a12d-79a05df6c53a,"paroxysm",1,4,"Three Bee"
ae5f1191-e165-4d66-87e6-62be50090df6,"parquet",1,4,"Three Bee"
7c75ffa6-30a9-4998-b72e-dfec655af6c6,"parquetit",1,2,"One Bee"
98bca8a9-c970-4f59-96a9-c74a4e7d2d37,"parquetparterre",null,5,"Three Bee"
05935c5b-4387-4965-8829-1d9d56a6ec3b,"parr",1,3,"Two Bee"
9316ff43-b441-412c-81cb-7297809aff60,"parrot",1,2,"One Bee"
242c57f8-2b8a-40cf-9614-e4c3d5236b60,"parroting",1,4,"Three Bee"
62b13fa3-a73c-4c00-9821-cdb821b300fd,"parsec",1,3,"Two Bee"
af540bb6-d92b-4a1b-9de2-f34e7bd40dc9,"parsimony",1,3,"Two Bee"
cf9f2c5a-5110-47c2-bcdf-86def4573c60,"parsnips",1,3,"Two Bee"
57bcb188-7d2e-43c5-b274-55db97e93b29,"part",null,1,"One Bee"
559d04e0-c374-4725-891e-cba0b2562037,"parterre",1,4,"Three Bee"
3a9d211a-fd15-4aa6-a842-fdfd679eb797,"parti",1,4,"Three Bee"
89a1b684-13af-4acc-9977-a9131fd627b2,"partiality",1,3,"Two Bee"
288a2ede-0da9-46bf-bcdf-29531706906a,"participants",1,2,"One Bee"
6a54177e-8d6d-4473-98dd-1f6bf24725f1,"participate",1,2,"One Bee"
f72df392-3f34-4c73-b3da-ea0014d897cb,"participated",1,2,"One Bee"
0aae3419-92af-4c9c-a2cf-6b1a5e5732c5,"particular",1,4,"Three Bee"
2c7398e4-0f36-4845-a079-b202afc6bae7,"particulate",1,3,"Two Bee"
b18d379d-5662-4b19-a5d5-4bfd863b481f,"partner",1,2,"One Bee"
59ecf9af-01c7-490d-bd18-eee1d632a1c6,"partridge",1,2,"One Bee"
5578708a-ee66-4ec2-b1fb-2c75293e8646,"parturient",1,3,"Two Bee"
e0c62efe-4dcc-4dd5-ab90-02af20d2a45c,"parvo",1,3,"Two Bee"
64648c1d-1dd6-4a78-b650-dc4bee8786c1,"pas",null,4,"Three Bee"
bec0b2fe-651f-4d48-9a8a-b0edbd3f7d63,"paschal",1,4,"Three Bee"
c599a9f8-934d-43a0-9467-12c2ebbd736b,"pashmina",1,3,"Two Bee"
24fed7d0-88ab-4a59-a648-a7e6748e0bdf,"pasilla",1,4,"Three Bee"
3f7582f5-1a17-44a8-ac3a-9cc150df791f,"pasquinade",1,4,"Three Bee"
02b2c955-b7c2-4c77-8b52-41921db4c94f,"passage",1,2,"One Bee"
15cc1c40-9c9c-4f81-a92a-341da3742ada,"passed",1,2,"One Bee"
980c582e-b936-4d40-89f6-a83fcd338aa2,"passersby",1,3,"Two Bee"
1c641924-a350-43b8-a591-adc04862d063,"pastel",1,2,"One Bee"
fd980c5e-70f9-4b11-9169-cb21a508ed90,"pastiche",1,4,"Three Bee"
9600f427-2cfe-468b-914a-0fc2f9882ba2,"pastime",1,2,"One Bee"
03398a41-f62a-4a48-ba62-f5ec77723172,"pastitsio",1,4,"Three Bee"
6dcd0811-eb2f-43b1-b7cc-da02943d66c0,"pastrami",1,3,"Two Bee"
ba6eccb7-1a26-4d0e-a227-1e881aed4c90,"pastry",1,3,"Two Bee"
634f2797-73a3-446e-8b14-fe2ea3be53b2,"pat",null,1,"One Bee"
455bd067-7137-411c-a981-2a375a1d4d84,"patagonia",1,3,"Two Bee"
db1397c8-3f2d-4ea2-ac91-7179bf69deb9,"patches",1,2,"One Bee"
63661160-4728-4e80-a73a-159e41587782,"patella",1,3,"Two Bee"
5dfe188c-d79e-4cd7-ade2-ac06062d00e0,"patent",1,3,"Two Bee"
74f7f708-13bd-44e7-ade3-4350de987bd5,"pathogen",1,2,"One Bee"
02bf0f66-7e9e-44ba-8665-fb3331be2b30,"pathos",1,3,"Two Bee"
98cbfb84-3a64-4789-b8ad-72a3e5bbd9ba,"pathways",1,2,"One Bee"
9009715a-78fa-43c2-8021-2c88bf9a96a6,"patience",1,2,"One Bee"
c1a6b7ac-2c12-448d-a815-65eacc6edec9,"patio",1,3,"Two Bee"
cd32eab8-8f59-41c2-be21-39cef0b2d450,"patissier",1,4,"Three Bee"
2a389e98-69ea-41c7-b0b7-e726a4d71cf6,"pâtissier",1,2,"One Bee"
c36bc836-0eb4-4082-9d5f-0e2960d7598d,"patois",1,4,"Three Bee"
d8505075-cf73-45e3-b2bc-97fe8e2ae075,"patrician",1,2,"One Bee"
8a2fb2bf-3cff-4b2b-8c2e-97ad43dda363,"patripassianism",1,5,"Three Bee"
8c8ba00a-ee8f-4ca4-bb19-b3e50bf7c658,"patrol",1,2,"One Bee"
d544650e-d8e4-48b8-8eb4-a747f0fcd94f,"patronise",1,4,"Three Bee"
e8b5a187-1290-4ed1-86ea-ba5bd3730096,"patronize",1,4,"Three Bee"
fe771bbe-50ac-403a-93dd-b353b2b352ed,"patronymic",1,3,"Two Bee"
f51189f1-a3fc-4d17-8e37-b65e15f7abdb,"patronymicodometer",null,3,"Two Bee"
c2066f6b-532a-49bb-87cb-af228dd7cd6c,"pattern",1,2,"One Bee"
a28925b5-8fc8-4850-962e-7f4575ec207a,"paucity",1,3,"Two Bee"
93d27d5d-e499-435d-ad55-b613a926d726,"pauper",1,2,"One Bee"
326982c7-08a3-4a86-b635-85ec76228080,"pauperepoch",null,3,"Two Bee"
dfdcd1b3-92f5-40b4-8d60-a47332f15e43,"pavement",1,3,"Two Bee"
96ca376d-10ad-4aac-93f4-4dd812e19c27,"pavilions",1,3,"Two Bee"
5d90d6f2-0ea0-4c01-b27a-e1114424db0d,"pavlova",1,3,"Two Bee"
93f410a2-b82e-4fc9-bb39-547963d8d78d,"payments",1,2,"One Bee"
3cfa432c-b772-4483-8456-d66db97ec1a7,"peaceful",1,3,"Two Bee"
cee1faf8-e601-4536-9d94-449b3c5733dd,"peacenik",1,3,"Two Bee"
e25728c0-be9e-4ab7-9cd6-68b82c803794,"peanut",1,2,"One Bee"
5bebd10f-bd8d-4c45-a4e3-db3e80625540,"pearlescent",1,3,"Two Bee"
34087928-a27d-4338-9f4c-728e5abb0ca3,"pebble",1,2,"One Bee"
deb8a3a7-60a1-417e-bd78-48196658858e,"pebbles",1,2,"One Bee"
28e4acc1-312c-4808-9900-2c6a81681dd5,"peculate",1,3,"Two Bee"
205b47e8-c0c0-45f7-8f28-d903b4e263be,"peculiarities",1,2,"One Bee"
1dfe2957-f1ed-4769-98fe-7f768776fbbd,"pecuniary",1,3,"Two Bee"
480d9eff-a624-4150-9468-df33ff4c463d,"pedantry",1,3,"Two Bee"
622fa13a-fe48-4a44-bd15-096aff90f11e,"peddle",1,2,"One Bee"
72e5181b-2224-4dfe-8286-0a2e97a10021,"pedestals",1,3,"Two Bee"
ba159d52-54ce-402a-ac38-48d222050ee2,"pedestrian",1,3,"Two Bee"
a8d1178f-726d-4a8f-a4c0-e635f425121c,"pedicure",1,2,"One Bee"
b1ec2435-045a-492d-ba8a-a23c45972265,"pedigree",1,2,"One Bee"
90364d0d-1d9f-4020-87f6-2317be268148,"peekaboo",1,2,"One Bee"
9d78c980-67be-495b-af85-94373e5f5cd0,"peerless",1,2,"One Bee"
2f8028c9-6cc3-48d1-a899-521f36c549c4,"peevish",1,3,"Two Bee"
fdfca378-7136-43a9-ba0e-489d7dd10e43,"pei",null,3,"Two Bee"
fab801e5-f08a-4f84-b4d8-def5188e5022,"pejerrey",1,4,"Three Bee"
d576825a-0a99-465d-8cce-8f08ad968d28,"pejorate",1,4,"Three Bee"
b53b4cbd-0452-4f03-b18e-e1df5985373d,"pekoe",1,4,"Three Bee"
ceda4bbf-d027-4339-bda4-127ff3e40953,"pelagial",1,3,"Two Bee"
d53490be-d71a-4360-8634-87dda12aa676,"pelagialpelerine",null,3,"Two Bee"
2f696db7-d1c7-4026-9f41-1ad07868e162,"pelerine",1,3,"Two Bee"
65463c4e-f03c-48db-8f65-143a684f9568,"pelf",1,3,"Two Bee"
20f49b74-c251-4adb-b8a3-132d9b58dd7e,"pelican",1,3,"Two Bee"
b1c3ce7b-11ef-49a2-ac25-38e151377959,"pelisse",1,4,"Three Bee"
a79c2856-2464-40d0-9cf6-19d1bca75995,"pell-mell",null,4,"Three Bee"
6cfe4fd7-554a-4be6-8085-b8b729876152,"pellet",1,2,"One Bee"
67bb1647-045d-45a4-99cb-68fa2b6e216d,"pembroke",1,3,"Two Bee"
a5201ef4-37b3-4d15-bd12-95c5973aff1d,"penchant",1,4,"Three Bee"
c1acf6ea-0a95-48e1-bb7b-38a4ed777e22,"pencil",1,2,"One Bee"
b1ceb1d3-d2ba-4a01-8a11-1a085a88cace,"pendeloque",1,4,"Three Bee"
f5f4f10f-11ea-47e2-b974-da2f3329ff21,"pendentive",1,3,"Two Bee"
cc265e78-4af8-430a-b5fc-e5bddd11dbc4,"pending",1,2,"One Bee"
07d00bbb-3b24-442a-aa43-ab88b13b7386,"pendragon",1,3,"Two Bee"
e5b82d94-75f9-4e07-93f3-2b63ac2b2c7c,"pendulous",1,3,"Two Bee"
e654b9cc-cd3e-40c7-b4a6-66f817a8c4de,"penelope",1,4,"Three Bee"
689fe244-8b65-4839-8031-6d4fe6ea9eb6,"penguin",1,2,"One Bee"
0657bcc1-2c71-49d3-9d4d-51a056eeb275,"penicillin",1,4,"Three Bee"
0c8a1a5f-8bab-49f1-8ce5-5ba102b1d11e,"peninsula",1,4,"Three Bee"
3430b7e7-4000-4990-81b8-d8b9f0b94a63,"peninsular",1,2,"One Bee"
c98af172-93f1-431d-8776-c3740c627550,"penitentiary",1,3,"Two Bee"
b983a332-f565-4172-81d4-d1dd50231f49,"pensive",1,3,"Two Bee"
df60c6bb-7d51-406a-bf43-262b38b21012,"pentameter",1,4,"Three Bee"
e7885f6d-83eb-4ec3-920c-59fbf4aed703,"penultimate",1,3,"Two Bee"
98a18171-12b6-42a6-96cc-daf1f6bc36da,"penurious",1,4,"Three Bee"
5ebcb0e4-8d53-4660-b371-7bb74db64836,"people",1,2,"One Bee"
b8a7c316-c661-46c4-993f-9e90793330c2,"pepita",1,3,"Two Bee"
ba19eabd-5948-4f79-a471-f17daf4165ae,"peplos",1,4,"Three Bee"
0fd8475d-4e7c-4d72-8cfd-64de8911897d,"peplus",1,4,"Three Bee"
399107c1-0535-4034-bc89-d743aa09ff24,"peppermint",1,2,"One Bee"
b47b82de-7ba6-49a1-b797-197a20edf720,"pepysian",1,4,"Three Bee"
6f1f16f4-0f36-422b-893d-5dd3effa2034,"per",null,3,"Two Bee"
04f0e4e7-cbba-4d92-a566-d5de9316a5c5,"peradventure",1,3,"Two Bee"
6f776e5b-cb39-4a03-be3e-8cc88617ed08,"percent",1,2,"One Bee"
d5670d52-ef56-4889-a2f6-d16e897f5d44,"perceptible",1,3,"Two Bee"
3cb21dd7-50cf-4422-9f55-658c832504e9,"perciatelli",1,4,"Three Bee"
54f0fbb7-9a88-43d1-9db0-595bcaeeeaa8,"perdition",1,4,"Three Bee"
998c6352-16e7-47be-bdc8-2d17fd63ff20,"perdue",1,4,"Three Bee"
1183e240-2c90-4fd1-960a-1e15cd67df1c,"peregrination",1,5,"Three Bee"
ecd9ae64-41a2-4b64-b4e1-2ebe8003641b,"peremptory",1,3,"Two Bee"
a4617f73-3436-4deb-a423-d00901411afd,"peremptoryinfarction",null,3,"Two Bee"
b50e5409-0cb0-4dc4-8fd5-f33cf8e9abc3,"perfect",1,2,"One Bee"
bf9f9c26-eb86-4374-93a6-9e9a0b18a7ba,"perfection",1,3,"Two Bee"
c896334b-350d-4de7-8638-e3a105db61e1,"performance",1,2,"One Bee"
2f5db8d9-f310-4d3e-bf6c-1328d297dde1,"performed",1,2,"One Bee"
3d593639-d01a-4f68-9862-f5de5c7cf81a,"performer",1,4,"Three Bee"
0ee2c90c-fe4f-42e8-a47a-39c04812555c,"performs",1,4,"Three Bee"
94a267e6-bf0e-4d18-b8a8-ccce8930e3c3,"perfume",1,3,"Two Bee"
a8c82117-bea7-4d2c-9d8a-0a280f3eb06a,"perhaps",1,2,"One Bee"
adf9131e-1934-404f-aa88-e7e143466a52,"perianth",1,4,"Three Bee"
8f8e67f0-9a88-4a1b-8fc4-e2e0df0a022c,"perilous",1,3,"Two Bee"
b633c6cb-f07d-45fd-b1d9-feb8203607e3,"period",1,2,"One Bee"
3100cf62-772d-478f-930c-a6700dca0ab9,"periodically",1,5,"Three Bee"
6493ab99-f8ba-4a84-9417-8292c19b590a,"periodontist",1,3,"Two Bee"
49ccd71e-1fb5-4dce-91b5-9277df0b0026,"periods",1,3,"Two Bee"
085f4558-a5db-4c15-af1d-7d872f2edb54,"peripheral",1,3,"Two Bee"
7f89e05f-72b5-4726-95d2-37e10ed69d32,"periwinkle",1,3,"Two Bee"
d5cb3b8a-f822-4076-9297-0bd3859f98b4,"permafrost",1,2,"One Bee"
43e27d50-76a0-4925-b9b6-117f1873407a,"permanence",1,4,"Three Bee"
03c2eecf-67f1-4a6a-9222-669376da7ad4,"permission",1,2,"One Bee"
073320a9-d2ac-411e-8ef1-d449e1a0f9a6,"permutation",1,3,"Two Bee"
9fc2af1e-0fe1-4bf5-9863-cefb949a3165,"pernicious",1,3,"Two Bee"
af195396-e237-4655-a9c7-fd15a6f9038e,"perorate",1,4,"Three Bee"
71cb6c10-2f2e-4340-8b3b-9befff3acdc6,"perpendicularity",1,5,"Three Bee"
8e5a7787-76c7-40a8-bbb0-54b231b6c048,"perpetrate",1,4,"Three Bee"
f7f362b2-7489-473d-bf36-2f48bf88952c,"perpetrator",1,3,"Two Bee"
984f4f17-f625-42fe-ab1a-3e4a52055fff,"perpetual",1,3,"Two Bee"
2bdf7fb8-7351-452a-9ac9-99387bf8e814,"perplex",1,2,"One Bee"
fc1c508d-e16e-44f6-86e3-ec13b74d025a,"perquisite",1,3,"Two Bee"
6a59f010-9d02-4cc4-b80c-edb76e890a4c,"perseverance",1,3,"Two Bee"
a655a264-4176-446c-8672-2ed7e6b5440a,"persia",1,4,"Three Bee"
7f0f61af-bd5d-47a1-a3f4-e2f1633dee6b,"persian",1,4,"Three Bee"
4585f3e5-46b9-421b-8bd9-eb6c6fea9808,"persiflage",1,4,"Three Bee"
519c19e6-210b-49f6-8029-5136b34376bf,"person",1,2,"One Bee"
79a91824-fe59-4fed-bf56-5e726a2d556a,"personnel",1,3,"Two Bee"
45241d9c-4b09-4395-bc95-cc938dbdad59,"persons",1,4,"Three Bee"
abfd50fc-5cae-426b-b4f0-ac7af9abcda2,"perspicacious",1,3,"Two Bee"
ce38a3ec-10d1-487a-8ed7-92c940235a40,"persuasible",1,3,"Two Bee"
930e9fb0-8278-4126-8e52-ca47cd9d3189,"pertinacity",1,3,"Two Bee"
a5efd7ee-cd47-4479-9549-04284c85a24a,"peru",1,4,"Three Bee"
ec14fb1c-5ce9-45d0-be62-6a64bbdc1a89,"peruse",1,2,"One Bee"
c5972062-0637-4c85-bf69-c97de72014f8,"pervading",1,4,"Three Bee"
fac045d0-b18f-4106-a4ef-dde5778aa8cf,"pervasive",1,2,"One Bee"
758bd608-3bef-4ba9-a68d-5892316ccc23,"pesos",1,3,"Two Bee"
62b6f2c0-7bc6-4435-a347-fd35bf86326a,"pessimum",1,3,"Two Bee"
2e4b8e2e-26ff-487e-bcb7-13f387225de8,"pestilence",1,3,"Two Bee"
c347c385-031c-4bff-b8ba-cfa7b9ac887b,"petechia",1,4,"Three Bee"
8ce991de-8eb4-4ba8-8453-72d3ec438088,"petite",1,3,"Two Bee"
6b102457-7b9b-4901-9905-da2345128eec,"petrifying",1,3,"Two Bee"
4620d8de-c047-4d65-af02-3e79aec5dbc0,"petroglyphs",1,3,"Two Bee"
f0d72874-a3d9-4c59-8bcc-407a4e6397d6,"petroleum",1,3,"Two Bee"
d5a0da78-39ad-4b24-b4af-7dd24bcba437,"petticoat",1,4,"Three Bee"
e918f0b5-60d2-487c-8973-b7d366954a0c,"pews",1,4,"Three Bee"
98838b7f-18f7-4b0e-8ec2-6ffc1fce00e3,"pgames",1,4,"Three Bee"
ead40f31-cac5-43f2-8a38-8c2775a87be5,"phalanges",1,3,"Two Bee"
0cdf45a0-e1ef-4fc4-8d97-ab7e072fb2b5,"pharaoh",1,3,"Two Bee"
2b280302-47d2-4d58-ad74-d28d285e153d,"pharaohopponency",null,3,"Two Bee"
a32c48ac-04b9-4e8e-912b-b0ccbb581e4a,"pharmacy",1,3,"Two Bee"
494483f3-947b-446b-b91b-a7f4da88a42a,"pharmacyfondant",null,3,"Two Bee"
321ed031-4641-4dc8-a584-bbea28e0a738,"pharynx",1,3,"Two Bee"
81667b4d-6093-4aec-b307-444392bd1fd2,"phenom",1,2,"One Bee"
6bad217f-f171-471b-b3f7-0b87ebbbce0d,"phenomenal",1,5,"Three Bee"
dd2b7086-1537-47fc-a56f-5d881ed87532,"phenotype",1,3,"Two Bee"
898f98ac-9eba-4b3a-acf3-86cdaf9a456d,"phil",1,5,"Three Bee"
47461e4a-b3e8-4a8a-a642-a1f08d14f449,"philharmonic",1,3,"Two Bee"
32312e3a-37c0-4039-a12b-3299b305dc2a,"philistine",1,5,"Three Bee"
9c0563d0-aa3b-4d1c-980f-bd4224550f78,"philology",1,5,"Three Bee"
48ffb03d-f3bf-453f-a3d7-2af5d28848da,"philopatry",1,5,"Three Bee"
0f36c380-ffd6-43f3-90fc-838a4f4a7650,"philos",1,5,"Three Bee"
c695f320-f46d-45a1-bd21-b79af1a518dc,"philosophize",1,3,"Two Bee"
eabd493b-26fa-4325-9812-461af0ff3888,"philosophy",2,3,"Two Bee"
8a48b8af-8e65-414b-8c0e-833dab98cf56,"philtrum",1,3,"Two Bee"
69406a2b-ea4c-420b-864f-8daead3fd5b1,"phishing",1,3,"Two Bee"
79e37c75-f628-426d-92ff-6b79b070c2f3,"phlebotomy",1,3,"Two Bee"
ba8e4d6d-4523-4418-95c0-a41f7cdada15,"phlegmatic",1,3,"Two Bee"
1fed0c91-5040-490d-8bfe-6959168317b8,"phloem",1,5,"Three Bee"
af5d1be3-ff1b-41cf-9c53-09d3625a0d93,"phlox",1,5,"Three Bee"
173f35ea-b108-4509-b46c-b7560d1cd77c,"phobos",1,5,"Three Bee"
93caeef3-fe5d-4c51-9778-8b16e032a7eb,"phoenix",1,3,"Two Bee"
095b356e-ba24-4c04-8465-dfc085edd357,"phonetician",1,3,"Two Bee"
8f0f3230-44e1-4b3d-ab00-cd57a494242d,"phonics",1,3,"Two Bee"
d1cd8386-816f-44c1-a264-0585f6046fc8,"phosphorescent",1,3,"Two Bee"
9a4e54b9-32f3-48ee-aaf4-c0e0ab218866,"photogenic",1,2,"One Bee"
4325924d-0622-480e-b556-d54d61ed5acf,"photosynthesis",1,5,"Three Bee"
c49d7737-5e67-4224-a9be-8adfb1965337,"photovoltaic",1,5,"Three Bee"
803df344-7659-484b-bc8c-99497a0f0dbf,"phraseology",1,3,"Two Bee"
aba56500-95d2-4fd5-9ac4-b7b97ef87892,"phulkari",1,5,"Three Bee"
5b2284f8-725a-4df4-b4f4-471f82835315,"phycology",1,3,"Two Bee"
cc40aa1a-e59d-49f6-b8a9-f09a78a0ffd3,"phylum",1,3,"Two Bee"
0bc4b5c8-d638-4355-b04f-c1ae58de6e92,"physical",1,2,"One Bee"
74049b9d-6047-42f5-a0c1-6b3121145bce,"physicalpunily",null,2,"One Bee"
0f068866-9dd0-4f0d-8073-86eb4bec4e12,"physician",1,5,"Three Bee"
b70d6141-0a50-4df6-9901-fb6f70339f03,"physicists",1,2,"One Bee"
01a95f99-32f3-43a6-a270-1f5648204097,"phytophilous",1,5,"Three Bee"
4ff803d7-84a6-4cf5-9995-4127558f3a03,"pianola",1,3,"Two Bee"
de16881f-178e-4995-8699-2e8c16bc1350,"piatti",1,4,"Three Bee"
b1003fef-4de0-4000-bf88-1ebf3f173c69,"piccata",1,4,"Three Bee"
423ed3de-1748-4019-aeaa-7eb1e5c8bb1c,"picture",1,2,"One Bee"
f0f40360-7fca-494e-8086-e7dbcf6d8770,"pictures",1,4,"Three Bee"
2c710c43-6716-4656-91a2-66fb274e8654,"pie",null,1,"One Bee"
de3c3553-4bf8-45eb-8abd-baf02063fa61,"piece",1,4,"Three Bee"
e5791ea4-e5e0-4368-abf4-d1e651bb3f55,"pieces",1,2,"One Bee"
88e7aa13-61a3-4e68-8cce-23c01c33f443,"piecing",1,2,"One Bee"
d6cfc24f-793e-4169-9de1-13aa748feb1a,"piercing",1,3,"Two Bee"
d5168566-684e-4999-8e4a-b67f7c2c652d,"pierre",1,3,"Two Bee"
422ecb80-cb7f-4e80-991d-8526578bf739,"pierrot",1,4,"Three Bee"
98a9b1a3-edf4-4e86-840e-3abb51ae1c3c,"piety",1,3,"Two Bee"
89f5efda-8185-4b4a-b9f7-4acdbfabad50,"pigeon",1,2,"One Bee"
56c8fe74-9a1a-4549-ac00-8d49cf7b1ce0,"pigmentosa",1,4,"Three Bee"
f67dfe5c-ed1b-423e-a22f-08ed349963c6,"pigments",1,4,"Three Bee"
4b9cbdf4-8ae7-48f3-be0b-36c10082d3bb,"pigsty",1,2,"One Bee"
fbdcb223-71f2-4e0d-8f94-dd2373d25f89,"pikas",1,4,"Three Bee"
57218b5b-a208-40c3-93cf-9be0e94aece4,"pilaster",1,3,"Two Bee"
4dcddacc-fda0-4fc8-875f-e87f7688aa89,"pilcrow",1,3,"Two Bee"
0c8d5e65-568b-496d-8c5d-65c545c41bd8,"pileus",1,3,"Two Bee"
c38f64a8-0e8b-4ac8-a93d-79efefdd8d13,"pilferer",1,3,"Two Bee"
65e203c0-0153-412f-9d8d-954a35f4e664,"pilgrimages",1,3,"Two Bee"
596a09c6-7d73-4941-802a-56b3f028f225,"pillage",1,4,"Three Bee"
5d0ba9a2-1624-42e9-8087-99e338897416,"pillor",1,2,"One Bee"
4ef6f92a-fc98-425a-9d29-3e2ab96d53e9,"pillow",1,2,"One Bee"
b9298518-4306-4ad0-abf7-488c075f2dc1,"piloncillo",1,4,"Three Bee"
5d4b0dee-75e8-4c63-b913-8f34d90f0d6e,"pilosity",1,3,"Two Bee"
877735a3-9296-4b42-b10b-58a98204c1ac,"pilotage",1,3,"Two Bee"
a8790a92-d790-4af7-bffe-b4c918174a58,"piminy",1,4,"Three Bee"
f71e4356-95f7-411d-9b00-1fc03c7157bd,"pineapple",1,3,"Two Bee"
bcc0b463-147d-40cf-acdf-7a57d1649087,"pinetum",1,4,"Three Bee"
a4a5b0a7-2b7e-40e0-a767-d0831eaead9b,"pinioned",1,4,"Three Bee"
25cb9f6e-a164-4850-ad0f-055b25e2afab,"pink",1,4,"Three Bee"
8860f4c8-4863-4f69-bc1e-0afd7f6e4bd7,"pinkerton",1,2,"One Bee"
5b432bed-3464-4b3f-8124-30412d0d5912,"pinnacle",1,3,"Two Bee"
e1255790-052d-4cd1-ab12-8680edd8b2f0,"pinnate",1,3,"Two Bee"
9a6467da-847a-4eb6-adec-1c83472fc00c,"pinniped",1,4,"Three Bee"
a50a5bea-7e5e-469d-adbe-c5de666cffc1,"piñon",1,4,"Three Bee"
625ad7b4-afc0-422c-b8b5-037185807407,"pinpoint",1,3,"Two Bee"
d4550510-aa67-45c7-b128-af840dfea3a5,"pinyin",1,4,"Three Bee"
4e5fc798-ba69-4faa-8c91-af47d41f4994,"pinyondysfunctional",null,5,"Three Bee"
5400c48f-764b-455f-a697-bf23c81db99b,"pioneered",1,4,"Three Bee"
19a59361-7dd6-46c0-8168-720c5b2648ff,"pious",1,3,"Two Bee"
7be8cb6f-a9b4-4e8f-988d-f4b3c7e63a90,"piperhear",null,2,"One Bee"
a065dd53-c8fe-4127-b01e-cd8c633232a6,"pipet",1,4,"Three Bee"
401d8584-beaf-4636-92ef-d7b7881c994a,"pipette",1,4,"Three Bee"
f5962795-e63b-4574-b518-a5f1807b8c31,"piraeus",1,4,"Three Bee"
6490254a-cf96-4732-9ebf-3fdcb1ce6534,"piratical",1,2,"One Bee"
6fc77f4a-37b9-4734-961f-ca8852de4573,"pirouetted",1,4,"Three Bee"
c6e143e3-531a-4104-ab49-32f70132c16d,"pisces",1,4,"Three Bee"
69b3e457-a735-4873-802c-9cdba18a3ddc,"piscivorous",1,4,"Three Bee"
12f423b2-5c83-4544-a2b5-c07e5d38850e,"pisin",1,4,"Three Bee"
308fcba1-6f06-4076-8be7-88a8276032d7,"pissaladière",1,2,"One Bee"
481027b4-5751-45f6-bef7-1533dce79970,"pistons",1,3,"Two Bee"
3748fc06-6c20-4b35-9ae9-ba688618f77f,"pistou",1,4,"Three Bee"
82a424a0-99ab-47a2-aeed-4df7f4fde6d5,"pitanga",1,4,"Three Bee"
6da1f11e-c3ab-4612-b348-eac764a5711a,"pitch",1,3,"Two Bee"
3e13a12d-9ebd-42b7-a208-d1b68c328c28,"pitch-black",null,3,"Two Bee"
8b34590f-d1f8-47c4-977e-e37d2723e7ef,"pitiful",1,2,"One Bee"
05f5bd72-92a9-4e58-86b4-244b4177d23b,"pituitary",1,3,"Two Bee"
870b2154-0a47-462c-83de-77a99ee3dabc,"pivot",1,3,"Two Bee"
3e6914aa-3a2f-43d4-b9c6-76333ec8aff7,"pixels",1,4,"Three Bee"
55dd86eb-5ea2-4c84-9704-e1972da5daa5,"plaaac",null,4,"Three Bee"
a9d5c541-3096-4669-b4ce-d8a4623a87fb,"placards",1,2,"One Bee"
f4cb4d55-d519-43e6-aa4b-d9b399588a21,"placate",1,2,"One Bee"
da181187-f0c3-4c64-a1d0-3f69e8726e7d,"placed",1,4,"Three Bee"
f7d79b83-9a32-4c42-adba-402d9a47b9c8,"placoderm",1,3,"Two Bee"
9ac75965-80e4-4e91-98c1-81c4dc9db9c5,"placque",1,3,"Two Bee"
bc73b5d5-3c7d-40fb-8a6a-d8ed0d2e7026,"plagiarism",1,3,"Two Bee"
356f8da7-2f12-4fbf-a587-1e0e9c3ca012,"plague",1,3,"Two Bee"
1bcafda0-cdc9-4e94-8122-7ad787ffff73,"plaid",1,3,"Two Bee"
c7b92293-c16d-4401-8e94-bb4e41cd19a3,"plaintiff",1,3,"Two Bee"
be345e54-5a14-4ccc-98c9-0d674cb28d80,"plaiting",1,3,"Two Bee"
e6923f2c-b113-4247-975d-9750dbca300d,"plane",1,4,"Three Bee"
226bb71d-08c6-4a74-81e1-dceaa4974f82,"planetarium",1,3,"Two Bee"
35c85bae-b474-4658-89ba-16989851c256,"planetesimal",1,3,"Two Bee"
f56fe992-c74d-49bb-ba5a-c556c1b047a4,"plangency",1,3,"Two Bee"
38ef42a1-66dc-4e8e-b901-475dccd7aff1,"planisphere",1,3,"Two Bee"
74fb23bf-7a93-49c2-972d-b0af9ead3efa,"planogram",1,3,"Two Bee"
87bdb8e4-d45a-4337-9e22-3778990aad9c,"plans",1,4,"Three Bee"
6836dcf3-8fa1-4f66-90c7-76355b5add03,"plant",1,4,"Three Bee"
3d99e642-bc43-4939-9fd0-f8f94a6b8db7,"plantagenet",1,4,"Three Bee"
81de54ff-7860-4184-b69e-aa5b32df3804,"plantain",1,3,"Two Bee"
953bdc0e-5422-44fb-a2b0-41c5e5bd6f7f,"plantigrade",1,3,"Two Bee"
0c741d9b-9e12-464a-a155-528df1619ef5,"plants",1,4,"Three Bee"
45bad424-7260-4587-b7d6-c1a80ddc3ed7,"plaque",1,3,"Two Bee"
33a9442a-9f05-458a-b779-39468494f3fe,"plastic",1,3,"Two Bee"
d8ec0a9f-a2fa-434e-b7e7-99c16ebc0b36,"plastron",1,4,"Three Bee"
f9c53ef6-d8cb-4e7d-86f7-94d3f77fc0be,"plates",1,2,"One Bee"
ee9c0bd2-7970-4e9a-bb8e-23aaed3c4d71,"platinum",1,2,"One Bee"
d68b4853-654d-4ff2-8b24-c043b9d2ebdb,"platitude",1,3,"Two Bee"
cda7c750-9d2f-4edc-8055-de20f97d9155,"platoon",1,2,"One Bee"
2281b8cb-f2ca-4e04-aae9-50960854c369,"platypus",1,3,"Two Bee"
802a4193-5a76-486f-8a81-8f9c607802de,"plaudits",1,3,"Two Bee"
012081bb-7346-43eb-9b98-cee9f7a021ee,"playground",1,2,"One Bee"
db752ea3-b9f3-42c0-8125-41719cefc0c4,"playlist",1,3,"Two Bee"
0d3b5f13-3b82-4e72-b8d0-324875a54587,"playwright",1,5,"Three Bee"
e3f7eee5-c018-4344-b2b1-2410de6f04f9,"plaza",1,3,"Two Bee"
2c9c22c9-83ba-41d2-8d0b-d1bca707cc86,"pleasant",1,2,"One Bee"
91fcf6bb-7c43-4ea2-a020-0e425c958cdb,"please",1,2,"One Bee"
90936c43-e53e-45d3-8418-7c246e7a9b32,"pleiades",1,4,"Three Bee"
f5244353-48d7-4a6f-bdf7-7ef6542b81f9,"plenipotentiary",1,3,"Two Bee"
ccdaa3f3-5e58-401f-a864-5ee6f62f967b,"plenitude",1,3,"Two Bee"
381f0d24-0ff9-44f1-9cb6-5a1bc0b4d21a,"plentiful",1,3,"Two Bee"
4a95249a-9423-4b23-aa7d-fe629d955ace,"plethora",1,3,"Two Bee"
3c98d8af-9379-4483-82f1-381da3a3e3a4,"pliant",1,2,"One Bee"
2628c9f7-7f7b-4474-8443-fa87e53ce7a3,"plodddded",1,4,"Three Bee"
d74cb5d7-971d-4a5c-88d1-e6c2e33d830d,"plodded",1,4,"Three Bee"
58d85f96-53aa-4d3d-8e13-606334e4b3ce,"plopped",1,2,"One Bee"
6fc20dbd-644d-436d-a11f-b682924fbe00,"plover",1,2,"One Bee"
d8d448d2-e14c-4625-a177-aa53ba5da6fb,"pluck",1,3,"Two Bee"
98a880f5-ac4b-4c60-b48e-2e58586a0127,"plucked",1,4,"Three Bee"
c7bbfae9-4e4f-45d8-9f74-98bc689a77f0,"plumage",1,4,"Three Bee"
063fc731-9db6-422e-9523-5a11e157e1bc,"plumassier",1,4,"Three Bee"
3f79436a-17ca-4204-b2f0-889414f625d1,"plumbago",1,3,"Two Bee"
f864b26e-e095-42d1-a16f-f8c70f85618d,"plumbing",1,2,"One Bee"
2d9b7eea-c45c-4c78-a50c-8d0090fcbe37,"plume",1,4,"Three Bee"
d800e3de-237e-4959-806b-f068b2c3b73d,"plumeria",1,3,"Two Bee"
37a47c8e-f3d2-4895-b22d-868a73ed49bb,"plummet",1,2,"One Bee"
9017e678-a2c0-438b-addb-7cbd7b947f83,"plundered",1,3,"Two Bee"
acb3354d-fc4e-434d-8ce6-7f4f7e6aa7d9,"plunger",1,2,"One Bee"
c4c80f0c-40ca-4a39-a7e5-d8a5c19e1682,"plural",1,2,"One Bee"
a26061c8-fad8-44d0-a4f6-c0fb5731df3c,"plush",null,3,"Two Bee"
5dbea5c5-9113-4d9f-9f13-906d3551e065,"plutonomy",null,3,"Two Bee"
89238d52-6819-4ea8-ba44-54ebaeb930cf,"pneumatocyst",null,5,"Three Bee"
7b00c4e2-9060-4387-b62d-35363d9adb73,"poblano",null,3,"Two Bee"
9c1ac36c-774c-4c43-bb61-e3035137f05f,"pochoir",null,4,"Three Bee"
f53f44ae-c112-46bb-95df-82c81202d308,"pocket",null,2,"One Bee"
87497984-6eb4-433e-a64c-da14d25ac95e,"pod",null,1,"One Bee"
196bd2a6-6b6b-410c-acc2-860b80677f42,"podagra",null,4,"Three Bee"
9acc9401-38ce-4a12-b205-25929f70aa4f,"podium",null,3,"Two Bee"
aa32775f-452c-47d2-91ca-f179d3a97273,"podotheca",null,4,"Three Bee"
714053b4-1c13-4ecd-8cbe-e1de80d96171,"podsnappery",null,3,"Two Bee"
a75536cf-90db-4d42-a914-319652e2bda9,"podunk",null,3,"Two Bee"
ee177a44-4f0f-4f16-a544-5662893a37d4,"poem",null,1,"One Bee"
7273145e-ada5-4b3f-ac0b-71233311a407,"poika",null,4,"Three Bee"
ca419403-e560-46cb-9e05-d4f2ff79d4b0,"point",null,4,"Three Bee"
1f960c2c-040a-4ac6-a80b-71f84035eac7,"pointelle",null,3,"Two Bee"
ac806d4c-c144-4623-b311-4a8c1167e6b2,"poisonous",null,3,"Two Bee"
92befeca-044a-4164-bafc-2bb5e9b349b8,"poke",null,1,"One Bee"
0c6e851a-660c-41f2-a737-267e9ade29ad,"polarized",null,2,"One Bee"
c114743a-d8fa-41ac-96e9-50e4cb345dd3,"pole",null,1,"One Bee"
e7a48c5b-f622-4553-979b-053a3069177f,"polemic",null,4,"Three Bee"
7d8ca7cc-e6ab-49d3-9314-0d62e7aca834,"polenta",null,2,"One Bee"
2082a0ab-7089-4e31-8063-7d7a5c1825cd,"police",null,3,"Two Bee"
1b59dbf1-ae80-4984-b9f4-3f646630e7cd,"policy",null,2,"One Bee"
11732032-207a-493e-b487-df934d2ea0d3,"polish",null,2,"One Bee"
bdd79576-2ad8-464b-a4e6-057aede54ce6,"politeia",null,4,"Three Bee"
2b91b542-9bfe-47e8-81e6-44369684ba07,"politick",null,3,"Two Bee"
2c9568d9-7a81-4b6c-b2df-4f5a3043659d,"politickpollutant",null,3,"Two Bee"
7c7804e9-8898-437a-8a80-10704550dc06,"polloi",null,4,"Three Bee"
b86ef75e-0099-4219-9992-7d7dfbfc79b0,"pollutant",null,3,"Two Bee"
03f81761-34e3-4572-a0ba-6443d48ea82c,"polo",null,1,"One Bee"
4e5539dc-7ee4-4e06-b12d-e217dfd284fe,"polonium",null,3,"Two Bee"
d04c051b-0442-417f-b2a3-d4564f0110ee,"poltroon",null,3,"Two Bee"
acf04b80-922b-4e50-bf9f-73a287c536ee,"polyandry",null,4,"Three Bee"
844aee08-62a7-4156-af2f-b86a1e95e7f7,"polydactyly",null,4,"Three Bee"
6e28bcf4-89a0-4f0c-b99e-11843617f6ef,"polyester",null,3,"Two Bee"
31ccc4a0-f823-43d4-8326-64260906d6f5,"polyesteranoint",null,3,"Two Bee"
faa99ee9-5a5b-49d9-bb86-2374b0c25b72,"polygenous",null,3,"Two Bee"
9042162f-e798-46fd-9f5c-10a84bad027f,"polyglot",null,3,"Two Bee"
ed7706e4-4536-46c4-a00c-df095384c2cb,"polymerized",null,3,"Two Bee"
736c61c2-d061-46a7-945f-2312f2472f0d,"polypeptide",null,3,"Two Bee"
1dbf88ed-a187-4036-87e4-cd5d8ed412a3,"polysemy",null,3,"Two Bee"
d96935d8-7642-4d9f-9de4-ed9f37247974,"polysyllabic",1,3,"Two Bee"
c990aa57-17e6-4da8-bae8-14512e79885d,"pomade",1,4,"Three Bee"
07ef915a-0a94-4f4d-892f-8794d23b689d,"pomato",1,3,"Two Bee"
44e532cf-d595-4335-aa59-ff1379c541dc,"pomegranate",1,3,"Two Bee"
4e9366b6-8e20-4d84-a528-f22e38b76adb,"pomeranian",1,3,"Two Bee"
49a43450-be62-4033-96a7-82b4320d7446,"pomology",1,3,"Two Bee"
c054c08a-a5ef-4b70-b5cb-309f8429e5cd,"pompadour",1,4,"Three Bee"
1d096e64-dc06-4ae7-b318-ca880bf62c5e,"pompeii",1,3,"Two Bee"
95ab8a58-fc5d-42ee-82ec-f8c7eddce51e,"pompey",1,2,"One Bee"
6891da3d-0194-4786-b39e-82f307d572e6,"pomposity",1,3,"Two Bee"
965dbff9-d2e0-4d91-bf82-3e5fc7841a4a,"pompous",1,4,"Three Bee"
4a229ba7-6541-4fec-a689-fe43535bc48b,"poncho",1,2,"One Bee"
c365474e-305e-41a9-853c-146a1bec395f,"pongee",1,3,"Two Bee"
9a706ecd-8f53-4e4a-8e46-21eb3abae7ec,"pontiff",1,3,"Two Bee"
b7ee9bb2-b60c-42d7-901b-feaef1430453,"ponytail",1,3,"Two Bee"
8ac67456-1e12-440c-80fc-13880e3adba9,"ponzi",1,4,"Three Bee"
86eb5eab-5a5f-4256-8e08-534f166791df,"popocatepetl",1,5,"Three Bee"
a8008c22-fdca-415d-8c90-ce42a597353a,"popovers",1,3,"Two Bee"
24d7890d-e518-487e-9986-9bbdd930a6bc,"poppet",1,3,"Two Bee"
97daf9ad-6d83-4c81-88b1-2fbefe1d6357,"populace",1,3,"Two Bee"
e75b6673-69b2-454a-8ca5-8744c3a3e4db,"popular",1,2,"One Bee"
caa58f9e-bdaa-4af2-beae-eefd6c250470,"porcelain",1,3,"Two Bee"
2c64b6ef-27a5-4934-98dc-29451b1ef3d7,"porcine",1,4,"Three Bee"
89eb6ee9-0004-4ce1-bf66-884cf254b18e,"porcupine",1,4,"Three Bee"
0131d27b-08ee-4c7d-8642-4a532862ec90,"porosity",1,3,"Two Bee"
30d52163-8de7-47ec-ad2a-fc8d2357423b,"porridge",1,2,"One Bee"
abd523c4-92e1-441c-b2d0-ed6013708e63,"portal",1,2,"One Bee"
64b73264-9432-4d76-af7b-117db32e7124,"portcullis",1,3,"Two Bee"
ea8086f0-8095-4ac1-9676-37c76b4efe08,"portentous",1,3,"Two Bee"
fb6f0873-44ca-4435-9f79-78becfc30eff,"porter",1,4,"Three Bee"
9026e831-3301-48a0-9352-b7c12d8b0437,"portfolio",1,2,"One Bee"
b395b320-9683-4a6e-b9ec-a2403bae8c3a,"portico",1,3,"Two Bee"
34d81d1a-3bde-441f-afaa-2ce66d07507a,"portion",1,2,"One Bee"
eb3cc401-e638-47a4-9978-7a9e8f4d3f3f,"portmanteau",1,4,"Three Bee"
e9003e89-a65c-45dc-b8eb-e888b4099246,"portmanteaucoaxation",null,5,"Three Bee"
a0f52d94-9bab-4f45-a35e-d989b1731402,"portrait",1,2,"One Bee"
9be2f875-3ed2-4d15-9133-a78e2977d390,"portraitpraise",null,2,"One Bee"
d1061e10-d783-42c7-a6a6-853eaa1cb778,"portugais",1,4,"Three Bee"
fdde0100-8c81-431e-b387-b5170b3c7cf9,"porwigle",1,4,"Three Bee"
b76350db-4a30-45af-8dbc-9c796cc4debb,"posada",1,3,"Two Bee"
9d771f9d-bf8a-4114-aa12-917e24a87937,"posh",1,3,"Two Bee"
763edccf-0f6b-4324-828f-175aa95081d3,"posse",1,3,"Two Bee"
7fe9afcf-9948-40a0-a8d3-c19544c8b4ee,"possess",1,2,"One Bee"
1344f85e-fab2-4e59-b4ba-e8bff43d46be,"possessive",1,3,"Two Bee"
35f45cb5-5c71-44e5-90c8-9c6da4e99fce,"possibility",1,2,"One Bee"
63152ec4-75ef-40fb-8dcd-eb21935a9c19,"possible",1,3,"Two Bee"
62cd5a8a-fcbe-42f8-803e-553ed2079b54,"postdiction",1,2,"One Bee"
c6c6c58c-647f-4667-a51b-b5af876234be,"posteriori",1,4,"Three Bee"
0205ef96-414e-43af-862c-b3fda026356a,"posterity",1,3,"Two Bee"
f7269571-5ba0-45af-b16f-ea482dbab195,"posterityposthumous",null,3,"Two Bee"
0cf39197-b524-425d-92a2-3bbce2cd6862,"posthumous",1,3,"Two Bee"
50b7fad2-c57c-4f68-a89f-4bbc44ec7a7d,"postpone",1,2,"One Bee"
5e1eb3bb-615c-4752-b9f7-10918ef1213b,"postponewafer",null,2,"One Bee"
b967158d-0998-4010-bdda-5e4c42408ca0,"postural",1,3,"Two Bee"
9a8b1d9c-f9f5-4ea3-8885-71b119ed3621,"pot-au-feu",null,4,"Three Bee"
122508c9-2596-4719-b3ec-5de60fb87743,"potager",1,4,"Three Bee"
92168156-fd0f-463c-a70c-841eb1cbb036,"potassium",1,3,"Two Bee"
f6f8be23-c0ec-4beb-8fe0-7c927bba298a,"potato",1,2,"One Bee"
da743a00-8e65-4f82-8910-9ab5935212ed,"potatoes",1,4,"Three Bee"
32cf358c-0ab7-4820-9958-eb4bc2ab9b9d,"potentate",1,3,"Two Bee"
46c6d30f-3036-4891-950d-8959381e85e4,"potential",1,3,"Two Bee"
7de9b14c-5cb0-4f3c-8633-4f5ff332eada,"pothos",1,4,"Three Bee"
62604e7a-e769-41a5-b837-5a091f10abba,"pothospolysyllabic",null,3,"Two Bee"
b8086741-68d0-4147-a8de-ac51e6cadbd6,"potion",1,3,"Two Bee"
c9c7457c-ac83-44f0-b46a-b72440f7fb2c,"potoroo",1,3,"Two Bee"
8b9d033a-cad0-4d4c-88cb-8196de148dcb,"potpourri",1,4,"Three Bee"
ac19ec88-a92a-4ccf-9dbc-312185ea9397,"pottery",1,3,"Two Bee"
318ca35c-de4c-47dd-b4a6-3dce06940967,"potwalloper",1,4,"Three Bee"
96180f5e-b5ae-4421-98dc-4fe34e600ab8,"pou",null,4,"Three Bee"
85172185-06f8-48cc-8041-c8be97b52a24,"pouched",1,2,"One Bee"
8ffb8b5d-b190-430d-a378-0e78fc63019a,"poudre",1,4,"Three Bee"
99162903-dff8-45ab-928d-f1ceded2825a,"poultice",1,4,"Three Bee"
349be4a9-6a18-4633-822a-4b4e970ee582,"powder",1,2,"One Bee"
4b6fd912-6efd-4ffb-bae4-d26ad1e807bd,"powers",1,2,"One Bee"
ee6de9d8-1892-433d-9e44-abdc3a4caf79,"powwow",1,2,"One Bee"
0a984ec5-8a5e-47fe-baca-12776e5f0458,"practice",null,3,"Two Bee"
29c919a8-fc78-4293-9383-9af8a7df6eb9,"practise",1,3,"Two Bee"
2baedd09-c9e9-471d-88a3-bff2b59f67a7,"praise",1,2,"One Bee"
8c9d7333-837e-4512-a44f-87cb85639ecd,"prajna",1,4,"Three Bee"
2c4733af-800d-4614-9c50-d9dab193d071,"pralltriller",1,5,"Three Bee"
b8fd1f79-60f0-45c2-a98d-62c5ae0c8cb1,"pralltrillerpratique",null,5,"Three Bee"
93485e48-0e2b-4703-b367-a072dafe2492,"prana",1,4,"Three Bee"
bad828f8-59c8-42bf-be00-8672cd9fd480,"pranks",1,2,"One Bee"
924097cd-ce52-46f7-9e58-1745c8fbacef,"pratique",1,4,"Three Bee"
044b66e6-6edc-4b4f-b93a-2064472810c3,"praxis",1,3,"Two Bee"
77353824-15e4-482f-ad66-4e14994beaab,"prayer",1,2,"One Bee"
85e722fa-38aa-4b42-a35e-e5a45a439cad,"prayers",1,2,"One Bee"
d0238864-92a5-40fb-b08f-2c6734d72743,"preamble",1,3,"Two Bee"
ef65d888-c369-408b-b9ac-64472c0c897d,"precariously",1,5,"Three Bee"
a54f3efe-d531-4219-b10a-527b592d9599,"precious",1,3,"Two Bee"
16e4d4d8-1b89-4f82-8de7-1ab46e26169a,"precursor",1,2,"One Bee"
89068d80-b815-49ed-a047-21a03da6b22f,"predator",1,2,"One Bee"
1c22ca56-245e-4ce7-b0eb-fc2948d99a9d,"predicament",1,2,"One Bee"
410a83c0-ccde-4c21-aa74-3b3ef14695d0,"predictions",1,2,"One Bee"
14741eee-4178-449b-ac62-91f0bfb23b76,"predilection",1,5,"Three Bee"
c0af57a1-4fac-4d69-b9ff-0ba2ad721025,"preeminent",1,3,"Two Bee"
2996ab8a-81c6-4ee3-be74-411e103d8e7f,"preened",1,3,"Two Bee"
7678824a-1556-447a-8153-faaed13c54e3,"preferential",1,3,"Two Bee"
b385895f-b02d-4687-a8a7-84dcf5e7f803,"preferred",1,3,"Two Bee"
f54e3b06-750f-4fa1-9849-1ae96e27e294,"prefers",1,2,"One Bee"
1ec59783-03ca-4e01-9dd9-1523c56be6f2,"prefix",1,2,"One Bee"
2baa9c79-7043-4c40-a309-57364fc8ed0d,"prehensile",1,3,"Two Bee"
752fe97e-f051-424e-b906-13e4c4457de0,"prejudice",1,3,"Two Bee"
9ac4c49b-39a7-4f96-9ba8-49fea587f558,"prelapsarian",1,3,"Two Bee"
e8a5adf4-906c-480d-9b18-40e66a4e1e24,"preliminary",1,3,"Two Bee"
abc69b58-b567-4031-b2a6-7e063f4ba70a,"premium",1,2,"One Bee"
d7db15e3-f60e-49b2-9dad-8880699ee758,"premonition",1,2,"One Bee"
e62b8023-bc6a-41c0-a5f6-146d9b081740,"prenuptial",1,3,"Two Bee"
efdc752e-7e78-4c96-aaf6-cd91bbcf38a8,"prepare",1,2,"One Bee"
0ac9f66d-e6b3-4e1d-a40e-6ab0528233aa,"prepared",1,2,"One Bee"
09626980-ff43-4c71-ad18-25910568967f,"prepares",1,2,"One Bee"
bd530ce2-b92a-4930-8932-4363e84afeac,"preponderance",1,3,"Two Bee"
07b2aabf-760d-4e1e-855b-5edd9dbe6443,"preposterous",1,3,"Two Bee"
c1d8a193-e5fa-4205-aacc-4682b28c0d54,"preprandial",1,3,"Two Bee"
800a88c4-3bdf-4ba4-b5ee-8114a9d97598,"prerogative",1,3,"Two Bee"
4111e536-c7e8-4e17-9456-3190315020c1,"prescient",1,4,"Three Bee"
7d1975c8-6cb8-4b99-8767-dbd427485bdc,"presencesizzle",null,2,"One Bee"
2fa76745-aec7-4056-8e92-9d4fd276d0ef,"present",1,2,"One Bee"
662fa4a0-8ad1-49e5-9dfa-cfb1ac0a8677,"presentient",1,3,"Two Bee"
c1171f65-e103-445f-ae25-e908e50b85e6,"preserving",1,2,"One Bee"
3bd88694-e357-4bb9-b678-6a5c193fdb22,"president",1,3,"Two Bee"
71ab132d-8db7-4279-ab89-30d06c04000e,"presidio",1,4,"Three Bee"
782a616b-c541-4c32-ad29-c60bc4719249,"prespinous",1,3,"Two Bee"
d7d9ee4b-ef93-4adc-a15c-386b827bed8e,"pressed",1,2,"One Bee"
1cc41cf0-fcce-44ac-9056-979e07e9ae7a,"pressure",1,3,"Two Bee"
08e19c3e-6228-46aa-82e8-babb097009e8,"prestidigitation",1,5,"Three Bee"
fbadc7ef-8e00-4e4e-ab4f-6807fce11544,"prestigious",1,4,"Three Bee"
f3789705-9d73-4ce4-9305-377e66d37608,"presumptuous",1,3,"Two Bee"
ccf985ff-f23f-457f-9f30-d3c7bb2bf0f1,"pretend",1,2,"One Bee"
27c8a38b-0d4b-4bff-aab8-42299072d2e3,"pretentious",1,4,"Three Bee"
6a76fa84-f28e-4a7a-a1af-892f205b998b,"preternaturally",1,5,"Three Bee"
e64ac016-e0b5-4cda-89e8-cd3c36b1880b,"pretty",1,2,"One Bee"
04bcde2a-d9ab-4bdd-9dbb-d0eaa9c90d65,"prevenient",1,3,"Two Bee"
c2833b21-b966-4bd1-a1d8-e3b7a8396ac3,"previous",1,4,"Three Bee"
86520bf6-3ccb-4968-afe1-2ffa954d5d75,"priest",1,2,"One Bee"
32a248b3-0c1c-475c-a142-281b93f6bf28,"prima",1,3,"Two Bee"
05cbe0d8-ac1e-473a-83af-d1564cdd06f2,"primaeval",1,3,"Two Bee"
ab27f6a2-ab4d-4dae-ac85-c06fe19c3ad4,"primarily",1,2,"One Bee"
df10ba8c-9a3b-4a41-9ff5-babc3fe43b7e,"primatologist",1,2,"One Bee"
d1fb8a5b-4828-4a62-b1fb-5d1d109194ae,"primavera",1,4,"Three Bee"
f306f49d-4d6f-40de-9180-ee7472de93d9,"primeval",1,3,"Two Bee"
6717de58-5b88-4013-af13-977f5412b2f7,"primitive",1,2,"One Bee"
3051d697-9b6b-4e1b-8bf1-28c33182d7c5,"primogeniture",1,3,"Two Bee"
dc96e234-78b8-463d-baa6-9be82dd79a27,"primordial",1,4,"Three Bee"
c74c490e-6326-4f30-be22-4ca57271f95f,"princely",1,2,"One Bee"
f6d386ab-037b-4845-a9ae-23b7b9b024ef,"princeps",1,3,"Two Bee"
6c0202af-c317-492f-9d5f-92c3a98b1221,"princepsprocurement",null,3,"Two Bee"
43a781d0-6b5d-4ad5-a237-87e1e6406450,"princess",1,2,"One Bee"
11759c27-67f4-4ed5-a649-7137a2695319,"principality",1,2,"One Bee"
ce141781-6f31-4929-95bc-814fb8aeeb7a,"prion",1,4,"Three Bee"
e2aef101-f367-4a33-acc9-3ec8a7befad2,"prior",1,4,"Three Bee"
72a74a4e-77f3-4128-a903-d4a0a423837f,"prioress",1,4,"Three Bee"
0c88e2a8-2e7c-41ac-a217-53c54f5caa97,"priority",1,2,"One Bee"
7a630bc9-c91a-4c68-9c6d-0217b319e30b,"pris",1,4,"Three Bee"
08ad84b8-a35b-4adb-b984-cdb633555b5b,"pristine",1,2,"One Bee"
78a1a416-8acb-4729-ad47-f656801f3253,"privacy",1,2,"One Bee"
6bad4f09-e1c0-4f00-a020-a91307cd2114,"private",1,2,"One Bee"
cdd6f70d-2ed5-4fe0-b853-a74309a4acb5,"privatim",1,3,"Two Bee"
6e6e5bf2-178f-41e0-9347-991fe900220d,"privet",1,3,"Two Bee"
8f2304fb-4bed-4708-bf16-8a60568965f8,"privilege",1,3,"Two Bee"
31a2f81f-5e53-451a-a3e3-2f253c874f94,"pro",null,3,"Two Bee"
6070230f-cb1c-4267-bde9-fbbf41d45ed8,"probably",1,3,"Two Bee"
5a6080cc-cd24-4ab5-babd-65e1fc71c542,"probation",1,4,"Three Bee"
1965b029-01a0-48af-8d4d-cc02f54db1a8,"probative",1,3,"Two Bee"
18b6104a-28a8-4a3c-a6d8-a1e040b508d1,"problem",1,2,"One Bee"
69d416d0-b97c-45de-aa33-7dd26c64d0c0,"procedure",null,2,"One Bee"
46ad0745-ba1a-4095-bdb0-3d63227f3785,"process",1,2,"One Bee"
bdebfa96-35fc-482d-bc26-77081e196513,"proclamation",1,5,"Three Bee"
60bdeffa-5827-4f0b-91e5-1cd8fcf2d9f6,"procrastinate",1,2,"One Bee"
ab390140-d8e8-4671-837b-5539d37aff4c,"procrustean",1,3,"Two Bee"
76879555-1d0d-45ce-a62e-7e494f4a8326,"proctors",1,4,"Three Bee"
1d283cd0-ee3d-4578-a2d1-8e8418b33beb,"procurement",1,3,"Two Bee"
fbbaf92c-07c5-4358-bb9c-f507a2a0bf4d,"prodigious",1,3,"Two Bee"
08ca1bba-43fd-4668-9514-b5f12767ce98,"prodigiousprofligacy",null,3,"Two Bee"
207a5db8-b0a7-45cf-a4a5-ae0198433fde,"produce",1,2,"One Bee"
0467b6c7-e1d8-4b6c-ac5b-43c36859be0f,"produced",1,2,"One Bee"
25533064-fbf0-4862-990f-71bb536431bc,"production",1,2,"One Bee"
15a5d047-edf4-447c-bfb9-bb4bc6ac350f,"professes",1,2,"One Bee"
4dddeaeb-3a91-4918-a160-4b3b1c6f7737,"professing",1,2,"One Bee"
d2d9c4ff-4746-44d3-bf5c-bcfb3e46a814,"professional",1,3,"Two Bee"
e912b48d-58ad-4b2c-bbcc-d4758c791811,"professionally",1,2,"One Bee"
c7398cf4-eab7-419a-b52c-f9f50c818517,"professor",1,2,"One Bee"
4019f80a-32fe-4999-94c2-3259b849bbca,"proffered",1,4,"Three Bee"
50c50a47-721c-4d6d-94e6-ebe909b3f6bf,"profile",1,3,"Two Bee"
b973f037-fb50-466f-b070-7dee1dce82e5,"profit",1,2,"One Bee"
038c6731-43ba-471a-9ac1-8ac0a7ce218a,"profiteer",1,2,"One Bee"
fe7a49b8-629b-4254-9c6b-20ba8750f0f8,"profiterole",1,4,"Three Bee"
d4209e8a-5bb2-46b1-88e3-daac4f1b893e,"profligacy",1,3,"Two Bee"
a648fc1d-573a-4ac9-b967-93d6b2f643c5,"profound",1,3,"Two Bee"
a7b8a000-950f-4b87-a31d-b1ba7066ef67,"profundity",1,3,"Two Bee"
99fd7480-f7dd-4f35-84fb-be56831fc191,"profusion",1,4,"Three Bee"
52525785-3d12-4dbf-842c-e18902806f35,"prognosticate",1,5,"Three Bee"
baa94e1a-1893-47d9-921e-bf1ed5a1c7e4,"program",1,2,"One Bee"
26aa1221-1086-460c-9711-79d0a869c96d,"progression",1,2,"One Bee"
26cd8e18-a9e5-4570-848c-8637022dbde1,"project",1,2,"One Bee"
d42dff0c-e505-40cc-93a6-0cf9afab87c5,"projects",1,2,"One Bee"
a9995467-3ba8-4594-8c44-0435aa1cd35e,"proletarian",1,3,"Two Bee"
2439d6bb-ffbf-432b-b3e0-146296971782,"proliferate",1,3,"Two Bee"
af442004-a189-4fbb-98e8-360b27858a7d,"prolix",1,3,"Two Bee"
ce1c53ab-effe-48a7-882f-f2591c3512ee,"prolusory",1,3,"Two Bee"
2c8d65d9-c2f2-4766-b21d-bcee36fc712f,"promethean",1,4,"Three Bee"
d048d51b-d496-4238-ad70-8e80d78e939f,"prominent",1,2,"One Bee"
96105acb-a8db-4f39-aaf7-acb50950026e,"promise",1,3,"Two Bee"
f51d0fea-5c1a-4ffd-adc4-6b8c8cee212a,"promontory",1,3,"Two Bee"
d6034a59-199d-45a2-8c74-bc82b8fd02a6,"promulgate",1,3,"Two Bee"
83cfdde8-8367-4eb4-86d9-d682db5f6047,"promyshlennik",1,5,"Three Bee"
d4e75abf-e8b0-4527-8e19-ccb254d89d7a,"pronaoscraquelure",null,5,"Three Bee"
1a4b6120-6c2b-4a5a-b48d-4e974b03093f,"proneselfie",null,2,"One Bee"
132ad4f1-7ea8-4131-84d8-9932cfd96730,"pronounced",1,2,"One Bee"
43dd655e-f743-44b5-a110-dfc1f4af0ff7,"pronouncer",1,2,"One Bee"
4e18282a-5d0a-495f-abf5-0e485b6e05d0,"pronunciations",1,2,"One Bee"
c91d491a-ef66-43ae-9417-5f53964c0a7b,"propaganda",1,2,"One Bee"
13766aa5-55c2-4646-97bc-38b812098c3e,"propane",1,4,"Three Bee"
2cab3e92-7cf3-47d3-a72a-9ff2775b5d7a,"propensity",1,4,"Three Bee"
86b0c38f-e8c8-4361-8f3c-332870a617b2,"proper",1,2,"One Bee"
792a595e-59dd-4235-9cf5-f8ef8ec920ff,"properties",1,2,"One Bee"
45e2242d-98a4-4776-884e-9cc9ae8196c6,"prophecies",1,2,"One Bee"
6ab6e89d-1aa5-4c3d-a5a4-48ee4256bf88,"prophet",1,2,"One Bee"
15793625-b96a-49ac-9520-d3ec1d3eae00,"prophetically",1,5,"Three Bee"
347f16de-61c8-47b9-baf9-da1baaf245ff,"propinquity",1,3,"Two Bee"
0174496b-9f8a-474f-9744-5d78ea16c5bf,"propinquityepidermis",null,3,"Two Bee"
af7b4ac1-2005-4625-97fd-2bc2910e67ec,"propitiousellipsis",null,5,"Three Bee"
7c9a6afb-9a8f-48e7-ada3-38aeb79b17f7,"proportional",1,2,"One Bee"
b2168099-4f1e-4a98-bd7f-8bf10165a6d0,"proportionate",1,5,"Three Bee"
c817a6e0-74b3-4129-83b5-1c316f7babcb,"proposal",1,2,"One Bee"
46fe6ba2-1629-4ecd-a96e-63069955e676,"propound",1,4,"Three Bee"
6f9dc061-e2c8-40e0-a67a-1d71a49e2f4c,"propre",1,4,"Three Bee"
2ee660d0-64c8-46f1-9271-b2c3933edabd,"propreamphistylar",null,5,"Three Bee"
7154fa65-04f8-4f13-958f-fe879d682939,"proprietary",1,3,"Two Bee"
ecdd1225-11ee-44f8-8c3c-3f114cff49de,"proprioceptive",1,3,"Two Bee"
f2c1ab96-0307-4205-9c6e-fba3dc6c93ca,"propulsion",1,2,"One Bee"
b66301b1-2f06-4bab-bba1-71a713c1ce54,"prorogue",1,3,"Two Bee"
0b709622-2983-43dd-acd4-2bc78175ad24,"prosceniumpolitesse",null,5,"Three Bee"
f10920b0-4b59-4e57-920e-4e93cd09ec9d,"proscribed",1,4,"Three Bee"
8b090f75-5a80-4be2-b0d0-cba501e6bc34,"prosecutor",1,4,"Three Bee"
e8d973e2-a514-4710-87ac-62613cc80b41,"proselytiser",1,5,"Three Bee"
07f90aa2-720b-4481-bebe-e4c54a364b57,"proselytizer",1,5,"Three Bee"
1af77215-472b-4909-b7ad-df130bfdaf9a,"prosody",1,3,"Two Bee"
4383af1b-6ef7-495c-97f4-fc553ef26e12,"prosperous",1,2,"One Bee"
bb741a7b-4865-4b18-9217-5cc68e9253be,"prosthetic",1,3,"Two Bee"
ba7ce407-72d2-416f-a0b3-bbfcdcff0dcb,"protectorate",1,3,"Two Bee"
e7bf335a-7198-4030-ac60-1c80aa0e3b1e,"proteron",1,4,"Three Bee"
deaf397b-b652-42de-a08a-e5da34bc99d0,"protruding",1,4,"Three Bee"
0752186f-e4f9-41a9-86ca-ec98db0e0367,"protuberant",1,3,"Two Bee"
42d815fa-9cef-42b7-9851-78ba81784dcf,"proud",1,3,"Two Bee"
4357a090-08c2-41af-9dfc-5747664e822b,"provenance",1,3,"Two Bee"
3148c3ab-532c-4be9-89e3-4c1d90884b38,"proverb",1,3,"Two Bee"
fcd09d67-ed1e-4b59-8ead-b5bb3b59194d,"proviant",1,3,"Two Bee"
1090f9e9-58b0-43ad-b857-a28bda859468,"provide",1,2,"One Bee"
231a937e-9717-44b3-a55b-434af49c3daa,"provincial",1,3,"Two Bee"
11de3a45-9b30-416b-8471-ead34e8a16c2,"provision",1,3,"Two Bee"
651e01ce-f47b-4607-b756-9a674457c5e4,"proviso",1,3,"Two Bee"
f798e205-60d4-413f-85e0-ddb428a48e8d,"provocation",1,4,"Three Bee"
6d774844-c0eb-4602-9119-484124045f34,"prowess",1,3,"Two Bee"
400fbe58-2124-460d-93a2-03cfc9aad53d,"proximo",1,4,"Three Bee"
20dd68e1-1ffd-41db-a450-66b6dce957e9,"prudence",1,3,"Two Bee"
3dcbc9fe-170c-4b56-920e-33187456a008,"pruners",1,3,"Two Bee"
6aa8e24b-ea48-4dd3-a8cc-bc891ecff8fe,"pruritus",1,4,"Three Bee"
6f9b98c1-948d-4c5c-8eef-0393df35eb6e,"psalmody",1,4,"Three Bee"
73024882-b64e-4153-b751-d2d9d0a208be,"psammophile",1,2,"One Bee"
67a6a74c-5251-4a93-b249-52484dade1d7,"pschent",1,4,"Three Bee"
9b9856a2-888f-4412-83a0-a684f91c8d8c,"pseudonymous",1,5,"Three Bee"
32700ab8-a32f-4d4b-8adb-91cfe5988e9c,"psoriasis",1,4,"Three Bee"
7a37076e-f3d5-4602-bb84-4471b3937f8f,"psychiatrist",1,5,"Three Bee"
d40d09d7-a02f-4cde-a3bb-99ccf7f44835,"psychoanalysis",1,3,"Two Bee"
197b0aac-bdec-4968-bec1-243e8864cc0a,"psychometry",1,4,"Three Bee"
f04ea7a6-e441-4935-97b5-9c06cfdf0464,"pterodactyl",1,3,"Two Bee"
d8ceb512-5485-44a3-baf0-4bd9ca911b13,"ptosis",1,4,"Three Bee"
dfdc0166-cea1-49c1-9689-258226c36db3,"ptyxis",1,4,"Three Bee"
58f11a62-ee24-4647-9de0-0c3981c55690,"public",1,2,"One Bee"
0c855ed5-7330-41cb-b7c3-2b09746167db,"publish",1,2,"One Bee"
985d161f-bbed-44d4-9cbe-0120f082e381,"published",1,2,"One Bee"
79599a28-4d02-47f3-a55a-34de50fd0dd7,"publishes",1,2,"One Bee"
8d15631d-c02a-4eec-a1a9-aa0ff7ad511c,"puchero",1,3,"Two Bee"
08e06bf6-a985-4f55-a064-db3bb33bc1c7,"puckish",1,2,"One Bee"
4f1a03fd-07cf-42ed-8a08-038b9794c3f6,"pudibund",1,4,"Three Bee"
4e0b9955-70e1-4009-878d-005fc2b85df3,"puerilely",1,4,"Three Bee"
730aa767-3df8-4550-b8ac-502d15475989,"puerto",1,2,"One Bee"
3f615370-034a-414e-ac1c-99b8411264a1,"pugilist",1,3,"Two Bee"
38d50f80-d832-4b4b-80cd-7c06d7d6556d,"pugilistpugnacious",null,3,"Two Bee"
db7e9c06-51a5-4bf0-897c-146bbacc310d,"pugnacious",1,3,"Two Bee"
044f733b-5528-4f8d-9f77-ec0a70ca3c63,"pulchritude",1,3,"Two Bee"
405efc5d-cb69-4d4f-a0c2-4f9435a0fc8b,"pulitzer",1,3,"Two Bee"
328e80cb-ad23-49a2-85e2-3e64220e75b8,"pullets",1,4,"Three Bee"
e9a24452-cc10-49d1-aae1-f2dafa13df04,"pulley",1,2,"One Bee"
5646e4b5-75e5-4c6a-b2de-db10eab22d6c,"pulpit",1,2,"One Bee"
504e7f4f-60e9-4b48-92c1-a9a18cca3214,"pulverised",1,4,"Three Bee"
9980f76d-9701-43f3-a741-08c00c89cf72,"pulverized",1,4,"Three Bee"
125aa6f6-272d-4ba6-ae93-474cd7c74c50,"pulvillus",1,4,"Three Bee"
9fdd46e7-9438-400f-b869-93dbaba20dec,"pumice",1,3,"Two Bee"
9d4d8806-da51-4e03-9a83-06c6b414a8bd,"puncheon",1,4,"Three Bee"
c9c792d3-82cc-4471-b48a-30b015436c26,"punctually",1,4,"Three Bee"
b1a917c7-2d02-4116-8880-29456e9bf787,"punctuation",1,2,"One Bee"
d34c7c02-54e0-4929-ab24-d8c2a007d99b,"pungent",1,2,"One Bee"
8fedeaf9-aa61-4f52-8830-2b9f61868efc,"punily",1,2,"One Bee"
f751faac-4095-49bc-9ffe-a073282640a1,"puniness",1,2,"One Bee"
bfba4362-2136-41e8-b635-7350ee40c581,"punting",1,2,"One Bee"
535a8081-2447-448c-852f-59c6769567fb,"puppeteer",1,4,"Three Bee"
518d0620-ed8c-48d3-9ac1-54462fa817f7,"puppets",1,2,"One Bee"
c896776c-ab15-4085-be98-f43f91f08714,"purchase",1,3,"Two Bee"
3b503658-9652-453f-870c-b410864fcb93,"puree",1,3,"Two Bee"
d0f49702-5ff7-4c12-973c-e1e37c9076b7,"purification",1,2,"One Bee"
fa72b028-81ed-4a07-bc65-71688800a02e,"purificationplantain",null,3,"Two Bee"
97ecd8cc-a74c-4d51-bb50-bd3ab59ccb54,"puritan",1,2,"One Bee"
3e782964-a428-45bc-8c0d-46784b332a7a,"purple",1,2,"One Bee"
9fe9b29d-cbf2-4a3e-82b7-fd87bd985653,"purpose",1,3,"Two Bee"
d1e00ae8-79b5-424f-8d58-9556d4861eb5,"purposes",1,4,"Three Bee"
c908ad48-c113-484d-a5a0-f6e302e4fe8a,"pursuit",1,3,"Two Bee"
54e0e36d-8f18-4d38-ae99-eb0769838378,"purvey",1,3,"Two Bee"
6894b529-3c1d-44ab-a50e-940c458239ff,"pusillanimous",1,5,"Three Bee"
329804a8-33ae-4a80-9017-37a3077738fb,"putrescent",1,3,"Two Bee"
feef1678-41d5-4d3a-9a85-5c4d3484d48d,"putrid",1,2,"One Bee"
e1ebf799-c4d0-45bc-a22d-385b2126c0ec,"putsch",1,4,"Three Bee"
f5934025-bf7b-44be-8dcf-f7c92b680b9e,"puttering",1,3,"Two Bee"
e0f05d15-887a-453a-984f-7c1719806e32,"putty",1,3,"Two Bee"
a83dc244-d486-4e56-92df-4ef0418aaa00,"puzzle",1,4,"Three Bee"
5b56dbc9-eaa4-4ca5-a2a2-2ee292cff2a5,"puzzles",1,2,"One Bee"
9fed3ae0-68a2-485b-9c21-a60f065f91b7,"puzzlespage",null,2,"One Bee"
2a3ff676-1fc3-4992-ad96-13ccce57ec8f,"pylorus",1,4,"Three Bee"
fda251e3-7976-409b-ab39-a44a7071c8a7,"pyramid",1,2,"One Bee"
d289ced8-74d1-4dd9-b782-4edbf39d8e15,"pyrite",1,3,"Two Bee"
078e188b-ced3-452f-b7b8-6b9a1d9060d7,"pyrotechnics",1,3,"Two Bee"
ada33931-3e91-4a40-9f64-a055679faf5b,"pythagorean",1,4,"Three Bee"
a4ae6995-d3b0-46bd-ba23-00a015188434,"python",1,3,"Two Bee"
3bc66c5c-5d94-4c01-901b-edb3a9b5df3d,"pyxis",1,4,"Three Bee"
1113a451-edd5-4817-8148-c92a90257b94,"qiyas",1,4,"Three Bee"
a5a798f3-c9ba-48e0-9c09-b697bde30eb3,"quadriceps",1,3,"Two Bee"
90be69c6-7714-4281-bbd4-e6bb991eece8,"quadrilateral",1,3,"Two Bee"
5e219345-032c-4b3d-9cb6-6112b8b17537,"quadrillion",1,3,"Two Bee"
8977f05f-afd2-4f28-b6e2-8999018b3e83,"quagmire",1,3,"Two Bee"
21bbd0cd-d524-432f-b345-db0d6881dee8,"qualifying",1,2,"One Bee"
fffe083c-ba85-4105-9f95-7e12d38c7168,"qualitative",1,2,"One Bee"
f1459e23-8025-46d8-9503-e7eea8dd764d,"quality",1,2,"One Bee"
bdf8f68c-d5ea-42c4-981a-fdbdbd9a1bc0,"qualms",1,3,"Two Bee"
17329f39-8a7b-4bba-9a85-60b5583324d4,"quandary",1,3,"Two Bee"
23cb88d1-4d48-4c54-a7c0-065fc1c99eeb,"quantify",1,2,"One Bee"
fa7ecb76-193e-4191-b948-a4cbd4c77b5d,"quantifyredemption",null,2,"One Bee"
c06f8a33-77e3-4784-8cc7-391fc8aa3326,"quaoar",1,4,"Three Bee"
6bbfd013-c9f7-44f2-a7e3-819efb85b5a8,"quarantine",1,3,"Two Bee"
d60d32af-74ca-49ad-a9cb-4250457d708d,"quarry",1,4,"Three Bee"
0d6ba912-41ad-4a72-b37f-8a78a664613e,"quasar",1,4,"Three Bee"
4a53e4d6-7e5a-434a-ad94-6273e1ae542a,"quasimodo",1,4,"Three Bee"
34e17f15-5416-425e-b1cb-97bb4d5dfa52,"quatrains",1,4,"Three Bee"
31aff11c-4a53-4949-874e-6fbb30ac69af,"quatrefoil",1,4,"Three Bee"
e2dc5d7d-492a-468c-beb9-9f35e3d8da5f,"quattrocento",1,5,"Three Bee"
bc217939-cc37-45b1-923e-09123a806efe,"quaver",1,2,"One Bee"
54aec4d6-bcca-435a-9b9f-10216ced6726,"querida",1,4,"Three Bee"
ced9848f-296f-41eb-947c-3d3c48a05733,"querulous",1,4,"Three Bee"
6d78afed-f1d9-4b66-ba16-e68c7ce8a345,"questionaire",1,3,"Two Bee"
8b6c727c-b26a-4c48-b46a-ab67b84b07f0,"questionnaire",1,3,"Two Bee"
8b548b2b-8608-4d0a-8a9d-f97568cc3d8e,"questions",1,2,"One Bee"
2c603efa-e212-4bc7-bd73-09b9d1a82dff,"queue",1,4,"Three Bee"
e192bc70-c7dd-4478-830a-9640893e5330,"quicken",1,2,"One Bee"
8838a08e-ca21-4569-822d-b884c62f460b,"quid",1,3,"Two Bee"
0d2f8ef3-6f31-4eb4-b400-796fe300e8f8,"quiddity",1,3,"Two Bee"
9343d561-4562-466c-8bc5-b9f0cc812423,"quidnunc",1,4,"Three Bee"
c11427c6-cbd1-41e6-9022-5299cd4a83c0,"quill",1,3,"Two Bee"
2c6e0487-df93-42eb-9a83-e63b2640290a,"quinary",1,3,"Two Bee"
da7a82f8-c458-4ad8-87b8-7d065d052b76,"quince",1,3,"Two Bee"
fa1e954f-e0eb-489e-a51c-14918c32548a,"quintessential",1,3,"Two Bee"
7c176021-f38f-4b09-aca1-cedeb2de5229,"quip",1,3,"Two Bee"
a6cb93c0-debe-4112-8439-e6f8cb77eb71,"quirky",1,2,"One Bee"
e09bab9e-fa92-4373-966a-69f529da099b,"quirt",1,3,"Two Bee"
27168e37-e086-40be-86cf-498ed236932e,"quito",1,4,"Three Bee"
4296cd68-febb-4ec3-8318-205812b4bebb,"quittance",1,3,"Two Bee"
013be517-0c14-4c4e-880d-0f67afb9b923,"quixotic",1,3,"Two Bee"
c9eb642d-8f08-48d0-ac09-408bd14f9564,"quizzical",1,3,"Two Bee"
3c0930fe-dc3d-442e-8ced-b14c950c8d24,"quo",null,3,"Two Bee"
e8c0ae28-7592-4fac-b20f-62dafef84c01,"quokka",1,4,"Three Bee"
5439d533-dca1-4757-b0c8-b57915ed3d69,"quonk",1,4,"Three Bee"
c3482f8a-d516-4c54-b91b-90adf600eceb,"quonset",1,4,"Three Bee"
0f584dc8-af53-409b-915d-40e6ab8c48b5,"quorum",1,3,"Two Bee"
2f8f8348-ab1b-4d27-8596-4b2dae737bd9,"quotation",1,3,"Two Bee"
665fa88c-8756-4c81-aa40-e701e17f09ff,"quotidian",1,3,"Two Bee"
1f15305d-b88f-40f0-b5c2-1c896c383899,"quotient",1,3,"Two Bee"
5a6b52be-380d-4f78-b48c-725a23776d14,"quoties",1,3,"Two Bee"
d335f039-c4f7-4da0-83e4-52ab46b496a2,"qwerty",null,3,"Two Bee"
eec451eb-e415-46ff-8f53-d3a4e56888fa,"rabato",1,3,"Two Bee"
db0a2805-e835-4d58-90d2-0a8b614b2b98,"rabbinic",1,3,"Two Bee"
fa1675fa-78b1-42f4-9dfc-7572238238ae,"rabble",1,2,"One Bee"
12f035bd-2fc4-4f5f-b66c-368e07f44f38,"rabble-rouser",null,3,"Two Bee"
e0934330-3863-447a-a231-023f9fcad446,"racecourse",1,2,"One Bee"
1e7f5986-408c-41cb-bdbd-e8bcecda6ec3,"racial",1,3,"Two Bee"
96c7bd8e-dfc6-47db-9c0b-ce0333291574,"racketeer",1,3,"Two Bee"
106ed5b9-94e0-4aa9-b817-f5a3ec0ab4bb,"raclette",1,4,"Three Bee"
06d2bdc9-1424-4ec2-8e6e-9066babe9d0c,"radiation",1,3,"Two Bee"
ca4cbd77-89d9-45d4-a944-cb3ed3d71a17,"radicchio",1,4,"Three Bee"
1866f0cb-d4e3-4b8f-b457-13eb1afd86de,"radioactivity",1,2,"One Bee"
585e17d0-2945-4d1f-9d2c-05b9c65f0f6d,"radius",1,2,"One Bee"
d8c7de3b-eaf4-4ee3-97a2-edd48183ee32,"rafflesia",1,4,"Three Bee"
33a6bc17-7fab-4a4c-a06e-1dd1ffa4a7f4,"ragamuffin",1,2,"One Bee"
1d8ff334-7f15-4a42-bdd0-112008acf294,"ragwort",1,4,"Three Bee"
5d14024f-8cfd-489c-b1df-935b1c589a02,"railings",1,3,"Two Bee"
3b806a74-398c-4b8e-be3a-d243fed2e266,"railleur",1,4,"Three Bee"
3107dfae-0e3f-41a0-8367-5bf209d79a9d,"railroad",1,2,"One Bee"
3084ec9a-e83e-4cac-beed-165d47570850,"raindrop",1,2,"One Bee"
dc713233-bd4a-401a-9b25-4b9fb2967617,"raisin",1,2,"One Bee"
a5df0d3d-e4ad-4267-9cf0-eb50fc4ad082,"raising",1,2,"One Bee"
97b7b957-3618-41ec-985d-68530b740328,"rajpramukh",1,4,"Three Bee"
c16f4beb-76c0-4eb2-bef6-8c5b4b4aab7c,"rallies",1,3,"Two Bee"
13dca4ff-4ae2-4964-8b37-4d971dbdc7e8,"ramadan",1,4,"Three Bee"
fb6070e9-459f-4499-870e-f79d8a4d30b2,"rambla",1,3,"Two Bee"
a9d4a170-fc56-40c0-af25-5cb7020e14af,"rambunctious",1,3,"Two Bee"
43bad3ee-fe86-4bd1-9e22-603ec67e546c,"rambunctiousnoun",null,3,"Two Bee"
a7ac9f14-abf4-4222-8c38-c25d26bbf3ba,"ramifications",1,3,"Two Bee"
f376f3f3-4772-4f42-a0e3-11f76d2ecabc,"rampage",1,3,"Two Bee"
bfe772fd-7e01-40fb-9143-c4566b60fbb8,"ramparts",1,3,"Two Bee"
63e61e5a-25c8-4c69-a33d-595ce8d10ccf,"ramson",1,3,"Two Bee"
55a652c4-41c5-4f1b-b9be-d62815477994,"ranchero",1,4,"Three Bee"
1de78a35-ceae-431c-b7ec-4201cafc5fdb,"rancid",1,4,"Three Bee"
2a1e2358-15c0-4fe6-b516-355f45d29fe7,"ranine",1,4,"Three Bee"
ca16fbe3-e646-4292-b3d8-f8638905e2be,"ranked",1,2,"One Bee"
3050a232-b042-43b0-b819-3e7ddd9b26a3,"rankles",1,3,"Two Bee"
c0ce84c0-c820-48a6-8739-e6cb0e8c4a40,"ransacked",1,4,"Three Bee"
78ee48d6-6cb0-4bf8-a489-7f2e63f98070,"ransom",1,3,"Two Bee"
48be0fb9-350e-4d73-a574-5379603da7a4,"ranunculus",1,4,"Three Bee"
7ba7ccfd-6b09-4d5f-8f55-4485659b792e,"rapidly",1,2,"One Bee"
a2c3f9bf-6da0-4702-9e61-8d91ee570d6b,"rapids",1,2,"One Bee"
c6c8d6a4-4090-4fd3-9ac6-dd167b3aee22,"rapparee",1,4,"Three Bee"
4b4862e0-b83c-41f7-bade-e70a1ae847ea,"rappelled",1,3,"Two Bee"
fde88b02-2500-440b-b5e4-8edf1d3cefd8,"rapprochement",1,5,"Three Bee"
b1a53a59-7419-4c12-8a8d-8a0526bc9513,"rapscallion",1,3,"Two Bee"
0b0abce6-35cf-4576-b4ca-e5308fff716d,"raptatorial",1,3,"Two Bee"
ce0c0436-92f3-41c9-9fbd-94af3069b7fa,"rarely",1,2,"One Bee"
0cce9b96-2b04-4428-a1fe-9e9e353d1964,"rascal",1,2,"One Bee"
8c12049b-1565-4698-8bc2-48f8c696442b,"rasorial",1,3,"Two Bee"
800a1dde-7c36-42cc-a2a2-5433d3c9353f,"raspberry",1,2,"One Bee"
93e1dfde-6505-4d28-8e51-3b8c9ef02bd8,"rastafarian",1,4,"Three Bee"
849061dd-776d-49d6-8199-e5cbacd64e02,"rathskeller",1,4,"Three Bee"
b7e79c9d-28ff-4e54-a95c-a02358c40713,"rationale",1,3,"Two Bee"
b21f053d-cb77-48e7-9d45-3abb205c7fb0,"rattled",1,3,"Two Bee"
59c43510-4ce7-430d-8652-1f23c0421c0d,"raucous",1,3,"Two Bee"
eaee49b9-514f-44ee-b5eb-3bd657057cee,"ravigote",1,4,"Three Bee"
6d0cb28c-1c10-4efb-ad60-2fbec1ce8f5c,"ravine",1,2,"One Bee"
f8b14137-ea70-4832-b3c2-580a975a928f,"ray",null,1,"One Bee"
168dc939-d5d5-4423-88f1-c1b76b2bd776,"rayleigh",1,5,"Three Bee"
c178a69f-d7f1-44ed-a44f-545f1e03df49,"razor",1,3,"Two Bee"
0667c66f-db4d-41d4-9f04-ab238ffc6ee0,"reaches",1,2,"One Bee"
c3a497b5-ac30-4a55-bd9d-515b75a0242f,"reactionary",1,2,"One Bee"
684ac474-25aa-4e7a-95e2-15985030d3d7,"read",1,3,"Two Bee"
6a3ed22e-8895-459f-bf6e-07174be73cd9,"reading",1,2,"One Bee"
5685ed91-3fce-42de-882a-a74f6a761ac2,"reagent",1,3,"Two Bee"
0080c73e-373e-4a6d-afa4-63f9123f39fb,"realgar",1,3,"Two Bee"
9feaf081-a541-4a5a-9338-e1cae3a498b4,"realia",1,4,"Three Bee"
ce5b20ad-c442-4fd2-9231-48a05cfb7e9c,"really",1,2,"One Bee"
598711c5-7f1f-4be4-95a7-6c4d874b226e,"realm",1,3,"Two Bee"
51b39aee-a7bb-4f2f-8392-db5fde1b4686,"realpolitik",1,4,"Three Bee"
b5ae4900-6dba-45ae-97ef-d71dc3c3d559,"realtor",1,3,"Two Bee"
22a1f31b-ba41-410e-b153-11bd7da7ef3e,"reason",1,2,"One Bee"
bb0626b0-0be4-4cc7-9fa2-f80b0c1cb552,"reasonable",1,3,"Two Bee"
9b9d5989-b1a4-4275-9515-1c327d794c5d,"rebarbative",1,3,"Two Bee"
97c5dad3-36d6-4a9e-b99d-a053c8606707,"reboation",1,3,"Two Bee"
f244fcdb-1139-45ba-8908-8e9ae89fffdb,"rebound",1,2,"One Bee"
18fbbfa9-2518-406b-b5a6-4f306f8221d9,"rebuff",1,2,"One Bee"
ae5347ae-a001-4f3a-9977-784228cee36c,"rebuffrecanted",null,2,"One Bee"
bee872cb-3904-414d-95ec-9d7eed8c4573,"rebuke",1,3,"Two Bee"
e95e3280-c5e9-40cb-ad66-642b570cd735,"recamier",1,4,"Three Bee"
f33f9d02-f346-4127-920d-4e4022337156,"recanted",1,2,"One Bee"
e229f861-2792-4371-8161-30af7642e9c0,"recede",1,4,"Three Bee"
c314db18-0ea4-455c-af4d-beb7cb251760,"receive",1,2,"One Bee"
58ec8520-f8dd-49f3-a127-46f456168ea7,"receives",1,2,"One Bee"
7c017aff-8aac-4674-bc7a-334b45c0a7b5,"recently",1,2,"One Bee"
c0576baa-fc50-42b9-959d-d645360c33d9,"receptacle",1,2,"One Bee"
98d83c28-73ee-409a-91d8-a9633172c1cb,"recess",1,2,"One Bee"
2106037e-3b26-4629-adb1-9eea655d4b11,"recipe",1,2,"One Bee"
e39d40ec-16cb-469c-8af9-35a8a4b469c6,"recipient",1,3,"Two Bee"
7713cf24-3873-4d65-8053-e465b6b2c642,"reciprocity",1,3,"Two Bee"
3e3ca469-f977-4e5d-a16b-821818e723d8,"recital",1,3,"Two Bee"
c4db1518-1067-4f23-806d-54e64815bd3e,"reckless",1,4,"Three Bee"
54fdb94d-2815-4ece-8f5e-ab89ea0b48c1,"reckon",1,2,"One Bee"
e6532e89-1c55-48e3-acfc-57ca46963a40,"recluse",1,2,"One Bee"
01ea8048-48d6-4102-9b55-86aba18915c2,"recognition",1,2,"One Bee"
1b91f7b8-5598-4e52-be3e-f6978b414aa5,"recognize",1,2,"One Bee"
c19ff0f9-8adb-4504-bbb6-cdafdb4c452a,"recoil",1,4,"Three Bee"
089d5bbb-cc00-4f0b-a63c-bd3f13977812,"reconcilable",1,3,"Two Bee"
7d1bf270-a351-49cc-a369-683ced1c0a12,"reconnoiter",1,3,"Two Bee"
bd2e81e1-0732-4a1a-a5f5-a8cb958fc917,"reconnoitre",1,3,"Two Bee"
2afcd8fa-156c-4e31-b827-fb8c221526c6,"reconsider",1,2,"One Bee"
a7d896b3-179a-478f-bb42-4f990ca2ee74,"record",1,3,"Two Bee"
05d7d6b5-7a33-4da4-8bc8-a91b2450a506,"recoup",1,2,"One Bee"
3dbb7227-2911-4c7c-ba0c-c7556a7fd51e,"recovery",1,2,"One Bee"
61723666-d15a-4d64-b499-584d756dc990,"recreant",1,3,"Two Bee"
7d0658fa-95d1-40f6-a664-8c4cc2d910a1,"recriminatory",1,3,"Two Bee"
43c131e8-78a6-4073-b41d-06c7bfba3477,"recrudescent",1,3,"Two Bee"
161852c3-f4b0-497f-abb1-5843d0333679,"recruit",1,2,"One Bee"
932ddf8b-a408-45f5-9720-70b91edec946,"recruittableau",1,3,"Two Bee"
b5511fc5-571b-436e-872b-57ad9205f77a,"rectitude",1,3,"Two Bee"
29145995-cc49-49c7-b6c9-9775b6176189,"recumbent",1,3,"Two Bee"
f48311d8-8259-46b2-9e81-8517546b2185,"recuperation",1,3,"Two Bee"
0de412d1-a7b1-4b80-a822-a4fcc8e6c3f2,"recusancy",1,3,"Two Bee"
998cefb1-6518-492b-acc4-9b611f8e558a,"recyclable",1,2,"One Bee"
eccec577-ff08-45d8-8bd0-06a4f732ebb5,"reddish",1,2,"One Bee"
ac547cd6-dfab-4a79-95b4-98c791c05071,"reddish-brown",null,5,"Three Bee"
518e184f-36ad-4560-95c0-d9188d7148bd,"redemption",1,2,"One Bee"
b60e4dee-16e6-4c86-ba25-b90bc296c6c5,"redingote",1,4,"Three Bee"
18d14cd0-662a-4473-8d03-f646130d3085,"redolent",1,3,"Two Bee"
68bf655a-4812-47a7-b6e5-15936b7b4ede,"redound",1,4,"Three Bee"
078a621d-dd15-499c-a0b7-6b3a2adce765,"reduce",1,3,"Two Bee"
9a624331-0dd9-4dba-b255-7835538b49a0,"redux",1,3,"Two Bee"
f46d889c-927c-440f-8d33-e420d7385ef2,"reenactment",1,4,"Three Bee"
8ac29828-3896-4b9d-8993-ecf108cd24a0,"refectory",1,4,"Three Bee"
edb85c12-3c73-4282-af07-e35803717d26,"reference",1,3,"Two Bee"
b4cbf06b-ad6d-4775-9fb8-aa30c600265a,"referendum",1,3,"Two Bee"
43828f14-ada3-4485-917e-b281d56e794e,"referralaerials",null,5,"Three Bee"
2d715009-fa04-44ab-a635-8006db8df464,"referred",1,2,"One Bee"
2e4ece4f-934f-4247-8247-7ac20c697f71,"reflect",1,2,"One Bee"
bca2ecf4-0dfc-4657-87ba-cd616d8bd9e0,"reflection",1,2,"One Bee"
4443e94f-7262-4c2d-9f84-e556edeb1b8f,"reflects",1,2,"One Bee"
5c1ceb75-f89f-4675-b190-f21f4f612b26,"reflexology",1,4,"Three Bee"
e02be2ee-ba8c-47c5-98be-f859ed4c12c9,"refrain",1,3,"Two Bee"
81a98eff-056f-4c0b-8b09-ae1e716c098e,"refrigerant",1,3,"Two Bee"
c6a6be33-4ddf-4fa7-a4c2-cb1d29f70742,"refrigerated",1,2,"One Bee"
b7b67150-e9f6-4bd3-aa34-be7d7a5a0623,"refuge",1,4,"Three Bee"
ac452d6e-21bc-43c4-afc0-1a1d483bb689,"refugium",1,3,"Two Bee"
c857ed5a-6030-459c-b8a0-73999254b08e,"refugiumremuda",1,5,"Three Bee"
64fd1636-c1aa-4788-a2eb-f488a3b623e5,"regales",1,4,"Three Bee"
0b399532-6fc4-4aac-b78d-3a0b3ed98ef0,"regalia",1,3,"Two Bee"
8eac8dd9-bf3b-41e9-a9e1-205ca28b4983,"reggae",1,3,"Two Bee"
b79aede5-ed15-4b92-b579-9463fb959b69,"regicide",1,3,"Two Bee"
93004d17-a37c-4a74-95aa-f719528daa50,"regiment",1,2,"One Bee"
4604d3c9-78a6-49ed-8cd5-996c91f68d4e,"regional",null,2,"One Bee"
3a33cbb9-0493-407f-a8f1-1decfd0e0a1e,"register",1,3,"Two Bee"
b3908cf1-ab49-41ab-941c-88674cb713b9,"registrar",1,2,"One Bee"
de36438e-ead5-4bac-b57e-c428a14045d2,"regnal",1,3,"Two Bee"
1ab8a776-4baa-4ce9-8575-fa9008fe1e42,"regurgitate",1,3,"Two Bee"
e2b4ae8a-607e-4ff1-aa54-b147100f4968,"rehearsal",1,2,"One Bee"
c0fafd39-cf74-4786-b7f5-bd56c4f89224,"reigndifficulty",1,2,"One Bee"
0050bb4d-3408-4982-961e-7705d066afce,"reimbursable",1,3,"Two Bee"
489003b5-c5ad-47c9-9bcb-93e9fa95816e,"reindeer",1,3,"Two Bee"
ebfa5741-7a05-45b5-a859-5e5612953c43,"reiterate",1,2,"One Bee"
20b08ed9-f808-4c9d-bd56-8d0e6551d696,"reiterateremorseful",null,3,"Two Bee"
921144c2-aaed-4501-953c-694c99c2b198,"rejoinder",1,4,"Three Bee"
7c1b7b05-30ae-4e3c-a711-e7d67852d558,"rejuvenate",1,2,"One Bee"
a0cae1dc-98eb-4033-94f5-e5f9c51442fe,"related",1,2,"One Bee"
097e81d5-c918-48b7-8496-2ef9e701aad1,"relating",1,2,"One Bee"
53a4330b-cb5a-47af-bdb3-9b3196e55a77,"relative",1,3,"Two Bee"
35612347-d556-4c47-907d-d2bdded744f8,"release",1,2,"One Bee"
61e6069a-ba9d-454a-9e19-06479d215a31,"relegated",1,4,"Three Bee"
a4dd9633-668a-4695-bc33-c0e08f19078a,"relentlessly",1,3,"Two Bee"
8d950653-1563-41ef-9ee4-754f772c3ab9,"reliable",1,2,"One Bee"
5ec1ea61-5560-49db-b471-f2a3887b2f57,"relief",1,2,"One Bee"
da976b8a-7464-4caa-ade4-30ae0e0dda73,"religious",1,2,"One Bee"
40498573-cf3d-4314-b77f-5480b8a48b90,"relish",1,2,"One Bee"
cb86152f-b308-4a9b-be4b-88655682bb56,"reluctant",1,4,"Three Bee"
ce69c6b3-25fc-4b60-b96d-f0e7710d68aa,"remain",1,2,"One Bee"
39e4cf46-81d2-4786-9076-c360d6c56183,"remaining",1,2,"One Bee"
df834c93-9415-4977-8a72-4e665e73100a,"remarkable",1,3,"Two Bee"
6937a0ab-8de9-45f6-b5dd-ec0967b937e5,"rembrandt",1,4,"Three Bee"
d057169e-513b-4799-9871-826315c0c101,"remedial",1,2,"One Bee"
fad822e8-2cd4-40ea-8f59-cf9e94bb6e7b,"remember",1,2,"One Bee"
cb703137-2038-455c-b652-389c9ab2573b,"reminiscent",1,3,"Two Bee"
742fca2a-da81-47ad-83c5-5aaa144f96c1,"reminiscentmenial",1,3,"Two Bee"
42834a9f-8767-4c1c-94cc-f94af76dd865,"remnants",1,2,"One Bee"
de5c983d-d87b-4f5e-a734-80bf24a1b9e6,"remonstrance",1,3,"Two Bee"
c70ebfe0-24af-4b27-a0cc-e7fed1981c13,"remorseful",1,2,"One Bee"
792cd78e-f045-4c39-ad25-06e1d5c78b00,"remuda",1,3,"Two Bee"
31c6ed78-2fff-4a8c-9202-e27d8d7a4820,"remuneration",1,3,"Two Bee"
3e4495c4-06d9-4af1-a62f-a625abecbf23,"renal",1,4,"Three Bee"
4cdd57c6-a140-46b1-9a97-bcc4df4e8eea,"rendition",1,3,"Two Bee"
11549e42-4a77-43f9-92fc-035f4614df4d,"renegotiate",1,3,"Two Bee"
e088c840-40bd-41ad-b533-97abcd011f2f,"renewable",1,2,"One Bee"
79dc00c1-fa92-4852-87f1-28e985453dc0,"renitency",1,3,"Two Bee"
d3e2553c-162c-44f5-bae2-ad90be5129a6,"renminbi",1,4,"Three Bee"
a4e5e4af-939b-4413-aeae-d996ffce3fc1,"rennet",1,4,"Three Bee"
10a5dae6-3374-4a76-83a2-0095d8b15d20,"renowned",1,3,"Two Bee"
9ee2bd8c-c246-48ec-8e4f-6ed40743eb93,"rental",1,3,"Two Bee"
e6325487-8d40-46ab-ac2d-5e76095b3e7d,"renvoi",1,4,"Three Bee"
a4010aa3-227f-4e26-8fba-17425203a454,"renvoinoun",null,4,"Three Bee"
34039974-b969-49a5-957e-0d83511c16cd,"reparations",1,3,"Two Bee"
e657da8c-76fe-49af-a0fb-84745350693a,"repartee",1,3,"Two Bee"
2aada3cf-406d-4626-8c5c-04ae9fa8728c,"repast",1,4,"Three Bee"
b2625de6-f52e-41b8-8dc1-596e17ad0172,"repentant",1,3,"Two Bee"
4de1670a-55d9-4c97-9230-b9ce0e9f8dba,"repercussion",1,3,"Two Bee"
407507d4-c3b3-44a9-a715-ae312e497f64,"replace",1,3,"Two Bee"
c8251147-9123-4abf-850f-26210d26b01f,"replaced",1,2,"One Bee"
1b62fc19-0286-4057-a4e6-c0eab3a07f13,"replete",1,2,"One Bee"
c435d92a-6265-4fc9-b8f5-e8646d6c403c,"replica",1,3,"Two Bee"
53555302-be36-4a46-b8bb-d9db27fe1d7f,"report",1,2,"One Bee"
c4f78bf2-c356-45e3-894d-3bdcdc3a4d24,"reporting",1,2,"One Bee"
f4e7a5b6-a196-4771-b52a-899f9598aba5,"repose",1,4,"Three Bee"
fbde71c5-f440-4466-8329-535247047c3f,"repository",1,3,"Two Bee"
63c90ac6-b1dd-4285-b3f5-7936ee1088d8,"repoussage",1,4,"Three Bee"
69f20eeb-e086-4015-86d0-a8ef332168c1,"repress",1,2,"One Bee"
91bd9a46-2b8e-4ede-b5f0-94ebfbfa5f89,"reprieve",1,3,"Two Bee"
58bb2773-4f14-4614-8d57-887ebf5d7e97,"reprisal",1,3,"Two Bee"
04e704d1-0120-427a-ba0b-bcfa0d933ba6,"reptile",1,2,"One Bee"
3d7b0d45-49e5-4fd5-9d8d-c0440195bc48,"republic",1,3,"Two Bee"
014b0034-4aa0-4971-bb57-434a82d5287f,"repudiate",1,3,"Two Bee"
ccd7ceed-af98-4ee2-a942-f423456114da,"reputation",1,2,"One Bee"
7554e6b8-02e7-4550-bf64-e4a5ed8278ca,"requiem",1,3,"Two Bee"
14f99efb-1b87-4913-9d9c-9318304f6acd,"requires",1,2,"One Bee"
562aeae6-fd22-465e-890d-5e2c29e5afac,"requisition",1,3,"Two Bee"
4e7c0453-03b3-4938-a007-8d8d6b3b9c7c,"res",null,4,"Three Bee"
2cfd9d98-d36a-44ba-82b5-82d63534efbe,"rescissible",1,4,"Three Bee"
73c2d072-7107-4630-b770-34a23de2745b,"rescissiblejungian",null,5,"Three Bee"
8c4f8209-9a8d-49f4-a27b-0b55cceedf52,"rescuedifficulty",1,2,"One Bee"
34ae306d-ea65-45f4-acc0-f88bafc94e20,"reseau",1,4,"Three Bee"
d80b10bd-98b4-4f10-ace5-4b0a6c1234db,"resemble",1,2,"One Bee"
2b57d78e-68e8-4186-b863-b6d9f83fb1e6,"resembled",1,2,"One Bee"
5de97f22-639f-412b-bbd9-ea729ce74378,"resembles",1,2,"One Bee"
b62ed8e1-7b31-4aca-950a-a71afd212e7c,"reservation",1,3,"Two Bee"
a399a0dd-51bc-40c5-a3d7-5c8750107b5d,"residence",1,3,"Two Bee"
abe40583-3235-4e14-98e2-7d0d15da5c9f,"residential",1,4,"Three Bee"
3e8c6727-d857-4bf3-bfed-a9f852057a20,"residue",1,2,"One Bee"
26b03ee3-5ed6-494a-ae1e-a8fb1f699749,"resilience",1,3,"Two Bee"
a9759feb-37a5-4e5c-bca9-99a36c9c7034,"resinous",1,4,"Three Bee"
6a593664-7e45-416e-ae0a-8de4e74b5dca,"resonate",1,3,"Two Bee"
6126d117-5ad1-434f-8bff-085678db2631,"resort",1,2,"One Bee"
6a3ceeef-5a46-4555-b5de-91be60975e3b,"resource",1,2,"One Bee"
d22397bf-8ab6-406f-bfb0-032288d52f9b,"respect",1,2,"One Bee"
b4c69148-7d46-48a2-9832-00519a9da0a5,"respiratory",1,4,"Three Bee"
b7dbc6be-24b4-49ee-9fb8-a9fcfc095fac,"respite",1,2,"One Bee"
20ceb3fd-9e41-4f88-8787-1ac12df23e5d,"resplendence",1,3,"Two Bee"
441181e2-96c6-437b-b62f-9653df8aaf71,"respond",1,3,"Two Bee"
e02176fe-dc04-4224-a983-714862802591,"responsible",1,3,"Two Bee"
ea6084bd-bd0d-477d-a3d5-6f082e878926,"restaurant",1,2,"One Bee"
4dea4ed1-34a3-44fd-92e0-5ecb4d4f1cac,"restaurants",1,2,"One Bee"
8a78e0d2-65cb-4b1c-9bdd-4880ff779f38,"resting",1,4,"Three Bee"
27eae39d-d6c7-41d7-9526-41c84019daf4,"restitutory",1,3,"Two Bee"
cf57532e-513a-4915-9cd4-4c3c29deda29,"restive",1,2,"One Bee"
40667eff-ceb1-4cf3-b551-fff27772e366,"results",1,2,"One Bee"
935eda52-4e85-4d97-8a48-3c9c33d57498,"résumé",1,2,"One Bee"
7f1b64f7-2cd9-408c-b16b-dc17755af884,"resuscitate",1,3,"Two Bee"
1de93fd5-fbe8-4ee0-bec5-46bf444cf599,"resuscitateretina",null,3,"Two Bee"
48a86b92-993a-430f-8c73-18ffb3ac21a6,"reticulated",1,3,"Two Bee"
60415431-7ed4-42d1-9c50-0b02e3211f43,"reticule",1,4,"Three Bee"
2a9a4d0f-6fc4-44c1-a19c-c4b3b3a57fbd,"retina",1,4,"Three Bee"
d7141eaa-f73b-4b8a-9d38-535ce626b9e8,"retinitis",1,4,"Three Bee"
add3acb2-ebb6-41dc-8d9c-66496347a53f,"retinol",1,3,"Two Bee"
6a4efd97-28a2-44ff-90af-1dd095339b76,"retinoscopy",1,3,"Two Bee"
c176df80-e4ec-4928-b541-e8332cfe6b8f,"retorts",1,2,"One Bee"
a712297e-34fe-47bc-a860-e70e0983003e,"retreat",1,3,"Two Bee"
edfeaa19-abd6-4caa-b8d3-75dd238957ee,"retribution",1,4,"Three Bee"
ed82dcb4-005c-4567-bb22-89cb6e27cf60,"retriever",1,2,"One Bee"
c82b9ee4-3f22-443c-ab6a-8a865c84caed,"retroactive",1,2,"One Bee"
a68b6de5-c495-4a58-abba-dca79917c1e6,"retrocedence",1,3,"Two Bee"
27f6bc67-bdae-43b3-9ff3-5991a1b10212,"retrodict",1,3,"Two Bee"
207e7308-bda2-4d17-a4da-b66d67c83aa0,"retrograde",1,3,"Two Bee"
0b2c64bb-a63f-4a6c-8164-a74d08746dc1,"return",1,2,"One Bee"
0737582e-2189-4237-a6c0-657d47057d83,"reunion",1,3,"Two Bee"
a757c996-6f8e-4963-994e-96461d67b1e6,"revanche",1,4,"Three Bee"
d31e4662-3119-4813-bcc5-1c00b3b4c152,"reveal",1,2,"One Bee"
e26171bc-9208-4f77-a788-a5248c0095e5,"reveille",1,4,"Three Bee"
2abab083-7ea6-4dbe-b8ac-4762dd0a472d,"revelation",1,2,"One Bee"
adc3e5d5-1101-42c9-99d7-94a99cfbebed,"revelationarithmetic",null,3,"Two Bee"
fd838be9-101e-4603-8fd9-6104b87fc37f,"revenant",1,3,"Two Bee"
a287ba2a-4b5a-40d7-9221-827a9aaedd84,"revendicate",1,3,"Two Bee"
c048f1c0-4603-4041-84b7-9574f393e978,"reverberant",1,3,"Two Bee"
803e0efa-d8db-4844-9511-c2bfb71bf2ca,"revoir",1,4,"Three Bee"
3ebf5e47-2106-49bf-b70e-41c0fe61095a,"revolution",1,2,"One Bee"
a410e536-1cb9-44d5-a8ab-be811de60c14,"revulsive",1,2,"One Bee"
16ec5cf3-8edb-4123-aacd-63f066d249b8,"revved",1,3,"Two Bee"
ad2d29eb-9a37-4de9-90ca-16b58b909f4f,"reykjavík",1,2,"One Bee"
c6247c29-acd6-4d51-aa18-f7cfcfff7d9f,"reynard",1,2,"One Bee"
beba8965-e407-4b86-8bbd-c0f70774caac,"rhabdoid",1,4,"Three Bee"
4b72fd29-e6bc-4167-9467-21a108d1a3c2,"rhapsody",1,3,"Two Bee"
3fc00a0c-c9cd-40e5-b31a-ab474c83265f,"rheostat",1,4,"Three Bee"
bb0a06eb-7086-4894-a614-eee847bb6ba5,"rhetorical",1,4,"Three Bee"
7488e578-6266-4982-96ef-92b84c52a955,"rheumatic",1,4,"Three Bee"
79e31a52-a214-42ed-a3b5-3eaa7d5b060b,"rhinestone",1,2,"One Bee"
874f452a-e361-401f-abf9-cf3f75fc54ec,"rhinorrhagia",1,5,"Three Bee"
b6f55f05-b481-429a-9d1f-cd553d30b179,"rhizome",1,3,"Two Bee"
10daff34-2aff-4777-b009-b1d7ac566207,"rhododendron",1,5,"Three Bee"
fa6f282d-10e6-407b-a6c2-f6bcd631d7d5,"rhombus",1,3,"Two Bee"
f249ed90-e7d6-4f52-a1c2-3268ca83df3b,"rhubarb",1,3,"Two Bee"
2f65e94c-bb74-4730-a2e4-33a9feed421d,"rhythm",2,3,"Two Bee"
6da0f200-42ca-4363-bcd7-7ca514be1e07,"rhythmic",1,4,"Three Bee"
10068945-cb95-4fc7-8b78-9ce7ec147cbb,"rhythmically",1,3,"Two Bee"
3429b3a6-956b-48f9-957f-0926276bffd4,"rhyton",1,4,"Three Bee"
504d599e-a7c4-4662-849f-2f394db06d25,"rialto",1,3,"Two Bee"
f8b0a23b-807c-48b0-9ea4-2181876eea71,"ribbon",1,2,"One Bee"
51e6b022-1226-45a3-b687-c8d2eb13ba57,"richter",1,4,"Three Bee"
98ef9504-950c-486f-8b67-bbec4312d02f,"ricochet",1,3,"Two Bee"
d4b2645f-2c50-4996-bf20-f4e077207028,"ricotta",1,3,"Two Bee"
8071f289-c5fe-4745-8ad6-8a6865ab4ae6,"rictus",1,3,"Two Bee"
651ffa8c-d095-44b2-ba54-3d815784630f,"riddance",1,2,"One Bee"
443dbb78-5d1f-45da-a2aa-4a694d6f98d7,"ridiculously",1,5,"Three Bee"
dcb9ef5e-31e8-42d5-8d93-dc1f824616aa,"riffled",1,3,"Two Bee"
a765357a-0291-4fcc-842f-2642d1db9281,"riffraff",1,2,"One Bee"
ae62cfac-da26-495f-8fff-180cf86f47a0,"riffraffrestive",1,2,"One Bee"
2c9541fe-0b25-4211-88f2-60aa3bd02bd9,"rigatoni",1,3,"Two Bee"
09afdc10-2a04-43a3-b437-979bff37b02f,"righteous",1,2,"One Bee"
0d6c62c3-e364-4eb5-bb8e-37f4bf0b9344,"rigorous",1,2,"One Bee"
198b6b56-3ba5-4aac-bf17-c8742b2400a8,"rigourous",1,2,"One Bee"
d52bb583-3551-4e70-9f62-0fc24bdb0fbd,"rigueur",1,4,"Three Bee"
8cb1aa08-2462-441f-bfbd-63efcc538184,"rinceau",1,4,"Three Bee"
65a11725-d60a-463c-89dd-6f4884746d83,"ringing",1,2,"One Bee"
75db9d6c-c465-4344-a673-efc17aed7392,"riparian",1,4,"Three Bee"
be4ffaa7-624d-4cf6-bbd9-f2e8df4cb7dd,"ripple",1,2,"One Bee"
72fd1413-1258-4896-a4b5-c45270479d47,"rishik",1,2,"One Bee"
a1c3dc4f-ec31-4a85-bf46-22b508ca6d51,"risibility",1,4,"Three Bee"
83c52701-a707-4584-aa70-aa2137f260bd,"risorgimento",1,5,"Three Bee"
2badc298-e154-44c9-ab1c-58a714712e77,"risposta",1,4,"Three Bee"
c5928498-a4c4-4c4d-9ae4-f317146f1c1a,"rissole",1,4,"Three Bee"
5a50b8b6-fe16-44f1-834c-7ce508726a19,"ritenuto",1,4,"Three Bee"
d200577a-6787-459d-840e-eabd42806f3b,"rituals",1,3,"Two Bee"
7e7dcecd-89d2-46df-b197-438135d67d1a,"ritziness",1,3,"Two Bee"
5bed7504-4465-484b-bf91-10da9c9f0da4,"rivalry",1,3,"Two Bee"
4ddc109c-78b2-4b3a-a672-db1481dce6bd,"riviera",1,2,"One Bee"
4d08ec21-88d3-4033-b647-ca2164f94360,"robigalia",1,4,"Three Bee"
87c4e1e9-7153-47d3-8f5c-ed587a9dfa52,"rocaille",1,4,"Three Bee"
63d22e09-32b0-4f75-b883-eb98d4dc7b8d,"rock",1,4,"Three Bee"
79d9e1e9-2faa-4e23-8a26-1771ef4e333c,"rocket",1,2,"One Bee"
388638fe-3398-44da-b72e-2a7f5fde68cd,"rococo",1,4,"Three Bee"
e8fdadf9-4117-49a4-a19e-94405a5bfe5a,"rodent",1,2,"One Bee"
3d9d1f7e-ad79-450d-bd90-5e57c54f39ed,"rogue",1,3,"Two Bee"
5fa35f04-7d22-4b3f-9252-8fcb0e04d4cf,"roi",null,4,"Three Bee"
1fe316aa-982b-47ad-9ceb-0532e08b2768,"roiling",1,4,"Three Bee"
81b2d85d-b753-4191-b9c6-1e9fd14711f1,"roller",1,2,"One Bee"
3ffab169-c755-40bc-bdda-8e143e41241c,"rollicking",1,3,"Two Bee"
8829cd8a-01fe-4bc3-a372-3ab45f2bc723,"romaine",1,2,"One Bee"
3bd02c6d-c08a-473f-a8db-888e4b732258,"romainemigraine",1,2,"One Bee"
6e1a02ca-a551-4e86-83d2-e359e0f70333,"romano",1,3,"Two Bee"
42daaba6-a97a-48f5-bb3b-216224a782ca,"rond",1,4,"Three Bee"
b42ceeba-8b6b-4cbe-a856-6535d6e03222,"rondeau",1,4,"Three Bee"
82652cdf-d1eb-4fd2-a2f2-3105887490b0,"rongeur",1,4,"Three Bee"
23ebd604-d823-4e95-8655-35a456556683,"ronin",1,4,"Three Bee"
381e508d-31f2-4b79-b1e6-e1204f9e6c6a,"rooibos",1,4,"Three Bee"
cf914d5a-38ea-4117-9d6e-6da1d2b3c90b,"rookery",1,4,"Three Bee"
57ccc4a0-9a2b-401c-9966-3441c7c824e6,"rookie",1,3,"Two Bee"
7a5aea43-d55f-4d4a-986f-392ad7edeb3c,"rooseveltite",1,5,"Three Bee"
cab1894b-d496-41ef-9f16-0a9262af5d21,"rooster",1,2,"One Bee"
ac7d649b-d7be-436f-8a35-fdd2fb0a8937,"rorschach",1,4,"Three Bee"
ce9aa14d-df00-49e1-90e1-ac548a9170ec,"rosemaling",1,4,"Three Bee"
482c5467-8a2a-4515-9311-2d3ef9e70040,"roseola",1,4,"Three Bee"
2b9cde51-72e7-4063-a633-a03ed87d0049,"rosin",1,3,"Two Bee"
f4687783-d39e-4932-85f9-cc1910b02914,"rostrum",1,3,"Two Bee"
58c63956-689b-4a7d-a8bf-58f4eb55f798,"rotary",1,2,"One Bee"
8d86aeaa-a03b-4cea-8a42-36479193fdef,"rotisserie",1,3,"Two Bee"
f67a0b31-0570-4be5-90c3-073dd202e099,"rotten",1,3,"Two Bee"
c6ed4caf-5043-4633-a3b9-47f1fceb6c28,"rotulet",1,3,"Two Bee"
3800ec77-076a-42df-a008-0b0789386cf7,"roughly",1,3,"Two Bee"
4272f83a-0096-4433-bc1e-0d515581141e,"rouille",1,4,"Three Bee"
c55f7e43-11be-4fcd-811f-ac8e363e382b,"roulette",1,4,"Three Bee"
fb3c2d65-0bf4-4b0c-9bd0-47c70c2bcdb2,"round-shaped",null,2,"One Bee"
8c6c65d7-f317-47ab-8d97-91b79f0c2e31,"rounded",1,3,"Two Bee"
c7f9b5d4-cf5e-4945-acdb-21e29186e37a,"rounds",1,2,"One Bee"
82055f1d-5620-47a3-9daa-a8e475078e5b,"rouser",1,2,"One Bee"
6841113b-cdd6-4b06-824f-748b032f78ff,"roustabout",1,3,"Two Bee"
777663fd-9d17-434c-8a4b-ef4cb541e6c7,"routine",1,2,"One Bee"
a2466ab6-f601-4485-9be9-ac1999c52070,"roux",1,4,"Three Bee"
2ac11ee9-4ac8-4775-a2ae-c7f4e3a5551b,"row",null,1,"One Bee"
baa9a955-919c-46fe-9b82-9202b201e3b8,"rowan",1,3,"Two Bee"
6f8eef51-da84-49a7-a5ca-c3eb39e1c29b,"royale",1,3,"Two Bee"
887241e8-c35b-4ea5-a11c-62def87d6baf,"rubaiyat",1,4,"Three Bee"
934f56d6-cfff-4eeb-b7bd-e80f9206ba20,"rubato",1,4,"Three Bee"
3a69f701-f8ca-43a8-826d-d78c0fc1dd6c,"rubble",1,3,"Two Bee"
89aedbfa-00d2-42c4-940c-6b71e5dd3cc5,"rubefacient",1,4,"Three Bee"
5b8342ba-e354-4651-9763-e1107c35c044,"rubeus",1,2,"One Bee"
f430a3b4-ba05-472f-91d7-8504ea825795,"rubicon",1,3,"Two Bee"
72fa2d1d-6518-4ddf-b598-888773605ede,"rubric",1,2,"One Bee"
f28ca2b1-ae76-4e2a-bce6-4a06339c98ee,"ruckus",1,4,"Three Bee"
f11b4147-adc0-46cd-bbdc-27d569e69774,"rude",1,4,"Three Bee"
acc18455-84a3-4728-8056-8e4f8c7bc294,"rudiments",1,3,"Two Bee"
e7243067-70e2-425a-8ae9-1ab817ef5ca7,"ruelle",1,4,"Three Bee"
c36433ae-fc7c-46c0-93e8-893dca664a41,"ruffian",1,4,"Three Bee"
2d7b1dc3-2c9f-4ce5-a115-b4c6b8f90cd7,"rug",null,1,"One Bee"
3260b177-d059-466c-984a-e1a238f49c9c,"rugose",1,3,"Two Bee"
6182cf3f-65d2-4081-b4b1-85b6a064c686,"ruins",1,3,"Two Bee"
ce85fe76-6ba8-446d-ab39-eeb3d5abd0bc,"rules",null,1,"One Bee"
579d1235-1a4e-441a-a5fd-8de2b719dbca,"ruminate",1,3,"Two Bee"
fa3bf51f-716a-446a-9038-385464106c17,"rumour",1,2,"One Bee"
a82d5715-536e-4a44-ac7a-48e41a7764be,"runcible",1,4,"Three Bee"
9d52c0a6-e0ec-4f34-9f0e-c2d680397ffa,"runesancestors",null,3,"Two Bee"
3e54409f-6234-469c-a8d4-dea0ba93617f,"running",1,2,"One Bee"
88dedfb6-d280-4470-9031-9326112a1df9,"rupicolous",1,4,"Three Bee"
9e9d0fea-5f59-4984-a6d4-fefbc5deda34,"ruscus",1,4,"Three Bee"
d39d52db-4ee9-47b0-81f0-5db7fb2efc8b,"russet",1,4,"Three Bee"
175a5fe7-b89f-412b-86cd-a452e944356a,"rustication",1,3,"Two Bee"
042b7a67-0c51-4431-90cf-40a7c2df4844,"rustle",1,3,"Two Bee"
deb48e24-f6ef-4e09-9149-1c30da668527,"rutabaga",1,4,"Three Bee"
2d3efc93-5a17-4078-8017-6d2c72707b80,"ryas",1,4,"Three Bee"
c6ae0929-6b9d-4bff-a12e-34f27c1c67a4,"ryeland",null,4,"Three Bee"
99529b8c-bf9d-4413-9dc5-9a5d867fdb64,"ryelanddomesticity",null,3,"Two Bee"
dd5a9af8-dfa8-473b-8b2a-cbbc3f118eef,"ryukyu",1,4,"Three Bee"
2be2a62d-310a-4181-b095-249449e62bd2,"sabbatical",1,3,"Two Bee"
0db0c796-1e89-4010-829d-353ea2f140f2,"sabermetrics",1,3,"Two Bee"
39a45e3c-06cf-4af6-8663-af7a7aabf7bd,"sabotage",1,3,"Two Bee"
1f04cf55-1c3c-40b3-b2c9-c3f0a50cfed5,"saccadic",1,4,"Three Bee"
765db35c-19cc-44f2-9336-e363b8937ac4,"sacchar",1,2,"One Bee"
3a7b8d18-cd74-4614-8b1d-6b9258a93dc0,"saccharide",1,4,"Three Bee"
db918cf8-7dcc-4535-837f-b320aa14256a,"saccharum",1,2,"One Bee"
5675ea24-8e74-4184-8d1f-3fc9e957996e,"sacerdotal",1,4,"Three Bee"
9a99ca6f-40e7-40f5-9504-b0feb10bdf6d,"sackbuts",1,4,"Three Bee"
d94b95f3-1bad-414d-b0aa-3f89497ae227,"sacrament",1,3,"Two Bee"
cda5e11d-f7e4-4c13-a09b-aac58ffcb77e,"sacred",1,3,"Two Bee"
d78127f8-ed7d-409f-991b-bb28d5c842d7,"sacrifice",1,2,"One Bee"
26046d73-f24e-4a86-ace2-2ddb7ea7a42d,"sacristy",1,4,"Three Bee"
5697df24-6d17-42d5-bcca-5379f4050533,"sacrosanct",1,3,"Two Bee"
b36f2ce9-4f2f-4e2e-ad57-117a2e369566,"saeta",1,4,"Three Bee"
389072ea-a3d1-4ed2-a02d-52551d2c3881,"sagacious",1,3,"Two Bee"
4d12c678-5c32-4da4-b54a-5c9043423d79,"sagittarius",1,4,"Three Bee"
7526ab05-c578-4e95-a867-aa8d0f43f779,"sahel",1,4,"Three Bee"
6a7dd7d3-b0f7-4567-8eb6-633fdaf8406e,"sailage",1,3,"Two Bee"
1ccb2be5-b2c0-4ed5-ae16-c1917d0bd92f,"sailagesalience",1,3,"Two Bee"
0c8e6939-1c33-4171-bd90-ea530174b7d8,"sailor",1,2,"One Bee"
d1d3fead-ca37-4f7e-bb24-f6f6c3357176,"sailors",1,2,"One Bee"
8647f682-8b73-4ea7-8872-0320cfeda8cc,"saints",1,3,"Two Bee"
7b60f8f6-2935-4ac4-baf2-a5a1e0120579,"sakcharon",1,2,"One Bee"
8c19cc32-d54d-4bd9-af27-c07d0035bbe1,"saketh",1,2,"One Bee"
bd3d083d-37fd-42a4-ab0c-8d55d6256bdf,"sakura",1,4,"Three Bee"
26b016a3-a677-4da2-b3f8-5e484f9d17ca,"salamanders",1,3,"Two Bee"
e4d703f7-7529-44db-8afd-3d2fcc36170a,"salience",1,3,"Two Bee"
f5e0dee0-9957-4eda-99b8-8333c92f2575,"salinityanalogize",1,3,"Two Bee"
18c66214-c9e7-459c-b9ee-9d6b8f6bd982,"salivate",1,2,"One Bee"
72f1e232-31cd-462b-aa9b-bc84d14e4de5,"salmagundi",1,4,"Three Bee"
3a6fe93d-a978-4484-8e35-61d4fff937dd,"salmagundy",1,4,"Three Bee"
9d5ecaf9-c513-4294-8ec9-fc3c94152579,"saltarellos",1,4,"Three Bee"
851fae63-146b-42a4-b58d-d4fc0b931490,"saltatory",1,3,"Two Bee"
61838a75-032f-474d-ab75-e1b94c6e5c6f,"saltern",1,3,"Two Bee"
54dc5252-752c-4f14-b572-03ba87487537,"saltwater",1,2,"One Bee"
7fce1f92-1448-4c0b-854f-7a10fa0e3b50,"salubrious",1,3,"Two Bee"
7af10320-5167-4f92-9bc7-d03d8dd97388,"salutary",1,3,"Two Bee"
2614832f-7560-4d9d-818a-ce632ecbad85,"salute",1,3,"Two Bee"
b755ab35-cc1b-44e4-b544-00d94025f18b,"salvador",1,3,"Two Bee"
68585924-f3b5-4865-94db-aaae067f7460,"salzkammergut",1,5,"Three Bee"
0e302244-bc54-43ea-a241-6da839c4d71e,"samarium",1,4,"Three Bee"
03e9a336-5394-4208-bb06-205be2fa8ec6,"sambal",1,4,"Three Bee"
22480e5d-0325-43f7-ac28-b57a2f8f0bed,"samhain",1,4,"Three Bee"
f8914165-f1ed-4da5-8ff4-920bf8841a72,"samian",1,4,"Three Bee"
38787876-24f6-4e7d-92ec-2a8cefafa336,"samosas",1,4,"Three Bee"
8dc9d404-ab9c-4ad2-aebc-4392941a91f3,"samples",1,3,"Two Bee"
525aebe8-c836-4413-9305-aae9016fca6f,"samsara",1,4,"Three Bee"
b04c3f11-1718-4a66-bb08-f0461d9d4477,"samuel",1,2,"One Bee"
e7e70e40-0204-4a52-8673-f06a0f87b517,"san",null,4,"Three Bee"
7a98b7db-829c-4c88-8ed7-0b6122850680,"sanctimonious",1,3,"Two Bee"
91725c9f-f8c2-450a-979a-efa9e0726df3,"sandal",1,2,"One Bee"
20da2a9f-5357-4ee5-a009-4adce633d4e1,"sandwich",1,2,"One Bee"
b53c3ff6-8c88-43a8-83fe-b8b6ff249f6e,"sangamon",1,4,"Three Bee"
65ecb407-2812-4e11-99fd-0a82dd100ed0,"sangfroid",1,4,"Three Bee"
9e6e2bc1-f4e0-491b-8c9c-61517c7542f4,"sanglier",1,4,"Three Bee"
e2154766-023e-4299-8c38-7b401b2b4b73,"sanitation",1,4,"Three Bee"
175dbefb-e8cd-4bad-a55d-de86873eac79,"sanitized",1,3,"Two Bee"
f0808efe-481a-4d4f-803b-c5f1f796ca33,"sannyasi",1,4,"Three Bee"
9c642a5f-f286-40e5-9e50-5044578c7076,"sanskrit",1,4,"Three Bee"
6bc3b23e-b04a-4ab7-87d8-99aa88db8708,"saoshyant",1,4,"Three Bee"
765639ce-0ecb-4339-aa1e-f866713c9474,"saoshyanttachyon",1,5,"Three Bee"
67a99fd5-6027-481d-a95d-8ea9eab18f0e,"saponaceouscyrillic",1,5,"Three Bee"
2bad4533-af31-4723-981d-ac1e2889774b,"sapphire",1,3,"Two Bee"
cfb96061-b164-42c4-a581-7cf731030644,"sapporo",1,4,"Three Bee"
f7aad852-3ccd-4c9b-a936-5c3c29045354,"sarcophagus",1,3,"Two Bee"
a8a4ccea-2a7f-4f1a-900d-8f9be62d3403,"sardine",1,3,"Two Bee"
45ee738e-1639-4ea3-b651-327cf59f46b0,"sardonic",1,3,"Two Bee"
8a13c7bf-5ca1-4303-9c7f-0dcdd4f87b1d,"sarkara",1,2,"One Bee"
3f94c00f-2e61-4c6d-a2cf-44618678540b,"sarmentum",1,3,"Two Bee"
21df962a-c751-4ee3-9a74-7a2532b7261b,"sartorial",1,3,"Two Bee"
5f798117-251f-4a2f-9f9c-05151931f85d,"sashay",1,3,"Two Bee"
e7064cb1-38c1-4b21-b692-ea3ac18d2f8b,"sashaywe",1,2,"One Bee"
7dddb7ba-12d6-4ebc-97a3-6b7c3fe889b9,"saskatoon",1,3,"Two Bee"
9e1cc2f0-e80b-4e2a-8561-257ce9cdbbe6,"satchel",1,2,"One Bee"
013c5634-0d21-4d33-a72f-a85957fd521f,"satellite",1,2,"One Bee"
2c2bf723-fcc7-416b-95cd-6deada780a91,"satiety",1,4,"Three Bee"
7e696baa-bfca-438b-8a37-66086942d161,"satisfactory",1,2,"One Bee"
81f49ea7-b505-452e-9d30-ec375a146f0c,"satsuma",1,4,"Three Bee"
38e79f5c-321a-4a81-b217-3a822acb0ff3,"saturday",1,2,"One Bee"
3f40e5d9-92c4-43e9-a91b-09ac7e6f40af,"saturn",1,2,"One Bee"
0d102708-0a66-4242-84f5-41d391d4a647,"saturnine",1,3,"Two Bee"
3c0c5b56-7736-4716-8206-8b7cd9c8b649,"saucer",1,3,"Two Bee"
a9e624a9-9e11-4500-bea0-fbe671dbdc26,"sauerkraut",1,3,"Two Bee"
c9877d6b-a0f1-4eed-a566-806c037ed859,"sauger",1,3,"Two Bee"
d3bd9290-bc38-4045-b476-c6e04d52c420,"sauna",1,4,"Three Bee"
2edc5749-a4e1-4465-b2f2-91c23acdc932,"sausage",1,3,"Two Bee"
2c5827ce-f28b-4d67-b847-8c76a712c98f,"savoir",1,4,"Three Bee"
8404a9e3-d616-4b8a-b32a-768be60d10f7,"savor",1,3,"Two Bee"
b94f2e5b-f0f1-48c1-9160-5d704fb067e5,"savour",1,3,"Two Bee"
7d648136-2c37-4479-8146-154ed9be299e,"sawan",1,4,"Three Bee"
f9494778-2e34-4fbf-a754-17a6d0abfc50,"sawdust",1,2,"One Bee"
947465ac-d7f1-4262-897c-8b5d7309efef,"sbrinz",1,4,"Three Bee"
77f0fad4-0891-45f2-9191-50798241c1d9,"sbrinzkathakali",1,5,"Three Bee"
60ef7a1d-6357-4787-9040-674f0d0edcc8,"scabbard",1,4,"Three Bee"
91ecf778-ebcb-41e6-a6f3-8b9e79b25798,"scaberulous",1,4,"Three Bee"
71515b0a-3487-459f-b5b3-bfa2694b4694,"scagliola",1,4,"Three Bee"
584be668-8c06-468d-9ab9-0b874ab348b9,"scale",1,3,"Two Bee"
b825482c-a828-4557-9d5c-fce0f28b7aa2,"scallion",1,4,"Three Bee"
9f14c3cf-2915-4d0e-8671-e6fb56f84691,"scalpscrapple",1,2,"One Bee"
f0bd9f8c-f25d-49c0-99fd-4122f0e4950c,"scandal",1,2,"One Bee"
710622ec-0616-49db-932c-987eb65a067c,"scandinavia",1,3,"Two Bee"
4c2e7803-a6f7-4bb5-b997-5b0a09c35c46,"scandium",1,4,"Three Bee"
958debf5-fd1f-4023-aac8-c0f289fd162c,"scanner",1,3,"Two Bee"
8de7943f-5f73-472f-a308-ce6ab3d40dcd,"scanty",1,2,"One Bee"
2c425310-770b-4235-bd69-77248bb3e383,"scarab",1,3,"Two Bee"
d39ed068-d06d-4361-8a10-addc43af9e32,"scarcely",1,3,"Two Bee"
c310ee49-f7ef-4b6f-844a-16318c21dfc2,"scared",1,2,"One Bee"
711c6992-3b2c-4d6a-a774-a01599d8d175,"scarf",1,3,"Two Bee"
082d7058-5cd3-4596-9945-f01b3dbceef7,"scarlatina",1,3,"Two Bee"
edfff40e-7f77-4db0-acf7-172aa4b2f3f6,"scattering",1,3,"Two Bee"
1c7ad69d-cd18-4122-8486-060c94a37100,"scenographer",1,3,"Two Bee"
c38a1891-c332-43c1-8eb6-b6959b77cbd3,"scentpuzzles",1,2,"One Bee"
98431fa4-5837-48f7-b5ec-2903bd109107,"scentscholarship",1,2,"One Bee"
a1f65f22-dc07-4a15-82ec-6f713bede2ba,"scentverb",1,2,"One Bee"
3aecda1a-db87-44fb-8cae-3cab9e0c24e8,"scepter",1,4,"Three Bee"
912193b6-8752-4ecc-bd23-2f84cc86a2ec,"sceptical",1,3,"Two Bee"
c7877407-db0a-40ef-9947-f9a6b90547fc,"sceptre",1,4,"Three Bee"
304286e8-6f29-4f06-ac50-fe3dbdf8ce0b,"schedar",1,4,"Three Bee"
9f04a814-73e8-4d71-b9a3-bf1a4eb9de94,"schedule",1,3,"Two Bee"
fdb777c0-10c9-47e5-88ff-984bcfd33dbf,"schefflera",1,4,"Three Bee"
699a476a-35f2-4bf8-8311-7cd7842414c8,"scheme",1,2,"One Bee"
363cccb2-ad41-409b-958d-58bc5f1a3983,"scherzo",1,3,"Two Bee"
1a834a11-c371-4b6c-b51a-f45d2f42f63a,"scherzoschnecken",1,5,"Three Bee"
22cdbf85-465d-4cdf-abc4-de6c1ab4d0ec,"schism",1,3,"Two Bee"
4877fbfc-7015-40c5-b18b-5423c33be201,"schnecken",1,4,"Three Bee"
f73a30ae-6d78-47e5-9a17-66ea668a156d,"schnell",1,3,"Two Bee"
f69f5334-decf-4664-89ac-cefa15ff297e,"schnitzel",1,3,"Two Bee"
7d796291-bda1-44bc-99ac-7e19293b04cb,"scholarship",1,3,"Two Bee"
a8f85588-0dd1-4eab-874a-46d4648f2f09,"schools",1,2,"One Bee"
18ea4809-5aec-4f56-922d-514550afb4f3,"schooner",1,3,"Two Bee"
0db385ed-6233-4875-96bf-bd679cbdfc27,"schwegel",1,4,"Three Bee"
5eacc927-35d6-4bdb-b024-06fcf82a1041,"sci-fi",null,2,"One Bee"
6d2e4de3-25a6-4d1d-ac27-831e9effaf36,"sciatica",1,4,"Three Bee"
fd835247-2a44-4517-bdc5-36587bb5fedb,"science",1,4,"Three Bee"
6495a489-3d11-422a-845d-7bd4ce140f56,"scientific",1,2,"One Bee"
ea1d8e31-ad19-4893-a131-8460fb1bd683,"scintillation",1,3,"Two Bee"
2edc5f92-be77-402b-aa13-8f67633eabea,"sciolistic",1,4,"Three Bee"
b3104658-cf11-4bdc-91b2-ef84f6eb09e5,"sclaff",1,4,"Three Bee"
cbe2f09e-7669-4fb9-b5fc-98cf1cb3c965,"sclerosis",1,3,"Two Bee"
99726d78-d4c1-4f66-80f3-25c4d9489459,"scobiform",1,4,"Three Bee"
f9297e79-66b0-4bd2-8fb9-c54f435993a0,"scoff",1,3,"Two Bee"
a3ac5a9b-723e-42bd-90c4-778ff86c9ef4,"sconce",1,2,"One Bee"
a97d048c-89cd-4ce2-9c6f-2b2bd6db7b53,"scooter",1,2,"One Bee"
34607c56-1753-4e9f-9765-28448e1083dc,"scornfully",1,2,"One Bee"
c15581fa-989e-4b7a-a721-dc7f7b4f256d,"scorpion",1,3,"Two Bee"
c19fba67-7138-4945-b1b0-74f16aaa6629,"scoundrel",1,3,"Two Bee"
1beed0de-8772-44fd-a34a-7a3020d40af4,"scourge",1,4,"Three Bee"
d5ff484d-b1e5-4fa6-9deb-def44c34eb42,"scramblegames",1,2,"One Bee"
26348fbd-00df-4508-b692-311f697a2c05,"scrambling",1,3,"Two Bee"
953537e3-c779-4ee8-9440-bd1a57d7dbb4,"scrape",1,2,"One Bee"
c237d59c-6396-4347-8f98-db61d328db83,"scrapple",1,2,"One Bee"
cbbaaa8d-1b6a-4eeb-b921-2c75d753ad0e,"scrawled",2,3,"Two Bee"
08ed9f47-1da0-4bdb-acde-dfe46d68160b,"scrawny",1,3,"Two Bee"
f310eff8-0a7b-415c-8ad9-376ba72b645f,"scream",1,2,"One Bee"
cf1a5775-260f-4252-a1da-69ca55ffeed7,"scree",1,4,"Three Bee"
85aab2f7-f42a-48d7-96ac-293349297ce8,"screeno",1,2,"One Bee"
f9429aaa-e5f8-4d07-97a7-ef9d9c238bd8,"scribbly",1,2,"One Bee"
3c72a6fe-7f0f-4847-b49b-9ae7e0d2283e,"scrimshaw",1,3,"Two Bee"
7dce59c1-fd74-4cc8-a12a-8df62ea09099,"scripture",1,2,"One Bee"
39759ca5-a4e6-4521-b48d-4392ebb58271,"scrivener",1,3,"Two Bee"
6086f5c9-bcae-4c9e-8dd5-d65c9ab74b40,"scrofula",1,4,"Three Bee"
e4d53c6f-88fd-4280-8a35-08b34981cdd5,"scroll",1,2,"One Bee"
eb6c0f35-5563-4720-b8c7-3a7944895acb,"scrolls",1,3,"Two Bee"
a960c7f8-3be5-4723-9bf1-129a95688610,"scrooge",1,2,"One Bee"
c5b8b075-7045-4c16-bd91-1695e772c756,"scrounge",1,2,"One Bee"
bf3bc8af-d809-4a50-bf0f-610ceca079f1,"scrumptiously",1,3,"Two Bee"
85507e34-3656-414b-83d2-e6e47a7f0b4a,"scruple",1,2,"One Bee"
835daab9-6ddf-44ce-8b5c-5f67d1425c7e,"scrutiny",1,2,"One Bee"
d35686c7-8fac-4e67-b318-9051240a2d72,"scuffle",1,3,"Two Bee"
821cccd2-5ac0-4879-85e3-a3d4e0719900,"scullery",1,4,"Three Bee"
425188ed-0860-44ed-a6c2-ee59ab06e445,"sculling",1,4,"Three Bee"
5040e732-a292-40ce-a1a2-b9360da20349,"sculpting",1,4,"Three Bee"
731a521a-f107-42fb-ab20-6f4c93823c2d,"sculpture",1,2,"One Bee"
e4635de7-5ba3-4c71-ae1d-8f74f876f829,"scumble",1,3,"Two Bee"
2b5b7612-c8ff-4d4f-b75d-146386d9f742,"scuppers",1,3,"Two Bee"
ef958030-9a1f-48fa-bcf6-2e71bede2245,"scurrilous",1,4,"Three Bee"
f6b4b9ee-2f59-445f-81ba-428b618cd8d3,"scuttlebutt",1,4,"Three Bee"
07e4c094-bdea-417b-acb5-ec8c5946fba3,"scythe",1,3,"Two Bee"
cc491bc0-5f00-4ae8-b3b3-b86a168173f1,"sea",null,4,"Three Bee"
de466e70-5336-4885-b5ec-fda88da7d8aa,"seafood",1,2,"One Bee"
18ae4d66-23b6-42f8-aa61-507668c7a850,"séance",1,4,"Three Bee"
b1845d47-35a6-4d8c-951c-d73741531c7c,"search",1,2,"One Bee"
88497054-d353-4f88-a4c4-d02aabe3be51,"searchpuzzles",1,5,"Three Bee"
550f99c7-bba3-4655-bc60-3a450e46741c,"season",1,2,"One Bee"
ed643397-0f13-4e58-a520-d3d39158b967,"sebaceous",1,4,"Three Bee"
535a0a76-f459-4fc4-8793-e0924290b7ca,"secant",1,3,"Two Bee"
33f7b3ed-7526-4bf6-9635-3032e27859e7,"secession",1,3,"Two Bee"
79d22652-b935-4a2a-829c-efb5146ba6a3,"seclusion",1,2,"One Bee"
e08cf586-c959-4e26-8fc5-d7d39ba17515,"second",1,4,"Three Bee"
c3397c11-7e1d-48a0-8b16-83f6c54e112c,"secrecy",1,2,"One Bee"
ce93a5da-4adf-4576-95ff-dc42cf447d39,"secret",1,2,"One Bee"
32eaed29-dc11-4634-bf19-7a5bad7a0378,"secreted",1,4,"Three Bee"
43a98c0a-0c7d-4beb-89b5-be5f277b049d,"security",1,3,"Two Bee"
f64a9e25-3697-4926-8d28-58a76a20fac9,"sedan",1,4,"Three Bee"
dc5cea43-a931-418f-a18e-b62da8ee6816,"sedentary",1,3,"Two Bee"
5d4badec-4644-4003-9733-15be199932bb,"sedge",1,3,"Two Bee"
a4497750-f4df-47f5-8a86-ce4e74b3ac88,"sediment",1,3,"Two Bee"
974a2467-5c8d-426b-902e-5b9d0f92a43a,"sedulous",1,4,"Three Bee"
aed47b85-ab10-4183-ba51-01c44a0e1efd,"sedum",1,3,"Two Bee"
15876f31-f613-49d2-bf7b-9a6f25259fa6,"seethe",1,3,"Two Bee"
367c2903-f561-49c9-b7ee-acc97fd4f79d,"segmentate",1,3,"Two Bee"
d1b134dc-7166-4f3c-bc9e-b2bba378a7eb,"seiche",1,4,"Three Bee"
68c2d8c1-8f1c-4f4e-aca4-48038ec9eeb6,"seine",1,4,"Three Bee"
8b6210e6-fc34-407a-8623-ab44779b55fb,"seismologist",1,3,"Two Bee"
fe0c0a23-bedb-445d-9c04-cdcf99812c34,"selah",1,4,"Three Bee"
c303c19d-a02b-445e-b881-b3251586da97,"seldom",1,2,"One Bee"
b35bff9d-e4fa-4167-8e47-e38a587b12a4,"selected",1,2,"One Bee"
807fee57-1eeb-48db-b4cb-9cbd94bb9fee,"selfie",1,2,"One Bee"
f5021b18-4454-4f03-bd23-19f8439fdc87,"seller",1,2,"One Bee"
84511248-8021-4249-a37a-4dbe7737e78c,"semaphore",1,5,"Three Bee"
14de0d8e-f3b2-4697-872f-0c9c719ef148,"semblance",1,4,"Three Bee"
35befdbc-fb1f-481d-9d8e-8933a3d8e584,"semester",1,2,"One Bee"
c26ddc4a-4f3f-4c32-b1b1-edec2be8a7dd,"semicolon",1,3,"Two Bee"
64cc8e54-6756-4124-a29c-c376807699cf,"seminary",1,4,"Three Bee"
e470bf86-8dfc-43d0-8941-f829a47ba9bc,"senate",1,2,"One Bee"
009f36b7-98be-45c5-a0b9-dbd4ea59c8be,"senator",1,3,"Two Bee"
a67bfe1f-7462-4d91-ac00-013763b63f86,"senecio",1,3,"Two Bee"
685ea17f-07b3-4ac8-88c1-5ffff035c189,"senescent",1,4,"Three Bee"
d7190440-e05d-4ab9-8447-a4ca0e3ec9ae,"seneschal",1,3,"Two Bee"
2259b53d-412a-489f-8976-c820372d358b,"senile",1,4,"Three Bee"
41731ce5-8824-48ed-85ee-4c278a31cc39,"senna",1,3,"Two Bee"
3929ded1-9023-4430-96d6-bb2bf8659ed9,"sennanoun",1,3,"Two Bee"
e1f561e2-c5f1-454d-aa58-09454bcf5c23,"senryu",1,4,"Three Bee"
a6e74c9d-7878-47fe-8ff0-000b1bf0156b,"sensation",1,3,"Two Bee"
bf5363ce-319c-4d3f-b3a3-ae13e7b45304,"sensei",1,3,"Two Bee"
69c71175-7f3a-4662-816b-ebbff5a82897,"sensory",1,2,"One Bee"
913100ea-6415-4a6e-98ae-3e4d6eb46cb5,"sententious",null,3,"Two Bee"
5b7204b4-0536-41ab-b726-2d3bfee3282a,"sentient",1,4,"Three Bee"
de5c3c72-f66d-43f1-a8f1-c2dab0eccd3e,"sentinel",1,3,"Two Bee"
151cdf73-ee11-4df1-922f-0f9e919edf93,"seperadventure",1,3,"Two Bee"
2fd51642-3445-4cce-8af1-1705b255e6e0,"september",1,2,"One Bee"
06343830-b214-4b06-b46f-c219e2a46553,"septennial",1,3,"Two Bee"
d868fcf0-fcfe-47d1-b8f2-1dc0b1aa6c5f,"septum",1,3,"Two Bee"
cfaf551a-d6e1-4fc1-be28-a740131d25a2,"sepulchral",1,3,"Two Bee"
01bb7795-93da-4cec-b485-35ba818b48bb,"sepulchralsangfroid",1,5,"Three Bee"
1036d617-83e1-4485-a150-c31a877773da,"sequel",1,2,"One Bee"
62d1a2c5-474c-41d5-91b0-3f4c9a7a6c40,"sequential",1,3,"Two Bee"
0b81f436-05d3-44a3-a0f4-da809c3b721c,"sequester",1,3,"Two Bee"
f2ed894c-7328-490c-aad5-5de2827c1e14,"sequoia",1,4,"Three Bee"
a6db5503-e4a7-4d6b-9713-ecbb592922ba,"seraphic",1,3,"Two Bee"
8b239441-5470-407e-96fa-90b7ba07a94f,"seraya",1,4,"Three Bee"
a31d9f1b-0f7d-4a6f-b710-9100517864fe,"serenade",1,2,"One Bee"
10b825be-6791-4975-94fa-cf76a71ec508,"serenity",1,3,"Two Bee"
a7e13bac-6ac3-447d-8eaf-f9cc0a6714eb,"series",1,3,"Two Bee"
5a7eb04b-b3bb-4bdf-8e98-1cb51a258985,"serin",1,4,"Three Bee"
101b2533-43a8-47c5-b131-eb3a072db26c,"serious",1,3,"Two Bee"
786b4954-84b1-46e7-8e4f-873a238b6227,"serpentine",1,2,"One Bee"
1370689b-165e-40a8-a429-3cbb7f21e735,"serrao",1,2,"One Bee"
96967ba2-d34a-4696-a9ac-a73af17b0722,"serrated",1,3,"Two Bee"
17a68775-6071-4741-a15e-9b248a2d3b02,"serratedpoblano",1,3,"Two Bee"
11218cc8-9484-49b9-9a4b-ff80903bc2eb,"serricorn",1,4,"Three Bee"
c4ad1540-36b0-4dcb-8f84-3a93e381a6e8,"serum",1,4,"Three Bee"
d0c774ab-bb3a-4b7d-a745-5f488d7a876b,"serval",1,4,"Three Bee"
243211ee-8a62-4357-8f28-9cb0e85d4bf1,"served",1,2,"One Bee"
f8cc95db-8ab8-41ce-802c-5334384718b7,"serves",1,2,"One Bee"
87e9b2b7-fae7-45a9-ad04-0fc72b452a74,"service",1,2,"One Bee"
726fb064-e31d-4dd5-9ea0-37b01f49298d,"services",1,2,"One Bee"
8e99dbe2-ba01-4520-bb7d-06c0c948fbcd,"servitude",1,2,"One Bee"
3399e708-e6d8-41c0-8e7d-9e031dbc9776,"sesame",1,3,"Two Bee"
78d2e3a3-07f2-41ad-ba5c-5678feb2570e,"sesquipedalian",1,5,"Three Bee"
570e9b48-8330-453c-94ce-dd287dc9f974,"sessile",1,4,"Three Bee"
7264c6d9-1685-4a3a-b8e1-94cda01177ee,"set",null,4,"Three Bee"
748b5897-d056-42b7-831f-44b7942ec9ec,"seton",1,4,"Three Bee"
3acc2d8a-0448-48af-a646-2a27b0546dd2,"setondemerits",1,3,"Two Bee"
82a8e982-7c0c-4737-91aa-d7cbb7251095,"settee",1,3,"Two Bee"
31916f76-991f-44bc-831d-a27c19de8055,"settle",1,3,"Two Bee"
1ae8b7da-7120-47eb-b876-877c96b04e2d,"seul",1,4,"Three Bee"
c27a7939-fdff-4073-a2f2-0ebf91d836da,"seven",1,3,"Two Bee"
ea13c1a4-4089-4701-b27c-e3a8aa8ee4d9,"seventh",1,2,"One Bee"
fa4e8e54-63e3-455f-b212-ae4a3f32ef4b,"several",1,3,"Two Bee"
9aa48cae-3e8f-4f19-bd60-e8043db88d3e,"severance",1,3,"Two Bee"
01a0720c-0cee-4eb1-adb8-8d1234f25766,"severe",1,3,"Two Bee"
1751d188-cb84-42da-8918-98678fb812ea,"sewage",1,2,"One Bee"
497e55aa-b0b1-4d81-afec-ef083ff651c8,"sewing",1,3,"Two Bee"
c7619e4b-c474-4201-9248-31d928c144b9,"sfax",1,4,"Three Bee"
600906f2-1e2e-4df5-862d-6c1886e30eb3,"sforzando",1,4,"Three Bee"
de09bc92-c774-4033-821b-480c1a1413c7,"shaanxinoun",1,4,"Three Bee"
c000d343-7a04-4448-9cb3-3b4f74a50dd9,"shadow",1,2,"One Bee"
570aa798-3050-4b92-bfe2-ca11ee82f1dc,"shaggy",1,2,"One Bee"
1d58e3ab-0635-42f2-a014-7c35a35b89fb,"shakar",1,2,"One Bee"
ac65ed39-2044-4540-834f-d0cdf9445343,"shallow",1,4,"Three Bee"
26abc15a-bb5e-42c9-8966-56823c2bc952,"shaman",1,3,"Two Bee"
293a2e6d-792e-4bcb-8991-7a410f4af97f,"shamanverb",1,2,"One Bee"
f918e431-02be-4816-9670-4fbcf2a36042,"shambles",1,2,"One Bee"
22465d99-23ea-49df-869b-09573d52568f,"shamrock",1,2,"One Bee"
61588b1f-dbee-4bc3-8eb6-011239ba7283,"shanter",1,4,"Three Bee"
0eb2fed3-8834-463c-86a7-ec2a8e4b3cc7,"shaped",1,4,"Three Bee"
02141779-6f72-4ec1-9241-130850406e6a,"shar-pei",null,4,"Three Bee"
dcfe02a3-82b6-4800-984c-8ee78ddea65e,"shares",1,2,"One Bee"
7cd811bc-f736-45cb-b408-bad8475bc372,"shawl",1,3,"Two Bee"
4af0e59f-ccaf-45df-a782-b0f1de3efdd9,"shawwal",1,4,"Three Bee"
ff8f2df9-2ea6-43d0-bc21-c4e95d623da1,"shazam",1,3,"Two Bee"
f3d2af22-6310-42c5-9199-dc0278d80a3e,"sheathed",1,3,"Two Bee"
71056e92-9da7-48db-8b34-13387c4bbf60,"sheaves",1,2,"One Bee"
04320c26-b1ab-49e2-8bd0-b4d34d98f06a,"shebang",1,3,"Two Bee"
9c8a1777-40f0-4792-8b7e-a0c3acf24267,"shedding",1,2,"One Bee"
adf05b98-c60a-4036-a578-322b0b2ea030,"sheepish",1,3,"Two Bee"
ea92df41-031d-4824-a86e-a22ab15a1f4a,"sheesh",1,2,"One Bee"
ad30fe83-1148-479e-83f4-025e58aa1866,"sheetrock",1,3,"Two Bee"
90e59b36-dd81-4007-b149-74768acc9cfe,"sheldrake",1,3,"Two Bee"
34976165-fd75-407d-8a54-c380fbb622f2,"shelter",1,2,"One Bee"
e51bb519-c379-4d94-92de-14fc4fd10b14,"shenandoah",1,3,"Two Bee"
d11a7063-689f-47cb-93ff-7e5c03998608,"shenanigans",1,3,"Two Bee"
30730c7a-2c16-4810-ad19-863b1c5396b5,"shepherd",1,3,"Two Bee"
a606147e-1633-445b-b96d-69f5aa697e83,"sherifftarry",null,3,"Two Bee"
fdfd476c-51a9-4850-83ee-2d58ae900150,"shetland",1,3,"Two Bee"
8235d8c7-9af1-4bda-96a2-6ee6e26a2c99,"shiba",1,4,"Three Bee"
8988b31c-c83f-4a81-b47a-1fcea2b28fd0,"shield",1,2,"One Bee"
56e29cbb-b0b9-4008-91e3-b9e084ee6db2,"shieldtiger",1,2,"One Bee"
98f7bf3a-600e-4c8d-953a-b02441795050,"shimmery",1,3,"Two Bee"
42388ea2-5da2-4c35-9273-b319a1be5bc0,"shindig",1,2,"One Bee"
7f0e3d91-86fa-4ffe-bc66-423928a6d012,"shingle",1,3,"Two Bee"
12c86246-2628-4069-866e-a528f2494f6c,"shipping",1,2,"One Bee"
1c3dd734-1c7e-4f7c-b8b7-476177779464,"shirk",1,3,"Two Bee"
0458e816-83aa-449e-bec3-674da5b67e0c,"shoal",1,4,"Three Bee"
9c209bb6-6f36-4184-869d-643c9bba86c6,"shoji",1,3,"Two Bee"
703059d7-7fea-4223-bfdb-f98ba21379ef,"shopaholic",1,2,"One Bee"
97374253-d467-4969-998a-9a286a3d9d2f,"short",1,4,"Three Bee"
3b3b623b-bc45-4850-bfc3-6470c1e3e12f,"short-winged",null,2,"One Bee"
0c5508e8-e1ee-442e-ae0a-7a7d903f4445,"shortfall",1,2,"One Bee"
61700bbc-cc20-4ae0-b02f-732aac4be1d8,"shoulder",1,2,"One Bee"
d1def8e1-b59d-4881-be08-e0eef82c6569,"shouldn",1,2,"One Bee"
5d0c1740-f3fd-4233-a1f7-7b46a6c72c1b,"show",null,3,"Two Bee"
a7f7c1fc-ec4e-4e9f-a1ec-1e6c7254bcb4,"showed",1,2,"One Bee"
d2633b3a-215d-482a-8dd4-a5721db743a4,"shower",1,2,"One Bee"
cc917c85-c68d-48ca-ba3e-471da94634ab,"shrapnel",1,2,"One Bee"
1b6b44df-bfc3-4a6c-bc41-70b1309e0523,"shrike",1,4,"Three Bee"
ad373832-dffe-4d90-bad1-25f0c6239490,"shrimp",1,2,"One Bee"
88db87f2-5431-45bf-a134-9660c281e0c2,"shrine",1,3,"Two Bee"
8f3270f7-32d5-4bc6-ab90-4a69e48b949f,"shrivellimbering",null,3,"Two Bee"
a1a7f303-9f57-4c57-8e70-81fdec7745ac,"shrugged",1,2,"One Bee"
a045ed58-0198-4296-b0f6-b030c2a6ad23,"shruthika",1,2,"One Bee"
e18996d4-0155-4030-9d69-c2e0c6dd5aac,"shubunkin",1,4,"Three Bee"
43f8b428-4336-4be4-8670-6abdaaca2707,"shuffle",1,3,"Two Bee"
48568c93-f3fc-4e5b-b462-a13a85f792f0,"shui",1,4,"Three Bee"
2645be48-9925-412c-90b4-087d86197060,"shutterscorner",null,2,"One Bee"
bcd33eef-6537-4ee9-b292-6667c7ec80d6,"sibilant",1,4,"Three Bee"
c0c6b8ad-fdc6-45cb-8a19-ffd955f0471c,"siblings",1,3,"Two Bee"
179036c4-1a1d-4145-99f4-bbac7f651ad9,"sidekick",1,2,"One Bee"
4210e9e4-87c1-432c-b69c-a7b1a473121d,"sideways",1,2,"One Bee"
5d7f928d-b939-4c8e-b34e-88a2aba3d74a,"sieve",1,3,"Two Bee"
71299491-fa37-481f-bedc-bc6a7e145d51,"sifting",1,3,"Two Bee"
6ba02179-6364-4c32-8cf1-f4f4070fdcd7,"sighed",1,2,"One Bee"
441b8d83-85a2-4bb5-90e3-999909785fe7,"sights",1,2,"One Bee"
df675c04-8297-4c17-8c8c-d65809846872,"signal",1,2,"One Bee"
251770c7-0c8e-4649-be93-88dfe881dc0e,"signatory",1,3,"Two Bee"
feb2a19d-0423-48bb-a55c-fd615c22d6ee,"sikhism",1,4,"Three Bee"
1d6fb3ae-a452-4162-9a05-f272d955a818,"silence",1,3,"Two Bee"
66081e91-abf6-4782-9a7c-7d6ce452011f,"silent",1,2,"One Bee"
79e586c9-c2da-492c-b59f-bb1d9c26ee67,"silhouette",1,3,"Two Bee"
b12de8d7-bacc-4a70-a2b6-8c6d0556439b,"silico",1,4,"Three Bee"
0e061680-d5df-4e38-a770-cff2b48be7de,"silicon",1,4,"Three Bee"
cfbc050e-1b57-43f8-9f24-ba9d4b41c544,"silique",1,4,"Three Bee"
67ff1d0d-19ca-4a2e-a426-cd2382e5e24a,"silk",1,3,"Two Bee"
8af7ab46-836c-4203-b792-594aaff00fcc,"silver",1,2,"One Bee"
e1437140-97c4-4f3b-a52d-588a306e3b6d,"similar",1,3,"Two Bee"
55b43f35-3838-4b71-ac7f-cdb9e342b4af,"simmer",1,2,"One Bee"
afc0cad3-42db-45e4-b606-3d8bc370cb70,"simpatico",1,3,"Two Bee"
0cf0076c-fe82-4c61-b774-43497b4bbb71,"simple",1,2,"One Bee"
0ec7e175-8894-4954-ad00-5b0186d646c1,"simplicity",1,3,"Two Bee"
372b9680-1ac7-4ea9-a81a-73a6ded51b56,"simulacrum",1,4,"Three Bee"
ce7258f4-ccf0-4e62-9695-36735e85a53d,"simultaneity",1,3,"Two Bee"
b1072bc1-d36a-4737-8279-c2e384a75058,"simultaneously",1,5,"Three Bee"
6bd44586-defd-46b2-b6b3-e1f4d6ab5053,"sinai",1,4,"Three Bee"
55809f5a-c4cc-4732-b2ad-85d01390f978,"sinciput",1,4,"Three Bee"
491b1178-46c9-44c9-b42c-a56d8f8f5f31,"singapore",1,4,"Three Bee"
b3bc2222-70b9-4419-bcfa-5df8333901a3,"singing",1,4,"Three Bee"
d26ed635-e304-450c-b2ea-c2d02b268c4d,"single",1,2,"One Bee"
facd3a07-86a0-4c18-965f-5b4e1992dd38,"singultus",1,3,"Two Bee"
2a4fbc66-f092-4fe4-8418-d78e90ab0bab,"sinister",1,3,"Two Bee"
840f4c97-17d7-49cf-9cac-f42014476c90,"sinophile",1,5,"Three Bee"
c60f1a9b-536e-419f-9542-d2fcfb2ee128,"sinuously",1,4,"Three Bee"
b5aaee03-2651-42b3-9437-bb8f2ba33ef3,"siotetro",null,4,"Three Bee"
98dedf41-c664-420c-a0d9-4b64b2e40f6c,"sioux",1,4,"Three Bee"
2103ee2d-97a7-4242-9edf-13812ebff037,"sir",null,1,"One Bee"
f65ddbf1-f0fd-418f-b872-1ac2f2c1ad35,"sirenian",1,3,"Two Bee"
24cb20f7-5dba-433f-b2cc-8a9fd0f25d9e,"sirius",1,3,"Two Bee"
10a077b3-6bc8-4e68-8395-54a87ac72d08,"sirjana",1,2,"One Bee"
4501ec31-1572-409b-8aeb-3a091f3f3320,"sirloindeodorant",1,2,"One Bee"
dff187ef-9a98-4e5c-a848-574ceee208b1,"sister",1,2,"One Bee"
3e825461-fc9a-41a8-8029-6da35b325a34,"sit",null,1,"One Bee"
1c533fea-22d8-4eb8-a3c3-5f9366328abb,"sitcom",1,3,"Two Bee"
be72c2b4-3051-4d6c-9ead-8963b518df6f,"situation",1,2,"One Bee"
2d3eb9d2-2e01-4845-bc2d-e1a332e195ab,"skaamoogs",1,4,"Three Bee"
ef4e00f0-42d6-4bb1-bd7d-a61ea7650e0a,"skateboard",1,2,"One Bee"
54c044fd-763e-439d-8a5d-dc823015f07e,"skedaddle",1,2,"One Bee"
1681a719-9b87-46fc-9421-c022f355d2a1,"skeltonic",1,4,"Three Bee"
c48a8107-bbf9-46ed-8a34-a4de7ebab83c,"skeptical",1,3,"Two Bee"
a97e6fdb-ac20-4df8-bdf6-af95ef959ec4,"skerrick",1,4,"Three Bee"
7709e4a8-51bc-4e0b-81ed-d028f3375a9c,"skerricksmriti",1,5,"Three Bee"
d5bfa9e7-812f-4781-8c1c-fca25e38724c,"sketch",1,2,"One Bee"
f842f64d-e775-4630-a382-e3de48b08b9e,"skeuomorph",1,5,"Three Bee"
8688e69a-bdf7-4d74-bce1-9f461df38976,"skidded",1,3,"Two Bee"
1f4a5753-6fbf-44b0-8976-7db38cc62b34,"skiff",1,4,"Three Bee"
7b363b8f-ef36-4edf-bec3-5b6337ffb930,"skiing",1,2,"One Bee"
030f49cc-dde3-46ba-acfc-ec1285a40bd1,"skimmed",1,2,"One Bee"
6f08cbf9-565f-4a46-86a6-238d07334a8c,"skipped",1,2,"One Bee"
e43b5c20-d00f-4501-83e4-44cf5f6db113,"skirmish",1,2,"One Bee"
0da0f755-08eb-4927-b058-3d2c5c166108,"skydiving",1,2,"One Bee"
96d6633c-275d-4a46-bf7d-d3a0187c0fd6,"slakes",1,4,"Three Bee"
35b86d72-65f0-4d2c-86bd-40dd60ccaeda,"slalom",1,3,"Two Bee"
382e5d5a-a542-4b68-aa39-12d1089fdc5b,"slate",1,3,"Two Bee"
2e35ed58-5244-4e00-8c0e-97a851765a02,"slather",1,3,"Two Bee"
4cd61cd8-cb89-4052-bf12-2186bf8e6529,"sleepy",1,2,"One Bee"
d7d61cc9-a9bc-46ad-bf6a-4bd9b68d3d2f,"slender",1,2,"One Bee"
4719314b-5123-4ff7-91d0-484c7ffc5fda,"sliced",1,2,"One Bee"
575b6451-1bc3-4eb7-90df-facb2578ce04,"slippery",1,3,"Two Bee"
87dde1f4-8604-41eb-a548-2918699eeaa5,"slipshod",1,2,"One Bee"
35738807-ffbd-448f-91d6-9a8ea59cc8da,"slither",1,2,"One Bee"
fa4bed85-4f16-493d-965b-0fc0e42e29cd,"slivers",1,3,"Two Bee"
efd70633-2611-4b4c-98bb-5f685a864203,"slogan",1,2,"One Bee"
596bb367-3a5e-4325-863c-afd6e8d6fe8a,"slouch",1,3,"Two Bee"
6b31ffb0-4aef-4d41-afd4-db3b612207db,"slovenly",1,4,"Three Bee"
8da56bf9-1692-454d-a5ec-e81987525b79,"sluggardbedlam",1,2,"One Bee"
4b1c4d92-66cb-4126-ad3e-b9ab0905b7fe,"slumgullion",1,3,"Two Bee"
c3a50fe5-a3eb-4775-8f01-759080daebb6,"slumped",1,2,"One Bee"
4e3a4a03-6153-420a-a6bd-7712c04547d0,"slurry",1,2,"One Bee"
4905c845-2c94-497d-8767-2f89cd5cf897,"slush",1,3,"Two Bee"
67a00500-5c92-42d8-ae60-2d6b16584bae,"small",1,4,"Three Bee"
e7f4e35e-2535-4a5d-aae4-5f4fe34475f7,"smaller",1,2,"One Bee"
2d223961-dd60-4e6b-a33f-fdd4ab33d4d8,"smattering",1,4,"Three Bee"
602e79f7-6e9e-4cad-8f0c-63fc8832a64e,"smellfungus",1,3,"Two Bee"
3d12a61e-4b41-4071-bee2-15504aa76af8,"smelters",1,4,"Three Bee"
20672f57-7014-4b53-9a38-c8ccf6fb95ed,"smiled",1,2,"One Bee"
d187f79f-8b32-417c-a4c0-334e7a4d83be,"smirk",1,3,"Two Bee"
091e0baf-d234-45af-9703-c63d2417ff5b,"smite",1,4,"Three Bee"
10d365a1-4917-4161-8722-ffd1d95551c0,"smithereens",1,3,"Two Bee"
7a681f2c-7679-4672-b025-9bd0bcf1dc96,"smithereenscurator",1,3,"Two Bee"
3bd33315-6637-47fd-95ea-13e6b199137a,"smock",1,3,"Two Bee"
ea177093-8298-441d-bf7c-2fa5d081ea63,"smoldering",1,4,"Three Bee"
4d6adc16-8808-4aa7-afe4-33a35ce18c86,"smooshed",1,3,"Two Bee"
d4ebe6e5-5fdc-4c70-83df-9c3054e0d158,"smooth",1,2,"One Bee"
00305897-56da-40e9-b43c-4df5fce25e52,"smoother",1,2,"One Bee"
945c984e-5c85-44d2-b499-800e008368c0,"smorgasbord",1,3,"Two Bee"
7ae3f88e-c963-4af2-b3dd-150fe22187e2,"smouldering",1,4,"Three Bee"
1d2e5565-ee72-46e5-956e-0feb4c2fa85a,"smriti",1,4,"Three Bee"
1c53dbe3-e19d-43c0-ac4b-ba1f709176fa,"smrti",1,4,"Three Bee"
773b2340-c8bb-48bb-820f-ce3257019e67,"smudge",1,3,"Two Bee"
1ab880dd-fcfb-48c5-af93-1cbbe9fb9e49,"snazzy",1,2,"One Bee"
e9cdfd5d-7bef-46e4-901a-0cef5fd755b7,"sneer",1,3,"Two Bee"
6d43bdcc-ffbe-4f5c-9250-384361f90ae4,"snell",1,3,"Two Bee"
e3d8164b-e5ef-46ed-ac6a-32f8d3e1bb63,"sniffle",1,2,"One Bee"
1c0ddb2d-ae01-4f5d-9123-14cf84ffa5bc,"snippet",1,2,"One Bee"
d6318fd7-584a-4aac-85fd-bfc9a1a61665,"snitch",1,2,"One Bee"
ce4dc28c-697a-4907-810b-06b17b13bc89,"snivel",1,4,"Three Bee"
f598958d-0eba-44e1-ba01-b87a04b31fc1,"snooty",1,3,"Two Bee"
4dcf4a4d-8ac8-404a-85fe-772557e298d9,"snorkels",1,3,"Two Bee"
1ee3242e-aea0-4eff-baa7-2478c41a169c,"snout",1,3,"Two Bee"
4eb537ba-f19f-4523-9cf4-e9356bc2dd5e,"sobersides",1,3,"Two Bee"
7835b854-6a0f-421b-adde-74945ebfc4a8,"sobriety",1,3,"Two Bee"
e4e4def4-8683-47d8-8ba6-b47ab28dec36,"social",1,2,"One Bee"
8ace25ec-b5ea-4273-9fb1-d68f59c09a1b,"societal",1,4,"Three Bee"
b7a9bd51-c940-4b7f-b6ac-cdbbbecbea01,"sockets",1,3,"Two Bee"
ae5b5917-f64d-4923-8ac1-4c08c05303dd,"sodaseal",1,2,"One Bee"
96b52490-cd41-446d-b203-c8835e97198c,"sodden",1,2,"One Bee"
1af0d85e-1ac8-48c4-ad8e-983dbff0ece7,"sodium",1,2,"One Bee"
806418ed-15a6-4fd4-a2c5-61e4c69b12a3,"softly",1,2,"One Bee"
3bd98eb2-4f41-4f63-bf91-cd5a62e92599,"software",1,2,"One Bee"
bbff84d7-0a76-4834-927f-680a5840534e,"soiree",1,3,"Two Bee"
935eac5e-bceb-4651-83ce-50241f26c689,"soirée",1,2,"One Bee"
6e79feba-d7dc-4aa8-ae4c-f25189725362,"sojourner",1,4,"Three Bee"
5ec48369-8ff8-427d-8354-7ea8481b2688,"solace",1,4,"Three Bee"
a8a2d00f-b6d6-4b55-ab02-77ce8e968e6a,"solar",1,3,"Two Bee"
b4622adf-b284-4f10-a8e2-179a75886c1d,"solder",1,3,"Two Bee"
1abb0608-4051-413a-9b73-3a868504a1d5,"solderinterim",null,3,"Two Bee"
9cdc31b2-75a4-4c28-91a8-bcde68818262,"soldier",1,3,"Two Bee"
3e891ef6-a056-42b3-a364-7d4ff4ecc710,"soldiers",1,4,"Three Bee"
65f87d61-d407-421d-bdb2-114dd188b00a,"solecism",1,4,"Three Bee"
52ad2ffe-8519-4016-9e06-dcfaf125c9c4,"soleil",1,4,"Three Bee"
acc32754-6e4b-404d-bd79-56a487f25bfb,"solemnzealous",1,3,"Two Bee"
b0a90b41-2d04-452b-883a-b78f21483f25,"solenoid",1,4,"Three Bee"
26026ff8-f145-45b1-9986-adaf5209426f,"solicit",1,4,"Three Bee"
4631711d-a3c0-4be8-baa1-df0b2d91c3e2,"solicitsolidity",1,2,"One Bee"
83219af8-a615-41e3-b46e-d405f7523e76,"solidity",1,4,"Three Bee"
a19b317a-8c0e-4da0-a401-10d9b4d79453,"solipsist",1,4,"Three Bee"
9bb59335-8f13-4bef-8ff2-3dec192f9e11,"solitaire",1,3,"Two Bee"
47138820-4f15-455c-a45d-797a021ae926,"solitairedishevel",null,3,"Two Bee"
4e3c72e8-bf84-47a2-980a-277a99925ea0,"solitude",1,2,"One Bee"
0bbe5d2e-f27b-419f-9fb8-0968058bc4cf,"solitudeoptician",1,2,"One Bee"
06f90762-e735-42c6-9b79-763f7d07228c,"solomon",1,2,"One Bee"
3caee83a-fdaa-40d7-b319-49491df2b0ae,"solon",1,3,"Two Bee"
491339f5-f678-4194-aa88-0051ee32a49b,"solstice",1,2,"One Bee"
67110a04-153e-400e-97af-dbbd62da8c87,"solution",1,2,"One Bee"
b9533d67-e229-4d4c-8079-79cc5502aea2,"solvency",1,2,"One Bee"
3cdee2a8-b166-43f9-ae3c-6feefba5575e,"solvencysoprano",1,5,"Three Bee"
42bcff4b-3827-4895-9111-0c89b8347f51,"somatotype",1,3,"Two Bee"
0a983b38-4a9c-47f5-bfbd-c0d211fc4813,"somber",1,3,"Two Bee"
d3b0e112-4a70-46e9-8bc3-c8e86fe9b8d0,"sombre",1,3,"Two Bee"
1bf4a528-cd1f-4735-95d8-cee211dbc57b,"someone",1,4,"Three Bee"
5f0fac76-afbb-405b-816f-c1f80159225c,"something",1,3,"Two Bee"
3e8bd7cf-fd51-4033-af6d-070364797441,"sometime",1,2,"One Bee"
0d54ec93-32ac-4bcb-bc2f-5861d02d6895,"sometimes",1,3,"Two Bee"
0428cf58-3008-403d-a28f-686153301059,"sommelier",1,4,"Three Bee"
a551400d-4e82-4450-9824-ae285c759b70,"somniloquy",1,3,"Two Bee"
03ebe23b-36ad-4c28-ae1a-54fc43f33474,"somnolent",1,4,"Three Bee"
c6ed39f3-d57b-4070-8dee-8763bb89004b,"son",null,1,"One Bee"
0ffb43ad-4858-4b0e-bc4e-1cc439d28816,"songbird",1,4,"Three Bee"
742defb2-56a0-4fdd-9696-683a17f95049,"soothsayer",1,3,"Two Bee"
0b0326aa-b11e-4102-aaa9-45de7f0b97d4,"sopapilla",1,4,"Three Bee"
f0be859c-9865-46c7-85d4-79c62d29de1b,"sophisticated",1,3,"Two Bee"
cf56fabc-8189-4234-910c-fdc9aa1d4e91,"sophomoric",1,3,"Two Bee"
bb568e84-70b3-4a4c-aa66-d3d67a61e8e5,"soporific",1,3,"Two Bee"
afefb0a8-643d-4cc2-91dc-264d0bf8a855,"soppiness",1,3,"Two Bee"
c89a0972-b25b-4f58-ac7a-643e633fd6bd,"soprano",1,3,"Two Bee"
cc376705-1fb4-4637-a484-32fc71b3bc89,"sorbet",1,2,"One Bee"
2d6ecfd7-eb4b-436a-b07c-c7e82b622c3e,"sorghum",1,5,"Three Bee"
0b2a378b-a8d5-4873-ae51-48cc92e01bb2,"sororal",1,4,"Three Bee"
0bde72cb-4bcc-4fc7-b234-0cf6dee9c0fc,"sororalepideictic",1,5,"Three Bee"
5831b4eb-c03b-4e1b-858c-8b4a28ce97b9,"sorrel",1,4,"Three Bee"
7621d682-2d24-4299-b199-4d6ea2ad27e1,"sortition",1,3,"Two Bee"
5320ea54-44cb-472a-8e50-930ea1b061fa,"sostenuto",1,4,"Three Bee"
a339212b-6019-4983-83d3-6bfe8b82071c,"sotto",1,4,"Three Bee"
706e4d4b-a28b-4bec-8384-bf826152a989,"souchong",1,4,"Three Bee"
b45f74f4-a268-40af-af15-9d7aa93ae47c,"sound",1,4,"Three Bee"
c4e81e18-a2ee-484f-98bd-d6e4596019bd,"soundboard",1,4,"Three Bee"
8c83dabe-2847-4323-8b30-eb6f08e7a179,"sounded",1,2,"One Bee"
db483619-7b7a-4294-a08b-bf2861f73d90,"sounds",1,2,"One Bee"
5caa9026-a375-458d-acd1-46a737c7e7cb,"soupçon",1,2,"One Bee"
07d67bb9-0e2b-4ab6-adb7-ad9ffdb243cf,"source",1,2,"One Bee"
9319660d-7d61-4590-b623-df91e38a601e,"sourcrout",1,3,"Two Bee"
1f52867f-98b5-4603-a408-ba938279af2c,"souris",1,2,"One Bee"
e9284394-530b-4f8f-8c5f-2d8d4e7c36e0,"sourisadjective",1,2,"One Bee"
c638fd06-f251-4a7f-9709-638a430f0f60,"sourkrout",1,3,"Two Bee"
b090c46f-e5a3-4ac3-baea-c2589327821d,"sourly",1,2,"One Bee"
22222032-beed-4883-967a-0ae58348a983,"sous",1,4,"Three Bee"
dc117cca-08d6-4813-aad7-98b1e414e1d1,"sousaphone",1,3,"Two Bee"
fe0273d3-46e6-43ff-b23d-1e0e1781f5bb,"souterrain",1,4,"Three Bee"
3f4bf88d-e5eb-4eee-8963-4a60e0688a66,"southern",1,2,"One Bee"
390333fc-ffdf-43e8-9e22-6575e6b99ba4,"southwest",1,4,"Three Bee"
84e969c1-1277-421d-b248-9748fd65639f,"southwestern",1,3,"Two Bee"
ddcf25b8-b8b6-43cf-b7ae-1e95b00d9de8,"spaces",1,2,"One Bee"
40753052-9e87-4ae4-9a64-ea885cbe745e,"spacious",1,3,"Two Bee"
03541ec9-de25-40f9-85c4-686f7c952920,"spading",1,3,"Two Bee"
43cd1f9c-425f-4ad9-9855-8dada1a50a22,"spandau",1,4,"Three Bee"
5d5d2334-90df-4b11-8347-c2ec4cbf5b26,"spangled",1,2,"One Bee"
33ffedab-bae1-4e04-9b9a-9471d3091a2d,"spaniel",1,3,"Two Bee"
f7dc1f47-99ac-4c86-af87-51b63fbeb4de,"spanielthemed",1,3,"Two Bee"
f012efa0-204f-4998-9e23-966c88dafab1,"spanish",1,4,"Three Bee"
1967dc00-a824-436c-ae2c-f4a7e9061a11,"sparkle",1,2,"One Bee"
145a3967-c351-4e3c-ac2e-ecf78a4380d6,"sparrow",null,3,"Two Bee"
a88b315a-ecd5-48a4-a7a7-2a4553520b67,"spasmodic",1,3,"Two Bee"
8637b0c4-b36c-4e9e-a990-8c49a95d631f,"spathe",1,3,"Two Bee"
e69d50c2-7923-4e22-afb9-008b17ff8325,"spatula",1,2,"One Bee"
83c177b0-de45-46d3-88ea-2bb029eaff61,"spawned",1,4,"Three Bee"
f046785a-82d8-427d-9a85-598db7c41cc5,"special",1,2,"One Bee"
2ce8d177-2700-4cd6-8a55-514b5d3b017c,"specialist",1,2,"One Bee"
f26574dd-3bc5-42fa-a1dc-b26badc0fbc6,"speciation",1,3,"Two Bee"
b00ef918-7312-499e-ba91-96273100cac3,"species",1,2,"One Bee"
a6122613-fe78-4401-a491-ba8c06f8a5d6,"specifically",1,2,"One Bee"
8ee6dd8f-e56e-4dc9-ba64-d5b06b1ccb5a,"specificity",1,2,"One Bee"
ead703f7-1b39-4131-829d-7ec12ef0e808,"specimen",1,3,"Two Bee"
ab5d3d11-96f2-4a85-b780-42cbb9da35ca,"specious",1,3,"Two Bee"
7991b4d2-fd3f-47da-a59a-585f8b3452e5,"speckled",1,3,"Two Bee"
819f464b-2b75-4b8c-9286-1cce4e481b6f,"spectacles",1,3,"Two Bee"
458c19f3-72b3-4f4f-86af-d9e4827b0c1b,"spectral",1,2,"One Bee"
10716515-d5ca-40de-9ae8-f7c407bef6bf,"spectrometer",1,3,"Two Bee"
dfb48864-e4ce-4d6b-93c7-534d0717e209,"spectrum",1,2,"One Bee"
079b04fb-4a58-4f42-a957-37812152cdbd,"speculate",1,4,"Three Bee"
c1a7f812-ce2b-4ce5-9736-84915d942787,"speech",1,2,"One Bee"
2a3009dc-303e-4226-8ccb-de1e089b33ff,"speleothemeuripus",1,5,"Three Bee"
20afb0d8-c379-4ffa-8a3e-201bd5da5057,"spellbound",1,3,"Two Bee"
16731f32-1044-4ad6-a7c3-03ef0c0108d5,"spellebrity",1,3,"Two Bee"
d600011b-ac5b-4324-821c-eb2303d9b41c,"spelled",1,2,"One Bee"
1459c843-a03b-489f-a3b9-a5310c552750,"speller",1,2,"One Bee"
bb9cd976-19f5-4a54-936b-8a54cee10c40,"spellers",1,2,"One Bee"
7ae37340-53f7-4317-8294-a807e7d040b0,"spelling",null,3,"Two Bee"
7cfb6c83-32e0-4337-a2fa-ea47ca6a8ad0,"spellingacharya",1,3,"Two Bee"
60858b81-0dcf-47c5-afaf-3e7fcd9f4713,"spellingadage",1,3,"Two Bee"
8f983dab-d113-4f6c-9aba-0758c3ee7533,"spellingadds",1,2,"One Bee"
3d7e4ef0-c2cf-4609-ac6e-ae4cdbdd2c87,"spellingantsy",1,3,"Two Bee"
760defdc-7c84-4236-a355-176acdc14033,"spellingapostate",1,3,"Two Bee"
b2510876-4d48-490f-9e13-b49cbef9d3d0,"spellingbee",1,2,"One Bee"
d5e9ff0c-f700-4b3d-b4c1-21a49aae2772,"spellingboondoggle",1,3,"Two Bee"
c97df205-dd43-4dd5-8662-02870e26ed06,"spellingcabaret",1,3,"Two Bee"
a71cf07c-5e8e-4a2a-ae16-3b538031ed19,"spellingcaffeine",1,3,"Two Bee"
7f480222-1c27-4071-9d6b-f71b09ce2086,"spellingcleat",1,3,"Two Bee"
3d5f354b-1653-4e43-8258-b2539a4bb7c8,"spellingcomestibles",1,3,"Two Bee"
ce6787a7-0a7e-4f15-b089-5811bd655c84,"spellingcomic",1,3,"Two Bee"
56597031-d0bb-4437-98bc-1ec59dc89ae6,"spellingconch",1,3,"Two Bee"
a0cd9054-e803-4a24-b9cd-73385268b17a,"spellingdifficulty",1,2,"One Bee"
94e61d7d-8ea0-4c48-8c93-d42383b6e0c9,"spellingequivocate",1,3,"Two Bee"
e3de4ac6-a8b0-4f4a-9f5b-57c30b35955f,"spellingeschew",1,3,"Two Bee"
c2391fbb-107a-4a36-922f-fb58e7dd3c52,"spellinggibbous",1,3,"Two Bee"
e3cdb0c1-461c-42d2-925b-24e0388f7694,"spellinggradual",1,2,"One Bee"
60fbf7bc-064b-4f73-99d6-0930dd773542,"spellinghexagonal",1,3,"Two Bee"
9f2b71b9-1d5c-4755-84e9-3930eee7caf0,"spellinghypochondria",1,3,"Two Bee"
72dd12fc-9769-48dc-8222-95c80790f3d3,"spellingingot",1,3,"Two Bee"
4a80cba0-1c1d-4281-8f3c-bf2add794c07,"spellingjocularity",1,3,"Two Bee"
f5279da4-90db-49ca-b4f5-7f6209e19428,"spellingnautilus",1,3,"Two Bee"
97bf974c-0910-42ca-94f0-0e52d2c52114,"spellingpungent",1,3,"Two Bee"
dfcc034f-92e6-4941-9bc7-24d0e10089b6,"spellingsoothsayer",1,3,"Two Bee"
ead285cf-d57e-458a-abdf-c41761ede55e,"spellingspinosity",1,3,"Two Bee"
4c7e93fc-8611-4004-b88c-9a11d9b10a2d,"spellingstupa",1,2,"One Bee"
1ce67d06-afb2-499e-9119-805f22ce662b,"spellingthawed",1,2,"One Bee"
ce88b54a-85bb-4bb1-8876-d0f106cfb3ea,"spelunker",1,2,"One Bee"
4b213321-a424-4d63-8b05-5f33bb7c7d2d,"sphagnum",1,5,"Three Bee"
2c8e5ae4-42de-4a7a-a6e3-7cf75bfe138c,"sphygmometer",1,5,"Three Bee"
8574655a-7ee8-48dd-ae6d-28bf9bbd905a,"spic-and-span",null,3,"Two Bee"
db733b25-54e8-4732-9c2a-f8edc5bf5b92,"spick-and-span",null,3,"Two Bee"
73341792-0cef-4337-90e4-e5388aa4c6d0,"spider",1,2,"One Bee"
129cec35-ec3d-46bf-b843-075ba20897ce,"spiedini",1,4,"Three Bee"
b7ae8351-9ab4-463f-b78a-970474d2c45d,"spikes",1,2,"One Bee"
302d21f0-9188-42e7-8444-db24e6e55a65,"spinal",1,2,"One Bee"
e8692058-250a-47ff-83df-f1549730e2b9,"spindle",1,2,"One Bee"
4aeb8960-3043-4a85-9d2b-e6589c5d6747,"spinosity",1,3,"Two Bee"
e74dd4d6-a479-46f4-9c71-2a347f6a73d8,"spiracle",1,3,"Two Bee"
f34eb292-9e13-4dd7-a3bf-07e133df40d4,"spiracleformica",1,3,"Two Bee"
805eda66-797a-4e7b-bff9-0584d0e3b7a9,"spiral",1,2,"One Bee"
c1c8ea3d-928d-4375-8a71-569dadd2c8cb,"spirit",1,3,"Two Bee"
debe6ee5-5782-42bb-8ac5-dfde10be3fad,"spiritual",1,2,"One Bee"
0c64758a-9d2f-42cf-9061-714b6c18f6cc,"spirulina",1,3,"Two Bee"
00c88760-4c75-4083-a29c-e40c455f0021,"spiteful",1,2,"One Bee"
8140f837-8321-451e-b98a-5790d5096cdb,"splash",1,2,"One Bee"
64f42066-32b7-45a0-a43f-03ebca6617a5,"spleenutensils",1,3,"Two Bee"
49619a52-46ae-4c52-9b13-a7a9fd31a582,"splenetic",1,3,"Two Bee"
416c363d-ec31-4968-988d-e331d383da69,"splurge",1,2,"One Bee"
129be888-6f65-4fd7-a14a-331a8966b842,"splutter",1,3,"Two Bee"
290fc7ed-95dc-441b-b03e-0f03e007872c,"spodumene",1,4,"Three Bee"
ff622b65-4dd1-4d44-8282-171ce9482a90,"spoken",1,3,"Two Bee"
5c343308-6133-4b39-a564-f383bf3d9079,"spondylitis",1,4,"Three Bee"
60f16430-3e69-4ab7-b571-f99dd68586b6,"sponsalia",1,3,"Two Bee"
512ffafd-4e5b-4212-9213-1c31d8a44171,"spontaneity",1,3,"Two Bee"
f7718cc7-89cf-4e9a-8bd7-c2b2615d4bc4,"spoon",1,4,"Three Bee"
875c316e-5256-46a2-8145-2b5213a09e7c,"spoonerism",1,3,"Two Bee"
4b23cd72-bb56-48ed-a259-8c5585961023,"sporadically",1,3,"Two Bee"
02e2e96e-3de9-4538-ae61-8859792fc7af,"sporran",1,4,"Three Bee"
c547d098-3b05-4939-ab54-37a48217a43b,"sports",1,2,"One Bee"
fb602b29-f164-455f-a5f0-e2b4730a3e7e,"sportswear",1,2,"One Bee"
73d30fdb-689e-4c9c-9607-e2664716e2e4,"spotted",1,2,"One Bee"
98a9014b-966a-4a34-a0d9-180db318f6f6,"sprawl",1,3,"Two Bee"
89a933dd-d4e9-4288-b211-3baff39e6bb2,"spread",1,2,"One Bee"
cd95f1bd-6384-481b-9c93-d235bfee1c72,"spreading",1,2,"One Bee"
39ad92e5-b3ac-4e19-a6fe-c6158b9e4d42,"spreadsheet",1,2,"One Bee"
622b5270-efce-40fa-96eb-813dabf70b7d,"sprechstimme",1,5,"Three Bee"
6cb81172-09eb-441c-9a5b-39b0b64450bf,"spree",1,4,"Three Bee"
79aad72d-fa0e-4f3b-ac48-5543bb8ea355,"sprightliness",1,3,"Two Bee"
948aeff4-7ffb-4e92-8320-86eda484e971,"spring",1,2,"One Bee"
4ab4454b-96f7-47e7-9f5a-df5d21c4fbd2,"sprint",1,2,"One Bee"
0b9d70ca-d4d7-4fc3-808d-442279f73be2,"sprite",1,2,"One Bee"
984b90b2-919f-4436-979c-1253480e2584,"spritzed",1,3,"Two Bee"
c891a379-a3f5-4e4b-be31-cff958fb6736,"sprocket",1,4,"Three Bee"
936bef24-920d-46e6-939a-3fdb104d3000,"sprue",1,3,"Two Bee"
bac68225-b921-42d4-a587-e83a09854437,"sprung",null,2,"One Bee"
6c87082d-f9e7-4e2c-ac8f-05eca2a8294f,"spurious",1,3,"Two Bee"
ab8febc3-2095-49eb-8991-5b786e43fec8,"spying",1,2,"One Bee"
30a64d22-1abc-4980-ab89-4435eed6b5b9,"squabble",1,2,"One Bee"
2c460b2f-5966-4422-81c0-de44dbec46e3,"squabblingscuba",1,3,"Two Bee"
f72455b3-b0dd-4f4b-b768-2bcc434e3956,"squadron",1,4,"Three Bee"
29082a97-0815-42a2-98b8-e2b2e86f64d7,"squalid",1,3,"Two Bee"
f10f8a72-5494-45eb-9c70-14f471997058,"squall",1,2,"One Bee"
991e1a51-83f2-4006-b6c5-32a8f40a720e,"squander",1,3,"Two Bee"
abc536c7-f70f-4943-9487-0cc6e36fedfd,"square",1,2,"One Bee"
c090b0e6-6c6d-48cb-b537-5e38215861c1,"squash",1,3,"Two Bee"
14561da5-6beb-448d-93fa-34c2eb7b017f,"squawk",1,3,"Two Bee"
6ea77369-6ed4-4a71-96ac-1a7277b84f96,"squawl",1,2,"One Bee"
99c6cdb1-6aaa-43e5-85c8-cd68ecc28d15,"squeak",1,2,"One Bee"
763d8ed1-0b65-40d0-bb2b-9422d569367f,"squeal",1,4,"Three Bee"
1882740a-7e5a-43b0-b38e-e4cc75f24627,"squeamish",1,2,"One Bee"
88f810f1-70c9-4bf3-8850-3b3a7420a9ea,"squeeze",1,2,"One Bee"
b4742d20-4497-445c-84a1-cbbaa3ce01a1,"squid",1,3,"Two Bee"
6e89d614-0c61-4db0-ab60-de2711c93154,"squiggles",1,2,"One Bee"
2d50846d-e0f8-4317-a365-1ed3085701f4,"squinched",1,3,"Two Bee"
5f08068d-855f-4d32-9329-cc36137f8b55,"squints",1,3,"Two Bee"
80550138-a845-40e3-938c-82894b525d10,"squire",1,3,"Two Bee"
39744f64-fde4-410d-bcb7-6031927695d6,"squirm",1,2,"One Bee"
6019878b-bade-40cb-8f52-91b3704e1487,"sravaka",1,4,"Three Bee"
71dafb42-710f-411c-a0f1-34e83998329d,"sreethan",1,2,"One Bee"
87d5fdea-f630-481f-9a1c-cc9c4d5ae4d1,"stabilized",1,2,"One Bee"
0b3141c8-3a2a-41dc-bd68-17107587030e,"stagecoach",1,3,"Two Bee"
f3abefdf-40f3-46b1-b023-f6115b043f37,"stagestruck",1,2,"One Bee"
ca5e0cba-9c70-4c4d-966c-66e14f048588,"stagflation",1,3,"Two Bee"
854d7759-63ba-49e6-9b48-4d4dc449f2e7,"staggered",1,3,"Two Bee"
54f9a865-4ef4-41d6-b79b-ffb5a4e4fd60,"staid",1,3,"Two Bee"
1db1660d-0057-4d22-a666-7339b29ec240,"stairs",1,2,"One Bee"
3c4c62b4-399e-4089-920a-40195ebc33b2,"stalagmite",1,4,"Three Bee"
f71360c4-caed-4ba3-8137-6f4f9c57eb2a,"stalemate",1,4,"Three Bee"
878b692e-334e-4823-b47d-4da2e4cdb4b4,"stalwart",1,3,"Two Bee"
0d63335c-8525-45b9-94e6-733488e7e267,"stamina",1,2,"One Bee"
83ebe584-edaf-44f3-9af9-dfc1b9d5c00a,"stampede",1,2,"One Bee"
a2a5c04e-c675-418b-8c11-078e676f7c65,"stamping",1,4,"Three Bee"
87459f65-0637-4a20-8d9b-8abcdff05844,"stance",1,2,"One Bee"
776e4072-162d-4fdb-a07f-787796708e92,"stanchion",1,3,"Two Bee"
24f472fb-060f-4320-8cdb-3274977f3451,"standard",1,3,"Two Bee"
4169a5a8-ee22-421e-873d-fdfb0a045b19,"standee",1,2,"One Bee"
b1a9a3e1-5544-4339-9ff2-be555fad45e7,"stands",1,2,"One Bee"
f6c3d9c6-cb25-4a18-907b-9aca14636aa9,"stannum",1,4,"Three Bee"
20659317-ad89-4e9e-ace0-f9eb18721659,"stanzaic",1,3,"Two Bee"
9231206b-7a87-4079-a4e2-054df0022027,"starboard",1,4,"Three Bee"
9008da8d-e879-4687-b233-b826ec3cf5e4,"stared",1,2,"One Bee"
78125367-df07-4dd9-8b52-a304b1ff4e24,"started",1,2,"One Bee"
c36e9d2a-95d3-4ea8-84b0-c4fed40c867f,"starting",1,2,"One Bee"
8b2fde87-b4e6-410b-b8b3-482adbde3d78,"starts",1,2,"One Bee"
bd634268-14a8-4f28-add9-02f019ec1a54,"starvation",1,3,"Two Bee"
7c12f8db-fd05-42a0-91a9-cb1599511291,"state",null,1,"One Bee"
0ca58ed4-8e80-4b36-917a-eac9c41992e6,"states",1,2,"One Bee"
cac96e2a-0d52-431f-a318-15f25649040d,"static",1,3,"Two Bee"
e13d4f1b-ec93-4726-bbb2-ca596748ba4d,"station",1,3,"Two Bee"
c02b694a-df55-4176-a07a-153f9a484dd5,"stations",1,2,"One Bee"
bb2782f8-5d57-4de8-889f-0d13584b783a,"statistician",1,3,"Two Bee"
4087b2f7-2b7e-4feb-9130-5408b536e02f,"statuesque",1,3,"Two Bee"
20be42d7-3f20-4aed-834d-295785798728,"statuesquestatusy",1,3,"Two Bee"
0647b37c-adf1-4872-a325-19974cad4c55,"statusy",1,3,"Two Bee"
491675b3-fc7d-4a62-a098-43dfc912b7ee,"steady",1,2,"One Bee"
f5dc808f-d7fe-4ecb-b726-e05980476da7,"stealthily",1,4,"Three Bee"
fa12a676-6af4-40ab-b6d5-7215e6bcbc3d,"steampunk",1,2,"One Bee"
ac739cf6-f8c7-4446-a2b6-434e8ed8d959,"steeds",1,4,"Three Bee"
ee805799-fe99-4bb5-8c6d-d61558f35aad,"steenkirk",1,3,"Two Bee"
a52b8a8c-4618-4738-bc6b-0e3a140dab9a,"steeped",1,4,"Three Bee"
6ce9de08-dec2-498d-b198-ebc9e711f37a,"steeplechasing",1,5,"Three Bee"
310ee160-ee47-4706-87bf-ee71ae73170a,"steeve",1,3,"Two Bee"
88f9a6b2-9a2a-426e-88af-16467338349a,"stegosaur",1,3,"Two Bee"
6359c196-00f6-4321-82a1-8eb2d86a4e12,"steinkirk",1,3,"Two Bee"
8b0e407a-8873-4670-bf94-4a8e76d6382b,"stellular",1,3,"Two Bee"
c6756dab-b443-4484-8812-2591fe28f2b7,"stench",1,2,"One Bee"
4c58da4b-2e23-4d07-8c0f-f0d6926793c1,"stencil",1,2,"One Bee"
01a36db5-f5cb-4a43-a346-f4b1c7680ebf,"stenographer",1,3,"Two Bee"
baddbbc7-276d-499e-9267-eff6b296d095,"stentorian",1,3,"Two Bee"
6a99368d-f954-430f-ac91-d350c95c9349,"step",1,4,"Three Bee"
22f8b46f-ac61-4a76-923a-63022596de10,"steppe",1,3,"Two Bee"
18225b88-f0df-4cf6-9a6c-1dfebd6174dc,"stereotypical",1,2,"One Bee"
8873cae6-7667-4e2c-b244-09642f648fa7,"sterling",1,2,"One Bee"
94b1a3a4-3e46-4ed5-9a47-dd3e423a9535,"sternum",1,2,"One Bee"
50767627-cef9-4c0c-9e93-3078d22bf6d5,"sternutation",1,3,"Two Bee"
95136413-c3a0-4d89-9a54-e007cdc4d4ec,"steroid",1,4,"Three Bee"
d1976ac5-8aa2-4563-98c9-f8c82b96035c,"stevedore",1,4,"Three Bee"
ec2d0d84-62b7-47f5-8630-6f3c20bf5e31,"stevia",1,3,"Two Bee"
f092dddc-fedd-4e41-bfbe-1f3c839a0a5b,"steward",1,2,"One Bee"
dd0aea37-3e87-4698-a617-3a56b365f34a,"stewardship",1,2,"One Bee"
9e5bee52-84d3-45fe-a19d-634f8178a9cf,"sticky",1,2,"One Bee"
d9461061-2aba-4212-bc3f-a958177fa652,"stifle",1,3,"Two Bee"
e2e9ad93-a5b1-4c8e-b35f-eb3af330ffb2,"stigmata",1,3,"Two Bee"
cfe19b22-9d2b-4229-9758-fa8e77fb01f8,"stilton",1,3,"Two Bee"
64d5547b-f683-4a10-9744-097ca05fea67,"stimuli",1,3,"Two Bee"
48da77f5-1833-4dd6-a0f2-0a94b5c7a572,"stinky",1,2,"One Bee"
791f146f-7e6c-4311-baea-e85490b33576,"stipulate",1,3,"Two Bee"
68ffa8ea-22d4-4eb0-bb19-4a7cc87ef34f,"stirrups",1,4,"Three Bee"
bbdf1a1e-54bb-4e8e-a9e1-d08353fd9d51,"stitcher",1,2,"One Bee"
954928de-7a99-40c6-b791-cbbd684f29ba,"stitchery",1,3,"Two Bee"
4d8d8f08-6e42-414b-8602-10264c993848,"sto",null,4,"Three Bee"
940b9746-de15-4eb1-a990-a515769414a4,"stoats",1,3,"Two Bee"
43817245-a1d3-4bc0-b882-d34c854be6e6,"stockade",1,4,"Three Bee"
44b95bc1-726b-4f07-8fed-65ff237e8724,"stocky",1,4,"Three Bee"
4e965fb2-d3a0-4b36-be6b-f8df307dab61,"stomach",1,2,"One Bee"
d4784ae1-70c2-4aa6-a0ea-44498c04963f,"stones",1,4,"Three Bee"
3b7035c6-97c8-4af1-bb69-6f5b92401363,"stood",1,4,"Three Bee"
84461c9e-f57b-49c0-8762-9719082f342f,"stopped",1,2,"One Bee"
e4b5438b-23f1-4448-b901-b1e575800097,"storied",1,2,"One Bee"
63aed9db-2a3d-4f99-8c89-a9ba678e82e7,"stories",1,2,"One Bee"
c8cde64d-ddc1-4946-b9b3-5e2e6878fe48,"stormmince",1,2,"One Bee"
d7c3211b-53dd-4b14-a4f5-521e33ad3665,"stowaway",1,2,"One Bee"
9a237c28-b70d-41e9-bea2-ebb7532bb604,"stradivarius",1,5,"Three Bee"
688032af-2dac-4c11-af7b-df6547efbb1c,"straight",1,5,"Three Bee"
255d70aa-9183-402a-bc49-3aeda8c638a1,"straightforward",1,5,"Three Bee"
30a0b6f1-1014-4e29-84ba-5667f86fc80d,"strain",1,4,"Three Bee"
1833b033-580a-4c24-b856-cb2e5b5f7f6a,"strait",1,3,"Two Bee"
68ee4803-1878-4bb3-bb5f-2ecfcbbb75e5,"strands",1,2,"One Bee"
0116a5e1-037d-4b5b-b3a8-0bfd0a100124,"strange",1,2,"One Bee"
73cd17c3-9463-4607-b529-6dc9d7a13920,"straps",1,2,"One Bee"
b76541fb-e1b6-42e2-8307-3ffb9655fe78,"stratification",1,3,"Two Bee"
bae71610-860c-40ce-8dde-5f0a5a0c9a7b,"stratocracy",1,3,"Two Bee"
53b2286c-bc2e-4ba1-9b20-80e47c2a3fcf,"stratosphere",1,3,"Two Bee"
d6d9a4e1-d0d8-43b6-b1d8-3eacf7711787,"straydifficulty",1,2,"One Bee"
6a9f16f5-6a82-4aa6-93d2-e188ba306968,"streak",1,2,"One Bee"
a65de906-91a6-4300-815e-70e119c3e673,"streamers",1,3,"Two Bee"
d2fcaf76-db31-42bc-9e3b-572e428e817e,"streamlet",1,3,"Two Bee"
5d468c50-8070-4e82-bb4a-90acd80766c9,"strelitzia",1,4,"Three Bee"
dfb55507-0145-467d-9d25-0b922a57cae0,"strength",1,4,"Three Bee"
270d5086-66b9-455e-8e6e-84410ef7b53a,"strengthen",1,3,"Two Bee"
35b6b3f9-3ec4-44b7-b02d-3d12796017cf,"stress",1,4,"Three Bee"
a58539d2-1af3-45c0-907c-50d1201a7dd8,"stressed",1,4,"Three Bee"
a10533b0-68cc-4092-a1b6-90d042d57e81,"stretcher",1,3,"Two Bee"
62a54ebe-502a-489e-9dd8-90c34be8d870,"stretto",1,4,"Three Bee"
22d4c1ef-0352-4b42-8336-f8c9d6951d3a,"striation",1,3,"Two Bee"
820988d2-64e9-4814-850e-f9e561cc17e4,"stricture",1,3,"Two Bee"
09f16f63-0592-4006-b9ea-fbb0373a8812,"stridency",1,3,"Two Bee"
7a0aa4d6-e3ae-4403-9f3f-3bbde494e024,"strife",1,4,"Three Bee"
6c3aa4b9-422b-4843-accb-d48cd503eebc,"strigolniki",1,4,"Three Bee"
2906431f-d84a-4177-b8de-20863f39411d,"striking",1,4,"Three Bee"
9a109750-f0f5-4dca-a41a-742161839494,"strings",1,3,"Two Bee"
cd1d481d-0c33-485c-a45e-ce6464f72cfe,"strip",1,4,"Three Bee"
c18d2e67-7108-46bf-a545-24e671edcc82,"stroganoff",1,4,"Three Bee"
a8484532-5733-4e29-8541-6fa1a676738c,"stroll",1,3,"Two Bee"
a81aeabd-578c-4b32-ab96-31eaea3902be,"strong",1,2,"One Bee"
c1bf6358-1dcb-4ca4-83f2-41f473c1470b,"structural",1,4,"Three Bee"
64394650-b1bb-4bf5-aa86-968010f57ae9,"strum",1,3,"Two Bee"
9a81b4d0-3b04-4abb-b2cc-5a164e84513c,"struthious",1,4,"Three Bee"
d4ba3931-5613-4b55-8c1a-4cb35450bcbc,"struthiousstupa",1,5,"Three Bee"
4bd559f7-4610-46b7-8e04-e65ebe291155,"strychnine",1,4,"Three Bee"
1056d757-ff7f-4741-a4b8-6780defaf657,"stubble",1,2,"One Bee"
aeb3d59a-f3a5-490e-942b-02a825df9a53,"stubborn",1,3,"Two Bee"
3007d96e-260f-4c7b-a255-2b9adf5bf469,"student",1,4,"Three Bee"
f93c562d-c8c1-41e7-b898-4d47ea4dd006,"students",1,2,"One Bee"
e5ee582e-0b73-4677-9390-10d18807e145,"studied",1,2,"One Bee"
eff06cf2-ca92-4296-99a5-56beb6bfc3de,"studies",1,4,"Three Bee"
7cd000fb-7580-4ffb-9e56-d66aef12df44,"studio",1,2,"One Bee"
13d9dcf5-f0a3-4bb0-829a-108e1043847d,"studying",1,4,"Three Bee"
e13c168d-3310-46fa-a30a-a0e8cba8c119,"stumble",1,3,"Two Bee"
8d3fc82b-6061-42e3-a22b-ce72d4f40f98,"stumped",1,2,"One Bee"
2a84ed40-8d01-4c98-9a09-f30e9ea587de,"stun",1,4,"Three Bee"
4357a0ef-5d48-48f8-a9ef-8b7205886358,"stunts",1,2,"One Bee"
fe1f2f67-b184-456d-ba32-17003d9912e8,"stupa",1,4,"Three Bee"
d540b67d-674d-40ad-83f4-b718e2b7664b,"stupefy",1,2,"One Bee"
b225387f-7d03-4648-979b-975418b94d23,"sturdy",1,2,"One Bee"
15b8d645-bb13-4956-b466-b72dc7bc5068,"sturnine",1,4,"Three Bee"
8478f9fe-f2a3-4ec9-b4bf-b8b99758b9b0,"stuttered",1,2,"One Bee"
c5c9555f-d387-4d97-95ac-f80e2b2ce50e,"stygian",1,4,"Three Bee"
dfaac987-5943-4122-a952-fa77fc5ed29a,"style",1,4,"Three Bee"
e5a30cfb-7408-4aee-8be3-17f7509453a8,"stylistic",1,3,"Two Bee"
065f0a45-18aa-42e3-936f-b585eaa4cd7c,"styptic",1,4,"Three Bee"
fa608388-dc82-41e4-87d6-e22fd96f294c,"styrofoam",1,3,"Two Bee"
e6464113-24c4-49e3-8c76-d96dfe119ac4,"subaltern",1,4,"Three Bee"
abe615b9-529f-4f5e-9870-db3c2a147d4c,"subaqueous",1,3,"Two Bee"
dcf7b872-963f-45b1-8797-7b5895a9edb7,"subaqueousrecusancy",1,3,"Two Bee"
3a38c843-cece-4952-9d4c-a8d5e33b7acd,"subcutaneous",1,3,"Two Bee"
a7dbfbb3-dfe1-40b8-90b7-a5e5fb0ab4f2,"subdued",1,2,"One Bee"
db0f676f-862c-49c6-8bde-bc4ffcba6549,"subjugate",1,3,"Two Bee"
013e65fd-f560-4a2d-b6d4-6bcae45816c9,"subliminal",1,3,"Two Bee"
93c04260-c1ea-439e-af1f-8fe7c84f787a,"subliminalsubluxated",1,3,"Two Bee"
8e23f6da-25a2-4020-8029-8b2743aabe13,"subluxated",1,3,"Two Bee"
66dceac0-1667-4c23-9f85-cff0c9722602,"submerged",1,3,"Two Bee"
db925e22-4c14-4a41-8ce4-498a229ab425,"submersible",1,3,"Two Bee"
2cf6e45a-a43b-4cf9-9412-c0765cbc9b28,"submitted",1,4,"Three Bee"
59a081ef-784c-4c3f-ace3-c0b00ec2849a,"subrident",1,3,"Two Bee"
0802108a-50f4-43e8-93bf-e8036d15f586,"subridentethylene",1,5,"Three Bee"
41510b4e-e48e-4952-ad23-7c49689ecb81,"subsequent",1,3,"Two Bee"
b7293004-9fe8-495d-9d35-b834cbff2eaf,"subservient",1,4,"Three Bee"
3c983663-e596-4fdc-ac27-923f13abc325,"subsidence",1,4,"Three Bee"
ef782912-dd23-4793-8a50-8f710f2b083b,"subsistence",1,3,"Two Bee"
525e187b-ed6b-4b1a-b5cc-f0907758d8de,"substance",1,2,"One Bee"
e8dacd34-463b-49e7-a5b4-7eea45f75377,"substantial",1,4,"Three Bee"
00b861d0-f897-48d0-adef-bf8f8cf22215,"substitute",1,2,"One Bee"
25574aa2-9c44-4756-ad4a-0fd77fc1f863,"substrate",1,3,"Two Bee"
4dbd33d8-b21d-43b4-8da1-939d3871d181,"subterranean",1,3,"Two Bee"
810b817b-d0d5-408a-bf36-4ea57d821f8b,"subtitles",1,3,"Two Bee"
28cd5d45-52b0-44d7-b75f-d18550134dd3,"subtlety",1,3,"Two Bee"
e7ab8154-75b4-4e56-85bb-a097aff9a6a1,"subversive",1,3,"Two Bee"
dcaaf96f-38dd-4695-b5e9-70e74a010a76,"subway",1,2,"One Bee"
590ba0fc-c894-4e0f-a0a2-02e25d812633,"succade",1,4,"Three Bee"
4e970614-4067-4238-820a-745ee021f08f,"succès",1,4,"Three Bee"
f6bd378f-5570-47b9-9cfb-29debf2d2cad,"successful",1,4,"Three Bee"
6b796098-7a2d-4649-8a9b-a64008e49051,"successive",1,3,"Two Bee"
938e89eb-6a9b-4c15-890c-bc45a09e6983,"succinct",1,3,"Two Bee"
57828a62-b78d-443d-a3e8-8f883aa9704f,"succorance",1,4,"Three Bee"
1b31760b-72de-4c75-858b-88d83304bed0,"succourance",1,4,"Three Bee"
03f5368c-a2e8-42cf-a26f-9f58faee2881,"succulent",1,3,"Two Bee"
0845a56e-6305-4c70-918e-093da7c451fc,"succumb",1,3,"Two Bee"
3ba77abb-a8f0-4681-826f-63c37fa762b3,"succussion",1,3,"Two Bee"
b47ca2e0-c1f6-4aba-93e9-1819749a279c,"such",1,4,"Three Bee"
52504aae-607f-4d61-a242-c7f953194de5,"sudation",1,3,"Two Bee"
70070732-10ed-41d3-a8cb-83bbee6543ba,"sudden",1,2,"One Bee"
fce7b08a-0bfa-4154-8418-0ab7e3358cb3,"sudoku",1,3,"Two Bee"
c76ec42c-8e75-404c-a1c6-fbe045ca030b,"sudsy",1,3,"Two Bee"
58778bd6-aece-476f-99e0-f6f7d92dfe8d,"suet",1,3,"Two Bee"
320c75de-4765-4997-bd53-405b77d8be69,"suffer",1,2,"One Bee"
745cdb62-a63e-48e7-9f90-445ee349064d,"suffering",1,4,"Three Bee"
78091481-c51c-4d9f-b8a9-784eb4a92ee4,"suffice",1,4,"Three Bee"
69372589-6b3e-46cf-bf0d-8204689c7f2e,"sufficiency",1,3,"Two Bee"
17225fc9-1fc3-4f46-a34d-2d0d57edaf7e,"suffix",1,2,"One Bee"
d5ae43c0-0d80-4520-89a6-07c3bf68804c,"suffocate",1,4,"Three Bee"
ada40469-f5a7-444f-a39d-41a6d110ed42,"suffrage",1,3,"Two Bee"
efcb7060-b6d7-41fe-acfa-3b35b2c824b5,"suffused",1,4,"Three Bee"
96868eaf-3d93-48f4-8cbc-144c22593d74,"sufi",1,4,"Three Bee"
2b84e709-a1eb-400c-9038-86db82d78160,"sugar",1,3,"Two Bee"
a5dcaed7-a5f4-4037-b6c8-fe0246e6f140,"sugarcane",1,4,"Three Bee"
3166c4a5-6283-46d6-871f-d21ccc5510da,"sugars",1,4,"Three Bee"
af4281ae-3d5d-48ad-b515-140321ed3e98,"suitable",1,2,"One Bee"
b919c5c1-befb-4edb-bd74-4298b01b621e,"sukhatankar",1,2,"One Bee"
3b9fb356-f976-4e26-a220-e97f1c6b8883,"sulcus",1,4,"Three Bee"
9e181978-6dc0-4576-b53b-7d73ddca7574,"sultana",1,3,"Two Bee"
17b8dbc1-1b4b-493c-b4a9-6eb37b9df4c9,"sultanate",1,3,"Two Bee"
d9baba10-9128-4091-8f98-bbcfa82f9542,"sum",null,1,"One Bee"
e20e437b-aee2-407c-b444-2c6797e69936,"sumatran",1,3,"Two Bee"
751111ae-5817-4a26-b68b-ad9617855151,"sumerian",1,4,"Three Bee"
3c5dee05-0ec7-4cae-8085-aa3b6554c8ac,"summary",null,4,"Three Bee"
6b5f81c8-399e-47bf-a952-500107f82b72,"summer",1,2,"One Bee"
36a9b462-506f-4e9e-8455-35b8f2d326f3,"summit",1,3,"Two Bee"
cdef44bc-88df-4b91-94dd-e4a153cd8a17,"summoned",1,3,"Two Bee"
66ac7c1b-f9d0-48da-9f13-c18a0ec2526f,"summoning",1,4,"Three Bee"
410d7292-41fb-4d84-bb6c-acd9f86cd732,"sumpsimus",1,4,"Three Bee"
82829006-355f-419f-9302-ac03cee7142d,"sundae",1,2,"One Bee"
05386172-5e2c-4c8a-bd13-d29836ec59b4,"sundar",1,2,"One Bee"
1b2c28b4-f06b-41a1-a316-bcebad2689e6,"sundering",1,3,"Two Bee"
342efbe9-4e76-4c59-ae03-518516eec6e0,"sundry",1,3,"Two Bee"
38ef4d94-0f8e-4a87-acf8-9d77d28a4a84,"sunflower",1,2,"One Bee"
039cb5c6-4279-4b66-a71c-a5626fe1b4bb,"sunrise",1,4,"Three Bee"
3a783fe1-c5bc-4be8-9f3e-f433a037c710,"sunseeker",1,2,"One Bee"
f479a2b9-a644-4c24-9982-40ed54c1917c,"sunt",1,4,"Three Bee"
2283ff0e-1158-4547-9383-ebcd0656c02c,"superb",1,3,"Two Bee"
e6dc57f5-9027-4f0d-a52c-7201eaf33b2e,"supercilious",1,5,"Three Bee"
96f1c1dc-7a8d-45de-af0f-fa983a5c9b23,"superficiality",1,3,"Two Bee"
aabc028a-1be8-4e08-a07b-93b743e7314d,"superhero",1,4,"Three Bee"
a6548feb-f8fe-42b5-afda-eb912521cbdc,"superhuman",1,4,"Three Bee"
c8bf6690-1547-457f-ab2c-6d17c783b4a2,"superintendent",1,5,"Three Bee"
4d40118f-e911-49f7-8396-f0da339ccdec,"superior",1,3,"Two Bee"
8330f548-4d6e-40e9-ae75-5a812d2a1094,"superlative",1,3,"Two Bee"
a0f24de6-13fe-4928-ba5b-6b5bc020a243,"superstar",1,4,"Three Bee"
3aea1774-8733-4c58-b93d-afe29463476c,"superstitious",1,3,"Two Bee"
487f8187-0723-43c7-885a-e7c6470ed689,"supervises",1,4,"Three Bee"
dd3ed44e-4b4c-4a24-9c3e-c3312aca3be0,"supine",1,3,"Two Bee"
d933ebbb-dfab-478b-bc9c-c163dac5f08d,"supper",1,2,"One Bee"
bb85a735-421e-4fd6-8cd7-65848d2cb645,"supplicate",1,3,"Two Bee"
0a1c7a4f-e47b-4a04-b49b-e17dc12e7ee6,"supremacy",1,3,"Two Bee"
ad8bfcda-f148-4521-b577-65b9b1490317,"surcease",1,3,"Two Bee"
351070a8-322b-40b0-924b-227c2f6cbf8a,"surcharge",1,3,"Two Bee"
d4bc5a26-f569-403c-b5f7-e6c77850bf72,"surefire",1,2,"One Bee"
3808e4e8-6f99-40d9-85aa-972e146f0e12,"surety",1,3,"Two Bee"
2bd32025-572c-4aa0-9773-a5148820e14c,"surface",1,3,"Two Bee"
50cf41d8-e427-4989-97b4-6b7b8bb55d1f,"surfactant",1,4,"Three Bee"
3aab1131-5f07-4fad-991e-6e259572e616,"surfeit",1,4,"Three Bee"
a5eac134-ed43-4318-a80d-dca32224f54b,"surgeon",1,4,"Three Bee"
ef372557-a116-42f7-a209-a4343694788c,"surimi",1,4,"Three Bee"
bcfb8641-cead-4ae8-b73c-c11b98a09010,"surly",1,4,"Three Bee"
efa2d549-4ff5-476b-8a51-e7c883cb26ee,"surlyw",1,2,"One Bee"
41492969-f7c3-4b70-9d2a-75a54e2b1ad3,"surmised",1,3,"Two Bee"
65817444-471d-407b-a4a8-a60f0c6f625c,"surmountable",1,3,"Two Bee"
8a7dc016-25f8-475c-8c82-95aff569efce,"surplus",1,4,"Three Bee"
18566b30-5c09-4529-942c-9f608ba3b5a5,"surrealist",1,3,"Two Bee"
5217357c-fd9b-4702-a6f8-fc28d69afec4,"surreptitious",1,5,"Three Bee"
cc7a2ffb-42a8-4f4b-bfcf-80f8230f5573,"surrogate",1,3,"Two Bee"
110efb94-8779-4f73-8bb8-888c256acbec,"surrounded",1,4,"Three Bee"
0d2b1468-0bef-4216-a5de-d727ea9d3d14,"surveyed",1,3,"Two Bee"
a7410cbd-cfa8-4ad5-8f68-0533bd243406,"suspicion",1,3,"Two Bee"
5938ef72-9099-4028-8af1-f5041f31472e,"sustain",1,4,"Three Bee"
e0218c42-be3e-4799-9a63-cf9ce4042244,"sustenance",1,3,"Two Bee"
411e609a-5deb-4997-9a97-ff0f833771d1,"susurrus",1,4,"Three Bee"
9fa666a4-b47d-41c4-9251-19b06020b703,"suture",1,3,"Two Bee"
efa90771-194d-4780-ac85-3599e6940bbd,"svarabhakti",1,4,"Three Bee"
e6137098-61c0-4e07-8e6f-956dcb01e05c,"svengali",1,4,"Three Bee"
b6e43dc1-b368-4c21-985d-87b67f244043,"swainsona",1,4,"Three Bee"
59f5c496-0cec-426f-9671-c82519bdd5c1,"swale",1,3,"Two Bee"
328603ad-84bc-4f10-a588-5af836101ee0,"swallow",1,2,"One Bee"
c209a40b-192b-40a9-ba9f-427e1dbee478,"swankiest",1,4,"Three Bee"
5c9781b4-2084-49aa-b59e-68ab323a0de9,"swannery",1,2,"One Bee"
b8f034ca-6d7e-4614-b7a5-c72bfcb5f142,"swayharsh",1,2,"One Bee"
5d3b7369-3126-4613-a3af-1196efc07637,"sweet",1,4,"Three Bee"
5b2e9847-d54a-41b9-8556-69a38e662fa7,"sweeten",1,2,"One Bee"
fda728c8-48b9-45ad-a6d2-e6f402f7473d,"sweltering",1,2,"One Bee"
67f85795-0445-4fa4-b3c1-6d33ff3a9fe4,"swerve",1,3,"Two Bee"
8cbeeba7-b97a-43d8-b9fb-0580773b48d9,"swift",1,4,"Three Bee"
68d3fd56-c014-4a49-8a3b-2d1d431af2db,"swifty",1,4,"Three Bee"
ce0e7fd2-3f42-4b32-b6d4-6e61852f6a1c,"swimming",1,2,"One Bee"
d4cdc35b-3b52-4273-a492-297684c0d845,"swirled",1,2,"One Bee"
50f8acdd-3ab1-491b-98eb-26a2c2f96527,"switcheroo",1,3,"Two Bee"
870a6314-c27a-42a2-9047-84cb55901bc9,"sybaritic",1,4,"Three Bee"
9b86a6de-bb61-4c9b-86b6-abb962ec632e,"sycophant",1,3,"Two Bee"
4e969612-66c9-4df0-88c8-02d699e64932,"syllables",1,3,"Two Bee"
b43724ee-abd4-4585-9b8c-75df03188676,"syllabus",1,3,"Two Bee"
d90416ab-2a14-45ed-ac1f-6f82aa5f115e,"sylph",1,3,"Two Bee"
be8bb7ba-6327-49e6-9dd0-80fd93e82a61,"symbol",1,3,"Two Bee"
99a32ea9-a65a-407e-9436-83fd72c8be17,"symbolizes",1,4,"Three Bee"
97b5c120-123b-4378-9f2a-b8ea995e7955,"symmetric",1,4,"Three Bee"
976f9ca1-297d-4c97-9c0c-327a167484ab,"symmetrical",1,3,"Two Bee"
084c4ab8-311f-4114-86e8-42d72cf2aba0,"sympathy",1,2,"One Bee"
45cf7c9d-c7e1-4e43-8556-1efeb99210c9,"symphony",1,3,"Two Bee"
585f74c8-7177-49cd-8c2a-614933c958dd,"symposium",1,3,"Two Bee"
93fdbcdf-ccea-42e2-9a58-a18670f74904,"symposiumsyndicate",1,3,"Two Bee"
8f872e11-e0c8-48ca-8b7f-2ad97466d138,"synaesthesia",1,5,"Three Bee"
52e971ba-7a34-43e4-9631-09aed45e61b9,"synanthrope",1,4,"Three Bee"
60472879-889a-427a-9008-2e2c4ef9ed06,"syncope",1,4,"Three Bee"
3f243e25-6679-45aa-bfb3-92cc6b40a3c2,"syndactylism",1,3,"Two Bee"
7aeb8286-2228-424e-ae93-fd1553c0fbd7,"syndactylismt",1,5,"Three Bee"
e73efef9-ce9b-4019-9dc9-b7644ffb6146,"syndicate",1,3,"Two Bee"
4969e7e7-94ec-49bf-bbc4-35ca217dda3f,"synecdoche",1,4,"Three Bee"
e568ad32-3d34-48b7-a688-f085e4b4531b,"synesthesia",1,4,"Three Bee"
df3c3f6f-eef7-4b03-af4c-feae3d981374,"synod",1,4,"Three Bee"
1050731e-aab3-4b6f-8591-6c4ac206cb15,"synonymous",1,4,"Three Bee"
30697a75-39ae-4f76-95a6-e12b798c1d44,"synthetic",1,2,"One Bee"
77c3eaad-6064-42ac-b1a8-c867945580fe,"syntonize",1,3,"Two Bee"
59094e5a-ebf9-4728-a83e-1962abea7c92,"syntrophism",1,3,"Two Bee"
46d93feb-fa8e-471c-8503-a453689f73dd,"syringe",1,3,"Two Bee"
dcee49a8-f54f-4234-9300-6e4961323313,"system",1,2,"One Bee"
d1c14c2d-a3ab-49e2-af6a-9346c843d274,"systemt",1,4,"Three Bee"
a36251e8-7f07-41fd-8617-02b3b8e28eec,"syzygy",1,4,"Three Bee"
9c6598a9-65fd-40a7-8474-c890e721dde5,"taal",1,4,"Three Bee"
74912cdf-e800-48f4-bb70-f33408e5b94f,"tabasco",1,3,"Two Bee"
d864692a-3e99-4fc6-a2ae-39d1ca140cdd,"tabernacle",1,3,"Two Bee"
d65f5999-bf6d-478c-b0ab-52b9393ca134,"tabernacledifficulty",1,3,"Two Bee"
4be87f57-6405-4dad-8c7a-0f4e279e4ace,"tableau",1,3,"Two Bee"
7d4f7ce8-067c-437b-9b1d-583eefd4259a,"tablets",1,3,"Two Bee"
c694bade-3744-4642-91b0-427186dda02b,"tabulate",1,3,"Two Bee"
1e18cdb6-7eeb-48a5-9e38-c9ade5d915b8,"tachycardia",1,4,"Three Bee"
7c55b2bc-3990-4c0b-8cdd-64f0bf54e791,"tachyon",1,4,"Three Bee"
328472bc-7a3a-4095-9c58-6eb995060b1c,"taciturn",1,3,"Two Bee"
4aaaae88-f0ab-4cdf-8c5d-b8938dddab2d,"tactics",1,3,"Two Bee"
1247d218-0bb0-4149-ba8e-b9da336a847e,"tadpole",1,4,"Three Bee"
a4a5d803-80b8-4b79-a708-b172c3706851,"tae",null,3,"Two Bee"
9ec0d10c-42ad-4a2c-b153-4460cf6d40fa,"taedium",1,4,"Three Bee"
950c080c-bd00-4a66-8b27-6971b901ae7c,"tai",null,3,"Two Bee"
bd0f9193-6cdd-46ca-b838-0905d897b2ab,"tail",1,4,"Three Bee"
d273e2b0-7146-4a13-a83c-d9903388d61e,"taillight",1,2,"One Bee"
2c218fa5-d264-4c34-a08e-7e9e657cf705,"taking",1,2,"One Bee; Three Bee; Two Bee"
c92e4b19-b9a4-4d95-ab80-178446b54e4b,"talent",1,2,"One Bee"
14b05131-3f29-42a1-9472-8bac2aebe7f5,"talisman",1,3,"Two Bee"
068fb5d4-52f6-450f-a04d-0aae150325f3,"talk",1,4,"Three Bee"
6a7fb15f-597a-41e9-b5ca-7845507ec17e,"talking",1,2,"One Bee"
61b548a2-cbbf-427d-ae2a-0c424a48353d,"tallyho",1,3,"Two Bee"
5e28d857-8e35-449e-b89e-d5688e6d3460,"talons",1,3,"Two Bee"
dd09bb8c-0fb0-490d-85fd-d245edf4bff6,"tam-o",null,4,"Three Bee"
b3969b6d-b116-4a3a-a6d8-f215ada3c68a,"tamarack",1,4,"Three Bee"
08f53361-223c-4784-b5fe-0ed27241962b,"tamari",1,4,"Three Bee"
ee9e3de8-b649-40ab-8acf-291096d25a9b,"tamarisk",1,4,"Three Bee"
5210ea3a-d8f6-4f20-95b3-0752cee58b4c,"tambour",1,4,"Three Bee"
be8a2006-a3df-4727-bca0-e2be9e412567,"tambourine",1,3,"Two Bee"
e9f9b779-29e7-4ecc-bc25-3630070879e0,"tamid",1,4,"Three Bee"
4dd1ff13-4f11-413e-8a8f-76c37a6251a7,"tampered",1,3,"Two Bee"
09d6ccff-0bd9-42b2-876c-da5861189147,"tamworth",1,3,"Two Bee"
d7dcf0ac-b004-4a62-9de0-ff0883aba2a4,"tanager",1,4,"Three Bee"
0e777a6a-31d4-479b-8212-aabd9ab738e5,"tanagerpneumatocyst",1,5,"Three Bee"
5b6566d9-e8b4-463f-ac3b-2b113fe424d1,"tandoori",1,4,"Three Bee"
5e6dd79f-28af-4268-bb1a-05997c99a243,"tangent",1,4,"Three Bee"
be17a944-40c6-4392-9bd8-475c817db6b7,"tangents",1,3,"Two Bee"
64b20729-61f4-4168-991a-706b633259ca,"tangerine",1,3,"Two Bee"
d4f9a9de-9ed0-4111-b624-709b8cc38969,"tangible",1,2,"One Bee"
6643c2d4-6f2f-4f4f-9dda-7481ede54f50,"tangiblenourish",1,2,"One Bee"
500b732d-e343-4dc5-89f7-402761e77e90,"tannined",1,4,"Three Bee"
a6593146-05cc-43cc-b409-a4469ed81abc,"tantrum",1,3,"Two Bee"
dfd78c9a-9a84-4e25-88d2-81354ec025e9,"taoiseach",1,4,"Three Bee"
3dbf03d3-d273-40b1-9bcd-45a5c9a293de,"taoism",1,4,"Three Bee"
2efe0904-be7a-4a15-a979-3f7621af8c1a,"tapas",1,3,"Two Bee"
16334963-b7d0-4f87-85cd-30f4dabc9cb2,"tapestry",1,3,"Two Bee"
2226f6c2-fd57-4db8-ae2e-3c0ef99ba960,"tapetum",1,4,"Three Bee"
387d31f7-dcc0-420a-882f-e88f5959ffe9,"tapioca",1,3,"Two Bee"
eb9f7cf1-e3bc-4e1b-8295-edfd3c19850c,"tappet",1,3,"Two Bee"
439ebbba-8ebf-4eb1-b2ae-4cbfaf3ecf02,"tapping",1,4,"Three Bee"
50e4c5e5-f15d-4733-b2ae-2f7a785d19c7,"tarantula",1,3,"Two Bee"
bdf25a44-d879-490d-8e25-131926afd861,"tardigrade",1,4,"Three Bee"
4764a137-57bf-4bda-a53c-5c4ad93d744a,"tariff",1,2,"One Bee"
a4a6106a-8290-4b34-9197-22b355c56b6e,"tarlatan",1,3,"Two Bee"
8f7178bd-30c5-4ed3-804a-34f04e65c72d,"tarleton",1,3,"Two Bee"
3ef72081-bb41-4e72-8657-f97ca6e70f03,"tarmac",1,2,"One Bee"
162eb90e-3aa9-4ef0-a307-9d66fcf5242f,"tarpaulin",1,4,"Three Bee"
aa07db58-9cbf-4ee0-8608-f3489bd60f74,"tarsier",1,3,"Two Bee"
1f8aaf8f-dce8-4dcc-a6ce-affe5aba9bdc,"tartan",1,3,"Two Bee"
7186e906-8c51-419d-b50e-fb6b6f7f22a3,"tartaric",1,4,"Three Bee"
cbbc849d-356f-4f9a-ba15-e4546a1ff207,"taser",1,4,"Three Bee"
c58f4db6-3813-43bc-b3b8-36661c4eff73,"tasers",1,4,"Three Bee"
d08b6b16-d782-4399-b3c9-68075985bb47,"tasks",1,4,"Three Bee"
204559d9-825d-4ec8-87c1-ba2a1ef7dd6d,"tasmanian",1,3,"Two Bee"
cf9f6d50-0a9d-4852-9f3e-118e1576fcd3,"tasteless",1,2,"One Bee"
ec94ddf6-c594-4bf6-a01f-f312621692ea,"tatterdemalion",1,5,"Three Bee"
fd87cfbb-dbab-4bb4-a9f9-53ab4dcf70e0,"taurine",1,4,"Three Bee"
311a54bd-02ba-40e8-b49b-20eae84714df,"taurinehierurgical",1,5,"Three Bee"
86bbd0f6-ce11-4f84-bd36-4afc35ad56f5,"tautology",1,3,"Two Bee"
a3ec0898-88d9-4756-913d-32b9d8f3fa64,"taverna",1,3,"Two Bee"
4ee544e8-baec-4de5-ab32-583e2fbac000,"taxicab",1,2,"One Bee"
1dec8741-e397-4e2e-8133-1cf772017eea,"taxidermy",1,3,"Two Bee"
aba7dae6-fae5-489c-93be-76b40a1be75b,"taxonomic",1,3,"Two Bee"
219001c5-32b5-42af-8e99-5c8fdb7f3c4e,"tazza",1,4,"Three Bee"
26d3097e-908b-4c48-b81e-df67d0f0a19b,"tchefuncte",1,4,"Three Bee"
62adddb5-f042-49cf-ad64-99abbb19aa47,"tea",null,4,"Three Bee"
475b6829-1c8f-4418-afbe-c44dbe0c4e62,"teachers",1,2,"One Bee"
9f5f6856-3207-44af-98ec-e3d852a360bc,"teak",1,3,"Two Bee"
14b7de29-9e77-4fdd-b1d2-c0e937241cdf,"teamwork",1,2,"One Bee"
918c1041-9771-4a04-8ffa-10570bdfde4e,"teaspoon",1,2,"One Bee"
23455051-45bc-4d47-b1a8-6ec17333fe82,"techie",1,4,"Three Bee"
2323ef95-5e30-4436-98a1-70e268e402e8,"technical",1,4,"Three Bee"
4d5b33c5-172b-4c08-af22-e23b080e721a,"technicalities",1,5,"Three Bee"
c93abd49-10e2-42d6-82a6-2827117d962e,"technician",1,4,"Three Bee"
ab7801be-7f86-445d-902d-64e4096f1dac,"technique",1,3,"Two Bee"
de4f480f-1203-4e35-9a96-2723612e719e,"technology",1,2,"One Bee"
294b5987-b3ff-448d-acaf-06b494e15315,"tectonic",1,3,"Two Bee"
539ed659-c665-4ce3-9477-74bb5fa43ccc,"tedious",1,3,"Two Bee"
b3b943b0-1aa2-456f-a0b5-e6245ea0d985,"teemed",1,3,"Two Bee"
8d7e3299-886b-41fd-b0ce-0f34ed39aee6,"teenagers",1,2,"One Bee"
5b4d3672-54e7-4d96-97a5-1ad2e648ce0a,"teenagerspeat",1,2,"One Bee"
2b3f634a-44e3-47d5-8aca-7127dd8e8640,"teeter",1,3,"Two Bee"
fd01d968-6f3c-45e4-b342-67b6a29d1b8d,"teflon",1,4,"Three Bee"
00dd5c55-d65b-44f6-9276-f3ebd65d9df6,"tegucigalpa",1,4,"Three Bee"
4640d6d3-6921-4264-bb1d-c8233b7ec32a,"tejano",1,3,"Two Bee"
7e1fea69-76b7-4fc4-85fc-52dd14302e40,"telamon",1,4,"Three Bee"
c15f1774-ec7e-4b44-977d-5e1071eca630,"teledu",1,4,"Three Bee"
c4e63898-cbca-47b3-bdef-8431f0675fbd,"telegnosis",1,4,"Three Bee"
5135f2bb-1990-49cb-88ed-e39c6f7374f7,"telenovelas",1,4,"Three Bee"
394eb114-e757-4c96-bd60-d9e161b73aa2,"teleology",1,3,"Two Bee"
60cb0422-5348-405c-ad05-a9323e4f164b,"telepathic",1,3,"Two Bee"
84e9e02f-df78-44da-bdb5-d06371978d1a,"telescope",1,3,"Two Bee"
545e4ab7-d820-4b88-975a-047fbf78cc9a,"televised",1,2,"One Bee"
41fbe740-a651-4568-9ff4-c4140d251f44,"television",1,3,"Two Bee"
fcd99fd7-3a62-49c8-b8e9-77995c0e706e,"telling",1,4,"Three Bee"
ecbee563-a3c3-4485-b061-0cd8d719e16d,"tells",1,4,"Three Bee"
058dd2fc-16d6-43bc-a2d0-0264a9635117,"telmatology",1,3,"Two Bee"
384a2f8d-b3f8-4eda-9054-c34ee68cd390,"temalacatl",1,4,"Three Bee"
33fa7e44-a6ec-4d3d-879f-abea34218b1c,"temblor",1,3,"Two Bee"
6c2f4943-8f10-40bf-a6a7-1ab6aad8cba6,"temerity",1,3,"Two Bee"
be518eb9-4702-4ec7-b44f-4621845f7cc5,"temerityegress",1,3,"Two Bee"
a5abc09e-ac75-4e64-be3d-c250af1f4900,"tempeh",1,4,"Three Bee"
e03a8352-c714-4f05-82f3-e964523cceb5,"temperature",1,3,"Two Bee"
1d1cb14e-1007-48aa-9305-f9c734d6eb13,"tempestuous",1,3,"Two Bee"
72f8ebed-cc55-4ae7-a1a2-2386a5b33133,"tempura",1,3,"Two Bee"
68821d7d-79ef-4c0e-b93c-1d16e7ff5b4a,"ten",null,1,"One Bee"
987bd254-1d41-4ebf-9081-aa2922daa24c,"tenaciously",1,3,"Two Bee"
5e2792a5-c72c-46da-9bef-e6f8bd3f407d,"tenaciouslyindemnity",1,3,"Two Bee"
bfa74cd7-3b40-442b-8ae7-b9c2ad657630,"tendency",1,2,"One Bee"
e8576f70-fc62-4e30-90e7-5c1d714df774,"tends",1,4,"Three Bee"
2f8ec34e-db14-451c-a54f-6a46734bde09,"tenement",1,3,"Two Bee"
a9f0fd9d-87aa-4bb9-b6da-050fbc085863,"teneramente",1,4,"Three Bee"
3ad6de0b-78db-4c12-93c5-c8d3adb74d86,"tenets",1,4,"Three Bee"
4729778d-9ad6-4a60-b1e6-3bca7f84a242,"tennis",1,2,"One Bee"
c13cfbb4-2c5d-497b-80ce-2caeee47265a,"tenon",1,4,"Three Bee"
4c1fe2dd-687c-4146-a8f6-bdf4958e3060,"tensile",1,3,"Two Bee"
3c13e9a6-f7e1-40ec-8a1c-135619dbdebe,"tensions",1,4,"Three Bee"
55632046-9172-4932-ab69-53d02655fd8a,"tent",1,4,"Three Bee"
499764fb-7685-46a7-bffb-a9a873a76fbd,"tentacled",1,3,"Two Bee"
4e758fe0-ea76-4b60-b9a0-20b155a216a6,"tentativeness",1,3,"Two Bee"
dbce722d-f4cf-4874-b8f0-f5d51b09a9c7,"tephra",1,3,"Two Bee"
312837d9-3c82-4534-b0ff-14bc4aa7b326,"tepidity",1,3,"Two Bee"
e763db53-bebf-42f7-abd7-ed824fab9c22,"teppanyaki",1,4,"Three Bee"
b32f673d-8b13-4381-8eee-a1920effcd70,"terabyte",1,3,"Two Bee"
67319696-dc90-4059-ac41-47387dc84441,"terai",1,4,"Three Bee"
72bbe539-350e-477d-8fdb-f4542d2a071d,"teraigabarit",1,5,"Three Bee"
ce6a4cd3-831b-44b7-944c-cce7a3237ebe,"teraphim",1,5,"Three Bee"
55a56c5c-0030-4a30-9676-cdde8602fbb7,"teratism",1,4,"Three Bee"
ad274cf0-40f2-4e40-9f24-7b9e88cb44f6,"tercentenary",1,3,"Two Bee"
80f473a0-5ab3-4054-84a1-f13c41718d70,"teriyaki",1,3,"Two Bee"
f23cc880-27c6-4dd4-8d0b-1f7ec8c47359,"term",1,4,"Three Bee"
43850538-d354-42ab-aad1-001d1d8645f0,"terminus",1,3,"Two Bee"
08fbf83a-c7a0-4bb2-a24a-8b32c9824a19,"termite",1,3,"Two Bee"
6f357496-ba5e-4e37-a384-9cfcea0ee3a8,"terpsichore",1,4,"Three Bee"
557fbd66-1760-4bdf-a8e3-1307a1d3fe00,"terra",1,4,"Three Bee"
5976c821-90f3-43dc-8c81-7ab45218bebc,"terra-cotta",null,3,"Two Bee"
895aeed5-38aa-477a-a8c3-6d10dc69e0f5,"terraced",1,3,"Two Bee"
3196fb8d-a652-4bdd-a3bd-dec66f719b1a,"terrarium",1,3,"Two Bee"
252b0a5e-acb4-4b24-94ad-1f2a6fa583eb,"terre",1,4,"Three Bee"
f157bd84-c162-4734-8355-014255aebb4d,"terrier",1,2,"One Bee"
29a9c5f3-ab2b-48c3-b157-2d7dc9bf924d,"terrify",1,3,"Two Bee"
722bd4f6-db72-452f-8775-361dcc6bf57c,"territory",1,3,"Two Bee"
c876c33d-f733-417e-8b3a-ef90a3e57d05,"terror",1,3,"Two Bee"
89016440-db8f-4e71-9e19-5d76fa4f3fa5,"tersely",1,4,"Three Bee"
6f24b859-cc48-4370-8208-b62408ca343e,"tertiary",1,3,"Two Bee"
06f4fbc6-a8b0-4212-903d-224666d337e9,"tessitura",1,4,"Three Bee"
5494aa2a-ad1a-4971-ae50-3b59951cf56b,"test",1,4,"Three Bee"
54eb7043-1007-47a3-8865-e274a9a4431d,"testament",1,4,"Three Bee"
b8620ff4-46c6-4f8e-8d90-5a8ea3ec0722,"testimony",1,3,"Two Bee"
f94bdcb9-cf4e-430a-955b-69880c90a48d,"testimonybeaucoup",1,3,"Two Bee"
843585fb-9612-4a53-9dbe-f5caa5752451,"testosterone",1,5,"Three Bee"
794a06f7-4106-445d-b7df-4f13a0917993,"tetanus",1,3,"Two Bee"
f3edf52a-ec6a-4f38-aebd-d16fe7e82795,"tetrachoric",1,4,"Three Bee"
9611aec9-5adc-4809-b38e-49dac20788b5,"tetrazzini",1,4,"Three Bee"
64170fa2-bc7f-4fcc-9bac-ca33064ddda6,"teutonic",1,4,"Three Bee"
dd971175-e7b9-4eb8-8c4a-1f4ad6fdf13f,"text",1,4,"Three Bee"
5d189725-8e65-4a13-b0e2-c288d7d0eb5f,"textbook",1,4,"Three Bee"
e91140c8-e336-487c-a64f-34687f696ab4,"texture",1,3,"Two Bee"
11d26773-0c71-46ea-8bbc-ef80f3a84456,"thailand",1,3,"Two Bee"
0f053c53-d9a6-4272-bb98-7b5d69d5966e,"thalamus",1,4,"Three Bee"
55158fc8-2643-4e9e-a25f-40b958949a7a,"thalassic",1,4,"Three Bee"
38489dbe-3bae-4992-92f8-4d1118044747,"thank",1,4,"Three Bee"
e58d5404-c630-41e0-95e3-bd19e9c750d3,"thanks",1,2,"One Bee"
30f03c5c-3a4b-4012-ae03-bf801af7627e,"thaumaturge",1,4,"Three Bee"
baa7c94f-63d5-4bd5-9acb-c0dce2f0edde,"thawed",1,2,"One Bee"
c7603b6a-fcb2-4de5-bf58-caedf59968c9,"theater",1,2,"One Bee"
45b385a2-e1eb-4608-9893-7fd67e670c37,"theatre",1,2,"One Bee"
2dc61af9-ef5c-4dea-977f-41c3e96b22d7,"theca",1,4,"Three Bee"
c512dbc4-a2ff-4151-9efb-5d1fecbbbd2e,"themed",1,2,"One Bee"
9d981865-7d69-4124-b18a-e52251bdcd77,"themes",1,4,"Three Bee"
2d4b79cc-4b1c-4761-9ebe-bb023278773d,"theodicy",1,4,"Three Bee"
0345d369-d6e4-410e-a3c5-526bbeb1e601,"theomachy",1,3,"Two Bee"
2521265b-8cb7-4670-be92-7ef13f29d5d1,"theorem",1,3,"Two Bee"
69e0bee6-b88d-44e7-9cb1-1788def3c732,"theosophy",1,3,"Two Bee"
03a980e5-566f-4c38-b7d5-be838ff7ebe7,"therapeutic",1,4,"Three Bee"
793b91d4-2b39-4a89-9424-db74463287ab,"theravada",1,4,"Three Bee"
c90b6c60-3f23-4f55-9812-68cfb72588f1,"therefore",1,3,"Two Bee"
bfc8ad6e-56da-4af3-933b-d9dc5e63ec6b,"theriatrics",1,3,"Two Bee"
57b3c05b-75a6-4bfd-b19e-71975e0b84e0,"theriatricsnoun",1,3,"Two Bee"
dab412f5-04e7-4fa6-9a50-76a5ede96ec6,"thermohaline",1,5,"Three Bee"
3859eb93-289a-446f-950d-41a299c46388,"thermos",1,3,"Two Bee"
848e6057-5d0b-48b8-bbc7-0a24975bbaa5,"thesmothete",1,4,"Three Bee"
e8dfdc8a-361e-451b-919e-744d3da78b9f,"thespian",1,2,"One Bee"
2f441bce-4b29-4240-a776-559dfc14f036,"thespiansubmersible",1,3,"Two Bee"
3025d050-e6f9-41e8-b4cc-c152bdfaea42,"thickened",1,4,"Three Bee"
c331f80e-042f-41ba-bd17-ee22af4ecb85,"thicket",1,2,"One Bee"
ef13ab6e-01a4-4720-a9ac-5a3e3b9d1c85,"thievery",1,4,"Three Bee"
955c60dc-55aa-40ef-9dc1-28378986175a,"thimblerig",1,2,"One Bee"
be213656-6181-4714-9a5b-58abb457dfca,"thimerosal",1,4,"Three Bee"
3a3929bf-8eca-4fee-8cf8-e4f4e87d4212,"things",1,3,"Two Bee"
72374d3f-488a-4285-9307-d9796db85f0d,"thistle",1,2,"One Bee"
eea06686-524e-4353-a42a-9ff659fe6b22,"thistledifficulty",1,2,"One Bee"
c24247e0-69ba-46d9-9b21-1c056741b96d,"thomism",1,4,"Three Bee"
d2ba1646-367a-416c-9e61-126d175953b8,"thoracic",1,3,"Two Bee"
c7067204-ae7f-4fb2-adb3-82672cc33186,"thorax",1,4,"Three Bee"
3d8a215a-0c4d-48d7-bb66-594dccd1b18a,"thoroughbred",1,3,"Two Bee"
4f628f18-c5db-4aa5-96b3-83f260a351b7,"thoroughfare",1,5,"Three Bee"
1bd4a249-ba7f-4cd7-be9f-b59a72c8fa93,"those",1,4,"Three Bee"
435ad20d-66f0-466c-9847-36e0bd62000b,"though",1,5,"Three Bee"
e6463aff-ea7f-43b5-896f-744b087bc51c,"thought",1,5,"Three Bee"
625b193f-91a0-4ae3-8552-5b935e9ebba0,"thoughtsverb",1,5,"Three Bee"
d9b51bd5-8d7c-4261-ae32-a7f72752b89f,"thousand",1,3,"Two Bee"
f254db7a-7a31-4bb9-aa80-38730be454d5,"thousands",1,4,"Three Bee"
a8c85eb0-de7a-40cb-a22a-210eff0cccbb,"thrasonical",1,3,"Two Bee"
d74e7cf3-a6cc-42ec-9920-e762171eba14,"thread",1,2,"One Bee"
2756b6cb-495e-428b-815d-57d3e20a8f6e,"threnody",1,4,"Three Bee"
70d38dd5-8850-4c86-9ddd-af133885556c,"threshold",1,3,"Two Bee"
9547d0e8-2ab2-4f5c-89f7-600ed8ced8c7,"thrift",1,2,"One Bee"
762b3457-b7d4-453d-9bfc-d594900efe6e,"throat",1,3,"Two Bee"
68ab9a10-872a-4a94-a5ce-1684d5bad2b4,"throes",1,4,"Three Bee"
5e13e4a0-610a-4dde-a190-9a1941ea27ab,"throttle",1,3,"Two Bee"
d7d8fdc0-bd40-4922-8ca8-63130c9a3e45,"throughout",1,2,"One Bee"
629e8b07-741b-4b39-842f-4c8fb2d6df87,"throw",1,4,"Three Bee"
f7514886-e04e-4182-b076-81a0996df231,"thuluth",1,4,"Three Bee"
06b7490f-2914-4195-a952-8cb3c3e6d4ff,"thumbs",1,2,"One Bee"
98fa1f02-5cfd-4f1f-b361-2da3a117ed34,"thunderbolt",1,2,"One Bee"
aee05282-a734-4dfe-8873-28d10c4a0cb9,"thurible",1,4,"Three Bee"
a7e9d746-1c92-41a5-bc99-4cfcfc2584da,"thursday",1,2,"One Bee"
6adb5556-e436-4f74-9731-33e630ed3b7d,"thus",1,4,"Three Bee"
bb7f891e-2f56-43c0-9cd7-24d0b72c2f7f,"thwartwise",1,3,"Two Bee"
cb85c1f8-0e00-4e27-b9c3-03d8f4889525,"thylacine",1,4,"Three Bee"
60a52272-570b-42f4-b9a5-bf642f0a57ed,"thyme",1,3,"Two Bee"
e9dca68f-2689-4a09-b961-99ec921522b6,"thyroid",1,4,"Three Bee"
26ba37a3-97fd-4638-ad21-195c00b2c9af,"tiara",1,4,"Three Bee"
1406946d-425b-4399-910e-91edce1cae28,"tibetan",1,4,"Three Bee"
39fe023a-eb05-4d4e-9f92-25cc5ef6a780,"tibia",1,3,"Two Bee"
0737a145-6593-457f-ba7f-ac55cdeea3ad,"tic",null,4,"Three Bee"
42be0136-e933-445e-9310-33590613dd62,"tichodrome",1,4,"Three Bee"
3e66c9a8-c2ee-49ce-8978-ce0a8545a847,"tichodromesapporo",1,5,"Three Bee"
65620d1b-6ea3-4710-a33f-697ebf0b6727,"tickled",1,2,"One Bee"
3996c549-f467-4fb3-a08a-b9ea166b4488,"tied",1,4,"Three Bee"
78a09a47-9c9f-401b-addd-1f0c63acbbc3,"tiff",1,4,"Three Bee"
8835b546-55f0-4576-927d-ad73798abf08,"tiffany",1,3,"Two Bee"
8b30068b-dc2b-4034-b6cb-bf39e0b01d1d,"tiffanytiffin",1,3,"Two Bee"
3075c7fa-ec35-4da9-9e4d-8b08452c9ea6,"tiffin",1,3,"Two Bee"
2e08c548-9016-4ffd-a28e-0a7c402a3a49,"tigers",1,4,"Three Bee"
9a243ae4-2b77-43cc-adde-2133eab9d223,"tightly",1,2,"One Bee"
001c9be4-c9e7-4d5a-8de6-0907069c9004,"tiki",1,4,"Three Bee"
2dce253e-560c-4149-aa57-1f10396590de,"tikka",1,4,"Three Bee"
301678f2-868e-456e-b0e7-abde93b395b5,"tikkun",1,4,"Three Bee"
444390dd-c778-4065-bc03-50938082c719,"tilapia",1,4,"Three Bee"
ebf22f50-609d-47bf-a50e-5e555e482f55,"tillamook",1,4,"Three Bee"
01743015-d485-4c39-b0ac-abaf8d4f6d19,"tilleul",1,4,"Three Bee"
63ae4bf9-4489-405a-8c3f-ca97af1395cc,"timber",1,2,"One Bee"
fda8a771-451e-4f44-9653-385e95f3a9a3,"timidly",1,2,"One Bee"
b17f4a37-26f1-4372-b1b4-ee2965b81044,"tinamou",1,4,"Three Bee"
6f281320-5da3-4a0b-a90b-f93cc3e80d77,"tincture",1,3,"Two Bee"
96b26aed-e4cf-478e-8fc8-740d6a2ebc28,"tinge",1,3,"Two Bee"
3964d947-f7cc-407c-be61-3191277cae97,"tingle",1,3,"Two Bee"
497aecda-a09a-4941-8855-8b4077cc5115,"tinnient",1,4,"Three Bee"
f0918b28-d1a2-4f40-98f1-c5868878dc95,"tinseltown",1,3,"Two Bee"
dc25d38e-26d8-472b-8af7-84221c833521,"tintinnabulary",1,5,"Three Bee"
4a4f9013-5237-4279-8b87-0a89eaa3d9e2,"tirade",1,2,"One Bee"
63e26a48-fe5a-4e50-8ae9-e58627463ac9,"tiramisu",1,4,"Three Bee"
3e97c26c-f1aa-4cd5-bc0e-258bc9cb7105,"tissue",1,3,"Two Bee"
d98dfaea-66cd-4d49-afd8-703acdc1afd5,"titian",1,3,"Two Bee"
5e211d6d-f88f-4c2a-bc37-119d6d8ca8d7,"titration",1,3,"Two Bee"
433741de-a31b-4824-aa67-f21ba51d97f8,"tlingitdetainees",1,5,"Three Bee"
672d0e04-6485-4e13-a1b6-85c5cab6e64b,"tmesis",1,4,"Three Bee"
7cb51c83-ce4c-480c-b48a-22fc3827045d,"toastmaster",1,2,"One Bee"
211f9f3f-f8ea-46b1-8134-95e4344fbb06,"toccata",1,4,"Three Bee"
350a4f75-767d-44eb-9da0-75a281e5df8a,"toddler",1,2,"One Bee"
14697936-16bb-4426-bd38-e36a23e038e1,"toey",1,4,"Three Bee"
ed7bf829-215f-49e0-b877-20b3f2859025,"toga",1,3,"Two Bee"
771a9f2e-2366-4ad1-8464-601484f616d5,"together",1,4,"Three Bee"
0d37f911-4540-40cc-ad01-c06e491033d9,"toggenburg",1,4,"Three Bee"
46a44a0c-8615-4bbe-ace6-64b762be76d4,"toile",1,4,"Three Bee"
20050ef5-4e75-4062-85c9-648a2ba03a4e,"toilsome",1,2,"One Bee"
86e78691-5001-46fb-8459-2e132b76917f,"toilsometempestuous",1,3,"Two Bee"
9452a077-b448-49be-940a-332c3cc42d65,"tok",null,4,"Three Bee"
90704c96-ea76-49b3-83c6-9f4bf0e2ce92,"tokendifficulty",1,2,"One Bee"
141c7424-b58c-4ef0-a750-7eb9e74168b8,"tokonoma",1,4,"Three Bee"
22f5471a-8001-4c25-8420-c9e55e1cd1e7,"tokonomaunguiculate",1,5,"Three Bee"
e412e259-d1f2-4baa-9ab2-88b03c0c2168,"tolerable",1,2,"One Bee"
0c46a6e3-9ca4-4f48-8ae0-e5f0f4271074,"tomahawk",1,4,"Three Bee"
7135a01e-0c93-4216-9eb8-70a3b978ddaf,"tomalley",1,4,"Three Bee"
f3342740-fc59-4d6d-9a68-be2873f7123c,"tomfoolery",1,3,"Two Bee"
1f689bc3-9598-456f-8d14-30bf3ce0a1ba,"tommyrot",1,3,"Two Bee"
74c46726-0ab6-4627-9fe2-08b26d9de0ba,"tomography",1,3,"Two Bee"
5e893989-55f0-4936-a494-e45492866da8,"tomorrow",1,3,"Two Bee"
e3161d7d-de76-4eeb-acdb-e6fb6ffa3e4e,"tongue",1,3,"Two Bee"
d65435d4-1018-47d6-8e03-e493d3758956,"tongued",1,2,"One Bee"
0bdcf08f-3f6b-42ef-a034-bf187d1f30e0,"tonsillitis",1,4,"Three Bee"
668de7d2-a513-47ec-9b69-19899a427b58,"toorie",1,3,"Two Bee"
866b88ab-c0c1-45ba-8d44-66661bbfd933,"top",null,1,"One Bee"
04c9da34-fda0-4436-9595-a006249c398e,"topazolite",1,4,"Three Bee"
8b5c4e4f-a6c8-4c85-aef0-a2121465d924,"topgallant",1,3,"Two Bee"
ae09a6d5-401b-48a5-97e6-ea5f25af1d72,"topiary",1,3,"Two Bee"
71574463-4e16-472b-a1e9-a1ceb9f4b2e4,"topics",1,2,"One Bee"
80988d5c-8bdf-4c61-aee6-0e5793ea2955,"toploftical",1,3,"Two Bee"
3b5bf244-e4bd-471c-bd82-39d4c605ea87,"topologically",1,5,"Three Bee"
16050dda-9eb5-4cff-95b4-8802515d2b21,"toponymic",1,3,"Two Bee"
ebc87dd5-0844-4eb3-b234-e205949927f9,"topped",1,4,"Three Bee"
905c53d8-a4da-4091-b498-b1d576c1c618,"toppings",1,2,"One Bee"
7350cfbf-d8d8-4bf9-a4e5-0698f12bc544,"toppled",1,3,"Two Bee"
19a86d8c-18d4-4738-88b4-bf40984a2335,"toque",1,4,"Three Bee"
0780bef9-af07-4749-85e8-db34b1ca6aa7,"toreador",1,4,"Three Bee"
aa6b0456-3dbf-49ed-8b53-91dcc808444d,"toreutics",1,4,"Three Bee"
d2405501-37ba-4386-826b-53d7bc8a4d9b,"torii",1,4,"Three Bee"
e42b42f3-652b-4707-849f-297ceffdfdb8,"toril",1,4,"Three Bee"
83bd1da7-a82d-436d-917c-2a098d033dc9,"torment",1,3,"Two Bee"
4f53e56e-f08c-4361-8a39-f6ae5c3dbdf3,"toroidalbialy",1,5,"Three Bee"
6e64d82b-00b7-4241-996a-dc4bb36fa4ad,"torpid",1,4,"Three Bee"
b504c192-2692-4d67-b414-7876da59ec25,"torrent",1,3,"Two Bee"
584920a7-5f86-417d-b43e-36316fdfe0df,"torsion",1,3,"Two Bee"
c3b8130c-4c18-44e1-ae27-a3442d551b12,"torsionjusticiable",1,3,"Two Bee"
add9d571-2c18-4f44-8f6e-7d25d943b6e6,"tortoise",1,3,"Two Bee"
2a0b7c95-db94-440f-b53e-99b0a166ea23,"torturous",1,4,"Three Bee"
dc42cabf-f83d-4e76-9967-05e1049bfff7,"tosh",1,3,"Two Bee"
52645dd2-91e7-4f81-9e3f-fa4ceaca709e,"tosteson",1,2,"One Bee"
6e96ed27-6afa-4b90-bbc6-6c7d04a9a190,"tostones",1,3,"Two Bee"
0b1409ef-7be8-43bd-95e6-4495aecee257,"totem",1,4,"Three Bee"
8b3940df-8b48-4598-801a-26bfd3027e46,"toties",1,3,"Two Bee"
1cfa517f-3e16-460d-845c-1cd0d126da94,"totipotency",1,4,"Three Bee"
3fc77cd1-b0dd-43c1-9e67-76f90b208fb5,"toughness",1,2,"One Bee"
abe1aa9d-ef9b-49b8-ba9c-b1a93e80bc8e,"tourelle",1,4,"Three Bee"
ace595ec-7f8f-41dc-bc43-5c32cb9119b2,"tourists",1,3,"Two Bee"
8d33f3a9-5083-47a3-8278-85fb00e4f629,"tournedos",1,4,"Three Bee"
a2082d7e-f836-4c6a-b3bc-366a90c31648,"touted",1,2,"One Bee"
58b1615a-13f3-4366-95e1-8b640e4ad5ff,"toward",1,2,"One Bee"
46fe21da-97fb-4e0c-a810-6c3f362da4bc,"towhee",1,4,"Three Bee"
adc452a3-1901-424e-a3e2-99e2a4114e9b,"toxicosis",1,3,"Two Bee"
b5f724a9-d15f-4239-b1d3-38cfa0a922eb,"tracheotomy",1,3,"Two Bee"
aefeee36-94b9-46f5-8175-4b5f58ecc093,"tracks",1,2,"One Bee"
421655be-9eec-4a84-ba17-8aa7e2349c61,"tractability",1,3,"Two Bee"
c4e7efec-f177-4e18-b781-3b946c32d364,"trademark",1,2,"One Bee"
4be5112a-70d2-4eb2-bdb3-58512d02c8d3,"tradition",1,2,"One Bee"
ae49b6e0-3858-4305-9e0a-d18b67decefc,"traditional",1,3,"Two Bee"
88c9ca61-cbd6-45fe-bd6f-72b652647adc,"traditionally",1,2,"One Bee"
27fbd328-6dfd-4d09-a02d-9b13ce1a8962,"tragedian",1,3,"Two Bee"
5dbd04d4-75d5-490c-b195-873dd4e9775a,"traiteur",1,3,"Two Bee"
c78d2223-0c11-4f41-9682-d9f71154e925,"traitorous",1,4,"Three Bee"
19503aea-0863-46e4-8e67-ad543f0ab47c,"tralatitious",1,5,"Three Bee"
450821bc-c1a5-4544-9e94-94ab6a992488,"trampolines",1,2,"One Bee"
9b31970e-5a1f-448a-ae97-1aba56ea3890,"tranquil",1,3,"Two Bee"
886f6771-3c1f-40a9-ad64-7a66f4118093,"transcend",1,3,"Two Bee"
ca4b742c-78fb-46f4-a246-bb04f58f4c3c,"transcription",1,5,"Three Bee"
e29102eb-25cb-4570-90e4-507adaab44d1,"transducer",1,3,"Two Bee"
e0ec0c6b-f3d1-40a4-b67d-6a2f19b7f9c3,"transept",1,4,"Three Bee"
9dca86cd-deb1-4837-a31d-cfc89c9a2d9c,"transference",1,2,"One Bee"
63ee34ee-9f65-4eef-8ab0-7a9def6c296f,"transfixed",1,4,"Three Bee"
cc9a4b69-5c9f-4cce-975e-9da6db506228,"transform",1,3,"Two Bee"
19ec9626-5a24-43c4-944e-ef23833ca00f,"transformation",1,2,"One Bee"
d2612716-096f-4297-8ed5-fada72d68c48,"transgressions",1,5,"Three Bee"
ed248766-2640-431b-b6eb-107a6e04d74c,"transhumance",1,3,"Two Bee"
bc9ef77c-fb79-4069-93b8-5f898121dd73,"transience",1,3,"Two Bee"
26928fb5-2f07-494f-8dd0-f57ff8d3e933,"transistor",1,3,"Two Bee"
cbb7ff6e-a0a8-44e4-ac80-12fdb4e5496b,"transit",1,3,"Two Bee"
685b7e9d-bc47-4b1f-969b-d371eeafa5c0,"translates",1,2,"One Bee"
0052bdf1-e488-43df-9cfa-1347911e7376,"translucent",1,4,"Three Bee"
8e2bdbdd-4f94-40e6-9fba-c84eef588bb6,"transmissibility",1,3,"Two Bee"
5c6bf4a1-c756-496d-b033-68affa953a4e,"transmontane",1,3,"Two Bee"
e4bc26d8-dc33-49b1-b8d2-b2b56e9b6eaf,"transparencies",1,3,"Two Bee"
58cfc6ec-6dc8-4a6d-ba8b-374caa4c97fa,"transpiration",1,3,"Two Bee"
8c2b8bc3-a220-4b95-8010-7e8bc9a663fd,"transportation",1,2,"One Bee"
73c2282a-bdf0-4e59-b2da-5b220fae7346,"transposable",1,3,"Two Bee"
659b9435-52d1-452c-9885-4be97e7d303f,"trapezoid",1,3,"Two Bee"
d7dc541f-82d6-4887-9705-5185c7d3e889,"trashbobbed",1,2,"One Bee"
8b80ec7b-d7bf-4eae-a307-298b62549ed6,"travails",1,3,"Two Bee"
d9786849-1984-4333-b147-4352477d018d,"travel",1,2,"One Bee"
a58644b7-2698-408d-9542-3059dc84ba00,"traveled",1,2,"One Bee"
a6ea9f6c-7897-4b2f-ae63-7272b1ab9d03,"travels",1,2,"One Bee"
5e08437f-6ce6-43cb-863d-a69a24bd6d60,"traverse",1,2,"One Bee"
0eebd257-a063-4736-85dc-335be6e8ddef,"treachery",1,4,"Three Bee"
6e3b944d-c0b3-42bf-a057-cbee51c5fa1f,"treadle",1,3,"Two Bee"
1facf8ed-8d44-4564-8956-1e5ff49d4434,"treadmill",1,2,"One Bee"
8f87e80a-5213-48af-be22-05eb5ab531cf,"treasury",1,2,"One Bee"
a4fc43d2-4c26-467c-8aa0-844c7b0af151,"treatise",1,2,"One Bee"
2d3cc534-a9c6-4931-8568-7bfca1df960c,"treatments",1,2,"One Bee"
f1f81038-e6b4-4abd-bfbe-060f56a1a42a,"treble",1,3,"Two Bee"
52f20c37-1c44-4328-a703-626925013e79,"trebuchet",1,3,"Two Bee"
3f2d8cbc-d596-4e37-93cf-7906e93db9ad,"trefoil",1,3,"Two Bee"
0b39997b-15ff-4eb8-a205-a8683e6c6fc3,"trek",1,3,"Two Bee"
118cb2b9-fffd-4d2d-ab67-81fd1bf0ce01,"trellis",1,3,"Two Bee"
893730a8-0561-48f1-8692-9e3bf7b819c6,"trembling",1,3,"Two Bee"
6ef7bc48-cf05-445b-be18-7adb960e4ec4,"tremulous",1,3,"Two Bee"
f62a3bb8-f087-427f-8ef5-78331588c89a,"tremuloustrepanation",1,3,"Two Bee"
492a6d5a-cc7f-49fc-a289-1e6172d01b4a,"trencher",1,2,"One Bee"
8d6417dd-8974-4814-97bf-b6ad81d9525e,"trendy",1,2,"One Bee"
ded7a515-1314-4fe0-96d8-1577c896e3e7,"trepanation",1,3,"Two Bee"
3bca52f7-2f79-497a-856a-0d4b92d08c35,"trepidation",1,3,"Two Bee"
f5fd7aca-d43b-452b-9659-901435a1c16e,"trespass",1,2,"One Bee"
27cbd6bb-9437-4c30-bba3-be22a3124d09,"trey",1,4,"Three Bee"
428726c0-a436-4385-9bf2-26bbf84e3a2d,"triage",1,3,"Two Bee"
1d823c48-487d-422b-80d8-8e2032705c57,"triagetrinkets",1,5,"Three Bee"
f6a4bc39-5d3b-4f7c-94db-bb7d7ab0c886,"tribunal",1,3,"Two Bee"
d0ebdbe7-2c89-489c-a947-7b032812146c,"tributary",1,3,"Two Bee"
3313c94c-6bdc-4ce7-a7e5-0c969627b5fd,"trice",1,3,"Two Bee"
e03e4e4c-473c-49ab-a4c2-472293115302,"tricenary",1,3,"Two Bee"
7283714f-ca50-4107-acaa-5a4e30e11651,"tricenarytriste",1,3,"Two Bee"
b89cad87-db6a-4713-be09-f7cf3b5e2abb,"triceratops",1,3,"Two Bee"
8c0adea2-41ce-4bb7-9219-34757202c4a9,"triceratopssandal",1,3,"Two Bee"
552ebb96-fb19-49a5-8b11-9e7bde0789a1,"trichinosis",1,4,"Three Bee"
43c3272e-0f64-4f18-8c15-09c55dcc29fb,"trichotillomania",1,5,"Three Bee"
fdaebcce-bbea-42f0-a0f0-7fdd4b668178,"trickery",1,2,"One Bee"
f20a3ef8-e111-4032-909c-5ba8da11c978,"trickster",1,3,"Two Bee"
0b185adc-16ce-4000-8f9f-faa6edecbe99,"tricky",1,2,"One Bee"
d7bd282e-4ddf-4391-a5cd-a04b4dcc449e,"triduum",1,4,"Three Bee"
96726d36-b5e4-4b04-871c-7486d1bf09ca,"trifecta",1,3,"Two Bee"
106cfa0b-3e7e-4690-b3fe-da39381f282c,"trifle",1,2,"One Bee"
b352dedf-523b-42fc-9b95-32e37bd5502e,"triforium",1,3,"Two Bee"
7015e1ee-2ed4-47fd-9b37-e1088b221da3,"trigeminal",1,3,"Two Bee"
125319bc-89af-4109-92b2-90fa2a7120b7,"trigeminalbruja",1,5,"Three Bee"
7de701ad-19da-4d24-b3de-62fce465109d,"triglycerides",1,3,"Two Bee"
efc8c058-9dfd-4131-9f6d-f6e2008a7b35,"trigonometry",1,3,"Two Bee"
8b9793a8-ba87-4271-aea2-66002573e45d,"trilby",1,4,"Three Bee"
fdad2d84-07f7-4522-ae86-a951d6f8525a,"trillado",1,4,"Three Bee"
dfa3365d-4d5b-491f-a6ae-7787aa8c4ffe,"trillium",1,3,"Two Bee"
9c6f87ac-09d9-4632-9a4b-396ce8168560,"trinidadian",1,4,"Three Bee"
9b367b1e-d3c9-4596-99ee-cf1046a6babd,"trinkets",1,2,"One Bee"
f046c893-09c8-4231-9f89-dea5b3bf8380,"tripartite",1,3,"Two Bee"
fcfd0317-cc1f-4288-bddf-91bbe247d385,"tripe",1,4,"Three Bee"
20dfec0c-e823-4b6e-b3bd-c317ddaaddfc,"triquetra",1,4,"Three Bee"
62c8b49d-87a5-4be5-94d8-7257242799ea,"triskelion",1,4,"Three Bee"
2421df33-82a2-4fb0-b34a-dc04e15f9e13,"triste",1,3,"Two Bee"
fbb42617-f9e2-4be3-aac5-11706912a4a9,"tristetrituration",1,3,"Two Bee"
90578e80-f681-4977-af7d-fbf58faebbf1,"tristeza",1,4,"Three Bee"
3f2019cb-8c5e-49a5-8868-35ce60c46332,"triton",1,2,"One Bee"
8f05e389-f7c3-46a5-8393-938fb4d343a3,"trituration",1,3,"Two Bee"
729014d9-3f84-4470-b201-ef6fec098d9a,"triumph",1,2,"One Bee"
c23acdaf-b587-479a-a4b0-c3542c28cad9,"triumphant",1,3,"Two Bee"
c0ba4b85-1d78-4667-8255-92d34a038e8d,"trivia",1,2,"One Bee"
901bc3ba-2cc4-4c23-b279-e8fb75a55a12,"trochee",1,4,"Three Bee"
6cbaac17-0f54-4b1c-935f-6273afcf927a,"trocheetrompe",1,5,"Three Bee"
c6a18cc1-6195-463c-8d9b-affb751e15d7,"trodden",1,4,"Three Bee"
26ffdf24-937e-4421-b8b3-ec70e9f93fc5,"trombone",1,3,"Two Bee"
723c56ea-e674-4852-995c-807976cffbba,"trompe",1,4,"Three Bee"
029b28a7-5e20-415e-bc8c-ef3bcaf3ff80,"trophic",1,3,"Two Bee"
4ba64674-dcbe-4d98-b459-26e272263919,"trophy",1,2,"One Bee"
b6c9de92-de9c-4739-adfb-5e9434e99583,"tropical",1,4,"Three Bee"
b03c8fd9-9a29-4690-8ad0-cd7db7d13556,"trotteur",1,4,"Three Bee"
1e8c9247-671c-403a-a95c-b19d6ef173eb,"trough",1,5,"Three Bee"
482267dd-6fb3-4000-9093-d020888c6b38,"trounce",1,2,"One Bee"
0c30793a-349d-4bfa-8188-232f55a6f753,"trous-de-loup",null,5,"Three Bee"
ce8c2526-44ca-4c2a-a5ee-ad689a87039c,"trousers",1,3,"Two Bee"
210bfd69-e4f1-4e80-9003-cf3353aa41de,"trout",1,3,"Two Bee"
ac69b981-ba6b-48f9-8169-95188d559f8a,"trouvaille",1,4,"Three Bee"
a2b866d8-b36c-4f8a-94f3-1e0e7e944fdf,"trovato",1,4,"Three Bee"
eb737c53-b4e8-418a-8885-32bb76eca20f,"trovatobeowulf",1,5,"Three Bee"
f39745a9-904b-4bae-a56f-4b7cc11efc5e,"trowel",1,3,"Two Bee"
03ce54f4-59f3-43a2-9a7b-50a072e1149b,"trowsers",1,3,"Two Bee"
ce09da65-bb8e-457e-872a-ea794ce1efce,"truckee",1,3,"Two Bee"
7ca2cec6-dd2a-44c1-bc0d-cd2b2dc7679f,"truculence",1,3,"Two Bee"
e9a658fb-c83a-485f-8cf2-90bd03669fde,"truereal",1,2,"One Bee"
96511cc5-c07e-4f5e-bdaf-dc06816d4d40,"truffle",1,2,"One Bee"
eaa0ecbc-a2cb-4820-b8a7-fe2724db5d75,"trumpet",1,4,"Three Bee"
9882bed0-6e9e-4b24-93a5-dc846d281f88,"truncate",1,4,"Three Bee"
b4b289ab-56c2-4e1e-849a-6ed218c8bd8c,"truncatetubers",1,2,"One Bee"
b04401bd-bc38-465d-a42e-8543bda78165,"truncheon",1,3,"Two Bee"
1921d1f5-58c3-4c38-9190-fd6fce34d029,"try",null,1,"One Bee"
14a3e64e-e2d2-4984-b325-0ccf6462cfea,"tryptophan",1,5,"Three Bee"
cdcaf1d3-19cc-4e2d-abed-1be5d948b37e,"tryptophanneophyte",1,5,"Three Bee"
e86f3839-ce9e-475c-ae83-927e9830d9d7,"tsk-tsked",null,3,"Two Bee"
a2341de6-3630-4e4f-833e-c609d81a55b3,"tsukupin",1,4,"Three Bee"
ec1f1728-a7d0-4e8d-839a-46f80d1aa562,"tsunami",1,4,"Three Bee"
4b0829ab-7fcc-493a-b332-4638617f58f4,"tuatara",1,4,"Three Bee"
8113de55-8733-4673-98da-c55103951c04,"tubers",1,4,"Three Bee"
8dcfccb9-bfe1-4106-8e27-bebec96addc7,"tubular",1,3,"Two Bee"
26b7d9c5-e073-4bc5-9220-05f633d9a18e,"tuffet",1,3,"Two Bee"
0a24bfdb-2fd6-4be7-b824-f64f5ff00144,"tug",null,1,"One Bee"
caeaa33a-29aa-4e33-b1da-7d54b97f421b,"tuition",1,3,"Two Bee"
b62ef1f4-4284-46e0-8adc-ccf42dddde4d,"tulipmyself",1,2,"One Bee"
10b67dc1-dfc8-43f3-9da6-4afab2ab3193,"tullibee",1,2,"One Bee"
8258ebda-6627-4a22-9e16-65738f6c0cef,"tulsi",1,4,"Three Bee"
9e4b21db-ae63-4a43-a9ab-0c4387e7db09,"tumbling",1,3,"Two Bee"
9022b643-58ca-41bc-883d-18fbca355587,"tumpline",1,3,"Two Bee"
c3817b21-b031-4020-9dce-933b9a95bec0,"tumultuouscommodore",1,5,"Three Bee"
3b7dd77b-0d2e-4833-9955-a156418510b4,"tumulus",1,4,"Three Bee"
3eae4136-5c78-4f99-a426-529c28906b58,"tungsten",1,3,"Two Bee"
4ac5223f-11dd-417a-b620-f635b6c220ba,"tunic",1,4,"Three Bee"
345edc70-9b73-4696-ac49-c86f20e16f56,"tunnel",1,2,"One Bee"
707b712f-e9d9-4a55-8f29-5cb9a687f8c9,"tupelo",1,3,"Two Bee"
29f1b5c2-5f66-43d9-a628-7de98ad6d1e7,"turban",1,3,"Two Bee"
e82e8c52-bac3-4c3e-880d-7a4adcc55de0,"turbinado",1,3,"Two Bee"
74b146be-d47e-4ee9-a936-e503d4bef020,"turbinadobrethren",1,3,"Two Bee"
9fbd2969-9337-4b31-a21f-47c540ec0caf,"turbulent",1,3,"Two Bee"
9d20c53a-25c2-4172-ac97-7448dda5f0ac,"turducken",1,3,"Two Bee"
33a22fad-b471-4a11-876d-34db5d304d2a,"turgor",1,3,"Two Bee"
d6790008-cf70-4fa3-b79b-8563e040d4e1,"turken",1,3,"Two Bee"
185dda6b-905f-4039-8846-11d9e1a30adb,"turkenriddance",null,2,"One Bee"
f52aaf45-6730-4b2a-aa2c-84bb7efbadd4,"turmeric",1,4,"Three Bee"
3eba7d2f-4912-4959-982f-d1c1ee2ce2a6,"turning",1,3,"Two Bee"
eb7d1cbc-2e87-45d0-8a1f-64daa4d04f4b,"turnip",1,2,"One Bee"
c01fa60f-d3b8-48f6-abfa-c94629fa88fa,"turophile",1,3,"Two Bee"
40ccdbc7-7442-4a0b-a082-1dc6b5e62645,"turpentine",1,3,"Two Bee"
239c66a7-7709-4242-b493-a47a7592281f,"turpitude",1,3,"Two Bee"
28fdadba-ab0d-4d1b-a618-82447f6c2788,"turquois",1,4,"Three Bee"
943de401-c218-4e9f-a938-8feb99be94b6,"turquoise",1,4,"Three Bee"
baa56cae-754f-40e8-95ce-537b4f7c39c0,"turret",1,2,"One Bee"
e77937c6-4bff-4847-8084-fdbe70b4065f,"turtle",1,2,"One Bee"
9ec6ea4a-b3ab-400e-8e59-59759ffba247,"tusche",1,4,"Three Bee"
91b16f21-6cc6-49e6-bc90-4cd56d30f06f,"tuschet",1,4,"Three Bee"
83a510c6-a639-4369-ab50-674ca70d0461,"tussle",1,2,"One Bee"
f3b8e8a4-8ddf-415a-b72d-333edb17c854,"tussock",1,3,"Two Bee"
e9932c4f-9ebb-4096-ad6c-929dc6f690de,"tutelage",1,3,"Two Bee"
0facef85-6a51-46e0-b240-90fef1457396,"tutorial",null,2,"One Bee"
d707457c-3b4d-4a53-acf1-7de5d7366d66,"tutti-frutti",null,3,"Two Bee"
8d9d76d2-32a6-4f8c-83ea-1b770e41fe15,"tutti-frutticantor",null,2,"One Bee"
e9faa4a7-709f-42e5-93cf-34757c32552b,"tuxedo",1,3,"Two Bee"
dd3b94fe-d36c-4dc5-ab5f-36575aaf2605,"twain",1,3,"Two Bee"
a12b9477-9016-4309-a56c-4fa8a654355b,"twang",1,3,"Two Bee"
487f2bfb-02d5-46f2-b1d9-d261ba41212c,"tweeholiday",null,2,"One Bee"
8be73965-29b6-4035-ae83-ca5502e3b52c,"twelve",1,3,"Two Bee"
2592beb6-db7f-4cfc-ac76-5f84e95ff567,"twilight",1,5,"Three Bee"
265f732f-2372-4bbe-8220-9e3063e74b7d,"twinge",1,2,"One Bee"
88fb583e-0e6e-469b-ae3f-2b6ba487239c,"twinklesnicker",null,3,"Two Bee"
d84d6e30-597e-494b-9569-d804c49dbc9f,"twirled",1,2,"One Bee"
8455413c-21cf-412d-8a25-990275061ebd,"twisting",1,3,"Two Bee"
317465df-90c2-4d1e-a029-eb147b4307ef,"twisty",1,2,"One Bee"
e80c91a3-a4df-4c8a-9b14-a52cb35e4b4a,"twitchy",1,2,"One Bee"
3fe17b6a-aeec-4c64-a8b4-1cc18170dd6a,"twitter",1,2,"One Bee"
a2e333d4-3def-47bf-99d2-3d29e17a2ca2,"tympanum",1,3,"Two Bee"
77b6991d-98fb-4f2d-9219-19f8ced6a145,"tympanumfisticuffs",null,3,"Two Bee"
592c90e0-b47a-4616-ad88-70e950452ae7,"typewriter",1,3,"Two Bee"
348fe7e4-542b-48f7-bdcd-8b7d88b415c5,"typhlology",1,3,"Two Bee"
378b6830-d0de-4351-b301-e5ec656d2576,"typhoean",1,5,"Three Bee"
bf4590eb-7126-415c-ade6-6ddd9eafc9a4,"typhoeanu",1,5,"Three Bee"
dfb42dd9-ed4a-4efc-b94c-7b797ac8d0cf,"typically",1,4,"Three Bee"
96b460d5-facc-4e52-bf0e-b3acf4881fb7,"typing",1,2,"One Bee"
85c7aa5b-321f-4145-98f4-1f8286468593,"tyrannical",1,3,"Two Bee"
e8512799-e0fb-4fcd-b6cf-4b9f20a3860b,"ubi",null,4,"Three Bee"
1ecfc718-82a9-43d6-abfd-891de48529ed,"ubiquinone",1,4,"Three Bee"
9dd2d33e-78c8-46fd-8549-a474b210edd1,"ubiquity",1,3,"Two Bee"
e612d724-373b-4beb-872a-0ab3058de904,"udon",1,3,"Two Bee"
a7b2e0ad-d3ef-4230-85f2-bf61c646ba16,"ufology",1,3,"Two Bee"
3cca00fb-db0b-46ae-ae3f-7a3052bfbe5a,"ugliness",1,2,"One Bee"
690a3de6-3d97-4da7-9366-5270c7fedc06,"ukrainian",1,3,"Two Bee"
b597e5c6-cf5e-44a1-8072-efcfa82b328b,"ullage",1,4,"Three Bee"
3b6d1e54-24b8-4e1c-9ca7-7cdcd9bf1bf8,"ulna",1,3,"Two Bee"
52a3f9f0-26a5-4cd4-83a9-9caf0dfa109b,"ulterior",1,3,"Two Bee"
6d0a6f70-baa1-4e4b-a8a0-cbf74260ce4e,"ultimate",1,3,"Two Bee"
4547a797-bd3d-4ff4-8821-146f819271c2,"ultimatum",1,3,"Two Bee"
f9bdafd6-19dd-46fe-8a8d-300664e00c73,"ultradian",1,3,"Two Bee"
9c5ff12d-9edf-4135-a131-51e5e6985d2c,"ululate",1,4,"Three Bee"
9dbacc8e-eed2-4952-8356-b188d56201e2,"umami",1,4,"Three Bee"
61aa3d22-ba6f-4b0e-b788-dfae94dfa7d3,"umbelliferous",1,3,"Two Bee"
c4095bb0-2e2a-4887-99f1-30be20a028dc,"umbilical",1,3,"Two Bee"
3d805e39-1ebc-48bf-a670-6c02c0c62d5f,"umbrage",1,3,"Two Bee"
22408bb7-3eb3-425c-807c-61744d93ab17,"umbrella",1,2,"One Bee"
aea24e78-aedf-49b4-acde-332ebe387879,"umpirage",1,3,"Two Bee"
d6de5677-500f-40ba-ab22-3dd47f1c83bc,"una",null,3,"Two Bee"
59a2d392-6bff-4078-996a-e9f4766107dd,"unabridged",1,2,"One Bee"
2cd78579-1270-45dd-9dd8-43f3c7ef62c0,"unacknowledged",1,5,"Three Bee"
b1300d83-2b45-4bb1-872b-dddd280ad9a7,"unakite",1,4,"Three Bee"
a6024abe-aa91-48a7-8fad-b0bb9844386b,"unanimous",1,3,"Two Bee"
bdcf33ba-cbe4-48d4-8d29-b8ba30647215,"unassuming",1,2,"One Bee"
eb9c8647-33e1-4b7a-bae6-3fa0899a0e43,"unbeknownst",1,2,"One Bee"
9fb57655-ac9d-4285-a333-7fb050e5e8e9,"uncanny",1,4,"Three Bee"
95270a5d-302c-48af-95bc-fe04960cdc33,"unchristened",1,3,"Two Bee"
7a93bc36-2f3e-4039-896d-0bad0fe58678,"unconscionable",1,3,"Two Bee"
81fa7da5-3ec3-461f-a6cd-0a57c661da17,"uncouth",1,3,"Two Bee"
7d77abd9-322f-4d31-822b-6313f2a5770e,"unctuous",1,3,"Two Bee"
8fee6536-0403-4943-a465-b0f6450e41fa,"undaunted",1,2,"One Bee"
b5cb50ad-fd20-4a29-8f5a-5fde938276b1,"undercroft",1,2,"One Bee"
a9583b45-e8b0-4ced-836f-9a38bf592b3c,"undergird",1,3,"Two Bee"
36c7596f-f43f-481f-ae38-856356028d31,"undergirdnoun",null,5,"Three Bee"
b2d8f471-8c83-4e3e-bfd0-dd84619de0a5,"understand",1,2,"One Bee"
597b087b-beb8-4688-a36e-ea6ac338848c,"understanding",1,2,"One Bee"
40d7bf02-1656-4441-941f-3b24cdbdd9dd,"undertake",1,2,"One Bee"
fb26df58-2e1b-4712-9d84-dc4ef594b677,"undertaken",1,2,"One Bee"
c480d6df-61db-423a-8fa6-32aee86887b4,"undine",1,4,"Three Bee"
418ecc3d-a3ed-4f1d-8cca-afde46ee62ab,"undulating",1,3,"Two Bee"
d1c66102-6d41-43b6-a1d9-6fa19366eb43,"uneasy",1,2,"One Bee"
ecc228f2-7386-4e42-9bdc-8e03f885b795,"unexpectedly",1,2,"One Bee"
7bc321e4-1244-405b-970c-b2475024c1f5,"unfazed",1,2,"One Bee"
d1925413-f680-467a-a039-2a02e1b3af64,"unfurl",1,2,"One Bee"
a845db81-0bb5-40fd-9d95-2c3a80423277,"ungetatable",1,3,"Two Bee"
f26b84f1-edd6-496f-9983-9ef99f5e63eb,"unguiculate",1,4,"Three Bee"
1fbf0191-048e-4060-a6bf-88aad5049813,"unilaterally",1,3,"Two Bee"
a27cc4f4-14c0-4232-9bc0-451d6ee56bd1,"unit",1,4,"Three Bee"
563251c0-44cb-4d5f-93e6-75ef5c830bbc,"united",1,2,"One Bee"
ac8bbe53-9607-4c49-9c32-ef36894333e4,"universal",1,2,"One Bee"
bf18fa65-1da6-41b2-b795-f641a4dea71b,"university",1,2,"One Bee"
ee8be179-d898-4d6f-bfd8-8658a9f2d901,"univocal",1,3,"Two Bee"
322a40e2-09ff-40b8-8a48-3f88ab1a8a0e,"univocalavarice",null,3,"Two Bee"
b4548bb2-90f7-423f-bdf9-66a53aefb5dc,"unkempt",1,3,"Two Bee"
42365d3c-261c-4f9b-9de5-9399ed46f96f,"unlike",1,2,"One Bee"
a341259b-e1be-4c92-b3b5-3e1c44aab6c5,"unmoored",1,3,"Two Bee"
8a4fcb91-ceb4-4224-b6fe-a833fe3d1c7a,"unnoticed",1,3,"Two Bee"
acfd16c7-936a-4018-b63c-48dc0a6e4744,"unprepossessing",null,5,"Three Bee"
5aff56c2-adb2-4eb5-9745-b5e7ca630352,"unremitting",1,3,"Two Bee"
94b8d4be-0b16-4d7b-ab2d-da31a883cdac,"unscathed",1,3,"Two Bee"
3cc6110a-23b2-4fe2-b686-b5ff9d5af322,"unscramble",1,2,"One Bee"
38ca49cc-95d3-4291-856b-72f92760f365,"unsportsmanlike",1,5,"Three Bee"
3b065f83-c1fa-402a-8fd9-d52d32be3ba1,"unsullied",1,4,"Three Bee"
3b45f1c5-2d9c-4693-9cc7-e6176ec1c290,"untenable",1,3,"Two Bee"
1b73f373-3f86-4c07-bcb0-1a866f4b6e9f,"untoward",1,3,"Two Bee"
d3ed3b8d-c1c4-4d6e-b2be-33b0137c3936,"unusual",1,2,"One Bee"
30a39ae1-050c-435a-a867-499a66512127,"unwonted",1,4,"Three Bee"
0421d26b-e35c-4b66-ac74-f3be62fac670,"upanisads",1,4,"Three Bee"
3fc54718-cd5f-4761-bc8a-6eedc6fb456a,"upanishads",1,4,"Three Bee"
6328bb24-6dd4-4e8a-bfdd-2370b443f77c,"upbeat",1,3,"Two Bee"
d5d365bb-9a68-44c5-9fbf-3c178f12c1db,"upbraid",1,3,"Two Bee"
9e5e0d96-342f-46a3-8627-55b7a6be4589,"upholstery",1,5,"Three Bee"
6be9f21f-c463-4bb1-b6b1-bfd73757d829,"uplift",1,2,"One Bee"
fdde262a-7c8a-4f97-83f0-dee4034697dd,"uppercut",1,2,"One Bee"
b3d11dfa-beea-463d-84df-382372f06cc0,"upright",1,2,"One Bee"
6457416a-3450-45bb-b5e2-77766ed7c116,"uproar",1,3,"Two Bee"
94e70fe2-0cf7-42e6-bf62-323785729ad5,"upshot",1,2,"One Bee"
a19584e6-3e87-4763-99d5-a4f375f35aa2,"upsilon",1,3,"Two Bee"
102d36e2-384b-4eac-a256-ded8d4acad8d,"upsilonsakura",null,5,"Three Bee"
cd7547ed-eac7-44d0-a9a2-4df1facb840d,"urad",1,4,"Three Bee"
6b5cc5f1-05d6-410f-978b-8745c5cfcef9,"uraeus",1,4,"Three Bee"
65e2d3a8-cdfc-43c0-8143-108a615aee02,"uranium",1,3,"Two Bee"
f3e788c7-3afd-4ab9-b95b-3fe99f12a785,"urbanely",1,3,"Two Bee"
cc12c819-a766-40d4-85f2-93ef96bf8289,"urchins",1,4,"Three Bee"
07a6fd60-8d89-4858-80b0-6b3d51d5e10c,"urgency",1,2,"One Bee"
6c4380c8-da69-4db6-b824-b8d68dc61d32,"urgencybifurcate",null,3,"Two Bee"
7712009e-50b3-4b7e-ac86-ad625cfeef46,"ursine",1,3,"Two Bee"
55411ff5-ed7d-4b06-8027-9b1e92fa68e7,"urticaria",1,4,"Three Bee"
e4a1048b-ba8a-430d-a00d-79b0c3da8b03,"urushiol",1,4,"Three Bee"
f25affc2-b184-4a2c-bf9f-f7df7ee91455,"usable",1,3,"Two Bee"
1ddd8c88-7076-4b08-b3b5-413c21716393,"used",1,3,"Two Bee"
2a833f2c-e33e-4553-a87e-0f86111c964d,"useful",1,2,"One Bee"
f0dd31ed-b506-4b3e-b0a1-d04769eda610,"ushabti",1,4,"Three Bee"
018a5502-d925-40fa-aa27-dec4ae0a412d,"ushuaia",1,4,"Three Bee"
eb9e4667-852e-4f3a-89bf-62f1c45c25ab,"ustion",1,4,"Three Bee"
d355d134-c5ce-46c1-9344-938af202720b,"usual",1,3,"Two Bee"
3ff42fa6-838b-49a6-9cca-26d1520c76bc,"usually",1,2,"One Bee"
3184a8e0-fcce-487f-8a93-71beabc39b24,"usufruct",1,4,"Three Bee"
a22cf07c-9d4e-40f6-9ed5-eef3b57559b2,"usurper",1,3,"Two Bee"
4cabbf10-9b64-4c87-a3ac-48cdb93c6279,"utilitarian",1,3,"Two Bee"
23318585-c20a-4202-9174-3999de75f2f2,"utterable",1,2,"One Bee"
6f646a54-7f3b-42e4-84bb-ad6b651e212f,"uveal",1,3,"Two Bee"
0c4dce8e-49c2-41ca-b080-ef5e4d342606,"uvula",1,3,"Two Bee"
03e58ea9-03ef-4c18-b498-1ffd47248840,"uvulaenumerated",null,3,"Two Bee"
4933c7e5-de73-4eab-b54a-aaa440ff063d,"vacancy",1,3,"Two Bee"
ee147223-7291-415b-9a0e-fe651405dd99,"vacation",1,2,"One Bee"
4454b9ba-6de5-4941-b279-b27acfd21cea,"vaccary",1,4,"Three Bee"
b76b9e8d-ed80-4968-a97a-01b739dcdf76,"vaccination",1,3,"Two Bee"
a1a5a4fd-19cf-4a26-b9e9-9f5fc9ad408d,"vacillate",1,3,"Two Bee"
1bea8f3e-3a71-4c24-ba93-5f952e02cc2c,"vacuousness",1,3,"Two Bee"
1a169b04-b842-480f-bb3f-f076301b57fb,"vacuum",1,2,"One Bee"
2a5f2ecc-965c-40b2-8706-b7e886b3aa97,"vagabonds",1,3,"Two Bee"
f0079435-6615-4798-a821-7f93a53664a2,"vagary",1,3,"Two Bee"
f8762808-ed1d-4567-a1ac-1e50802f9c9c,"vague",1,3,"Two Bee"
54e88af5-e4ef-4a89-9247-eb7c77a0d313,"vainglorious",1,3,"Two Bee"
63e4c40d-2bd2-4932-a068-9df50bc35392,"valedictorian",1,3,"Two Bee"
7067c6f0-d08b-45a0-89b1-d7939b1ab68f,"valerian",1,3,"Two Bee"
5851e3a6-e9ab-4d15-bba7-9f2fc7c2894b,"valetudinary",1,5,"Three Bee"
4bcb8921-3672-488a-87ea-6c2d9e20638a,"valiant",1,3,"Two Bee"
86aafb9a-94cb-44ef-9825-cc7fbc71b573,"valkyrian",1,4,"Three Bee"
a15e26cb-1c83-4e12-9b17-73a8abb7a499,"valley",1,3,"Two Bee"
8f602f86-4c87-426c-94c5-d6c43757074b,"valorous",1,3,"Two Bee"
b027e01e-ac18-4530-bfd7-a1518fa2de57,"valourous",1,3,"Two Bee"
7ea8243c-6dce-4112-9f35-d87ebe06c268,"valuator",1,3,"Two Bee"
26834b16-487e-4afe-9ce9-d82f26052899,"valvata",1,4,"Three Bee"
1836cbc9-f76e-4f5a-a9a3-fa178ac68ae0,"vambrace",1,4,"Three Bee"
e9b3bd21-eaae-493a-9539-d2c0647f1766,"vancouver",1,4,"Three Bee"
f412e66d-e66e-4af7-8e85-a99e657b5564,"vandalize",1,3,"Two Bee"
98216c75-5613-420c-8759-3dc871b498b7,"vandalizechancellor",null,3,"Two Bee"
9e326278-597f-4b64-8cfe-e55b943d1b4f,"vane",1,3,"Two Bee"
427d25ba-7db4-47b4-be4b-93a1f76a2017,"vanguard",1,3,"Two Bee"
1f51368b-a025-4ea8-8035-b643181adda1,"vanity",1,3,"Two Bee"
7cf7e8c2-a0f9-4107-9f76-a78b25527793,"vanquish",1,3,"Two Bee"
fd8cc235-79d8-4dca-9404-760c8b0030e8,"vantage",1,3,"Two Bee"
1d8b2365-1059-4397-a5ed-dc9bbe152e57,"vanuatu",1,2,"One Bee"
932a196c-89fa-486d-968a-99710321b71c,"vaporetto",1,3,"Two Bee"
7475530c-4f3a-4b4a-b7e8-4dbc21f6abbc,"varicella",1,4,"Three Bee"
6f1f0995-5f8a-41af-88ac-b1b4bac061ba,"varicose",1,3,"Two Bee"
eee7404b-2626-4762-b9e9-353991c1d335,"variegated",1,3,"Two Bee"
48666485-b01a-46a0-96cd-51654857fa48,"varieties",1,2,"One Bee"
95659663-ebd0-4147-94f0-f770140f87a2,"variety",1,2,"One Bee"
0c8d836e-cf7a-4149-b1c8-85731dfb7acd,"various",1,2,"One Bee"
cac1cfc9-a7a1-40df-a280-8cc8c430a6a2,"variscite",1,4,"Three Bee"
65e94737-1b4d-475f-9f48-cf8a3bc3dd57,"varnish",1,2,"One Bee"
2eb4f7de-8f9c-4b70-84c4-738a81c123bc,"varsity",1,2,"One Bee"
405eac92-2ee2-4ff5-8208-9c15dfb28506,"vascular",1,2,"One Bee"
083891f1-c346-49ef-9ea2-b53c1c90c512,"vaseline",1,3,"Two Bee"
f2a71411-f966-40a1-8321-fa7817f43755,"vases",1,4,"Three Bee"
b6c763c8-8cb2-40bf-9225-6e93af172d81,"vassal",1,4,"Three Bee"
7dffa56f-f092-4557-bc0a-1b168f64ba56,"vatican",1,3,"Two Bee"
ba2b6c07-548b-4262-a9ff-48669e3afded,"vaudeville",1,3,"Two Bee"
27ebaf07-bd79-41c6-9c3a-b6e086d4d611,"veered",1,2,"One Bee"
f6b3f238-4b37-454f-bacf-42e46a1d4d1e,"veganism",1,3,"Two Bee"
ac0ce1a3-0b7a-48de-b115-06c317bf9fb9,"vegetables",1,4,"Three Bee"
fd84e2ac-7947-468a-9417-a0862babed24,"vegetarian",1,3,"Two Bee"
0fdc90ef-1320-4d07-908b-25097b5164ae,"vehemence",1,3,"Two Bee"
2efb98d2-d977-4bb1-be37-97ad54504b1d,"vehicular",1,3,"Two Bee"
fbdabdc3-223a-43d9-8dc6-61fb1ec2b57a,"velamen",1,4,"Three Bee"
3bb7a0bc-7c3b-4903-b8bd-4d0169460169,"velcro",1,2,"One Bee"
99a475bc-a115-4835-81bf-d50c08eeaab5,"vellum",1,3,"Two Bee"
93d71f17-325b-4f91-9aaa-96deab292a04,"velociraptor",1,3,"Two Bee"
ddbd51f6-ed54-438e-8a51-36c9ead7013b,"velouté",1,2,"One Bee"
7b8b6278-1845-4720-868b-9ce4364a1a1f,"velvet",1,2,"One Bee"
0811ce72-6996-4da7-8007-3b7c5c051937,"vendage",1,3,"Two Bee"
c8847854-a70e-45ba-9945-dfe8e8f3ba34,"vendetta",1,2,"One Bee"
138794a6-f2d5-4a22-be5a-d5a9fa7fe200,"vendors",1,2,"One Bee"
1af39d9a-2de0-40c8-9b3d-c0d58dc4c91d,"veneer",1,3,"Two Bee"
1da0a994-5f37-41d9-8dfb-bdf7b89d3ac3,"veneernoun",null,3,"Two Bee"
0f752dbc-6b71-46e7-b22e-1150df6a2603,"venenate",1,4,"Three Bee"
81db83fe-f8ee-41b2-a145-493d14228954,"venerable",1,3,"Two Bee"
2fe3f2fa-4ad1-45bf-9ac7-769147c13472,"venezuela",1,4,"Three Bee"
f76de018-960b-4588-9904-1831923fc350,"vengeance",1,3,"Two Bee"
2809ee9b-b6a9-43cb-a8a5-50c8d8d5e470,"venial",1,3,"Two Bee"
cc38cf3d-e074-4060-8247-71fd44ed06fe,"venomous",1,3,"Two Bee"
52bf74f3-6a40-496e-b1b9-5676b4afd097,"ventail",1,3,"Two Bee"
58c17868-7e99-4c9d-a9c7-7b9b63df6c9f,"ventricle",1,3,"Two Bee"
f982ca26-bc01-42cd-b0f6-a0c46a42264e,"ventriloquy",1,3,"Two Bee"
c78da54a-fb28-4da3-89db-3c19badecaa9,"venture",1,4,"Three Bee"
393e80c6-ac66-4f67-acee-dda3e43de4f9,"ventured",1,3,"Two Bee"
e993497f-8549-49dd-8979-bb071f10b33a,"veracity",1,3,"Two Bee"
17195089-b69e-4a9a-a25b-24eb6d014277,"verandahs",1,4,"Three Bee"
2feec24a-6ec4-40b4-a87f-328d76e42697,"verandas",1,4,"Three Bee"
8b0e6650-da1a-426c-8e0f-1bd5bbaa6845,"verbatim",1,3,"Two Bee"
8601a39d-e6a9-49d5-a6ae-3bcb72f01f4b,"verbena",1,3,"Two Bee"
971bdfd8-106a-4037-9c64-0b4573f9d43c,"verbiage",1,2,"One Bee"
ec573ad9-4e93-49f8-b981-49b3400dd044,"verdure",1,4,"Three Bee"
eb5239d8-808a-4fcd-bccb-6dd3195aeee5,"veridical",1,4,"Three Bee"
b3217d4b-e0da-4dfc-9b60-7432b8ab5e8b,"verisimilitude",1,5,"Three Bee"
b7f0dd7c-27fd-4881-bd1a-38bed10c429c,"verism",1,3,"Two Bee"
37901357-cc3f-4f2f-968e-84553f6c16f3,"veritable",1,3,"Two Bee"
87ea9832-daca-47bf-b686-f78f117cee7f,"vermeil",1,4,"Three Bee"
63be965c-0652-42e3-a7be-9c118bf5d6bc,"vermicelli",1,4,"Three Bee"
07662b98-21c1-4c22-8d45-f76543ccfc84,"vermicide",1,3,"Two Bee"
20428f9d-7805-48f8-bdec-baa47592e13b,"vermin",1,3,"Two Bee"
e44de546-5c83-4c44-9f2d-4873b4e4369f,"vernal",1,3,"Two Bee"
d94e1660-1aea-4779-81d7-78a9a7095c8d,"vernalaardvark",null,3,"Two Bee"
4031f246-1c5b-4163-a220-4711ffe95ae2,"veronique",1,4,"Three Bee"
533ee2cb-dc5a-4c53-911c-008c5e398835,"véronique",1,2,"One Bee; Three Bee; Two Bee"
81acd157-3cb7-4e86-9d27-0c61f0b183a5,"versa",1,3,"Two Bee"
fe244593-3825-4204-ab28-705890c22fb8,"versailles",1,4,"Three Bee"
a82efa9f-da66-4ed7-8b42-efbb792c1294,"versatile",1,2,"One Bee"
0b3f3f5f-cfa0-40d2-bace-97592cfd97e1,"versiera",1,2,"One Bee"
ab2f93a6-23bc-453a-a643-52eca16dc371,"version",1,2,"One Bee"
92971938-abfd-4575-a0f6-515163dc898d,"vertebral",1,3,"Two Bee"
d7468499-4d9d-4d07-b391-6b203f40a001,"vertebrates",1,2,"One Bee"
5d0c4a61-8c12-4253-9555-54c0e1c44d09,"vertere",1,2,"One Bee"
b10c1905-93b3-4680-81a9-330fdcc91895,"vertical",1,3,"Two Bee"
89cdff8e-1163-4e07-b9bf-5a87f7fdde8e,"vertigo",1,3,"Two Bee"
079f07f1-e1f7-4ca7-bfc3-d2c63b37c195,"vervain",1,4,"Three Bee"
5aacff4b-e004-4628-bc26-7d94b466a210,"verve",1,3,"Two Bee"
be0e024d-0e4f-4962-b036-9e64f424b786,"verylast",null,2,"One Bee"
d2d1481b-68c1-49d6-b81c-227055463a78,"vespertine",1,3,"Two Bee"
79de7e5a-13a2-4522-bd9e-4358358f1205,"vestibule",1,3,"Two Bee"
181f3a76-2580-4c49-a766-cd317ae03c08,"vestigial",1,4,"Three Bee"
7445afd1-91a9-4a74-96f4-5fd5afa22a95,"vestments",1,4,"Three Bee"
c9352d57-976b-4e5a-8b72-a78be6b3e0bb,"vesuvian",1,4,"Three Bee"
e7d1f587-1184-43e1-ac3e-ed59a71a4827,"veteran",1,2,"One Bee"
b46b85f5-cd42-4737-90ae-8c6be28800be,"veterinarian",1,5,"Three Bee"
6ce8eaed-2cee-4d6e-b9a9-ac733eb9d10e,"vetiver",1,3,"Two Bee"
05ce9007-e9dc-4581-9615-f56ef772bea0,"vetoed",1,3,"Two Bee"
b8cbaba5-3fcd-4c6a-b88f-d788ce8d501c,"vexatious",1,3,"Two Bee"
453e6501-a00d-4db5-a176-c4756e3b71bc,"vexillologist",1,5,"Three Bee"
69751776-01b0-4271-bea9-e0baca70cb8e,"vial",1,4,"Three Bee"
77dca4fd-df2c-485d-9fc4-4924c0f2647a,"viaticum",1,4,"Three Bee"
985075c1-74fb-42f9-940a-dc1684565d0d,"vibrant",1,3,"Two Bee"
fc994476-6c06-47f9-b134-00dae1630273,"vicarious",1,3,"Two Bee"
d778780f-d4d2-4940-b214-9315d787bc18,"vice",1,3,"Two Bee"
dcb41c0e-64dd-4cb1-9ddb-4a2c9802a88b,"vicenary",1,3,"Two Bee"
6ea14842-4913-41d1-99a0-45fcfc8c4ef6,"viceroy",1,3,"Two Bee"
f1b93d74-ab06-4b1e-a8cd-7498ba676125,"vicinity",1,4,"Three Bee"
fceeff8f-7e25-4529-80be-b054db3c54b5,"vicissitudes",1,5,"Three Bee"
8f4c11fe-6e88-447f-bf20-7ea49e422d80,"victimology",1,3,"Two Bee"
7126fbb1-1f0a-46d6-83eb-325517495cf2,"victorian",1,3,"Two Bee"
37b8a005-5052-4b18-b0e0-c6e43aa6a9c6,"vide",1,4,"Three Bee"
6b955d87-d7b5-4540-afe6-3493df246dec,"vigil",1,3,"Two Bee"
6cef1375-f808-4d1d-9f85-35ca33123cae,"vigilvincible",null,3,"Two Bee"
6b684f0c-8082-4b4b-a49b-fb2c62810e9d,"vigneron",1,4,"Three Bee"
7aa341be-4028-410b-8249-4ded84a98543,"vignette",1,4,"Three Bee"
1a73fcde-2ba2-4738-846a-c2d527bccb07,"vilipend",1,4,"Three Bee"
7a9d8c58-33f7-4eec-95e9-90188f954772,"village",1,3,"Two Bee"
d9cc6d4c-6541-419c-89ad-68609701505f,"villainous",1,4,"Three Bee"
c9c948d3-c8fa-44fa-af38-456d3d63ee56,"villanelle",1,4,"Three Bee"
47cd8b8b-80e3-4dd2-bbcc-c251065fa023,"villi",1,4,"Three Bee"
3d377e1a-d92b-4bfe-913e-3e42567c50c4,"vinaceous",1,4,"Three Bee"
1e42ba9a-3c94-493e-9859-d99db4d65a21,"vinaigrette",1,4,"Three Bee"
5ea8e628-d22b-43e2-9ecb-7ab96ad0c97d,"vincible",1,3,"Two Bee"
bc90bc50-ace1-435e-b2ab-76eef4555bfa,"vindictive",1,2,"One Bee"
6e4794ef-b0e9-45ab-b72a-385bb49d6048,"vindictiveattitudes",null,5,"Three Bee"
47fc6d9e-4f41-4c91-8e23-f1ae1fb41be4,"vinegar",1,2,"One Bee"
d3ff9631-d707-49d2-86a5-8a533095a190,"vinegarfiduciary",null,3,"Two Bee"
00789a5a-99f2-4943-9758-0079149bcf83,"vineyard",1,2,"One Bee"
7a749e18-2e35-41c5-8005-b13ea9800914,"vinyl",1,3,"Two Bee"
25a8677a-d68d-4a89-83de-0e6cdab7e38d,"violaceous",1,4,"Three Bee"
0cc5f79c-4ecc-4fe8-8904-b9abeb840229,"violate",1,2,"One Bee"
677020d0-1e86-40c9-9ecd-d66d37e8981f,"violating",1,4,"Three Bee"
6a8d7079-0f21-462f-ba8d-f0cffe18a531,"violence",1,4,"Three Bee"
dd5be905-19b8-47fb-9e9f-844e7d72eab2,"violet",1,2,"One Bee"
73c4a636-09f6-4d44-9d9b-cf03b7c286bc,"violin",1,3,"Two Bee"
66422142-587a-47db-8972-2f2e1a60298a,"vireo",1,4,"Three Bee"
864c86d4-8bbe-4185-a6be-024a4a506ba0,"virga",1,3,"Two Bee"
af235154-592f-4656-84d5-f817cdb8696d,"virgin",1,2,"One Bee; Three Bee; Two Bee"
bab8018b-1bee-4bad-8576-625c7942fd65,"virtually",1,2,"One Bee"
d7478264-f6b5-43e9-b7ea-6adaf2a30fc9,"virtuallyvisibility",null,5,"Three Bee"
9a5aebc8-93b4-4746-8323-7d72091699c3,"virulence",1,3,"Two Bee"
efb65780-e15e-4b7f-8aad-32621056cd7f,"vis",null,3,"Two Bee"
f5af2ebf-15ea-4c00-8eb5-587c2d90c147,"visage",1,3,"Two Bee"
27b38676-a070-402e-aa73-04e9d44a2066,"viscidity",1,3,"Two Bee"
eb6acf55-05ab-45e1-8dcc-9134b04efbb1,"viscidityw",null,4,"Three Bee"
bde072d8-49b6-4c20-93f5-d3805901d626,"viscount",1,3,"Two Bee"
f6a93f27-ec11-4279-ba0e-a8f347f6bfd9,"visibility",1,2,"One Bee"
b67a1698-5969-4afe-a651-76d86324e6a6,"vision",1,3,"Two Bee"
bd21835c-3f78-4e24-bfa7-a7277a71e222,"visite",1,4,"Three Bee"
8c79ccdd-f477-4b72-a2d6-db3bc7e9fc33,"vitae",1,4,"Three Bee"
600bc507-ea78-464d-8d94-2bce5ce81183,"vitiate",1,4,"Three Bee"
17b49669-3b3e-4ea8-bd37-baf4feb95485,"vitiatespodumene",null,5,"Three Bee"
a0a75ac9-1cbc-41e0-b091-2989e0316d9c,"vitreous",1,3,"Two Bee"
b2ad6025-4ea6-4a6a-8f6c-0abe02c9c2d7,"vitriolic",1,3,"Two Bee"
8b7d9ad1-79bd-4f13-8257-6be9e72dfc51,"vituline",1,3,"Two Bee"
54f0ad0c-8f0c-43a0-b6cf-c0329d137c80,"vituperative",1,5,"Three Bee"
fdb1466d-9fc1-496e-9b4e-aa45ffe0b374,"vivacious",1,3,"Two Bee"
e02819c1-cf04-491b-b60c-b64f7743db09,"vivaciousxenoglossy",null,3,"Two Bee"
63146e88-230d-4ee6-9b9e-0376c3d42bd9,"vividly",1,3,"Two Bee"
2677f47d-e0c4-47d4-96ca-c5393942561f,"vivre",1,3,"Two Bee"
56e0c283-96bd-4a77-851e-4bafe88e609e,"vizierial",1,4,"Three Bee"
92743bc9-77f9-438c-9f13-450eb20dfb86,"vizierialcrescive",null,5,"Three Bee"
84256519-4702-46a9-a6e7-54c5c8e56d33,"vizierialnoun",null,5,"Three Bee"
98688406-8024-4cb0-b644-334fd0f366db,"vlogging",1,2,"One Bee"
30991bf0-6036-4b3f-b26a-98bc6153f62c,"vocabularies",1,2,"One Bee; Two Bee"
617a73ed-74de-445b-9b92-23dacadd1fd4,"vocabulary",1,2,"One Bee"
653410f9-51c0-4426-b4da-a08e092b0dec,"voceinesculent",null,5,"Three Bee"
32207694-4b76-48aa-8910-a4cd75927369,"vociferous",1,4,"Three Bee"
2e4a1666-9521-4de3-a1b2-705c650ea8de,"voila",1,3,"Two Bee"
4b979971-b9da-42ad-bf2a-e7276d606a94,"volary",1,3,"Two Bee"
bb7e9761-05a0-4c2a-a7c5-1a3fefa0698c,"volatile",1,3,"Two Bee"
f3da85c6-707c-4339-aea9-5737519f5a8d,"volcano",1,2,"One Bee"
df04de07-a885-4f53-b97a-153f4cd95a48,"volery",1,3,"Two Bee"
05f72a34-1817-4937-8335-14be64e68195,"volition",1,3,"Two Bee"
b70dc474-6a98-4cef-8eee-ac74b213a9b3,"voltammetry",1,4,"Three Bee"
9e7bf06a-0983-4241-8187-86d2ddad4221,"volucrine",1,3,"Two Bee"
9253a8c1-13bf-4ec1-ae79-f57107147b8b,"volumetric",1,3,"Two Bee"
ef8b3316-103c-45f8-8218-546eb31599e1,"voluminous",1,3,"Two Bee"
d5e16c4a-257c-415b-9f90-39a55777fc4e,"voluntary",1,2,"One Bee"
9467e353-17ea-4809-b55e-f5db8e79ba61,"voraciousnoun",null,3,"Two Bee"
8219a5eb-acde-4900-933a-b25fcc1eb87c,"vortices",1,3,"Two Bee"
ac49e7c3-58fa-442a-9053-5b451e528c8d,"votive",1,4,"Three Bee"
8706abe1-6b68-445c-923b-e7fbeedf3d08,"vowel",1,4,"Three Bee"
bde8723c-8cd5-46d7-8498-8a80309d1a18,"voyage",1,3,"Two Bee"
ca2b6596-a298-4533-8ed3-e1be1711fcf5,"vue",null,3,"Two Bee"
9910afa7-5411-403d-8125-da2add453aa3,"vulcan",1,3,"Two Bee"
1d2d10ea-5a66-4919-9351-d69c53fe09d7,"vulpine",1,2,"One Bee"
3e6659ea-b3a5-4fea-9fec-67f4773d7de2,"vultures",1,3,"Two Bee"
a168e47d-87bb-4b13-b933-325296a5912e,"vuvuzela",1,4,"Three Bee"
cc568e8a-3c21-4e06-b274-92afa7b0527e,"wabeno",1,4,"Three Bee"
2c194951-c366-4159-8caa-4187ae83c158,"waf",null,4,"Three Bee"
f16ff1b6-f2e3-48d8-95bf-3d091963a1ef,"wafting",1,3,"Two Bee"
36aba9b1-ca97-4a8c-8482-af60184dbace,"wag",null,1,"One Bee"
ba1fe8d9-892e-48a8-9d3a-e727ae1e6d76,"wagon",1,3,"Two Bee"
c3a0e1d0-9ca6-41dd-848d-55a9f25ea02e,"wahine",1,4,"Three Bee"
79e31ea8-e8ba-4c73-9182-d63fc06a800b,"waist",1,3,"Two Bee"
7fe10a75-6615-4920-8ef8-ee1030682b24,"waited",1,2,"One Bee"
3767e47d-ca00-453e-ab9f-fe1e68f833b0,"waiter",1,4,"Three Bee"
106ff718-52d9-4df6-a5fb-ab3e5108ef2c,"waiver",1,2,"One Bee"
1721febf-e1cf-4591-a88d-a5a271774fd6,"wakame",1,4,"Three Bee"
50f19ccc-d5cd-4486-9be9-8e6ebe7c1727,"wales",1,3,"Two Bee"
e7eab0ba-cb92-466b-902f-4c3954652e36,"walk",1,4,"Three Bee"
3473f66f-3615-4064-b1ed-277610b88588,"wallaby",1,3,"Two Bee"
94120412-dc6f-4679-8b49-1ac9b75b7ff9,"walnut",1,2,"One Bee"
0912c0d0-8c26-4cde-bc38-a1954d8ee62f,"walter",1,3,"Two Bee"
994637ea-9a38-4d31-a8f3-6f7ce384dcb0,"wamble",1,2,"One Bee"
4531044d-3700-44cb-82ca-c60ad85a6ad9,"wampanoag",1,4,"Three Bee"
2e12c16c-5800-467a-9611-2366756a1bfa,"wan",null,1,"One Bee"
059d2527-dee9-426c-b497-b318b6c7f58a,"wanted",null,2,"One Bee"
9f051438-f211-4136-b7e9-a3d037b38efe,"wapiti",1,4,"Three Bee"
6b2bb380-b8ec-41e7-ad85-056b360a4e2b,"wapitiweka",null,4,"Three Bee"
7e20d912-57e7-42f3-984f-24242743ea92,"warden",1,4,"Three Bee"
b1c9c6dc-932c-4574-b83a-130ec2dee962,"wardrobe",1,3,"Two Bee"
ebbb052c-77e0-486b-9431-9531e967356d,"warison",1,4,"Three Bee"
9ea8c5a5-6fb2-40cf-a470-90e0897630a9,"warning",1,2,"One Bee"
06422c55-1938-48f2-9e0a-8f2da5d9b574,"warrior",1,3,"Two Bee"
78ae0f94-737d-4fc7-ba3f-590f7f79f63d,"washing",1,2,"One Bee"
3eeacb47-7ece-4d03-9e57-b4aef484d18b,"washington",1,2,"One Bee; Three Bee; Two Bee"
5b176aa3-d699-4679-9e13-15f84eaefa38,"wassail",1,4,"Three Bee"
fce08c2a-3d37-4e66-b40e-c15c43befe12,"wasteweir",null,4,"Three Bee"
0b4f029d-6e8b-49ce-89c0-4b64111548a1,"watched",1,2,"One Bee; Three Bee; Two Bee"
30ab44a9-0e6e-4f46-bb02-01a51e4f23d6,"waters",1,4,"Three Bee"
92d946a4-0d28-4430-b374-c385ef83c0ef,"wattage",1,2,"One Bee"
d73a88ae-dd58-4872-8a21-54fc99a712f8,"wattles",1,3,"Two Bee"
b104f008-4ee3-4984-b685-f3d880e2587a,"wave",1,4,"Three Bee"
1638f6f3-fb28-4d23-9b34-268c6f8a8e91,"ways",1,4,"Three Bee"
4c28b51a-f474-41f3-a8e2-d6dec90b11f3,"wayward",1,3,"Two Bee"
75318fe4-437f-49a3-9625-7664794f7384,"weakness",1,2,"One Bee"
14cba719-b0f7-47ec-b3df-f827d202dda1,"wealdblink",null,2,"One Bee"
ace7a3f2-3863-4dbc-9437-c1b637328688,"wealthy",1,2,"One Bee"
91ee2602-af5b-4f90-8f97-cc2fcc784631,"weaponry",1,2,"One Bee"
430395f8-f8bf-48e2-bddf-b70f93da85dc,"wearing",1,4,"Three Bee"
61e8f985-7248-407a-976d-a6e12fe38e44,"wearisome",1,3,"Two Bee"
b2f6bad5-ec02-4225-bc17-87ff486a9b11,"weasels",1,3,"Two Bee"
df1904c5-41c4-4cfd-93e2-44fd0552bf5d,"weather",1,2,"One Bee"
851ca7c1-b687-4fa2-a5b9-8aea19aba2bc,"weave",1,3,"Two Bee"
0f32a6e1-c23e-439b-935f-113418d82712,"webisode",1,2,"One Bee"
92388f2f-5d1f-4055-9608-6c94240ac7e9,"webster",1,2,"One Bee; Three Bee; Two Bee"
a84b4208-f857-4343-b1ff-57ff4852c4f0,"websterian",1,3,"Two Bee"
c3111389-4ce4-4f3e-8c4a-f981c39272e0,"wedding",1,2,"One Bee"
9658cf90-e2c9-44f4-8f51-45530da6ba24,"wednesday",1,3,"Two Bee"
326d7af4-8663-4719-adad-0eeebc420ce3,"weevil",1,2,"One Bee"
5d1b91a6-27d1-465d-9f8b-d2d1d8f3b4c7,"weigh",1,5,"Three Bee"
8a17d117-e540-4c3d-a077-86eb69edd314,"weird",1,3,"Two Bee"
46ce3456-6a86-497f-ab64-0270a743f515,"weka",1,4,"Three Bee"
fae777a8-7a98-4836-bc06-149111a5243d,"welcome",1,2,"One Bee"
723a3e76-4779-4b97-921a-79cd47e3b83c,"welding",1,2,"One Bee"
cf2b3b50-9309-42cb-baa0-c06154959959,"welsh",1,4,"Three Bee"
4a1e47b2-afc7-44e1-b1b5-d7988fbe7ac2,"welterweight",1,2,"One Bee"
e525bb9d-5b3f-4ec0-b2c8-acb78218d52d,"weltschmerz",1,4,"Three Bee"
6dea3b3d-5fa3-4534-b72d-9575b6b5c809,"wensleydale",1,4,"Three Bee"
bae9278b-12dd-4c48-9e40-04d3bc267d8a,"wentletrap",1,4,"Three Bee"
f10d727b-9e95-4464-a58c-c266f4ea5349,"werf",1,4,"Three Bee"
5b07904d-8ba4-453f-bd90-029bc1080761,"western",1,2,"One Bee"
3631938f-4d03-4ec0-8cd4-33a393df0d10,"whakapapa",1,4,"Three Bee"
1b0ab267-432b-4c9e-abf1-bbc101ddffe1,"whales",1,3,"Two Bee"
7a5486dd-2e0e-4d67-ae43-3a0266563b05,"wheedle",1,2,"One Bee"
1defc60e-87b5-48f7-888c-201174aae863,"wheezy",1,3,"Two Bee"
d350192d-252a-4505-83a3-880795126c88,"whereas",1,2,"One Bee"
25fd6085-4115-4a3e-a602-095be5ab9501,"wherewithal",1,3,"Two Bee"
174315f0-7df4-4197-91e6-2dda4ab35b6f,"whet",1,3,"Two Bee"
7a789cff-f5ce-452c-aa11-9d19df6aabf2,"whetnoun",null,4,"Three Bee"
b364cdcd-9789-4cce-b541-6376842deff1,"wheytrademarks",null,3,"Two Bee"
61da35f1-f938-43e5-b5cf-12df385f4078,"whidah",1,4,"Three Bee"
2ebb3453-ba77-4ac3-b8ea-3b52131f14b0,"whimperbracelet",null,3,"Two Bee"
cd3dcd45-9b52-4b6c-96cb-53356d43c95e,"whimsical",1,2,"One Bee"
04e6ddb0-e174-405d-9fac-f8bdc0feac7c,"whippoorwill",1,5,"Three Bee"
5d167dee-1623-4c95-aab8-537d7fc67f61,"whippoorwillficus",null,5,"Three Bee"
6bea4ed5-a8cf-4e23-941c-4b24dae71e00,"whirlybird",1,2,"One Bee"
ab8eab9c-aa67-4d52-886a-1a19eab5cd56,"whiskers",1,2,"One Bee"
3ae00f2b-2998-4557-8198-97a3dddce045,"whisper",1,2,"One Bee"
da023efd-b829-488a-9007-192bf7e83b97,"white",1,3,"Two Bee"
e28e97c7-be9f-489f-aab4-c647c763cacd,"whittle",1,2,"One Bee"
a90d2263-aef1-4c46-ac5b-a365b4acaa6b,"whizzed",1,3,"Two Bee"
714ae870-01ff-480c-bd7e-b763f7f84e71,"wholehearted",1,2,"One Bee"
fa24161c-ee71-4fac-b0f8-97d1ea75755a,"why",null,1,"One Bee"
82775ea0-e966-43eb-852b-79d5dbcb1f58,"whydah",1,4,"Three Bee"
cc19a88b-eb2f-4915-88d7-5232573428d5,"wi-fi",null,3,"Two Bee"
44a6b0c4-53b2-4350-b498-e050016ecc25,"wickiup",1,4,"Three Bee"
6604e08f-6e36-4b0d-8049-d02f99f16b4d,"widdershins",1,3,"Two Bee"
50af67af-8dbf-44aa-9310-478192289eae,"widely",1,4,"Three Bee"
a518fa20-893d-4200-866f-fb36c7cd42ad,"widget",1,2,"One Bee"
e255c5de-d447-44e9-bae1-6a4f30b21450,"wieldscuppers",null,2,"One Bee"
83ced3c8-22f9-4116-a440-39eab6dc70eb,"wiesbadenmontmorency",null,5,"Three Bee"
2c5497c1-12bc-4ed9-8400-e5de247c7e16,"wigan",null,4,"Three Bee"
90f47f20-92a5-4070-b916-19114938b502,"wiggle",null,2,"One Bee"
68a45d71-2ba0-4688-bf99-957e1c53fe30,"wilco",null,3,"Two Bee"
47525730-1971-47ef-889b-468d9effabeb,"wildcat",null,2,"One Bee"
33967437-a6bd-431d-b3dc-3a8517c5c17c,"wimple",null,2,"One Bee"
2b9a9c1a-b0aa-4b48-a211-46d80ef5af9f,"wince",null,1,"One Bee"
a7ce408d-e47c-406e-90cc-73b9e93482ed,"windbaggery",null,2,"One Bee"
e0258fb9-9490-420d-a692-30d48b085d1a,"window",null,2,"One Bee"
8516983e-0b94-4488-ab27-29708a7c095b,"winegrower",null,4,"Three Bee"
da50b78d-884a-4864-bd9b-2834e9d12c00,"wings",null,4,"Three Bee"
e1b01aa3-c3a0-4167-aaad-47e448f416a8,"winnow",null,2,"One Bee"
aa5fbaeb-e30a-4ed9-8633-ba708ff9f120,"winsome",null,2,"One Bee"
5f3a3155-d377-479c-bc7d-ca4162510a0b,"wisdom",null,3,"Two Bee"
c18503f3-4c94-477e-b106-50306f795c68,"wish",null,1,"One Bee"
5b368191-f8fc-4f6e-a8db-c5904a6ccd35,"wistful",null,2,"One Bee"
5282f9be-6d15-4c24-a558-779850652181,"withered",null,3,"Two Bee"
99431c17-0621-48fe-b065-3d48b6659673,"withers",null,3,"Two Bee"
2e99bb91-f83b-4649-9105-a3720833eab4,"without",null,3,"Two Bee"
82f4a5a2-a3dd-40ae-94b1-b2674826cba2,"wizard",null,3,"Two Bee"
4c4fadd8-f95a-46bb-97bb-dad525ac765b,"wizened",null,4,"Three Bee"
13f0c716-03a6-48d6-afca-188a962bd92c,"woad",null,4,"Three Bee"
c33b257c-bfc4-425b-b835-b7a5280b20ef,"wobbulator",null,3,"Two Bee"
bf224ac2-3952-4377-9a64-6d56055c3825,"wobbulatormahogany",null,3,"Two Bee"
eba49a40-fb9b-4720-a6f6-8e84d8ed2c5a,"woebegone",null,3,"Two Bee"
524685ac-4fa4-47cc-b052-f7f2c3e6106e,"wok",null,4,"Three Bee"
0170d59d-9405-4f3c-bb67-b279b25aa547,"wolfsbane",null,3,"Two Bee"
f74ba36d-3667-47c6-9754-f9b0e9b1684a,"woman",null,4,"Three Bee"
05a466c7-2d63-419e-9368-ac7fe4788895,"wombat",null,2,"One Bee"
46486bd9-c138-4522-babc-ea20cde292e1,"women",null,1,"One Bee"
d811a524-a237-40f5-90a7-6c2c76f1244b,"womyn",null,1,"One Bee"
e40b44d1-b5b9-4f34-8e86-b4ffaa12024e,"wonder",null,2,"One Bee"
c865234f-e75f-4f60-b984-f66baee01b4b,"wood",null,4,"Three Bee"
4e5af4df-ffb2-4dbc-9454-67873f662f4c,"wootz",null,3,"Two Bee"
bf0d58f7-ad7e-4f84-9b55-94294fd879fb,"wordmonger",null,2,"One Bee"
e127db57-9749-4427-a442-4c0265195156,"workhorse",null,2,"One Bee"
e67d08e5-8859-4f1c-a3b6-41bd76363a09,"worldmath",null,2,"One Bee"
35e5b02f-7f65-40ca-993f-d871f3aad503,"worried",null,2,"One Bee"
b0fcda71-0f9c-4d9c-a29f-ba79427a08f9,"worrywart",null,2,"One Bee"
08fcaa96-d10e-4b7b-8abb-166d04fef5d3,"worse",null,1,"One Bee"
ba04a480-af15-404a-804f-10eb1fe1d2cf,"worth",null,1,"One Bee"
c932805e-3c71-4aa3-90b6-685ae99e58a1,"wow",null,1,"One Bee"
019f272a-96d8-472b-ad95-518add9ea05a,"wraith",null,3,"Two Bee"
01fab887-6818-47e1-8421-5585d1c3ed63,"wrath",null,4,"Three Bee"
d61593b9-2624-450a-ae7d-256c0e8815d8,"wreaked",null,3,"Two Bee"
cf6d78cc-ab41-4914-9943-0a510644c8c4,"wreath",null,3,"Two Bee"
25c69587-6a56-4e09-938b-04455d3c48cc,"wreckage",null,3,"Two Bee"
3e0ac8c2-13bc-47f3-bce3-817738c5bd10,"wren",null,3,"Two Bee"
1850d504-eb2f-4eeb-a5c7-f7924cb74dc5,"wrench",null,3,"Two Bee"
56c0fca7-e8c0-41ff-bc19-47de8fc63f96,"wrenches",null,2,"One Bee"
ec4a41ff-483e-48be-87d4-5f49a3e12973,"wrestle",null,3,"Two Bee"
fa2637c6-fe7a-4592-acd5-94ba01e40fa6,"wretched",null,3,"Two Bee"
c293af12-e2ec-4dd7-99c3-15d01632909f,"wriggle",null,2,"One Bee"
007a3672-f051-47f7-958f-c2e61e1efa8a,"wring",null,1,"One Bee"
5a9c1be9-0bf2-403e-9300-c4b7a78f14d2,"writers",null,3,"Two Bee"
32eb8b4b-215c-4e52-8b27-c024e4625e94,"writhes",null,4,"Three Bee"
8f7e85ed-438c-4098-8bb5-a20a0e725304,"written",null,2,"One Bee"
fb61141f-0c1c-498f-a3e8-a95448c1a801,"wunderkind",null,3,"Two Bee"
77fcf424-b631-487a-b7e3-ee67b7871f24,"wushu",null,4,"Three Bee"
eb17360f-e858-4402-8f50-2d43552554b4,"xenoglossy",null,3,"Two Bee"
4c74c9eb-a65d-4384-9b61-90adb24ff23c,"xerogel",null,4,"Three Bee"
e343a21f-b448-4f52-bb2e-a957c20774fd,"xiphias",null,5,"Three Bee"
a7c52f42-b8a3-4bd5-8940-115de209f76d,"xiphophyllous",null,5,"Three Bee"
97c34117-8233-4dd4-9268-ba444ba363a9,"xylem",null,4,"Three Bee"
4f4afdbd-0e38-445c-9eb7-b3262df4dbec,"xyloglyphy",null,5,"Three Bee"
978e482e-7fe8-4b97-8ec9-db05e37dae63,"xylyl",null,4,"Three Bee"
d4cb858e-ef51-4c3d-8f7a-a69250e7eb96,"yabbies",null,3,"Two Bee"
7b242dfb-cdaa-449c-bbca-f675cd8aeb78,"yakitori",null,4,"Three Bee"
0b2cd4b8-aaef-415b-80e2-5c9fde8af28b,"yakitoripejorate",null,5,"Three Bee"
826417fb-68f2-4551-86c0-d6ba12790fdd,"yammer",null,2,"One Bee"
9a668899-107d-40f3-b7f3-6519068dbf92,"yankee",null,2,"One Bee"
fb3fa806-b470-4b5b-ac29-43481ab7002e,"yardang",null,3,"Two Bee"
75967b67-e937-4245-92a2-ef05488bef66,"yarn",null,1,"One Bee"
822e5695-19f3-469d-938c-d962962b52dc,"yawl",null,1,"One Bee"
c8df8684-6b25-4c64-a6eb-5dd9462ff54d,"yawmeter",null,3,"Two Bee"
4dd0b46e-2667-4b6d-a9b6-6c663006a15a,"yeanling",null,2,"One Bee"
e05f96ae-e51d-4eb9-a298-67c78e0b24be,"yearn",null,1,"One Bee"
d8aedfdf-16ec-43b3-aed4-7ae413a9ccac,"yeatsian",null,4,"Three Bee"
489d4e93-9cad-4300-8cba-7bc2d2b5d525,"yellowfin",null,2,"One Bee"
b4e69104-616c-45a2-84a0-6903dcb588e8,"yeoman",null,3,"Two Bee"
51a799b2-d0c4-4787-b5b0-8ddf082aaebb,"yesterday",null,3,"Two Bee"
2f097cfd-5431-42f2-bd7d-f89267a0e85b,"yeti",null,1,"One Bee"
7ceafc1b-6d25-41ea-ad30-b8619da7b360,"yippee",null,2,"One Bee"
f4dee173-3e56-4499-a20d-8ba33aad1a8a,"yoga",null,3,"Two Bee"
4f210fa5-e47b-4197-bf6f-2a20e81edb70,"yolks",null,4,"Three Bee"
0d5a869c-eaa0-4619-a25b-9ec8ee77aafc,"yom",null,4,"Three Bee"
0193d7a2-e2a4-45ab-8767-d281d4227101,"yonder",null,2,"One Bee"
6efb30b3-cbfc-4933-a998-39620af10385,"yoo-hoo",null,2,"One Bee"
b18fb443-cc36-4905-a7b1-ca3dee87380d,"yore",null,1,"One Bee"
cc56e411-bd67-42f1-aaf5-1f7acdf5a0e4,"yorkshire",null,3,"Two Bee"
a0cbd05d-5133-42a9-95c8-59165920f4ce,"yoruba",null,3,"Two Bee"
58eb27d2-9509-4f91-b92d-6627dfb39ea1,"yosenabe",null,4,"Three Bee"
189d8d0f-6095-4cf0-a59e-20d98784ad34,"young",null,1,"One Bee"
1f777c41-dce3-4b2f-9e52-85c0a174e7c4,"yttriferous",null,4,"Three Bee"
f46333d6-1430-4dd9-8122-eee1c822670f,"yuga",null,4,"Three Bee"
98bfe782-e6bf-4451-8852-0290cf377a7e,"yuloh",null,4,"Three Bee"
ec4766d2-6f84-4114-a33b-cd4024e40dba,"yurt",null,3,"Two Bee"
ed5cdd92-6d42-4045-9a02-aa46d9c86531,"yuzu",null,4,"Three Bee"
65f6d7c9-547f-497b-a8cc-eb0966cd125f,"zabaglione",null,4,"Three Bee"
bb25eec2-2704-4fe8-8ac8-5ce08b60568d,"zacate",null,4,"Three Bee"
b80324a9-ffae-4267-bb50-c41e1b2837cc,"zaibatsu",null,4,"Three Bee"
c1c47c79-1ccb-4aef-accc-bc06eae57c9b,"zamboni",null,4,"Three Bee"
95015e37-ed45-4c50-a1c4-170d6a16a4d8,"zamboniblarney",null,3,"Two Bee"
0e38132a-552a-4845-b1ec-7f1672d65fd7,"zanni",null,4,"Three Bee"
267d6da9-7b9a-493d-9548-9945a795b95d,"zapateado",null,4,"Three Bee"
93ce9c54-231e-470b-b245-937093c9b1b1,"zazen",null,3,"Two Bee"
585edfa0-32db-40b4-96f3-8eaad68d0363,"zazencabochon",null,5,"Three Bee"
f5b473c4-8f8b-4a29-a3a3-af05d92292a4,"zdarsky",null,4,"Three Bee"
989d1140-43e5-4367-b43c-ee873556fe89,"zebra",null,1,"One Bee"
8b5a71e3-169f-4a1d-ab00-2f4d6ef95157,"zeitgeist",null,3,"Two Bee"
5f025ec8-cfb3-4da2-a94d-5f1e107b111a,"zemi",null,4,"Three Bee"
bc15c2a2-39bb-4c6f-9b5b-9b87ae605b87,"zephyr",2,3,"Two Bee"
f2410802-859d-41ad-94a6-891967d07180,"zeppelin",null,3,"Two Bee"
b9534f89-18c7-443a-ad84-375bddd29a00,"ziggurat",null,4,"Three Bee"
7028dd76-e789-44aa-a8bb-c63da9d78664,"zimbabwe",null,4,"Three Bee"
6e6da5bb-bb2d-4771-b368-99a040bc6179,"zimocca",null,4,"Three Bee"
8130e1e0-cc23-4528-a49e-492e59ac6593,"zip",null,1,"One Bee"
85fe33f1-b635-448d-ad43-2167998b7a92,"zirconium",null,3,"Two Bee"
a8e491be-655a-4ea2-81f7-606ceb6ad345,"zither",null,3,"Two Bee"
ea539748-f822-4ac2-8b81-9769b88578c6,"zithersustain",null,2,"One Bee"
79bd95de-e410-4996-adfd-984e4999edeb,"zocalo",null,3,"Two Bee"
3ffe624d-b5ff-42e4-8598-53a1b1ba61fc,"zodiac",null,3,"Two Bee"
23940fbe-9e99-4cf3-b789-45d2a3d0f0e9,"zoetic",null,3,"Two Bee"
c913e213-f640-4928-ad10-4bd907bd21f7,"zoolatry",null,3,"Two Bee"
c711e2e9-e1f0-42e5-9fd6-5e2f3f2942c5,"zoomed",null,2,"One Bee"
d3391ed3-1329-4c77-b6a5-f8087901a518,"zortzico",null,4,"Three Bee"
6d0c9780-5017-4b4a-9018-152b15cd4eb6,"zowie",null,3,"Two Bee"
4eb893a1-b916-405a-aef8-a83fe00a4876,"zugzwang",null,4,"Three Bee"
ac5a9af1-986a-480c-a199-e6eeb681ced2,"zugzwangterre",null,5,"Three Bee"
9fc41fd7-5aa7-4c01-bad5-48e3a3daf580,"zurna",null,3,"Two Bee"
a3d86800-6c87-49db-99e1-29984502311a,"zydeco",null,3,"Two Bee"
96a9f4db-3207-466f-8650-8cae76cc516f,"zygote",null,2,"One Bee"
46547399-89df-4712-8b62-ae738542d29f,"zygotea",null,3,"Two Bee"
08d7dad8-3fd9-4f88-b54d-6743dd77cf06,"zygotenoun",null,3,"Two Bee"
4e9b44cc-89fe-4777-bb88-d14ec2db7963,"zymurgy",null,4,"Three Bee"
267a3154-d2ce-4230-8049-5046f40475e6,"zyzomys",null,4,"Three Bee"
d02334a8-1e97-40ad-b8e5-c9f62299957e,"zyzomysadjective",null,5,"Three Bee"