id,word,old_level,new_level,definition_preview
6817d6b8-2730-475c-8921-a17430f8d33a,"aaccdi",null,2,"a random combination of letters that does not form"
f07eb1b4-e1bb-4738-b9d2-46f73cb81aa6,"aachen",3,2,"a city in western germany near the borders with be"
26fede2f-30df-4a7f-aeb3-2d4b16b9f313,"aal",null,1,"a type of freshwater eel found in europe and north"
87f02329-332b-4902-9d3d-bb5e34928750,"abaft",3,2,"located toward or at the stern (rear) of a ship; b"
ee704465-1ada-48dd-a3eb-bb5ca5bbc72b,"abandon",3,2,"to give up completely; to desert or leave behind; "
86aa76a8-781a-45c4-86f5-d647f08a4a7c,"abandoned",2,3,"having been deserted or left behind; given up comp"
b9f41970-43c9-4b16-8fa7-641524b577e7,"abashed",3,2,"feeling embarrassed, ashamed, or disconcerted; mad"
797d29d2-a8a3-40ea-b04f-0300dc1ad652,"abated",3,2,"became less intense or widespread; decreased in fo"
b8df0003-e582-4138-85d1-d946e7862fbb,"abbreviations",2,3,"shortened forms of words or phrases, typically cre"
e4c78e28-c64d-4619-a032-0c0c2cc195b6,"abdomen",3,2,"the part of the body containing the digestive orga"
b2a8459e-b41d-404f-b12a-fdaad61b87ea,"abhenry",3,2,"a unit of electrical inductance equal to one billi"
c33b7766-e008-48e4-becb-bb6e0d9e28ec,"abhijay",3,2,"a sanskrit name meaning "victorious" or "triumphan"
87bbbf99-e0a7-4ccb-8610-f543a72dba48,"ablation",2,3,"the surgical removal of body tissue; the erosive w"
b382ad89-6842-47dc-8c7f-2dcc3e3980f9,"ablaut",3,2,"a systematic change in the vowel of a word root to"
06b090d5-9ed3-4e1c-a864-16cf5acee292,"able",2,1,"having the power, skill, means, or opportunity to "
a42f9cb6-b139-4459-9b2e-92454ddcafbe,"abnegationbeguile",null,5,"the act of denying oneself or renouncing personal "
2f4c06d3-bb7c-4dfa-9d7d-eb186cfae8a9,"abodes",3,2,"places where people live; dwellings or residences,"
fef27317-3590-4fa4-ab1d-985b3ace9dbc,"abomasum",2,3,"the fourth and final stomach chamber of ruminant a"
b2db83f4-211b-47db-a2de-4bdeecb1d111,"aboriginal",2,3,"relating to the indigenous inhabitants of a region"
21bb38da-f3c6-4715-ac8a-ba8cb8561f98,"abraum",3,2,"waste material or overburden removed from a mine s"
e4938edd-c13e-445c-b1d2-c897ba910fe3,"abscess",3,2,"a localized collection of pus in body tissue, caus"
693c4975-106a-4ab6-9d48-59a31ccfd5da,"abscond",3,2,"to leave hurriedly and secretly, typically to avoi"
ee3147ae-182f-4f91-817e-79e4d37fedca,"absent",3,2,"not present in a place or at an event; missing fro"
05206c78-23f3-4bf7-8cc1-7913c225e087,"abstrusenephrolith",null,5,"a kidney stone that is difficult to see or detect."
07e98d5a-5c40-43a6-9d26-0d9b26bf8086,"absurdly",2,3,"in a manner that is wildly unreasonable, illogical"
d25bba40-ab5f-4417-93b4-fc7c1661c2db,"abundance",2,3,"a very large quantity of something; plentifulness."
983d5a81-bb5c-4cfa-8d9a-3e434a343767,"abundancecalamitous",null,5,"a large quantity or amount of something; an abunda"
1d30258f-990e-4407-a353-dd501e9896a0,"abysmal",3,2,"extremely bad or appalling; resembling or befittin"
b42e9fea-0992-43ca-b006-7527d1b44121,"acacia",3,2,"a type of tree or shrub with yellow or white flowe"
b32c0ab6-ef97-47d4-98e1-938880a59808,"acade",3,5,"an archaic or variant form referring to an academy"
7909f5cc-fb9a-4b55-b887-8b6710b33fe5,"academese",4,3,"the jargon or specialized language used in academi"
01167fd7-3f63-429b-8067-ef37ce1cbe80,"academy",3,2,"an institution of higher learning; a school or col"
985dd8bc-8245-446c-a9ed-30434a4cddfc,"accent",3,2,"a distinctive way of pronouncing a language; empha"
0fa95ea9-b637-44d5-abe5-ed07dae75b55,"accept",3,2,"to receive willingly; to agree to or approve of; t"
3c394a44-e96a-4efa-ac34-985e2b434715,"acceptable",2,3,"satisfactory; meeting minimum standards; adequate "
a88507ff-245d-4156-920a-a9d4e92c6947,"accommodations",2,3,"lodging and food provided for travelers; adjustmen"
702df439-3e50-41c4-a146-64ac63690b2e,"accomplishments",2,3,"things that have been achieved successfully; skill"
8d7dda83-91ce-46b4-917d-c72fde2a8203,"accrual",3,2,"the accumulation or increase of something over tim"
47862ae3-1628-4639-889e-d348e34f8b59,"accuse",4,2,"to charge someone with wrongdoing; to blame or cla"
8fb85df5-192b-48ef-a111-225ba35b6bbb,"aceituna",2,3,"spanish word for olive; the small oval fruit of th"
058e9aed-4a2a-40c0-a915-237771117246,"acequia",3,2,"an irrigation ditch or canal, especially in the so"
3d0d6f31-243d-4278-a32c-aa729f3d7710,"acerola",3,2,"a small cherry-like fruit from the west indies, ex"
38eb7f7d-9715-49b5-802c-9f07ccae80be,"acetone",3,4,"a colorless, flammable liquid chemical compound us"
1d10a6ea-38c9-44e9-b1be-94e6dd3e519f,"acharya",3,2,"a hindu or buddhist spiritual teacher or guru; a l"
2feaa92e-b2da-4c95-8925-988b34443312,"ached",3,2,"past tense of ache; experienced a continuous dull "
d8089284-4242-44c9-bd25-293c8c900713,"acicula",3,2,"a needle-like structure or appendage; a small, sha"
ce9e1264-99ed-4f85-bb1c-81f7230f01b5,"acidophilus",2,3,"a type of beneficial bacteria (lactobacillus acido"
e44a30de-0a21-4334-925a-d33027a96634,"acoel",3,2,"a type of simple, flatworm-like marine animal with"
0e4bbf62-de20-4383-920d-c8b4ef4cdcd2,"acorn",3,2,"the nut of an oak tree; a hard-shelled seed that s"
68020422-eea0-48b3-95b2-6236742a99e2,"acquaintance",2,3,"a person known slightly but not intimately; famili"
1056d222-5cfc-411c-9e5a-8e529cf164cd,"acquit",3,2,"to declare someone not guilty of a criminal charge"
5eefc52e-97e9-4b91-9eb1-40f9e548d4c8,"acquitcapnometer",null,5,"a device used to measure the amount of carbon diox"
771b8bfe-ea14-4c6e-a2aa-53a80612eb36,"acral",3,2,"relating to the extremities of the body; pertainin"
657810df-1222-4ea3-b1af-ae7192f013f3,"acrid",3,2,"having a strong, unpleasant, and sharp smell or ta"
d4e8693c-dbff-4b16-b01a-af032884160d,"acrogeria",3,5,"a rare genetic disorder causing premature aging of"
eff25e5d-6e8e-4f20-abe0-c69d42653437,"acronym",3,2,"a word formed from the initial letters of other wo"
b6e483cc-7f59-4712-8614-21f7508640c4,"activities",2,3,"things that people do; actions or tasks, especiall"
6db7c8eb-3df5-4947-92ae-8d6a3c7e16a9,"activity",2,3,"the state of being active; a specific deed, action"
a658407f-759e-45d2-8d94-2798c685e30e,"acumen",3,2,"the ability to make good judgments and quick decis"
fc4d8578-2a80-4c80-94a0-5aea02b617d9,"acupuncture",3,4,"a traditional chinese medical practice involving t"
527d5597-4d2d-49e2-a097-ac5bb1a42742,"acutely",3,2,"in an intense or sharp manner; with keen perceptio"
cfa5932c-2f9b-4001-aa6a-fb49d700e16e,"adage",3,2,"a traditional saying expressing a common experienc"
d6d723ef-d182-4d7f-a3af-ee4dd02b8840,"addendum",2,3,"an additional item or supplement added to a book, "
b480805d-e403-44d3-82e9-33fb9b9d0135,"adding",3,4,"the act of putting together or combining; includin"
03229e16-0cdc-4103-a1dc-b978c4d00645,"addition",2,4,"the action of adding something; a mathematical ope"
dd25ebcc-e815-4949-982d-10c3486224be,"addle",3,2,"to make confused or muddled; to become rotten or s"
b56a7d69-fa80-48ef-97be-dc642c5e93f8,"adduced",3,2,"cited as evidence or proof; brought forward as an "
a3d93f3f-e2cf-4db0-9539-e7df100638f9,"adélie",3,2,"a species of penguin found in antarctica, characte"
4b77fc63-cbd4-4a7a-998b-047ef36a01aa,"adieu",3,2,"a farewell; goodbye (used as an interjection or no"
80c7a25f-cf50-4d4a-89a6-10133360fd17,"adipose",3,2,"relating to or consisting of fat; fatty tissue tha"
1ed51ba3-e749-4001-9050-99ff1e33eaf1,"adirondack",2,3,"relating to a mountain region in upstate new york;"
055938e6-0e9d-43ae-89ef-72de1678234e,"adjectives",2,3,"words that describe or modify nouns or pronouns; m"
fced1c77-9a13-45df-9e05-2592b5f678b8,"adjudicatecaricature",null,5,"to officially judge or decide on a disputed matter"
07c1289b-4c2a-49ba-bbfc-1e83a37ba854,"adjure",3,2,"to urge or request earnestly; to command solemnly "
0812b1ef-e456-48b1-add0-0083d06d81ab,"admiration",2,3,"a feeling of respect and approval; the act of rega"
4ef16a71-c8f1-4d6e-ac78-aad7fca35cc0,"admirer",3,2,"a person who regards someone or something with res"
1ae6f8f6-a6cf-42cb-95ef-3d77d1881ea1,"admit",3,2,"to confess to be true; to allow someone to enter; "
3bcca28f-8310-41c9-a72d-1d3601e85553,"admonition",2,3,"a gentle or friendly reproof; advice or warning gi"
605f7e15-1ed2-4524-b79c-3c0ee54503ed,"adorned",3,2,"decorated or made more beautiful with ornaments; e"
19e920b7-95c6-4e05-8ad0-47868e472758,"adrift",3,2,"floating without being steered or anchored; lackin"
946e5113-2a5a-473b-955b-56ed4dd54478,"adsum",3,2,"latin phrase meaning "i am present" or "here"; use"
3fae83dc-795c-4856-85c6-236ee394eee0,"adverb",3,2,"a word that modifies a verb, adjective, or other a"
9152e906-ab12-445a-931a-ce68434aa073,"adversaria",2,3,"miscellaneous notes or observations; a commonplace"
65886a16-019d-4e09-9058-5911f1d0cdd9,"advertisement",2,3,"a public notice or announcement promoting a produc"
c9491c7b-c108-467f-93f6-a560f69d1fac,"advertizement",2,5,"an archaic or alternative spelling of advertisemen"
2893dd25-6b6a-4e9a-81d0-986e81e1aa8a,"adviser",3,2,"a person who gives advice or counsel; someone who "
8807b89f-8aea-40fc-84bd-6f37d0a0dcb7,"advocatoryaerobics",null,5,"the practice of speaking or writing in support of "
93ef5b70-7523-4753-9f3c-72fcab83be23,"adzuki",3,2,"a small reddish-brown bean commonly used in east a"
bb99fcec-1176-409c-ad65-dbfad6036551,"aegrotat",3,4,"a medical certificate stating that a student is to"
eded3edc-486b-4fb3-a590-20983124095b,"aerocele",3,4,"a medical condition involving an abnormal air-fill"
64cdac6d-5d62-4ec9-acab-26ddf9eeb170,"aes",null,1,"a metal that is a chemical element, typically gold"
1be727c1-9c49-426d-89a7-6aa477df9ffa,"aesir",3,2,"in norse mythology, the principal group of gods in"
34874c4a-5079-4ae1-8555-aa7c18528ccf,"aeterno",3,2,"latin phrase meaning "forever" or "for eternity"; "
2783f36c-efad-4f57-9d21-6013d5c24f1c,"aethalium",2,3,"a large, cushion-like mass of spores formed by cer"
a49dc400-93e5-4f33-9387-e08e0d6a8007,"aethaliumaffiche",null,5,"a type of slime mold that forms a network of tubul"
2bab6190-dd26-4a6a-82d0-6daea7928368,"afar",3,1,"at or to a great distance; far away in space or ti"
3a650cec-a10c-4f45-a4a2-0bc481e75efa,"affable",3,2,"easy to approach and talk to; friendly, good-natur"
df080628-e894-4a40-b333-28401452c43b,"affeer",4,2,"to assess or fix the amount of a fine or penalty; "
79f1230a-12f3-4050-9c5a-d4630716938c,"affiche",3,2,"a poster or public notice, especially one announci"
662c753b-1905-4725-9dfc-613b713b93ef,"affiliateaffluent",null,5,"a company or organization that promotes the produc"
15d611fd-16cc-46d2-8bf9-49d225683d4c,"affront",3,2,"an action or remark that causes outrage or offense"
bd08788c-51fa-4c13-be00-84cb4ce25b8e,"afghan",3,2,"a knitted or crocheted blanket; a person from afgh"
a625e626-0d15-41f7-9123-52aacc4eb05c,"afghanistan",2,3,"a landlocked country in central asia, bordered by "
05035283-01d8-4b38-86fc-98de9a0a1973,"afraid",3,2,"feeling fear or anxiety; worried about possible ha"
72a6ddf6-2138-401b-a253-8c9cffa45c51,"africa",3,2,"the second-largest continent in the world, located"
b96b5a4c-20d9-4b52-b2cc-e10b74cb240b,"afroth",3,2,"covered with froth or foam; in a frothy state; agi"
3243b1b8-88d7-419f-8dc5-0064c4574f18,"agalma",3,2,"in ancient greek art and religion, a sacred statue"
6994b707-7acf-47e5-84b7-a305ad87da76,"agate",3,2,"a hard, fine-grained variety of quartz with bands "
2074221f-7197-4552-b15e-49a3999e1ad4,"agave",3,2,"a succulent plant native to mexico and the southwe"
be113eb5-7b35-4935-9eb9-a3ade832eeec,"agility",2,3,"the ability to move quickly and easily; mental qui"
a3abdeee-c15a-4636-8307-9998f54a6ded,"aglaia",3,2,"in greek mythology, one of the three graces, repre"
1c52f495-f3c3-4c52-a34e-db00cfe72af1,"agnail",3,2,"a torn or detached piece of skin next to a fingern"
da1ec227-9f14-4daf-89be-2d735d60b0c3,"agnesi",3,4,"a mathematical curve named after maria gaetana agn"
aef7fecd-a532-4393-a37e-9ebb97558ddc,"agnomen",3,2,"an additional name or epithet, especially one give"
a52be253-3b68-4b19-b9da-e1a59fb1fdfa,"agrypnia",2,3,"persistent sleeplessness; chronic insomnia; the co"
be77a56b-312d-4414-88ff-3a1b64683aa9,"agrypniaague",null,3,"insomnia or inability to sleep."
6cf849fb-5311-44c1-a7c6-7b340e530852,"ague",3,1,"a fever characterized by fits of shivering and swe"
a1fdfae4-4400-4a2e-b9b7-3356b04fb8eb,"ahimsa",3,2,"the hindu and buddhist principle of non-violence t"
c18f5e15-1fcb-4335-b737-fa85b46c6157,"ahoy",3,1,"a nautical greeting or call used to attract attent"
f6d0cb84-e4cc-4de0-80c4-1f509b0aee63,"ahuatle",3,2,"the eggs of aquatic insects, especially water boat"
11bd80a8-187a-4094-b303-8770e43b37c1,"ahura",3,2,"in zoroastrianism, a divine being or deity; specif"
a45eda82-4852-4f17-ae95-c913c726d368,"aikido",3,2,"a japanese martial art that uses circular movement"
62b1051a-8171-462c-9474-232bf60f58be,"ailette",3,2,"a small plate of armor worn on the shoulder in med"
6105fa0e-adab-464c-83bc-23cee0383ad6,"ailment",2,3,"a minor illness or health problem; a disorder or c"
7ec40df3-4900-4eb6-9807-86a7de9854e7,"aioli",3,2,"a mediterranean sauce made of garlic, olive oil, a"
9e92dfc4-64fe-414c-b284-46864d45962f,"airing",3,2,"the action of broadcasting a program; exposure to "
bbe6b27e-e5f7-4ba4-8af1-853ca12af39b,"aisles",3,2,"passages between rows of seats or shelves; walkway"
72f9b3a1-504d-4933-909b-851ccf61c6a5,"aiuy",3,1,"a rare or obsolete term, possibly referring to a t"
cbe2d547-bfc1-4b9d-b890-2fe3160aa0de,"ajimez",3,2,"a type of arched window divided by a slender colum"
f129d383-95b1-405d-bcbe-0c035165ad5d,"akimbo",3,2,"with hands on the hips and elbows turned outward; "
8c2e32ed-28f1-4559-8ee4-7cee5ae96010,"akkum",3,2,"a type of traditional fermented beverage or prepar"
b34fe1d8-0c1f-418a-8226-e659d6b69234,"alai",3,1,"part of "jai alai," a fast ball game played with c"
4777f227-04a9-45be-8fe0-256e4ab99704,"alas",3,1,"an exclamation expressing grief, pity, or concern;"
686861e6-ab0b-47ec-bb9f-66dffcd41c8b,"alate",3,2,"having wings or wing-like extensions; in entomolog"
00205f92-c991-4d05-96f3-8fa9c5a835f9,"albeit",3,2,"although; even though; notwithstanding that."
3ac40265-acf5-4044-841d-9c0d82b46b2f,"alberta",3,2,"a province in western canada, known for its natura"
e4ee8ecb-9ae2-409b-82e8-e9ab0c78d93b,"albion",3,2,"an ancient poetic name for britain or england; the"
a90586c8-9435-43bc-9f8d-42e4c3e5adf9,"albuquerque",2,3,"the largest city in new mexico, united states."
fce043f1-b579-454b-8784-c38cd0dc4d86,"alcarraza",2,3,"a porous earthenware water jar used for cooling wa"
db2c8eda-2a5e-448c-89ba-1f2ec91b6932,"alembroth",2,4,"an alchemical salt, specifically a mixture of merc"
238463fe-a01b-4e85-b3cf-d19faac78b64,"alexandria",2,3,"an ancient city in egypt, founded by alexander the"
352884c2-70b8-4a04-bb4b-b6c9add4ad1d,"algae",3,2,"simple aquatic organisms, typically photosynthetic"
86913d2d-8cb9-4a01-a4eb-89c5ec24fd40,"algebraic",2,3,"relating to or involving algebra; expressed using "
26524662-0a8c-4429-8647-abd1aecfab20,"algiers",3,2,"the capital and largest city of algeria, located i"
84a0af7d-192e-4893-ba5c-5250373c589b,"alibi",3,2,"evidence that a person was elsewhere when a crime "
bc6f304b-2cd3-4948-83ec-d6f28fc770cb,"alienate",2,3,"to cause someone to become unfriendly or hostile; "
a5d6003e-c805-4d90-97f9-b154e810201b,"alighted",2,3,"past tense of alight; came down and settled; got o"
00aa7fd9-225c-4cba-b2bf-b053e11cc100,"alimentation",2,3,"the process of nourishing or being nourished; the "
c1aae921-431e-4b4a-995e-c5acacfa3211,"allée",3,2,"a tree-lined walkway or avenue, especially in a ga"
6ce22e87-9e33-47dc-aa94-184d297ff5c5,"allegedly",2,3,"according to claims or assertions; supposedly but "
ca5cf16e-bf8a-4cba-af83-816045c9f93f,"allelopathy",null,4,"the chemical inhibition of one plant by another du"
07359445-5758-4e3a-98bb-15861a756a72,"alleluiatic",2,3,"of or relating to alleluia; characterized by prais"
5099e870-b49c-4f72-bd46-01c59e379e72,"allochroous",2,3,"changing color; exhibiting different colors."
82808505-8e25-447d-bc1a-11cbc658b478,"allonym",3,2,"the name of another person, especially when used b"
5d4b4175-07e3-4f8a-9965-97b0b1015023,"alloy",3,2,"a mixture of metals; to mix metals or to combine d"
9f2477c3-2da1-4a98-9b90-44a115c2a439,"alluvialalma",2,3,"error: this appears to be two words incorrectly jo"
a84d3803-2bcd-4510-b203-2bd80975ce69,"alma",3,1,"soul; nourishing; often used in 'alma mater' (nour"
180d1bfd-c5a1-4f24-a168-afcfd0204c3d,"almoner",3,2,"a person who distributes alms (charity) on behalf "
90158fa2-83ce-4dac-9ded-aa61f94e4f90,"alms",2,1,"money or goods given to the poor as charity."
e0f17208-2ae4-4b68-8f6b-02f3f6b025c5,"almuerzo",2,3,"lunch; the midday meal (spanish term)."
35b84872-1cbb-422a-a986-e6e288658688,"aloha",3,2,"a hawaiian greeting meaning hello, goodbye, or lov"
4b0ac78e-4c79-4aab-84df-1427a9657e57,"along",3,2,"in company with; by the side of; throughout the le"
08d300e7-f2c3-4495-9788-708726b81d4c,"alongside",2,3,"close to and parallel with; next to; in cooperatio"
57e80d13-d36a-4b07-9a38-f468f6c6b46a,"alpaca",3,2,"a domesticated camelid from south america, valued "
00db558d-097f-4497-97ce-021e83c535ef,"alpestrine",2,3,"of or relating to high mountains; alpine; growing "
4f718576-243e-4497-9685-b53787d90f5c,"alpha",3,2,"the first letter of the greek alphabet; the beginn"
d1a2c83d-3c63-44c2-aab0-453a275a22bb,"alphabet",2,3,"a set of letters or symbols representing the basic"
9d8635e6-b3e7-4a89-be33-91607b308caf,"alphabetically",2,3,"in the order of the alphabet; arranged according t"
4ed0d0c1-e242-4e7e-add9-1a2ac1603fe3,"already",3,2,"by this time; before now; previously."
bda9a147-ceb8-48ea-a72a-cacc639cf170,"alternate",2,3,"to occur in turns; every other one; substitute."
46983b9e-4138-4572-af21-f7f088203312,"althorn",3,2,"a brass musical instrument similar to a french hor"
8c226eea-9b76-4ad3-99bb-4024881740c2,"altimeter",2,3,"an instrument that measures altitude or height abo"
4655e3af-d85f-4851-b359-5f1a992b3da1,"aluminum",2,3,"a lightweight, silvery-white metallic element."
fb2e5879-e0ea-4d4d-8835-0bbb8f051f19,"amalgam",3,2,"a mixture or blend; specifically, an alloy of merc"
cdff2eb8-5792-43a0-8227-c43ea1091a90,"amaryllis",2,3,"a bulbous plant with large, colorful, trumpet-shap"
a84b48c5-fa8e-4e9b-b35c-d421e4f88f3a,"amass",3,2,"to gather together or accumulate a large quantity "
4eb5db6d-4e8e-4984-b2ab-b920c5250455,"amazed",3,2,"past tense of amaze; filled with wonder and surpri"
3abc4d6e-33c0-4cb5-8b73-798bf386f637,"amazon",3,2,"a tall, strong woman warrior; the world's largest "
15dbb382-d610-411c-b10c-2ea1daad1af5,"ambidexterity",2,3,"the ability to use both hands equally well."
abc0cd31-c042-4649-aae8-c1fc3916ccde,"ambient",3,2,"relating to the immediate surroundings; environmen"
54be74fc-1feb-455e-a36e-1ce4b1bce572,"ambiguous",2,3,"having more than one possible meaning; unclear."
648dad13-d78d-48c3-887c-54187ef7c2af,"americana",2,3,"things associated with american culture, especiall"
36359939-c64d-4c0f-8f04-30557f7ec022,"americanaamiably",null,5,"behaving in a friendly, pleasant, and agreeable ma"
d16ca720-88bb-4dd9-ae3d-006b722294b7,"americanamonopolize",null,5,"to gain exclusive control or possession of a marke"
b2ad45be-4e1a-44da-86bf-7b3e60b26002,"amertoy",3,2,"a term that may refer to an american-made toy or a"
060a8554-c8c7-4e76-8ff1-186ad0d97150,"amid",3,1,"in the middle of; surrounded by."
54980d3c-56fc-4619-aca1-04a44213c206,"amidcathect",null,3,"to be in a state of emotional attachment or connec"
bf60cb79-6f50-4b34-9518-4fdf80333a85,"amigo",3,2,"friend (spanish term commonly used in english)."
161c3452-4ca2-4df1-9e3a-fa8bd25cce1c,"amil",3,1,"a historical term for a tax collector or revenue o"
8fb956dd-ee59-426d-878b-29162c96b740,"amino",3,2,"relating to amino acids, the building blocks of pr"
22c7a44d-8b72-414b-90fa-3daddd181f76,"amish",3,2,"relating to a conservative christian group known f"
70b48687-477a-4fd3-bc46-d9699656ca40,"amishamnesty",null,3,"a pardon granted to a group of people, especially "
0cbc4cf3-42ad-4d37-84cb-17b7583c5671,"amnesty",3,2,"an official pardon for people who have been convic"
8fea52b7-e5d7-437c-96f1-b015b403d589,"amount",3,2,"a quantity of something; to add up to a total."
cf6d6e3e-29d3-4744-8a97-adfea91cb929,"amour",3,2,"a love affair, especially a secret one."
78660818-f5f3-4e5a-b77e-70c44dbb9736,"amphistylar",2,3,"having columns at both ends (architectural term)."
83249544-e400-414b-8cf0-266c665c0e65,"amphitheater",2,3,"a round building with tiers of seats around a cent"
ff0bc7f7-8bc2-4361-a803-92e976837c32,"amphoras",2,3,"plural of amphora; ancient greek or roman jars wit"
96bce536-984d-4aba-a025-4dad377645cc,"amplify",3,2,"to make louder or stronger; to expand on details."
43c08f5d-22dc-4326-9ad4-151b85e3b5e4,"amulet",3,2,"a small ornament or piece of jewelry thought to gi"
3cee684e-b542-4641-80c8-e9a0c7ae4a96,"amuse",3,2,"to cause someone to find something funny; to enter"
059f3481-f681-4b23-85f6-da122d147f24,"amuse-gueule",null,3,"a small appetizer or hors d'oeuvre served before a"
abcbe472-9b7a-4d4a-a8a0-e6ac19100c84,"amusedpouch",null,3,"a small pouch or bag that is designed to be amusin"
a5abf461-3e6c-4f84-8f22-91fa413971a8,"anabolicjimberjawed",null,5,"a person with a strong, muscular build and a promi"
6ec7332f-e3e4-4061-9612-55886360fec5,"anachronism",2,3,"something belonging to a period other than that in"
fbccf9ac-f157-47b1-84a4-61aabd903697,"anaemic",3,2,"british spelling of anemic; lacking in color, spir"
47eb3039-f61c-4ad7-b04f-a6d4c7bba7cb,"analepsisanalgesia",null,5,"the restoration of a person to health or normal co"
de1b8aa7-56b0-4874-acd1-697ade84313c,"ananya",3,2,"a sanskrit name meaning 'unique' or 'incomparable'"
042515a4-7d3a-434d-96a6-fcf240ca2ee1,"anatomical",2,3,"relating to the structure of living organisms; per"
424b97ff-bd11-4bb3-9b07-d8f77ff8c97f,"ancho",3,2,"a type of dried poblano pepper used in mexican cui"
4bcc3ee1-79e9-4cca-a87b-24e44fe3d334,"ancien",3,2,"french word meaning 'former' or 'ancient'; used in"
e8a9d207-d07c-413f-af80-21169902e775,"ancient",3,2,"very old; belonging to the distant past; having ex"
d6249e88-e6dc-4995-9e80-31fe6e40b4e0,"andalusian",2,3,"relating to andalusia, a region in southern spain;"
5c9ea97a-3c6e-427b-a234-245731c730de,"andean",3,2,"relating to or characteristic of the andes mountai"
cf7b1ba7-1d62-40fb-b37b-39700afe6a84,"andeanscrawled",null,3,"a type of scrawling or writing that is characteris"
1cac6807-d56b-448f-b497-79ade6464ac1,"anecdotes",2,3,"short, amusing or interesting stories about real i"
f9a3a92b-b26c-4ee1-b821-4ad204ec9c06,"anemic",3,2,"suffering from anemia; lacking in color, spirit, o"
e0995b99-f95a-49ab-9630-e2ad5e7400f8,"anent",3,5,"concerning; with regard to; about (archaic or scot"
cebd3320-75ec-4a64-a0e4-52e2457268f8,"angiitis",3,4,"medical term for inflammation of blood vessels; al"
18543b6e-38b5-4a3f-92ee-a9e010aa7f82,"angolacontours",null,3,"the outline or shape of the land in angola, a coun"
85b7371a-c3fe-49c2-8fca-6850df6b52b3,"angora",3,2,"a soft fiber obtained from angora goats or rabbits"
dbfaa140-da5b-49b0-b61a-ef2c124d45eb,"angry",3,2,"feeling or showing strong displeasure or hostility"
dadda1ba-2316-4c11-8437-ce44a89f84fd,"anguish",3,2,"severe mental or physical pain or suffering; extre"
9a3dbbbe-1fe6-4799-a7c2-4ab3f0ccd63d,"angularconcomitant",null,5,"a related or accompanying circumstance or factor."
295de651-6b44-4d93-a3b0-a0c4b8156894,"angus",3,2,"a breed of beef cattle originally from scotland, k"
edc37770-4ad0-4c16-a787-998e768c97e4,"anhinga",3,2,"a large waterbird with a long neck and pointed bil"
fb8c8f32-3b53-43da-929b-6693947cb8fc,"anicca",3,2,"a buddhist concept meaning impermanence; the idea "
924ce652-ef1e-4223-a7f3-076a1eb787be,"animatronics",2,3,"the technology of creating lifelike robotic figure"
f6f26d21-cdba-4b6a-9992-40a072a3beef,"anime",3,2,"a style of japanese animation characterized by dis"
bfc4323c-fe56-4182-9513-af43180ca15b,"animus",3,2,"a feeling of strong dislike, ill will, or resentme"
500e73d7-088e-45d9-ba67-a3d31dc4b75d,"animustrillium",null,5,"a rare and exotic type of plant with vibrant, mult"
3218640c-5c37-43ab-8ea7-c6fe0e789861,"anionic",2,4,"relating to or containing anions; having a negativ"
525ad210-9517-4051-b3db-5420c6e88ed7,"ankh",3,1,"an ancient egyptian hieroglyphic symbol shaped lik"
a0d66fca-ca89-4ee5-aa8d-59ef4bf6de6e,"anne",3,1,"a feminine given name; also refers to queen anne s"
bf9927cd-0dd2-458b-8eac-35889b2212ee,"anneal",3,2,"to heat and then cool metal or glass to reduce bri"
6eb4369a-8999-4b49-800d-be728a517176,"anniversary",2,3,"the yearly recurrence of the date of a past event;"
ee3ee9dd-d470-4c87-86f4-4243b7372912,"anno",3,1,"latin word meaning 'in the year of'; commonly used"
5d2622e5-9a07-4b0f-8971-ffd0afc47aa3,"annulmentorganized",2,5,"combined word error - appears to be 'annulment' + "
4bc4460a-a976-4d9e-bd15-ff19434be93b,"anodyne",3,2,"a medicine that relieves pain; something that soot"
6804ad28-6daa-49b9-a2b2-bffc0cdc032e,"anoint",3,2,"to smear or rub with oil, especially as part of a "
e5f52bd6-916f-4eaf-baea-eaa37e91403e,"anomaliped",2,3,"having irregularly formed feet; refers to birds wi"
6c67b5b0-efaf-4df2-b542-6936302c2443,"anorak",3,2,"a waterproof jacket with a hood, designed for outd"
17dfd624-a876-4160-bfe1-96011e22bdc2,"anosognosia",2,3,"a neurological condition where a person is unaware"
5e042260-c76a-4be5-a522-1e41a0656864,"another",3,2,"one more; a different or additional person or thin"
051dcd82-b3ed-4f05-bcab-4506d4e13acf,"anserine",3,4,"relating to or resembling geese; goose-like; also "
360e9409-0b4d-418d-81fc-90e09ebc9456,"antacid",3,2,"a medicine that neutralizes stomach acid to reliev"
7ac1aa81-27b6-4840-b1d0-aff48ba11485,"antagonisticaffront",3,5,"combined word error - appears to be 'antagonistic'"
14b53ede-c12a-4fe7-baec-3d7fe03c9048,"ante",3,1,"a stake put up in poker before dealing; an amount "
5d2f7d34-c573-4521-b410-b64bea9d8c76,"antechamber",2,3,"a small room leading to a main room; a waiting roo"
87452471-b893-4166-b699-daa0f47dd181,"anthropomorphic",2,3,"having human characteristics or form; attributing "
1d273287-1af3-4c9d-9fe7-e50bff9722ef,"antidisestablishmentarianism",2,5,"opposition to the withdrawal of state support or r"
64bdce99-8e9b-4de3-8000-f6350e1e282a,"antigua",3,2,"an island nation in the caribbean; also refers to "
13c6b601-00af-47b8-92f4-42142fef95ec,"antimony",2,4,"a brittle, silvery-white metallic chemical element"
e9ea14a6-b7e9-4435-ab6c-1e868ed671e0,"antiquarian",3,5,"a person who studies or collects old and rare book"
2fb70a0d-43cf-4ff0-9804-21348f0982ae,"antiquity",2,3,"the ancient past, especially the period before the"
c4492746-b077-4a78-8a3d-e5e6bbde99f2,"antonyms",2,3,"words that have opposite meanings to other words; "
ebfdee0b-cdc3-4072-8194-84328c4ff551,"anxiety",3,2,"a feeling of worry, nervousness, or unease about s"
05ae24de-ee7c-424c-acf2-7122c9932377,"anyway",3,2,"in any case; regardless; used to resume or return "
73ce6e3c-2f95-4b83-a95d-49b0f9d3e1a6,"ape-ape",null,2,"a primate that is closely related to humans and ot"
3ac42c78-980b-427a-bc74-943f821b6c8f,"aperçu",3,2,"a brief survey or sketch; an insight or glimpse; a"
dadd6522-8848-4618-b45a-43fe88e1905c,"apex",3,1,"the highest point or peak; the culminating point; "
605e5f08-4779-42ff-828f-f6d624cc75ea,"apiary",3,2,"a place where bees are kept; a collection of beehi"
3f105234-2c0e-4ef0-8153-0946aca2ed5d,"apistogramma",2,3,"a genus of small, colorful freshwater fish native "
dfd0460b-c504-47a7-aa7e-8e31b88a005a,"apogee",3,2,"the highest point of something; the point in an or"
d4fabdc1-b4ac-4a08-b29f-09ae5f5399a1,"apollo",3,2,"greek god of music, poetry, prophecy, and the sun;"
8be2e057-ef1d-4853-939e-bc2f40cf81f8,"aporia",3,2,"a logical puzzle or state of puzzlement; an expres"
3fa5e24c-e41b-487e-8813-6d1717e0571d,"aposematic",2,3,"relating to warning coloration in animals that adv"
a230604f-bbaa-4097-be34-a777b38bf3f2,"apostolici",2,3,"relating to the apostles; members of various chris"
e9e28dd1-3f66-47ea-b52a-5756e0c870f2,"apparently",2,3,"seemingly; as far as one knows or can see; evident"
d052a222-04af-47e6-9fb0-780a02c315e2,"appear",3,2,"to come into sight; to seem or look; to come befor"
4b0ac32b-27b3-42fb-85fa-2ff1523cb3c3,"appearance",2,3,"the way someone or something looks; the act of app"
ae234658-5a19-4f71-854e-1ec757887aeb,"appeared",2,3,"past tense of appear; came into sight; seemed to b"
5f5409c9-42c4-4939-b10f-ea811f6b4d72,"appendages",2,3,"things attached to something larger; limbs or othe"
84c797f1-9066-4061-bab3-1cfaf2c73986,"appetitost",2,3,"a possible variant or corrupted form; may relate t"
d181de9f-73d8-4b5f-887d-5e488724239f,"applause",2,3,"approval or praise expressed by clapping; enthusia"
84bc37a1-0c64-4454-93b1-764dd65ab633,"apple",3,2,"a round fruit with red or green skin and crisp whi"
92c67b69-509c-441e-9bd8-81a88e5753c5,"applicable",2,3,"relevant or appropriate in a particular situation;"
40505334-2a8c-49fc-8b31-5706d88577ba,"appraisalparabola",2,5,"combined word error - appears to be 'appraisal' + "
018ebca5-9f83-4a91-a895-2ff8a8ba1695,"appreciation",2,3,"recognition of the value or significance of someth"
3762c8bb-2f07-4006-b7e4-b4f807a45ff7,"approaches",2,3,"methods of dealing with something; ways of tacklin"
cf43ddd3-2a8f-46ba-855a-63833580bc5e,"appropriaterummages",3,5,"combined word error - appears to be 'appropriate' "
b4c9b173-b627-4a2a-b53b-eccb3a1c31d3,"appui",3,2,"support or backing; assistance or help, especially"
fa68d189-e785-43b8-a192-b3f1bd1dadcd,"après",3,2,"french word meaning 'after'; used in english in ph"
ba3fec32-9cfa-49a1-8507-e09345a5058e,"apron",3,2,"a protective garment worn over clothes; an area of"
55ffcf0f-7f81-461f-8fce-8224c8124c2c,"apropos",3,2,"very appropriate to a particular situation; by the"
0e684fcc-ee9f-4344-9d7c-fbf59b1cbfb6,"aptitude",2,3,"a natural ability or talent for learning or doing "
b716df51-0039-4024-8bce-d88e95128837,"aquamarine",2,3,"a pale blue to blue-green color; a semi-precious g"
b6da0b75-6937-4a34-a1ee-e0333e9ae307,"aqueductorganized",2,5,"combined word error - appears to be 'aqueduct' + '"
cf4f1415-dd03-4b76-af24-0411dc2de009,"aqueous",3,2,"containing, made of, or relating to water; dissolv"
465826c8-8b16-4f40-9014-57fc61a15e6c,"aquilineconfucianism",2,5,"combined word error - appears to be 'aquiline' + '"
61aa4e78-2ded-47d9-9dfd-8f1dfe567a15,"aquitaine",2,3,"a historical region in southwestern france; a form"
1102f330-6276-4b41-877d-9d47cd5ddfef,"arabic",3,2,"relating to the arabic language or arab people; th"
f46b2ba0-ba70-4292-99b1-d24c1d989ada,"aramaic",3,2,"an ancient semitic language that was the common la"
82beed73-91ce-42e1-bd35-4c3ba5499eb1,"arapaho",3,2,"a member of a native american people originally fr"
ef56c50d-0452-4f4c-ad6a-3bfed71860e1,"arborio",3,2,"a type of short-grain rice used in italian cooking"
4df88114-e5c2-4898-a1f3-ece084da3529,"arcade",3,2,"a covered passage with shops on one or both sides;"
03e2c78d-d7a1-4cc9-ba19-2259b38f70ee,"archaism",3,5,"the use of older or obsolete forms of language; an"
4fafd188-2360-4ee7-b644-a8b19dc557ee,"archers",3,2,"people who shoot with bows and arrows; practitione"
87f4bdf6-045d-4e3a-8394-10c2ba0a7efb,"architrave",2,3,"the lowest part of an entablature in classical arc"
1d05f4b9-ccbc-4aaa-9eb8-7f832ae34c7a,"arden",3,2,"a woodland or forest, especially one that is wild "
691b5eea-22b1-4bdd-a59d-a967368d4e20,"ardhamagadhi",2,3,"a middle indo-aryan language, the sacred language "
3476c4e6-1d91-41ab-9781-b0fc1bfdfbd8,"ardipithecus",2,3,"an extinct genus of early hominids found in africa"
4c32f538-81e9-432b-95a7-1115fc168a73,"ardoise",3,2,"a type of slate used for roofing; a blue-gray colo"
403abd64-7129-47af-86dd-7e9b800f9eab,"ardoiseorganized",2,5,"combined word error - appears to be 'ardoise' + 'o"
23c32bb2-def2-4e5f-9dfb-4bc3dadd7913,"arduous",3,2,"requiring great effort and energy; difficult and t"
17b4122a-f6ff-4634-937c-5c0484c4ab36,"area",3,1,"a region or part of a town, country, or space; the"
d630cb4e-d955-45a0-be68-f9cc68592b52,"argot",4,2,"the specialized vocabulary and idioms of a particu"
3d73ff8a-734b-4cd0-aa51-92a8c57d5346,"argue",3,2,"to give reasons for or against something; to quarr"
5ead16e1-6de1-4dcb-b850-14ccac496739,"argumentative",2,3,"given to arguing; characterized by systematic reas"
688e6322-cb11-4047-b45f-a068a8ca9fb1,"arid",3,1,"very dry, especially having insufficient rainfall "
40eae476-76f5-4b0b-928c-f3440fbbd2be,"arietta",3,2,"a short aria; a brief solo vocal piece, typically "
bd2329f8-aa4c-48a9-8828-655874699d9f,"aristoi",3,2,"the best or most excellent people; the aristocracy"
ede457b1-e478-4e89-8836-cb483367edca,"arms",3,1,"weapons; the upper limbs of the human body; branch"
2e704b50-29b4-4da7-a948-12101f9f1f5d,"army",2,1,"a large organized force of soldiers for fighting o"
0098e2ca-147d-49f7-b812-08638aa3cb8e,"around",3,2,"on all sides; in a circle; approximately; in the v"
b8d9e410-9af6-4074-984d-9a565c9c1805,"arraign",3,2,"to call before a court to answer charges; to accus"
4e519b1c-2227-4846-ae31-bf3066a22649,"arrange",3,2,"to put in order; to organize or plan; to adapt mus"
01e16cc5-c2db-4972-908b-2c7b0535aeb4,"arrayed",3,2,"arranged in order; dressed or clothed, especially "
72bf44d8-3626-483c-97ef-d7f80d8a9faf,"arrearage",2,3,"the state of being behind in payments; overdue deb"
51b2e172-2514-40e9-a905-5d4a8350a54c,"arret",4,2,"a decision or decree by a court; a judgment, espec"
b46b881e-eadb-4b91-b728-69f3c27a4fc3,"arrieros",2,3,"spanish term for muleteers; people who drive or te"
370f3e04-f2af-43f5-b9db-fd50d1d2da84,"arrive",3,2,"to reach a destination; to come to a place; to ach"
e0fad4a2-5414-408d-97e4-2fb69f2715ed,"arrows",3,2,"projectiles shot from bows; symbols indicating dir"
a53b7e85-0551-44f5-9a72-ba501c67d993,"arsenic",3,4,"a highly toxic chemical element used historically "
edafea2a-6ac2-4871-8e7f-7b500e8a4740,"art",null,1,"a form of creative expression, such as painting, s"
2afb5504-33fa-4b90-bb40-078c76fada56,"artery",3,2,"a blood vessel that carries blood away from the he"
c86cb027-0a7c-43ed-9f3a-9a9a67b23087,"arteryornithology",3,5,"combined word error - appears to be 'artery' + 'or"
e99d2193-e119-4fbb-8c6a-781e46f3112b,"arthurian",2,3,"relating to king arthur and the legends associated"
8861d3f1-b948-40f0-b58b-e95b655d1e76,"artificial",2,3,"made by humans rather than nature; synthetic; not "
77532623-014f-4dcc-9ce0-bfdeba057109,"artilleryquotient",3,5,"combined word error - appears to be 'artillery' + "
bb321938-846e-4934-89ef-17124e401502,"arts",3,1,"creative activities such as painting, music, liter"
a0bc8891-183d-4539-a54b-d388098df481,"asado",3,2,"a south american barbecue tradition, especially po"
2acd4d49-e7b8-4cfc-87f8-cad7f2bf15a4,"ascetic",3,2,"practicing severe self-discipline; relating to a l"
7fef5505-f5db-4a26-ad70-1c9607482deb,"ascribe",3,2,"to attribute or credit to a particular cause, sour"
f7da1982-5b0b-45c1-9eae-59cae77624b5,"asgard",3,2,"in norse mythology, the realm of the gods (æsir), "
840b085c-2415-4f02-994c-3fb7783f3c12,"asiagoaspish",2,3,"combined word error - appears to be 'asiago' + 'as"
12bef2f9-257e-431a-9b93-0cf09b410ee6,"asked",3,2,"past tense of ask; requested information or made a"
85e08151-5e7b-4f40-9a14-04d478835aa5,"aspidistra",2,3,"a hardy houseplant with broad, dark green leaves, "
916f33f0-6b06-41bb-b5bb-967e8c7a6f9b,"aspish",3,2,"resembling or characteristic of an asp (venomous s"
e556b5fd-4273-4523-b3db-611ca076b3c4,"assiduousdiligence",2,5,"combined word error - appears to be 'assiduous' + "
0b17d65f-8d29-45f6-9da0-3bd1dbc0160f,"assizes",3,2,"historical court sessions held periodically in eng"
b122f152-b541-4838-8285-2ee84d540f24,"associated",2,3,"connected or linked with something else; joined in"
5ad17275-43b9-4d7b-9b69-a7a761d5580e,"association",2,3,"an organization of people with a common purpose; a"
bec45a70-da3a-454a-bf59-dc5cbf022253,"assuage",3,2,"to make less intense; to satisfy or relieve; to ca"
d41f264d-c90a-42ba-b7a4-2aee5ad93f0e,"assumed",3,2,"supposed to be true without proof; taken on or ado"
0f048bb7-352c-4ca8-ac06-d357c3bf70ec,"assure",3,2,"to tell someone confidently that something is true"
5a9328ea-eaec-4cb4-b63f-db8371efabc4,"astaxanthin",2,3,"a red pigment found in marine animals and algae, w"
e2f1dc30-d8dc-4df4-87f5-b00e8ab92679,"asterisk",2,3,"a symbol (*) used in printing and writing to mark "
8ef3ed46-1ed9-415b-a614-6dc55399d7b1,"asthmatic",2,3,"relating to or suffering from asthma; characterize"
64e4555c-7dad-4954-84e1-e72b355c5089,"astigmatism",2,3,"a vision condition where the eye doesn't focus lig"
a3c1425c-9c2f-49a6-bb25-d02dfc73492d,"astonishment",2,3,"great surprise or amazement; the feeling of being "
4f99ad2a-e855-48f9-8fe1-2171bd03d9b9,"astounding",2,3,"extremely surprising or impressive; causing amazem"
60dd3ad3-04d7-4b71-9bfe-c2e94e09bcff,"astral",3,2,"relating to stars or outer space; in some beliefs,"
80bda15b-0aae-464b-bfdf-1e68145d5513,"astrayliquid",2,3,"combined word error - appears to be 'astray' + 'li"
07c8e6f6-b167-48f3-84af-5d9a6bbb8df6,"astride",3,2,"with one leg on each side of something; spanning o"
9b456540-2b21-48a7-8774-72a617b28563,"astrologer",2,3,"a person who studies astrology and makes predictio"
cd614a6c-2c91-4b13-a289-9213962e9eab,"astrologers",null,3,"people who study the movements and positions of ce"
878c2a5a-4caa-4127-83a5-4dab1fddf0f1,"astronaut",2,3,"a person trained to travel and work in space; a sp"
ead92239-47d1-448f-9e69-046e26004248,"astur",3,2,"a genus of hawks; relating to birds of prey in the"
03f044d5-84d6-45e9-8504-abbc6006e475,"astute",3,2,"having the ability to accurately assess situations"
84a21c96-4410-4745-9988-c9f233161e70,"asura",3,2,"in hindu and buddhist mythology, a class of divine"
3ac38677-e0ac-48e4-8eb7-4156b42d0e77,"asyleeatrabilious",2,5,"combined word error - appears to be 'asylee' + 'at"
ae075d9b-d1e8-4f39-ac81-44deac844302,"ataxia",3,2,"loss of coordination of muscle movements, often af"
c39fac56-955f-486a-81ae-07f83f248a11,"ataxiapageantry",null,3,"the lack of coordination of voluntary muscular mov"
9dc3f7be-f7ae-4a53-9f34-981e42d4809f,"aten",3,1,"the solar disk deity in ancient egyptian religion,"
74aaad2d-4b0e-4e3f-a5c8-d3b8ec8576bd,"atencatjang",null,3,"a type of small, colorful bird found in tropical r"
9b55b73b-8431-4d37-9c05-ccce5699059b,"athenaeum",3,4,"a literary or scientific institution or club; a li"
cc598f4e-0045-4509-b954-15b32a7b7434,"atheneum",3,4,"alternative spelling of athenaeum - a literary or "
fe58a5a0-c2aa-422c-921f-c034ac67d3f3,"athletejotted",null,3,"a person who is trained in and competes in sports "
026606fb-9b5a-4eac-839f-4f31a52fe404,"atlas",3,2,"a collection of maps bound together; the first cer"
af73a7b0-0115-46d9-b111-839e7b0c9779,"atlatl",3,2,"a spear-throwing device used by ancient hunters to"
d61d4b20-c073-4038-8398-eaa21b73a22e,"atmospheric",2,3,"relating to the atmosphere; creating a distinctive"
f0c61693-8cca-4d26-85b9-f3fb2e5c814a,"atomic",3,2,"relating to atoms or atomic energy; extremely smal"
8dcee042-b644-4b26-a6d0-758c96211f47,"atrabilious",2,3,"melancholy or ill-tempered; characterized by depre"
33620a2e-1869-4bf8-b880-c536af695343,"atresia",3,2,"congenital absence or closure of a normal body ope"
c46bb227-7264-4dd4-b267-a4c636ec112c,"atrium",3,2,"an open-roofed entrance hall or central court in a"
7de3fe08-62eb-4abe-bf67-2d8c7694037c,"atrocious",2,3,"horrifyingly wicked; extremely bad or unpleasant"
f48ca5d5-4792-4a65-9297-8032fe48ae7c,"atrophyattempt",null,3,"a failed attempt or unsuccessful effort to do some"
196cdd6e-588c-41c6-8293-1ff24c34a78a,"attacca",3,2,"musical direction meaning to proceed immediately t"
b4f49a87-3ade-4c54-99a2-bdaf8373eed9,"attaché",3,2,"a diplomatic official attached to an embassy; a th"
71f96863-0f50-406e-a5dd-b234ca98ca0a,"attached",2,3,"fastened or connected to something; emotionally cl"
027fe9e6-2893-475f-ab5e-4e9b1cc56798,"attitude",2,3,"a settled way of thinking or feeling about somethi"
9e2b4d59-0ced-4684-8746-c9b18f4094ef,"attributed",2,3,"regarded as being caused by or credited to someone"
805b252d-8139-4d50-b6f2-acfa823cf1a0,"attributive",2,3,"relating to or having the nature of an attribute; "
806e99d1-62c0-4dc3-8f81-84fbe94695ae,"aubergine",2,3,"an eggplant; a dark purple color"
d9adfd9e-350f-48f0-b811-ebc54f00c7f0,"audacious",2,3,"extremely bold or daring; recklessly brave"
630d8711-1d41-4f6f-b668-f23f7f8188b8,"audio",3,2,"sound or the reproduction of sound; relating to he"
d2ed3f92-a6c9-4ce1-9e03-b14f36b8e3fa,"auditorium",2,3,"a large room or building for public gatherings, ty"
9f7eaef2-3ec4-4b42-828b-1e5cac54d93a,"aughts",3,2,"the first decade of the 21st century (2000-2009); "
40b551c1-8a52-40eb-9d33-ed3fa789e64c,"aughtsaugment",null,3,"to increase or enhance the quality, value, or capa"
96ab6ee4-c22f-4139-978f-bcced66fca0e,"augment",2,3,"to make something greater by adding to it; to incr"
9b00a550-660f-4b50-902e-a98dc7fef821,"auklet",3,2,"a small seabird of the auk family found in norther"
c012122b-3685-409d-bfb0-7293d15f17de,"aura",3,1,"a distinctive atmosphere or quality surrounding a "
7a7dc530-fec2-4bce-924e-44f33b39d4df,"aurora",3,2,"a natural light display in polar skies; the dawn o"
cc00fbb9-5165-4e3d-8c03-ef94d89bb4bf,"australian",2,3,"relating to australia or its people"
835c9256-680c-411b-849a-314e72f0d0e7,"auteur",3,2,"a filmmaker who exercises creative control and has"
15014aaf-f06d-4703-9c0c-f9a1ed778e37,"authenticate",2,3,"to prove or verify that something is genuine or va"
f8fe67e2-1bf6-40e2-ba43-25a82465ab0c,"authenticatefiscal",null,5,"to confirm the genuineness or validity of somethin"
2070ca3e-83a5-4202-9175-9e56a0ef33fc,"autodidact",2,3,"a self-taught person who learns without formal ins"
cd089230-e8e5-49db-a18f-66c53914ba10,"autographs",2,3,"signatures or handwritten items by famous people; "
e5788161-e904-47de-a418-a99f27d99068,"avalon",3,2,"in arthurian legend, a mythical island paradise wh"
d2589b21-e87a-478a-9d22-0a99b9377c9a,"avatar",3,2,"a digital representation of a person; an incarnati"
d223199f-eeb3-4a1f-9799-47f0cf11e27a,"avens",3,2,"a type of flowering plant in the rose family with "
6d7650be-8965-40ad-98ea-dfb3144f9d2c,"avenue",3,2,"a wide road or path; a way of approaching a proble"
19de777a-4423-403c-8594-84d4190da29d,"aversion",2,3,"a strong dislike or disinclination toward somethin"
44dd4527-1be3-40c9-8543-1a2ed305ebb0,"avgolemono",2,3,"a greek soup made with eggs, lemon juice, and rice"
0c3921a5-9e6b-4c90-a326-1e7627f2527c,"avoid",3,2,"to keep away from or prevent something from happen"
82b76e23-101f-423f-93d0-dfce08333905,"avversiera",2,3,"a type of traditional italian glazed ceramic potte"
58928b84-955e-4720-af42-fa9cbf49152c,"award",3,2,"to give something as a prize or honor; a prize or "
7fffc110-9a7e-4596-97a0-dfa0adf0536a,"aware",3,2,"having knowledge or perception of a situation or f"
7b7c2fab-840b-46ab-87db-c3435e0aac21,"awe",null,1,"a feeling of reverential respect mixed with fear o"
52fe3802-d357-4b92-841f-7e1f7a8af6a1,"awfully",3,2,"very; extremely (informal intensifier); in a terri"
b70decd6-1adb-4721-83b1-0df258fdbc50,"awry",3,1,"away from the correct or expected course; amiss or"
fc49e5c7-8114-4fee-b293-37f524971cf4,"awryb",null,2,"twisted or turned in an abnormal way; not straight"
cfef9ece-3cdd-4799-9e33-8bc9414c42de,"axis",3,1,"an imaginary line about which a body rotates; a fi"
f44009ae-a11b-4324-93c9-a855dc9b9ccf,"axle",3,1,"a rod or spindle passing through the center of a w"
33aea991-a375-4b33-a12b-b1e1b473955b,"aye-aye",null,2,"a nocturnal lemur native to madagascar with large "
e2310e67-d946-4940-a0af-4be610095574,"azorestankard",null,3,"a tall drinking glass, typically used for serving "
f134d95e-eb08-42f3-9d5c-21a8faf64168,"azotea",3,2,"a flat roof terrace or rooftop used as a living sp"
3c463cf2-ef12-4fc9-b944-01f7555ee362,"aztec",3,2,"relating to the aztecs, a mesoamerican civilizatio"
416d5629-9160-47f1-8533-9a6620c9281d,"azulejo",3,2,"a form of spanish and portuguese painted tin-glaze"
5ddb27a8-4061-43ab-9c8b-6a2457b8abfb,"baby",3,1,"a very young child; an infant"
4cd44c6f-500c-4c2a-88f6-5f48c03d38a4,"baccate",3,2,"berry-like; having a pulpy fruit with seeds embedd"
eefdc1b3-dcc2-4482-b4d2-05c16c77d4e5,"bachelorette",2,3,"an unmarried young woman; a woman celebrating befo"
51d2cadd-7010-47f9-a3b0-30cbfe2b9ea5,"back",3,1,"the rear surface of the human body; to support or "
aeb1a411-3cce-48cb-97b6-8ad7c7e59fbf,"backgammon",2,3,"a board game for two players with pieces moved acc"
6960cf37-cca5-43c6-b3ce-49ed7e3a6a0e,"backgammonintuitable",null,5,"a game played on a board with 24 narrow triangles "
760dbf98-5081-4b99-a8ca-e2b32ceacb20,"bacteriolytic",2,3,"capable of destroying or dissolving bacteria"
66185f54-8b7e-4ac8-9637-4f8d67708f8f,"badger",3,2,"a burrowing mammal with distinctive black and whit"
c18afca5-b3b3-4971-8a05-4323babf5f3c,"badgerbailiff",null,3,"a person who serves as a bailiff or officer of the"
ba2589cb-a315-4f4f-92c9-d6110d462ce1,"badinage",2,3,"humorous or witty conversation; playful repartee"
50166c0b-d455-486b-ac17-02565d574a1a,"bagpipe",3,2,"a musical instrument with pipes that are sounded b"
26753d8b-34e5-42dd-aa2c-4db17451a00f,"bagwyn",3,2,"a heraldic creature resembling a deer or goat with"
d9da7a23-4c6e-4647-9901-e083af3a62a0,"bahamas",3,2,"an island nation in the atlantic ocean southeast o"
5be11924-28b7-4964-82c1-f882e4064193,"bahr",3,1,"an arabic word meaning 'sea' or 'large river', use"
02cff5fe-0ed0-4454-9ed7-fcf7b8af5ee3,"bahuvrihi",2,3,"a type of compound word where the meaning refers t"
1019f009-f53b-4b0c-84ae-ce94de0cdf6d,"bahuvrihipanjandrum",null,5,"a compound word composed of multiple sanskrit word"
9026bd53-1ab5-4ab4-a5fa-254804a9db2f,"bailiff",3,2,"a court officer who maintains order and serves leg"
c46245ea-1676-469e-b8cc-12922964876c,"bailiffinfiltrate",null,5,"a court officer who maintains order in the courtro"
db0d62f6-9f46-4ad5-89b4-a3bbaf2378ed,"bailly",3,2,"the outer wall or ward of a castle; a fortified en"
2255b9d1-75b9-416a-9caa-dc415849916d,"bakeryporridge",null,3,"a type of thick, porridge-like food made by baking"
31db0eb7-6a9d-4b23-be95-3aff80b2ecac,"baklawa",3,2,"alternative spelling of baklava, a middle eastern "
ddece5ac-24f3-437d-8d30-eed7a0f6a82d,"balata",3,2,"a type of rubber obtained from a south american tr"
685c55d8-39ef-43cc-9973-c68b6dbc0d5e,"balbriggan",2,3,"a type of fine, unbleached knitted cotton fabric; "
2ffaa92c-fe1b-460b-bba0-bb174fdbca96,"balderdash",2,3,"senseless talk or writing; nonsense"
25bd0cd0-0e47-43fe-b33b-31af081ae1ac,"baleen",3,2,"flexible plates hanging from the upper jaws of cer"
7d2f5927-e52c-4014-af45-efe9d22a9586,"ballad",3,2,"a narrative song or poem, often romantic or tragic"
d8d06b6d-43c3-4c5c-9378-a7f267fef934,"balloon",3,2,"an inflatable rubber or plastic bag; a large bag f"
077186fb-4811-49b5-9a07-4e8db86bca5e,"ballyhooed",2,3,"publicized or promoted with exaggerated or sensati"
28456c27-48c9-471b-8b11-9d7548594418,"balm",null,1,"a soft, fragrant ointment or salve used to soothe "
828bacbc-191f-45ca-8827-2822849a481e,"baltic",3,2,"relating to the baltic sea or the region around it"
9d131542-7502-4054-9a9b-f329dc21c265,"bamboozled",2,3,"deceived or cheated through trickery; confused or "
86973c57-3868-4842-898e-3aac665b69d6,"bandage",3,2,"a strip of material used to bind up a wound or inj"
65ebfa96-1263-45c4-afb2-b4c2d04fae39,"bandanna",2,3,"alternative spelling of bandana - a large colored "
d89c335f-4251-42fe-b7d1-d2c7e16b36de,"bandits",3,2,"plural of bandit; robbers or outlaws who attack tr"
834eab97-c29a-4223-af32-14d2a751c038,"bangalore",null,3,"a major city in southern india, known for its tech"
0111cb56-480a-4e80-87b3-e182ce428c39,"bango",3,2,"a type of traditional african musical instrument s"
9424125d-9266-4bda-8aa3-0b80dca4dd2f,"banh",3,1,"vietnamese word for cake or bread, used in names o"
5ab33c98-408a-4025-815c-ad08bc316d0d,"banishment",2,3,"the action of sending someone away as a punishment"
93010ad3-923d-4288-98ef-d18e6d619f21,"banners",3,2,"plural of banner; flags or signs displayed for dec"
dc9600ec-cbbe-4032-8f72-7a630eee1dc6,"bannock",3,2,"a type of flatbread originally from scotland, ofte"
bc264dbd-ee37-4d92-8dc2-90fbf099636d,"banquet",3,2,"a formal dinner for many people in celebration of "
6225cdac-94dc-4452-814d-f4baae383211,"bantamapprentice",null,5,"a person who is learning a trade or skill under th"
1554a07b-4ccd-4a9e-97b3-ac260d6eae67,"bantlings",2,3,"young children; infants or small creatures"
f3523f5d-fbcc-4af4-b4f1-63f727154f9d,"barber",3,2,"a person who cuts and styles hair, especially men'"
7e5246bc-b54e-4fa9-8982-6709536b698a,"barbie",3,2,"australian slang for barbecue; a popular doll bran"
4154c080-8f71-428b-926d-90a235197ea4,"bardolatry",2,3,"excessive worship or admiration of william shakesp"
f8f89ec1-f15c-4591-9298-5cb4b7a433c2,"barefoot",2,3,"with nothing on the feet; without shoes or socks"
b2e347fb-7e11-42d5-9aa8-68c323322f05,"bariatrics",3,4,"the medical specialty dealing with the treatment o"
5710deda-bf4d-4a49-8b18-cd1e245d2c7f,"barista",3,2,"a person who prepares and serves coffee drinks, es"
4438e089-e80d-45d2-b331-72c227ed3cc9,"barked",3,2,"past tense of bark; made a sharp sound like a dog;"
50180d09-fe1a-422c-9b8a-6f3f7ed9b949,"barnumesque",2,3,"characterized by exaggerated showmanship and publi"
b213c7bc-8ecc-45da-84bf-4dd046f0f94f,"baroque",3,2,"an elaborate artistic style of the 17th-18th centu"
0a126db1-0c69-4c80-8485-488f0b15d3f7,"barracks",2,3,"buildings used to house soldiers; military quarter"
9e3c62fc-3da4-4f08-8f4f-90a06e64ce69,"barrels",3,2,"plural of barrel; cylindrical containers for stori"
612f3aee-a88e-4ccf-bfed-e8e2c5f53c6c,"barren",3,2,"incapable of producing vegetation; unproductive or"
5f896f97-beee-4da5-8142-220a56912e26,"barylambda",2,3,"a type of subatomic particle in physics; a baryon "
c7ee7374-f57f-4070-8f00-cc89f839c542,"bas-relief",null,3,"a type of sculptural relief in which the design is"
0650b76c-3080-4012-b0c3-2a63bdd0ecd7,"basaltic",2,3,"relating to basalt, a dark volcanic rock"
37b03e75-8333-4cf9-98c3-64a7476c2e95,"based",3,2,"having a foundation or origin in something; locate"
6fa60fab-7e7e-47c1-b5c1-c1056e451af0,"basement",2,3,"the lowest floor of a building, typically below gr"
4ea535c8-cc70-445b-b4ac-0afa8d3bcf2c,"basenji",3,2,"a breed of hunting dog from central africa that do"
86fd0c4b-69e8-4a5c-a26f-16118c096cc4,"basically",2,3,"in the most essential respects; fundamentally"
25d4cb40-d698-4e3b-868f-5acf0e4ead9b,"basilica",2,3,"a large oblong hall or building with double colonn"
f188e57a-5503-49f0-a521-87753581357d,"basis",3,2,"the underlying support or foundation for an idea o"
ba8075dc-5d08-47b3-afbd-709b5a4f2b20,"bask",3,1,"to lie exposed to warmth and light; to revel in so"
e79e60ec-408c-4e67-8359-daecb236f3c4,"basketsbonnet",null,3,"a type of headwear that covers the head and neck, "
b9b34a00-a6b6-4bd0-97e5-94bab78509b2,"bassoon",3,2,"a large double-reed woodwind instrument with a dee"
2625c63c-352d-4535-8f48-ec0bf4e50494,"bastion",2,3,"a stronghold or fortified position; something that"
1edc8662-9da3-4242-aec4-adcb8fcb483c,"bathos",3,2,"an unintentional lapse in mood from the sublime to"
849fe9af-6d2f-499f-b51c-84bd6a7fbd33,"batson",3,2,"a nautical term for a thin strip of wood used in s"
29bf14d5-f811-4bc7-934e-40bbf38a035a,"batten",3,2,"a strip of wood or metal used to secure or reinfor"
9fbf4734-738f-4df8-a4c6-2f5d4cd06bc3,"batteries",2,3,"plural of battery; devices that store electrical e"
71c0f4b0-dce8-47ee-96bf-0a5cfaeaaf63,"battue",3,2,"a type of hunt where game is driven toward hunters"
cda913ce-451b-46c4-b14c-b2f378939685,"bauble",3,2,"a showy ornament or trinket of little value; a jes"
17135671-9e22-48cd-86dd-155ee700362e,"baucis",3,2,"in greek mythology, an elderly woman who showed ho"
de471170-3136-4b4c-8f05-4f325d9b8358,"bauhaus",3,2,"a german art school and design movement emphasizin"
9a968356-4b3e-4554-9893-a0705d5a0f3c,"bauxite",3,2,"the principal ore of aluminum, a clay-like mineral"
f990bcd0-116b-405f-a680-2e3c58cec320,"bavardage",2,3,"idle chatter or gossip; trivial conversation"
e1385036-01fa-4780-a916-ab44440d4321,"bavaria",3,2,"a state in southeastern germany, known for its cul"
73c55682-e510-4b94-a10e-6ab16418744d,"bawl",3,1,"to cry loudly; to shout or call out loudly"
a0c8e64b-9a3d-417c-8b78-44b05d4e2387,"bayonet",3,2,"a knife-like weapon attached to the end of a rifle"
6089940d-32e0-4df9-8b98-2b96fc6992ae,"bazaar",3,2,"a marketplace, especially in middle eastern countr"
c67c4d9e-f7fb-4316-bff3-3485fcd86317,"bazar",3,2,"alternative spelling of bazaar; a marketplace or m"
369bab08-8e58-4ac0-a503-73157d7db948,"bazooka",3,2,"a portable rocket launcher; a type of antitank wea"
78faa1f2-35eb-41a3-888f-6039f441422b,"bdelloid",2,3,"relating to a type of rotifer (microscopic aquatic"
8e1bf99e-cfa1-44db-9105-999b9dd90d21,"beacons",3,2,"plural of beacon; signals or lights used for guida"
818dbb54-8385-42a1-84dc-3b9fe843b7e8,"beagle",3,2,"a small to medium-sized breed of hunting dog with "
17ab57ab-dbfc-4898-9209-a0eb54b7ccb4,"beak",3,1,"the hard, pointed mouth part of a bird; a person's"
db348b82-412b-4d98-92ba-83bb6a955ab9,"beam",3,1,"a ray of light; a structural support; to smile bro"
37836e86-85ac-4872-87aa-aeb750ad382a,"beans",3,2,"plural of bean; edible seeds of various leguminous"
7b7e79ac-1cd4-4872-b390-c487d6876f8b,"bear",3,1,"a large mammal; to carry or support; to endure"
7b786363-e8c0-45d8-b9d1-5a090197819a,"beatboxingmutate",null,5,"to modify the sounds of a voice or instrument by u"
f51e5974-048a-4be1-ae5e-5d8b597a75df,"beatific",2,3,"blissfully serene; showing divine happiness"
33fb7afd-34ca-4e78-a742-90d274292db7,"beatificbeguile",null,3,"to charm or captivate someone in a deceptive or cu"
5cc80036-35b8-4a1f-8d78-f9566462318e,"beaucoupbanal",null,3,"extremely ordinary or commonplace; lacking origina"
fc7addcb-016f-4810-8527-14293035a052,"beaumontage",2,3,"a type of wood filler made from shellac and fine s"
eeb083ad-55f4-46a1-9abf-832e4651bba2,"bebop",3,2,"a type of jazz characterized by fast tempos and im"
d940be81-7742-4b70-8596-b9d52f28150c,"béchamel",2,3,"a white sauce made from butter, flour, and milk"
b34eacde-f140-48a5-aab6-b05e6f96deb5,"beckon",3,2,"to make a gesture to encourage someone to approach"
8eebee84-e662-4e27-9955-23447ade46bf,"becquereldarnel",null,3,"a type of annual grass that is considered a weed, "
57a94f01-394f-4163-b89e-ac68e2865a26,"bedraggled",2,3,"wet, untidy, and exhausted in appearance"
522fbf04-6019-41d3-a311-e921bba42775,"bees",3,1,"plural of bee; flying insects that collect nectar "
b28cb552-5df4-4a17-a141-88b2a913272f,"beetle",3,2,"a type of insect with hard wing covers; to overhan"
846b85e4-ef82-4479-8d42-2ff661474c59,"beginning",2,3,"the start or commencement of something; the first "
0627c46f-e911-46b4-8051-82a60fd97c96,"begins",3,2,"third person singular present of begin; starts or "
98e64a7c-4a7e-4a28-a0a1-47fc429a4589,"behemoth",2,3,"something enormous; a creature of monstrous size o"
ff6a1ec3-db68-44cc-9792-83f9b2cc475c,"behind",3,2,"at the back of; following; remaining after departu"
1ed1fa99-57e5-41af-a7e5-2712b714fdfd,"behold",3,2,"to see or observe; used to call attention to somet"
709ac6df-abbf-4d85-adc7-6c03e6461da7,"being",null,2,"the state of existing or occurring"
6824ec8a-0749-4817-9072-fa12280d8684,"beix",null,1,"a type of clear, colorless glass used for making w"
52ae6bc8-1ee8-4cbc-bdca-0ca82350ae59,"belgium",3,2,"a country in western europe known for chocolate, w"
f0ed7f9c-5cd3-4d1a-b70e-c7b8a3796f00,"believed",2,3,"past tense of believe; accepted as true or real"
4dbbe011-5b48-4c46-86ca-a75a529ec90a,"believers",2,3,"plural of believer; people who have faith or trust"
a0e72a94-52ad-496a-aecf-889fc55a44de,"bell",3,1,"a hollow metal device that makes a ringing sound w"
af4135c0-0e5a-4e18-888e-d03bda0bc994,"belle",3,2,"a beautiful woman; the most attractive woman at a "
83958764-a449-4ed1-a761-e31ca8eef1f1,"bellwether",2,3,"a leader or indicator of trends; originally a shee"
4313d959-1b59-4b1e-8db5-39086b529693,"bellyache",2,3,"a stomach pain; to complain persistently"
fd2fc5f6-d0c0-4919-965d-3e42ae770c19,"belt",3,1,"a strip of material worn around the waist; a conti"
7367e57e-03a4-447b-b3f3-d13227d659ff,"belted",3,2,"past tense of belt; struck forcefully or wore a be"
8fd51410-c71b-4bac-b4e3-14a074d39bb6,"ben",null,1,"a male name, often short for benjamin."
58b7d798-7a11-4ffd-957d-17365d728b3e,"benedictinearcane",null,5,"a monk or nun who follows the monastic rule of st."
1f095263-1539-4865-af3b-ec5e76ac06c9,"beneficent",2,3,"doing good or causing good to be done; charitable"
ef7a9dc5-3ef1-4cef-b513-33e7749fef07,"benefited",2,3,"past tense of benefit; received advantage or profi"
d89775e3-bd22-493e-a27a-93c29e23bccb,"benefitted",2,3,"alternative spelling of benefited; received advant"
b68cd44d-1701-4bd7-882f-c4301296d5be,"bengal",3,2,"a region in south asia; a type of cat breed with s"
167bf1f8-bd73-4552-aa10-08f3f4151519,"benin",3,2,"a country in west africa, formerly known as dahome"
c2593ea9-ba0d-495e-8809-0f1bafff74a5,"bent",3,1,"past tense of bend; curved or crooked; determined "
080dd5d7-7ef5-48e5-8b12-f7f8c6318517,"berber",3,2,"a member of the indigenous peoples of north africa"
1fe8409c-d33e-46a1-806c-09d66003915a,"berceuse",2,3,"a lullaby; a soothing piece of music in lullaby st"
1de94883-9d82-4ef3-8526-93ce4cfe5aa3,"bereavement",2,3,"the state of being deprived of someone close throu"
808dc1b0-7b19-405b-b395-0adf65de5765,"bergère",3,2,"a type of upholstered armchair with exposed wooden"
1917eb5d-d446-45cf-b606-2839423045ef,"bermudas",2,3,"plural of bermuda; casual knee-length shorts"
429f4e01-0d04-4f0a-ac79-154065f27509,"bermudasamusement",null,5,"a place of entertainment with various rides, games"
954c4db0-ab9e-4b34-90bb-2cff544eecfe,"berserk",3,2,"wildly frenzied and out of control; extremely viol"
b885e742-2c4f-4ad1-8915-c437fbf2d8ad,"berth",3,2,"a sleeping place on a ship or train; a mooring pla"
cb303257-bd13-4254-b272-46fc1b849221,"bespoke",3,2,"custom-made; made to order according to individual"
6a03153a-eae7-48ff-b408-a8988f6591af,"best",3,1,"of the highest quality; most excellent"
72efedbb-6a82-4226-be0e-7dd53a903b4e,"bethesda",2,3,"a biblical pool in jerusalem; a place of healing"
d53a8c34-9b22-4c37-9670-cf5bc4df8d3a,"betony",3,2,"a purple-flowered plant of the mint family, histor"
284a21a4-2b6b-48ae-9f8d-e6baa73ccd87,"beverage",2,3,"a drink, especially one other than water"
a3bbac2d-71cb-496d-af46-569b8b48270e,"beyond",3,2,"at or to the further side of; outside the scope or"
528e6e8f-5995-409d-8288-7803786a14d8,"bezier",3,4,"relating to mathematical curves used in computer g"
e76501ef-f349-4578-9353-e7e23b6dd001,"bhangra",3,2,"a type of folk dance and music from punjab, popula"
72ae5f64-e7e2-494c-9340-2ee8cf4b67e4,"bhikshuni",2,3,"a fully ordained buddhist nun"
6af51c9a-9361-42f8-b0de-d1b3340d37f7,"bhikshunisvarabhakti",null,5,"devotion or reverence shown by a buddhist nun towa"
5254462f-63f8-4668-891d-ec1bf096ea4e,"bialy",3,2,"a polish bread roll with a depression instead of a"
67cfc1da-5ec8-4008-a21d-b7527214c36f,"bias",3,1,"prejudice in favor of or against one thing; a diag"
7229dabd-0689-40ce-8820-0663497d02a4,"bible",3,2,"the christian or jewish scriptures; an authoritati"
fbad3129-b789-416c-a00d-c7b4f503a0ce,"bibliopegist",2,3,"a person who binds books; a bookbinder"
0f2cfccd-82b7-4a53-93f0-a1deee6f0782,"bibliophile",2,3,"a person who loves and collects books"
0a90620a-9f34-45ef-9d1e-a8b2b13b029d,"bicameral",2,3,"having two legislative chambers or houses"
0c7ed107-6070-4cec-8a24-a7112472f889,"bicarbonate",2,3,"a salt containing the anion hco3−; commonly sodium"
f6224052-b9d7-4a77-acfe-0f0765243269,"bidialectal",2,3,"able to speak two dialects of the same language fl"
db3532ae-b3e1-4df3-a9f6-ccc88946a82f,"biennial",2,3,"taking place every two years; a plant that lives f"
0990b10d-9143-4c11-8ca4-a00b1afde64f,"bienvenu",2,3,"french masculine form of 'welcome'"
85d0ebea-1018-4b01-b9f4-c1a6a2c4c7a7,"bienvenue",2,3,"french feminine form of 'welcome'"
155dda92-29bd-4a24-a2f2-c897f21fcbc3,"bier",3,1,"a stand for holding a coffin or casket during a fu"
6f59892e-e1dd-4efe-89cc-81b96e1e069a,"bifurcate",2,3,"to divide into two branches or forks; to split"
e756bb29-8277-41d0-bede-2026b5023d46,"bifurcatedrivel",null,3,"to divide into two branches or parts."
28dc3d2f-2737-425b-849b-13be1ae5a707,"big",null,1,"a large size or amount of something"
aedb6ce9-1288-44fd-9bfe-305e2cc64519,"big-time",null,3,"on a large scale; at the highest level; very succe"
718b959a-3fbb-4f0e-a9a9-c3bddc44e247,"bigotry",3,2,"intolerance toward those who hold different opinio"
76c49ac8-d069-49cc-8166-7d9d0ec5c25f,"bijouterie",2,3,"small decorative objects; jewelry and trinkets col"
49e6cca5-df4a-44a5-bde9-1b6aab383db8,"bike",3,1,"short for bicycle; a two-wheeled vehicle powered b"
96263e8b-7d21-4d9d-bf5e-c410065b9f2e,"bilaterian",2,3,"an animal with bilateral symmetry (left and right "
700786e4-8f48-44f7-8e01-7d29e2df73a3,"bilbo",3,2,"a type of flexible sword blade; iron shackles for "
909d01b3-6cc1-481f-b09c-82bbbd0317b4,"bilge",3,2,"the lowest part of a ship's hull; nonsense or wort"
bd9dd14c-3ab4-4b15-b78a-4f85733cfb6b,"billboard",2,3,"a large outdoor advertising display"
2074f82f-86d0-498a-88b9-6a8f458941d9,"billingsgate",2,3,"coarse or abusive language; foul-mouthed speech"
847a3c97-f52c-4c86-8753-763b223a36fa,"billow",3,2,"a large wave or surge; to swell outward like a sai"
7862d546-7fc6-49be-9be7-dbf4038581b5,"billy",3,2,"a metal pot or can for outdoor cooking; a police b"
3b03cc40-0f24-403b-b46f-fbdb01200ee0,"biltong",3,2,"dried and cured meat, similar to jerky, from south"
8de72a59-07f4-4c07-b4ab-3b99c1bac487,"binary",3,2,"consisting of two parts; relating to a number syst"
56f5e03c-afb1-4b07-a6bf-a4bbb319615f,"bindi",3,2,"a decorative dot worn on the forehead in hindu and"
f556f6a1-6997-4efd-8015-b7519b59ded3,"bingo",3,2,"a game of chance using numbered cards; an exclamat"
711f3e17-0bc6-4406-926d-fc47105776e2,"binoculars",2,3,"an optical instrument with lenses for both eyes, u"
6ac24846-eede-4d13-b2a7-e2bd36e5449f,"binomial",3,4,"consisting of two terms; in biology, a two-part sc"
76039d8d-a4e5-4b15-9564-daf20e9fab58,"binomialbiomimicry",null,5,"the imitation of the models, systems, and elements"
6bdcfa3a-4a90-40e0-9c74-a947bf5f3639,"biology",3,4,"the scientific study of living organisms and life "
cb7c9e5c-7b4f-414b-83db-73146215f4b6,"biome",3,4,"a large naturally occurring community of flora and"
8a4547b5-44ad-4c3c-97fe-381a00fc810e,"biomimicry",3,4,"the design of materials and systems modeled on bio"
cf468dc5-2aca-4614-8ecd-b4ebc214ba16,"bipolar",null,2,"having two opposite poles or extremes; relating to"
bdf87f85-dfd3-49f0-949a-ad919de87a9e,"bird",3,1,"a warm-blooded vertebrate animal with feathers, wi"
8517e819-9d4e-4612-87ff-237ab324df1e,"birdie",3,2,"in golf, one stroke under par; informal term for a"
db278b6a-c804-401b-9206-97a9722f5ec7,"biriani",3,2,"alternative spelling of biryani, a spiced rice dis"
b7b44ff9-bcfc-410d-bd3f-d763ee9394bd,"birria",3,2,"a mexican dish of stewed meat, typically goat or b"
7857ca6e-5ae4-4a6b-bd02-a5b18d13c00d,"biryani",3,2,"a south asian dish of spiced rice with meat, fish,"
9e13e2e3-f611-4be8-ae0f-6d2587714d44,"biscuit",3,2,"a small, round bread; in british usage, a cookie o"
db057aa3-4755-4cf9-b445-994805b14738,"bison",3,2,"a large, shaggy-haired wild ox native to north ame"
17fe8a44-aead-48f6-8f25-c491e42f1f2a,"bite",3,1,"to cut or grip with the teeth; a wound made by bit"
39d832ae-6019-4dd4-a6bd-1899ae52e35f,"biting",3,2,"causing a sharp or stinging sensation; harshly cri"
a01e78b2-ba1d-4454-b19b-285569a5eccb,"bittern",3,2,"a large wading bird with a booming call, related t"
1505b9e3-e980-48e3-86ef-3abe7128df45,"bittersweet",2,3,"both bitter and sweet; pleasure mixed with pain or"
e2d61ba3-ba33-4f50-9127-27daa4aef3a3,"bivouac",3,2,"a temporary camp without tents; to camp in the ope"
4a2749d0-4663-402b-bf45-725ef450b031,"blackbird",2,3,"a common songbird, typically with black plumage in"
57e7d4d4-0753-43ee-9d13-b0e82bf4a691,"blacksmith",2,3,"a person who forges iron and steel, especially hor"
8804caf3-583e-4d57-a83d-c61366ba0795,"blame",3,2,"to hold responsible for a fault or wrong; responsi"
5ab85df4-19a6-4a34-be65-7a1ecf667d76,"blanche",3,2,"to turn white or pale; to blanch vegetables by bri"
dfef3754-20b4-4f3a-bc5d-453f24e4c09c,"blancmange",2,3,"a sweet dessert made from milk thickened with corn"
e81e5354-02ba-443c-8882-a2401752c61a,"blank",3,2,"empty; without marks or writing; showing no expres"
8762979f-89d4-4530-a9dd-7bb9f5a5899b,"blanket",3,2,"a large piece of cloth used for warmth; to cover c"
5bef862f-d875-4d82-a9e0-712a10a4290b,"blarney",3,2,"flattering or cajoling talk; smooth, deceptive spe"
c06782cc-ba3d-4a5e-bfad-7d19fdc99bea,"blasphemous",2,3,"showing disrespect for sacred things; profane"
9d8b59f5-de6a-420c-bd28-9e56b98f3483,"blast",3,2,"a strong gust of air; an explosion; to blow up wit"
4d5cf33c-351a-4cbf-a8bf-f30b8b112c9b,"blastogenesis",2,3,"the formation of buds in reproduction; lymphocyte "
1cc89ad6-6c19-4106-afff-3b14be01b891,"blatherskite",2,3,"a person who talks foolishly at length; nonsensica"
8f077cb4-f0c0-4783-aa67-6f85ae47ca5f,"blazer",3,2,"a colored jacket, often part of a uniform or worn "
f9f817b1-5237-44b2-8a5a-d433aff4c701,"bleat",3,2,"the cry of a sheep or goat; to complain in a weak "
7189c88c-cc8a-4ca2-abd9-66ed9c460b53,"blemish",3,2,"a mark or flaw that spoils perfection; to damage o"
47456bf9-381e-413b-aec2-d6c3bab0a894,"blessingspeacock",null,5,"a blessing that is as beautiful and majestic as a "
77f78ed7-31fe-436d-90e3-9cd413885685,"bleu",3,1,"french word for blue; used in culinary terms like "
b46e0fa3-6b00-4abb-83ad-04f878644a61,"blindfolded",2,3,"having the eyes covered to prevent seeing"
8872f193-2b18-4057-afd2-e3177b888750,"blissfully",2,3,"in a state of perfect happiness; without awareness"
5f02a3e2-6a12-40b8-8b78-2ead07738aaf,"blizzard",2,3,"a severe snowstorm with strong winds"
0199dec5-dc57-4bb1-9c90-66178ecebd24,"blockheap",null,3,"a large pile or heap of blocks, usually made of wo"
a70fba00-50e8-4f3f-bfa5-9b2ae28e557c,"blooper",3,2,"an embarrassing mistake, especially on television "
ec9297c9-17b8-4639-93be-79da817f380d,"blottesque",2,3,"grotesquely distorted or bizarre; in the style of "
f7f9e73c-c122-47a3-afd0-5d3038896515,"blottesquebobolink",null,5,"a type of bird with a distinctive black and white "
d1f32b75-1a8a-40e8-b59c-240a15aa4391,"blouse",3,2,"a woman's loose-fitting upper garment, typically w"
248eb4dd-2e03-434e-86cb-8fd07bdea6d8,"bloviate",2,3,"to talk at length in a pompous or boastful manner"
2d3912ec-e7fa-4cb5-9dcc-1fe1b1ef88cf,"blue",3,1,"a color between green and violet in the spectrum; "
9478e786-fbff-43f4-900f-4ba060be1318,"blurb",3,2,"a short description of a book or other product for"
34d6d8e9-c8f4-49fc-b211-79ff2ddf100e,"blurtedwallet",null,3,"to speak suddenly and without thinking"
a0988375-f5d6-469f-8802-1b45cc8e120d,"blustery",2,3,"characterized by strong winds; aggressively boastf"
d79bac8c-020b-49dd-9d87-88d70e3e7a61,"board",3,2,"a flat piece of wood or other material; a group th"
4ed84e55-b884-4ce8-9524-fa272832e40b,"boats",3,2,"watercraft designed for transportation or recreati"
3621e33a-0b62-438b-8bfa-d7d93af6fbe6,"boba",3,1,"tapioca pearls used in bubble tea drinks, original"
221d0b19-2a32-4a35-9ac6-bad1a9100836,"bobcat",3,2,"a north american wild cat with a short tail and tu"
bd1c6744-09ef-4af6-9a0c-591c25e116aa,"bodega",3,2,"a small neighborhood store, especially in hispanic"
fe8bab09-8877-43c2-9c6e-9fe9fbad511c,"bodhran",3,2,"a traditional irish frame drum played with a woode"
2cab206a-2d56-46f7-9c12-7ea3bbd10aee,"bodkin",3,2,"a sharp, slender instrument for making holes; a la"
735b6185-f2b2-4fc2-8288-c3ae53304ac6,"boffin",3,4,"british slang for a scientist or technical expert"
0ecb693f-6fa4-4b92-b524-126373765fed,"boise",3,2,"the capital city of idaho; french word meaning 'wo"
78d125e4-b8aa-4334-ba89-82c19832f697,"boiserie",2,3,"ornate wood paneling used in interior decoration"
55960fb3-755c-4ff2-af2d-f330f413263c,"boisterous",2,3,"noisy, energetic, and cheerful; rough or stormy"
4e962400-1e36-4506-85af-549099c9d492,"bold",3,1,"showing courage and confidence; clearly visible or"
e5ea9133-a30c-4a06-9554-a9d5742a9f66,"bolide",3,2,"a large meteor that explodes in the atmosphere; a "
2f9ad851-55ea-42aa-9c58-f4f6409226d3,"bolts",3,2,"metal fasteners with threaded ends; sudden movemen"
bc13b688-4a36-4f81-8c8d-4c50c0fa956d,"bombard",3,2,"to attack continuously with artillery; to assail p"
3b80d3e2-58bb-4174-b9a2-a9ac53f095bf,"bona",3,1,"genuine or real; part of the phrase 'bona fide' me"
6e89e3d1-1071-4032-aabe-cd0cc0ef017d,"bonanza",3,2,"a situation creating sudden wealth or luck; a rich"
4b875e17-4e39-4473-82d2-f9ae6c7104ff,"bones",3,2,"the hard structures that form the skeleton in vert"
cbd6b734-0cbf-4e01-af29-639f3c94d0bc,"bonfire",3,2,"a large outdoor fire for celebration or disposal o"
a3d69280-233a-43b2-a1b2-fd7d73c38bf8,"boniface",2,3,"an innkeeper or hotel proprietor; a jovial host"
bfc05c50-7f27-4052-8bd3-4d8af2b247c4,"bonobo",3,2,"a species of great ape closely related to chimpanz"
547ab9dc-c07c-41b9-93f3-c85068c833ca,"bonoboabrogate",null,3,"to formally or officially cancel or put an end to "
4998435e-965c-447b-bb15-5f72001f405c,"bonsai",3,2,"the art of growing miniature trees in containers; "
f51c5d53-f710-4d10-9063-5171a0dd330f,"bonspiel",2,3,"a curling tournament or match"
8357f894-10c6-4491-838e-034a77d6d78d,"bonus",3,2,"an extra payment or benefit; something given in ad"
f17e3c33-26a1-4f93-a65a-e1cd6cddbac7,"boogie-woogie",null,3,"a style of blues piano playing with a regular left"
011c5720-69a3-4684-9238-223bc5efa61f,"book",3,1,"a set of printed pages bound together; to reserve "
77900fa7-3688-497d-8050-2946e91668a3,"books",3,2,"multiple sets of printed pages bound together for "
02613e37-e9b6-49ca-b3ee-b70bebfc33f9,"bookshelf",2,3,"a shelf designed to hold books"
7c0da909-672e-46f4-8125-3c583207202d,"boom",3,1,"a loud deep sound; a period of rapid economic grow"
1f461e1b-e0e6-4ce2-b6fb-561ee10d99ad,"boondoggle",2,3,"work or activity that is wasteful or pointless but"
481996c6-cb53-4f3a-bf41-b83c3dcde2c5,"booth",3,2,"a small enclosed compartment; a temporary stall or"
25ac6583-37d8-4569-80a4-3b2bfdc8d0f3,"bootless",2,3,"useless or ineffectual; serving no purpose"
9bd50554-9833-4300-a1e3-a7e64cd04ce3,"bordereaux",2,3,"detailed statements or memoranda, especially in in"
450a6d78-acc3-4185-9a68-fab83013e311,"born",3,1,"brought into existence; having a natural talent fo"
6789ea55-f694-46be-ba50-2241493d7844,"borough",3,2,"a town or district with local government; an admin"
36e7e3bf-bc7d-45b5-b923-d3046fb89bfb,"bosc",3,1,"a variety of pear with brown russet skin and sweet"
e0b3adff-a32e-43b3-baf4-18327a7354f4,"boston",3,2,"the capital city of massachusetts; a card game; a "
87ae0c69-fcfc-4e04-a744-cb3c7d63cf59,"botany",3,4,"the scientific study of plants and their life proc"
5bd5892e-3947-472b-a9d6-79d1ee8932f0,"botch",3,2,"to carry out a task badly or carelessly; to bungle"
1fc6bf33-3d4b-4d3a-b4f6-751132eeeeb2,"both",3,1,"the two together; one and the other"
c05ce320-af48-4266-9757-8821105b91b0,"bother",3,2,"to trouble or annoy; to make the effort to do some"
aa352656-1568-42a6-9c37-7b35ecd911f2,"bottle",3,2,"a container with a narrow neck for holding liquids"
912a77d8-57e3-4d38-9a2f-221a3b092941,"bottom",3,2,"the lowest part or point; the underside of somethi"
d3f6ed09-6dff-4b81-a3fe-71fc3a315879,"boucle",3,2,"a yarn with loops creating a bumpy texture; fabric"
29501e7e-98c9-4095-8282-543797c56be8,"bouclé",3,2,"a yarn with loops creating a bumpy texture; fabric"
b4360276-934f-430e-ac34-bc15877eb022,"bouffant",2,3,"a hairstyle with hair puffed out; having a puffy, "
32487db3-3353-4eb6-b054-12a28ecf7bd8,"bouillon",2,3,"a clear broth made from meat, fish, or vegetables"
0ae39da9-045f-4ece-bb37-8c99182fab52,"boulevardier",2,3,"a wealthy man about town; a frequenter of fashiona"
a3472ed6-60ad-435f-87ad-1b22c2f3f6bf,"bounce",3,2,"to spring back after hitting a surface; to move in"
3884de29-bb79-49f5-a0f5-2de75c1cbd8c,"bounding",2,3,"moving with leaping strides; jumping with energy"
8b06ee49-21df-45f6-96b6-a71eb6db934c,"bountiful",2,3,"abundant and copious; generous in giving"
43a310a3-6141-44d0-841b-a5bfafe74214,"bouquet",3,2,"an arrangement of flowers; a distinctive scent or "
00877dee-4aba-424e-8fa7-fa8a3ca67591,"boutade",3,2,"a sudden outburst or whim; a creative inspiration"
a08e9629-0b23-4f4f-95df-53e367944335,"boutique",4,3,"a small shop selling fashionable clothes or access"
c873a6ad-18ef-4df3-a7e4-3e9ef016c1f7,"boutonniere",2,3,"a flower or small bouquet worn on a man's lapel"
cf3c6139-e886-4826-92f0-0d7aef6e7841,"bovines",3,2,"cattle or other members of the ox family; cows and"
37c854d5-057b-4ba9-83ab-61a2b9f83543,"bow",null,1,"a curved piece of material used to shoot arrows fr"
47b481a9-cc3e-4720-9d89-5ac1dcfb7158,"bowie",3,2,"a large hunting knife with a curved blade; associa"
5a02ae33-5745-4ccb-809f-eff7db09b1f2,"bowl",3,1,"a round container for food; to play bowling; a sta"
40839b0d-7dba-4d78-b607-0ba494255d15,"bowlerphantom",null,3,"a person who wears a distinctive hat with a rounde"
ba26a436-1b12-4ef9-b764-db13fd8621a1,"bowsprit",2,3,"a spar projecting from the front of a ship's bow"
8dbc3647-1a69-495d-8ed2-2859d31ccb5f,"boxer",3,2,"a person who fights with fists as a sport; a breed"
d600ea78-e882-4638-9d45-ad40a061ee80,"boycott",3,2,"to refuse to buy from or deal with as a form of pr"
2f319a9f-d158-4516-afaf-67e364dc939b,"boycottcalzone",null,3,"a refusal to buy or use a product or service as a "
38c97bd4-046b-4206-b730-a21be3748533,"brac",3,1,"a fragment or piece, especially of pottery or ston"
61934105-1d86-4f8e-92a5-2b6f682ab036,"brachiopods",2,3,"marine animals with two shells, resembling but unr"
1d017fef-f4c8-4963-933c-74244c8e3741,"braids",3,2,"hair arranged in interwoven strands; decorative co"
88b70608-f5bc-4047-a260-4ea095bdde57,"braille",3,2,"a system of raised dots that allows blind people t"
d569559f-8c37-4f93-8eba-6d9800931def,"braillevignette",null,3,"a small, decorative illustration or design, often "
76d195e0-3a0a-486e-995b-09da66599c06,"brain",3,2,"the organ that controls thought, memory, and body "
938df068-f0a2-4680-8e1d-7c53ea63d7d7,"brambles",2,3,"prickly shrubs, especially wild blackberry bushes"
0bf63070-9c07-49ec-97fc-e24044ee8ea9,"branch",3,2,"a part of a tree that grows from the trunk; a divi"
220dac9b-b749-4213-a700-ad9d6313c7cd,"brand",3,2,"a particular make of product; to mark with a hot i"
f064bfa5-73c2-494c-a842-707123816051,"brands",3,2,"particular makes of products; marks made with hot "
c698b519-bf60-44ab-8220-f09442374239,"brandywine",2,3,"a variety of grape; a type of brandy; a creek name"
744024c0-0074-4789-ab44-6137506c6474,"bravado",3,2,"a bold manner intended to impress; swaggering disp"
a32e1125-d613-4190-b15c-1b0241cba51b,"brayed",3,2,"made the loud harsh cry of a donkey; spoke loudly "
073c0e7f-0f4d-42c7-8c5e-0426880cf241,"breadmaking",2,3,"the process of baking bread; the art of bread prod"
ac688fe7-d26b-4167-9a77-a76550a43e19,"breathtaking",2,3,"extremely impressive or beautiful; astonishing"
9848c57d-32ce-4830-958d-aa6caec9ca2b,"bred",3,1,"raised or produced offspring; brought up in a part"
dfb014a4-235e-4eb1-969c-5cd4a28db2f9,"breed",3,2,"to produce offspring; a particular variety of anim"
026b38ac-e3b4-44f3-82a1-ef7d2b7a8917,"brevet",3,2,"a commission promoting a military officer without "
c9b704d1-732b-4535-a8e1-ea32c4a5c50f,"breviloquence",2,3,"the practice of speaking briefly and concisely"
835f00b7-5ad3-4d75-97fa-c0d0ffc54536,"breviloquencenoun",null,5,"the quality of using few words to express much mea"
78e5ad1d-bd97-429f-b61b-a8a22c897680,"bribery",3,2,"the giving or offering of a bribe; corruption thro"
b857ab3f-9545-42a5-8d73-2bb84f62e396,"bric",3,1,"miscellaneous small objects; knickknacks (part of "
50103be5-9897-4200-b14b-c5c861cd81f4,"bric-a-brac",null,3,"small decorative objects or trinkets, typically of"
79657cf6-0702-414a-a621-b105d71a2a53,"brick",3,2,"a block of fired clay used in building; a reliable"
3815a69a-1266-4fb8-98f0-f5e7eafc2444,"bridge",3,2,"a structure carrying a road over an obstacle; to c"
1f15f384-5aed-4042-b87a-435d6087d7cd,"brigand",3,2,"a bandit or outlaw who lives by robbery"
ff2d34cc-92a2-4aea-915c-d9eae08bd322,"brilliant",2,3,"very bright; exceptionally clever or talented"
f7567b8a-a2df-4ea9-b5ce-324fbeceee3f,"brim",3,1,"the edge or rim of something; to be full to the po"
e5ff86e3-3e9e-4f93-b8d1-ec620f9a93b9,"brimless",2,3,"without a brim or edge; lacking a projecting rim"
bacbf3aa-6c4f-4907-8015-749b4d318a4c,"bringing",2,3,"the act of carrying or taking something to a place"
93ca3104-8401-4570-82b2-9d12f09e20e2,"briocheadumbrate",null,5,"to obscure or make less clear; to darken or oversh"
ac9c10e9-538e-4363-8ee4-880c51a6e620,"bristle",3,2,"a short stiff hair; to show anger or become defens"
f29dbdd3-6fb2-4979-a89f-6dc3c7572236,"broad",3,2,"wide; covering a large area; general rather than s"
50c3543d-3121-48f8-9c0c-e3fa8b0ca1f8,"broadcaster",2,3,"a person or organization that transmits radio or t"
4343a191-7d40-4710-9ec3-d639303484c0,"broadcasters",2,3,"people or organizations that transmit radio or tel"
5212ede8-0c1c-4f92-9273-e301b4cc22cd,"brocade",3,2,"a rich fabric with raised designs; to weave with a"
e1402728-b52a-4f2a-9775-fe4da04be107,"broccolini",2,3,"a hybrid vegetable combining broccoli and chinese "
8eeb58de-25fe-44d4-b4d8-07c84e68b367,"brogue",3,2,"a strong regional accent; a type of shoe with deco"
aa42549d-969c-4d54-9ffb-64adf712b3d8,"bromide",2,4,"a chemical compound; a trite or unoriginal remark"
ef202bd3-5176-4c5b-bfcd-398af65058f4,"bromidealgae",null,3,"a type of green algae that produces bromine compou"
997d61a1-497e-4c87-88fc-ee920b7daa12,"brontophobia",2,3,"an irrational fear of thunder and thunderstorms"
4beb6cf8-72f4-460b-9f96-a9756d0ca226,"bronze",3,2,"a brown metallic alloy of copper and tin; a work o"
2d2252fc-3f96-4cdc-bfce-b5570b72c4e2,"brooding",2,3,"thinking deeply about something troubling; sitting"
9cb06f0c-9a6a-45a8-a821-a91cd982ad96,"broth",3,2,"a thin liquid food made by boiling meat, fish, or "
830e3159-7ad4-4fa7-9ae1-b95175c3bb83,"brouillon",2,3,"a rough draft or preliminary sketch"
82928f87-6c6c-495d-952e-ac1205718305,"brown",3,2,"a dark color produced by mixing red, yellow, and b"
ac9f5e09-90df-4b95-a51f-cfcab09ef9d1,"brownish",2,3,"somewhat brown in color; tending toward brown"
af12bfdc-bf96-4cc8-8500-5d2d1b499413,"brucellosis",2,3,"a bacterial infection transmitted from animals to "
43c790da-f858-4949-8273-fcebdd7d2d01,"bruise",3,2,"an injury appearing as an area of discolored skin;"
aed5c0e4-5b57-4fad-9265-634ddf099f2e,"bruja",3,2,"spanish word for witch; a woman who practices witc"
2eaa78dd-6b60-466b-a972-7ce2e16aa1f7,"brujaupsilon",null,3,"a female practitioner of witchcraft or magic."
4c0f75bc-91cd-4125-aaa1-2d311c778cf6,"bruschetta",2,3,"italian appetizer of grilled bread topped with tom"
4634432c-7ce4-4cac-a705-d55fb4d9ac73,"brush",3,2,"a tool with bristles for cleaning or painting; to "
6dde77f4-e83d-449e-b494-2602dc583288,"brut",3,1,"very dry, especially referring to champagne or spa"
d599b87a-9ac4-467d-a1b1-16e5c58e45e0,"bubble",3,2,"a thin sphere of liquid enclosing air; to form bub"
e004db57-0985-4c96-b547-5ba7e327fde7,"buckeye",3,2,"a north american tree or its nut; a person from oh"
78b37761-590a-4831-af6e-18bebd781ad1,"buckle",3,2,"a clasp for fastening; to fasten with a buckle; to"
004e41fc-83e9-4bbc-87b4-59ca204676d6,"budgereegah",2,3,"alternative spelling of budgerigar, a small austra"
d29ee2f9-9981-4ff6-a2ee-e8fcf751f3ef,"budgerigar",2,3,"a small australian parakeet, popular as a pet bird"
4525543a-5eca-4c0d-9ff6-a27945f88b0e,"budgerygah",2,3,"alternative spelling of budgerigar, a small austra"
dac27aa2-b259-45fd-9291-838a09a7ee8d,"buffet",3,2,"a meal where food is served from a table for self-"
9290246f-55fb-484a-8ffa-0d6b4db9e0f7,"buffoonery",2,3,"behavior that is ridiculous but amusing; clownish "
a6b263d9-9845-44d0-b547-5e48d1ef53f8,"bugle",3,2,"a brass musical instrument; to play a bugle"
51fc5861-b27b-4b50-ab48-5924095b5f3f,"build",3,2,"to construct or assemble; the physical structure o"
c973b4d7-f538-4c87-b9db-937e3540a37e,"bulghur",3,2,"alternative spelling of bulgur, cracked wheat used"
4fffe39e-70c9-4833-b869-9537bbb1fab8,"bulgur",3,2,"cracked wheat that has been parboiled, used in mid"
358e9092-7859-465c-97db-9ebd6e08caff,"bumblebee",2,3,"a large fuzzy bee that makes a loud humming sound"
d1ce22a4-1997-4d20-8509-2ba89a591cdf,"bump",3,1,"a light collision; a raised area; to knock against"
8e517312-8ecf-412e-a63d-14229636894a,"bundt",3,2,"a type of cake baked in a ring-shaped pan with flu"
d1a683d3-2c1e-470b-9ba9-c8f592322ab3,"bungee",3,2,"an elastic cord used for jumping from heights; rel"
7bfab61b-4001-44c1-9ff0-7e1efcf8ba62,"bunions",3,2,"painful swellings on the big toes caused by ill-fi"
1c729157-b03e-46f9-9749-3935da6c6cc2,"bunsen",3,2,"a type of gas burner used in laboratories (bunsen "
f3801080-b739-4862-9dbc-ea1f808864c2,"buñuelo",3,2,"a fried dough pastry, popular in spanish and latin"
9a783305-d491-4f3b-a256-c6d7f1980453,"bunyanesque",2,3,"resembling or characteristic of paul bunyan; gigan"
bc60920b-3a5b-4e0f-b655-6334f3405dee,"bunyanesqueexsect",null,5,"resembling the legendary lumberjack paul bunyan in"
734f56cb-b3a5-4765-ab97-d71aeb43a186,"bureau",3,2,"a government department; a writing desk with drawe"
da33d48e-18f8-4afc-b8c1-19433a72ccf4,"bureaucrats",2,3,"government officials who work in a bureaucracy"
b13974ab-9004-4474-bb70-b7c800ff5c4e,"burgee",3,2,"a triangular or swallow-tailed flag, especially of"
44780be5-d608-46a1-9c1a-9c4af75c5699,"burglarious",2,3,"of or relating to burglary; involving breaking and"
50ccfead-a864-4f2c-ba42-cd8c0e8326e8,"burgoo",3,2,"a thick stew or porridge, especially one served at"
1d83bf4a-b531-4e87-8a8f-2e0f8ad93be0,"burgoooccupancy",null,3,"the state or condition of being occupied, especial"
edc7d879-16c0-4e61-a1d0-07dc3313ac40,"burgundy",2,3,"a dark red color; a type of wine from the burgundy"
5dae97f8-bccd-4ae9-971a-5823adcce431,"burial",3,2,"the act of placing a dead body in the ground; inte"
45d91949-f437-4383-8747-e223c98dcc49,"burkinabe",2,3,"a native or inhabitant of burkina faso"
8cdac74e-bd3f-48c6-afa8-43435fc19054,"burro",3,2,"a small donkey, especially one used as a pack anim"
598fe23c-a451-4aff-8e04-594c1fdd71f1,"bursary",3,2,"a monetary grant given to a student; a scholarship"
a2226a21-4e76-45e8-aa02-06b04c14e679,"bursting",2,3,"breaking open suddenly; filled to capacity"
989754a1-1991-4ff2-8cdd-4bb6535e5bc3,"busbyadjective",null,3,"relating to or denoting a person who is a supervis"
6bc1a728-2701-4d2a-a127-9feb1da08175,"bushel",3,2,"a unit of measurement for dry goods; a large quant"
53dca47d-c5a9-40ae-9fc5-bcd7b7775b33,"bustling",2,3,"full of activity; moving energetically"
9229ecb4-d581-4eac-be02-d04ca904433b,"busy",3,1,"having a lot to do; actively engaged in activity"
40f660aa-6f2d-4d80-9d1f-2f05192c2e22,"butterfly",2,3,"a flying insect with large colorful wings; a swimm"
b7bde797-987b-45e8-a618-29efe60c630a,"butterscotch",2,3,"a candy made with butter and brown sugar; the flav"
e40d5e4b-2afe-41d3-a902-a1c4be1408a9,"buzzworthy",2,3,"likely to generate interest or excitement; newswor"
521c4cd5-076c-44f8-a2ff-501a81ebcee0,"cabal",3,2,"a secret group plotting against authority; a consp"
ca9cae3f-4fc5-4370-9738-e110510f9ad0,"cabaletta",2,3,"a simple aria with a repetitive rhythm, often conc"
46e8e125-c03e-4811-88e7-f5080c4b33ef,"cabaret",3,2,"entertainment performed in a nightclub; a nightclu"
d3f1128b-b9e8-4326-9692-7f84f4905e05,"cabbage",3,2,"a leafy green vegetable with dense leaves forming "
3c6ccaf0-5dfe-462b-89da-4c1a45493e1d,"cabeza",3,2,"spanish word for head; also used in english in cer"
3fa518ba-123f-4a3c-b057-d6189e1444e6,"cabin",3,2,"a small simple dwelling; a room on a ship or aircr"
232476d2-e3e1-4ec4-b0e2-0a66e65a624e,"cabochon",2,3,"a gem that is polished but not cut into facets"
b187a94a-c280-48ed-8b27-68d40c1338c9,"caboodle",2,3,"the whole lot; everything (usually in 'kit and cab"
9d49fa73-45c6-4aa0-8751-e2e1ec6506fe,"cacaxte",3,2,"a wooden frame carried on the back for transportin"
a0adaf28-7368-4592-b637-30ff53e2e354,"cache",3,2,"a hidden storage place; to store in a hidden place"
e35b8057-8c30-4f5a-b495-aafc61159c9e,"cachexia",2,3,"wasting of the body due to severe chronic illness"
155e0bde-519e-4140-b7f8-7843929a95ef,"cachexiaconnoisseur",null,5,"a state of severe general ill health and malnutrit"
50f17ff8-bf85-444e-b3c3-17f1cbfc0e62,"cacoëthes",2,3,"an uncontrollable urge or desire to do something"
9449529c-cd10-4645-b7f5-e1a2ab6895a3,"cacophonous",2,3,"having a harsh, discordant mixture of sounds"
c3ee9acb-5cad-4211-aed3-7bdb294ca2f3,"cadaverous",2,3,"resembling a corpse; extremely pale and thin"
824f637a-d6b6-4e5f-86ce-d32baecdea10,"cadge",3,2,"to ask for or obtain by begging; to borrow persist"
fe2a515a-5626-4cf1-9acc-809873923e48,"caducity",2,3,"the frailty of old age; transitory nature"
bdc6bee0-ca67-4e1d-a5d6-4bcb2b9d8bff,"caerphilly",2,3,"a mild white cheese originally from wales"
c3019376-1381-4903-9b25-e5b1aef73e1a,"caesious",2,3,"having a bluish-gray color"
e4fc1270-060f-442d-9bb7-8ea7884206d6,"caftan",3,2,"a long loose garment worn in the middle east and n"
607b4071-27bb-406a-8714-1eb3fb65a328,"cahiers",3,2,"notebooks or exercise books; written records or re"
c3e8c729-c058-44d4-9e6c-44ad263e6789,"cahoots",3,2,"partnership or conspiracy, especially for wrongdoi"
1106d70c-38fb-4c86-a9ec-eb00ed309890,"caique",3,2,"a light rowing boat used in the bosphorus; a type "
a3cade98-a5a7-49b1-a355-027869fd7e1a,"caisson",3,2,"a watertight chamber used in underwater constructi"
67408c01-ea88-4df3-8332-dd5c8ea5b601,"cajole",3,2,"to persuade someone through flattery or gentle urg"
57b7858a-ca2c-48b3-bb89-1b3c527591dd,"cake",3,1,"a sweet baked dessert; to form into a hardened mas"
e2aa50fa-552c-40b8-8f3a-bef37c9ed6db,"calamari",2,3,"squid prepared as food; a culinary term for squid"
2ee447c9-82ae-41fb-baff-5408ee94f2ae,"calamitous",2,3,"involving or causing a catastrophe; disastrous."
b2867704-75d7-44b6-ab35-1867c1c12825,"calamondin",2,3,"a small citrus fruit that is a cross between a man"
4a712f04-e4b4-4822-9186-b123fe7605d3,"calcify",3,2,"to harden by calcium deposit; to become rigid or s"
b194f221-e64f-4490-98b7-66a05f401e9e,"calculator",2,4,"an electronic device for performing mathematical c"
26e65542-e47f-46f5-8947-4cf95a67ebb9,"caldera",3,2,"a large crater formed by volcanic collapse or expl"
74e37646-2ba0-4687-ad60-e8da1dddb744,"calefacient",2,3,"having a warming or heating effect; producing warm"
620ece8b-5146-4c79-872d-f3da5c93baab,"calendula",2,3,"a bright orange or yellow flower; pot marigold"
6c1d53f9-42e9-429c-a8d5-0426565d90b3,"calico",3,2,"a type of cotton fabric; having patches of differe"
48b1f49f-e04b-4393-988b-fd5f9deebf24,"calisthenics",2,3,"exercises performed without equipment, using body "
be238fa6-645d-42ab-b2a4-c2efb4d6c2a5,"caló",3,1,"a spanish dialect or slang; romani language variet"
434d7a70-d8f8-4868-ab6e-8e4e3335792f,"calories",2,3,"units of energy provided by food; units of heat en"
44669807-76d7-4acc-bd1e-9a7934d634e7,"calumet",3,2,"a ceremonial pipe used by native americans; a peac"
3c3f638c-f760-47bd-b695-824d10727438,"calusar",3,2,"a romanian folk dance performed by men; a ritual h"
f5891c69-2457-4b7d-9d14-63ab7c39e7e7,"calvities",2,3,"baldness; the condition of being bald"
1ebc145e-db6a-484a-b2b4-6f7aae394f7f,"calypso",3,2,"a type of west indian music; a nymph in greek myth"
22083a74-b90e-4dbc-a96b-6d83521df536,"calzone",3,2,"an italian turnover made with pizza dough and fill"
cf57a981-05d4-4e16-97f0-d05eba3a95bb,"camarillanidicolous",null,5,"living or dwelling in the nests of ants."
9c28fdba-a2cd-41a6-9986-fd934358730c,"cambio",3,2,"spanish word for change or exchange; currency exch"
4b757587-b6a0-4a33-beb1-54b33b60f11f,"came",null,1,"to move from one place to another, typically by us"
1609d658-2b76-461c-9729-c6244eed1e9e,"camel",3,2,"a large mammal with humps, adapted for desert life"
a83d319e-fca0-4e83-b78d-f5977a846037,"camelot",3,2,"the legendary court of king arthur; an idealized p"
8c01a447-a3f8-4ea6-bb5a-f40bca2581ba,"camembert",2,3,"a soft french cheese with a white rind"
bf28cb12-4b58-4065-bc60-d3e6733e9f4b,"camera",3,2,"a device for taking photographs or recording video"
77b74a30-10f8-4921-8e44-b0c9f6f1707a,"camouflaged",2,3,"disguised or hidden by blending with surroundings"
46108230-63d9-4f44-8204-c2482ab60a95,"campanology",2,3,"the art or study of bell ringing"
b33a41cc-7975-4c7f-9c07-807042518da9,"campus",3,2,"the grounds of a university or college; an institu"
093a5003-c034-49bd-baea-8a557ecca8fa,"canada",3,2,"a country in north america; the second-largest cou"
32cd730d-3c0d-43e6-a7c3-a7b73d328b2c,"canaille",2,3,"the rabble; the common people (often used disparag"
d544c7bb-e29b-4664-8f14-bd8ac101ae42,"canaillecantatrice",null,5,"a female singer, especially one who performs in op"
ccba4903-e696-4d8d-84a9-af93a686896d,"canard",3,2,"a false or unfounded story; a deliberately mislead"
475d61e5-3af0-461c-bd98-dfc927ca484e,"cancion",3,2,"spanish word for song; a musical composition"
2d1e8664-9246-4bc8-afe0-8fff23c60f9d,"candelabrum",2,3,"a large branched candlestick or lamp holder"
93361b95-54c2-4fff-88a0-996c78d06d76,"candles",3,2,"wax cylinders with wicks that burn to provide ligh"
fc1e52c3-76d6-4210-bbba-02d4241a19d8,"canid",3,2,"a member of the dog family, including wolves, foxe"
4a9bfc72-d862-4a9a-b7ad-0d295de363f9,"cantankerous",2,3,"bad-tempered and uncooperative; quarrelsome"
b89eed43-420b-4674-91ba-9b9e005e8368,"cantatrice",2,3,"a female opera singer; a prima donna"
873144f4-5230-44e4-800a-840dddd410a7,"canterbury",2,3,"a cathedral city in england; a piece of furniture "
5e22f138-3a81-46d1-9ceb-0defe31fb3bd,"cantor",3,2,"a synagogue official who sings liturgical music; a"
73b8979e-d9e2-45e6-b8b9-f54549746e62,"caparisoned",2,3,"decorated with ornamental coverings; adorned with "
3811fe87-9164-4dbc-bc34-f770cd17a5d5,"capillarycapnometer",null,5,"a device used to measure the carbon dioxide conten"
12a31701-2a26-4574-aa3f-0b02bbcf6982,"capital",3,2,"the chief city of a country; wealth used for inves"
7814ba27-9cb5-4bb8-a59f-e2dadfb8881a,"capitalist",2,3,"an advocate of capitalism; one who owns capital fo"
318309c5-a6f4-45c6-af2b-82754eb3c13f,"capnometer",2,3,"an instrument for measuring or monitoring the conc"
b5619828-f1e4-426b-9378-2d94a4fe4be6,"capricious",2,3,"given to sudden and unaccountable changes of mood "
0777b441-df01-4316-bec6-a2c9d373fe4e,"capsaicin",3,4,"the chemical compound that gives chili peppers the"
d5118fbd-ce04-4ca6-940c-11b528005069,"capstan",3,2,"a vertical machine used for winding in heavy ropes"
ae6f3054-6d1f-4901-aefc-abaa2bcd49f3,"capsule",3,2,"a small container, typically made of gelatin, cont"
197de499-4722-42c3-8734-16ff3b5ca2b4,"car",null,1,"a wheeled motor vehicle used for transporting pass"
25c6ac53-7e99-46ad-87f2-cb20bfb500d8,"caramel",3,2,"a sweet, chewy candy made by heating sugar until i"
f88430a9-8743-4504-b5a0-71f61c8ffff5,"carapacedauerlauf",null,5,"a hard, protective outer shell or covering of cert"
2f3cb2b2-8a36-4231-8e93-b66af00dbf2a,"caravan",3,2,"a group of travelers journeying together for safet"
a1e7540f-b648-45bc-a392-87843a5a1d62,"cardiopathy",null,3,"any disease or disorder of the heart"
7bf0ce5b-a067-4e6e-8cdc-9d4a6a6ac60e,"career",3,2,"an occupation undertaken for a significant period "
09ef767b-df52-47b3-aab1-389dc16d7497,"carnage",3,2,"the killing of a large number of people; widesprea"
169e7ea1-51a6-4fd7-90dd-069a6c612d0b,"carnassial",2,3,"relating to the large shearing teeth of carnivorou"
9f11c401-e7a5-4b98-a319-8f4db56a1d23,"carnifices",2,3,"plural of carnifex; executioners or those who infl"
399ace2b-7070-4763-9a31-324dc3d5925a,"carpal",3,2,"relating to the carpus or wrist; of or pertaining "
6889a5b6-35a1-49ec-a9c0-042db59e4b65,"carrageenan",2,3,"a gelling agent extracted from red seaweed, common"
7ee7c469-d128-4fe4-a42c-01e3f1257e55,"carrageenin",2,3,"an alternative spelling of carrageenan; a gelatino"
30892fea-f543-430a-8003-0c17889d638f,"carragheenin",2,3,"another spelling variant of carrageenan; a substan"
1118628c-cb18-4a93-b5ef-d8f029ce92ed,"carrickmacross",2,3,"a type of irish lace characterized by floral motif"
f61139c9-da8f-44d4-9694-94f8f55ddd56,"carrion",3,2,"the decaying flesh of dead animals; dead and rotti"
6a7fd4f0-4cc8-424b-8505-1b9095e62a05,"carrot",3,2,"an orange-colored root vegetable that is commonly "
df022c3a-247d-479c-8d0d-971e305aa02b,"carte",3,2,"a menu, especially in a restaurant; or a map or ch"
a90b6f43-7955-4888-a258-6bff226bb58a,"cartoon",3,2,"a simple drawing showing features in a humorous or"
c11ad72e-834f-4d00-9808-2589fe470d69,"cartoondough",null,3,"a type of dough used in the creation of cartoon-li"
a0a7a6d2-84fe-4d37-a9ff-6e07c08151cb,"casa",3,1,"spanish and italian word for house; used in englis"
2cde5590-94ff-44cb-8ea5-bd6a3c32a17e,"cascade",3,2,"a waterfall, especially one in a series; or someth"
06551ad8-7541-402f-a58e-e1b9afda7dde,"cashier",3,2,"a person who handles payments and receipts in a st"
829c4814-fec7-4fdb-93e2-4bfcde56ee2b,"casino",3,2,"a facility where gambling games are played; a buil"
b3d64e68-95d3-49c3-b751-179f2b92738e,"cassock",3,2,"a full-length garment worn by clergy and church of"
ef783831-7236-45cd-bd87-efa02b93a7b2,"cast",3,1,"to throw or hurl something; to shape metal or othe"
78bb380f-dd30-4ae5-8e09-6bfc3d13d5b7,"castigate",2,3,"to reprimand or criticize someone severely; to pun"
1ecab250-7b1e-4ee5-b62a-010b3e585f7a,"castigateveered",null,3,"to criticize or reprimand severely"
2a127763-11fa-46d0-bc59-cd56e1f69168,"castle",3,2,"a large fortified building or complex of buildings"
7a6d64df-9567-43b3-87e1-c09825e61b81,"castor",3,2,"a beaver; or castor oil, derived from castor beans"
83a62a8f-568c-4f8e-9ee7-984e91005ff6,"cat",null,1,"a small domesticated carnivorous mammal with soft "
ca036e60-6424-4572-9b9d-c61398ffa0ae,"catadromous",2,3,"describing fish that live in fresh water but migra"
db81e435-86ab-47ee-8629-5d42bab428ae,"catalepsy",3,4,"a medical condition characterized by rigid muscles"
deeb84dc-97b2-4ac7-8d12-82a35d2f1469,"catalina",2,3,"a type of casual women's swimsuit; or referring to"
6ec1e2b5-2720-4db9-a310-c62a99ee13eb,"catalo",3,2,"a hybrid animal produced by crossing domestic catt"
2a1a8a05-a133-4bcf-b45c-3b39791011f7,"catalyst",3,4,"a substance that accelerates a chemical reaction w"
6b633943-f2cd-475b-a4f9-962c92eaff38,"catapults",2,3,"ancient siege weapons that launch projectiles; thi"
73d466a9-3bc9-4f24-b3ff-b44a8923c110,"catarrh",3,2,"inflammation of mucous membranes, especially in th"
3d0c256b-7397-468f-a68b-933b755b5a6e,"catastrophe",2,3,"a sudden disaster or extremely unfortunate event c"
a83730a4-68fa-4375-a453-9edfd7bf9c74,"catching",2,3,"contagious or infectious; likely to spread from pe"
6230a38b-c4c7-4081-a670-fc511390fb54,"categorically",2,3,"in an absolute or unconditional manner; without ex"
6d3db4b4-7bf6-451f-a746-84832b966da7,"cathect",3,2,"in psychoanalysis, to invest emotional energy in a"
a7063477-9ee8-44a9-91d2-e1aebd47fc5c,"catherine",2,3,"a feminine given name; also refers to various sain"
94877ede-4fa3-4ce3-bda4-64e33b85d88e,"cathodecatnap",null,3,"a brief period of sleep, especially during the day"
ec5fae34-50a8-4aac-9145-565d4a025505,"cathodecattalo",null,3,"a hybrid animal that is a cross between a domestic"
045eeab4-a283-40c3-99d7-89bb280a4c0d,"cats",3,1,"plural of cat; small carnivorous mammals commonly "
33642876-4ddb-4e00-bee5-3fa5914a4316,"cattail",3,2,"a tall marsh plant with long, flat leaves and a di"
944d9d75-cc36-4b42-a584-9dbb656d5599,"cattalo",3,2,"a hybrid animal produced by crossing domestic catt"
29684e17-be84-46aa-b82d-7da1681d41d3,"caudex",3,2,"the woody stem or trunk of a palm, tree fern, or s"
12f21565-6dc2-40df-81d3-6b037c6b7140,"causal",3,2,"relating to or acting as a cause; expressing or in"
dd15866b-1aab-4615-a787-7ffe7f6db6ac,"caustic",2,4,"able to burn or corrode organic tissue by chemical"
7f7fe049-91d0-4179-9d28-d5666f4ec8ab,"cauterize",3,4,"to burn tissue with heat or chemicals to stop blee"
c2842702-a025-4ed3-b588-3da17c37ba9c,"cavalier",2,3,"showing a lack of proper concern; offhand or dismi"
464112a9-5460-49b8-b2cd-08fea4af1ac4,"cavalletti",2,3,"small, adjustable wooden jumps used in horse train"
36850476-fb76-407c-9bc4-bb189741bdd7,"caveat",3,2,"a warning or caution; a condition or qualification"
fb595024-fc9a-424c-b52c-99fd26c7cc70,"caveola",3,2,"a small invagination in the cell membrane, importa"
2434004a-5668-4b07-9ad0-5c98ba35b39f,"caverns",3,2,"large underground chambers or caves, typically for"
fa36ca3e-94b5-45d5-93dd-38b817d489f0,"caves",3,2,"natural underground chambers in rock formations; h"
cf3bc396-4534-4acf-8495-cc53deb4fb5c,"cayenne",3,2,"a hot, red pepper used as a spice; or the capital "
9f4fc90f-56bf-4229-b923-0c44e85cf832,"cecidium",2,3,"a plant gall; an abnormal growth on a plant caused"
f4875496-2c7e-4447-860a-f379798a5a22,"cedar",3,2,"an evergreen coniferous tree with aromatic wood, o"
094ac30e-b300-497f-97f9-fff1e0294d13,"ceiling",3,2,"the upper interior surface of a room; an upper lim"
c8123f9e-e981-42df-89a7-90c7475499b9,"celebrates",2,3,"third person singular present of celebrate; honors"
7cb7df13-0667-4958-9c3c-47e90a69cd90,"celebrating",2,3,"present participle of celebrate; honoring or comme"
34d240de-3d34-4b9b-8563-f3911aebc170,"celery",3,2,"a vegetable with long, green stalks that are eaten"
a4ebcda8-9c8a-4f7c-acab-3e84fe360c51,"celeryidiosyncratic",null,5,"relating to an unusual or distinctive personal tra"
66affaa6-9e89-4cab-9fd2-a33040de0cc8,"cell",3,1,"the basic structural unit of living organisms; a s"
69a53976-d806-4fe9-b0c2-477c03112665,"cello",3,2,"a large stringed musical instrument played with a "
29bf85e4-2770-4f32-8ef9-f025dfd6d423,"celsius",3,2,"a temperature scale where water freezes at 0° and "
a5ccd629-6794-4dd7-83d4-dcf110d4a49f,"cenote",3,2,"a natural pit or sinkhole filled with freshwater, "
5bcded93-7af3-42e9-85b2-a86fd6ad2747,"census",3,2,"an official count or survey of a population, typic"
a2bfc5cb-d84c-400e-8283-c423b7887f31,"censusstagflation",null,5,"a combination of high inflation and stagnant econo"
bc4e5c59-f818-4f20-bd2c-4b933f5b4877,"centenarymatrimony",null,5,"a ceremony celebrating the 100th anniversary of a "
30d90264-1ac5-47b9-bb3a-fb5837404184,"centennial",2,3,"relating to a hundredth anniversary; occurring onc"
18aefd86-92c5-4037-a544-0547fd5c9e32,"centennialcertiorari",null,5,"a writ issued by a higher court to review the deci"
996634ba-c0eb-4b0e-9c39-91ff1a129e68,"center",3,2,"the middle point of something; the main or most im"
32b9d296-fbe3-45d0-9133-4b45a9ec9f87,"centrally",2,3,"in a central manner; from or in the center; in a w"
9776fdd7-1d79-44b7-aaab-b1a2cc01c50b,"centrifuge",2,3,"a machine that uses centrifugal force to separate "
441837a4-a6e0-43a6-8d63-62654ee65e1a,"cermet",3,2,"a composite material made of ceramic and metallic "
571c6260-165d-4cd3-a2c2-cc26f7b96b54,"certain",3,2,"known for sure; established beyond doubt; confiden"
b8c0b857-c765-4d12-8f93-e401ab392f07,"chachalacas",2,3,"large game birds native to the americas, related t"
ac9db5c6-d5fb-4654-9716-5bac9596a964,"chai",3,1,"a spiced tea beverage, typically made with black t"
8090bc85-a985-46ba-a339-4e60425b72b4,"chain",3,2,"a series of connected metal links; a sequence of r"
fc964ee3-eeeb-406f-8782-cc3767b31b2d,"chalet",3,2,"a wooden house with overhanging eaves, typically f"
fa92b89c-3950-4455-87a3-74ac945ba039,"chalice",3,2,"a ceremonial cup or goblet, especially one used in"
70ae78f0-9099-4528-bdb4-d1756b6e02d7,"chalk",3,2,"a soft white limestone used for writing on blackbo"
c259c919-6ffc-4727-a5ad-67bf3be36b3a,"chamberlain",2,3,"a senior official in charge of managing a royal or"
91f7ccd0-1acc-417b-a3ad-bca92b73c5a7,"champion",null,3,"a person who has won a competition, especially a s"
e885a210-0533-4cf2-94c9-5397f4715269,"champs",3,2,"short for champions; winners of a competition or c"
878875e6-d0bc-4335-a86c-9ab69e497a66,"changing",2,3,"present participle of change; in the process of be"
be6afef9-a532-4b7b-8c16-f2b9f0cc9b53,"channel",3,2,"a waterway connecting two larger bodies of water; "
8590f682-8b55-460d-bc77-52f52de0dc0f,"chanoyu",3,2,"the japanese tea ceremony; a traditional ritual of"
c8cc63cb-858b-4628-9dcd-6950f6e204a8,"chaotic",3,2,"in a state of complete confusion or disorder; unpr"
a748be3d-cd01-4277-a19f-ef1679083c52,"characteristic",2,3,"a distinguishing feature or quality; typical of a "
a6e16259-e275-40ff-bff5-a3c51233f5cf,"characterized",2,3,"past tense of characterize; described the distinct"
4790b493-9a04-43c6-b909-0e448c934a92,"charge",3,2,"to rush forward in attack; to demand payment; to f"
cad541a3-fa71-47a8-bd59-3bc0bcbc4339,"charitable",2,3,"generous in giving help to those in need; showing "
8f35356a-d57a-4f5c-a79c-6a630d3645e2,"charlotte",null,3,"a city in north carolina, the largest city in the "
25d94812-3929-4311-bb61-18cd586a328b,"charon",3,2,"in greek mythology, the ferryman who carries souls"
07b9b92e-67d3-4113-ad8c-9d895bea389f,"charred",3,2,"burned or scorched to create a blackened surface; "
cfaa561a-e69a-4fba-81ce-dfb34f5987ab,"chart",3,2,"a map or graph showing information; to plan or map"
d060aebe-7acc-408a-b74c-7f22e982b89e,"chase",3,2,"to pursue someone or something in order to catch t"
32c888ae-25d2-4c88-b507-0866771d2dc4,"chasm",3,2,"a deep crack or opening in the earth's surface; a "
11ef110e-4e18-4c32-b255-fda518f4d2d0,"château",3,2,"a french castle or large country house; a wine est"
15ab66b1-14bc-4907-ac7d-f3b1e0d005e5,"chauve",3,2,"french word meaning "bald" or "hairless"; in engli"
eb48b2dc-51e2-4170-a81f-d9c0212bab06,"chauve-souris",null,3,"a bat, especially a large bat found in europe and "
f787114b-ff4f-4ffd-9694-aeba68c369cc,"check",3,2,"to examine something to determine its accuracy, qu"
246bfdbe-4f0f-407b-a3f3-7a17d454c218,"cheek",3,2,"either side of the face below the eye and between "
a3d1cc93-ad30-4f18-a403-aae44ab2db06,"cheer",3,2,"to shout encouragement or approval; to make or bec"
13e00d6d-dd8d-4686-a33f-04d144947eb4,"cheese",3,2,"a food made from the pressed curds of milk, often "
84c88844-2acb-4dd3-9812-7d52496a261f,"cheesy",3,2,"resembling or containing cheese; of poor quality, "
c14b6528-af37-4c3c-a0b3-edfe70a29ee1,"chef",4,1,"a professional cook who typically manages a kitche"
2ae1d929-9d53-4663-a0f7-932c221f014b,"chefs",3,2,"professional cooks who typically manage kitchens a"
83cb8081-38b0-48bf-ba86-470aa2555984,"chemical",3,4,"relating to chemistry or the interactions of subst"
6a46fe11-3a9b-40d3-8ff4-db2c09f93e2f,"chemise",3,2,"a loose-fitting undergarment or dress worn by wome"
ef02bb4a-a9d1-4751-b9b9-d24962e281c9,"chemotherapy",3,4,"the treatment of cancer or other diseases with che"
018e67dc-fce6-45a9-b23b-22a39d2e7229,"chernobyl",2,3,"a city in ukraine, site of the world's worst nucle"
1a13ad50-0546-49f4-be19-afc6030c063a,"chess",3,2,"a strategic board game played between two players "
4b3271ec-86dc-4da9-9054-4703bc69c249,"chèvre",3,2,"french word for goat; a type of soft cheese made f"
7843232b-f5b0-4836-8421-608cddecf2e1,"chevrotain",2,3,"a small, deer-like mammal found in tropical forest"
0978882d-536d-4186-90f6-a4d365606c1e,"chi",null,1,"a chinese philosophical concept referring to the c"
2cb7d55c-eb1a-4496-951d-01c676981196,"chia",3,1,"a flowering plant native to mexico, valued for its"
cc2a2d9e-26ac-4d11-a466-5f63390f8e54,"chicago",3,2,"the third-largest city in the united states, locat"
5e26deae-083d-49ee-91da-9e3b17a0a7ad,"chicana",3,2,"a female american of mexican descent; relating to "
2f7a8992-515f-4fdc-8271-c2d2dd7122ae,"chicanery",4,3,"the use of deception or subterfuge to achieve one'"
af38de2a-a85b-42d1-92ab-100fc1165eba,"chicken",3,2,"a common domestic fowl raised for eggs and meat; t"
76f03072-1c82-4936-933c-b6fb51eb7981,"chicle",3,2,"a gum-like substance obtained from the sapodilla t"
66faf05b-9131-4a02-8a69-b8db80c4eb1f,"chide",3,2,"to express disapproval of or scold gently; to repr"
37444c6d-e39a-44bc-80f4-a890864b23c5,"chief",3,2,"the leader or head of an organization, tribe, or g"
0ddd60c1-ebdb-42bb-8e55-57540fbb21f4,"chiefly",3,2,"mainly or mostly; for the most part; primarily or "
0035e618-55dd-48d4-a49a-29cc5828faf3,"child",4,2,"a young person below the age of puberty or below t"
fc8c3b8e-dbfa-4824-85c7-fc8336bf66e3,"chill",3,2,"an unpleasant feeling of coldness; to make or beco"
a87e0260-e263-4bed-a838-420ad5945ae3,"chimera",3,2,"in greek mythology, a fire-breathing monster with "
ee3bedac-1b83-445b-819a-31c03f761f48,"chimes",3,2,"a set of tuned bells or metal tubes that produce m"
b6fba005-1d18-4efc-9074-9d216d4ec32c,"chimney",3,2,"a vertical structure containing a passage for smok"
cb2b5104-19f3-47f7-8690-32897e1cd498,"chin",3,1,"the protruding part of the face below the mouth; t"
46a0c7a3-9f9b-4b34-bbb1-cd2bb056df40,"china",3,2,"fine porcelain or ceramic ware, originally importe"
ba40cd74-b6fc-4d02-a9f8-542c4a04c2d1,"chinook",3,2,"a warm, dry wind that blows down the eastern slope"
7aca6c81-53fd-4a83-866d-c679db552f81,"chintzy",3,2,"cheap and of poor quality; stingy or miserly; deco"
88c040c6-ce7a-4309-8ddf-1d3a563d0e3b,"chips",3,2,"small pieces broken off from something larger; thi"
6f324c56-a895-46e2-889d-55669dfd60d3,"chisel",3,2,"a tool with a sharp blade for cutting or shaping w"
5636039d-a66e-428c-9048-a40990c420ab,"chives",3,2,"a small plant related to the onion, with thin leav"
827975b3-f7d9-4e4e-b3bb-8a650d02ecda,"chlorofluorocarbon",2,5,"a synthetic chemical compound containing chlorine,"
63940298-18d7-4a46-8dda-12d499e4c71e,"cholera",3,2,"an infectious bacterial disease causing severe dia"
8f94a719-57e5-43e1-b8be-6b219bff11f6,"choose",3,2,"to pick out or select from a number of alternative"
d0e274c1-f9d9-4f90-8b37-991567f1589d,"chopine",3,2,"a tall platform shoe worn by women in 15th-17th ce"
1a744d86-ff93-4cb3-a20f-a22a97243f39,"chores",3,2,"routine tasks or duties, especially household task"
e62940a4-ba0c-4783-b2c3-688a90a57ae9,"chorten",3,2,"a tibetan buddhist stupa or shrine, typically dome"
1824e956-743e-4336-af10-adb953b26d3e,"chortle",3,2,"to laugh in a gleeful or chuckling way; a gleeful "
6e3cb912-cf09-4603-a262-b82af9a613e1,"chose",3,2,"past tense of choose; selected or picked from alte"
c629cad4-0e40-4086-b17f-131c6a5344d1,"chowder",3,2,"a thick soup typically containing fish or shellfis"
e3e69d7f-99fd-4167-bed7-603b4c3a3714,"christened",null,3,"to officially give a name to someone, especially a"
59248466-df9d-4058-b6c2-fe7b6b713cd5,"chuckle",3,2,"to laugh quietly or inwardly; a quiet or restraine"
d49234c3-005c-4ec6-a914-d972a92f1501,"chugggged",2,3,"[spelling error] this appears to be a misspelling "
87108309-b0d5-4baa-98f6-a83c2e6c04f1,"chunks",3,2,"thick pieces or lumps of something; portions or pa"
edbcad70-e06c-47d2-9689-92a5e5a6b35a,"churned",3,2,"past tense of churn; agitated or stirred vigorousl"
99a495fe-fb77-46b9-b280-a64f4069919b,"churros",3,2,"a spanish and mexican pastry made of fried dough s"
7eff9ada-4c26-4103-b6ca-cea8932e78db,"chute",3,2,"a sloping channel or slide for moving things from "
64cfe0b2-b1f1-46b9-8d4c-af9edfd19832,"ciao",3,1,"an italian word used as both a greeting and farewe"
9c755ab4-6599-433f-ad9c-e13f42dd577d,"cicada",3,2,"a large insect with transparent wings that produce"
4bfbd44a-268a-473e-866f-617edb0855bd,"cidery",3,2,"having the taste, smell, or characteristics of cid"
7f793068-2259-4403-9ada-71bddc32a4d1,"cienega",3,2,"a marshy area where a stream disappears into sandy"
aad71c2e-a968-4a3b-870f-900a069194fc,"ciliopathy",3,4,"a medical condition caused by defects in cellular "
d704bd8a-cd28-4992-9365-dbf843b2c3ae,"cinerarium",null,3,"a receptacle for the ashes of the dead, especially"
a0badd92-3ee5-4d7f-a93f-e1b74ece9503,"circle",3,2,"a round shape with all points equidistant from the"
16d013dc-5b2b-4d0b-82e1-c5815792ff02,"circus",3,2,"a traveling entertainment show featuring acrobats,"
6f1cd893-5d19-4770-accd-7eef7ec85fb2,"cire",3,1,"french word meaning "wax"; in english, refers to a"
1a87084f-b07d-4d64-87c8-f78e028a17c6,"cirque",3,2,"a steep-walled amphitheater-like valley carved by "
a38f755b-9f31-4aa5-b23c-97b256a50fd6,"cirrhosis",null,3,"a chronic liver disease characterized by scarring "
71c46acc-5955-4d5f-986e-d2cc04e0a27a,"cirri",3,2,"plural of cirrus; thin, wispy, high-altitude cloud"
65122854-b486-4011-8cbb-3347734c091a,"cistern",3,2,"a tank for storing water, especially one supplying"
a2921129-95b5-4710-9fee-009003379219,"citizen",3,2,"a legally recognized member of a country or state "
3a78608a-065a-4281-8247-b457e115270a,"city",3,1,"a large town; an incorporated municipal area with "
18957a03-10ef-4b98-934f-f49971d70d21,"civet",3,2,"a small, carnivorous mammal native to africa and a"
4336c9be-46ab-4154-bde4-0a9e1ce6a892,"civics",3,2,"the study of the rights and duties of citizenship;"
aef65a58-7379-4b72-8b40-6747340b1f5e,"civil",3,2,"relating to citizens and their affairs; courteous "
54a432ff-be25-44ce-8a2b-834f1c778740,"clash",3,2,"to come into violent contact; to conflict or disag"
9ccf7b1c-a12e-411b-b0f1-6e702d9372a0,"clatter",3,2,"to make a continuous rattling sound; to move or fa"
61d9a8ad-b87e-42eb-ac87-c6d7d24bc62e,"claws",3,2,"sharp, curved nails on the toes of animals; the pi"
a850d7fd-275e-40a3-b3a9-f4d59d61268f,"clear",3,2,"easy to perceive or understand; transparent or fre"
2ee52336-12f5-4a0a-b168-1cf7c2d3b66f,"cleave",3,2,"to split or divide, especially along natural lines"
adacf12d-1b72-45bb-b8c4-d67bb59eb82d,"clerisy",3,2,"the educated class or intellectual elite of a soci"
5b8c4104-2008-4a48-b6ac-914403a16f7c,"clerks",3,2,"office workers who keep records and perform routin"
b6706806-f325-48a1-8442-130ecab4c0d2,"clever",3,2,"quick to understand, learn, and devise solutions; "
b2a2f164-2915-44c0-b5f8-e8f1a46e0f0e,"click",3,2,"to make a short, sharp sound; to press and release"
693bcc63-bac5-48b8-8992-58c45e3b837a,"cliff",3,2,"a steep rock face, especially at the edge of the s"
bf57a0a7-10ec-40df-bac8-7e017e590089,"climate",3,2,"the long-term weather conditions in a particular a"
d6224b59-8100-4b3b-b69e-663db7f7b7e7,"climb",3,2,"to go up or ascend, especially by using hands and "
0f549ab9-e186-42d8-b770-cb9af758242a,"climbers",2,3,"people who climb mountains, rocks, or other vertic"
97dd2c31-c640-4b30-aea2-f1dd2825f325,"clock",3,2,"an instrument that measures and displays time; to "
9091f139-d220-4711-81d4-62f14425bd1b,"close",3,2,"near in space or time; having a strong relationshi"
4b4019ca-42a0-48e2-9309-f405f7ecb03d,"closed",3,2,"past tense of close; shut; not open; ended; not ac"
67d85b94-fa1c-478c-83d4-38ee2886024b,"closer",3,2,"comparative form of close; nearer; a person who co"
156ff620-787f-4636-a22e-1dccdd3f0f54,"closet",3,2,"a small room or cupboard for storing clothes; a st"
7fd2471a-23e2-4cd3-ab3f-a60844612085,"cloth",3,2,"woven or knitted material made from threads or fib"
78def1ec-26fc-4505-95dd-5d7cbacda7b1,"clothes",3,2,"items worn to cover the body; garments such as shi"
0241cd19-a4fe-4ce9-a3e5-a88e31755477,"cloture",3,2,"a parliamentary procedure to end debate and force "
c3e62bd5-09d5-4573-b88f-9ce903b400e1,"cloud",3,2,"a visible mass of water droplets or ice crystals i"
e7321fe0-819d-4065-a6ca-a8793846b7e6,"cloudy",3,2,"covered with clouds; not clear or transparent; con"
4d339ff8-d409-4fd1-ac1a-63050f1b8f89,"clover",3,2,"a small plant with three-lobed leaves, often grown"
a9761637-8281-41d4-a03c-b6b2aeae29f2,"clowder",3,2,"a group or cluster of cats; the collective noun fo"
bd213f8d-c44f-4ae7-a602-8ef04dc0261d,"cloying",3,2,"excessively sweet or sentimental; so sweet as to b"
531b917b-15e3-439e-bcb9-00cc9b295df5,"club",3,1,"a heavy stick used as a weapon; an organization of"
8a87fe75-0296-43c5-a237-21f5b70b8703,"clue",3,1,"a piece of evidence or information that helps solv"
18c91adc-8721-4334-8b38-fe78873dd66f,"clutch",3,2,"to grasp tightly; a mechanism that connects or dis"
eae01e73-40a9-4b1f-a46c-c7c4dc800cf0,"cluttered",2,3,"past tense of clutter; filled with scattered objec"
ef0aafb0-003f-49d1-94d3-a4718cb1bc6b,"coach",3,2,"a person who trains athletes or teaches skills; a "
d269a431-24c8-4880-b09c-84846c2f3f2f,"coarse",3,2,"having a rough texture; lacking refinement; crude "
063476c3-6cfe-42c3-b6e9-dea66e252280,"coat",3,1,"an outer garment worn to provide warmth or protect"
2739e3b6-0a88-463b-91d4-3c9e96b362c4,"coaxing",3,2,"present participle of coax; persuading gently; usi"
a91c50f7-64b6-4b4b-bf79-9cebeb1e6272,"cobblestone",2,3,"a naturally rounded stone used for paving streets;"
15c06692-4b0a-45aa-a654-06c869b2d298,"cochin",3,2,"a breed of large domestic chicken known for its fl"
6dd0bb54-11e8-43c5-b56e-329c9028c357,"cochineal",2,3,"a red dye obtained from dried female cochineal ins"
56cfdd60-cfce-4f9a-a067-b1ab047083e9,"cochlear",2,3,"relating to the cochlea of the inner ear; spiral-s"
2b943a72-86fe-40d9-afd5-432fbae2315f,"cockles",3,2,"small, heart-shaped edible shellfish; the ventricl"
41c7d621-82f6-4000-b117-34dd7b94dbdb,"cocoa",3,2,"a powder made from roasted and ground cacao seeds;"
53822c74-4240-4854-a78d-ae170470f0ef,"cocoon",3,2,"a silky case spun by insect larvae for protection "
fd6ae95f-5094-4e9f-a369-22ae4dcd55a9,"codicil",3,2,"an addition or supplement to a will that modifies "
9aa31746-751b-4c33-a3c2-1516dedd9466,"coeval",3,2,"of the same age or period; contemporary; existing "
13fd8c76-dade-4638-a83e-8fa198e204f5,"coffee",3,2,"a hot drink made from roasted and ground coffee be"
35a8d0df-77e4-40f0-80e1-941702d0697f,"cog",null,1,"a small, toothed wheel that engages with another t"
0a89f29d-928a-45b4-99e9-8bda4e5c1f6c,"cogitation",2,3,"deep thought or meditation; the process of thinkin"
adfaea1e-fb36-493d-acb9-9c803d454290,"cohort",3,2,"a group of people with shared characteristics; a b"
dcca527d-e15c-4761-be4c-94f62d08891d,"cohosh",3,2,"any of several north american plants used in herba"
aa6656f2-2bf1-49ad-bd3a-d28a9f75eab7,"cold",3,1,"having a low temperature; lacking warmth; unfriend"
a546399c-bbd8-4a69-b3c2-b9b4d88f0f8f,"colic",3,2,"severe abdominal pain caused by intestinal gas or "
b43f7786-e30a-48d3-b8d2-e2341dab6f54,"collaboration",2,3,"the action of working with someone to produce or c"
cfd19fde-81f2-4b68-b009-7bfa37353872,"collar",3,2,"the part of a shirt or garment around the neck; a "
78ddb265-143d-49c1-a107-386c69fbe4a1,"collect",3,2,"to bring or gather together; to accumulate items a"
a4958646-d67d-4beb-bbce-2380eab4e89a,"collected",2,3,"past tense of collect; gathered together; calm and"
123fa670-d2ca-40b3-a17b-dfe6542d8e72,"collie",3,2,"a breed of dog known for intelligence and herding "
78c18531-0e88-4118-b486-6c5d204bd150,"colloque",4,3,"a formal academic conference or seminar; a scholar"
7376eb8f-696a-4c9d-a26f-bfaa3471ccd2,"colluctation",2,3,"a struggle or contest; striving or contention, esp"
b3070b51-4ae7-478b-978e-1647a875eab5,"collude",3,2,"to cooperate secretly for an illegal or deceitful "
ec2777ec-07be-41f2-8c51-d6b1bb6e3387,"colonel",3,2,"a military officer of high rank, typically command"
cddd741e-d8f8-48c0-85de-ca1b94f8528a,"color",3,2,"the property of objects that produces different se"
c2f74c99-967d-4241-b8b4-03b1b1f41d1f,"colour",3,2,"british spelling of color; the property of objects"
2547ef5d-9e38-48ba-a941-db39f6577d68,"colson",3,2,"a surname of english origin, historically referrin"
1095bcbb-c60a-4804-b839-a79a809de35e,"coltan",3,2,"a metallic ore consisting primarily of columbite a"
c0540b53-8ad3-4ef2-bb32-4587ea9b6b4c,"colubrine",3,4,"relating to or characteristic of snakes, particula"
1e0d1822-1e06-4cab-91f9-c1292b463c46,"column",3,2,"a vertical structural element, typically cylindric"
fd929629-2079-4820-b3f5-1ce23dde72b3,"columns",3,2,"plural form of column, referring to multiple verti"
d2d955eb-8c68-4692-9897-69239b5554a9,"combat",3,2,"armed fighting or conflict between opposing forces"
d6bba976-7a20-4ca1-a68f-82b9905b98bc,"combed",3,2,"past tense of "comb," meaning to have arranged, cl"
f980ec4d-5171-499a-91d0-44154167dcb0,"comes",4,2,"third person singular present tense of the verb "c"
4abb3e59-3622-4ea3-bc59-dbcdd2d5ca81,"comestibles",2,3,"edible items; food and drink suitable for consumpt"
115455cc-ad5f-4f26-aec3-bb0783b4fae4,"comfort",3,2,"a state of physical ease and freedom from pain or "
be9848c3-00c3-4953-b70d-74c9438c31f3,"comics",3,2,"sequential art combining illustrations and text to"
5bcdbf4f-df52-4a79-8895-2259c5fa6233,"coming",3,2,"present participle of "come," indicating approachi"
ca1eaaeb-8ee3-41b8-9015-6ead108daa8a,"commits",3,2,"third person singular present tense of "commit," m"
de552b4a-045c-4acf-846d-e195fca88cd0,"commonly",3,5,"in a usual, ordinary, or frequently occurring mann"
ab6d460d-95ef-400e-be82-74585d99252c,"commorients",4,3,"legal term referring to people who die simultaneou"
97318e8e-d86a-4e71-9bdb-f8c7d94aebd5,"commove",3,5,"to move emotionally; to stir up, agitate, or cause"
e130b93c-8b63-4478-94eb-f7ac351fdb35,"commute",3,2,"to travel regularly between home and work, typical"
663b9843-b240-4967-9d8d-45c19fe4ba21,"company",3,2,"a commercial business organization engaged in the "
b8503255-e0dc-4e9d-aa4d-6534dc4e4935,"compass",3,2,"a navigational instrument that shows direction rel"
81a8236d-6542-475f-ac0a-aef580ba725f,"compelling",2,3,"forcefully persuasive, captivating, or evoking str"
010ceeb8-9bad-422d-9581-0e5ee5366d30,"compendium",4,3,"a comprehensive collection or summary of informati"
3e65b2a9-bce6-4d00-96cb-8d1e36b4d1fe,"compete",4,2,"to strive against others to achieve a goal, win a "
88739f4c-65e0-4b43-9e02-17c7c98d1a98,"complaint",4,3,"a formal or informal expression of dissatisfaction"
65311f3f-3384-449d-a585-22dbc9ea8b03,"complementary",4,3,"serving to complete or enhance each other when com"
d09bd2c2-bac5-4c7e-aca0-afb3a70281d3,"completely",2,3,"in a total, thorough, or absolute manner; entirely"
0ad07cdd-ce58-463e-b79d-6bda6d855ce0,"complicit",4,3,"involved in or associated with wrongdoing, illegal"
a0015de2-642b-4e1c-877d-5a200649f56d,"composition",3,4,"the arrangement, structure, or makeup of something"
e9c48362-de45-48e4-8979-fde4641ae570,"con",null,1,"to express the opposite of something or to go agai"
ac34c0aa-748c-4dbe-a508-54dce7b6c523,"conceit",3,2,"excessive pride in oneself; an exaggerated opinion"
dcd47494-10c1-4908-a97d-3b60afca3133,"concepts",4,3,"plural of concept; abstract ideas, principles, or "
3bb226dc-9562-4f28-8830-3d435d22d7d4,"conch",4,2,"a large marine gastropod mollusk with a spiral she"
21cece97-22d9-4c9b-a105-ceb6f2494385,"concoct",3,2,"to prepare or devise something, typically by combi"
789f8c93-bbe5-477c-b34a-947cc2c40a0a,"condemn",4,2,"to express strong disapproval of something; to jud"
bbdbeb9c-49fb-4427-a966-6800324d2d6a,"condign",3,2,"well-deserved and appropriate, especially referrin"
763e2990-f7ed-4440-8107-c10ff7e46164,"condition",3,4,"the state or circumstances in which something exis"
cbeb2937-915d-479a-ab42-a90045306aed,"conduit",3,2,"a channel or tube for conveying water, cables, or "
7e590aef-5002-427a-af47-a2f294c8b8cb,"cone",3,1,"a three-dimensional geometric shape with a circula"
abd28446-0636-47a2-93b6-eb0dd1eda808,"conference",4,3,"a formal meeting or series of meetings where peopl"
7f0591c1-a839-424f-9ace-eb60921f0ebe,"confused",4,3,"uncertain, bewildered, or unable to think clearly;"
73286f98-ac60-4ef5-be17-422ab659f07f,"congealing",3,4,"present participle of congeal; the process of chan"
8ebcbe79-93a2-473d-8f84-16f5be26be41,"conglutinant",3,4,"having the property of gluing or sticking together"
989857c7-b69e-4542-8fea-d3c2525cd3df,"congo",3,2,"referring to the democratic republic of the congo "
6a2bc3ee-0e86-4513-9f73-3e82304a1bc7,"congregation",2,3,"a group of people assembled for religious worship;"
ef48f22b-49af-4040-b1d1-381a5c3011f8,"conjugated",3,4,"past tense of conjugate; changed in form to show g"
75ff1aa0-6b18-4465-b569-179b0a941a0b,"conjure",3,2,"to summon or call forth, especially through supern"
1de040d1-9dad-4acb-a38f-6645d1ee55b9,"conkers",3,2,"a british children's game played with horse chestn"
bed5c1d4-1ae5-432d-8a8b-faa3873c5e17,"connect",3,2,"to join, link, or fasten together; to establish co"
bc4206e3-b847-48a2-b973-3f0fd7f3a2ae,"connection",4,3,"a relationship, link, or association between two o"
4466b740-efc9-41d2-8a16-aa632278e165,"connoisseur",4,3,"an expert judge in matters of taste, especially in"
2bbfb493-72d1-4d0e-8224-4f6182a97918,"consecutive",2,3,"following continuously in unbroken sequence; succe"
aa0d6196-d522-48e9-8434-32ebde3f5de3,"considerable",2,3,"large in amount, extent, or degree; worthy of cons"
08b3a0f1-9a05-4310-ac6d-6d14bbf22d8a,"consideration",2,3,"careful thought about something before making a de"
3576e16d-d36f-4876-9d8a-3c479a03a371,"consisting",2,3,"present participle of consist; being composed or m"
3e9bbd14-92e3-499d-911b-1fc4dcad2d80,"consists",2,3,"third person singular present tense of consist; is"
6deb32cc-4691-4ef5-beca-7766fef988bd,"consortium",4,3,"an association or partnership of multiple organiza"
7f298995-39a0-4071-8b4f-0423c5d99770,"constant",null,3,"something that does not change or vary; remaining "
4a8fb987-2f51-430a-8f0d-ed8544a08820,"constructed",2,3,"past tense of construct; built, assembled, or crea"
de4636e4-03cf-4517-9916-5209374562b4,"consul",3,2,"an official appointed by a government to live in a"
f781cb3d-df65-4191-91c7-6fabe5a85f47,"contact",3,2,"the state of physical touching; communication or c"
037c6f68-15af-4071-b7f2-f86a2a2af2bc,"contaminated",null,3,"to make impure by the introduction of unwanted ele"
6f660020-c340-44aa-bd27-7b52fc614a5b,"contemporary",2,3,"belonging to the same time period; existing or occ"
6d457208-f190-40f7-a69b-069f865d4430,"contemptible",2,3,"deserving contempt or scorn; morally reprehensible"
395bf84d-dbf9-485c-941a-ede20dfe268c,"content",3,2,"satisfied with what one has; not wanting more or d"
1b15572e-5d5f-4458-a6a3-b269d38253c6,"contents",2,3,"plural of content; the things that are contained w"
9422721b-d651-41c6-b185-79d56495d648,"conteur",3,2,"a storyteller; someone skilled in narrating tales,"
7a99abad-1156-4fc7-9a31-963baf6e2a4b,"context",3,2,"the circumstances, background, or setting that sur"
50777707-cfdc-4b83-b072-5707963ffd17,"contiguous",2,3,"adjacent, touching, or sharing a common border; ne"
4a0e73f4-e3cd-4b30-9e7f-68013e5306b6,"continue",2,3,"to persist in a course of action; to keep going wi"
13d97583-d8ed-45e6-949f-52e7cc1383af,"contribute",2,3,"to give or provide something (money, time, effort,"
6bf281ba-8240-49ad-8975-050936a903c7,"controversy",3,4,"prolonged public disagreement or heated discussion"
79d2dfc4-29aa-4cb7-91f8-cb3129e9b199,"convalesce",3,4,"to recover gradually from illness or medical treat"
39203fa2-2999-4b4a-982e-a320a471d3ca,"convoy",3,2,"a group of vehicles, ships, or aircraft traveling "
6710d0a4-b9e6-417a-9e52-2e3371094b6b,"convulsive",3,4,"characterized by or causing convulsions; involving"
4933b262-844a-4ce8-9f3e-d4fda75a0720,"cooked",3,2,"past tense of cook; prepared by heating food to ma"
888b5246-43ab-4261-8779-2a8b01fd07ad,"cookie",3,2,"a small, sweet baked treat typically made with flo"
e8b3e819-dbb4-489e-b4a5-dc2e1ffc4c2b,"cookie-cutter",null,3,"mass-produced or lacking individuality; made to a "
6e8f3212-c862-4d0c-829e-539d5141cb66,"cooking",3,4,"the process of preparing food by applying heat thr"
1dff036a-4c69-42c4-8a69-6513c48a9a9d,"cool",3,1,"having a low temperature; not warm or hot; calm an"
61c6a9c7-a46a-4ee1-ae16-162d2fcc4363,"coop",3,1,"a cage or enclosure for keeping small animals, esp"
7f838dfb-28ac-4b7b-8c5e-ac87e379f374,"copious",3,2,"abundant, plentiful, or existing in large quantiti"
07c7d878-a2af-40f2-8efc-fb6d146de852,"copperhead",2,3,"a venomous north american snake with distinctive c"
de931f9a-7a06-4d5d-b978-1d5636b60795,"copse",3,2,"a small group or thicket of trees, especially one "
c4be4fce-4b2f-46d7-871c-b2d43cc6cdf9,"coptic",3,2,"relating to the coptic orthodox church or the copt"
7c14eefc-8f06-4ee5-a060-a5b01123b6e8,"copy",3,1,"an identical or similar reproduction of something "
02c2c74c-d3af-4ecf-86b1-8e0430b51f5e,"coqui",3,2,"a small tree frog native to puerto rico, famous fo"
c7055fbd-be98-48e3-bb2c-1aac146a0517,"coracle",3,2,"a small, round boat traditionally made from a wood"
b2868570-b121-48a7-bfe2-449fc32b5572,"corda",3,2,"a musical term meaning "string" in italian, used i"
f27349db-23a6-40aa-ab36-61e56a1444c0,"cordaun",null,2,"a type of leather made from the skin of a young ca"
f8c329a2-4171-4b8a-9464-95226f2e48bd,"cordillerazazen",null,3,"a mountain range or system of connected mountain r"
ddad5ec0-7bbb-4cd1-b615-10d4120d363a,"core",3,1,"the central, innermost, or most essential part of "
52fb8a46-8f2d-426a-b816-425ec5a6bbe4,"corgi",3,2,"a short-legged herding dog breed originally from w"
676114cd-b6ea-4b14-8d2b-4af4652b4c5c,"corkscrew",2,3,"a device for removing corks from wine bottles, typ"
b16dd7ae-56a4-4ef1-b7fc-4b650e919649,"corm",3,1,"a short, swollen underground plant stem that serve"
d940f422-5446-48e1-bb6e-e16174b143b5,"corn",2,1,"a cereal grain also known as maize, widely cultiva"
82296c40-7871-4df4-b186-920c2ec565bb,"cornea",3,2,"the transparent front layer of the eye that covers"
326b176f-9368-4ad1-b6bc-8ff94e547532,"cornel",3,2,"a type of dogwood tree (cornus species) that produ"
1c754850-4a2e-4a0c-a37e-8d0f799fdfe5,"cornily",3,2,"in a corny manner; in a way that is overly sentime"
bf62744c-d901-461d-aa6b-662ee066d773,"corpus",3,2,"a collection or body of written or spoken material"
488a3f24-9f5a-4ebc-9980-c1f09b999e37,"corral",3,2,"an enclosure for confining livestock, especially h"
1112a89b-7f96-49ab-a52c-621ecc41d34f,"correct",3,2,"free from error; accurate, true, or right; conform"
f76f3892-93db-456c-becb-7c2fe9987788,"corroborate",3,4,"to confirm or support with evidence; to strengthen"
feae6a96-e3aa-4232-ba84-c1792a0cb328,"corrosive",3,4,"having the power to gradually destroy or damage by"
04de4d3b-40c4-4bc6-80b0-eb0a8c543775,"corsage",3,2,"a small bouquet of flowers worn on a woman's dress"
3cd91b89-1154-4483-8b27-3fa9271f7e29,"corsair",3,2,"a pirate or privateer, especially those operating "
e8ffc993-c54c-4f48-a7ee-871d915a1304,"cortege",3,2,"a solemn procession, especially for a funeral; a f"
a29b8ce1-e3c1-48bc-911e-5909ded269db,"cortex",3,2,"the outer layer of an organ or structure, especial"
4c7f87dc-c135-43fb-b335-386b56163c3b,"cost",3,1,"the amount of money required to purchase or obtain"
8ae854b8-8f02-4e2d-94a8-3dacb4596d5e,"costume",3,2,"clothing worn to portray a character, represent a "
9c7707c0-065e-46cd-b8bc-5f694ad715b4,"coterie",3,2,"a small, exclusive group of people with shared int"
7e8e3310-62a2-4221-8fb3-4317a1935b47,"cotoneaster",2,3,"a genus of flowering shrubs in the rose family, co"
dd19b6fc-080f-417a-bbef-9de04bd88223,"cotta",3,2,"a short surplice worn by catholic and anglican cle"
21a6f0e7-70ea-4f0d-a78d-a0e6e37d8e8e,"cottage",3,2,"a small, simple house, typically in a rural or sem"
99671e25-2186-415f-ade4-757ddb3916b6,"cotyledon",2,3,"the first leaf or leaves that appear when a seed g"
6eef994e-ec97-4c1a-a64d-0a8a980f725a,"couch",3,2,"a long upholstered piece of furniture for seating "
7709a108-65bb-4ca7-9b6f-b2669e6bd739,"cough",3,2,"a sudden, sharp expulsion of air from the lungs, o"
7086f675-e517-47e0-81b2-2a757803a4a6,"coulisse",3,4,"the wings or side scenes of a theater stage; the b"
8dd4a88f-e62e-491d-9415-dfb14d85a520,"coulomb",3,2,"the standard unit of electric charge in the intern"
bb4a47e4-1df4-43e1-857a-565a127f4105,"council",3,2,"an assembly of people meeting for consultation, de"
112580e5-ee81-4cfb-a6bb-b252c80164c4,"count",3,4,"to determine the number of items in a group by ass"
3209efe7-98f2-4a35-8f55-9cdfaa8567b2,"counterclockwise",3,5,"in the direction opposite to the movement of clock"
050b68fd-c92d-4348-9409-ed37e4826a07,"counterpart",2,3,"a person or thing that corresponds to or has the s"
77b83e20-5880-4ed4-b749-f004404a1121,"country",3,2,"a nation with its own government and borders; the "
8830141a-a69a-473e-a9d3-61d3cf5735df,"county",4,2,"an administrative division within a state or count"
66bca96c-32af-4f3b-8184-a12724876aee,"coup",4,1,"a sudden, illegal seizure of government power; a b"
0df6f3ab-cd6c-4ffd-9bf7-ffab08694c21,"coupon",3,2,"a voucher entitling the holder to a discount on a "
32be783a-1e58-4b14-9148-c66fe1754d08,"courage",3,2,"the ability to do something that frightens or chal"
e1c15999-a6cb-4f02-b188-b202a96904fc,"courant",3,2,"running or flowing; current or present; a lively b"
c2e77fab-f408-4559-8468-5b15cbaf1f16,"courier",4,2,"a person employed to deliver messages, packages, o"
9669ed0c-ffc1-4a42-be61-18079eb2a16a,"court",4,2,"a place where legal cases are heard and decided; t"
4fdcaa4c-53e1-4088-bf68-43b0abbbb9b0,"cousin",3,2,"a child of one's aunt or uncle; a relative descend"
9303370a-c6e0-4b6e-a7d2-2c8567f3c2ba,"couverturecreances",null,5,"a legal document that serves as a security for a d"
5a178bf2-c20c-49b7-9e1d-00e35965f4db,"cove",3,1,"a small, sheltered bay or inlet along a coastline;"
f7642e80-0e06-4c30-92c4-deb93578d2ac,"coveralls",3,4,"a one-piece garment combining shirt and trousers, "
4796edf1-c052-4de8-808a-2a3d391f5f21,"covid",null,2,"a highly contagious respiratory illness caused by "
7acdea78-b86a-4854-a09f-146f7dc2f776,"cowlick",3,2,"a section of hair that grows in a different direct"
b761f2a7-1958-4986-b091-e9a28e47b48d,"cozen",3,2,"to deceive or trick someone, typically in order to"
85be72ab-1ad2-4666-852e-ec5c583d3248,"cradle",3,2,"a small bed for a baby, typically one that rocks; "
ebf12315-d5c5-4bbf-93af-c2fb6a855a98,"crafty",3,2,"skillful in achieving goals through indirect or de"
7ce5eb10-bc6b-4197-b785-07399682b741,"cranium",3,2,"the skull, especially the part that encloses the b"
228b3cc0-19a7-40d0-880c-15d4258c94fa,"cranky",3,2,"bad-tempered, irritable, or easily annoyed; (of ma"
92c85b7c-5616-4c6c-9877-3b11a66b7d28,"crannies",2,3,"plural of cranny; small, narrow openings or crevic"
b7a92ab9-a03e-4f6f-af82-452786e2c6c0,"crate",3,2,"a large wooden, plastic, or metal container used f"
9b710a61-6267-43ad-a3f2-7ccf503dc3df,"crawl",3,2,"to move slowly on hands and knees or with the body"
12368fc4-fba1-4eaf-8f0f-cd4510529be0,"crayon",3,2,"a stick of colored wax, charcoal, or chalk used fo"
829e9b50-4572-477c-a103-35bace3a7581,"creak",3,2,"a sharp, high-pitched sound made by something movi"
76902733-e295-4e15-b829-bfe8565a73aa,"cream",3,2,"the thick, fatty layer that rises to the top of mi"
bede5672-a2ba-4d40-be52-40058b53d0a7,"crease",3,2,"a line or ridge made by folding, pressing, or crus"
2346f02c-f213-4698-9c69-76af8a784d19,"create",3,2,"to bring something into existence; to produce or d"
1c31e5c6-e7c5-4b51-a58b-d8ba7653686f,"created",3,2,"past tense of create; brought into existence or pr"
28d15121-256b-4289-acc6-c951fc490012,"credit",3,2,"recognition or acknowledgment of merit; a system a"
a29ef904-1d50-49a5-b9f2-baae9e33d447,"creeks",3,2,"plural of creek; small streams or waterways, typic"
fce4f361-dbab-4948-9bd8-c1108a963b76,"creel",3,2,"a wicker basket used by anglers to hold caught fis"
d2dc7004-3df5-4d82-af4c-e3688b3dd7c6,"creelboniface",null,3,"a type of fishing basket or creel, named after a p"
4c977e45-a5eb-437f-86c1-360e9e8bc6b4,"creosote",2,3,"a dark, oily liquid obtained from coal tar or wood"
6d516b5d-d975-44b9-b60f-20fc65daf60d,"cretaceous",2,3,"relating to the third and final period of the meso"
1f0c7a8f-6cde-4904-b483-8ca75acc6919,"crew",4,1,"a group of people working together, especially on "
5e88f93a-a15f-4b1e-9796-5021f616c11f,"cribble",3,2,"to sift or screen through a coarse sieve; to perfo"
ba5d659a-ff4c-479f-8dc2-b997357e06f3,"cribo",3,2,"a large, non-venomous snake native to central and "
2345fa4b-6091-4b55-b3db-719e7b2ad573,"cricket",3,2,"a small jumping insect known for the chirping soun"
53957207-9e06-492d-a5e4-8705d36384e6,"criminal",4,3,"a person who has committed a crime; relating to cr"
24e842cc-cc9f-4dd6-a98e-121dec78dbcd,"cringed",3,2,"past tense of cringe; drew back or recoiled in fea"
b5297733-db46-40c3-96ad-a4ab092cf09d,"crisp",3,2,"firm and brittle; fresh and sharp in quality; clea"
a6559f34-65d3-4276-8e52-2e1eb53260e5,"criteria",4,3,"plural of criterion; standards or principles by wh"
4d39efc3-fda5-4387-a5b8-e55dbdab13d2,"critters",2,3,"informal term for creatures or animals, especially"
6b2e50ca-1e6c-4fec-b468-b6ab60181b0d,"critturs",2,5,"dialectal or archaic spelling of "critters"; creat"
58120770-299f-4f17-8159-781f69d160e4,"crockerygauze",null,3,"a type of lightweight, open-weave fabric used for "
d19e5f19-3bf8-43eb-852d-efb9b7879d82,"cronies",3,2,"close friends or companions, especially those invo"
1cbbe0d5-250f-4b1a-a34e-633291c6920d,"crookedly",2,3,"in a crooked manner; not straight or aligned; dish"
893ad844-ce7c-4f62-8b51-7896c0da3d8b,"crops",3,2,"plural of crop; plants grown for food, fiber, or o"
126b84c6-a4dd-4ba9-ae54-0fe8e66c8ebc,"crosses",3,2,"plural of cross; multiple intersecting lines or ch"
f543419a-cde3-4a2e-a627-a7c132c46ae5,"crouched",2,3,"past tense of crouch; positioned low with knees be"
8167a997-9c26-4963-bfd8-c16f0677ed54,"crowd",3,2,"a large group of people gathered together in one p"
3a72d16c-8cb3-4a1c-91b9-e59c9345452f,"crucial",3,4,"extremely important or essential; decisive in dete"
5f40f28e-aa0c-41a6-baa8-3a440ca093d4,"crumpet",3,2,"a small, round, spongy cake with a flat bottom and"
96ebf91a-0318-4986-bf61-6085421f7627,"crust",3,4,"the hard, outer layer of bread; the solid outermos"
7639dd70-4427-4025-9587-445f4efe5b02,"crusts",3,2,"plural of crust; multiple hard outer layers or sur"
564135ca-a5bb-44bd-8cd2-6b09c146b5c5,"crux",4,1,"the decisive or most important point of an issue; "
1e713851-e5e9-49bd-9640-be2347366782,"cry",null,1,"to produce tears and make a loud sound expressing "
aa6059bd-fd60-4c9f-8b35-ee574b8766e0,"cubicle",3,2,"a small, partitioned workspace in an office; a sma"
59892de5-6de6-4c1c-a165-9befbdf71a86,"cuckoo",3,2,"a bird known for its distinctive call and parasiti"
dda90530-057b-43f6-b774-078fc3d9aed7,"cucumber",3,4,"a long, green vegetable with watery flesh and mild"
c861e0d7-9cc9-43bf-b5fa-7462f0239ff3,"cudgel",3,2,"a short, thick stick used as a weapon; to beat wit"
f13e5c5d-a2b1-4232-a0b1-4df859ce763a,"cuirass",3,2,"a piece of armor consisting of breastplate and bac"
2eee67d5-eaf0-4ef4-b6d1-28eefdbfa445,"cul-de-sac",null,3,"a dead-end street that is closed at one end, typic"
af2dd17b-452e-4447-8259-118825bf8f00,"culminate",4,3,"to reach the highest point or final stage; to end "
d8645e5c-c1fd-492e-bc33-5fa8c8b1d015,"culpa",3,2,"a latin term meaning fault, blame, or guilt, used "
d398c10a-7f77-4104-9973-87c675525e09,"cum",null,1,"a bodily fluid released during sexual arousal or o"
e547336e-ffd7-476d-bb60-505268360c1f,"cumulus",3,2,"a type of cloud with a flat base and puffy, rounde"
85ba866a-661b-4c01-b5bc-c712d841c7a8,"cupola",3,2,"a small, dome-shaped structure on top of a buildin"
c04b4284-e4bf-47df-b3f5-15c9fb73ebbc,"cups",3,1,"plural of cup; small, round containers typically u"
deca6e91-0a3a-47e6-a364-64934a4bf3f6,"curator",4,2,"a person responsible for selecting, organizing, an"
b60bd0c8-db48-4615-93fa-49219ca3d766,"curfew",3,2,"a regulation requiring people to remain indoors du"
dbb9aae5-bf67-4fec-b900-f0868e8b5250,"curie",3,4,"a unit of radioactivity equal to 37 billion disint"
c8caecbe-169f-4821-bb78-989879a1adaf,"curiecurmudgeon",null,3,"a grumpy, stubborn, and complaining person"
28fcda65-02ba-48ec-99c4-a3194c38af44,"curio",3,5,"a rare, unusual, or intriguing object; something c"
77b853a5-eb42-4958-9e88-c26e348be285,"curiosity",3,4,"a strong desire to know or learn something; an unu"
e8e051c3-0691-4d4e-9221-71977b036a85,"curly",3,2,"having curves, spirals, or ringlets; twisted or co"
92132065-3272-4c7f-bea2-8ff37bf18a69,"curries",3,2,"plural of curry; spiced dishes with sauce, typical"
e4a9d8d6-cc10-485b-8420-56af2b00e125,"cursive",3,2,"a style of handwriting where letters are joined to"
b76d164c-cb3b-47dc-8424-8aab26932d20,"curtail",3,2,"to reduce in extent or quantity; to impose a restr"
9a92a31f-44a1-4291-8d53-b0deae0dada2,"curtly",3,2,"in a brief, blunt, or abrupt manner; rudely concis"
74d04e39-fe07-4f3e-a3b5-5d17547775e5,"curve",3,2,"a smooth, gradually bending line without sharp ang"
dca1c143-ab35-418b-8716-90283dba17e1,"cushag",3,2,"a manx gaelic word for a grass or weed, particular"
c5809c0e-47c8-40b0-aa9b-11dbcc96c5b0,"cushion",3,2,"a soft bag filled with air, feathers, foam, or oth"
c158c651-a959-429f-8379-090d1c8c1f7a,"custard",3,2,"a sweet dessert made from milk, eggs, and sugar, t"
81b157fe-a861-4b85-9116-9b5dd2a66f41,"cute",3,1,"attractive in a pretty or endearing way; appealing"
4e3310fd-8f8d-4fde-87c6-f51acb7301fb,"cutiscyanosis",null,3,"a bluish discoloration of the skin caused by insuf"
f060342c-2a22-4628-a0e8-f8865dab4f7c,"cutlery",3,2,"sharp cutting implements, especially knives, forks"
23eef413-83d3-4df4-bab4-97fdd1b7b971,"cyanosisregurgitate",null,5,"the bluish discoloration of the skin and mucous me"
fd7704ee-5c15-4ab9-85b2-5e706b5f15f5,"cyberneticsgarniture",null,5,"the study of the relationship between humans and m"
35b78077-328e-4026-b4fe-fbcd455b6e4b,"cycle",3,2,"a series of events that repeat in a regular sequen"
0f888bf1-cb9b-470e-8e68-ecd8519d7138,"cyclone",3,2,"a violent rotating windstorm; a system of winds ro"
4fad54fd-c571-4843-a7e8-4c92388bc5e3,"cygnet",3,2,"a young swan, especially one that has not yet deve"
d05f651a-af3c-41ed-a41a-cb420fb263c9,"cymbals",3,2,"a pair of musical instruments consisting of slight"
456eee08-9af7-4b8d-8b32-d86a3cb02725,"cynocephali",2,3,"mythical creatures with human bodies and dog heads"
a34e48e2-4bc4-4744-b598-61606ab536ea,"daft",3,1,"silly or foolish; lacking good sense or judgment; "
c4ed913e-b174-4942-8ec4-ff2195a2644b,"dainty",3,2,"delicately small and pretty; refined or fastidious"
39fbb51a-af31-4768-8544-965ca05042f0,"dais",3,1,"a raised platform or stage, especially one used by"
53eb34cf-fa8b-4a08-8b3c-dba7a0ce11a4,"daisy",3,2,"a small white flower with a yellow center, commonl"
a905f2fb-da8d-4821-9715-f28cb9cd69ef,"damaged",3,2,"having been harmed, injured, or impaired; sufferin"
829def4c-c3d2-443b-8a01-3429f22ce968,"damascened",2,3,"decorated with watered steel patterns; inlaid with"
d4e1b931-8470-4b37-bdc1-187a910b9da3,"dame",3,1,"a woman of rank or authority; a title of honor for"
7836a603-10f5-4279-895f-cebac597e59d,"damp",3,1,"slightly wet or moist; containing moisture; to mak"
c57f2a5c-7294-4bb0-bf9b-1fa5c16bf5d1,"damson",3,2,"a small, dark purple plum with a tart flavor, ofte"
d2490df2-1a2e-46fd-9bd8-f2a7db6f6672,"dandle",3,2,"to move a baby or young child gently up and down o"
f54bb031-b320-49f2-b5cc-194ee3358601,"danseur",3,2,"a male ballet dancer; a man who performs classical"
1507fe0b-3ed5-4476-ab10-66423369486a,"danta",3,2,"a south american tapir; a large, herbivorous mamma"
0e6b95b8-4d89-405d-9a4d-7862890d20dd,"dappled",3,2,"marked with spots or patches of different colors o"
c421865e-02b8-4d9a-b214-d6044e0817a5,"daredevil",2,3,"a person who enjoys doing dangerous things; someon"
36a1fd6c-3785-48cc-b08d-5b5c958c31cd,"daresay",3,2,"to venture to say; to think it likely; used to exp"
963543a6-0fea-48f6-ac56-c0ca56d6215e,"darjeeling",2,3,"a type of black tea grown in the darjeeling distri"
f674cf92-ca4a-4a29-ba67-67f574440d0b,"darjeelingrecusancy",null,5,"the refusal to comply with or accept something, es"
22d90a4c-4398-49e2-927d-ed71ac38ac85,"dark",2,1,"having little or no light; of a deep or somber col"
19dc2a63-4d6d-4b8a-b96b-7a3715a1d687,"darmstadtium",2,4,"a synthetic chemical element with symbol ds and at"
59a8d89e-8c6b-4c3c-a95f-8813123d564e,"darnel",3,2,"a type of poisonous grass that resembles wheat; a "
f3399033-2840-4bb8-b417-98b73acc743e,"darted",3,2,"moved quickly and suddenly in a particular directi"
218e8ec5-c740-48d5-a2af-e2feb469d8ea,"dash",3,1,"to run quickly; to strike or throw with force; a s"
39f9ce53-5a7f-4f30-a7ef-809d3dcec624,"data",3,1,"facts, figures, and information, especially when e"
5a03721d-c253-4d93-8226-adbcbe7c9263,"daubster",2,3,"a poor or unskilled painter; someone who daubs pai"
a573d665-3dee-4a0a-8779-de2bfeb25b3e,"dawdle",3,2,"to waste time; to move slowly and aimlessly; to de"
5477370c-e133-49c6-89e7-4fe55a9c5d0a,"de-mer",null,2,"to remove the salt from (something, such as fish o"
57b5987a-bfd2-416e-930c-919691567ffa,"deal",3,1,"to distribute; to trade or conduct business; an ag"
64d2c8a4-8e9e-4853-9cb7-3b6ee16ee84c,"dean",4,1,"a senior official in a college or university; the "
647f2e2b-cfb2-40f6-8913-90c14042c10e,"dear",3,1,"much loved; precious; expensive; used as a term of"
d67c9ef5-9ee3-4424-bfc2-639333d1e9b0,"deathin",3,2,"[incomplete/corrupted word] this appears to be an "
7a8a9953-8fcc-453f-b7c8-97c1a41e0aeb,"debit",3,2,"an entry recording money owed or withdrawn from an"
b97a64b8-df08-4090-b51d-5bb35a9f93a7,"debita",3,2,"latin plural of "debitum" meaning debts or things "
b3e6ab87-67f2-474d-b1b4-bf1916c65602,"debitum",3,2,"latin term meaning debt or obligation; what is owe"
2d17b1e0-63cd-49e6-9bb9-51b45f32d973,"debris",3,2,"scattered fragments or remains; rubble from someth"
de5d95ee-5091-4cec-bb9d-e129370c4b66,"debt",3,1,"money owed to another person or organization; an o"
d446cb2f-b68c-492e-a1d2-2ac8c425b4eb,"debunk",3,2,"to expose the falseness or hollowness of something"
c17e1920-a91e-45de-8f0a-0a91c40a1286,"decade",3,2,"a period of ten years; any group or series of ten."
8e09f9a8-a728-45e7-9cd9-4bba5101890f,"decades",3,2,"plural of decade; multiple periods of ten years."
625dbe4c-c294-4edd-8515-ace9ae09d55b,"deceitfulcinderella",null,5,"a person who is deceptive and manipulative, often "
e03ecff7-757d-4602-bdca-d2fef2c84ef1,"deceptively",2,3,"in a way that gives a false or misleading impressi"
42601cff-14b7-4807-ae47-07c5f77d7d44,"decibels",2,3,"units of measurement for the intensity of sound; a"
57df331e-7d75-408e-8751-d9a5016119be,"decide",3,2,"to make a choice or reach a conclusion; to settle "
76eaaa24-08ba-4585-824f-ee02cd785c9d,"decided",3,2,"having made a firm decision; clear and definite; d"
4778a41c-537b-4e12-a605-c5bd34b222c5,"decimal",3,2,"relating to or based on the number ten; expressed "
537f6155-1eb2-4fe8-b6ea-431ce7cbd594,"decimation",2,3,"the killing of a large proportion of a group; seve"
4bc1fe30-17e8-45b2-9b14-dcf48d6e1671,"decisions",2,3,"plural of decision; multiple conclusions or choice"
1178fcce-431c-49de-837c-5ca9ce12bdcc,"declaration",2,3,"a formal or explicit statement; an announcement or"
8e2eb839-9bfd-4b69-9e53-6029b21885b1,"declination",2,3,"a formal refusal; the angular distance of a celest"
fad0373e-240e-480d-bb13-8054c1bd5fcb,"decor",3,2,"the style of decoration of a room or building; fur"
ec3c202d-b9c1-414b-be66-3990637d3f69,"decorative",2,3,"serving to make something look more attractive; or"
6e278fc1-339a-4b27-8ac1-e2dcb4265615,"decurion",2,3,"in ancient rome, a cavalry officer commanding ten "
4facea0e-5649-49e4-8f9e-ba17c6881539,"deer",3,1,"a hoofed grazing mammal with branched antlers (in "
782c2bea-96ad-4d4f-8d2d-83bbe8fff507,"default",3,2,"a failure to fulfill an obligation; a preselected "
b84d28a7-b27f-4226-83f3-67545d218e55,"defeat",3,2,"to win a victory over; to overcome or frustrate; t"
d04a5531-5e21-4a9f-8929-b6f29d9c29a0,"defense",3,2,"the action of defending from or resisting attack; "
84582e2b-5c29-47ed-ba2c-8b5b9b759c91,"defiant",3,2,"boldly resistant or challenging; openly disobedien"
b311fcb3-03f2-4427-a009-7b2ab5aa3edc,"defibrillator",3,4,"a medical device that delivers an electric shock t"
c7d7127c-faec-4960-90a3-603efe6bbfa1,"deficiencies",null,3,"lack or shortage of something necessary or desirab"
7fc7559e-b50c-411b-a971-10185da7eb19,"defined",3,2,"having exact and clearly stated meaning; clearly o"
02bcc5c6-c5a4-4524-b936-b517db710796,"definition",2,3,"a statement of the exact meaning of a word or phra"
da317036-3423-43b9-a001-0cd6fa55b107,"definitions",2,3,"plural of definition; multiple explanations of the"
1be92ea6-06be-401b-ac7a-5450a744c5f6,"defoliant",2,4,"a chemical agent used to remove leaves from trees "
5c2b3150-7213-4593-9f43-7625f61f44bd,"defunct",3,5,"no longer existing or functioning; dead or obsolet"
e7731f00-043c-46b0-bc23-0e827eb9e9fb,"defy",3,1,"to openly resist or refuse to obey; to challenge s"
c05c1864-e9dd-450f-92a8-2e391e63ec8a,"degauss",3,2,"to remove or neutralize the magnetic field of some"
50934a57-2ebb-4a7f-934b-a1e2a4e6bcd2,"deglaciationrecruit",null,5,"the process of a glacier or ice sheet melting and "
5e2d275c-d67f-468d-80e7-6217bb814828,"deign",3,2,"to do something that one considers beneath one's d"
387aac04-f364-4edd-b3fe-c222af88d85e,"deimos",3,2,"the smaller and outermost moon of mars; in greek m"
f22e3d5c-41bd-4199-a5a6-36efd52b97e3,"deities",3,2,"plural of deity; gods or goddesses; divine beings "
a3a57424-07f7-4dea-9fdb-068cb446dbaf,"delectable",2,3,"extremely pleasing to taste; delightful and enjoya"
b63ac801-e44e-4d18-acc3-52c0d2039047,"delegation",2,3,"a group of representatives; the action of assignin"
ab9631bb-f23d-4ad6-9748-33933c4a6167,"deliberately",2,3,"on purpose; intentionally; with careful considerat"
8c1b2de3-8ac4-43c3-aae6-73d6a332b6ad,"delicate",2,3,"fragile and easily broken; requiring careful handl"
f91c51d6-a46a-4181-9457-3f12f8056284,"delicious",2,3,"having a very pleasant taste; highly enjoyable."
36d68830-127e-466d-94ac-7aa41fc37b02,"delinquent",2,3,"failing in duty; overdue in payment; a young perso"
a113333d-8a13-4e49-85d6-a561333e02a5,"delta",3,2,"the fourth letter of the greek alphabet; a triangu"
343739a3-f8f1-4f7c-8691-bfae92236bbf,"demolitiongargantuan",null,5,"an extremely large or massive structure or object"
a1243268-e7ba-48a1-9b36-8991a17c0602,"dendrochronology",3,5,"the scientific method of dating tree rings to dete"
27b1654d-e7fb-45e8-9b39-b57bde824d2e,"dengue",3,2,"a tropical disease transmitted by mosquitoes, caus"
baee2dc5-2cfa-4eb1-ac8d-1acb8ffc7ccc,"denizen",3,2,"an inhabitant or occupant of a particular place; a"
e2bd1ecd-57cb-47ce-9fa8-b8e03f3b1542,"deny",3,1,"to declare untrue; to refuse to give or grant some"
06bb3187-bc84-47bd-bf51-5f8beb3f1c4a,"dependable",2,3,"trustworthy and reliable; able to be depended upon"
10a5bb73-37ba-45a8-a81b-728ed39e0b18,"depose",3,2,"to remove from office; to testify under oath; to s"
5cb848eb-040f-4622-9214-425c7d7d6271,"deposited",2,3,"placed or stored in a particular location; put mon"
bac904c0-0b99-41b6-a056-6c704d5e56cb,"deposition",2,3,"the action of depositing something; testimony give"
a9f1e416-19f6-4d45-8571-592247d17751,"deposits",2,3,"plural of deposit; sums of money placed in bank ac"
93730eba-28fd-45de-bfe9-1fbf3a4ec88b,"depot",3,2,"a storage facility; a railroad or bus station; a m"
e2ea4897-9ebd-4325-a17e-fbc5b59cc023,"depreciate",2,3,"to decrease in value over time; to belittle or dis"
22a9ddc1-bb86-4f0e-b19f-222db2ee9611,"deprivation",2,3,"the damaging lack of material benefits; the action"
9d37fc9b-0a22-43f3-a283-c7e45ecd4169,"depths",3,2,"the deepest or most intense parts of something; th"
44036dde-5a1f-4eea-90c4-8a19b93ffb68,"deputy",3,2,"a person appointed to act as a substitute for anot"
7ac431e6-600e-41a8-b02a-62b6c243fcb2,"derby",3,2,"a horse race; a stiff felt hat with a rounded crow"
79f17446-b601-4c8c-8db2-8fc4ffbf1767,"derecho",3,2,"a widespread, long-lived windstorm with bands of r"
f30f5a3f-0779-4c76-9fd0-3de932e8e47d,"derelictderisive",null,5,"showing a lack of respect or care for something; e"
661223b4-723a-478e-8678-a3bfffa3731c,"derivative",2,3,"something that is based on or derived from another"
c66eee4c-6547-45a2-a1e2-800d59869d29,"derrick",3,2,"a type of crane with a movable pivoted arm; a fram"
5bef71a4-6369-4f30-8b3f-5c47c48f6c7f,"derring",3,2,"daring action; brave or audacious conduct (usually"
d0796a19-afc5-46c1-8233-65e80f9c4773,"derring-do",null,3,"brave and heroic deeds; daring action"
8afac67a-f52d-4b4e-9a0c-17e3efc95da6,"derring-dodeseret",null,5,"a bold, daring, or heroic act or action."
e19a1bec-f2e3-4da9-9971-b171996ca0e6,"des",null,1,"a prefix meaning 'away from' or 'apart'."
9640009a-03ff-4253-8950-432649f98d65,"describe",2,3,"to give an account in words of someone or somethin"
5ea92536-8186-4ef3-93e9-b155df20536b,"describes",2,3,"third person singular present of describe; gives a"
94b5d1c1-679f-4c45-a290-61e3352c1eea,"desecration",2,3,"the action of treating a sacred place or thing wit"
909e714f-c555-42f7-a9cf-af96e1317946,"deseret",3,2,"a name meaning "honeybee" in the book of mormon; t"
6056e77b-baa1-4f1e-ade3-a1730ff121a0,"designed",2,3,"created according to a plan; intended for a specif"
996451ed-0b68-492d-86eb-58a53b659531,"designerleisure",null,3,"a type of leisure or relaxation that is designed o"
5a10e350-c2ec-4d95-845f-838d11e928d4,"desk",3,1,"a piece of furniture with a flat surface for writi"
157cc0d3-1ceb-4967-bff5-66ee034706bb,"desman",3,2,"a small aquatic mammal related to moles, with webb"
12fbdf0e-4456-42da-a6ca-30e94f70af59,"destination",2,3,"the place to which someone or something is going o"
14a0f321-9ad5-4652-ae9d-e813eda55098,"destitution",2,3,"poverty so extreme that one lacks the basic necess"
62d1b518-1665-4e32-862e-d4c0420ecaef,"desuetude",2,3,"a state of disuse; the condition of not being used"
78c889b2-0095-4f3b-8479-4c3b1aab4f0b,"detect",3,2,"to discover or identify the presence or existence "
7643d4a7-040c-4cd2-8c01-b4a30211b2ce,"deters",3,2,"third person singular of deter; discourages or pre"
0c5c50fe-46db-44ce-8df5-0b321b650ae5,"detour",3,2,"a long or roundabout route taken to avoid somethin"
0762639a-3119-41cc-a6d7-834ae6d38301,"detractors",2,3,"people who criticize or disparage someone or somet"
c0798cba-090c-4c48-9a66-52479fa52a30,"devanagari",2,3,"a script used for writing hindi, sanskrit, and sev"
7a3d9b47-7756-46bb-9acc-2df3566e8e3f,"develop",3,2,"to grow or cause to grow and become more mature, a"
6df0a7b9-6413-4f82-95d0-ba883ec4b69c,"developed",2,3,"having grown or been brought to a more advanced or"
8d98570d-a724-417f-9e11-97e424d1f075,"devious",3,2,"showing a skillful use of underhanded tactics; dec"
ba9d8738-1c72-4ea8-9864-e43878d79e68,"devo",3,1,"short for devotional; informal term for religious "
f6f21ec4-5b7d-450a-9170-f2ffb434553d,"devoid",3,2,"entirely lacking or free from; completely without."
258d4b4a-047f-4c24-b435-7791abf97565,"devotion",2,3,"love, loyalty, or enthusiasm for a person, activit"
0e3af1cd-2bde-4787-aba1-03d6f4a8d600,"devoured",2,3,"ate hungrily or quickly; consumed eagerly."
caa5bdfc-7e51-4e3e-aab8-078d23dbb8b4,"devout",3,2,"having or showing deep religious feeling or commit"
7590927e-9a9c-429a-91c7-f78768d7d5bd,"dhole",3,2,"a wild dog native to asia, also known as the asian"
7dd88712-3e9c-49b7-b93c-a4b6382a302e,"dhurrie",3,2,"a flat-woven rug from india, typically made of cot"
70b89ae3-57ed-4cdb-9f66-7b08294f3ab5,"diadem",3,2,"a crown or headband worn as a symbol of sovereignt"
2c77f8d4-43df-452c-a3de-6c46a1d8e0cc,"dialect",3,2,"a particular form of a language specific to a regi"
4c633afc-9de1-4aa6-8db8-482ec2f1ca86,"dialysis",3,4,"a medical procedure to remove waste products from "
a95ac7f6-d40b-4e55-a004-226937c99677,"diana",3,2,"in roman mythology, the goddess of the hunt and th"
3b92b99f-313d-4e63-af16-adf297de5db7,"diaspora",null,3,"the dispersion or spread of a people, language, or"
6ab54eb1-4c83-48b3-923f-b632f2fd99d7,"diastole",null,3,"the rhythmic relaxation and expansion of the ventr"
31930e96-7aed-4ab9-a053-2e05a8891dba,"diathermy",null,4,"a medical treatment that uses high-frequency elect"
2fe43ccb-5cd1-4bab-b12d-4f23d93f4511,"diatonic",null,3,"relating to or denoting a musical scale or mode co"
b97b1312-4dce-4ecd-bdee-1ba5e7a514cb,"diatribe",null,3,"a forceful and bitter verbal attack against someon"
441f23b2-d0cd-4bb3-ad88-29f5a270b5c0,"diaulos",null,2,"a double-track race course in ancient greece, with"
cf24eb94-d0e8-4781-aff1-958379c8d557,"dicey",null,2,"risky or uncertain, with the possibility of danger"
51bf5960-dadd-420d-bfc9-da7f032e205b,"dictum",null,2,"an official pronouncement or order."
918ee00b-dd52-47d3-872c-4837430d56bc,"dietetic",null,4,"relating to or following a diet, especially a medi"
ccadef75-994c-45ac-8eef-4f7f7af00944,"differed",null,3,"to be or become different; to vary or be unlike."
86c9381f-c066-4e56-b6c3-40f8ba75ebf6,"different",null,3,"not the same as another; distinct or separate"
1c332563-9ae1-474f-9e15-f72d8a677b00,"difficult",null,3,"something that is not easy to do or accomplish"
c7c874bf-36ad-4318-85e3-c93a882973d9,"difficulty",null,3,"the state of being hard to do or accomplish"
a58ffc07-ebed-4b33-87a5-f733b1d9218f,"digerati",null,3,"a group of people who are knowledgeable and influe"
549e15e4-d53f-4bc7-bde1-22b0878a0895,"dignify",null,2,"to confer dignity or honor upon; to raise in rank "
60e7c2ee-f3aa-4968-9783-1e8b95da1367,"digression",null,3,"a temporary departure from the main subject in spe"
8f121de2-21d4-46dd-89a1-823c9ad71f96,"dihedral",null,3,"a geometric shape formed by the intersection of tw"
bd619e77-c5ec-4153-af20-23ce804fb844,"diktat",null,2,"an authoritative command or order that must be obe"
0a527385-8bea-43bf-907b-51e141d3d7a5,"dilapidated",null,3,"falling into decay or ruin; in a dilapidated condi"
0a99f04e-081c-430f-a4eb-2733dde11976,"dilemma",null,2,"a situation in which a difficult choice has to be "
0c04ef62-2dde-4480-ac09-9d31a380499e,"diligence",null,3,"careful and persistent effort in doing something."
6592dd38-2e7c-4418-8ab3-e9fb8a51618b,"dillydally",null,3,"to waste time through indecision or loitering"
a48324f8-addc-4076-9afd-8ff9227e50b8,"diluent",null,2,"a substance used to dilute or thin out another sub"
7f7a4bfd-407f-44bc-a811-f059e6f7c16d,"dilute",null,2,"to make (a liquid) less concentrated by adding a s"
41a37184-bec6-401f-bda5-029bd8f963da,"dim",null,1,"not bright or clear; lacking in light or brightnes"
d0322dad-492f-4483-8f18-c05765b7beab,"dimension",null,3,"the measurement of something in multiple direction"
e0951478-a98d-446c-91d7-43f9df60fa64,"diminished",null,3,"reduced in size, extent, or degree; made smaller o"
8cadc711-d208-4001-a512-45e1e6643187,"dimorphism",null,3,"the condition of existing in two different forms, "
4fe76c33-e647-4aa3-a614-e491b822acff,"dimple",null,2,"a small, rounded indentation in the skin, especial"
ca181d50-a7ab-4b07-a638-4f13fe052dd6,"dinero",null,2,"money, especially in the form of coins and banknot"
4afc950f-10e6-45e5-a7ff-2f81f1ffd6b4,"dingoes",null,2,"wild dogs native to australia, known for their dis"
944fb709-bbd0-47d1-aa1d-0470d626333f,"dinner",null,2,"the main meal of the day, typically eaten in the e"
1817d713-b0c1-4ebc-a14a-b6a4fa2e7a52,"dinosaur",null,3,"a large extinct reptile that lived millions of yea"
e6eee0c5-91d7-46ee-81e2-3f15d3112bc3,"diocese",null,2,"a district or region under the pastoral care of a "
16e21959-f563-42e8-b346-9f58e4855c7e,"diode",null,2,"a semiconductor device that allows electric curren"
5943cb2f-d9ed-4193-b84a-cc939618743c,"diphtheria",null,3,"a serious and potentially deadly infectious diseas"
2ab7eddb-d5af-4a76-bd3f-0b6266b0575e,"diplodocus",null,3,"a large, long-necked, plant-eating dinosaur that l"
c3602886-f475-4654-8fdb-46577563ebe4,"diploma",null,2,"an official document certifying that a person has "
9f1dd836-e95f-4f1b-a82f-77243740a485,"diptych",null,2,"a work of art, such as a painting or sculpture, th"
cb0964e8-336a-4179-a490-72d9241ffc1a,"dire",null,1,"extremely serious or urgent; causing great worry o"
6c2621c2-d2dd-4e7b-9302-51cbe62a8772,"direct",null,2,"to go straight to a place or point without changin"
7385116b-b0af-466f-aae7-d1dc6ea49503,"dirigible",null,3,"a large, cigar-shaped, lighter-than-air aircraft t"
a9aa5de3-548e-4182-9122-6bf494201b32,"dirndl",null,2,"a traditional dress worn by women in bavaria and a"
a540a6db-54d0-4fe2-8fc9-1a547c8feb67,"disaster",null,3,"a sudden and unexpected event that causes great da"
b3666ffc-570b-443e-b90f-3aae88990380,"disasternoun",null,3,"a sudden, unexpected, and often damaging event or "
83693e0d-656f-4dae-9022-8b15bb8b7aa3,"disband",null,2,"to break up or separate into parts or groups."
9afe3f8c-668d-4e0d-97c9-62b471d851f9,"disciform",3,4,"having the shape of a disc; flat and circular like"
dd7a279a-40f6-4911-94e7-f16c6282c6c6,"discombobulate",2,3,"to confuse or disconcert someone; to upset or frus"
98b0b29d-bd93-4c61-87b6-a7e6c8c66d99,"discomfiture",2,3,"a feeling of unease or embarrassment; the state of"
77cb7f3a-c2ce-4d47-a515-2d4297a6a23e,"disconsolate",2,3,"very unhappy and unable to be comforted; deeply de"
b430e126-f31b-4e73-9d94-e216b8661220,"discord",3,2,"disagreement or lack of harmony between people or "
846071ce-2257-4b21-af5d-5cafa9c812d1,"discoveries",3,4,"plural of discovery; findings of something previou"
33ba4fa0-37dd-42ea-9884-14ec2c677931,"discovering",2,3,"present participle of discover; the process of fin"
1f85498a-1168-4c28-9ae0-f926eba26600,"discreetly",2,3,"in a careful and prudent manner, avoiding attentio"
b6bff9a8-8f9b-464e-a9a1-e2933354ac97,"discretionary",2,3,"available for use at one's own discretion; involvi"
d5aa99aa-40c6-4630-bf94-e3d66523383e,"discriminating",2,3,"having or showing refined taste or good judgment; "
a396d85a-4cbb-4620-a7c9-c1fca1be9b06,"disdain",3,2,"the feeling that someone or something is unworthy "
67a707c8-8859-475a-bac6-8c446ed03cf4,"disembodied",2,3,"separated from or lacking a physical body; existin"
28d0b5ee-18eb-4e6f-8cae-37e2ea04d35b,"disembogue",3,4,"to discharge or flow out, especially of a river fl"
f125d9c2-bd19-4ac5-b80d-96284c2a385d,"disgorged",2,3,"past tense of disgorge; discharged or poured forth"
e37b755c-732e-444c-8341-43659f6a5ecd,"disguise",2,3,"to change the appearance or character of something"
7a3297c4-b267-4cae-a23d-e559075307e3,"dish",3,1,"a shallow, flat-bottomed container for cooking or "
3ab945a5-d3af-43f5-ab21-890de7478964,"disinfectant",2,4,"a chemical agent that destroys or inhibits the gro"
12f68d37-07fd-40eb-a028-0371c091eff6,"disintegration",2,3,"the process of breaking down or falling apart into"
3bc2d210-2d72-4c07-901b-46eda67cd1e0,"dismal",3,2,"causing a mood of gloom or depression; dreary and "
6ed058f3-09cb-4ee7-99f0-dffbfe6aeb01,"disneyfication",2,3,"the transformation of something (usually a place, "
86aadf19-18bd-4219-b7a8-bbd326eacbdb,"disorder",3,4,"a state of confusion or lack of organization; a me"
ce7aee6e-19ae-4425-bde2-3cb4a46048c1,"dispensation",2,3,"permission to be exempted from a rule or usual req"
51d7aa27-ed86-4f70-a1a0-ef3b21f88a28,"disposition",2,3,"a person's inherent qualities of mind and characte"
3e47d9cc-c404-4ca5-ba7d-4ff4492d5e8f,"disproportionate",2,5,"too large or too small in comparison with somethin"
6a19af37-b96d-440a-bce4-709b9a42bf80,"disrepair",2,3,"poor condition due to neglect or age; the state of"
719d8ff3-70b4-4ccd-baac-2f827d020aad,"dissolved",2,3,"past tense of dissolve; melted or mixed completely"
1011242e-1561-442f-b63b-8979b20e85d5,"distinctive",2,3,"characteristic of one person or thing, and so serv"
34c8f41e-abff-4378-909c-9e899fc56a39,"distinguish",2,3,"to recognize the difference between two or more th"
07c92592-e4ee-4914-b648-174b53d08ed9,"distraught",null,3,"feeling very worried, upset, or anxious"
0fbd34a8-ca2d-4a72-a275-b09b855f6d9f,"distressed",null,3,"showing signs of wear, damage, or distress"
328ec37e-1ef3-4bbb-b7b7-dd4095c6ac8a,"disturbancewily",null,3,"a disturbance that is crafty or cunning in nature"
54178527-18fb-4d66-b91b-20b38d958812,"diurnal",null,2,"occurring or active during the daytime, as opposed"
1f0c41b3-36e3-4083-82aa-9a76ab7b30f6,"diva",null,1,"a famous female singer, especially one with a larg"
83289118-5b34-42ec-b1ea-7af83430da1c,"divanbadminton",null,3,"a combination of a divan (a long upholstered seat "
08fcea26-1178-4f02-9a3e-375d6de9f19d,"diverge",null,2,"to separate or move apart from a common point or p"
08f58980-ee05-42a6-968f-57e97e007a1c,"diversion",null,3,"a change in direction, course, or focus"
c96b54c2-04e0-4566-b128-7207946231ec,"diversity",null,3,"the state or quality of including people of differ"
91fde5f6-8df6-44dc-85e8-c3507e9eb4e8,"divestiture",null,3,"the act of divesting or the state of being diveste"
79fdb13e-4c79-4830-9a8e-e9e5fb26ba48,"divine",null,2,"relating to or associated with a god or the worshi"
02f24266-c3cf-4692-ab6d-0521e5658632,"divot",null,2,"a small, shallow depression in the ground, especia"
8ca73c71-33d3-427a-a408-c9ae71be32a8,"divulge",null,2,"to reveal or disclose information that was previou"
7dcab9f4-fd03-4ce3-8bfc-18c8c4e3c1a2,"divvy",null,2,"to divide or share something into parts or portion"
ebec3298-47a3-4b6b-b348-341ac4f1386f,"divvyfatuously",null,3,"to divide or distribute in a fair or equitable man"
bc13c754-e44c-40ca-98ba-5283bfc19669,"djibouti",null,3,"a country located in the horn of africa, known for"
f8c38699-3ed5-4119-a559-974cbd1cdd86,"dlailmnr",null,3,"a jumbled arrangement of letters that does not for"
d1613b53-8d24-41f2-a1fc-9ced8f3b2004,"docket",null,2,"a list of matters to be considered or acted upon, "
d8a3a72f-ca84-4101-a890-660aa567d583,"doctor",null,4,"a medical professional who is qualified to practic"
01447fed-2d06-4807-b3de-8742addee858,"documentary",null,3,"a film or television or radio program that provide"
dc315b71-6b21-44cb-bc9a-a0e6dee81357,"dodecahedron",null,3,"a three-dimensional shape with twelve regular pent"
61871e1b-b3ad-47ac-8d50-00b7b160f929,"dodge",null,2,"to avoid or evade something, especially by moving "
2161f7a1-fd2a-4515-8458-765bf8c296e0,"dodgy",null,2,"evasive, tricky, or unreliable; of doubtful qualit"
7a8d5d2f-6163-4762-8176-5caf9332aecd,"dogana",null,2,"a customs house or office where goods are inspecte"
a0e9826d-d378-4f0c-a523-78b4528f2878,"dojo",null,1,"a training hall for the practice of japanese marti"
44a8450b-0e5f-4588-8832-fb748acc3724,"doldrums",null,3,"a period of stagnation or inactivity, especially i"
111d106c-d3b1-47e7-8499-ca6f6be56ebf,"dollbill",null,3,"a bill or note that is made to look like a real do"
f0f0d5a9-c103-4f8b-a636-d65ed716fbdf,"dolma",null,2,"a stuffed vegetable dish, typically made with grap"
babe4e51-01dc-489b-84f7-461998810c9a,"dolmen",null,2,"a prehistoric stone monument consisting of two or "
851b1c30-3a53-4ee2-8a95-e8da9c9f962d,"dolphin",null,2,"a marine mammal that lives in the ocean and breath"
e83ac207-aeec-40a8-b2e0-255788ca5b98,"domain",null,2,"the area or territory over which a person or organ"
31f86369-10ce-40f0-8760-6fc6450d9b99,"dome",null,1,"a rounded roof or ceiling, typically made of stone"
2f638164-d3e4-4e61-a861-087416b08d1c,"domesticity",null,3,"the state or quality of being domestic; the charac"
50414e2b-0cb9-4af2-987e-4a97f85030ba,"domiciled",null,3,"to have an established permanent residence or home"
0e513c57-327a-43e6-9db1-bf569b55cce9,"domineering",null,3,"exercising or showing arrogant control or authorit"
2921703a-583f-4d8d-bc31-53eeeca08d38,"domino",null,2,"a small, flat, rectangular block, usually made of "
cdc02e2b-5899-4ed5-8cc0-2270d129d2a3,"donatee",null,2,"a person who receives a donation or gift."
74781bd9-b09e-4628-9096-a247576cfa3d,"donkeys",null,2,"a domesticated hoofed mammal of the horse family, "
c8948378-773b-445b-87a2-3a7cf8d1a6e1,"donna",null,2,"an italian title of respect for a woman, equivalen"
92e7eee5-c7d0-461a-bcca-5aa5c9e2fea7,"donut",null,2,"a ring-shaped cake made of dough that is deep-frie"
faf0d940-36ee-4756-beed-847ea964b578,"doodled",null,2,"to scribble or draw idly or absent-mindedly."
4936eee9-22de-453a-84fc-2222401ff6bf,"doomed",null,2,"to be destined to fail or meet an unfortunate end"
3f88162b-be24-4f0d-b6a5-aedc0cd17523,"doorjamb",null,3,"the frame around a door that the door closes again"
e0c82b9d-0791-4a7b-952b-20ae87ba414f,"dopamine",null,3,"a neurotransmitter in the brain that plays a role "
31a542a9-24e6-43b5-8bea-04467e45c45d,"doppler",null,2,"a shift in the frequency of sound, light, or other"
0209e8c3-c300-414d-b852-680e31a84fd4,"dorking",null,2,"a breed of domestic chicken known for its distinct"
59c6fa1c-6748-4658-933d-21698419b246,"dormitories",null,3,"buildings used to house students, especially at a "
e99604cd-cf25-4565-9d3a-a184a015d715,"dorsiflexor",null,3,"a muscle that flexes the foot upward toward the sh"
13f72d85-eb12-4016-ae27-734718a72f5f,"dosages",null,2,"the amount of a medication or drug that is to be t"
b2dc32db-1ea7-4936-9214-5579105b6e86,"dots",null,1,"small round marks or spots, especially on a surfac"
0206cfa8-182f-44fa-8f5f-447cbf107f2d,"dotted",null,2,"having small dots or spots on the surface"
498c47ad-1688-4d16-89c7-e970716ede5a,"double",null,2,"two of the same thing"
7d28c38e-c41e-4822-ba2d-8f69dece96c1,"doubloons",null,3,"a gold or silver coin formerly used in spain and s"
f146e74f-57bd-488e-bf47-2caa7cad3ad0,"doubt",null,2,"a feeling of uncertainty or lack of confidence abo"
ab742db4-eba9-4064-9a11-a194f7b2a6a9,"dough",null,2,"a thick, sticky mixture of flour and liquid, used "
9ed73e4c-813e-4d29-8202-473ac58e08b5,"doughnut",null,3,"a ring-shaped cake made of dough that is deep-frie"
fd98d3b4-9839-478f-adf6-e915e56c93ea,"douloureux",null,3,"causing great pain or distress; agonizing."
f2929667-db4f-43f1-9552-182eddab373d,"dovecote",null,3,"a small house or shelter for doves or pigeons, typ"
e11c3fab-80dd-48f8-8ad0-ceef1728758c,"dowager",null,2,"a widow of high social rank, especially one who ho"
3bd466f5-3560-47e5-8b3b-9989d3e49062,"dowdy",null,2,"lacking in style, neatness, or attractiveness; dow"
69abcd31-132a-46d5-a0fd-bb8093236819,"dowdycorkscrew",null,3,"a corkscrew that is old, worn, or untidy in appear"
0e557dd4-a080-4145-b827-d394803b62d1,"downcast",null,3,"feeling or showing low spirits; dejected or gloomy"
b93c8ba7-2ab3-485d-bbc9-3efbeae10932,"downcastjubilant",null,5,"feeling or expressing low spirits or dejection; sa"
78c7abce-0605-4f70-a6e1-813b16521b97,"doxycycline",null,3,"a type of antibiotic used to treat a variety of ba"
4b168308-7529-4bb5-af1d-2211e072a5de,"draconian",null,3,"extremely harsh, severe, or cruel; excessively str"
8a306176-96b4-4bcd-afa0-37f6b1ddcf79,"draegerman",null,3,"a worker in a coal mine who is trained to rescue m"
9179d2fc-4373-41a9-82e9-d555f9e8cd3a,"drag",null,1,"to pull along with effort; something tedious; clot"
f3576b0b-9376-492b-8f26-941ba7c29f24,"dragoon",null,2,"a soldier who rides a horse into battle but fights"
3e3394de-2852-419f-b5e0-2647a1a4c4f6,"drahthaar",null,3,"a breed of german hunting dog with a wire-haired, "
abe86237-c259-4957-bab8-0bf70593fe35,"dramatization",null,3,"the act of representing a story or event in a dram"
2f8e82e0-575a-4dfc-b782-c3e6eeaf8d77,"dramaturgy",null,3,"the art and practice of dramatic composition and t"
8a200f2c-9e30-49a8-b19c-fdc8fe7bae84,"drape",null,2,"a piece of cloth used to cover or hang in a partic"
644169d0-1002-407b-ac5a-e2abd6c01322,"drastic",null,2,"extremely severe, serious, or urgent; requiring im"
b819018a-4e80-401f-b649-54b94aa064e6,"drawers",null,2,"a set of sliding storage compartments, typically f"
6b725821-bc85-4599-897f-8e9fd3c22d57,"drawl",null,2,"a slow, lazy way of speaking, often with a regiona"
34176e1f-094d-4b85-bedf-21432e6a2213,"dreadlocks",null,3,"hair worn in rope-like strands formed by matting o"
968d14b7-0ca0-49eb-8a30-ddeb792834b4,"dredged",null,2,"to scoop or lift out of water or other liquid, esp"
07253238-38f2-4e5e-97b7-7241954917b8,"dreikanter",null,3,"a three-edged stone or crystal, especially one for"
7ce1c297-75e9-4551-81d0-174eb4d278ca,"dribbles",null,3,"to let liquid fall or run in drops or small stream"
0061052d-f18f-4007-855c-42b10187acc7,"drift",null,2,"the act of slowly moving without control or purpos"
e4be7ff9-edbe-4386-b824-197cc66f6f9f,"drill",null,2,"a tool with a sharp, rotating point used to make h"
7d6aa992-a504-49dd-bc73-c86aa8416bf5,"drivel",null,2,"meaningless or foolish talk or writing"
e49af09a-bed8-4cac-9291-3343900d15a0,"driveljettison",null,3,"to expel or get rid of something in a forceful or "
821279e0-63ab-469f-8b40-5995ea3216cb,"drizzle",null,2,"a light, steady fall of water droplets from the sk"
69e2afed-1201-4a5c-bfac-027c27b907ca,"droll",null,2,"amusingly odd or unusual in a way that provokes dr"
61afa4cc-27bf-491e-b198-dcbd8416b3e1,"dromedary",null,3,"a large, single-humped camel found in the deserts "
99865d60-d046-4b0e-b6bd-bc47256d9807,"dromic",null,2,"relating to or suitable for running; pertaining to"
b9830e58-e698-49a9-ac0c-213e23b17d04,"drone",null,2,"an unmanned aerial vehicle that is controlled remo"
cf7b4b5e-a739-4adb-8fea-c928949ad955,"drool",null,2,"a liquid that comes from the mouth, often when som"
057b397d-ccf1-4775-9d8b-7a63eb54aac4,"drooped",null,2,"to hang or bend downward, as from weakness or heav"
ea545441-4825-47b9-9116-57485a422117,"dropsonde",null,3,"a small instrument dropped from an aircraft to col"
2f8d5da8-12d7-461c-80f1-7dae55eaab7c,"drowsy",null,2,"feeling sleepy or lethargic; drowsiness."
78e4cc3f-35bf-430c-9c93-c8b96bfa79fe,"drudgery",null,3,"tedious and unpleasant work or labor"
3f711af1-9aef-458f-9c23-ede46203bdea,"druid",null,2,"a member of the ancient celtic priesthood, who act"
057f4ab7-353d-4a45-9251-d64830a89b61,"drum",null,1,"a hollow, cylindrical musical instrument that is p"
a7d8a27d-92dd-49e7-825a-7ce0d17babc9,"drumlin",null,2,"a smooth, elongated hill formed by glacial ice mov"
1a5e8ab7-2619-48bf-bebe-44ab52555944,"drupiferous",null,3,"producing drupes, which are stone fruits with a ha"
388e0376-4b17-45c2-8bcc-ef0297b93030,"dubhe",null,2,"the brightest star in the constellation ursa major"
9fa886ed-3a6d-492d-99b2-ad18c8ce81b9,"dubiously",null,3,"doubtfully or uncertainly"
dc67e9c0-68d5-42a7-9bad-b8be1f002d86,"dubitante",null,3,"expressing doubt or uncertainty."
673f1eda-134a-4745-9a58-24ec9e18c139,"dubuque",null,2,"a city in iowa, united states, located along the m"
ec5dc18c-d0ee-4ab0-a468-79467e868d17,"ducats",null,2,"gold or silver coins used as currency in medieval "
f146e1d6-bb6e-48dd-bd22-107ce0c2ced8,"duchy",null,2,"a small independent state or territory, especially"
8c3f6dba-deb9-4353-ad2a-185628e27659,"duchypagoda",null,3,"a type of ornamental structure in the shape of a p"
ea806506-3032-4d7e-aea1-830d2862b3db,"duckling",null,3,"a young duck that has just hatched from an egg"
d81f2ba4-5216-4c6b-9782-ff5111a75955,"dudgeon",null,2,"a feeling of resentment or anger."
2a62da18-213a-48bf-81c0-4aa460605518,"dudley",null,2,"a surname of english origin, referring to a person"
c6432271-2591-4af4-b988-e89696cec849,"duello",null,2,"a formal duel between two people to settle a dispu"
5aac1304-1c43-4033-95f4-f8c946a39f6c,"dulcet",null,2,"pleasing and agreeable to the ear; sweet and melod"
c4b927f8-2328-4f2f-ab59-7683d2430e0a,"dulcinea",null,3,"a sweetheart or lady love; an idealized woman"
9a492b73-d248-4906-91d2-617005b07485,"dumbwaiter",null,3,"a small elevator or platform used to carry dishes,"
8aba43db-f925-4c1c-ad7e-13ea72f438ca,"dunk",null,1,"to plunge (something, especially one's head) quick"
89044bd3-3ab7-4901-9d59-dfb8e5e853df,"duo",null,1,"a group of two people or things"
f95a2cb2-ee73-474d-bdfa-d8f5b5ca12a6,"duodenum",null,3,"the first part of the small intestine, connecting "
fce4a27c-c14f-411c-975f-14ca168ff1ba,"duopoly",null,2,"a market situation in which two producers or selle"
3c25eaf9-b3c2-49fb-ad54-631dfa7f5fa7,"duplicitous",null,3,"characterized by deception or duplicity; deceitful"
ee7ccc48-5927-4069-8d6c-7a6b65f384aa,"durango",null,2,"a state in northwestern mexico; its capital city"
0556a7df-a765-4bcc-8a7d-ecba9080bbfe,"duress",null,2,"severe pressure or stress placed on someone, often"
eef2067c-daca-4741-a6c0-3282b92cdcfc,"durham",null,2,"a city in north carolina, united states, known for"
940269f2-c8b5-4bbc-a143-692339642340,"during",null,2,"the period of time between the beginning and end o"
e2893096-95a2-4b9b-a370-e90124870a24,"dusk",null,1,"the time of day when the sun has set but the sky i"
09e2e201-2fff-403a-9c27-6ab1b037b3d6,"dutifully",null,3,"carrying out one's duties or obligations in a thor"
a1359c00-8612-4208-9fb2-5a8c5c4a2c46,"duvet",null,2,"a type of bedding filled with down or synthetic ma"
69adf8a0-e422-4abb-802d-7bc0b2f15371,"duxelles",null,3,"a finely chopped mixture of mushrooms, shallots, a"
95680fa7-a7b8-4f24-9522-518b2c761b64,"dvandva",null,2,"a compound word formed from two nouns or adjective"
d084aca5-461f-4044-b297-a3c114f8f0c9,"dvorak",null,2,"a keyboard layout designed by august dvorak as an "
cf7b5d0c-66fb-48a0-8087-3b455ac9cc3b,"dwindled",null,3,"to gradually become less or smaller in size, amoun"
2809ca79-0e8c-428f-bc7e-df9298d301fb,"dynamite",null,4,"a powerful explosive substance made of nitroglycer"
8e137e15-6bb4-49aa-a081-5c985d0fdc6d,"dynasty",null,2,"a succession of rulers from the same family or lin"
63d7d7c2-33e6-4549-b6ba-a4af6570bff7,"dysgraphia",null,3,"a disorder that makes it difficult to write and sp"
809ca020-78a5-4163-9e19-69c316d82413,"dyspeptic",null,3,"relating to or suffering from indigestion or other"
76c92d4d-f14c-4dcf-b317-26c385727121,"dysphasia",null,3,"difficulty in speaking or understanding speech due"
1154b535-a528-40c0-b816-009337cdf203,"dysphasiae",null,3,"a speech disorder characterized by difficulty in e"
edde98ec-5e5b-4877-9d1b-5cd4a92cb025,"dysrhythmia",null,3,"an abnormal heart rhythm, such as an irregular, fa"
8bc59fde-7f52-432e-acc6-e41574bf0a2d,"dystopia",null,3,"a fictional society that is undesirable or frighte"
608e533b-6a55-4097-a1ad-0a415fa60fd2,"dystopiae",null,3,"an imagined state or society in which everything i"
4f1f29c4-5022-47ce-a361-c366c546022a,"each",null,1,"one of a group of things, considered individually."
ca337f10-1eec-4bb4-bae8-13f0898c2bd4,"eagerly",null,2,"showing keen interest and enthusiasm"
4fbc1b62-d304-4ce1-8664-f912dffebfda,"eagle",null,2,"a large bird of prey with a hooked beak and keen e"
f5dc8107-43ea-4323-9368-8344a96e588e,"earmark",null,2,"to designate for a specific purpose; an identifyin"
309ddaa4-c3bd-44e6-a41c-40a522144035,"earnestly",null,3,"sincerely and with strong feeling or conviction"
c06b5285-34c4-48cd-b908-5e64609b8d50,"ears",null,1,"the openings on the sides of the head that are use"
fb2afc38-9368-490e-bb51-27c9c71e62e2,"earthquake",null,3,"a sudden and violent shaking of the ground, typica"
1e9acef5-0312-4f42-86e2-cc8aef395e57,"easily",null,2,"without difficulty; in a simple or uncomplicated m"
3be5b49e-a620-439c-a8ed-d5f9b2c3b777,"eastern",null,2,"relating to or denoting the direction toward the r"
388f88ca-89f8-48b4-ab37-b2c2c9b85a3a,"eaten",null,2,"to have consumed as food; to have partaken of."
522152f7-f5b8-4893-8b48-aba4322b025d,"eats",null,1,"to consume food, to partake of a meal"
cff7224e-e36e-48b8-8b62-f229c6d57527,"eavesdrop",null,3,"to secretly listen to a private conversation"
33849b6d-c450-4dab-b892-b36c1bebdbdd,"ebb",null,1,"the outward flow of the tide, the opposite of the "
f50ef18a-82b9-470a-a3b7-5fd0b6c9e1b2,"ebullience",null,3,"the quality of being joyfully excited, exuberant, "
3e1b560d-a1eb-4c1d-8169-7673988ccc03,"eburnean",null,3,"resembling ivory in color or texture."
1d98ec8c-3878-4fa8-8b45-90025059d9a8,"ecchymosis",null,3,"a type of bruise or discoloration of the skin caus"
fb6fe82a-6608-4490-ab7e-e0e6cdd39e0c,"ecclesiology",null,3,"the study of the church, its nature, structure, an"
0f410b30-cb1d-4bcd-848d-3875d5328632,"echelon",null,2,"a level or rank in a hierarchy or organization"
70fbce7b-8269-40f7-af46-eeafbf75098d,"echidna",null,2,"a small egg-laying mammal with a long snout, cover"
c588a3fd-79b8-4491-aa0e-5a31087f9e0a,"echinoderm",null,3,"a marine invertebrate animal with a spiny skin and"
bfac32b8-c8b4-4d15-a231-244d8a918fe4,"echoed",null,2,"to repeat or resound, as a sound or voice."
e3db39ca-f3cd-4fb3-84b5-21744e1ecc56,"eclectic",null,3,"consisting of a variety of different things; diver"
c1b21f9c-3fba-4ac1-8611-324e7f4769f2,"eclipse",null,2,"the total or partial obscuring of one celestial bo"
ee4bb612-22a4-4f84-8909-118c4ccbc799,"economic",null,3,"relating to the production, distribution, and cons"
0eed99ea-0f66-433f-b274-3ae5ffa7ef4d,"economy",null,2,"the system of production, distribution, and consum"
2368e9a7-55ef-4dc7-8de6-da4be87e1879,"ecotourism",null,3,"the practice of tourism intended to be sustainable"
445de4cc-9670-4bb4-9c89-6574eee528ba,"ecstatic",null,3,"feeling or showing intense and especially ecstatic"
a772fd51-df94-40a9-ad6a-49188f223c3f,"ecstaticcinnamon",null,5,"a state of intense joy, enthusiasm, or ecstasy, of"
f25e4651-5e87-49aa-a7ec-804d026710e1,"ectoplasm",null,3,"a ghostly, usually luminous substance believed to "
2722f0c4-4e37-477b-b4fe-91509e40a95f,"ectoplasmolfactory",null,5,"the ability to perceive and interpret the ectoplas"
37cb60d7-d963-4bfd-9aab-92ca4004e3c4,"ecuador",null,2,"a country located on the northwestern coast of sou"
be689b66-4d0c-4180-8af6-90f7e5013b0a,"eczema",null,2,"a skin condition characterized by red, itchy, and "
78fd5687-cc0c-418a-9849-15370b887bfe,"edamame",null,2,"a type of immature soybean that is typically boile"
7e8969dc-6706-4488-b156-e9737736aa15,"eddy",null,1,"a circular current of water, formed by the meeting"
ad068b65-41ee-4df8-8eb2-e4bcab2f19fa,"edenic",null,2,"a state of innocence, purity, and happiness, as in"
21d971e7-c349-43bd-84ae-0456883cf3da,"edge",null,1,"the boundary or border of something, the line wher"
57feb44b-8d13-4471-943d-eceb99c79670,"edible",null,2,"fit or suitable to be eaten; good to eat."
37e54673-96e7-4a6f-a249-f043c7118084,"edification",null,3,"the act of building up, especially in a spiritual "
8a2d6fae-128b-43b2-8abe-68cd55484f4c,"edinburgh",null,3,"the capital city of scotland, located on the east "
481c1c1b-a4df-4150-84c2-1a454d3ee57f,"editorial",null,3,"a short article in a newspaper or magazine, usuall"
b798a89c-d990-43cf-80a5-1a71e0322248,"educand",null,2,"a person who is being educated or trained"
ea17e66d-a6c3-445e-bb31-82708c6d0036,"edwardian",null,3,"relating to the reign of king edward vii of the un"
e0a8a820-a72e-4054-ace7-7be34efd594e,"eel",null,1,"a long, slender, eel-shaped fish that lives in the"
37f72f70-4f78-457a-9733-f5a19cc52890,"eerily",null,2,"causing a strange or unsettling feeling, as if som"
32854aed-4f5a-417b-8b7b-721cb8fc55ea,"efface",null,2,"to rub out or erase completely, to obliterate or r"
9cd046d8-ede0-46c7-97c5-e59b9f92ce4a,"effect",null,2,"the power to produce a result or influence somethi"
2a8eb79a-8006-4749-826c-1a4b5d373689,"effectual",null,3,"producing a desired effect; effective; successful."
04101dbf-96f6-4a77-a235-c3674ce0100f,"effervescent",null,3,"fizzing or bubbling, as with gas or effervescence"
d287a691-51df-48e4-81d8-22616640a9b9,"effete",null,2,"lacking in strength, vigor, or vitality; weak and "
3b836814-93ad-4f1a-84d3-e272ca4ca4b3,"efficient",null,3,"performing or functioning in the best possible man"
d98dd725-1208-4a74-b000-aa2da9367415,"effigy",null,2,"a representation of a person, especially one that "
8a6a8069-3ff2-4c5f-a205-afc2a818fba7,"effleurage",null,3,"a light, gliding massage stroke using the palms or"
b6401ad9-6892-45e0-a0f8-b214cd4636d8,"efflux",null,2,"the flowing out or discharge of a fluid, especiall"
09dff980-3794-4c16-9766-483c2acde91c,"effluxfrugivore",null,3,"a frugivore that feeds on the outflow or discharge"
4640987e-87b9-4b23-a8dc-d1d0afe67296,"effortless",null,3,"requiring no effort or exertion; easy and natural"
f3f68187-eb01-4958-8a3b-649003b3f602,"effortlesseighth",null,5,"requiring no effort or exertion; done or occurring"
b8ac505b-53d3-4a47-8acf-82956f088e54,"effraction",null,3,"the act of breaking into a place illegally or by f"
e5540d74-8070-499c-8053-97c58fa3de29,"effrontery",null,3,"rude or arrogant behavior that shows a lack of res"
b1fd90b9-c87c-4f19-85ac-b7d78671231b,"effusive",null,3,"expressing feelings or emotions in an unrestrained"
4af72aee-898a-470f-86e1-bfaeac57e3ca,"effusiveprimitive",null,5,"expressing feelings or emotions in an unrestrained"
305ac5c5-ba01-4f56-8937-68eab1934f26,"egeria",null,2,"a type of small freshwater shrimp that lives in aq"
c49d5865-30d9-4849-83b7-5e0232a208d3,"egg",null,1,"a hard-shelled reproductive body laid by a female "
1bfe7a29-25dd-417e-b65a-4c9dce8bf0f4,"eggcorn",null,2,"a misheard or misinterpreted word or phrase that b"
6097e8f4-b1a5-480f-86cf-48ab2bf83ff5,"eggplant",null,3,"a type of vegetable with a large, purple, egg-shap"
58382109-a7c1-4d0b-b417-b1ca05a7a265,"egress",null,2,"a way out or exit, especially in an emergency situ"
b0cccf63-d0c0-4994-859e-ef4d3868a997,"egressgeocaching",null,5,"the act of leaving or going out from a place, espe"
dc67b88a-dc1e-4e8f-b0ac-4853b39056fd,"egyptian",null,3,"a person or thing from the ancient civilization of"
e561b167-9730-4ee2-93a8-6fcbf8a93667,"eighth",null,2,"the ordinal number that comes after the seventh"
94563e05-462b-4bf0-b0f5-f1bad179ab98,"einstein",null,3,"a famous german-born theoretical physicist who dev"
e281d7e1-a937-4dad-90e4-1a06721a5a25,"eisteddfod",null,3,"a festival of welsh culture, music, literature, an"
f28170d3-6a03-42f9-bf9a-bd956f4509b3,"either",null,2,"one of two things or possibilities; a choice betwe"
42c64213-2a43-42a6-9a44-3a8d724c9f60,"elaborative",null,3,"involving or characterized by elaboration; detaile"
ac25feff-d993-430a-b964-7956a3196c2a,"elasticity",null,3,"the ability of a material to stretch and then retu"
b9dbbf53-7efc-444b-83db-988a93e5b3fa,"elation",null,3,"a feeling of great happiness and joy"
8ec6b366-23ad-4e27-90d7-3992b0d0a9cb,"elderly",null,2,"a person who is old and in the later stage of life"
a7951533-62d5-4374-bae5-64f365b80db5,"elderlyamigo",null,3,"an older friend, especially one who is hispanic or"
e0944d6d-63f2-4bc7-a0c9-05a9b49084a7,"electrode",null,3,"a conductor that carries an electric current into "
47c9cafe-e4f4-49d0-af1b-d2b92e7b1f92,"eleemosynary",null,3,"relating to or dependent on charity; charitable."
1316b170-30a5-4f61-afb3-a73c1975f288,"elegant",null,2,"graceful and stylish in appearance or manner"
26305d0b-e879-453f-ae30-3234076d1c83,"elegiac",null,2,"relating to or expressing sorrow for something tha"
45fef08b-26c8-485d-b644-493eb3effd7f,"element",null,4,"a basic substance that cannot be broken down into "
e062e4d3-a053-4b7f-9ac2-b84b0899d49a,"elevator",null,3,"a platform or compartment housed in a shaft for ra"
87773806-434f-4f6f-af33-06d003f37e98,"elicitation",null,3,"the act of drawing out or evoking a response or re"
16c9d616-30d4-4020-9c69-cd339ebfb096,"eligibility",null,3,"the quality of being qualified or eligible for som"
86a307c8-fc1a-44f2-9c68-2d5ab1c4709e,"eliminate",null,3,"to completely remove or get rid of something"
b0f2b79b-2dfc-4e7a-92fb-989b2cece9fd,"elision",null,3,"the omission of one or more sounds (such as a vowe"
80c81c61-b6c6-40b5-89c3-fca0b00ea3ad,"ellipse",null,2,"a closed, two-dimensional shape that is similar to"
d3f9fe93-f824-43e0-8bb6-1b4b2f3ea0d1,"elocution",null,3,"the skill of speaking clearly and effectively in p"
1d12fc06-6d0d-45f0-89c3-b45cc0341088,"elongated",null,3,"stretched out or lengthened in shape or form."
66fd8303-4ea6-4d3e-8dbd-fc928c3bc0ff,"else",null,1,"something or someone other than the one or ones al"
89385d9a-2ce1-4e32-8667-5b933f2b44f0,"eluate",null,2,"to extract or remove a substance from a solution o"
67f9fce3-9bd5-4a6b-b31e-8ff445960cb1,"eluateheterophony",null,5,"a type of musical texture where two or more melodi"
d43ad6fb-d4d4-4a4d-93be-ae3bb7723e6b,"elucidate",null,3,"to explain or make clear in a detailed and thoroug"
a119f891-cf6c-4ac4-8d23-da852b7206c2,"elusive",null,2,"difficult to find, catch, or achieve; not easily o"
d9d99f25-57ff-4f82-9302-3ad42c8e1924,"elves",null,2,"small, mythical creatures with pointed ears and ma"
b02deb26-dce6-4533-9111-6381c5440738,"emanant",null,2,"originating from or issuing forth; emanating."
8b74a84a-c90b-41b1-8c20-a13b34667cea,"emancipatory",null,3,"relating to or causing the emancipation or liberat"
6246d906-4554-4e41-be4c-95323140e91f,"embassy",null,2,"an official building or group of buildings where t"
899e0c13-588d-4393-ad05-41fa53935739,"embellishes",null,3,"to enhance or decorate something in an elaborate o"
8ed39fc5-69aa-401e-b81c-11d3a2611758,"embers",null,2,"glowing coals or pieces of wood that remain from a"
29490f50-b9d2-4d3e-81a4-1aab11c878fd,"embezzlement",null,3,"the fraudulent appropriation of property or funds "
fb69c65b-b52d-42e6-8851-266228cd93be,"emblazoned",null,3,"to decorate or embellish something in a showy or i"
bbba78a7-c718-4015-a1ad-52089aa010a8,"emblem",null,2,"a symbol or design that represents a particular pe"
3a0a7d03-a9a4-4314-926c-892ecc3ff29a,"emboldened",null,3,"to make (someone) more confident, courageous, or b"
c46135b8-5fa2-4b0e-bec3-7b686ceb42d3,"embolus",null,2,"a blood clot that has become dislodged and is carr"
a085c265-fca7-4a2e-8fc3-4606b261fd93,"embossed",null,3,"to impress a raised design or pattern on a surface"
4728153f-0741-43d2-8824-e2de62e4d0a7,"embouchure",null,3,"the position and use of the lips, tongue, and othe"
ad3513f7-a957-4265-8ad6-b9e6fbc53d8f,"embrace",null,2,"to hold someone or something close, as in a hug or"
8f29416f-1ade-447b-a447-344d2fb986ae,"embroglio",null,3,"a complicated, confusing, or embarrassing situatio"
e3b27d89-a6b8-4d55-815c-a2020e0bb78e,"embroidery",null,3,"the art or process of decorating fabric or other m"
4e35738b-458d-4c5a-925e-1c132d98139c,"embroiled",null,3,"to be deeply involved in a difficult, complicated,"
e958625b-3e7d-44e2-94f5-9de46b465ffb,"embryo",null,2,"the unborn young of a vertebrate animal, especiall"
286074a2-84fe-478a-bce3-4de20a788e3e,"emerald",null,2,"a precious green gemstone that is a variety of the"
3fc69ff7-66c1-40a7-a754-cd3122384596,"emerge",null,2,"to come out into view or become apparent, as from "
cc144a63-ee1b-43f5-a838-281a2324c6ad,"emeritus",null,3,"a retired professor or other professional who reta"
d78d2e48-f787-45dd-940e-c2578b719676,"emigrate",null,3,"to leave one's country or region to settle in anot"
0149f83b-1bcb-4bfa-8207-b4cc396d87f3,"eminent",null,2,"prominent, distinguished, or important, especially"
4a107b5d-ecc7-4a19-b44b-c83f8484e1ad,"eminentdemographics",null,5,"prominent or important demographic characteristics"
cc7ea902-50cd-456f-a9a9-db818824e521,"emissary",null,3,"a person sent on a mission to represent or act on "
c6364229-d358-4532-8253-4edc1ddd7b52,"emitting",null,3,"the act of sending out or giving off something, su"
df597ca2-e45f-43e8-9be2-3c08e518b52b,"emollient",null,3,"a substance that softens and soothes the skin."
222846a4-448d-4662-bc8f-49dc3eb0e9f0,"emolument",null,3,"a fee, salary, or profit from employment or office"
74f3b482-fbfc-43a2-9479-1da079624e1c,"emotional",null,3,"relating to or arising from emotions or feelings"
dbf63ece-8989-45e6-a07d-274e8fc0dd96,"emotionsword",null,3,"a word that is a combination of the words 'emotion"
ab153bba-db64-4b60-a2f7-dcde2b8277dc,"empennage",null,3,"the rear part of an aircraft's fuselage, including"
2876d38e-778d-4d5b-873e-fd137efa1e60,"emperor",null,2,"the supreme ruler of an empire, especially one who"
9834fdd9-16cb-4f57-adbc-be556b808eab,"emphatic",null,3,"expressing or emphasizing something in a strong, c"
e5954f70-f19b-4d27-b6dc-74189c9b0a82,"emphysema",3,4,"emphysema is a serious lung disease characterized "
9f8548b5-8457-4f6a-a7e5-40affa09709b,"empire",3,2,"an empire is a large political unit or sovereign s"
bacf28bd-e2f3-478a-b720-275bc6e26975,"empirical",5,4,"empirical refers to knowledge, evidence, or method"
75b2fc76-a843-4c3f-8607-9c703b55dce8,"empty",3,2,"empty describes something that contains nothing; l"
857b9937-a01a-4a8a-937f-be0a0883e46c,"emulate",4,2,"to emulate means to strive to equal or surpass som"
43b93fa0-acf6-4509-bb11-3d571418ccc8,"emulsifylorikeet",3,5,"this appears to be a combined word error from pdf "
c52d7ce9-04d0-4165-93ce-12b9dc114b78,"enal",4,1,"enal is an archaic or obsolete english word meanin"
d4808fe2-d515-49ed-9227-e65cc6e78228,"enamel",2,4,"enamel refers to a hard, glossy substance that can"
453d445f-1cc3-49e4-999f-a7c34e6bf2e7,"encarnadine",3,5,"encarnadine is a poetic and archaic term meaning ""
0d1b64be-b851-413f-b66f-266def843fac,"encarnadinedulcinea",3,5,"this appears to be a combined word error from pdf "
5a9bce5b-0bcc-4358-83d6-08747d277e47,"encephalitis",3,4,"encephalitis is a serious medical condition charac"
6a571e03-6eb9-4d22-af4d-cfd178cb8b25,"encompass",4,3,"to encompass means to completely surround, include"
773baea4-f8fe-42b8-88c9-86123061ee97,"encore",3,2,"an encore is an additional performance given by en"
4584d8d5-649e-4f5f-9789-32039b9fe055,"ended",3,2,"ended is the past tense of the verb "end," meaning"
8be3f12f-550b-4b3d-8920-37ff11a8d1a0,"endless",3,4,"endless describes something that has no end, limit"
9c558821-5a5b-4407-9d2c-863ea73e79ef,"endocrine",3,4,"endocrine refers to the system of glands in the bo"
20475f0c-ce9f-4338-8ef6-1e9350e8e3a2,"endogenousbeefalo",3,5,"this appears to be a combined word error from pdf "
27092677-4561-4251-89e8-44332c4d6d78,"endorphin",3,4,"endorphins are naturally occurring chemicals produ"
93b73225-e47a-4708-b5a8-6a88f79aed15,"endowed",3,2,"endowed means naturally provided with or possessin"
f1b760e6-bdc3-494d-8b27-9d8d36bd257a,"ends",2,1,"ends can function as either a noun (plural of "end"
3455c34f-2fb2-459b-b52b-0f282287b5f1,"endure",3,2,"to endure means to withstand, tolerate, or survive"
fb0352ac-2e6b-4575-96e6-add570c37645,"engage",4,2,"to engage means to participate in, become involved"
4c090bae-0dac-4a94-86df-c80d40da8cab,"english",3,2,"english refers to the language originally spoken i"
83906e53-901f-4459-9998-9956bf31a14d,"enlarged",3,4,"enlarged means made larger, increased in size, sco"
cccd6128-5c4e-4467-9b4b-2457cd354fd7,"ennui",3,2,"ennui is a feeling of listlessness, dissatisfactio"
766562d0-183a-498b-ad85-6478bebec928,"enoch",3,2,"enoch is a name of hebrew origin that appears prom"
ff1eacad-c820-4d00-afef-514225f3a6e9,"enoki",3,2,"enoki mushrooms are a species of edible fungi (fla"
d8d132c9-ec34-44c6-ae0c-0d451aad33f8,"ensued",4,2,"ensued is the past tense of "ensue," meaning that "
681d351c-554b-417f-bd6a-c49450b89e8a,"entente",4,2,"an entente is a friendly agreement or understandin"
8c434a7e-ac8d-4369-93d5-bedff39b5394,"enter",3,2,"to enter means to go or come into a place, space, "
333bdaa2-8cb7-44b4-866e-03e177ee1368,"entire",3,2,"entire means complete, whole, or unbroken, with al"
ee28d2bc-b5ec-45ab-809c-91166a419fdc,"entity",5,3,"an entity is a distinct, separate thing that has i"
7d686b13-d2bf-489e-8d34-12779889b6e6,"entreat",3,2,"to entreat means to ask someone earnestly and urge"
1ad4f587-7fb2-4ae3-ae15-58829573c4dc,"entrée",3,2,"an entrée is the main course of a meal, typically "
6724119a-7a50-4daa-9d52-9780c886642b,"entrepreneur",4,3,"an entrepreneur is an individual who creates, orga"
bbf9fa3c-5d10-4de6-bfe2-913309d7b0a4,"enumerated",4,3,"enumerated means listed, counted, or stated system"
516885c5-202a-4040-8551-4677247d6263,"enunciate",4,3,"to enunciate means to pronounce words clearly and "
58e1318c-4a2e-4a08-a3f2-1974c08cd88e,"enveloping",2,3,"enveloping is the present participle of "envelop,""
b0c7749d-9983-4869-b93a-e0bf745c368f,"envoy",4,2,"an envoy is a diplomatic representative or messeng"
45f69529-d108-402a-b4b4-fe98f0772325,"epaulet",3,2,"an epaulet is a decorative shoulder piece worn on "
2be855b3-db76-472d-89aa-126f3884e02a,"epic",4,1,"epic can function as both a noun and an adjective."
34b943c7-b950-461c-a9be-c310269ea75a,"epicureanepidermis",2,5,"this appears to be a combined word error from pdf "
025adb3c-521c-4ba6-bd6c-a3e84e071ca7,"epideictic",4,3,"epideictic refers to a type of rhetoric or oratory"
94dc21bf-a45b-4d3d-971b-43a474f8e7c7,"epideicticembolus",3,5,"this appears to be a combined word error from pdf "
398350ea-1fc6-45b1-811a-4069159953dd,"epidermis",3,4,"the epidermis is the outermost layer of skin in hu"
d4d20ef2-47c9-4827-abfe-bbcffc8a18dd,"epidural",3,5,"an epidural refers to a medical procedure involvin"
f9609c75-d41c-4a0f-b258-a828e455b005,"epigram",4,2,"an epigram is a brief, witty, and often paradoxica"
5ca13adb-2579-44a1-8f75-e5b51097a6ce,"epilepsy",4,3,"epilepsy is a neurological disorder characterized "
141b4528-953c-4eb7-b975-65ff625d4a32,"epinicion",4,3,"an epinicion is a type of ancient greek lyric poet"
3494a288-35f5-474b-8021-d538f97aef92,"episodeconfection",3,5,"this appears to be a combined word error from pdf "
c814965a-d317-4f7b-9520-871c3c524c72,"epistemology",4,3,"epistemology is the branch of philosophy that exam"
bbdc0e83-7117-43ac-aef7-c15fcc45b747,"epitaphs",4,3,"epitaphs are brief inscriptions or texts written i"
5a910064-4fed-413f-a8e2-5a3f5750fa1f,"epithet",4,2,"an epithet is a descriptive word or phrase that ch"
9b60f618-603f-431b-93fa-335005392368,"epitome",3,2,"an epitome is a perfect example or typical represe"
76a27960-7bd6-430e-9c01-5852d84f0017,"epoch",4,2,"an epoch is a distinct period of time characterize"
bfbdbc05-3962-45ae-8f47-6831ff9f5ac5,"equanimitythermos",3,5,"this appears to be a combined word error from pdf "
1c1fd146-2b20-4691-9d4d-aa98e1bdf280,"equator",3,2,"the equator is an imaginary line that circles the "
43726c13-e8e3-47f8-97c4-cc09e4fd7bf7,"equilibrium",3,4,"equilibrium is a state of balance or stability whe"
f217a1f9-46f1-45ae-99f3-3f3cc91bc31d,"equinox",4,2,"an equinox is one of two times each year when day "
863a611e-b759-471b-a57e-875fdfe3ae5c,"equivocate",4,3,"to equivocate means to use ambiguous or evasive la"
f94e05d4-3674-46df-9cab-35e62ed3e52d,"erase",3,2,"to erase means to remove, eliminate, or make somet"
c6a7705b-2a25-40c6-bbb1-5743d3a4504b,"ergo",4,1,"ergo is a latin word meaning "therefore" or "conse"
57c009b7-bba2-4036-93aa-456757cc405e,"ergoexistential",2,3,"this appears to be a combined word error from pdf "
cb233728-187c-464f-bbf2-1a37067a71b3,"erin",4,1,"erin is a poetic and traditional name for ireland,"
1ed4c047-e673-471d-b34d-9ef4b69d6244,"eris",3,1,"eris is the greek goddess of discord, strife, and "
7b9e3268-ceb3-4915-90f6-005934d1967f,"erlenmeyer",3,4,"an erlenmeyer flask is a type of laboratory glassw"
9dabec37-c50c-4e3c-8716-365d1dfe56a0,"ermine",3,2,"ermine refers to a small mammal (mustela erminea) "
a868378a-c1be-42ad-9cca-807efba03e9d,"errands",3,2,"errands are short trips or tasks undertaken to acc"
7cfc550f-96d9-44e7-bc64-926804d9f0ed,"errata",4,2,"errata is the plural form of "erratum," referring "
2cda7d41-d461-4253-8fa1-63bef2b51b80,"erre",4,1,"erre is the spanish name for the letter "r," parti"
456b81ca-ab45-4ee7-80a3-dbe1a221e621,"eructation",3,4,"eructation is the medical or formal term for belch"
1ca83de0-18fb-498b-aebc-089a9cd34d51,"erythroblastesau",2,5,"this appears to be a combined word error from pdf "
d989ef42-951b-437d-b16f-a5472e2ddfe0,"esau",3,1,"esau is a biblical figure from the hebrew bible an"
5333b92b-047f-4b81-8e5a-a6a97c7af95c,"escalatorimpasto",3,5,"this appears to be a combined word error from pdf "
b05feeba-88b9-4aa6-963c-fcd14a21c078,"escape",4,2,"to escape means to break free from confinement, co"
77353e03-4b15-4a72-b39a-a2c15ef02668,"escheator",4,3,"an escheator is a historical legal official respon"
0caabba8-c996-4abd-9aa7-b31d7b682c07,"eschew",3,2,"to eschew means to deliberately avoid, abstain fro"
645515d5-c2ad-40b4-b60b-5f3003c9e3ea,"esclandre",4,3,"esclandre is a french term referring to a public s"
25078f30-ffcf-4a90-bb44-6146952c61e0,"escorts",4,2,"escorts can refer to people who accompany others f"
93bce998-5229-4099-aec4-7bb556e94d43,"esoteric",4,5,"esoteric means intended for or understood by only "
b19b237b-cd26-48a5-8cb6-032644d10313,"espaliercreances",3,5,"this appears to be a combined word error from pdf "
d7ef7604-16e8-4511-95a7-8a2c09db0818,"espial",4,2,"espial is the act of watching or observing secretl"
257e0907-30f0-4c4f-a908-db68a975a2d8,"esplanade",4,3,"an esplanade is a long, open, level area, typicall"
67bbbfec-fd14-4d81-9144-8c05688fb8b3,"espousal",4,3,"espousal refers to the act of adopting, supporting"
69c55af6-dd9e-4ff5-be43-ec89ae243507,"estampies",4,3,"estampies are medieval musical compositions, typic"
429d7098-beaa-4bd7-8da2-c8e3554d72d5,"esteem",4,2,"esteem is respect, admiration, and favorable opini"
631dcb5a-8832-4c0c-aad9-3ca3859f67d0,"esteemdifficulty",3,5,"this appears to be a combined word error from pdf "
b462fb75-a8ed-4fcd-8cdf-528855d1ff3b,"esthetic",4,3,"esthetic (also spelled aesthetic) relates to beaut"
7560a4be-fbb0-4417-8c8d-0aac4881515b,"estimate",5,4,"to estimate means to roughly calculate, judge, or "
ee5410f6-123b-449b-9e09-b787933ef3bf,"estival",3,4,"estival means relating to or occurring in summer; "
3acb8b3e-41d9-429a-af86-6fe0f7598668,"estovers",4,3,"estovers is a legal term referring to the right of"
4cece693-343c-4865-973d-7f76de667e99,"estrepe",3,2,"estrepe is a legal term referring to the voluntary"
b407ffc4-ef99-434e-8e0a-02cf69fce5e5,"estuary",3,2,"an estuary is a coastal water body where freshwate"
b735b6b1-fb59-4b67-9c9a-62a7b264459d,"ethanol",3,4,"ethanol is a colorless, volatile alcohol (c2h5oh) "
4286929b-484d-4511-bfc6-52910bb1268d,"ethylene",3,4,"ethylene is a colorless, flammable gas (c2h4) that"
bad3eb65-6919-4fbc-8daf-5c0daa43bfa4,"ethyleneflaneur",3,4,"this appears to be a combined word error from pdf "
52d5a7a4-58c5-4a54-bb12-0bb94348d8e3,"etruscan",4,3,"etruscan refers to the ancient civilization that f"
32ce7405-4c9e-417c-9bd5-d6876a717314,"etymology",4,3,"etymology is the study of the origin, history, and"
c302655e-e15f-4d07-a7d6-c3f5d414772f,"eucrasia",3,4,"eucrasia is a medical term referring to a normal, "
21a951da-30b2-4bf9-b0d6-ac04d22ed03d,"euphonious",4,3,"euphonious means having a pleasant, harmonious sou"
c6e09bee-4a39-4d6a-89f7-1fc650064bb0,"euro",4,1,"the euro is the official currency of the eurozone,"
9d9d330f-c4d5-4a99-abeb-4594966b89b2,"europe",4,1,"europe is the second-smallest continent by area bu"
d023f330-9e6c-4f4b-a014-923b5892b372,"europium",3,5,"europium is a chemical element with the symbol eu "
e62baa60-308c-4c50-bc9e-69f47871cf82,"evactor",4,2,"an evactor is a legal term referring to a person w"
44dfae2a-44ee-41fe-b103-6b233f1ff22d,"evaded",3,2,"evaded is the past tense of "evade," meaning to ha"
141ea17c-872f-46db-8bdb-dc84180a2098,"evaluate",5,3,"to evaluate means to assess, judge, or determine t"
47e814f4-9e99-4c9f-9e74-5ea070173a02,"evanescent",3,4,"evanescent means quickly fading away, vanishing li"
0a7acbbc-38dc-4018-b362-d9dacc860a4b,"evaporationbittern",3,5,"this appears to be a combined word error from pdf "
29928e16-4a3a-4b1e-9da4-69de98c6e0a7,"even",3,1,"even has multiple meanings depending on its use as"
fc7fa425-944e-4d0b-b8f5-669275b53581,"evening",3,2,"evening is the period of the day between afternoon"
7acf9029-4e01-49b8-9edd-78d94ce12050,"everglades",null,3,"a large, subtropical wetland ecosystem in southern"
d039a297-948b-4b8e-95e0-5c09323c08f2,"everlasting",null,3,"lasting or enduring forever; eternal"
e2cf05b1-e668-464a-bde3-82eb2f6a4061,"everyone",null,3,"all the people in a group or place, without except"
f8afa3a8-f9f9-4676-b20e-5a96f7b7df66,"eviction",null,3,"the act of legally forcing someone to leave a prop"
2ffaf927-a8e4-4139-be6b-b00ae65f8a75,"evidence",null,3,"information or signs that show something is true o"
00feb96b-2b9a-4ce4-bad4-1211167777cf,"evildoer",null,3,"a person who does evil or wicked things"
50fd8097-a737-428e-b2fe-c339e7936402,"evince",null,2,"to show or demonstrate clearly; to indicate or rev"
4c72009e-9a87-4fb0-8d1d-e055dab83d08,"evo-devo",null,3,"evolutionary developmental biology; the study of h"
71f52fed-4701-451a-ad9a-32aa083cad05,"evzone",null,2,"a member of the elite ceremonial infantry unit of "
db0df2b4-850d-4f43-896a-9896f39f0ec4,"ewe",null,1,"a female sheep"
3a7267a7-f7bd-45fd-a7de-b301d2e5f172,"ewer",null,1,"a type of container, usually made of ceramic or me"
3e8cab9b-52d2-44b2-9a6d-5fdefb524f59,"exactly",null,2,"precisely, without error or deviation from the tru"
f9dbf32b-1be4-4503-aa1b-2d76b5dc651b,"exaggerate",null,3,"to represent something as larger, better, or more "
80455af3-aa4c-4af4-bfdc-2f3150164048,"examen",null,2,"a formal test or assessment, especially an academi"
da4d4617-50da-4553-8038-fca477c3e3df,"exas",null,1,"the state or quality of being a large state in the"
beba1aa2-00e6-48de-a02e-482a025a0367,"exasperate",null,3,"to irritate or annoy someone greatly"
c69e7a25-4b04-4229-9398-e20ea7b83597,"exaugural",null,3,"relating to or denoting the end of an official ter"
6a96d066-0e87-4537-abfa-1edf5a3af155,"excavating",null,3,"the action of digging into the ground to uncover s"
22290aef-98e8-40fb-aac2-e2f6ffb74629,"excellence",null,3,"the quality of being outstanding or extremely good"
16cf1fcf-6d06-4b4d-8de4-716b3304f23f,"excelsior",null,3,"constantly striving to be better or achieve more; "
8a868870-60f0-488c-9578-24746ddc5c6a,"exception",null,3,"a person, thing, or situation that does not follow"
292bb1f9-ed06-4303-be94-1ea180e97c2a,"excessive",null,3,"exceeding the usual, proper, or reasonable limit; "
f39bc12b-3a30-46e5-b59d-7ca35416e782,"exchequer",null,3,"the department of government responsible for manag"
59f2aab8-6200-420b-8267-1b214c3cc01a,"exchequerf",null,3,"the department of the british government responsib"
efacf76a-0a56-4036-aed6-54a92c877314,"excision",null,3,"the act of cutting out or removing, especially of "
7acacba0-8379-4e5d-8946-6c2b4abaf71f,"exciting",null,3,"causing a feeling of great enthusiasm and eagernes"
94ec5ae3-e643-4646-9e04-bcfb05ee3ee1,"excursion",null,3,"a short journey or trip, especially for pleasure."
962333dc-9643-4342-9d4e-239a06d7f5aa,"execrable",null,3,"extremely bad or unpleasant; deserving strong disl"
7a3d341d-7242-42bd-a65a-85d132e05c84,"exemplar",null,3,"a person or thing that serves as a model or exampl"
5730d86c-bb66-4b12-a4e8-5b936e86f855,"exercise",null,3,"physical activity that is done to become stronger "
7ae109f5-730c-45cf-8652-734935718091,"exerts",null,2,"to use or apply (power, influence, etc.) forcefull"
4d1dd359-3635-4733-9e25-9e26d79e3926,"exeunt",null,2,"to go out, leave, or depart (especially used for a"
8dd2bc96-b832-40fb-8037-4a38ca76a282,"exhalation",null,3,"the act of breathing out or expelling air from the"
112d5122-3490-45aa-87f2-a8b072ac10e1,"exhaust",null,2,"to use up or expend completely, as in energy or re"
adcbc8d4-2cdb-4b00-97db-a1d72b020340,"exhibition",null,3,"a public display or show, especially of a collecti"
2cd644a1-8817-439f-8b02-7eae62c41361,"exhibits",null,3,"a collection of objects, information, or artwork d"
8168fa89-8c2a-43c3-9c33-fd1085e71068,"exhilaration",null,3,"a feeling of great happiness, excitement, and enjo"
1ba2fa76-bbbc-4345-a750-cd74c1182709,"exiguous",null,3,"extremely small in amount or extent; scanty."
9c061215-ecf8-4eef-ba30-5e57966ffd0c,"exiguousexodus",null,3,"extremely small in size or amount; scanty or meage"
b8171610-1743-4a0d-afde-3f2f765798dd,"exile",null,2,"the state of being forced to live away from one's "
5af5b90a-f67c-464e-a94a-e410e81f931a,"existence",null,3,"the fact of existing, occurring, or being present "
1f05820e-776a-4b03-b83d-9041d4326ff7,"existential",null,3,"relating to or concerned with the nature of human "
e1779143-4a86-4c68-a5c9-aac3b2528da8,"exodus",null,2,"the act of departing or leaving, especially a mass"
877c2d84-fd79-4a86-ac43-2905eff3c907,"exogenous",null,3,"originating or coming from outside the organism or"
01391acc-b315-46ac-b712-65bdba7967c7,"exoneration",null,3,"the act of clearing someone of blame or clearing t"
cfd19593-1d3d-42e8-aa68-f6f55dc5d084,"expand",3,2,"expand means to increase in size, volume, scope, o"
8e5986f2-279b-47d6-9be2-210f7075a8be,"expanse",3,2,"an expanse is a wide, continuous area or stretch o"
4526ced0-3241-44cb-bcef-09a79c303e18,"expansion",2,3,"expansion refers to the action or process of becom"
5a7a027a-9308-4203-8418-34b60e0a55b6,"expatiate",4,3,"expatiate means to speak or write at length about "
aa42c8cd-9f04-450e-b674-5a0d50f2d7a9,"expatiatexerogel",null,5,"to speak or write at length, to elaborate on a top"
55cbb9fb-f82d-463a-8bfb-a6b82b73670c,"expectorant",2,3,"an expectorant is a type of medication or substanc"
3f6bc5f7-954e-40b5-af28-1fe07a2d1358,"expedition",3,4,"an expedition is an organized journey or voyage un"
ce3e02a2-e249-4323-93ad-dab5ee1f3315,"expert",3,2,"an expert is a person who has extensive knowledge,"
fa7d86d3-1e1a-4011-aba6-2da1cca947cd,"expiration",2,3,"expiration refers to the end of a period of validi"
da28c50c-2224-41e5-9fa2-8693f4744830,"explanation",null,3,"a detailed description of something, including rea"
ea057bda-23d9-428b-969d-f934b7b21317,"explode",2,4,"explode means to burst or shatter violently and no"
639426c2-26b3-4b4e-9909-a8fe9b757646,"explosive",3,4,"explosive describes something capable of exploding"
f42c6502-7a47-451a-aa5d-c0fe67232c90,"exposé",3,2,"an exposé is a detailed investigation and report t"
26741dab-b7fe-40b0-8c8f-ce5448099c40,"exposition",4,3,"exposition refers to a comprehensive description, "
2dc57ef0-944e-4a5b-89a8-e11132214ad3,"exposure",3,4,"exposure refers to the state of being subjected to"
6caf9978-a394-4f31-bd10-f592bddb3e85,"express",3,2,"express has multiple meanings depending on context"
e6a43bbf-2776-445a-8928-e6ecb7e03768,"expressway",2,3,"an expressway is a high-speed, limited-access high"
d45f7bd9-0d5b-4c09-a466-3ad8fdf09f8b,"expulsion",3,4,"expulsion is the action of forcing someone or some"
1b594272-a3f2-4ea6-bbda-c67cefe77db2,"expunge",4,2,"expunge means to completely remove, erase, or elim"
ae5fd650-7251-4260-b958-dab21b2097fc,"exquisite",3,5,"exquisite describes something of exceptional beaut"
8ab3fbfa-f238-4bc8-93f5-baef22e07127,"extinct",3,2,"extinct describes something that no longer exists,"
e3bd43bb-58db-426c-beb9-c55461240686,"extinctextinguish",null,5,"to put out or stop a fire completely."
38060cdd-85a8-4b0b-bd7f-ef76299cbd6f,"extraordinaire",2,5,"extraordinaire is a term used after a noun to emph"
74d83e60-3bec-40c4-8453-739c9ac1e09a,"extravagant",2,3,"extravagant describes something that exceeds reaso"
c3a521a1-c903-43ef-884f-dbbd81edcbd1,"extravasate",3,4,"extravasate means to flow out or escape from the p"
a84131c6-14ff-4e12-bcd3-ab1d0152e3ac,"extrorse",2,3,"extrorse is a botanical term that describes anther"
4606ea1b-9baf-4c2b-abfe-f05e833ee6b0,"extrorsef",null,3,"a word that does not appear to be valid or have a "
1af290e4-1d1f-47bd-b537-4779f54b584a,"exuberant",2,3,"exuberant describes someone or something character"
9111960f-af74-489b-9405-1448a8cce912,"exude",3,2,"exude means to discharge or emit gradually, either"
8823b0df-af1d-43e7-ae17-930b248ce680,"eyelet",3,2,"an eyelet is a small hole, typically circular, tha"
727f5ab8-2a0e-4284-9c61-b9a2eae06938,"eyesore",3,2,"an eyesore is something that is visually unpleasan"
6075dfd9-794a-49ae-800a-b5e4fb2102f3,"fabric",3,2,"fabric is a material made by weaving, knitting, cr"
99ad1a2e-698f-4137-81a3-d4fda877fef6,"facade",3,2,"a facade is the front face or exterior wall of a b"
db209e4e-fdc6-46fe-9aec-875dfac9742c,"face",3,1,"face refers to the front part of the human head, c"
6c1d616a-3a3a-4cc1-b345-bc7f9fce61a8,"facetious",2,3,"facetious describes someone who treats serious or "
dff279d6-5acd-4168-878e-db31cea4edf8,"facile",3,2,"facile describes something that is achieved with e"
0a06adca-27f2-48af-9841-42173107dec6,"facsimile",2,3,"a facsimile is an exact copy or reproduction of so"
bd9ef3e2-73b0-40c3-9512-a16fb65acb00,"facto",4,2,"facto is a latin term meaning "in fact" or "by the"
793d9d01-6305-4854-b2bc-8c89c7dcfa6a,"factoid",3,2,"a factoid is a brief, interesting piece of informa"
64b4fd80-1abc-46fc-a71e-e81d2405a3e7,"faculty",4,2,"faculty refers to the teaching staff of a universi"
58b32a41-e1b7-46a3-baa8-f60aa88116b1,"fadeaway",2,3,"fadeaway refers to a basketball shooting technique"
05cdaf7f-90e1-4940-8ccb-b2f6ea95e233,"fado",3,1,"fado is a traditional portuguese music genre chara"
6bdd119c-84b0-4ace-8b07-279a425a1b05,"failure",4,2,"failure is the lack of success in achieving a desi"
2bad8a51-d6cc-45e0-bebe-a23925e5d8da,"faint",3,2,"faint can describe something that is weak, dim, or"
27232ce7-653c-489f-b2f6-ba622ef88769,"faipule",3,2,"faipule is a samoan term referring to a member of "
fc012530-1457-4510-bdd0-1260ef2924b7,"fair",3,1,"fair has multiple meanings depending on context. a"
c9aa1367-c265-4a5f-9249-77211c840b5e,"faire",3,2,"faire is a french word meaning "to do" or "to make"
50c42c1f-3b70-432a-8428-87b186173860,"fait",3,1,"fait is a french word meaning "fact" or "deed," mo"
bb2903a7-7653-475c-b937-6172a2f3177e,"faith",4,2,"faith is a strong belief, trust, or confidence in "
e35a623c-a9ee-49c6-bca3-ee87410ddaff,"fajitas",3,2,"fajitas are a tex-mex dish consisting of grilled m"
ff7a9c40-d348-4d59-85ac-2622b3ceed3d,"fallacy",4,2,"a fallacy is a mistaken belief, flawed reasoning, "
3193ba66-7f95-472f-ba15-6476b3ef097e,"fallow",3,2,"fallow describes farmland that is left unplanted d"
82137a1b-6f01-43c8-ac31-ad611b046f79,"famed",3,2,"famed means well-known, celebrated, or famous for "
3c6fef0d-c00c-4d7e-a483-9ee009d88abe,"family",3,1,"family refers to a group of people related by bloo"
3106a0cc-2186-4124-a442-0b111c7d9b3d,"faminelinoleum",null,3,"a severe shortage of food, leading to widespread h"
6b830a93-ccb4-4383-aa49-a8a30980c1e0,"fanatic",3,2,"a fanatic is a person who holds extreme, often irr"
06d3bfab-1694-44f9-be76-4f35ff82ec9c,"fanged",3,2,"fanged describes something that has fangs, which a"
6fbaf431-593b-4471-a181-a81bda150f36,"fans",3,1,"fans can refer to multiple meanings depending on c"
a4d022e1-d552-4588-abe9-3f0cf4af9979,"fardel",3,5,"fardel is an archaic term meaning a bundle, pack, "
428ebc5f-e42b-4f06-9c85-5e76a1460976,"farina",3,2,"farina is a fine flour or meal made from grains, s"
09d80fd6-eb9e-40df-ae8f-dae8c4c4d0f9,"farkleberry",3,4,"farkleberry is a small shrub or tree native to the"
d32e711b-e387-47c6-945d-cc113b7a17c3,"farrago",3,2,"a farrago is a confused mixture or medley of thing"
5e36c125-3431-4609-a61b-12d9662a457d,"farsi",3,2,"farsi is the persian language, spoken primarily in"
dcf52d08-33bf-4218-914f-05281540c775,"farthingale",2,3,"a farthingale is a hooped petticoat or framework w"
c91d111a-d32b-4b92-bb73-4843896953de,"fascinated",2,3,"fascinated describes being intensely interested in"
449de053-adb1-4683-8909-837b8ed6d008,"fast",3,1,"fast has multiple meanings depending on context. a"
76004c8a-f871-4f8a-8a10-fe5fae859b6b,"fasting",3,4,"fasting is the practice of abstaining from food, a"
a838f195-6958-49ca-afaf-8b85e398683d,"fastuous",2,3,"fastuous describes someone who is arrogant, haught"
573ddb79-c1d6-451f-9e6b-8cf7d6807bde,"fata",4,1,"fata is a latin word meaning "fate" or "destiny," "
53973ae5-c583-4a85-8b22-a50090232d97,"father",3,2,"father refers to a male parent, the man who has bi"
4c747033-43cb-47f3-b8df-36f2a9266169,"fatimid",3,2,"fatimid refers to a medieval islamic dynasty that "
1b8f572c-b0c0-4683-b258-a2de98e9feb0,"faucet",3,2,"a faucet is a device that controls the flow of liq"
8eeaf616-fa2a-4733-b896-9d997a817a9e,"fault",3,2,"fault has several meanings depending on context. a"
c78be66c-d932-4d71-8694-1aaebd310d71,"faux",3,1,"faux is a french word meaning "false" or "fake," c"
2af454bf-fb75-4db6-9c40-c51dffa976f4,"fealty",4,2,"fealty is a feudal tenant's or vassal's sworn loya"
e9ca6365-29b5-43e7-af6c-9ad5c8e14392,"feats",3,2,"feats are impressive or difficult achievements tha"
750d06c3-1326-4042-a4e2-133a6c96655a,"features",2,3,"features are distinctive characteristics, qualitie"
31e9e6bc-e4f3-466f-a2ba-4ade092e0520,"fecund",3,2,"fecund means fertile and capable of producing abun"
1b1c9254-f1de-4819-a691-60143a5bf87c,"fed",null,1,"to have received food or nourishment."
97a1487e-8bcc-4ffd-badd-4d7865d5b772,"fedora",3,2,"a fedora is a soft felt hat with a creased crown a"
98d879ef-1e34-4785-b160-13a8b22fed6c,"feeble",3,2,"feeble describes something that is weak, lacking i"
90f9e542-f86e-4603-b87b-b2f981e1cf9a,"feedback",3,4,"feedback is information about reactions to a produ"
48ab1bf8-6f12-4e8a-846e-dc890b8d9607,"feel",3,1,"feel has multiple meanings as both a verb and a no"
8d46d8bf-8a0f-4ef7-891c-2327fb14019f,"feet",3,1,"feet is the plural form of foot, referring to the "
9dd4ab39-32f5-4068-b77d-db02561c31aa,"feign",3,2,"feign means to pretend to have or feel something, "
44a4e878-5adb-4df0-91da-7b3eb20aad92,"feintedhumus",null,3,"a type of soil that is rich in organic matter and "
7b62dc77-3c4d-4761-a3d7-49df531222cc,"feisty",3,2,"feisty describes someone who is lively, spirited, "
93179541-5561-45cf-a47b-b51527655cf4,"feldenkraisbailiwick",null,5,"the specialized area of knowledge, skill, or exper"
37038c17-ad78-4e26-82b3-f60bd1ef5f83,"feline",3,2,"feline refers to anything relating to cats or memb"
badac8e6-0d36-49c8-a252-f39983a6e61b,"fellowship",4,3,"fellowship refers to friendly association, compani"
f31a5088-541b-474a-b9a5-a4e47e02a665,"felt",3,1,"felt has multiple meanings depending on context. a"
6b271078-7e99-4983-97f7-3dd853ec218d,"fend",3,1,"fend means to defend oneself or to manage independ"
1439edaf-2a3f-46e3-9e23-5b98e9d1b225,"fenestrated",2,3,"fenestrated describes something that has windows, "
2f183770-c0b5-4000-bd52-8e19b51c8c6e,"fêng",3,1,"fêng appears in the context of "feng shui," the ch"
8ceccfd6-c66d-4302-93f1-ec3dc0efccd9,"fens",3,1,"fens are low-lying wetlands with alkaline water, c"
8f92407e-6865-4918-a16a-13355ff47d3b,"fenster",3,4,"fenster is the german word for "window," sometimes"
cf1fb367-9793-48fc-bf8b-35f56e20d73f,"fensterfiat",null,3,"a window frame or sash, especially one made of met"
b9e6db37-caa1-4075-a3e2-cf73c5569292,"fermat",3,2,"fermat typically refers to pierre de fermat (1601-"
aab0d564-fe68-4edd-a426-eeef23ac8bcb,"ferret",3,2,"a ferret is a domesticated carnivorous mammal rela"
e1fa08b7-3262-4588-a079-85b8c81cc4fd,"ferruginous",2,4,"ferruginous describes something that contains iron"
1e9fc764-b7b2-4285-a1a8-d6162dcfea87,"fester",3,2,"fester means to become infected and form pus, or t"
2b8c6b51-8d31-4723-a00e-8186bea481b9,"feta",3,1,"feta is a traditional greek cheese made from sheep"
990621d4-cccd-412f-8a68-f68d25dfc9c9,"fête",3,1,"a fête is an elaborate festival, celebration, or p"
563c15c5-2472-4beb-87ee-ae05004bc154,"fetticus",4,5,"fetticus appears to be a rare or archaic term that"
d49a5f14-9891-43c8-bf13-5b3bcd349acf,"few",null,1,"a small number or amount of something"
5350ed52-73d4-4a51-92eb-7f63867acc26,"fez",null,1,"a type of hat with a flat crown and tassel, tradit"
c1a69e4a-85a8-4045-b565-5ee85a7cd75b,"fiat",3,1,"fiat refers to an authoritative decree, order, or "
f852bc25-663b-4547-ab7e-11d829a04de9,"fibromyalgia",3,4,"fibromyalgia is a chronic medical condition charac"
37689238-523b-436d-8bda-9023084980be,"fibula",3,2,"the fibula is the smaller of the two bones in the "
c92c2f28-b2a2-4151-acca-ab48ffc8b3e2,"ficus",3,2,"ficus is a genus of trees and shrubs in the mulber"
21bca916-14bc-4332-b5cf-852be0b074b3,"ficusagelicism",null,3,"the quality or state of being difficult to underst"
78272039-081a-4fee-8140-1db51237af7f,"fiddlehead",2,3,"a fiddlehead is the young, coiled frond of a fern "
b928e612-f167-42c9-8be2-249ba4323f4b,"fide",4,1,"fide is a latin word meaning "faith" or "trust," c"
6983764c-cdfd-4ca6-b50c-39cca8bbf8e9,"fido",3,1,"fido is a common name for dogs, particularly in am"
2d1c0b64-ef50-4f71-b98a-9a221350bf91,"fiduciary",4,3,"fiduciary refers to a relationship of trust where "
20a9ad2e-ccdc-4cc4-8722-f2a0f2525acc,"fiduciaryadjective",null,5,"relating to a person or organization that holds as"
11ae9f7b-51af-4017-8157-c8fda6e9fbb5,"fie",null,1,"an exclamation expressing disapproval, disgust, or"
4398bd12-51cc-493b-ad2a-fed216ffe3e8,"field",3,4,"field has multiple meanings depending on context. "
3eb0c7f3-4d71-4657-adf9-62a3c2812830,"fiendishly",2,3,"fiendishly means in an extremely wicked, cruel, or"
c964529d-ac46-4933-aa49-85086f7a7d0f,"fifty",3,2,"fifty is the cardinal number equal to five times t"
17c7142f-e4b0-4796-a387-21d5e7d98eb7,"fights",3,2,"fights can function as both a noun and verb, refer"
afa9b6ca-1e50-4b59-836e-15f0ef8f375e,"filagree",3,4,"filagree (also spelled filigree) is delicate ornam"
5455762c-8c38-4679-a166-087d75d1f7be,"filbert",3,2,"a filbert is a type of hazelnut, specifically the "
8fff94c1-4888-49f9-9e78-faeb8222e9d2,"files",3,2,"files can refer to collections of papers, document"
26899465-4bc4-456d-aa7e-6231685986df,"filial",4,2,"filial describes the relationship, feelings, or du"
eb2eced6-d7f3-4aad-acf9-b8c5c7db4962,"filigree",2,3,"filigree is an intricate ornamental technique usin"
129982dc-84bb-4f6b-b1d1-399cfac41984,"fillings",2,3,"fillings are materials used to fill spaces, caviti"
eba7a139-aa6e-46eb-a773-cc9ebe82242f,"film",3,1,"film has multiple meanings, most commonly referrin"
7b551b23-a0f7-4be8-8367-feba713c1b52,"finals",4,2,"finals are the concluding examinations, competitio"
5de6f945-3000-48de-91bd-64d4096d0d30,"financier",4,3,"a financier is a person who engages in large-scale"
c830c9a7-a129-4622-b57c-8881a436dfa2,"find",null,1,"to locate or discover something that is missing or"
4cc71081-ffc1-47a5-a4ea-d8752033d742,"fine",3,1,"fine has multiple meanings depending on context. a"
6070fd20-28e8-4ed3-adbc-8b6ccbec32a5,"fineday",null,2,"a day that is pleasant and agreeable, with nice we"
64df7dec-fbec-4411-940d-6cbc0734adf7,"finish",3,2,"finish means to bring something to an end, to comp"
1cd51e1d-deba-49a8-9c49-75ddc5e05422,"fipple",3,2,"a fipple is a wooden plug or block in the mouthpie"
ed9adbd6-6975-4af5-94cb-2bdcda98d808,"firbolg",3,2,"a firbolg is a creature from irish mythology, orig"
9cbbbf64-d964-4338-b66f-ce8c050954d3,"fire",3,1,"fire is the rapid oxidation process that produces "
76eef311-8cea-408c-94c5-b2641f1e10ba,"firefly",3,4,"a firefly is a nocturnal beetle that produces ligh"
2aa05328-c79c-4071-b41b-3836b08dd505,"firenze",3,2,"firenze is the italian name for florence, the capi"
07087151-efab-4eeb-90da-63fbb358e7d5,"fireworks",2,4,"fireworks are pyrotechnic devices designed to prod"
2969e0ac-65f2-4359-88e6-05d892dd1ba4,"firkin",3,2,"a firkin is a traditional english unit of measurem"
13775c98-9e6b-407e-8c6a-e8e134de189f,"firmly",3,2,"firmly means in a strong, steady, or unwavering ma"
07d9ffc3-94fc-4fc7-a220-20adac0dd2c3,"fiscal",3,2,"fiscal relates to government revenue, taxation, an"
11f34518-ab3e-4a4b-993a-971693f96d5e,"fish",3,1,"fish are aquatic vertebrates with gills, fins, and"
d3c6125b-16d0-427c-98eb-ac21c371a6ec,"five",4,1,"five is the cardinal number between four and six, "
c96e55ba-8cb0-4134-8e4b-2f72c2ed3285,"fixed",3,2,"fixed describes something that is securely attache"
8df84606-fb73-4b55-b35e-44191a2710aa,"fjeld",3,2,"fjeld (also spelled fjell) is a scandinavian term "
c122005b-a10e-435a-a9f1-ee35e5a8fb4f,"flagon",3,2,"a flagon is a large container, typically made of m"
c96d74c6-d805-4c8a-9cd5-79c065c6eb6e,"flags",3,2,"flags are pieces of cloth or fabric, typically rec"
d8c0fcac-f364-47ea-a31b-023291a4b699,"flambé",3,2,"flambé is a cooking technique where alcohol is add"
d8e69e0b-9361-4ebc-9220-36c02c10f406,"flamboyant",2,3,"flamboyant describes someone or something that is "
33051af4-f04f-4288-a96e-b2e5905fa756,"flame",3,2,"flame is the visible, gaseous part of a fire, char"
f04e95e4-da88-42f5-a2ea-65a65e37fed8,"flamingos",4,3,"flamingos is the standard plural form of flamingo,"
c58796b0-067d-41c6-a0c0-afe2e2e2345a,"flaneur",3,2,"a flaneur is a person who strolls leisurely throug"
9b755c6c-9470-40ab-8e19-2492456b0b8d,"flannel",3,2,"flannel is a soft, warm fabric typically made from"
f4952d82-8119-4735-af93-e8ac2139416a,"flapped",3,2,"flapped is the past tense of flap, meaning to move"
b353c24f-1eed-4cb0-b324-94c112aa79d1,"flashbackquonk",null,3,"a sudden, vivid recollection of a past event, ofte"
c7fecd36-cb12-4ed7-92b9-db6a8c7cde4a,"flask",3,4,"a flask is a narrow-necked container, typically ma"
51f93bf1-18ba-4787-a381-57af7d2c2589,"flat",2,1,"flat describes something that has a level, even su"
626dda6e-67bf-4aa3-b4bd-9df2ef729d11,"flavedo",3,2,"flavedo is the outer, colored layer of citrus frui"
2623d316-ff4f-45e9-9a4c-0d88d6d601e7,"flavored",2,3,"flavored describes something that has been given a"
afb6fba7-8819-46b6-9826-9b04b4e9ce2c,"flaxentriplicate",null,5,"to make something three times as complex or intric"
968c776a-3c2c-4d36-8924-e40478008416,"flea",3,1,"a flea is a small, wingless insect that feeds on t"
5f6bd550-4d41-4aff-890a-67db914140de,"flèche",3,2,"flèche is a french architectural term referring to"
9730e7e7-8d8a-40bd-8b6a-482ec01e1183,"fleeciness",2,3,"fleeciness is the quality or state of being fleecy"
58fd478b-3038-4681-8139-f5e3ee1dfd6a,"flehmen",3,4,"flehmen is a behavioral response in which animals,"
1819b5c7-d20f-45fa-ad28-9c356780e6ce,"flexibleskeleton",null,5,"a skeleton that can bend and move easily."
34818880-3ecf-4e57-aae3-e404dbe61efb,"flexitarian",2,3,"a flexitarian is a person who follows a primarily "
ac920f19-aedc-42ba-a336-540c9f390468,"flimsy",3,2,"flimsy describes something that is weak, fragile, "
888c3939-6560-4659-907b-bf05ecf85abd,"flipperling",2,3,"a flipperling appears to be a young seal or simila"
8e7aa882-bc14-49cb-b52a-d2e139c0ce1b,"flittern",2,3,"a flittern is a variant or dialectal term for a ba"
2b8ae5c1-d6e6-47a3-939f-2fcd9a99d402,"flitting",2,3,"flitting describes moving lightly and quickly from"
23e82919-6904-4492-b42b-18541be57cc9,"flooey",3,2,"flooey is an informal exclamation or adjective mea"
c990af17-9f4d-44e4-81d0-593315cd8dfa,"floor",3,2,"floor refers to the bottom surface of a room or bu"
c6d1f481-c471-4ab2-9911-db2738497053,"floral",3,2,"floral relates to or consists of flowers, or descr"
9bbd4775-41aa-4294-adf0-d81b2dfa0a25,"floruit",3,2,"floruit is a latin term meaning "he/she flourished"
071b9a0e-b254-4c6c-9fdd-54d3e41ca8d3,"floruitbunyanesque",null,5,"resembling the legendary figure of paul bunyan, a "
cf969223-ece5-4c6c-8d4b-e5cdde8cb6b3,"flotsam",3,2,"flotsam refers to wreckage or debris from a ship t"
dfd97869-a757-4ba4-bbc4-087c40e5f8ee,"flotus",null,2,"the official title of the wife of the president of"
14bfd97e-980a-4a8b-8a56-fae4ae96a946,"flotusfluoride",null,4,"a chemical compound composed of the element fluori"
4d4bfa82-75cd-4662-9af8-70325212148c,"flout",3,2,"flout means to openly disregard, disobey, or show "
c869bc4d-7c57-42da-9bd6-808d891d5119,"flowers",3,2,"flowers are the reproductive structures of floweri"
90613d5d-c139-47cd-86bf-8c1de9d2ee4a,"flows",3,2,"flows describes the movement of liquids, gases, or"
76dbd8d6-387a-4e6c-a31b-a5d4e1ab5d1f,"fluency",3,2,"fluency is the ability to express oneself easily, "
6ce6aaf2-64d8-4fb3-9768-4a45a4426316,"fluid",3,2,"fluid can describe a substance that flows and take"
b8a5d38c-e739-4edf-888c-d637cc615c11,"flummox",3,2,"flummox means to confuse, perplex, or bewilder som"
15092e0d-6bdc-4b06-b683-e9288640aabe,"flummux",3,2,"flummux appears to be another variant spelling of "
fbefab45-7ae8-4dc7-b5fc-1be0366c1637,"fluoride",3,4,"fluoride is a chemical compound containing fluorin"
f62c9cac-c132-4819-b08d-13d3a72ef49c,"flurry",3,2,"flurry refers to a brief period of intense activit"
9f8a6bd3-bb6e-47a6-a5d7-06173e3f680c,"flute",3,2,"a flute is a woodwind musical instrument typically"
541f6326-928d-4179-80b4-55baf74b731b,"flybys",3,2,"flybys are close approaches or passes by aircraft,"
1149b396-f28b-42cb-83f9-ec28040cda32,"foam",3,1,"foam is a mass of small bubbles formed in or on a "
6e1f4097-e14f-488c-a6c7-fbd7741fbf3d,"focacciapahoehoe",null,5,"a type of italian flatbread typically topped with "
25e0c03f-a064-4c95-9614-e5067a130570,"focus",3,2,"focus means to concentrate attention, effort, or e"
a16bf8e4-d9e9-4730-b00a-d4faf4c6b3ce,"fodder",null,2,"coarse food, especially for livestock"
0708e0d1-6b24-40c2-a7bd-8348fa6e4d76,"foible",null,2,"a small weakness or shortcoming in someone's chara"
75d6fbde-c969-40be-a21e-caab2a298e81,"foist",null,2,"to force or impose (something) on someone, especia"
045dca0a-d13b-4f3b-b02b-ab534d7a09c8,"folate",null,2,"a b vitamin that helps the body make red blood cel"
51e18027-2b12-4f70-999c-b87a9f4b3b4a,"folding",null,2,"the action of bending or creasing something, espec"
56191a2a-85ac-4b8b-9bee-7160121d1d56,"foley",null,2,"a sound effect created and recorded for use in fil"
c5f0e8bc-e4c4-494c-8fac-d80cffb6e78a,"foleysyzygy",null,3,"the alignment of three celestial bodies, such as t"
61b2a82b-f106-4af5-a309-0eeff7dd2943,"foliage",null,2,"the green parts of a plant, such as leaves, that g"
3a228a2d-f008-4085-9916-9938f89577c8,"follicle",null,3,"a small cavity, depression, or sac, especially one"
39681876-6d00-4715-b486-c1e0d1732939,"followed",null,3,"to go or come after; to come or go in the same dir"
558b9103-3dcb-4d7b-8fe9-4664abe26def,"following",null,3,"continuing in a particular course of action or beh"
289ae881-5a1f-4657-ae49-828d1702c483,"folly",null,2,"a foolish or imprudent action or behavior."
78f7ea38-d08f-4afe-9b8c-261a85e35d65,"fomentation",null,3,"the act of applying warm, moist heat to a part of "
5caafaf7-7823-465a-acca-54c26278ec60,"fond",null,1,"to have a liking or affection for something or som"
a4810159-6e3d-4cb1-85c3-b3d8b00953fa,"fondant",null,2,"a smooth, pliable sugar-based paste used for cover"
fc3da666-fd20-4eea-b1b8-c89d43f1a7d2,"fontina",null,2,"a type of semi-soft italian cheese made from cow's"
4d477a7e-1669-40b3-952c-feeacd3ffd98,"food",null,1,"edible material, such as meat, vegetables, fruit, "
55e7ede4-f5b6-4474-9b3e-2171eaa0b1a6,"foods",null,2,"edible parts of plants, such as fruits, vegetables"
6d850c9b-d870-4bb8-bba2-759fd3c4185e,"foolishness",null,3,"the quality of being foolish or unwise"
76d0ec39-6c54-4e07-bb50-fa1b55fe577f,"foosball",null,3,"a table game in which small soccer-like figures on"
4540fb28-7319-4ebe-b7d0-63bc91c1e624,"foothills",null,3,"the gently sloping land at the base of a mountain "
ca4e2168-5ddf-4b6a-b37a-197c9a2e80e4,"foozle",null,2,"to make a mess of something or do something clumsi"
ceda9066-c304-4115-a924-c5b0ac5e612b,"foppery",null,2,"excessive or affected elegance in dress or behavio"
85ae04a1-d3fc-4aa4-8976-ea761e17549b,"forage",null,2,"to search for and collect food or provisions in th"
7d75f2fc-f4ba-4292-ba44-4dd6ea6483c4,"forbidden",null,3,"something that is not allowed or permitted."
39a4572f-9afb-4d6f-9d64-78c5bb81822f,"forbivorous",null,3,"an organism that feeds on forbidden or prohibited "
ba68a469-a57a-4042-92da-864467908c32,"force",null,2,"a physical influence that can cause an object to c"
aabf8974-e9ed-4881-9c19-e2920198db48,"forcefully",null,3,"acting or done with great force and energy"
f88b04c7-45c8-4ce3-ba59-c9f1e5d02d46,"forearms",null,3,"the lower part of the arm between the elbow and th"
5ec0b6e3-01a6-4ebf-bd92-5b881ab83995,"forefend",null,3,"to prevent or forbid something from happening."
ae890beb-4ae5-4fdd-8ee7-8a328fb1b001,"forensics",null,4,"the scientific study of physical evidence found at"
14e8a30b-30af-4b76-87e6-5e793ee05a65,"foresight",null,3,"the ability to anticipate and plan for future even"
a55562a6-d7a0-4dbf-88f5-180780dead80,"forestallment",null,3,"the act of preventing or delaying something from h"
d9dcf554-cb93-455d-8b65-dc9c0c9202cd,"forever",null,2,"continuing without end or interruption; lasting or"
1f5d2158-ece7-4b94-96dc-fa0855093052,"forfeit",null,2,"to lose or give up something, usually a game or a "
a3b1a57d-4eb3-49a7-a740-333a475ad0f7,"forfend",null,2,"to prevent or forbid something from happening."
35ac353e-9e99-465c-b64c-8cb01dcc352b,"forgeable",null,3,"able to be shaped, formed, or molded by hammering,"
83f3d555-e655-4fad-982d-fd0b2e216b2e,"forgetrare",null,3,"to unintentionally fail to remember or consider so"
36d30d46-ff6a-4d4f-86ab-eea31dc4f651,"forgive",null,2,"to stop feeling angry or resentful towards someone"
96b3ec13-2ce6-4758-9911-064b8d4b1347,"form",null,1,"a shape or structure that has a particular arrange"
f791d07c-62de-41fe-9113-9f9ada3439d1,"formalise",null,3,"to make something more formal or official."
f595f8c5-5a9a-41ea-bde5-cab0cd218de0,"formalize",null,3,"to make something official or give it a formal str"
5875cb28-8e4c-4bad-bd2a-a24df5576622,"formation",null,3,"the act or process of forming or shaping something"
d8e90f2a-50f9-4e34-bc54-e02a868072b6,"formed",null,2,"to make or produce something from materials or com"
3f144d5d-a157-4f11-95d9-8e9c4d271979,"former",null,2,"a person or thing that existed or was in a specifi"
71fb24ec-5b38-49db-8f3a-58ad61a9b231,"formica",null,2,"a type of durable plastic laminate material used f"
60875da9-553c-4652-9957-a44699a83587,"forsook",null,2,"to have abandoned or renounced something, especial"
7220a401-0e55-44ab-ab07-ed91acfc9b46,"forsooth",null,3,"in truth; certainly; indeed."
e0d89142-8446-484f-8d55-3aa331762721,"fortification",null,3,"the act of fortifying or the state of being fortif"
3d711c90-30ff-48cc-a252-dac99042771c,"fortificationnoun",null,5,"a structure or works built for defense or security"
83c41e69-51f3-42c0-aaf2-7713332103fa,"fortissimo",null,3,"a musical term indicating the loudest possible vol"
579ea8b6-ff9c-4f2b-ac96-5f79d81c7b64,"fortran",null,2,"a high-level computer programming language especia"
fc743a1f-4e96-4f00-8dc6-44427af23f3b,"fortuitous",null,3,"happening by chance in a favorable way; lucky or f"
001d1bc4-2432-454e-a158-4497661f1c49,"fortune",null,2,"a large amount of money or wealth that a person ha"
c8ec12c8-78e9-44b0-91fc-c8f0dff85fd9,"forty",null,2,"the number that comes after thirty-nine and before"
b25f8504-54f1-495d-b525-6e1d37f7312d,"forza",null,2,"a strong, forceful, or determined effort or spirit"
432a1896-4013-4fa6-9068-3015205517bd,"fossiliferous",null,3,"containing or made up of fossils, the preserved re"
9e99a8e3-66bc-4336-8a43-f5af5bbda8bd,"foster",null,2,"to care for and protect (a child) temporarily, as "
fa4ae35e-b034-4e37-9854-8685c8de9504,"fou",null,1,"a type of small, domesticated waterfowl, especiall"
1652d3f0-d4f4-4a3b-bbcb-9c90247648de,"foudroyant",null,3,"sudden, overwhelming, and destructive."
65b252f7-925b-441d-92d3-25f7ba778640,"fountain",null,3,"a structure from which water flows, typically for "
f141d14b-ab5b-4034-9c79-1a7a6d106ce1,"four",null,1,"the number that comes after three and before five"
6cbcd917-ba4d-4710-967b-93b86efa4d7f,"fowl",null,1,"a bird, especially one domesticated for food or eg"
cae7ac41-5452-4133-993c-03ee95dd9c82,"foxes",null,2,"small, furry mammals that are known for their bush"
1394320c-df8a-40b1-8a5e-68d80d3ef241,"foyer",null,2,"the entrance hall or lobby of a building, especial"
77e2eb63-0709-4323-ad4e-f25d327c014c,"frabjous",null,3,"fabulous and joyous; wonderful"
f407cb55-b44a-4560-8406-d32eb3bbc9dc,"fracas",null,2,"a noisy disturbance or fight"
7833ba13-dc2f-4112-b07d-0aa872a47cdc,"fractions",null,3,"numerical quantities that represent a part of a wh"
5326f7b8-8272-4f49-84ec-93cb10f2cd56,"fractious",null,3,"difficult to control or manage, especially due to "
52ccb1c6-e912-422b-b184-03b6a8d73918,"fragile",null,2,"something that is easily broken or damaged"
93cce3bd-011d-43d5-b9f7-f4280e1813b4,"fragment",null,3,"a small piece broken off from something larger."
29e0fa41-2163-4828-b813-28feaa5c7b66,"fragrance",null,3,"a pleasant, sweet-smelling scent or aroma."
44c904ac-56da-4695-b5f0-43d31da71876,"fragrant",null,3,"having a pleasant, sweet smell."
2398a01d-2ff5-4b23-83d9-f5ccd5169d64,"frailty",null,2,"the state or quality of being weak, fragile, or de"
92cc514e-c953-407e-bc3d-96fee98d5a72,"framboise",null,3,"a type of raspberry, especially the french variety"
8f43edce-6c74-484a-b54a-8ba12ed5f656,"frames",null,2,"a rigid structure that surrounds and supports some"
3673db4b-1d40-4db9-8075-c83de83d5f39,"franca",null,2,"a language that serves as a common means of commun"
3c708477-9e88-4320-a3bc-54e6e5b8c9f0,"francatriforium",null,3,"a type of ornamental plant with three leaflets arr"
e1bae60f-8a8b-4217-bb5d-a13e34a3832e,"franchise",null,3,"an exclusive right or license to sell a company's "
30f0ae32-65b7-4bd2-807f-6f11b061cc74,"franciscan",null,3,"a member of a roman catholic religious order found"
7454cd5c-bb58-4212-a2d2-ce2f832cf05a,"francophone",null,3,"a person who speaks french as their native or prim"
178d05ad-df25-41af-94fb-83435ef222eb,"frangipane",null,3,"a type of almond-flavored pastry cream used as a f"
4a25448e-bb22-4aa5-b71a-0e3735d70ae2,"frankly",null,2,"openly, without concealment or evasion; candidly"
c72699fc-a543-4749-96ad-f8a961d3332e,"frantic",null,2,"feeling or showing a state of extreme nervousness,"
30c8acdc-6736-4b2c-8d4b-788257751d4e,"frass",null,2,"the debris or waste material left behind by insect"
b8d34935-e174-44c7-950c-79f5aa8db096,"fratority",null,3,"a group or organization of people who share a comm"
8bb6a554-9c6b-4b71-bcf6-862faf88e295,"fraudulent",null,3,"involving fraud or deceit; not genuine or authenti"
6b899f3e-55cf-4ee8-983a-35e1caddaa6f,"fraught",3,2,"fraught means filled with, laden with, or characte"
adb90324-70dd-4a17-bde9-325489262394,"frazil",3,2,"frazil refers to fine ice crystals that form in su"
ff772caa-5402-4eec-b81e-843010ba46c6,"freckle",3,2,"a freckle is a small, brownish spot on the skin ca"
d18a83c4-8ef2-439e-a75c-3b5fc00533b0,"free",3,1,"free means not under the control or domination of "
eaf10a19-b177-4e0d-8462-8ea48bc00d9a,"freedom",3,2,"freedom is the state of being free from oppression"
60a11078-7a3d-4da4-935d-fdca985a7767,"freegan",3,2,"a freegan is a person who adopts a lifestyle that "
2c6f3190-1bf6-4301-becc-170f5e6e183b,"freesia",3,2,"freesia is a genus of fragrant flowering plants na"
ecac8755-0847-4266-8741-c7f7cd49ab3c,"freight",3,2,"freight refers to goods or cargo transported by sh"
a81ee8bd-e0a5-4170-8858-ccf785d537ba,"french",3,2,"french refers to anything relating to france, its "
db3cb4b7-41a9-49dc-a944-896378fe5947,"french-derived",null,3,"originating from or influenced by the french langu"
912cf0c1-0603-41a6-95e4-7d3e56682041,"fresh",3,2,"fresh describes something that is new, recently ma"
ce9053c0-cf25-44c8-9174-f94bf032f710,"fribble",3,2,"fribble means to act in a frivolous, trifling, or "
cda915df-23d4-4bf4-bbc8-1bda7d6a1702,"friend",3,1,"a friend is a person with whom one has a bond of m"
f740681f-b13b-416c-b00f-d56567f09b6d,"frigate",3,2,"a frigate is a type of warship, historically a fas"
44fbb991-71b1-4e44-8914-8dbc146b0cd3,"frijoles",2,3,"frijoles is the spanish word for beans, commonly u"
792cc764-ef2e-418b-830d-20a08de6817b,"frisbee",3,2,"a frisbee is a disc-shaped flying toy made of plas"
a251365f-5e93-4efe-9c14-153a2a340796,"frisket",3,2,"a frisket is a masking device used in printing and"
688a7a9f-aa0b-40a5-ae59-8a0fa3c39d00,"frison",4,2,"frison appears to be a variant or error related to"
2ab34069-8a50-40d4-945a-3bc1c367fdc9,"frisson",3,2,"a frisson is a sudden brief moment of excitement, "
baa4bedc-cd82-4da1-a321-870d631926fb,"fritillary",2,3,"fritillary refers to either a genus of flowering p"
f93ed139-6c79-4246-a62b-94d55df09b50,"frock",3,2,"a frock is a dress, particularly a woman's or girl"
24706278-e279-4aeb-9161-4a4f07039b6a,"frog",3,1,"a frog is an amphibian characterized by smooth, mo"
2ef7ab0d-5e5f-4926-9835-fb6415b81379,"fronds",3,2,"fronds are large, typically divided leaves, especi"
073a64d1-9807-4caa-a851-56ef56524871,"froufroudifficulty",3,5,"froufroudifficulty appears to be a combined word e"
1e53bf80-99f6-41bf-8da6-52ed932bced2,"froward",3,2,"froward describes someone who is willfully contrar"
bf070c8a-2203-4b65-aea2-aa4d89abfb80,"frozen",3,2,"frozen describes something that has been turned in"
2e70a9a1-2ba8-4b13-a728-c9ef3cfc1811,"frugal",3,2,"frugal describes a lifestyle, attitude, or behavio"
371a7f09-bb7f-4548-94c8-c13706c9add8,"fruition",2,3,"fruition means the realization or fulfillment of a"
7f44141f-8164-4b9e-8726-fbeebe5a9fb7,"fucoid",3,2,"fucoid refers to seaweeds or algae belonging to th"
c3f936d2-d591-4cf6-9e47-81081333126f,"fuddy",4,2,"fuddy, typically found in the phrase "fuddy-duddy,"
e1142e85-37ce-44d8-b970-87b31f4846fa,"fuddy-duddy",null,3,"a person who is old-fashioned and fussy"
4bc5da8b-7692-4e7a-8c92-87d9d6f1c887,"fudge",3,2,"fudge is a soft, rich confectionery made from suga"
76c60a32-dba2-480a-8228-c3e0681e8671,"fuel",2,1,"fuel is any substance that can be burned or otherw"
0d232c89-e889-4846-a96b-8a48c64d4e15,"fugue",3,2,"a fugue is a complex musical composition technique"
ec8875fb-f3d4-45bf-bfcc-ca6c204a87fa,"fulcrum",3,2,"a fulcrum is the pivot point or support on which a"
9af89ede-d3f8-4eaa-b34c-caeeb5b80eba,"fulfillment",2,3,"fulfillment means the achievement of something des"
d3516da6-7bca-46fb-852f-7a6cd2349b4e,"fulgent",3,2,"fulgent means shining brightly, radiant, or dazzli"
f987a881-f574-41c6-bf54-19839dbbe364,"full",3,1,"full means containing as much as possible, complet"
29477f8f-3a18-432d-aa54-e7c1102821ca,"fulminate",3,4,"fulminate means to express vehement protest, criti"
663873f4-40ca-4308-8abe-91cf077ce89e,"fumatorium",3,4,"a fumatorium is a chamber or facility designed for"
621ea48f-bd22-496f-a321-71af11a0fbf0,"fumble",3,2,"fumble means to handle something clumsily or awkwa"
8f070419-4219-42f7-b04c-5c6beeb95dce,"fun",null,1,"a pleasurable feeling or enjoyment"
f631ec89-cb61-4e30-9bc7-6182c0265f59,"funky",3,2,"funky originally described a strong, musty, or ear"
4f01f5ef-1f27-49c1-85c7-fe8dc6411761,"funnel",3,2,"a funnel is a cone-shaped utensil with a wide mout"
c40947d9-c102-4341-89c5-08e3f008b114,"funori",3,2,"funori is a seaweed-based adhesive traditionally u"
f03828db-6fa2-44f2-874a-4e07ebb087fb,"furan",2,4,"furan is an organic chemical compound consisting o"
d5052f84-7404-4b5a-8184-d813fa871a03,"furanmanu",3,4,"furanmanu appears to be a combined word error wher"
6fb35500-1037-4618-a534-ee960ccc6b6b,"furcula",3,2,"a furcula is the wishbone or forked bone found in "
930199ad-f8ba-4927-b8ef-7c6db5b056f5,"furious",3,2,"furious means extremely angry, filled with rage, o"
42b2c17d-99c4-4139-95b1-53bb43bd591e,"furnace",3,2,"a furnace is an enclosed chamber or structure desi"
1bcf87d3-a1b0-417d-9152-fe38029a002b,"furniture",2,3,"furniture refers to movable objects designed to su"
4b87dd17-8620-4db0-9386-194f210ce03d,"furnitureambush",2,3,"furnitureambush appears to be a combined word erro"
3058e3d7-af36-4098-b71e-8f1046c138a1,"furrow",3,2,"a furrow is a long, narrow trench or groove made i"
f294cc2f-82b4-4d4e-a5db-2619257da024,"furthermore",2,3,"furthermore is an adverb used to introduce additio"
76605aa9-cc30-454a-8f2b-4247c6c6b335,"furtive",3,2,"furtive describes behavior that is stealthy, secre"
989bf698-9c78-44d3-bcf8-5350bb4c4f5f,"fury",3,1,"fury refers to intense, violent anger or rage that"
dadeaa8c-7120-414b-941c-29eae2f8ac1d,"fussbudget",2,3,"a fussbudget is a person who worries excessively a"
5a4e1d81-f04b-48d0-ae5e-c718ccebcafb,"future",3,2,"future refers to the time that is yet to come, eve"
1903e0ea-f485-4d5e-a0e0-87211e1ecf2a,"gab",null,1,"to speak in a lively, talkative manner"
1bc962ed-9164-437f-ac43-d55f8a9c1f8a,"gabbro",3,2,"gabbro is a coarse-grained, dark-colored igneous r"
11b896ed-84b7-4019-9272-05340ba127d9,"gabbroplural",2,3,"gabbroplural appears to be a combined word error w"
9ccf4769-a503-4de2-8374-dd4c7da31209,"gadgets",3,2,"gadgets are small mechanical or electronic devices"
8ff72568-b746-4372-968c-572d4d1a8688,"gaels",3,2,"gaels refers to the celtic people of scotland, ire"
cc6b50a8-30b6-4fc3-a027-7d1841f82bb7,"gaff",3,1,"a gaff is a pole with a hook used for landing larg"
30f35461-b76a-405a-8206-82bb7f7898c2,"gaffe",3,2,"a gaffe is an unintentional act or remark causing "
5de943bb-af39-48e2-a426-18bbeaa0ace8,"gaffer",3,4,"a gaffer is the chief electrician on a film or tel"
5fa3815a-bc9d-472c-ae86-fe75c0249ccc,"gagaku",3,2,"gagaku is a form of traditional japanese court mus"
8c3b3352-40d8-4d96-b0c2-af77242cf6ec,"gaia",4,1,"gaia refers to the ancient greek goddess of earth,"
dcf401f4-8b7e-4505-b9ce-63430ae97acd,"gajula",3,2,"gajula appears to be a proper name of indian origi"
90529987-3a89-4661-97d7-1d77a0854ddd,"galahad",3,2,"galahad refers to sir galahad, the legendary knigh"
773bb538-a2b2-42a3-8584-c9a249819197,"galahadgalatea",2,3,"galahadgalatea appears to be a combined word error"
9a45728e-765d-48cd-99a7-9fe533d9f8bb,"galapago",3,5,"galapago is an archaic or variant term related to "
95139ecf-600f-4748-a2da-9812763b977a,"galatea",3,2,"galatea refers to the ivory statue of a beautiful "
70e64041-a9d2-4b3d-af9c-13f74a856279,"galaxy",3,2,"a galaxy is a massive collection of stars, star sy"
8f2a3031-46c5-4fe9-935d-6405f391aea5,"galena",3,2,"galena is a mineral composed primarily of lead sul"
7c5e4192-1c63-475d-8cfc-8c1d6e34d696,"gallant",3,2,"gallant describes someone who is brave, noble, and"
161ab69f-ec2c-4567-bbc1-1c1184843202,"gallic",3,2,"gallic means relating to ancient gaul (roughly mod"
3782db13-fa89-4b15-b969-c3135ed4e0db,"gallipot",3,4,"a gallipot is a small glazed earthenware jar or po"
aca216e9-e61a-4ff2-b967-55df09aae7d4,"gallium",3,4,"gallium is a soft, silvery metallic chemical eleme"
26fc3784-e8e4-49fc-a517-6d49ee0fc740,"gallivatcharcuterie",3,5,"gallivatcharcuterie appears to be a combined word "
67ff3f65-cfc3-4cbe-a743-090a258f776d,"gallon",3,2,"a gallon is a unit of measurement for liquid capac"
6599b691-f2ce-4403-9181-739575bcc0cd,"gallop",3,2,"gallop is the fastest gait of a horse, characteriz"
67234218-de72-4c7c-9623-5e678e176ef3,"galoot",3,2,"a galoot is an awkward, ungainly, or foolish perso"
446c24a6-bfef-4be7-83f1-2974f7d2502f,"galvanize",3,4,"galvanize means to stimulate someone into action t"
9b8394af-8788-4dac-8ec9-a0bc37d9a19c,"gambit",3,2,"a gambit is a calculated move or strategy, especia"
f95b3241-0435-4fdc-a392-2ba7af84b405,"gambol",3,2,"gambol means to run, jump, or skip about playfully"
c39d14f4-c3f5-4448-a205-f08e825f0549,"game",2,1,"game has multiple meanings: an activity with rules"
fafba5b9-916b-4020-90d1-cf558607100b,"games",3,2,"games is the plural of game, referring to multiple"
ba5e41ad-fcac-4a7d-8510-4729ffdd5772,"ganache",3,2,"ganache is a smooth, rich mixture of chocolate and"
fe3a0995-f655-47b9-bade-e153b8e03148,"gander",3,2,"a gander is a male goose, the counterpart to the f"
40977316-2b2e-4c9e-8e9b-baa787d6e02f,"ganges",3,2,"ganges refers to the sacred river in india and ban"
3310b0cf-2d0e-4984-8ece-efa8f2a93124,"gannet",3,2,"a gannet is a large seabird known for its spectacu"
a833ff12-dc0c-4188-94a7-07470e649864,"gardenesque",2,3,"gardenesque refers to a style of landscape garden "
e01e6cee-ceed-4844-a2f8-e36109b62fd2,"gargoyles",2,3,"gargoyles are carved stone figures, typically grot"
543e62aa-1066-4f5b-8723-a01d5f88a922,"garish",3,2,"garish describes something that is excessively bri"
60abcd07-fb31-432c-8761-e6addfdf59eb,"garland",3,2,"a garland is a circular or draped arrangement of f"
ca988729-a046-42f4-99db-3b2d1063c61e,"garlic",3,2,"garlic is a pungent bulbous plant (allium sativum)"
9f726e39-5bd5-4ee0-a6ab-a9299b326c77,"garment",2,3,"a garment is any article of clothing or apparel wo"
300e3a1d-f8ed-42ac-9f62-5443c62df14c,"garnet",3,2,"garnet is a group of silicate minerals commonly us"
a3f00084-7021-4722-84d5-21d5c594e818,"garnituretwilight",3,5,"garnituretwilight appears to be a combined word er"
a37a1af5-45b3-4612-ad8a-added6b81c72,"garou",3,2,"garou typically refers to "loup-garou," the french"
70ce988f-0455-48f3-a12a-96c4c8b01ae5,"gathering",2,3,"gathering refers to the act of coming together or "
330a3890-4720-4b89-8ede-6ee73dacea5d,"gaucho",3,2,"a gaucho is a skilled horseman and cattle herder f"
7f3e26fa-b152-424b-8e05-933c41662fc7,"gaudery",3,2,"gaudery refers to showy, ostentatious display or o"
61fcec1f-e338-4ae5-9ac2-104894b8fb2c,"gaul",3,1,"gaul historically refers to the ancient region of "
b2e63391-28a0-434e-bc71-bf1aeecc9a17,"gaur",3,1,"a gaur is a large wild ox native to south and sout"
4e7e23a9-6287-465d-8a97-d03c30280686,"gautam",3,2,"gautam (also spelled gautama) is a sanskrit name m"
cd4a3594-116d-4d85-99a1-55c63879f38a,"gaylord",3,2,"gaylord historically is a surname and masculine gi"
507f3557-649a-4571-a97b-fd83d738de25,"gazette",3,2,"a gazette is an official publication, especially a"
e9645539-3155-4536-9a35-dd90712d70f5,"gazoz",3,2,"gazoz is a type of carbonated soft drink popular i"
7ea530d9-f075-4070-bfaf-64cff51a73fc,"gchange",3,4,"gchange appears to be a corrupted word or non-stan"
d3b8717e-d9d4-42eb-92e2-5f07a387b71b,"geatish",3,2,"geatish refers to the geats, an ancient north germ"
e3cd45f5-eec5-46e6-a868-123ac49c642e,"geiger",3,2,"geiger most commonly refers to the geiger counter,"
7f09f143-8670-4131-bad5-51ebf112385b,"gelatine",2,3,"gelatine is the british spelling of gelatin, refer"
fd8dccf9-89b7-4910-8ca6-ef9d5cf63f62,"gelatinous",2,3,"gelatinous describes something having the consiste"
3f3bc5d7-e23f-4972-84af-eb571f3137a2,"gelato",3,2,"gelato is an italian-style ice cream that is dense"
635fb1f7-b891-407a-8d9c-dc2e85aeb0ad,"gemini",3,2,"gemini refers to the constellation known as the tw"
614d9d52-a5e6-43d9-8a66-116091c4c742,"gemstone",2,3,"a gemstone is a precious or semi-precious stone th"
3da90868-e7f6-448d-8a15-240fdc9c204a,"gendarme",4,3,"a gendarme is a member of a military force that se"
481b1895-ddac-4575-98ca-8983405efda7,"genealogical",4,3,"genealogical relates to genealogy, the study and t"
c487017b-4038-4ebe-b4b8-e25213eecdb6,"generalisation",3,4,"generalisation is the british spelling of generali"
196a77a4-4c42-47c2-86c0-70e01dc44439,"generalization",3,4,"generalization is the american spelling of general"
a30b9343-9994-4773-8d26-27708954d131,"genetic",3,2,"genetic relates to genes, heredity, or the transmi"
9a430393-896c-47c8-85b9-521e2c768c6e,"geniture",2,3,"geniture refers to birth, generation, or the act o"
8d58ba08-ade1-48b4-99d7-9f49c4812ffe,"genius",3,2,"genius refers to exceptional intellectual ability,"
37234b3e-d4aa-4151-ae1b-67d200447aeb,"genoise",3,2,"genoise (or génoise) is a light, airy sponge cake "
8258cde6-3fb0-4633-8043-ac1262c0a35d,"genome",3,2,"a genome is the complete set of genetic material ("
eca4cc92-53bc-46b9-a4a4-cf8264001286,"genteel",3,2,"genteel describes refined elegance and sophisticat"
765d91b0-31d4-46ef-b44c-ee5903c355e8,"gently",3,2,"gently means in a gentle manner, with softness, ca"
40490a87-7ca2-4cfb-8235-2f80745101e8,"genuflectcinerarium",3,5,"genuflectcinerarium appears to be a combined word "
67607f28-7319-4b4c-bacf-8625bb066b96,"genuine",3,2,"genuine means truly what it is claimed to be; auth"
7525e09a-e4a0-4155-a074-ef6f26c437fb,"geocaching",3,4,"geocaching is a real-world treasure hunting game w"
9d6f5c93-d198-4c55-ad78-49c8e5887cfa,"geographical",2,4,"geographical relates to geography, the study of ea"
ae6483b7-a2e3-43d0-beac-51382da2a709,"geography",3,4,"geography is the study of earth's physical feature"
7c0b731d-12eb-4338-bd40-2302c013a8a3,"geometric",3,4,"geometric relates to geometry, characterized by or"
d7f41df0-c5af-4ce2-8204-2726b00e07c5,"geopoliticsbroached",3,5,"geopoliticsbroached appears to be a combined word "
03844153-59b7-4b2b-b28a-cf09d486fa2e,"gerbilles",3,4,"gerbilles appears to be the french plural form of "
e28d4296-6738-44f3-8ccf-0d4030498faa,"gerbils",2,5,"gerbils are small desert rodents with long tails, "
97554729-6c28-4c29-af10-36c9219ae777,"germane",3,2,"germane means relevant, pertinent, or closely conn"
d5a3d3f7-5790-42d0-a9f5-6030b18d1b12,"germany",3,2,"germany is a country in central europe known for i"
09a32649-1d0b-4da7-9f18-74f0ec17799a,"gesellschaft",4,3,"gesellschaft is a german sociological term referri"
975e0e1d-9c0e-409e-ba3f-2f7469bc2ce3,"gesture",3,2,"a gesture is a movement of part of the body, espec"
8a39a49e-8e57-4093-93c4-51cefa3ef1e5,"getting",3,2,"getting is the present participle of "get," meanin"
c5502be0-36a1-498e-abb5-e5b7d6f32947,"ghana",3,2,"ghana is a west african country known for its rich"
d82c4916-b9b5-4793-a162-e292ba1dc9eb,"ghastly",3,2,"ghastly describes something extremely unpleasant, "
65f9b336-cf2c-4043-b233-f422eb24a106,"giant",3,2,"a giant is an extremely large person, creature, or"
9139f041-b351-4e1f-817b-6d9cd2c5f144,"gibbous",3,2,"gibbous describes the moon when it appears more th"
5dfeae6b-e078-4ab7-9720-6fd8f20cb1a6,"gift",4,1,"a gift is something given voluntarily without paym"
7c06b79f-75bc-471e-a193-7799926240c1,"giggle",3,2,"giggle means to laugh in a light, silly, or nervou"
c8816a42-efb8-468b-a4d2-f25f4224be35,"gilded",3,2,"gilded means covered with a thin layer of gold or "
179f0af5-0902-49f0-ba8b-fcb4296b55f6,"gilgamesh",2,3,"gilgamesh refers to the legendary king of uruk in "
e8736abe-7a45-4e52-8b3b-22c45f2a9534,"ginger",3,2,"ginger is a flowering plant whose rhizome (undergr"
de5451ed-dda8-4db8-b0b9-c3718453c362,"ginglymus",3,4,"ginglymus is an anatomical term for a hinge joint "
fa4a9e62-71cb-4342-b108-5f5dbd128f91,"giraffes",2,3,"giraffes is the plural form of giraffe, referring "
9234a521-1e0f-4242-8b5b-5258f31ba329,"gist",3,1,"the gist is the main point, central idea, or essen"
0c4b7c23-a903-46ce-aa60-764317c653be,"given",3,2,"given can mean provided, granted, or assumed as a "
05dffaf5-8d97-4345-abb3-3a49541ccc92,"giza",3,1,"giza is a city in egypt, part of greater cairo, fa"
37f295f6-3394-4752-a430-a70d844538be,"gizzard",3,2,"a gizzard is a muscular part of a bird's stomach t"
030496d5-c32f-445d-ad44-6118428bb441,"glabella",3,4,"the glabella is the smooth area of the forehead be"
a6b4a668-4fff-4e3f-8bbc-0dbc2fb742d7,"glabrous",2,3,"glabrous means smooth and hairless, lacking hair, "
37a35525-7d96-4331-b812-50fc4ff14993,"glacis",3,2,"a glacis is a gently sloping embankment or artific"
6628bac2-2188-45c4-9baa-459cc4c732a6,"gladness",2,3,"gladness is a feeling of joy, happiness, or pleasu"
d3c27c41-c77b-4ad3-b6ff-37178537fb1d,"glazed",3,2,"glazed describes something covered with a smooth, "
1219fa53-b34b-4a1c-b490-9daea8307927,"glazier",3,4,"a glazier is a craftsperson who cuts, installs, an"
cd3da240-57a3-4731-8614-4dc80e50cce0,"glib",3,1,"glib describes speech or a person that is fluent a"
fc81d724-6390-47f7-ad44-e196c9c01b83,"glide",3,2,"glide means to move smoothly and effortlessly, typ"
fd7a33a1-aee2-42cc-b206-4f3794c8a0bb,"glimmer",3,2,"glimmer means to shine faintly with a wavering lig"
78bab502-442b-4cf3-b6e5-18e63bd4d124,"glimpse",3,2,"a glimpse is a momentary or partial view of someth"
5fa23edd-bd87-4bbd-a0d5-e761b07d7bff,"glint",3,2,"a glint is a small flash of light, especially one "
010beccc-759b-40be-a50e-2a83783b863e,"gliriform",3,4,"gliriform means resembling or relating to dormice "
dddcd303-6f5e-470e-8daf-68fadbf44172,"glisten",3,2,"glisten means to shine with a sparkling or wet-loo"
cf02262d-33d8-42b3-a71d-2fa695c1c8b1,"global",3,2,"global means relating to the whole world or affect"
67946e86-5ff9-4b59-94b0-4f52ab29b253,"gloomy",3,2,"gloomy describes conditions or moods that are dark"
14c0de68-6713-4366-a081-b2b4e7395032,"glossary",3,4,"a glossary is an alphabetical list of terms with t"
3ca0bb64-e995-4b47-b2f7-173b2fa3f081,"gloves",3,4,"gloves are coverings for the hands, typically with"
c349a677-359b-4026-a760-b7cde0cbbf7c,"glucose",3,2,"glucose is a simple sugar (monosaccharide) that se"
f264cfa0-6202-4a7d-9fe6-a31264fefd84,"glue",2,1,"glue is an adhesive substance used to stick object"
9dc4be7f-6f04-4ab5-88f6-cb075a7c9b32,"gluten",3,2,"gluten is a mixture of proteins found in wheat and"
5527e856-ff47-49d5-a5ac-2a112c7040d7,"gnarled",3,2,"gnarled describes something twisted, knotted, or c"
68a5b4ac-1fc2-4ac5-a61d-9c99aa424bb7,"gnash",3,2,"gnash means to grind or strike the teeth together,"
6671feeb-1601-46d2-b96e-986938bc0763,"gnathic",3,4,"gnathic relates to the jaws or the process of chew"
cd413974-c979-463b-adb4-9809ff8561bc,"gnaw",3,1,"gnaw means to bite or chew persistently, typically"
0e98cb2b-9c0e-4d92-813e-ec57be9e25b8,"gnocchi",3,2,"gnocchi are small italian dumplings typically made"
3acea764-dec0-4044-9991-fd2a0a921d84,"gnomon",3,2,"a gnomon is the triangular blade or pointer of a s"
9a016f51-fd9d-4efc-befd-c7662c2cbd07,"goals",3,2,"goals are desired outcomes, objectives, or targets"
ecbb187e-576e-473b-8317-d7c8916df523,"goanna",3,2,"a goanna is an australian term for monitor lizards"
b3a606e5-fc43-4775-916e-578b16f764b0,"goatee",3,2,"a goatee is a style of facial hair consisting of h"
57bf1a42-71e7-4646-8b26-e1bd74ce3f5c,"goblet",3,2,"a goblet is a drinking vessel, typically made of g"
6771c0f0-1ad9-495d-b44b-07bc69de6d1a,"goblins",3,2,"goblins are mythological creatures typically portr"
2153b912-5850-460f-bf84-935559e23a74,"gods",3,1,"gods are supernatural beings worshipped as having "
60284da6-9e00-4e8d-a861-2b2d0614a1cd,"goggles",3,4,"goggles are protective eyewear designed to shield "
86cdf90e-5e09-4b91-a712-1ad2a3330da2,"goji",3,1,"goji refers to the bright red berries of the lyciu"
9e42058f-a8bc-49c3-ae51-8ff7fc4f8152,"gold",2,1,"gold is a precious metal valued for its beauty, ra"
503af21c-3888-4f5a-a825-25380ee45e43,"golden",3,2,"golden describes something made of gold, having th"
b6faa719-8f84-440b-8662-0cb823060113,"golem",3,2,"a golem is a creature from jewish folklore, typica"
982e884b-738e-4254-bfa0-d3a6b57f1157,"goliath",3,2,"goliath refers to the giant philistine warrior fro"
46fd351b-907b-4627-b9ba-7454f155cceb,"gondolas",2,3,"gondolas are traditional flat-bottomed venetian bo"
cb749a43-5e74-490d-891f-8a60cb067eca,"gone",2,1,"gone means having left; departed; no longer presen"
099f004c-4d92-4ffe-a090-8551cddb22ca,"gonzo",3,2,"gonzo refers to a style of journalism characterize"
364efd81-331b-4f74-95fe-30c96982e3a4,"goober",3,4,"goober is an informal american term that can refer"
62f25a73-3aa2-45c9-b178-a4948357d4ee,"goodnik",3,2,"goodnik is a yiddish-influenced slang term referri"
248c048e-d514-492d-aa22-64dea7c7a1cb,"goofy",3,2,"goofy describes someone or something that is silly"
79036b27-b96a-49cb-9c96-034f88972f0f,"google",3,2,"google originally refers to the number 1 followed "
021e9deb-f3b9-4e96-a648-f83fcce5fc6c,"googly",3,2,"googly is a term from cricket referring to a type "
961c8a37-78b5-4b01-91c8-7c48ee590a6b,"googol",3,4,"googol is a specific large number equal to 10 to t"
b76ffe3a-d1f5-4071-a2be-cb46c1b4e46a,"goondie",3,2,"goondie is a less common variant or regional pronu"
00021bac-0b90-45a7-8c3a-a9df728d9057,"gorgon",3,2,"gorgon refers to one of three monstrous sisters fr"
17013eec-7e2c-47e2-aa8b-7cf237fe208d,"gorilla",3,2,"gorilla is the largest living primate, native to t"
abc49918-c792-45cd-a976-68f8e7c63e0e,"gorp",3,1,"gorp is trail mix, a combination of nuts, dried fr"
e15f192c-970d-45ea-a080-75d57bc3e007,"gosling",3,2,"gosling is a young goose, typically under one year"
5cabd236-6a18-4c39-a0d0-7c07237c1b71,"gossip",3,2,"gossip refers to casual conversation or reports ab"
17f29b13-f441-447c-bba4-c753a7cbb0ce,"gotcha",3,2,"gotcha is an informal exclamation meaning "i got y"
9c0a23eb-2d80-4ebd-a450-beabb04ff52d,"gothic",3,2,"gothic originally referred to the architectural st"
6014a640-3d80-4181-bae8-8550e3ba592e,"gouda",3,2,"gouda is a dutch cheese named after the city of go"
40c6745d-9650-42e9-88f5-a0aa4cc33c3c,"gouge",3,2,"gouge has several meanings: as a verb, it means to"
dfcae79c-ea0a-4230-9592-9bd3e6df565d,"grab",3,1,"grab means to take hold of something quickly, sudd"
149ca0f8-fbef-4c9e-af16-f058b9498eab,"grace",3,2,"grace encompasses multiple related meanings: elega"
ee3033a7-f9d3-49e5-a96b-c19823b4b1a4,"graham",3,2,"graham refers to whole wheat flour or products mad"
7aac227b-1748-4143-b343-6f37e74ecb91,"grand",3,2,"grand means large and impressive in scale, extent,"
bcbb150c-9ad2-433f-82ca-a85be74804bf,"grandeurgraphologist",3,5,"this appears to be a combined word error where "gr"
0ac49782-efe3-444e-8f73-e6eef59e7ae9,"grandeurottoman",2,3,"this appears to be a combined word error where "gr"
783b722a-1ff3-4804-a343-08fd428a11e5,"grandi",4,2,"grandi is an italian word meaning "great" or "larg"
7aea021c-76c7-4015-b3f2-7b6d96cd4565,"grandrelle",2,3,"grandrelle is a type of fabric or yarn characteriz"
dbb8b0e2-9b67-44e4-bb93-0600ddb8b2d1,"granola",3,2,"granola is a breakfast food and snack consisting o"
81e31026-7737-40a0-805e-eaad268995a5,"grapple",3,2,"grapple means to struggle or wrestle physically wi"
07b23e31-ee35-4a86-9e77-b7762ff57439,"grass",3,2,"grass refers to plants in the poaceae family, char"
3c9523e4-7a9b-49a6-a54d-27d648c0a79c,"graticule",3,4,"graticule refers to a network of lines representin"
9d11bbac-f385-4230-bb3c-472827a56dfb,"gratis",3,2,"gratis means given or done without charge; free of"
63c70b20-d843-4342-a1c4-40efa4326ac5,"gravimetry",3,4,"gravimetry is the scientific measurement and study"
ff048ce4-cfac-46e9-bfab-ef4fad8d22ad,"gravy",3,2,"gravy is a sauce made from the fat and juices that"
d78bc252-d1b6-4dc5-9ae3-6d0dc6adfa6a,"greasy",3,2,"greasy describes something covered with, containin"
35ff1e4e-c17d-467a-b438-ca5bf333e0cc,"great",3,2,"great means large in size, extent, or intensity, o"
262f00b4-a3f5-48b4-a33f-0fc27f79c45d,"greaves",3,2,"greaves refers to armor for the lower legs, specif"
cc6e854d-70c1-44e2-acfc-bcada07b9cc8,"grebe",3,2,"grebe is a type of freshwater diving bird characte"
725c703a-91fb-4021-9da0-b22bc9060baa,"grecque",3,2,"grecque is a french culinary term referring to a s"
c0bbb06d-a086-4fa2-81c4-246d5b7b9480,"greedy",3,2,"greedy describes having an excessive desire for fo"
712638ea-364a-47de-8d95-1f157fbf29cb,"greek",3,2,"greek refers to the people, language, or culture o"
413cf882-72b9-4699-8549-b698fc9b259b,"greens",3,2,"greens refers to leafy vegetables that are typical"
96aaa36a-5760-4351-821e-035d193b1143,"greetingdifficulty",2,5,"this appears to be a combined word error where "gr"
c3e1f95d-fa3f-4d06-a82a-46fabb878d20,"gregorian",2,3,"gregorian most commonly refers to the gregorian ca"
70a3949e-6f98-4816-aaad-2d43b402a31b,"grew",2,1,"grew is the simple past tense of the verb "grow," "
5e4cc306-6dc2-4d6b-aab4-f963d4e9a1de,"grewsome",2,5,"grewsome is an archaic or variant spelling of "gru"
6383c7ab-a629-4912-87d7-20a6305c26bb,"grid",4,1,"grid refers to a network of evenly spaced horizont"
169e47ac-06e5-4860-9225-8a8de0d0335f,"griefful",2,5,"griefful describes something that is full of grief"
8bb5750f-800e-4e03-afd4-c7e3e3091527,"grimthorpe",2,3,"grimthorpe, as a verb, means to restore or renovat"
f36ef015-1323-4438-926e-34c9e9925e05,"grimy",3,2,"grimy describes something covered with or full of "
2ff3070f-168b-47e0-a162-30a9d3158251,"grins",3,2,"grins are broad smiles that show pleasure, amuseme"
f1163ae1-5c6c-4644-9289-a5e01dbd79e2,"griot",3,2,"griot is a west african historian, storyteller, pr"
a63899c6-da2b-4886-ac75-00d0f5d3a76b,"grisonphulkari",2,3,"this appears to be a combined word error where "gr"
98ae2733-8946-48ac-b735-0c898010fd2b,"grit",3,1,"grit has multiple meanings: it refers to small par"
4217e34c-e21d-4a83-814b-bd986f8d9342,"grits",3,2,"grits are a dish made from coarsely ground corn ke"
a343ec7e-b828-44fd-8214-3fc253a34fe2,"groats",3,2,"groats are hulled cereal grains, particularly oats"
74d71df5-8ef9-41b7-a4d9-f9bc80241154,"grobian",3,2,"grobian refers to a rude, coarse, or ill-mannered "
7faa31d3-61ae-4ec7-86d1-e3a0773add68,"groceries",2,3,"groceries are food items and household supplies pu"
a0f52dea-6a60-4bd5-94f0-82ff0c68a631,"groenendael",2,3,"groenendael is a variety of belgian shepherd dog, "
d3fbf684-d6e7-4b54-99d5-bd164cd9995f,"groom",3,2,"groom has several related meanings: as a noun, it "
d5b5e22d-5561-4956-a1db-b249307ca5d8,"groove",3,2,"groove refers to a long, narrow channel or furrow "
ca972e5f-6790-47b5-89b8-e81254f60f42,"grosgrain",2,3,"grosgrain is a type of ribbon or fabric characteri"
1400fe64-6f32-45db-82f7-d7efc1859752,"gross",3,4,"gross has multiple meanings: as an adjective, it c"
a391b2d8-5f74-4778-a0b8-8042986b2fd1,"grotesqueness",2,3,"grotesqueness is the quality or state of being gro"
b9fd12dd-f17a-4180-8b5b-a5f3fc3f4b20,"grotto",3,2,"grotto is a small, picturesque cave, especially an"
4abe7d97-a794-4d93-8774-de61049df258,"ground",3,2,"ground has multiple meanings: it most commonly ref"
c0371ec5-b396-4cc0-b690-6141c778ea84,"group",3,2,"group refers to a collection of people, things, or"
cdde8157-9de5-43b7-837e-5ea55540e3a2,"grouped",3,2,"grouped is the past tense of "group," meaning arra"
2250c4b0-81b3-482c-bc57-7156d5ac059c,"grouse",3,2,"grouse can refer to a game bird found in northern "
70b0876b-2401-48b3-b89e-3ef0e0002749,"grousegubernatorial",3,5,"this appears to be a combined word error where "gr"
648311c6-7420-4459-ba22-927098a033e0,"grout",3,2,"grout is a mixture of water, cement, and sometimes"
72abf9da-2f14-4db9-ab01-ea347712af1b,"grouth",3,5,"grouth appears to be an archaic or dialectal varia"
b4c84d5c-a628-4037-a0db-91e9bd04ab32,"groves",3,2,"groves are small groups of trees growing together,"
ccb577ca-9f6d-4954-88d2-a71f9c9560cf,"growing",3,2,"growing describes the process of increasing in siz"
a6ce4685-d474-45f9-9e91-fe8eeeae9053,"grown-ups",null,3,"adult people, as distinguished from children"
78accd77-076c-417d-8adf-53ed2621fab2,"grub",2,1,"grub has several meanings: as a noun, it refers to"
eb879b13-75c3-40bd-b228-6fe29e091f28,"grudgingly",2,3,"grudgingly describes doing something in a reluctan"
094e5899-df01-4a79-b6e1-ea25f5903a12,"grudginglycanopy",2,5,"this appears to be a combined word error where "gr"
e9788b9d-4472-4c67-a67a-d2e59c0cef04,"grueldifficulty",2,3,"this appears to be a combined word error where "gr"
ef730deb-9861-4747-8f8e-0ed898ab71f0,"gruelgroom",2,3,"this appears to be a combined word error where "gr"
44efd397-a359-4c24-93db-7961021115ff,"grumpy",3,2,"grumpy describes someone who is bad-tempered, irri"
78cbea4c-091d-4caf-a8d5-8b14a4f80d2f,"gruyère",3,2,"gruyère is a hard swiss cheese named after the tow"
be7cd83e-c496-411e-bfde-7bb4c9f46e6a,"guam",3,1,"guam is an unincorporated territory of the united "
1b91114a-c2ee-4f7e-8c50-62d6edda6473,"guan",3,1,"guan refers to a type of large bird found in centr"
85a5ab63-04b6-4ebe-b99c-9c88a25a49c1,"guanine",3,2,"guanine is one of the four nucleotide bases found "
1b58f8fb-35ce-4073-b61a-db4b61507ac2,"guardian",3,4,"guardian refers to a person who has legal responsi"
6fd0096e-ef18-4d86-9d0f-c5f117a8d8e3,"guarnerius",2,3,"guarnerius refers to violins made by the guarneri "
0950d0e0-4223-4b72-987b-cb7dda719e87,"guava",3,2,"guava is a tropical fruit native to central and so"
23172074-6581-43a1-9742-5a689b3f99b2,"gudgeon",3,2,"gudgeon has several meanings: it refers to a small"
97a8199f-4ea7-4d27-8783-83c6243e42fc,"guerite",3,2,"guerite is a small sentry box or watchtower, typic"
c09f1d94-4222-4660-8aef-3f825def57ed,"guess",3,2,"guess means to form an opinion or estimate about s"
435def09-d594-4a17-ae0f-c2e811b6ebb5,"gueule",3,2,"gueule is a french word meaning "mouth" or "maw," "
0104ba30-ca45-4175-866e-1b1adb78dace,"guffaw",3,2,"guffaw is a loud, hearty burst of laughter, typica"
7fae6810-b968-41bf-a861-9e554afb0c89,"guido",3,2,"guido is an italian masculine given name, historic"
cb13ff11-7a97-4616-aa2b-13196f4365e5,"guineas",3,2,"guineas can refer to guinea pigs (small domesticat"
d7471eaa-2909-49a0-b418-a22078bb3d1c,"gules",3,2,"gules is the heraldic term for the color red in co"
ea0a3dda-979a-4050-ac48-3b4f0c7d3d13,"gullet",3,2,"gullet refers to the throat or esophagus, specific"
949f5c2c-eb1f-4417-bc43-36012d16b653,"gummy",3,4,"gummy describes something having a sticky, viscous"
0953621a-7237-4870-a454-7e034cc86b70,"gung",3,1,"gung appears most commonly as part of "gung-ho," m"
93f52fa8-417a-4f89-93d9-7367f064000e,"gurdy",3,2,"gurdy typically refers to a hurdy-gurdy, a stringe"
ef6332fe-5706-4844-b33e-226e155b66fd,"gurmukhigyascutus",3,5,"this appears to be a combined word error where "gu"
4cf17f1e-1c25-4162-9c7b-4df4ec6668eb,"gurney",3,4,"gurney is a wheeled stretcher or bed used in hospi"
daa991e3-6bc3-400d-9673-3e9d713ba410,"gurneysanctimonious",3,5,"this appears to be a combined word error where "gu"
58b7c0c6-ec4b-4a73-8c0f-96a613452f7e,"gustatory",3,4,"gustatory refers to the sense of taste or things r"
a5415ea8-86f5-4329-b963-d29e70cb908d,"gusto",3,2,"gusto refers to enthusiastic enjoyment, zest, or v"
0b7cc101-9a24-4563-8246-4beecc007353,"gutter",3,2,"gutter has several meanings: it most commonly refe"
c5c03ea4-e9a4-43f5-bc5f-84b57c218a0f,"guttural",2,3,"guttural describes sounds produced in the throat, "
f19c43a6-7098-4052-ad45-0f87de6eaac6,"gyascutusgyokuro",3,5,"this appears to be a combined word error where "gy"
fc7e98ac-e856-4d5e-bafd-59ae5d883d42,"gymnastics",3,4,"gymnastics is a sport involving exercises and perf"
c48c79cb-55cf-420d-b7b8-958e2c63b736,"gypsophila",2,3,"gypsophila is a genus of flowering plants commonly"
1be4e865-a37b-48d8-9039-3eb2f4bcd706,"gypsum",3,2,"gypsum is a soft sulfate mineral composed of calci"
4cbd52b3-d9d3-4126-9f4e-8b41abc24737,"gyttja",3,2,"gyttja is a fine-grained organic lake sediment com"
e993ba3b-cb45-4c34-836c-71817561dc77,"habeas",4,2,"habeas typically refers to "habeas corpus," a fund"
28c61966-ba25-462e-a123-1ea79460cf61,"habiliments",3,5,"habiliments refers to clothing, dress, or attire, "
4420b510-4a46-4800-a8e4-a0a3cb5de2d6,"habitué",3,2,"habitué is the french spelling (with accent) of ha"
e0643553-45db-4e76-ae89-df5f51acb270,"hackles",3,2,"hackles are the long, pointed feathers on the neck"
6bff1f44-7fc3-4df8-81ec-f17d408977f8,"hadith",3,2,"hadith refers to a collection of traditions contai"
300d04cc-7de6-4c42-8a34-dbf243b4fc6d,"haggle",3,2,"haggle means to negotiate or bargain persistently,"
7a63620d-5d3d-4281-89af-ef7ce82ab13a,"hair",3,1,"hair refers to the fine, thread-like strands that "
6d9b8a4c-a204-4cbe-8e0b-22e73b7770bf,"haitian",3,2,"haitian refers to something or someone from haiti,"
b5b51ce3-64fd-4508-9c77-9c8a62ac5390,"halala",3,2,"halala is a monetary subunit used in saudi arabia,"
f89aff90-d426-4cd1-9a3e-47aa43b8dbb2,"halalah",3,2,"halalah is an alternate spelling or variant form o"
cbdf3442-b480-4917-8964-ae06d305c862,"halcyon",3,2,"halcyon describes a period of time that is idyllic"
e3c02aef-4744-4742-96fc-da3497ff7ba6,"halibut",3,2,"halibut is a large flatfish found in cold northern"
8f7e1c92-91db-4374-934a-248119ac8bd0,"halifax",3,2,"halifax is the capital and largest city of nova sc"
f406ec37-74f1-40d6-b970-bfe85b48240c,"halifaxhallucinate",3,5,"this appears to be a combined word error where "ha"
4c90d918-a971-448b-b97c-6b4a2c0db070,"hall",3,1,"hall refers to a large room or building used for m"
2208d12b-e3a5-4e3d-96cd-706417b97a82,"hallowed",2,3,"hallowed describes something that is regarded as h"
c5cf905c-3d64-4e57-b96f-f9312028bf8f,"hallucinate",3,4,"hallucinate means to perceive objects, sounds, sen"
4de80998-f910-4c1c-aeab-ed776c289df4,"halo",3,1,"halo has several meanings: it most commonly refers"
038989a6-79bb-4cfd-9149-6749c897c3c3,"halogens",3,4,"halogens are a group of chemical elements in group"
033f6840-ffef-4c09-b5b8-f7e0137de731,"hamlet",3,2,"hamlet has two primary meanings: it refers to a sm"
e03c7c19-d39a-42a4-bc95-1a2a01885b7b,"hand",3,1,"hand refers to the part of the human body at the e"
c3956d22-3d1d-4575-8e1c-91169e87b7dd,"hangar",3,2,"hangar is a large building designed to house, main"
42f5d139-c9d4-4ca3-b7b7-a620bf496632,"hankering",2,3,"hankering refers to a strong, persistent desire or"
308e1218-b9f7-4f45-9f68-d5534e29be4a,"haori",3,2,"haori is a traditional japanese jacket worn over a"
71d4adb6-360a-43e9-a8fa-5f673facd2c4,"happenstance",2,3,"happenstance refers to a circumstance regarded as "
a71c5a8c-d0e8-4cd3-b10a-7a86a0ca327e,"happy",3,1,"happy describes a feeling of joy, contentment, sat"
41d1c125-3e4d-4d8a-b98b-249d588780ba,"harbor",3,2,"harbor refers to a sheltered body of water where s"
42c75394-8161-4b9d-a6c5-4b90abca7d9d,"harbour",3,2,"harbour is the british spelling of harbor, referri"
f222e52d-7c97-40b4-8f90-03d4eca0bc36,"hard",3,1,"hard has multiple meanings: it can describe someth"
1fe72e5d-40f2-4ab9-928e-69f34e18c1f8,"harder",3,2,"harder is the comparative form of hard, meaning mo"
b6e2c7bf-eacc-4db4-aea9-d64a99851ffa,"hariolation",2,5,"hariolation refers to the practice of divination o"
add1a10e-ba67-47b4-9c92-4dc993ce52e5,"harlem",3,2,"harlem is a neighborhood in the northern section o"
8131f26e-11cc-4020-96d5-2178c9053381,"harrierdifficulty",2,5,"this appears to be a combined word error where "ha"
bf1cdd45-7eef-4c42-8468-461b8ea0a73a,"harvest",3,2,"harvest refers to the gathering of mature crops fr"
16196532-323c-408b-8443-ed4a974f7d86,"hasten",3,2,"hasten means to move or act quickly, or to cause s"
9890cc67-e6fc-4ec5-895f-e30244af2b00,"hat",null,1,"a covering for the head, typically made of fabric "
652f183d-48bb-4964-b85d-5688e91ee8cd,"hatchling",2,3,"hatchling refers to a young animal that has recent"
c01e593c-e73a-43ab-9aa0-b3f5e9babaaf,"hathor",3,2,"hathor was an ancient egyptian goddess associated "
490bc1c3-fc8c-4cec-96e8-ace6e2b4a599,"hauberk",3,2,"hauberk is a long shirt or coat of mail armor, typ"
95297b57-fe43-4ce5-ae85-9fca30337f57,"haughty",3,2,"haughty describes an attitude or behavior characte"
fb23d6d2-c142-47d7-ac2b-70cd56adb516,"haupia",3,2,"haupia is a traditional hawaiian dessert pudding m"
bdd83ad0-f6e2-4f59-ad4d-a501cf5f5960,"haute",3,2,"haute is a french word meaning "high" or "elevated"
bbbbeb69-4fda-48ef-803c-fe9c12e0da04,"hauteur",3,2,"hauteur refers to an attitude of arrogant superior"
4b461a7c-7cc2-4963-b462-abd549669943,"have",null,1,"to possess, own, or hold something"
454612c6-0c21-45b2-bb69-070f3dc83838,"haven",3,2,"haven refers to a place of safety, refuge, or sanc"
6440d5cf-c82b-449f-9cdf-e11cd66b7728,"havens",3,2,"havens is the plural form of haven, referring to m"
4d6f38fb-0a0b-45ae-988c-251c689c2431,"having",3,2,"having is the present participle of the verb "have"
27187af9-7bb7-4f0d-8a37-7b507c59f852,"havoc",3,2,"havoc refers to widespread destruction, devastatio"
e23866f8-664f-4506-9801-65e05da6d45f,"haw",null,1,"the fruit of the hawthorn tree, which is small, ro"
c9a0a2ca-8c19-4004-b5d6-2095cf519576,"hawaiian",2,3,"hawaiian refers to something or someone from hawai"
0fa9e18a-e19c-4bfb-92c7-736b4d60052b,"hawk",3,1,"hawk refers to a bird of prey characterized by bro"
0c286317-eaf6-4961-a7c2-8bbb71de91ee,"hawok",4,2,"hawok appears to be either a variant spelling, reg"
b22c25d6-8297-4991-ac35-1b9fe7c118f9,"hawsers",3,2,"hawsers are heavy ropes or cables used on ships fo"
28bfbddc-41c8-4248-962e-ee2251a9e8df,"hazardous",3,4,"hazardous describes something that involves danger"
a748a44e-cd46-4913-95a2-7bde5307460f,"hazmat",3,4,"hazmat is an abbreviation for "hazardous materials"
e5bd26af-161c-4796-8331-1c0b5b6ee421,"head",3,1,"head has numerous meanings: anatomically, it refer"
1d2c5867-83c2-4bd4-a6e3-c783acd510eb,"health",3,2,"health refers to the state of being free from illn"
718eb20d-a6fa-40e4-b07b-62c5c82a4904,"hear",3,1,"hear means to perceive sounds through the auditory"
6ba94c56-240f-47f8-94f7-c2dc13ad2c48,"heard",3,2,"heard is the past tense and past participle of the"
39bc9a17-5c3f-4fe8-86e8-f6b4c592ac19,"heartthrob",2,3,"heartthrob refers to a person, typically a celebri"
3b9f5838-b279-4caa-8228-0ff0e8a2486a,"heavenly",2,3,"heavenly describes something that relates to heave"
e4853066-c922-4a58-9136-a38bf67c8b21,"heavenlyheiress",2,3,"this appears to be a combined word error where "he"
42353ed3-df44-4d6a-a4a3-343ef6e4b2b0,"heavy",3,2,"heavy describes something that has great weight, m"
20c0cb9b-3e1c-418f-979a-f0bcacc7a5e9,"hebdomadal",3,5,"hebdomadal means occurring weekly or relating to a"
cf528074-a56d-424d-b0ac-d959fb04d6b6,"hegirae",3,2,"hegirae is the plural form of hegira, referring to"
3a0fa2a9-2846-469c-b05a-4f4d7c352738,"hegiraeanomaliped",3,5,"this appears to be a combined word error where "he"
7b2b18b2-b0db-4c85-9ecd-62d5367680bd,"hegiraemoissanite",3,5,"this appears to be a combined word error where "he"
36c2e8cc-b67b-45a0-a0f8-e07bcfe05ea4,"hei-tiki",null,3,"a type of pendant or ornament carved from greensto"
2cefeda5-0c9f-414a-943b-476274728088,"heiress",3,2,"heiress is a female heir who inherits or is entitl"
fb66bbb6-e987-4d21-96f6-fc06884a5c82,"heirloom",2,3,"heirloom refers to a valuable object, piece of pro"
098a4b90-cef9-49d6-a59b-2cda6047e28d,"heist",3,2,"heist refers to a robbery or theft, particularly o"
620d9b1d-b8bb-4b8c-b9fb-9666a2277758,"held",3,1,"held is the past tense and past participle of the "
d2615cb1-a21e-4816-886f-bdf9419771a6,"heleoplankton",2,3,"heleoplankton refers to microscopic organisms that"
e91a0052-d3fd-4ed6-adc4-545733f37616,"heleoplanktonpliant",2,5,"this appears to be a combined word error where "he"
8b7599f7-2eef-4d31-b8cf-5b143333cb3b,"heliacal",2,3,"heliacal refers to astronomical phenomena related "
29619bb4-2abb-4e79-b952-c56c0082c4b1,"heliotrope",2,3,"heliotrope has multiple meanings: it refers to a p"
917494a5-f053-4ad1-b62f-ed86fba9c2b2,"helium",3,4,"helium is a chemical element with the symbol he an"
5b36ac7b-f4e1-4543-a87c-0795e8fbe471,"hellebore",2,3,"hellebore is a genus of perennial flowering plants"
6fc0e05d-4b47-4cc8-88fe-e1a08c01756e,"helmet",3,2,"helmet is a protective covering worn on the head t"
005c6694-875c-4c22-aa04-76c56ca36373,"help",3,1,"help means to assist, aid, or support someone in a"
204d7611-c156-41a1-8206-7278b07e9ec6,"helped",3,2,"helped is the past tense and past participle of th"
2d89d1e3-7848-4b6f-bef2-d6ca5f472bfe,"hem",null,1,"the edge of a piece of fabric that has been folded"
93047973-0c89-4e9b-a4f5-82e7394578b0,"hemorrhage",3,4,"hemorrhage refers to severe or uncontrolled bleedi"
f69e2e28-57c5-4e4e-8e3e-829c54db372a,"hennery",3,2,"hennery is a poultry house or enclosure specifical"
9ab07b03-79ea-4fec-bf3f-c993d2366302,"hennin",3,2,"hennin is a tall, cone-shaped headdress worn by no"
b3f7a4fd-8ba8-4a6e-ba6b-6b31807b2d23,"henry",3,2,"henry has multiple meanings: as a proper name, it'"
d762e7fe-5ff0-4480-8a51-fc96435829a8,"heptad",3,4,"heptad refers to a group, set, or series of seven "
ef24d536-bc12-444f-9af6-656bdfa0705f,"heraldic",2,3,"heraldic refers to the art, practice, or science o"
e8d58317-0aa5-4f8d-8469-a6912bcc1bbf,"herb",3,1,"herb refers to a plant valued for its medicinal, c"
a23094e1-7416-4fae-80e1-b63da7be97b1,"herbaceous",2,3,"herbaceous describes plants that have soft, green,"
ac950a13-f783-4f14-9ade-7747fce169a0,"heredity",4,3,"heredity is the biological process through which g"
29e3e8df-f1c3-4563-9bd1-c5e58a43fc34,"heresy",3,2,"heresy refers to beliefs or opinions that contradi"
f2938e7a-2ed1-486a-9338-29ab7b53beaf,"hermeneutics",4,3,"hermeneutics is the theory and methodology of inte"
b87b6c96-d789-4c67-ba7b-e687622f1857,"hero",4,1,"a hero is a person who displays exceptional courag"
5663a35d-4d11-4888-b236-1b5d7b291689,"herodotean",4,3,"herodotean refers to characteristics resembling th"
c42b67f0-1bb2-4eee-95fe-f1b30e5be0cc,"heroes",4,2,"heroes are individuals who demonstrate exceptional"
ba03745d-b313-459a-afc8-7bb5bd1fe4c8,"heroic",3,2,"heroic describes actions, qualities, or individual"
aef6525a-0e29-4a3a-a87a-3a97086e9161,"hesitate",4,3,"hesitate means to pause before acting or speaking "
ad7be24e-db51-477f-8530-efedcc756463,"hesped",3,2,"hesped is a hebrew term referring to a eulogy or m"
3bdfc7bc-c9db-42fd-aa1d-845f7271c20d,"hessian",3,2,"hessian refers to coarse, strong fabric made from "
b8563d45-1000-49d2-bfe5-a27347b6b299,"heterochromia",3,5,"heterochromia is a rare condition characterized by"
4a105a88-14ef-4710-b5a6-32be910ef5eb,"hetman",4,2,"hetman was a historical military and political tit"
532e3ecb-e99f-4dc0-af18-ba32592288b9,"heuristic",4,3,"heuristic refers to problem-solving approaches tha"
ae7dbc0b-5b81-4078-ba18-27d80b1c64fb,"hey",null,1,"an interjection used to get someone's attention or"
e8ba1002-7766-44fa-8fca-f35cdafeb8cd,"hiatus",4,2,"hiatus refers to a pause, break, or gap in continu"
ea71187f-7c26-476e-8386-a650d2a049ef,"hideout",3,2,"hideout refers to a secret or secluded place where"
244be9cb-675b-49a0-a8aa-1832cdb1c198,"highlands",4,3,"highlands refer to elevated regions of land charac"
25bbbb23-727e-4640-8a31-70f629f84f5e,"highlandsdifficulty",3,5,"this appears to be a combined word error from pdf "
788f5098-19b4-48fe-b6c0-f064fdb74325,"highway",4,2,"highway refers to a major public road designed for"
072c4abe-1915-41f9-bf13-28aa674f1867,"hijab",4,2,"hijab is a head covering worn by many muslim women"
0d256d48-1817-4d11-b0f6-91bd072fc3f6,"hike",4,1,"hike refers to walking, especially for pleasure or"
8c863ea7-ad0c-450d-8c26-1ce94d4ae299,"hill",4,1,"hill refers to a naturally occurring elevated area"
c69c1c52-f327-441d-ba54-bc222c583639,"hillock",3,2,"hillock is a small hill or mound of earth, typical"
f03ef862-44e8-4677-8c76-11ad27fe5901,"hilum",3,4,"hilum refers to a scar or point of attachment on a"
98828493-2f64-4968-8f61-7dd370ad94c9,"himalayan",3,4,"himalayan refers to anything related to or origina"
998e7c19-1d6b-4bbe-a751-a6c5d91f2fa8,"hinged",3,2,"hinged describes something that is attached or con"
b22cef95-e41c-42ec-88e3-6bdd2d95206f,"hinoki",3,2,"hinoki is a species of cypress tree (chamaecyparis"
b2aa501f-cfd9-4362-a49a-934f8d94c973,"hint",4,1,"hint refers to a subtle suggestion, clue, or indic"
ba3d201c-5a8d-458b-a4cf-4c0c46862775,"hiortdahlite",3,5,"hiortdahlite is a rare calcium-sodium-zirconium-fl"
c04a9bc7-12c8-42a1-99a1-c2224fe00099,"hirsute",3,4,"hirsute describes something that is hairy, shaggy,"
442d4fda-e9fa-4ff4-b5a8-72e7557c31c1,"history",4,2,"history is the systematic study and interpretation"
cce2fee6-274e-47b7-9694-9c2308ca6daa,"hit",null,1,"to strike or come into contact with something forc"
636e6bf1-0a72-491c-8e3e-1509787bc900,"hitchcockianhoagies",3,5,"this appears to be a combined word error from pdf "
04732bcb-48ef-4471-afdb-98ee94b0663a,"hitched",3,2,"hitched describes something that has been fastened"
a68ed4f1-0617-408c-9af7-045334819eb8,"hitherto",4,3,"hitherto means "until now" or "up to this point in"
56f7eaa7-7861-4d1a-8d4b-f465cfa537e2,"hitler",4,2,"hitler refers to adolf hitler (1889-1945), the aus"
49d625df-e25a-4385-807f-56dc52aae901,"hive",3,1,"hive refers to a structure that houses a colony of"
64c707b9-8a5f-4e82-8226-4360ff07d154,"hoagies",3,2,"hoagies are submarine sandwiches consisting of a l"
50a1cbc6-0081-4386-9e51-d69d9628a4b4,"hobbit",3,2,"hobbit refers to a fictional race of humanoid crea"
e8b14d81-24bc-4a04-9e1a-c4853da10991,"hobble",4,2,"hobble refers to walking with difficulty due to pa"
1db91e01-7857-4713-8ddf-185ed97864e0,"hobbledehoy",3,5,"hobbledehoy is an archaic term describing an awkwa"
c3d060d6-682e-4dbe-aea9-2d2ec21a3cc2,"hocus",3,2,"hocus typically appears as part of the phrase "hoc"
859ad544-5cde-4af3-9008-f2d0f983bd46,"hocus-pocus",null,3,"meaningless talk used to deceive; sleight of hand;"
822e069d-0a96-4703-bdee-87294a46d5c8,"hodgepodge",4,3,"hodgepodge refers to a confused mixture or jumbled"
155fd89e-ccd4-4b5b-810c-84ea203bc93b,"hoi",null,1,"a greeting or exclamation used to attract attentio"
e2e947cc-105e-4c97-aa9c-6cff5c50d612,"hoity",4,3,"hoity typically appears as part of the phrase "hoi"
e289aa9b-9590-4483-91e8-6f03993ac47c,"hoity-toity",null,3,"haughty and pretentious; putting on airs"
62544e6a-9307-43c1-97a7-019d7fd1e9b5,"hokum",4,2,"hokum refers to nonsense, bunkum, or deliberately "
f9187f65-0fd0-4cce-a325-376464962d09,"hokus",4,5,"hokus appears to be an alternative or archaic spel"
9af61b44-0f4c-4bfc-90fe-383dac3b4001,"hokus-pokus",null,3,"alternative spelling of hocus-pocus; trickery or n"
6486653d-65e8-4c98-a415-7efda564544f,"hold",3,1,"hold refers to grasping, maintaining possession of"
a99fd66f-dc7f-4aed-8c18-857e7dd53ab5,"holder",3,2,"holder refers to a person who possesses, owns, or "
20a7f993-965d-4fe3-98c2-10760f87ea50,"holes",3,4,"holes are openings, gaps, or hollow spaces in soli"
ad523e01-68b6-441b-abf5-4b6bf8e7876d,"holiday",4,2,"holiday refers to a special day designated for cel"
ccc266aa-7847-4278-ba9f-5fc765305848,"holmium",4,5,"holmium is a rare earth metal and chemical element"
bf1992ef-d1b2-4130-ac71-d640eb3ca260,"holobenthic",4,3,"holobenthic describes marine organisms that spend "
bedf8c44-0971-4b27-8350-48e6c2238d51,"holocaust",3,4,"holocaust refers to the systematic persecution and"
b773aefb-f0db-40b9-ab92-12d2ef3108e3,"holstein",4,3,"holstein refers to a breed of large dairy cattle k"
13fe9f6d-7054-4206-a6a6-b71021c869cb,"holy",4,1,"holy describes something that is sacred, consecrat"
ecb00385-4f24-421e-81a4-a50509f1d974,"homage",4,2,"homage refers to special honor, respect, or tribut"
e5113c98-2f79-450f-8b9c-c2bb73e7fe92,"home",4,1,"home refers to the place where a person or family "
ba0c4686-a1c7-4ebf-b900-d3f8e4c150a8,"homework",4,3,"homework refers to academic assignments given by t"
1a1c76ef-f880-48d2-8bdc-105cd8518fe6,"homicide",4,3,"homicide is the killing of one human being by anot"
b503ac11-4527-4534-b80b-f814dcdee4f6,"homiletics",4,3,"homiletics is the art and science of preaching and"
dee40aed-a73d-46ca-8081-07fd2f8767dc,"hominem",4,2,"hominem typically appears in the phrase "ad homine"
79c7696a-4516-4884-acd7-381f823b496b,"hominin",4,2,"hominin refers to any member of the evolutionary l"
13afbf08-7878-4b6f-a10b-e1c5bb90e92b,"homoscedasticity",4,5,"homoscedasticity is a statistical concept referrin"
1e0372e7-1c9c-4983-bc86-46839be8d74b,"honking",3,2,"honking refers to the loud, harsh sound produced b"
ac6f0a35-7df5-4871-8741-0f1ca715ada6,"honolulu",4,3,"honolulu is the capital and largest city of hawaii"
d44b1067-8fb2-43d3-b55d-e0d0d17783bf,"honor",4,2,"honor refers to high respect, great esteem, and re"
81f4a9df-87ce-4115-945a-36dea49ad4cf,"honorific",5,3,"honorific refers to titles, forms of address, or l"
13254e1a-9cf6-4b30-addf-60c093b237e0,"honourific",4,3,"honourific is the british english spelling of "hon"
b1e10d8c-fc9d-4d4a-91ab-b1744c019973,"hooey",4,2,"hooey is an informal american slang term meaning n"
55184f3d-6b8b-42d6-938a-1e450a21373b,"hook",2,1,"hook refers to a curved or bent device designed fo"
0148634a-b205-426c-a00b-bbf2a3604883,"hooligan",4,3,"hooligan refers to a person who engages in rowdy, "
09b1d8e3-0380-42e0-b944-1df038afac5d,"hooves",4,2,"hooves are the plural form of hoof, referring to t"
a3656c81-c495-403f-a28a-cc350a6bbf08,"hope",4,1,"hope is a feeling of expectation and desire for po"
52f5f384-f9bc-49f1-afda-d0c6ce8691d3,"hopped",4,2,"hopped is the past tense of the verb "hop," descri"
2475ea2a-b038-4abf-aff2-01d6cfd17a29,"hopping",4,2,"hopping is the present participle of "hop," descri"
8206bc7d-8f2b-46e9-b4b9-6e420838b2fa,"hopppped",4,3,"this appears to be a spelling error or typographic"
943c711b-aefe-4ff2-bd0d-5f61a580ccc4,"horned",3,2,"horned describes animals or objects that possess h"
81d87613-4276-4dc9-babd-767a29d59ecd,"horns",3,2,"horns are hard, pointed structures that project fr"
0c0ed92c-60ad-42cf-867c-864047c716b4,"horologistspeleothem",4,5,"this appears to be a combined word error from pdf "
0e9f777f-4a27-43ed-83be-b0e5259162fb,"horse",4,2,"horse refers to a large, four-legged domesticated "
c817b521-a09a-49e1-a49b-b713d19d83c8,"horseradish",3,4,"horseradish is a perennial plant (armoracia rustic"
394ba784-260e-436c-ad62-1637d30d147e,"hortatory",4,3,"hortatory describes language, speeches, or writing"
2554a378-7168-48d0-aeaa-681ac13402fb,"hospitality",4,3,"hospitality refers to the generous and friendly tr"
efe04609-2aca-4732-8a22-85f27520172f,"hostile",3,2,"hostile describes behavior, attitudes, or environm"
7ecfe8ac-7dd3-47ca-9ee5-f2f1c5ce36ae,"hot",null,1,"a high temperature or degree of heat."
0a87b48a-a308-4b65-9323-f09c71c45b23,"hotel",4,2,"hotel refers to a commercial establishment that pr"
67faa2db-b91c-4a14-9186-8fb21963fa70,"house",4,2,"house refers to a building designed and constructe"
5a1801f1-b94b-4f3b-94c5-5ec631b1c9b6,"households",4,3,"households refer to groups of people who live toge"
b103fb3c-e46a-4f62-90bd-4c6541c1ceaa,"houses",3,2,"houses is the plural form of house, referring to m"
e43b5cbb-ee64-4988-9286-792a6594822d,"hover",4,2,"hover describes the action of remaining suspended "
686ae0aa-9ad4-45a3-9aeb-317ec7948ed0,"howard",4,2,"howard is a given name and surname of english orig"
306c8541-7c14-4b47-bcc0-026fdb700245,"howdy",4,2,"howdy is an informal greeting commonly used in ame"
db869baa-718b-4838-a691-fca72936479a,"however",4,2,"however is a transitional adverb used to introduce"
fa456956-2003-4fb3-90d3-6549084b4795,"howler",3,2,"howler refers to something or someone that howls, "
57ffddfd-a521-4fc5-8063-667e5a435686,"hsaing",4,2,"hsaing appears to be a transliteration or romaniza"
812b27ab-bd48-4825-963c-0a918fc96b58,"hsia",4,1,"hsia appears to be a transliteration of a chinese "
67e25cef-f1ad-4200-b0a6-9b591a7719d1,"huallaga",4,3,"huallaga refers to the huallaga river, a major tri"
d7e5ca82-1483-4eb5-8732-722affc6ae50,"huapango",4,3,"huapango is a traditional mexican folk music and d"
43315f06-4ecc-4c49-9fdf-4a1675545f85,"hubbub",3,2,"hubbub refers to a loud, confused noise or uproar,"
c8d16f3c-b49f-4fa9-bb59-bc3a54bc47ae,"hubris",4,2,"hubris refers to excessive pride, arrogance, or se"
e4f9859e-e322-489d-b28b-a27390a62b6d,"huerta",4,2,"huerta refers to a traditional spanish and latin a"
d7ccffab-d814-4da1-af1f-af46808e4805,"hug",null,1,"a close embrace with the arms, as to express affec"
2339a298-e901-42e2-834e-208c03f46f4b,"huge",3,1,"huge describes something that is extremely large i"
3f0c6598-aa37-4253-9c0e-633b485b4f2b,"hugh",4,1,"hugh is a masculine given name of germanic origin "
a363301f-5994-4d39-a1cd-7cf8090ca54e,"huguenot",4,3,"huguenot refers to french protestant christians wh"
e17e3cbd-793e-4648-81d8-25973e01a4aa,"huipil",3,2,"huipil is a traditional blouse or dress worn by in"
dd221b6e-b064-41b0-9ac3-7a6787a26ec8,"hula",4,1,"hula is a traditional hawaiian dance form that com"
76ed2f44-bcaa-43d0-8be1-cfb752919e39,"hull",4,1,"hull refers to the main body or frame of a ship or"
eb368c58-430e-4805-9014-aa6a65524e9d,"humane",4,2,"humane describes behavior, treatment, or policies "
c3ef0463-82c7-4b0b-bdb7-cf298fd4c66b,"humboldt",3,4,"humboldt typically refers to alexander von humbold"
cdd08557-4ebd-4542-a4f1-e235301a68a9,"humdrum",3,2,"humdrum describes something that is lacking in var"
841a8a43-ac79-4f78-b637-445f672c9975,"hummock",3,2,"hummock refers to a small mound, hillock, or raise"
516590ef-650e-48df-9955-9e4c84ad01c3,"humor",4,2,"humor refers to the quality of being amusing, ente"
91fb71aa-4483-4b94-b2b8-ffb62f160c7c,"humour",3,2,"humour is the british english spelling of "humor,""
9bba234e-d90d-4981-9540-a5787e5abaf0,"hunch",4,2,"hunch refers to an intuitive feeling, guess, or su"
7d1fd999-d612-4259-a69d-7f20644d48fb,"hungary",4,2,"hungary is a landlocked central european country b"
e84fe718-180d-4286-a594-ab13b21cb00c,"hunky",4,2,"hunky is an informal adjective describing a man wh"
97de0064-89a9-4cab-a3db-c892832e3387,"hunky-dory",null,3,"quite satisfactory; fine"
cb4ef3a8-40fc-4a1a-96ff-699246504e11,"hunting",3,2,"hunting refers to the practice of pursuing, captur"
8f452988-518d-4e94-a277-ca93ee0e82c0,"hurdy",4,2,"hurdy typically appears as part of "hurdy-gurdy," "
b59fa59f-2ff6-43bb-95e9-599c97afdef9,"hurdy-gurdy",null,3,"a stringed musical instrument with a wheel that ru"
1fe1f07a-e693-4d5a-9965-1e370f4b15d7,"hurtle",3,2,"hurtle refers to moving with great speed and appar"
e5361313-3623-4321-ad7a-19af4966a968,"husk",3,1,"husk refers to the dry outer covering or shell of "
d6e66f2f-e9be-4f9a-9151-08ea3395b90b,"hutia",3,2,"hutia refers to large rodents belonging to the fam"
f62ea6c7-88c4-4d94-a6de-e3fdc66482ab,"hybrid",4,2,"hybrid refers to offspring resulting from the cros"
b0a0259b-80f9-41e2-be74-251218232e59,"hydrant",3,4,"hydrant refers to a connection point in water supp"
70c84f80-47db-472a-9cdc-b8405227be62,"hydrargyrum",3,4,"hydrargyrum is the latin name for mercury, the che"
1b1e20c5-1a80-461a-a197-d3ee33064bd8,"hydriotaphia",3,4,"hydriotaphia refers to "hydriotaphia, urn burial,""
25fc0b46-354d-4a5b-91a3-05c57d13f3a2,"hydroponic",3,4,"hydroponic refers to a method of growing plants wi"
fd332bbb-c91e-4055-b711-048ff3603831,"hymnal",4,2,"hymnal refers to a book containing religious songs"
7b6776d4-d67c-40c7-8287-5c54ce8d8b67,"hypaethral",4,3,"hypaethral describes architectural structures that"
efff09d0-246d-4a93-8ebb-df1d7dd8150b,"hyperion",4,3,"hyperion refers to a titan in greek mythology, one"
05515e9c-3977-4507-a483-943eba9603be,"hypoallergenic",3,4,"hypoallergenic describes products, materials, or s"
df821393-1810-44b7-aa97-2bb68f834d42,"hypocaust",4,3,"hypocaust was an ancient roman heating system that"
9242cfa1-a0fd-4075-83f2-d856d2619b27,"hyrax",3,2,"hyrax refers to small, furry mammals belonging to "
aed78737-2fc1-43d4-b3a8-db5b7445d3e1,"hysteresis",4,3,"hysteresis refers to the phenomenon where a system"
7ead6aa2-a9e8-42ac-89cb-3b308524d741,"hysteron",4,3,"hysteron typically appears as part of "hysteron pr"
caef17af-e8d1-4f9e-bb2e-24b6cd45989e,"iberian",4,2,"iberian refers to the iberian peninsula in southwe"
52c28cba-f1bf-4aa8-9704-ccbfb5405e4f,"ibex",3,1,"ibex refers to several species of wild mountain go"
22bf26e5-cdc4-426e-87f8-74b80fa18828,"ibidem",4,2,"ibidem is a latin term meaning "in the same place,"
f5a10d0c-0067-448b-8b2f-0932beda5ddf,"ibuprofen",3,4,"ibuprofen is a widely used nonsteroidal anti-infla"
be54e9bf-e7c8-45ce-ba69-e433350ab9ea,"icarian",4,2,"icarian refers to characteristics resembling those"
56bc661e-fd3a-4b65-b6aa-2b3de6ef0fec,"ice",null,1,"a clear, frozen liquid that forms from water when "
9214c970-99cb-4c55-9764-3e6df7a98a31,"iceberg",3,2,"iceberg refers to a large piece of freshwater ice "
35f57739-a134-42ef-8529-8bd9c8968266,"icelandic",4,3,"icelandic refers to the north germanic language sp"
a0700e6c-096e-4e9e-a1ed-8e5143f54167,"iceni",4,2,"iceni were an ancient british celtic tribe that in"
8c7faaba-dfa4-4ea7-87d1-bf59e5970301,"icing",4,2,"icing refers to a sweet, often decorative coating "
e6edfe48-3074-4413-86cb-9f304c2ff749,"idea",5,1,"idea refers to a thought, concept, notion, or ment"
3234a6eb-5d78-4ef8-bfd3-014d391318ad,"idiolect",4,3,"idiolect refers to the unique variety of language "
5145c4d4-ed2c-4f66-9667-9a999b138da1,"idiosyncratic",4,3,"idiosyncratic describes behavior, characteristics,"
36094ea2-9de9-4caa-9252-b322d372dcc7,"idyllic",4,5,"idyllic describes situations, places, or experienc"
14429572-3e03-4b5d-bfcf-45745cd1187e,"igneous",3,2,"igneous describes rocks that formed from the cooli"
c7d6c6b5-a0ff-45a5-9b13-93d842c7b6e5,"ignoble",3,2,"ignoble describes actions, motives, or character t"
c4e4f74b-77f0-4383-bdd5-af23f0dc2e7a,"ignominious",4,3,"ignominious describes situations, actions, or outc"
a19744ef-2c1c-45aa-97b5-cf9c9ae65238,"ignore",4,2,"ignore means to deliberately pay no attention to s"
b0eb3384-870f-4f9a-94da-dfff179bc7ff,"ikat",5,4,"ikat is a traditional textile dyeing technique whe"
bf21f39c-b102-43b7-951c-90504e1d5ee4,"illicitly",4,3,"illicitly is an adverb describing actions performe"
69839da1-2c0d-4229-834b-a5713f6cae5c,"illuminates",4,3,"illuminates is the third-person singular present t"
9845770a-5cd1-4d9f-9a1b-2a41c02d9748,"imagery",4,2,"imagery refers to vivid and descriptive language t"
9933c9ff-f4fa-46e1-8906-dab947b6a7e2,"imaret",4,2,"imaret refers to a charitable institution in the o"
10af78f8-e860-47df-aa03-d42a82f1c31c,"imbibe",4,2,"imbibe means to drink, absorb, or take in liquid, "
105582ea-9c09-4a35-ac1e-57d19af61c43,"imbroglio",4,3,"imbroglio refers to a complicated, confusing, or e"
f675002a-47c0-485c-9152-5b4a6b33e858,"imitate",4,2,"imitate means to copy, mimic, or reproduce the act"
62e63e64-7a34-4cd6-a2dd-477799db0804,"immiscible",3,4,"immiscible describes liquids that cannot be mixed "
bd601c8a-63c2-4892-9a99-f496b3d7e497,"immiscibletoroidal",4,5,"this appears to be a combined word error from pdf "
c5f22187-4477-4fec-bb74-3c5e9df2ebeb,"immobilize",3,4,"immobilize means to prevent movement or make unabl"
b60cae55-9900-4975-9b37-3945c1c8e0b4,"immoderate",4,3,"immoderate describes behavior, opinions, or action"
cd17e1f2-4a4e-4a2b-bc34-532e17f5f4ea,"immolate",4,3,"immolate means to sacrifice or offer as a sacrific"
edc03920-5bed-4fba-b97e-c87ed4cc1303,"immure",4,2,"immure means to confine, imprison, or shut up with"
4706b316-1f88-488e-86fe-132ee9f7155b,"impasse",3,2,"an impasse is a situation where progress becomes i"
4e8fa430-cdb2-4a00-9885-65ceb5e654e3,"impasto",3,2,"impasto is a painting technique where paint is app"
8b301740-0cff-4b5c-b454-d349f92ba9ba,"impastoantagonistic",3,5,"this appears to be a combined word error from pdf "
0f7ba90e-e1d9-4acc-8b06-5cc92f09b20f,"impeachable",4,3,"impeachable describes actions or behaviors that pr"
222e8a5a-864a-492a-a447-ec9ebd13aa8a,"impeccable",2,3,"impeccable means absolutely perfect, flawless, or "
6744e29a-1e11-485f-b593-b59151fab0ed,"impel",3,2,"impel means to drive forward, urge, or push someon"
943bc85d-e1cc-40ab-8426-eb2d0613be20,"impenetrable",4,3,"impenetrable describes something that cannot be pi"
5ad1cdd9-5873-488a-af77-52753e9fc575,"impetus",3,2,"impetus refers to the force, energy, or motivation"
02aa3f12-c27a-4191-801f-cf0251bfc30d,"implicative",4,3,"implicative refers to something that suggests, imp"
dcc48f8f-6386-4ed8-a372-c68d1c0e38e5,"implicativesostenuto",3,5,"this appears to be a combined word error from pdf "
53b9a1fe-eb32-449b-b7aa-b8a0eef86af0,"implore",3,2,"implore means to beg earnestly or desperately for "
d67af1f2-b78a-4b6d-a23a-e64811358e02,"imposter",4,3,"an imposter is someone who deceives others by pret"
af43a3bf-f59f-47c2-9173-b52390f0724a,"impresario",4,3,"an impresario is a person who organizes, manages, "
fe8a550b-dd68-47d8-a104-346f9052f51f,"impromptuincinerate",2,5,"this appears to be a combined word error from pdf "
9fb54ae1-1ccb-4b18-b00f-19b339a0f821,"improve",4,2,"improve means to make or become better in quality,"
608cbf86-ca99-4994-abcf-289f4eee2866,"impugn",4,2,"impugn means to challenge, dispute, or attack the "
c69a2a2a-fc20-45ed-b7a8-e47e35d197c5,"inaudible",3,4,"inaudible describes sounds that cannot be heard, e"
19dc55d0-7f60-4081-9df5-85f2aba08e95,"incandescent",3,4,"incandescent describes something that emits bright"
d0473666-ccee-4293-ba0c-43be9070376b,"incarnated",null,3,"to be made flesh or embodied, as a divine or spiri"
72e3e01b-d1f6-4b25-8e9e-34cdaa0f80cd,"incendiary",3,4,"incendiary describes something designed to cause f"
a6b92a3d-b472-4099-ae5a-091ba4421be3,"incentive",4,3,"an incentive is something that motivates, encourag"
d5a77a95-d0ed-44f3-8cc2-b4005b9deb13,"inched",3,2,"inched is the past tense of "inch," meaning to mov"
484c89de-9b74-4a44-a3f0-1a77fa5e4a9e,"incident",4,3,"an incident is a specific event or occurrence, oft"
8875b11d-beff-4920-a02c-74b5a199cc55,"incinerate",3,4,"incinerate means to burn something completely to a"
bd7b0e6e-1c0b-49bf-bb18-ec9321c66f5a,"incisiform",2,3,"incisiform describes something having the shape or"
94648025-9094-483b-8656-1aa8ae7885a9,"incited",3,2,"incited is the past tense of "incite," meaning to "
6f023136-fc77-4316-968d-a0e6190aeb03,"include",3,2,"include means to contain, comprise, or make someon"
8556a9ec-1ddc-4689-8f1e-d9dd3f7b27be,"including",4,3,"including is a preposition and present participle "
a3a8ddba-0204-4e44-bcf5-9d6c2f6bf569,"income",4,2,"income refers to money received on a regular basis"
f26a32e6-8808-4bcc-8b26-d3319e96d87b,"incompetent",3,4,"incompetent describes someone who lacks the necess"
16d19579-4410-4f2d-87e8-1a3e9e187540,"incomprehensible",4,5,"incomprehensible describes something that cannot b"
b8ee6779-7918-488a-be64-215c80782cac,"incontrovertible",4,5,"incontrovertible describes evidence, facts, or arg"
37e36f68-2f82-47ad-8ac3-77a895b3623d,"increase",4,3,"increase means to become larger, greater, or more "
7166ae77-51b2-4983-a739-cd14ea307ee5,"increasing",3,4,"increasing describes something that is growing lar"
920fc3a4-8707-4274-9521-eb8b29e6b5e0,"incubate",3,4,"incubate means to maintain optimal conditions for "
579a63c5-5ce5-4c24-8748-5c6608a07e4d,"incubator",3,4,"an incubator is a device or environment that provi"
b4d1e484-456d-4b05-81c3-45da2a65a238,"inculcate",4,3,"inculcate means to instill ideas, values, or habit"
1ae71d81-9778-40df-88d8-cc768ccf7877,"incunabulacordillera",3,5,"this appears to be a combined word error from pdf "
5244e280-3ad0-4656-b884-d9dd543ffa93,"indeed",3,2,"indeed is an adverb used to emphasize truth, confi"
1796baa3-5dd4-41d0-adec-c743be226647,"indefatigable",4,3,"indefatigable describes someone who shows tireless"
d37fe393-5fc0-4244-b1c3-71c06daabdbc,"indent",4,2,"indent means to create a notch, depression, or rec"
849d6546-f3a6-47a4-b96d-5fa1f93149a2,"independent",4,3,"independent describes someone or something that is"
b64560ba-e89f-4016-9ff8-03963c60a301,"india",3,2,"india is a south asian country, officially the rep"
700a0cd8-622f-498b-8914-8871f9bef0c1,"indicate",3,4,"indicate means to point out, show, suggest, or ser"
161bf08f-b70d-4179-8647-c790c4806a7a,"indict",4,2,"indict means to formally charge someone with a cri"
20f30a02-7d28-4732-a75b-bcd85de66e1f,"indie",3,2,"indie is an informal term for "independent," typic"
94c2a60f-7a31-4bf4-93a5-9b2be4777cb8,"indigent",3,4,"indigent describes someone who is extremely poor, "
9901c8b3-ce3b-455e-a738-94ada8d8a6da,"indigo",3,2,"indigo is a deep blue-purple color, historically d"
8621940d-13e3-4727-8be9-44507fe09592,"indistinguishable",3,5,"indistinguishable describes things that are so sim"
cfcdd257-8a88-4d47-b821-529c987b8956,"indolent",3,4,"indolent describes someone who is habitually lazy,"
09bbc89f-1b54-43fb-95e6-2caef1a1b17a,"indolentdocumentary",3,5,"this appears to be a combined word error from pdf "
fb2f870e-9116-4571-8855-9e50a84d90e0,"inducement",4,3,"inducement is something that persuades, motivates,"
3ed62965-a56f-4b0e-92ba-d733827f9441,"inducementdid",2,3,"this appears to be a combined word error from pdf "
9dbb1548-8203-49b2-a29b-044cb5a140be,"industry",4,3,"industry refers to organized economic activity inv"
a91a1b96-708b-4ffa-a975-97a01d9d91ce,"inevitable",3,4,"inevitable describes something that is certain to "
45aa0ad7-a65c-4a1e-9388-8183b4697890,"infant",3,4,"an infant is a very young child, typically under o"
af27abcc-801a-4be6-8f35-5a36dd4b3d0c,"infectious",3,4,"infectious describes something capable of spreadin"
35cdf6f5-d33b-4888-b0b2-5d151d025db3,"infinite",3,4,"infinite describes something that has no limits, b"
c45481fd-b9e2-4538-a61e-a7b1a3e0e19f,"inflammable",3,4,"inflammable means easily set on fire or highly com"
fd217300-221d-4e8a-abc9-fa6c4dc9eff6,"inflate",3,2,"inflate means to fill with air or gas to expand so"
318502df-60e5-4913-994d-363b81f56528,"influential",3,4,"influential describes someone or something that ha"
34a38a60-1a93-490b-ad11-f5ff3f5ba79e,"informed",3,4,"informed describes someone who has acquired knowle"
0ca7d9f0-d99b-43a7-b654-1f84db2185bb,"infrared",4,5,"infrared refers to electromagnetic radiation with "
ef904d53-8d41-4b77-9582-14b16adbc0c2,"infringe",4,3,"infringe means to violate, breach, or encroach upo"
8d8f3abd-198e-4034-a9a8-8ed39093d780,"ingot",3,2,"an ingot is a block or bar of metal, typically pre"
f2c8711a-2e72-4ffc-81a2-472b4ceccc07,"ingredient",3,4,"an ingredient is a component, element, or constitu"
0729b717-33d2-462e-951b-8bc153fe9e9a,"inheritance",4,3,"inheritance refers to money, property, or characte"
cb3ea9c0-df3f-4f1a-869a-2c7439c1f589,"inimitable",2,3,"inimitable describes something so unique, distinct"
179d43ec-a413-4ca3-a488-d07d360cbb0d,"inkling",3,4,"an inkling is a slight hint, vague idea, or faint "
da6551fb-a516-48ed-bf53-7c9891cbed50,"inlaid",3,2,"inlaid describes decorative work where materials l"
6165fb66-9ec6-433b-b951-497a9d543710,"inlet",3,2,"an inlet is a narrow arm of water extending inland"
10a6c50d-0598-419d-82d0-d41cf0841f46,"innards",3,4,"innards refers to the internal parts or organs of "
f57133f4-3eb4-4cc3-b7c5-8f9ea44f0716,"innermost",3,5,"innermost describes the deepest, most central, or "
0c53d59b-103f-4d4b-89a0-3f895f3c4c16,"innings",3,2,"innings refers to the periods of play in baseball "
3644baa0-38d5-4935-8453-8bbac4993203,"innovator",4,3,"an innovator is someone who introduces new ideas, "
7ed1f0f0-1d3f-4fc9-b5a0-a78870434f1e,"inside",3,2,"inside refers to the interior or inner part of som"
0f4680d8-bab0-4355-a0d1-9603e415dfa3,"insights",5,4,"insights are multiple instances of deep understand"
1e6ae6b4-5f2e-4d46-ab2b-aec3c6e6dfb5,"insignia",4,3,"insignia are distinctive badges, symbols, or emble"
46e06fab-4103-40ba-83ee-91f7ca71fadb,"insomnia",3,4,"insomnia is a sleep disorder characterized by pers"
b23b3dd2-e044-4551-92d4-76a7b519f60f,"inspector",4,3,"an inspector is an official whose job involves exa"
aad1c21a-fe12-4483-a318-bff9ec60eff2,"instantaneous",3,5,"instantaneous describes something that occurs imme"
f8047387-1c95-4f94-9c9a-f99bcba8c31d,"instantly",3,4,"instantly means immediately, without delay, or at "
b78f84b8-d2e7-46e8-b19f-8a8e45327b4a,"instead",3,2,"instead means as an alternative to something else,"
0575acc5-dfe2-4194-9cd1-833b0304f7eb,"instigate",4,3,"instigate means to initiate, provoke, or incite ac"
34953791-497b-4c9d-a770-e1121521b32e,"insufferable",2,4,"insufferable describes someone or something that i"
97cd1cac-babe-48b5-8b3f-2f2e6f4c3801,"insufflator",3,4,"an insufflator is a medical device used to blow ai"
00e89beb-9396-43c2-ae18-5152e3108ee5,"insulation",2,3,"insulation refers to materials or techniques used "
9c4f9943-4bde-4d6e-88a9-3e43f87af4db,"insulin",3,2,"insulin is a hormone produced by the pancreas that"
26128331-d480-4161-bf28-d9ef5b053411,"insult",3,2,"an insult is a disrespectful or offensive remark, "
8dc13e08-c070-4a25-a2f6-148771baf0e8,"intellectual",4,3,"intellectual describes someone who engages in abst"
98aee139-6919-4c63-a1e7-774a8a57aa48,"interact",3,4,"interact means to act upon each other, communicate"
07ae84df-937e-40ba-b1c6-549b57c4d9fb,"intercede",4,3,"intercede means to intervene on behalf of another "
7b467234-8b11-4c64-b903-89789f76e89f,"interesting",3,4,"interesting describes something that attracts atte"
72279615-5af7-4879-886e-636d610ca987,"interim",3,2,"interim describes a temporary period between two e"
e58fcfdd-a7f5-4c23-837d-e7dd87882860,"interlocutor",4,3,"an interlocutor is a person who takes part in dial"
22d81b81-83be-4a07-9039-31903382b8bb,"international",4,3,"international describes relationships, activities,"
1aea9a99-85f5-4cf4-a21a-343842103f88,"internet",3,4,"the internet is a global network of interconnected"
30961658-02dd-46dd-99d9-ba39c96769ba,"interpellate",4,3,"interpellate means to formally question or challen"
d1bc8885-858f-46df-b0fd-847188a4d653,"interrogative",4,3,"interrogative describes words, sentences, or expre"
76911999-8ce1-43dd-817d-9843c6168534,"intersecting",3,4,"intersecting describes things that cross or meet a"
bea44ccc-1032-47b4-b948-c62f9e31450a,"intersection",3,4,"an intersection is a place where two or more roads"
d9b80c0b-7fe8-424a-b60b-4b45fad7d4c4,"intestines",3,4,"intestines are the collective tubular organs of th"
411d5859-65c8-4926-a495-d8acdd8a159a,"intolerance",3,4,"intolerance is the unwillingness to accept or resp"
b778c90c-fef5-4c78-9258-9da9c67f2b20,"intonaco",4,3,"intonaco is the final, smooth lime plaster layer a"
a382d98e-3dd1-4bbb-8d06-ceb7c216f07b,"intoxicating",3,4,"intoxicating describes something that causes a los"
9f6f7b8a-d2ba-4509-9ec4-10e0f8697451,"inu",null,1,"a type of dog that originated in japan"
0b1f4c3c-9e5d-44dd-9f8e-aea173993da7,"inuit",3,2,"inuit refers to the indigenous peoples of the arct"
db4317fa-34c8-4dc5-898f-aca1b229c5f2,"inuk",4,1,"an inuk is a single person of inuit heritage, repr"
a33a8320-71ac-4428-b6ff-f2e53a151a19,"invasive",3,4,"invasive describes something that spreads aggressi"
7fd24b4d-b3e4-4248-8408-79ae3334d8d0,"invective",4,3,"invective is harsh, bitter, or abusive language di"
47b479e1-f7f6-4b2c-8a4d-246c0e192085,"inventor",3,4,"an inventor is a person who creates, designs, or d"
9cd0d5b5-451c-4e16-8009-1193ae69d3f3,"investigates",3,4,"investigates is the third person singular present "
c3553098-bd94-4aae-aeaf-a4490b17ed71,"investigation",5,4,"an investigation is a systematic inquiry, examinat"
d8f5a2e5-c16e-40d9-bf54-4bf41c9a8b87,"invited",3,2,"invited is the past tense of "invite," meaning to "
c3740f3e-5aa1-400d-bf23-cc26882a3d4a,"invoke",4,2,"invoke means to call upon, appeal to, or request h"
2aaa7492-f5b2-45db-b3ed-6463a3c0b1fb,"iota",4,1,"iota refers to an extremely small amount or the sl"
bfc261e8-1e50-40f2-9bbc-c2a664a31ab3,"ipso",4,1,"ipso is a latin term meaning "by itself" or "by th"
209ad38a-4e14-4466-b3eb-80543e224823,"iran",4,1,"iran is a country in western asia, officially know"
5b53dfb8-52d9-42ee-96c8-f1381a509572,"ireland",3,2,"ireland is an island nation in northwestern europe"
b4138131-f67d-47c2-8634-28827ca72c1e,"iris",3,1,"an iris is the colored part of the eye that surrou"
7aced8db-bc1b-4b80-9623-369aeb550946,"iron",3,1,"iron is a metallic chemical element essential for "
08147cf0-cb5d-44a8-8a02-79bb242fecd2,"irregular",3,4,"irregular describes something that does not follow"
4f82d2cb-3fcb-47ce-a216-cf5de95bade1,"irreversible",3,4,"irreversible describes something that cannot be un"
958f477a-fec1-451f-8774-6e86146973ca,"isaac",3,2,"isaac is a male given name of hebrew origin, most "
c5fee249-f463-4007-82f7-3a0eac9f7f38,"isagoge",4,2,"isagoge is an introductory work or treatise that p"
2c7c6ced-37e5-46e8-b817-3b8ba8e739a8,"ishihara",3,4,"ishihara refers to a color vision test developed b"
3c2e1bd4-7f47-4025-9d65-bcd3272cfe56,"islamic",3,2,"islamic describes anything relating to islam, the "
ac4330a1-f277-48d2-a409-cfcba780f4ef,"island",3,2,"an island is a piece of land that is completely su"
031b4cb1-aebb-4575-a97a-86a6c31f3fe8,"islands",3,2,"islands are multiple pieces of land completely sur"
7914d0f7-6db6-4429-b654-53f615de4e3b,"isle",3,1,"an isle is a small island, typically used in poeti"
3ed888d7-e0ad-4c5e-99c9-22667c35263d,"isms",4,1,"isms are distinctive doctrines, theories, or pract"
457b5a15-5cea-47ce-b5fc-a5d0052ce75b,"italian",3,2,"italian refers to anything relating to italy, its "
b6de616b-e956-410b-a280-6c751a770335,"italy",3,2,"italy is a european country located on the italian"
fa9cb3ea-06df-4ed9-aa43-3aedcfdf0291,"ited",5,4,"this appears to be an incomplete or potentially er"
18c619c4-048f-44c3-a564-61ec50a2562d,"itself",3,2,"itself is a reflexive pronoun referring back to a "
4f2b4b36-2029-493e-9435-2f17e381203a,"jabberwocky",4,3,"jabberwocky refers to meaningless or nonsensical s"
64bc7cdc-c2a8-477d-be4c-fa2e4a807df9,"jabot",3,2,"a jabot is a decorative frill or ruffle of fabric,"
f3001361-3409-4884-a105-8307f73e2bb5,"jacana",3,2,"a jacana is a tropical wading bird found in wetlan"
5e66419b-31fb-4bc8-b97f-f66043400aa1,"jack",3,1,"jack can refer to several different things: a mech"
43242c56-525b-4dc7-b656-6d74b199c786,"jacquard",4,3,"jacquard refers to a type of fabric with intricate"
4a38bac5-c231-462e-8ed0-2760c3e999c4,"jacques",4,2,"jacques is a french male given name, the french eq"
c2922a8a-5318-4760-97cf-b7b6f1c0b1e5,"jactance",4,3,"jactance is ostentatious boasting, bragging, or va"
20589169-04d9-4318-8d5f-18fde53a1f58,"jadeite",3,4,"jadeite is a hard, typically green mineral that is"
281e1082-8f19-49df-bef7-dcedc2f4af07,"jai",null,1,"a game of skill and chance played with tiles, ofte"
2eac7835-47ea-4994-beff-61f4200c7ad2,"jains",3,2,"jains are followers of jainism, an ancient indian "
2297661e-4524-443e-9194-3922c185e0ee,"jalapeño",2,3,"a jalapeño is a medium-sized chili pepper with mod"
301efac4-5350-4d53-b47c-8487a3776639,"jam",null,1,"a sweet, thick food made from fruit boiled with su"
8c76ae10-0870-4aa5-bb2c-a1eaf1b88768,"jamaica",3,2,"jamaica is an island nation in the caribbean sea, "
3bd50c58-d43f-421a-8f1e-7ed3886f3d29,"jammer",3,2,"a jammer is a device that blocks, disrupts, or int"
1b2f6a02-82c7-41df-a329-c18b78b04110,"jangled",3,2,"jangled is the past tense of "jangle," meaning to "
84d9a40c-683c-4ef5-80ef-7047c26c0032,"janitor",3,2,"a janitor is a person employed to clean and mainta"
c22ecfcc-0ac0-44f3-93d0-fdd4e9c08b14,"jankers",4,2,"jankers is british military slang referring to mil"
efa0da67-2c54-4053-a4bf-2fad3a28d2a6,"janthina",4,3,"a genus of violet sea snails, pelagic gastropod mo"
49125752-53d9-4dc9-abf3-93cd98e982c2,"january",3,2,"the first month of the year in the gregorian calen"
d121a6a5-7c30-4381-99aa-6d807d3d8e45,"japan",4,2,"an island nation in east asia located in the pacif"
0356b606-9713-49e6-b3d9-10a0e178c70d,"jarl",4,1,"a scandinavian noble or chief during the viking ag"
a4c90a8d-872d-44cb-aeb2-02979594fff8,"jars",3,1,"cylindrical containers with wide mouths, typically"
8fabea59-0fc6-4676-8f26-bc28857560fe,"jasmone",3,2,"an organic compound with the formula c11h16o, natu"
43283cb6-ac9a-4aba-b64d-3cb1b2ff7058,"jasper",3,2,"an opaque, microcrystalline variety of quartz char"
4557f5e5-4422-4c79-80ed-cc806922b715,"jaundiced",3,4,"having yellowish discoloration of skin, eyes, or m"
8dc3c99a-0e07-4ee8-b534-949a10d98768,"javas",3,2,"plural form of java, referring to multiple context"
a64231a2-6b3a-4853-bce1-cb7dc3be10fc,"javelin",3,4,"a light spear designed for throwing in athletic co"
0423cdba-7be5-477a-8e7a-a7106c1a686d,"jazzy",3,2,"having characteristics of jazz music including syn"
f0e9e995-664d-4cf3-8c5c-1ca484d7168c,"jealousy",4,3,"a complex emotion characterized by insecurity, res"
e4e730d9-446d-4a9f-92a2-88230207b7ae,"jeans",3,2,"durable casual trousers made from denim fabric, ty"
3dc30419-9ab1-4c33-aa6c-66b395010f8f,"jeepney",3,2,"a distinctive filipino public transportation vehic"
16010fc6-10d2-4227-874b-f9d72271d56b,"jelly",3,4,"a semi-solid, translucent food made by boiling fru"
4eba031d-9b7b-4e2e-8962-06b0c3b7613e,"jersey",3,2,"a close-fitting pullover shirt made from knitted f"
eb794adc-219b-4414-b0c0-9e24749ab938,"jettison",4,3,"to deliberately throw away, discard, or abandon so"
e7811e42-56b4-4f5f-95ed-6f243d5e50bf,"jewel",3,2,"a precious stone or gem, typically cut and polishe"
0702e8cb-6817-409f-a367-bea853f49cfc,"jibboom",3,2,"a nautical spar extending forward from the bowspri"
a7ad3edd-f445-4ee3-98df-a72db09cfdc8,"jicama",3,2,"a large, turnip-shaped root vegetable native to me"
2e5290c5-1440-4e50-a0e7-2dda195e9617,"jiggery",3,2,"trickery, deception, or underhanded manipulation i"
28a379a7-e660-4e34-b40d-48d75b9ce4a3,"jiggery-pokery",null,3,"dishonest or suspicious activity; trickery"
4e394c1b-56e9-47c8-b076-2b2e6745c198,"jimberjawed",2,3,"having a protruding or prominent jaw characterized"
37e2446c-c560-4b11-a08a-621f1a1856cf,"jitney",3,2,"a small public bus or shared taxi operating on fle"
519900d7-f7c4-4cf1-87ef-4f6cc348ce52,"jitterbug",4,3,"a lively, acrobatic form of swing dance popular in"
5e121d19-fd4d-40a2-8d19-6370662d7f50,"jitterbugkennel",null,3,"a place where jitterbugs (lively dancers) are trai"
7b96b3e3-b55e-49c7-b59f-71f606aa4db8,"joaquin",3,2,"a spanish and portuguese masculine given name equi"
e60d1e62-64b8-499c-a6c2-ff378e46782a,"jocote",3,4,"a small tropical fruit native to central america a"
4d414de1-8360-4d56-8326-4ee81cc1e83e,"jody",4,1,"in military slang, a term referring to the civilia"
c5bb58b0-52a4-47fb-8c69-c71d1710a01a,"joggled",3,2,"past tense of joggle, meaning to shake or move wit"
821c3c9b-a2f4-487f-b58a-76ad92884a2a,"john",3,1,"a common masculine given name of hebrew origin, on"
8bb7b1dd-d4ca-4884-8f2a-59f91dbcf379,"joie",3,1,"a french word meaning joy, happiness, or delight, "
fc3d3b17-69d1-40f1-9971-1acc627de6c7,"join",3,1,"to connect, unite, or bring together two or more t"
609b54cd-c51c-42e4-9320-f41f555d8ac8,"joinery",3,2,"the craft or trade of constructing wooden joints a"
5456f1d6-5c48-4724-adb6-fce421a533ee,"joists",4,2,"horizontal structural beams running parallel to ea"
5a077302-9772-4866-9897-dc6210471046,"jolly",3,2,"cheerful, merry, and good-humored; characterized b"
a0162c9b-a676-40db-857a-a09d42d9b1ff,"jonquil",3,2,"a type of narcissus flower, specifically narcissus"
392b43fd-1f7c-437a-9159-47ca5cf3733c,"joropo",3,2,"a traditional venezuelan folk dance and musical ge"
fb0decd9-28d5-4bcf-b6b3-9af355998619,"joule",4,2,"the standard unit of energy in the international s"
363e9dd1-bf41-4817-881a-9753d8c676e8,"jour",4,1,"french word meaning "day," commonly used in englis"
0bd8e444-3590-4a55-86ec-31cd9925ec6d,"journal",4,2,"a daily record of personal experiences, thoughts, "
f2edd4a2-f4a7-4e48-a301-e33de919787c,"journey",3,2,"an act of traveling from one place to another, typ"
e1207edc-c95a-49c1-8de2-ab1a9800fe66,"joy",null,1,"a feeling of great happiness or delight"
f929976e-36a8-446c-b480-189fedeeeee7,"joyful",3,2,"characterized by great happiness, delight, or plea"
6a8e16fe-747a-47ee-8612-0b8af50b6f0a,"jubilant",2,3,"extremely happy and triumphant, especially as a re"
a433728e-2a13-430d-a0ec-06cad463b824,"judoka",4,2,"a person who practices judo, the japanese martial "
603b0214-3d26-4e1b-90e1-e05207d0b365,"jugular",3,4,"relating to the major veins in the neck that retur"
eaf3ea4c-abc5-43e5-989d-b623dd9626dc,"juice",3,2,"the liquid extracted from fruits or vegetables; bo"
874c545c-8880-4bab-884c-c44f783c573d,"julius",3,2,"a masculine given name of roman origin, historical"
e78a38da-1bb5-48ac-b106-2c9371b597ae,"july",3,1,"the seventh month of the year in the gregorian cal"
0b50428c-eb74-4200-912a-cac88d010b2e,"jumada",3,2,"the name of two months in the islamic lunar calend"
d0862b36-7da3-49d6-92cd-9b175675de4f,"jumbo",3,2,"extremely large in size; much bigger than usual or"
25b2c393-8421-4246-b426-a6cd845dfe31,"jumping",3,2,"the action of propelling oneself upward or forward"
9802ae73-983b-48c0-8681-dced65b3b908,"june",4,1,"the sixth month of the year in the gregorian calen"
836cf12b-de46-4009-bd5a-f9925abb164d,"jungian",4,2,"relating to carl gustav jung (1875-1961) or his th"
9fb984c6-0e67-4383-9efc-23b4a7f2abc5,"junior",4,2,"lower in rank, status, or age; designed for younge"
2fbe1c6c-2228-4fb8-a0af-78215e83f863,"jurassicmyoglobin",null,5,"a type of myoglobin found in the muscles of dinosa"
04e0f405-94d8-4556-abeb-2644316f456e,"jurisdiction",4,3,"the official power or authority to make legal deci"
9aee846d-572b-41f8-8c7b-d21e0bac1862,"jus",null,1,"a liquid that has been extracted from a substance,"
f1f543d0-41f4-4247-8877-cbd56544c975,"justaucorps",2,3,"a form-fitting, long-sleeved garment extending fro"
720f73f5-dc08-4c01-99fe-531238b251fc,"justiciable",4,3,"subject to trial in a court of law; capable of bei"
57db567a-d92b-48a0-a78c-7a7371557d7f,"justify",3,2,"to provide adequate reasons or evidence for action"
aaee43b2-aa0a-4a16-ae8b-081588fe1aa9,"jutia",3,2,"a group of large, herbivorous rodents native to th"
f2d4ed18-02a4-4ca9-8354-77ff53dd07e4,"juvenilia",4,3,"works produced by an author, artist, or composer d"
e046aebe-36e6-4924-8bb4-08a535dc3c53,"kaddish",3,2,"a jewish prayer recited in memory of the deceased,"
281aba85-6a11-4728-93af-744079ca26e6,"kaftan",3,2,"a loose, flowing garment with wide sleeves, tradit"
3a4ecd4a-293d-4c36-a1e1-8eb8695be46a,"kaiser",3,2,"the german and austrian imperial title equivalent "
7f5c6f40-095c-4dc0-b6c0-6ad262bfb23f,"kakapo",3,2,"a large, flightless, nocturnal parrot native to ne"
cfec21ac-7652-496b-b518-8c73ef1aeb71,"kalimba",4,2,"an african musical instrument consisting of a wood"
e71eea1a-e9ea-4fd6-85c3-ec3665b2ce54,"kanban",3,2,"a lean manufacturing and project management method"
120c43de-ff62-4c66-93cd-a9600990fd13,"kangri",3,2,"a traditional portable heater used in kashmir, con"
63482b17-f598-4da5-be14-df06b5f85856,"kanji",4,2,"the system of japanese writing using chinese chara"
4e73b8a2-11b5-4a8d-bb82-5960c735a211,"kannada",3,2,"a dravidian language spoken primarily in the india"
1e0770c7-1636-474c-a84c-3da86dcd42ce,"karate",3,2,"a japanese martial art that emphasizes striking te"
239efed5-7c3d-4eb4-bdd6-11d24795b453,"karma",3,2,"in hindu and buddhist philosophy, the spiritual pr"
897cc4d6-194a-4e49-a41b-4cf8c4464279,"karst",3,4,"a distinctive type of landscape and underground dr"
23f2a3ee-e0f5-44f6-9702-1e8f34c60192,"katana",4,2,"a traditional japanese sword characterized by a cu"
e0f6ced2-2978-437a-be10-10f14ba43f27,"katsura",3,2,"a deciduous tree native to japan and china (cercid"
7d954d9b-1351-4ba1-a822-4d79d6019ec4,"kaur",3,1,"a surname traditionally adopted by sikh women, mea"
137604b1-62b4-437a-8003-caa6dcd69529,"kazoo",3,2,"a simple musical instrument consisting of a hollow"
8845bec3-b692-41d4-8f24-35ee52dd1c0e,"keen",3,1,"having sharp mental faculties, intense perception,"
5ac33f49-ad70-4a78-9eeb-a6caa5cfe781,"keening",3,2,"a form of vocal lamentation, traditionally perform"
150872b0-0018-419b-b625-fdaecf8682a3,"keep",2,1,"to retain possession of something, continue in a s"
46e3b06c-6ae4-406c-8c64-c6978b4e6d82,"kennel",4,2,"a shelter or housing structure designed for dogs, "
ace69add-6cb7-47b3-9c57-83c4a4112074,"kenning",3,2,"a metaphorical compound phrase used in old norse a"
de7ebc4c-4e0c-4567-8174-c0e23e31518c,"kenningnoun",null,3,"a concise, figurative expression used in place of "
300b2c3a-afef-434e-b47e-d4d33469f724,"kente",4,2,"a traditional hand-woven cloth from ghana characte"
6d5f613a-716a-4789-b6a7-d96e121eaca5,"kentledge",2,3,"permanent ballast made of pig iron or other heavy "
ad539bb9-58fd-407b-8764-a201db8cf798,"kepi",3,1,"a military cap with a flat circular top, visor, an"
1f29d0b8-6ae9-451c-8ea7-dd13807571ca,"kerala",4,2,"a state in southwestern india known for its tropic"
ad3eb379-a738-4fb0-b7d1-10dffdf244fe,"kernel",3,2,"the inner, usually edible part of a seed, nut, or "
07212aa9-518b-4be3-9d08-fcedf4d4566a,"kerneltawny",null,3,"a yellowish-brown color that is a mixture of brown"
e5aebfc2-1b01-4412-9373-22205dcd5bbc,"kerril",3,5,"a dialectical or archaic term for a small, worthle"
63f44eb4-344a-4ed6-ac38-c4aa5e2bcb0e,"keyhole",3,2,"the opening in a lock through which a key is inser"
ebfd4a43-e413-4aae-b2a0-60376f473fa0,"keynesian",4,3,"relating to the economic theories of john maynard "
19148820-a28a-45fa-8c9a-d351d198ea8e,"kichel",3,2,"a traditional jewish pastry or cookie that is ligh"
ea3cfd8f-faed-4b77-bd29-411397b23bbe,"kiddo",3,2,"an informal, affectionate term used to address a c"
aad6ca50-1b62-4236-9bee-686182b4442b,"kidney",3,4,"one of a pair of vital organs located in the lower"
a0fd56b5-ca90-4592-8eba-e4d21149032b,"kildare",3,2,"a county in the eastern part of ireland, known for"
d14a2baa-b3a4-4258-998a-1029a6de7831,"kiln",4,1,"a furnace or oven designed for burning, baking, or"
a71adfdd-9c4d-4ff2-bbc9-dfd045400f15,"kilnwebisode",null,3,"a short video episode related to the firing of pot"
24e841e7-3d9a-4986-b5a6-bfe8d10e8c05,"kilt",3,1,"a traditional scottish garment consisting of a kne"
995afcf3-eae6-4eca-868f-fc74f31ffbf8,"kiltwhirlybird",null,3,"a type of helicopter with a distinctive swirling m"
301eea98-85b2-45dc-bb00-004220682828,"kimcheemenorahs",null,3,"a combination of a traditional korean fermented ve"
2d287e21-509a-47b3-bdb6-04f4c4a1865a,"kimchi",4,2,"a traditional korean fermented vegetable dish, typ"
d683e9be-a606-431a-b0d1-b97ef164acc4,"kindergarten",4,3,"an educational program for children typically betw"
a500b468-a4bf-45ff-a012-ea640a4862d3,"kindling",2,3,"small pieces of dry wood, paper, or other combusti"
3eb94e83-4a5b-4d6c-9a34-1dd7b86c893f,"kindred",4,2,"people who are related by blood or marriage; shari"
bc1887e9-460d-45b5-94c2-2b7dec0a875e,"kinds",3,2,"plural form of kind; different types, categories, "
1faa06eb-2f0b-4018-a9a4-5d041b5466fb,"king",3,1,"a male monarch who rules a kingdom as the sovereig"
a6e72a3a-512c-45e1-b9b5-a2514361b8ea,"kingston",4,3,"the capital and largest city of jamaica, located o"
501aeaff-a2ba-4841-a14c-4f29c71837bb,"kippur",3,2,"short for yom kippur, the holiest day in judaism k"
829f2aa5-9ac6-426c-b4d7-c4f20d127e19,"kipuka",3,2,"an area of land surrounded by lava flows but left "
e6fb2216-f051-4c41-8535-ce0895976633,"kirpan",3,2,"a ceremonial sword or dagger that represents one o"
5c890401-7e58-4380-94b9-759dda5f0920,"kiskadee",2,3,"a large, colorful flycatcher bird (pitangus sulphu"
24fae65a-60bd-4f62-9838-653515075cd2,"kitksan",4,2,"relating to the gitxsan people, a first nations gr"
b0502185-75fb-447e-ab86-7ddab314ebfa,"kiva",3,1,"a circular, partly underground ceremonial chamber "
ab17246b-2274-49d1-94e1-34663ca32d98,"klippe",3,2,"an isolated hill or mountain formed by erosion of "
b107184a-9ae9-432a-99e1-829bb0449136,"klutz",3,2,"a person who frequently trips, drops things, or ac"
036ad736-d2c2-4354-a847-2bd9b79de765,"klutzenvoy",null,3,"a clumsy or awkward person"
4351f8fe-b7cf-4b0a-a19e-f29e1f377819,"klystron",3,4,"a type of electron tube used to generate and ampli"
7095b8b8-5ea8-4a24-af4b-59b345147fd3,"kmleerac",null,3,"a clear, transparent substance that is often used "
8bc6487e-d073-48aa-abe4-854a97db3423,"knack",3,2,"a natural talent, skill, or ability to do somethin"
30f5cb1b-8285-47b1-aa7f-490578711446,"kneecap",3,2,"the small, rounded bone (patella) that protects th"
bae24bf5-4df3-4824-9a81-a953be8f55c8,"knew",4,1,"past tense of know; indicates that someone had kno"
efa9472a-c3ad-4c21-a103-9b133dffde8a,"knife",3,2,"a tool or weapon consisting of a sharp blade attac"
6d648475-41fb-4fde-8206-ffa4adc979f8,"knight",3,2,"a mounted warrior in medieval europe who served a "
992305e1-1af6-4dd3-b44d-03e4cc18aa45,"knitted",3,2,"past tense of knit; describes fabric or garments c"
2f7f4895-4695-4d25-8c72-b3150ee9d84b,"knitwear",2,3,"clothing and accessories made from knitted fabrics"
32df745f-3edb-425d-9f47-59ba2b402110,"knock",3,2,"to strike a surface, typically a door, with the kn"
f1c3767c-c6d8-4187-9de6-c9a265dd60e1,"knoll",3,2,"a small, rounded hill or elevated mound of land th"
95607b31-4bc2-4c73-9e68-44560206fdaa,"knot",3,1,"a fastening made by tying or interweaving rope, st"
c2a34f91-49d7-4878-9068-38b4820b7523,"knowledge",4,3,"information, understanding, or skills acquired thr"
4d4a6910-ff68-4fa6-9afd-60ef29b95f17,"knows",3,2,"third person singular present tense of know; indic"
7f9f0ba1-7e45-4691-9ea2-658c6371c558,"knuckle",3,2,"the joint of a finger where the bones meet, creati"
c219a8ea-edf6-4bcc-9236-8ce0cdd5f6d2,"kobold",3,2,"in germanic folklore, a mischievous household spri"
eebe6dcd-2d1c-4d24-9820-3ca256ed0acc,"kodak",3,4,"a brand name for cameras and photographic equipmen"
d014a767-3ab7-4e2d-93d5-ec096c40134b,"kodali",3,2,"a surname of indian origin, particularly common am"
320ad70f-cef0-458e-acfc-5e2b505eca98,"kodiak",4,2,"referring to kodiak island in alaska or the subspe"
d443ff48-e89b-4de9-b5ae-ce1a682e6f45,"koh-i-noor",null,3,"a famous diamond that is one of the largest and mo"
74dd68b1-c66a-459e-9eaa-322a829fb12e,"koi",null,1,"a type of ornamental freshwater fish, typically br"
6a7d1622-90e5-4900-91c1-40ef089835ba,"koine",4,2,"the common form of greek that developed as a lingu"
ddec7ced-1828-4056-933a-edde5556e20d,"koji",3,1,"a type of fungus (aspergillus oryzae) used in japa"
e448f5e2-1257-4cd3-9a59-a92f28e11c59,"korea",5,2,"a peninsula in east asia divided into two countrie"
79930cc8-1f32-47e1-b9ee-6c08cd1e0cc1,"kosher",3,2,"conforming to jewish dietary laws (kashrut) that s"
a748c5b0-4132-4157-bac4-00350bc43384,"koto",4,1,"a traditional japanese stringed musical instrument"
17b5986d-fa2a-42dd-9a7e-0b7be8b3621c,"kraken",3,5,"a legendary giant sea monster from scandinavian fo"
a6bc1ccf-06cd-4eb8-a167-4d1d354fcfd0,"krausen",3,2,"the thick, foamy head that forms on top of ferment"
2085f906-8db7-4d07-9311-4ddaa8405e51,"kreteloi",null,3,"a type of ancient greek ship, typically a warship "
0021dd67-b7d5-40cd-bb4a-56db9a7574f0,"krewe",4,2,"a social organization that stages parades and othe"
e8a3702e-e193-4783-a2f7-42d07e01233b,"krewekriegspiel",null,3,"a social organization, especially in new orleans, "
0a0ce833-44fd-47bc-b4c1-1c1143141ad9,"kriegspiel",4,3,"a german war game or military training exercise th"
2926c1ce-ffa7-4b8b-a5ef-7767279dcccd,"kudos",4,2,"praise, honor, or acclaim given for exceptional ac"
b7fc95f9-85f5-4558-b5d3-72a10ac7296e,"kufi",3,1,"a traditional brimless cap worn by men in various "
e3cef16c-9651-447f-950a-16fa3011baad,"kugel",4,2,"a traditional jewish baked casserole or pudding ma"
af886e84-c598-465e-b18e-2677177cceb2,"kuiper",3,2,"relating to the kuiper belt, a region of the outer"
b4508898-4fe0-41bd-9610-d1352eca55ee,"kumkum",3,2,"a red or orange powder used in hindu religious cer"
a674b236-09a7-465d-8828-682b644d2097,"kung",4,1,"a chinese term meaning "skill," "mastery," or "ach"
46004b81-60c4-4405-89de-2cb8aac1ae7d,"kurta",3,2,"a traditional loose-fitting tunic worn in south as"
0f491f50-0bf0-4c2a-9b9c-9e6116b7c8b3,"kutani",3,2,"a style of japanese porcelain characterized by bol"
a6b6af27-65ca-4f40-bf99-7a1f1657ce23,"kuwait",3,2,"a small country in the arabian peninsula bordered "
01e83387-cdbd-4e75-8477-62839ff08bd2,"kwashiorkor",3,4,"a severe form of malnutrition caused by protein de"
461eb2a7-d82b-474d-a3fa-da22238f5d1e,"kwon",4,1,"a korean surname meaning "authority" or "power," c"
cf567ab6-9361-4bad-ab19-e080211a3fa0,"kyphoplastyaten",null,3,"a minimally invasive surgical procedure used to tr"
8296906c-67d7-4a30-91f8-4a0a45a7ddb8,"labeled",3,2,"past tense of label; marked with a tag, sticker, o"
190ab161-955f-4561-8610-01653689ab62,"labroid",3,2,"relating to or characteristic of fish in the famil"
9e926837-0624-4076-a1c0-131ecfc34c62,"laccolith",2,3,"a dome-shaped intrusive igneous rock formation cre"
5b970839-f627-4861-bad5-5ea3ef9d80c0,"laceration",3,4,"a deep cut or tear in skin, flesh, or other tissue"
c4a45926-6919-4745-9483-9c8c104f8034,"lacking",3,2,"absent, deficient, or insufficient in quantity, qu"
3303722a-3eab-474c-bd4e-099670de3a21,"laconic",3,2,"using very few words; expressing much in few words"
b75480bf-8062-408f-a14e-2bd8bc0f08b9,"ladder",4,2,"a portable framework consisting of two parallel si"
d731b950-cd2a-4f33-87f1-71e618eb9b7f,"ladders",3,2,"plural of ladder; multiple portable climbing devic"
2602cc6c-8383-49d7-af4d-5c036bee4a3e,"ladle",3,2,"a large, deep-bowled spoon with a long handle used"
93e9d8b1-75f4-4478-8b2b-c13c9a208cd4,"ladybug",3,2,"a small, dome-shaped beetle in the family coccinel"
f35d784a-2725-4ce7-9978-ff502201c04a,"laff",4,1,"an informal, phonetic spelling of "laugh" used in "
f158a38c-9c48-4d7f-bbf2-f61a508265dd,"lairs",3,2,"plural of lair; hidden retreats, dens, or resting "
9eaaf8c5-ef69-4a6a-bcf4-450206054da9,"laity",4,3,"the body of religious believers who are not ordain"
0e203f3c-05dc-4cab-8913-76750fe07ffa,"lake",3,1,"a large body of water completely surrounded by lan"
e8a5577a-d124-4bd8-a56f-4ba6b4b8d679,"lama",3,1,"a domesticated south american camelid related to l"
69b5312e-3cbb-4044-b242-5f3a21289edd,"lambentlyadjective",null,5,"shining or glowing softly and gently, as with a su"
3633ab51-cc32-48d4-88a3-ad930133210b,"lambkin",3,2,"a young lamb; a term of endearment for a small chi"
49bdf96b-4832-4619-8cb8-731b91cb41dc,"lamp",3,1,"a device that produces artificial light through va"
dcf970a0-99e7-47c6-9250-8485c52f404e,"lanai",4,2,"a type of porch or veranda, typically roofed and o"
a6803725-e9ca-4633-9f40-dd186814c0b4,"lanceolate",3,4,"having a lance-shaped form; narrow and tapering to"
2b684cbf-4b11-4df7-9177-deb7ac465672,"land",3,1,"the solid part of earth's surface not covered by w"
ef577998-b48e-483e-b2fe-7bebe60a7183,"landline",null,3,"a telephone connection that uses wires rather than"
24fc11af-ff9f-432e-9166-8f3b35ab82ee,"lane",3,1,"a narrow road, path, or passage, typically in rura"
0041787c-9980-40d3-8124-6cf2fa22a1d4,"langrage",2,3,"a type of artillery ammunition consisting of irreg"
1fac43c5-e76a-4399-a29c-70ea626abb73,"languages",4,3,"plural of language; multiple systems of communicat"
c7226b21-f4b6-400a-8b40-dfe19318bbdb,"languish",4,3,"to suffer from being forced to remain in an unplea"
bc8165ba-d560-4928-a085-d7134455439a,"languorouslanolated",null,5,"languid, listless, or lacking in energy or vitalit"
5202eb97-0615-44a1-a9e6-b18254a3bced,"lantana",3,2,"a genus of flowering plants in the verbena family,"
09efc186-e64f-40ac-8699-34d7ffc7e9fd,"lanternmince",null,3,"a portable light source, typically made of glass a"
d201955e-58ef-42ad-81d6-ce4eaa4fe223,"lanthanides",3,5,"a series of fifteen metallic chemical elements wit"
73a00ff7-84cd-42d4-8b2c-1e96ec5a5fa5,"lapel",3,2,"the part of a coat or jacket that folds back on ei"
cc98dff3-9fba-4c99-8283-fec273593bbb,"lapidarycachexia",null,5,"a condition of general ill health and malnutrition"
7344255d-97b3-43cd-aee5-aba8087863f0,"laptop",4,2,"a portable personal computer designed to be easily"
20a7909a-b361-409c-825e-adff459d0f26,"larceny",3,2,"the unlawful taking and carrying away of someone e"
d60796fb-f96c-4b0d-8c86-8667a4c6a49d,"large",3,2,"of considerable size, extent, or intensity; bigger"
13583e50-6f2d-4a7d-868d-07ce079d98bb,"largely",3,2,"to a great extent; mostly or mainly; in large part"
a583cc09-082e-4818-bb73-ee4225a25c20,"largesses",4,3,"plural of largess; generous gifts or donations, es"
03860409-24ba-42fc-8d85-0b45153ad17d,"largest",3,2,"superlative form of large; the biggest in size, ex"
bf06f58f-1913-4ddf-946f-d89ca63f7eec,"larnax",3,2,"an ancient greek or roman funerary container, typi"
97ee51dd-82db-4ce0-90b4-fef1e8f593cc,"lascaux",3,2,"a cave system in southwestern france famous for it"
f8dfa155-b7a5-4ef1-9f24-92a4c9e1919e,"lassitude",3,4,"a state of physical or mental weariness; lack of e"
e7390e85-5ec4-4c71-9f53-019ef9e9f7a0,"lasso",3,2,"a long rope with a running noose at one end, used "
be3519c7-d629-476b-84c9-ad02b55b4cc7,"last",3,1,"coming at the end of a series, process, or period "
463f5a1a-c38b-4723-bc44-1044cc460b0d,"late",3,1,"happening, arriving, or occurring after the expect"
dfea42dc-f907-4c82-ae26-3b6b5ac1c0fc,"latency",3,2,"the delay between the initiation of a process and "
4d1cc63c-cd60-47f4-a58d-17fdeeb2600c,"latencyepitaphs",null,3,"the time it takes for data to travel from one poin"
41a4ca15-af24-4ab2-81d7-e0e87e4e5f7a,"later",3,2,"at a time in the future; after the present moment "
fce88f3e-4316-45b5-9aaa-96787cff578c,"lateral",4,2,"relating to the side or sides; extending sideways "
07d5fc39-1381-4162-82f7-e8a0331ce16a,"laterigradehyssop",null,5,"a type of plant in the mint family that grows clos"
f139a42d-5bb3-4764-bbf8-2d03c384e5cb,"latigo",3,2,"a strap used on a western saddle to secure the cin"
bfd6e698-c393-40c5-86b1-995d23e44eab,"latitudinarian",4,3,"a person who advocates for broad tolerance in reli"
610bb507-8a6a-48c0-b3ca-d239bbc6d588,"latke",3,2,"a traditional jewish potato pancake, typically mad"
412d61db-056d-4624-8481-c70da708404d,"latter",3,2,"the second of two things or people previously ment"
d55eebbf-4ae9-4eea-9242-8d0b6ba4fb76,"laude",4,2,"a latin term meaning "with praise," commonly used "
a1d3f493-f9a1-4c51-b38e-7b88cfa7988a,"laugh",3,2,"to make spontaneous sounds and movements expressin"
cab2cc75-ac5b-4b9d-ba01-72d14035799c,"laulau",4,2,"a traditional hawaiian dish consisting of salted p"
3857cc4b-c1c5-41c9-a71c-fe9d76f1429b,"launch",3,2,"to set something in motion or begin something with"
b15ae5ef-ae8b-4bdd-9a47-38bf90cee2f1,"laurel",3,2,"an evergreen shrub or tree with glossy, aromatic l"
59d85356-5071-4450-b886-b1f649f54bba,"lava",3,1,"molten rock that flows from volcanoes during erupt"
46f434ac-8aa8-4060-be0a-86829da63104,"lavishly",2,3,"in a lavish manner; abundantly, generously, or ext"
4167a96f-23e2-4795-a8cb-3a890fcdda64,"lawmusic",null,3,"a combination of laws and musical elements, often "
b43c8305-7339-456c-ac76-7882d8498c60,"lawyer",4,2,"a person who practices law as an advocate, attorne"
154da9dd-3462-4ad6-bab0-0ff06629453f,"layer",3,2,"a sheet, stratum, or level of material that lies o"
0fe4bbec-a4b9-4735-b472-9f279c5d33f2,"leach",3,2,"to remove or extract substances from materials by "
f6c80c9f-a239-46e4-af37-b76cd672db4e,"leader",3,2,"a person who guides, directs, or commands others; "
6ed6ba70-c9ec-4d94-9611-8ae5e917c078,"league",3,2,"an association of people, groups, or countries for"
6153b5a8-5d3e-4944-a669-9959963ddb12,"leaking",3,2,"present participle of leak; allowing liquid, gas, "
eabecb0f-5104-4b27-b363-90dd7992c9a4,"leanderpneumonia",null,5,"a type of pneumonia caused by the bacterium legion"
73722f32-9dd4-4548-897b-0c2170c8017c,"learn",4,2,"to acquire knowledge, skills, or understanding thr"
713a8664-404a-4a6b-b861-0177682c5d3a,"leash",3,2,"a rope, chain, or strap attached to a collar or ha"
dceb7036-c1c7-47d9-8de2-3dafba1e669c,"least",4,2,"superlative form of little; the smallest in amount"
eb8f11a4-248c-4526-abfa-f556f20e8f7d,"leave",3,2,"to go away from a place or person; to depart or ex"
6361fa0d-9d45-492c-847e-78970ff36e39,"leaven",3,4,"a substance such as yeast or baking powder that ca"
00761150-44ef-4478-8826-2a40b107bf99,"lebensraum",4,3,"a german geopolitical concept meaning "living spac"
dcef89ed-ae77-4075-afd1-46481c56c050,"leewardhurly-burly",null,5,"a state of great commotion, confusion, or turbulen"
1e028cc0-3885-4e92-b356-f86c55847d82,"leeway",3,2,"the amount of freedom to move or act that is avail"
1d4d9f91-13b8-4b7b-bd9e-04a70c7967c5,"lefse",4,2,"a traditional norwegian flatbread made from potato"
dd256c5b-5577-4718-837d-5d46b18b4444,"left",4,1,"the side or direction that is to the west when one"
0c7cbfa6-7909-4c61-81c0-4548847c0638,"legacy",4,2,"something handed down from the past, such as tradi"
6bf4c315-c971-4f59-b3f1-193503f08a1a,"legato",3,4,"in music, a style of performance characterized by "
dab21349-f36d-4d06-a23b-51ce5bd88c88,"legend",4,2,"a traditional story, often involving heroic charac"
eb1c2325-77ae-4b8d-85df-662295bbfdc0,"legerityvatican",null,3,"the ability to think and act quickly and with skil"
1040589d-d85a-498d-8177-6672263a0417,"leghorn",3,2,"a breed of domestic chicken originally from italy,"
cc8b178e-bbb8-4c2f-b2d4-5d25d63e6666,"legislature",4,3,"the branch of government responsible for making la"
9f833382-8c2a-4788-982f-a2c8ba3fc964,"legitimately",4,3,"in a legitimate manner; legally, rightfully, or ge"
e1855f29-7bb3-49da-8a95-3d158a6256e8,"legs",2,1,"plural of leg; the limbs that support and move the"
cd23d792-fb1b-4ea3-aca7-01b0e31bf96c,"leisure",4,2,"free time when one is not working or occupied; tim"
e04b4c74-e13a-478c-a9d4-54a7ed4a1cbe,"leisureleotard",null,3,"a close-fitting one-piece garment worn for athleti"
4fd5729e-9712-4242-afa3-82984cfc509d,"leks",3,1,"areas where male animals, particularly birds, gath"
0ca861dc-3d20-434e-9f9b-514551a88093,"leniency",4,3,"the quality of being lenient; mercy, tolerance, or"
03db5676-2848-41e0-bf1a-1e1fb3439eaf,"lento",4,2,"a musical tempo marking indicating a slow speed, t"
0e08ffb9-b0ce-4eb3-a5b2-6c0593bb4a0f,"leonine",3,2,"resembling or characteristic of a lion; having qua"
2059f7b9-e3b7-487a-aa25-556a6458a698,"leotard",3,2,"a close-fitting one-piece garment that covers the "
42e27ec8-4357-4fd0-abab-c4cbf6e1fc13,"less",3,1,"a smaller amount or degree; not as much; comparati"
0e32c7dc-c559-4d3c-a5e0-f90c7253d903,"letter",3,2,"a written or printed symbol representing a speech "
8983bda2-c49e-4449-89db-99ed45da2d05,"letters",3,2,"plural of letter; multiple symbols of an alphabet "
eaea7bdb-efc0-4fdd-ada2-ce6e5037b55f,"lettuce",3,2,"a leafy green vegetable with crisp leaves commonly"
f0c5f26f-71a1-483b-a57d-81e829818d2c,"levees",4,2,"artificial embankments or natural ridges along the"
bf37ffb5-df25-46a1-9458-635c88837c49,"levels",4,2,"plural of level; different heights, degrees, or st"
cf7b30ac-a95e-4e0b-af74-fdaeff04295c,"levitate",3,4,"to rise and hover in the air without visible suppo"
8f375353-d5a1-4837-ac3b-85e683dddf0b,"levity",4,3,"lightness of manner or speech, especially when ina"
03593ccc-dd9f-49ee-9858-d289e1b82553,"liaise",4,2,"to establish and maintain communication and cooper"
5058ba74-fc90-4370-af50-028205c212a2,"liana",4,2,"a woody climbing plant found in tropical forests t"
cc8190b9-fcfe-48a9-be56-eaeeafb7bdd8,"libris",3,2,"from the latin phrase "ex libris," meaning "from t"
d1e0e3dc-6693-4ba3-9082-354e78f1658e,"licensure",4,3,"the process of granting licenses to individuals or"
406c971b-14bb-4605-bd6e-9019ab0d2fe4,"lid",null,1,"a removable cover for an opening, such as a contai"
232bbef6-803d-46fb-bc4f-cb5d337a817d,"lidocaine",3,4,"a local anesthetic medication commonly used to num"
efeaf007-3569-4d94-b4af-9cc356ea376f,"liege",3,2,"in feudal systems, a lord to whom a vassal owes al"
6b766107-6995-4a85-8db9-cbf707c134f0,"lierre",3,2,"french word for ivy; a climbing or trailing plant "
7c109253-e79b-4a3e-951e-5f16c53cde17,"lieutenant",2,3,"a military or police officer of relatively low ran"
a38172dd-b63a-43be-9ee8-86e5d468eaa4,"lifetime",4,3,"the duration of a person's life; the period during"
794a84c9-4bab-4cfb-8c80-e80302e2c48e,"ligas",3,2,"spanish word meaning "leagues" or "alliances"; org"
7e8bd8c8-d7a3-46e0-8041-996533cf7680,"light",3,2,"electromagnetic radiation that is visible to the h"
7d4e5703-3c98-43e1-b27a-f4be422836cd,"like",null,1,"to have a preference or fondness for something"
01ca1985-59bb-4b4d-9da9-0b2a7f13b18b,"likelier",4,3,"comparative form of likely; more probable or expec"
a49a9b56-859e-4b0c-aa6e-f07066af4726,"limbs",3,2,"arms and legs of humans and animals; large branche"
640c7f91-e585-45d5-910a-df8e00eef74b,"limelight",2,3,"the focus of public attention or scrutiny; origina"
b5e15c74-07c8-498c-8747-ba61c955a2d3,"limned",3,2,"past tense of limn; outlined, delineated, or portr"
026467cf-f31a-4121-aefe-babe5a22871c,"limousine",4,3,"a large, luxurious automobile with a lengthened wh"
3b95bfa9-bdfd-4b93-8278-812e6788ae02,"limpa",3,2,"a swedish rye bread characterized by dark color, d"
48a76b9e-f5ba-4fc2-9438-ee8a09170699,"limpet",3,2,"a marine mollusk with a cone-shaped shell that cli"
379a9a8e-d8ea-49f2-8e80-7cdaadbdfd6e,"limpid",3,2,"characterized by crystal clarity and transparency;"
29d4efb0-21cf-489b-ae55-3764f9e92a94,"limpidsyllabus",null,3,"a clear, transparent, and unclouded syllable or pa"
5e0f8f36-571e-4c35-b8d6-084ac9dae8c3,"limpkin",3,2,"a large wading bird (aramus guarauna) native to we"
26cc8aab-7ad6-415d-910f-febc0d89ac21,"lincoln",3,2,"most commonly referring to abraham lincoln (1809-1"
5b82c337-f723-4a5b-a96a-ffaad1220a50,"line",4,1,"a fundamental geometric concept representing a str"
596765ca-4597-4689-88e5-4deebf4226cf,"linen",3,2,"a textile fabric made from the fibers of the flax "
1595cab3-e136-4ef9-8f36-c17120f6b9a4,"lines",4,2,"the plural form of line, encompassing multiple str"
cd4963ef-1636-4257-8f79-4c48498eba0f,"linnet",3,2,"a small european finch (linaria cannabina) belongi"
b15a39a4-497a-46ba-b50d-33216fd6530c,"linsey",3,2,"a type of coarse fabric, typically referring to li"
a098fc12-5f80-4ff1-8613-2b1105342970,"linsey-woolsey",null,3,"a coarse, loosely woven fabric made of a mixture o"
1d3c3c05-18e3-4db1-950d-f32f7a106c2c,"linstock",3,5,"a long wooden staff with a forked or pointed end u"
0a7759a5-8153-443d-a71c-340fa814f841,"lionize",4,2,"to treat someone as a celebrity or person of great"
d64814e4-4ddc-4c2a-a1ff-62def017b528,"lipophilic",4,3,"having a strong affinity for lipids (fats and oils"
84f427c3-c98d-4f6d-b755-fe219492a3dc,"lisp",4,1,"a speech impediment characterized by difficulty pr"
0b5645dc-d12a-40ff-a437-77dc116ea662,"listener",4,3,"a person who actively pays attention to sounds, sp"
538028b7-ebd2-484b-9a9d-56d5de87837a,"listsevery",2,3,"combined_word_error: this appears to be two words "
1cc2a4dd-fdde-475b-a0ac-f288f5969eab,"listspage",2,3,"combined_word_error: this appears to be two words "
6fc9f2d4-a9e6-4101-bc82-5a2bf974db46,"litany",3,2,"a form of prayer or ceremonial recitation consisti"
dd6901a8-04d7-45c5-beb5-bd175f94957d,"literacydifficulty",3,5,"combined_word_error: this appears to be two words "
eedf877c-aa95-494d-a6b0-ee9940e65611,"literature",4,3,"written works of artistic, cultural, or intellectu"
d5b64864-32c1-409c-9e93-50bd8771d54e,"lithophone",3,5,"a musical percussion instrument consisting of tune"
6214e88a-b562-4191-a59f-cf46da71fddb,"litigious",4,3,"characterized by a tendency to engage in lawsuits;"
7292bbe8-d107-4efe-9b25-e19cbe9d1e71,"little",null,2,"a small amount or degree of something"
742ebfa9-8697-42dd-ae58-912ab5cb4d2b,"littoral",4,3,"relating to or situated on the shore or coastal re"
1a41985c-ec58-454d-849a-6da1a53e6b94,"liturgy",3,2,"the formal, prescribed ritual and ceremonial proce"
064ba033-b5a3-400f-8451-7f306c9422c2,"live",3,1,"to be alive; to exist as a living being with biolo"
04b3d2bd-70a4-4eef-a816-128adf72861b,"lived",5,1,"past tense of live; having existed as a living bei"
b1b08a6e-2831-4cb5-a27f-be40644f3ec9,"liver",3,2,"the largest internal organ in the human body and m"
78e3ac44-168a-4ded-81b7-a870b9162087,"livery",4,2,"a distinctive uniform, costume, or style of dress "
38bfe669-c033-400f-b03c-ec01addb8d5d,"lives",5,1,"the plural form of life, referring to multiple ind"
d87c5a7a-98c1-4814-8979-51730205ee59,"living",3,2,"the condition or experience of being alive; existi"
ee1d6568-4e39-44fb-9988-2147f3427607,"llama",3,2,"a domesticated south american camelid (lama glama)"
4b7e1c4b-1052-414d-bd20-0faeb16922cc,"llanero",4,2,"a cowboy or horseman from the vast plains (llanos)"
bf7212c3-f39f-4278-bc6d-78ff2ad4662f,"loathe",4,2,"to feel intense dislike, disgust, or hatred toward"
edae4b8b-1b3a-4d44-84d5-9245927bf0bb,"lobotomy",4,5,"a neurosurgical procedure involving severing conne"
ec0e277b-63be-4a35-9eb1-f16ccc8ebd96,"local",4,2,"relating to or occurring in a particular area, nei"
f8090662-6d35-4ccd-8118-1c5d5bd99eee,"located",3,4,"situated in a particular place or position; having"
b5e2e6fc-affb-4bdf-83eb-70659ed0c274,"loch",4,1,"a scottish and irish gaelic term for a lake, bay, "
63a953e9-69e5-40dc-aa57-248d748369e6,"locus",5,4,"a particular position, point, or place; the exact "
47935502-e364-4cb4-bc40-d6d3cfbd88df,"locust",3,2,"a type of short-horned grasshopper that can develo"
cfb9e4a9-b01e-4cca-b313-14fe487caa64,"loess",3,2,"a fine-grained, windblown sedimentary deposit comp"
825ec1e7-c8a6-46b4-8051-942a539a3596,"loggia",3,2,"an open-sided roofed gallery or corridor, typicall"
b7037422-c59d-43ac-bddd-02b9f586bc33,"logodaedaly",4,5,"the art or skill of verbal legerdemain; clever man"
f52d59dc-c89b-4fc0-ad35-15821981a3c5,"logographic",4,3,"relating to or constituting a writing system in wh"
615d2d5c-b196-4c25-9be8-e5d022bc2522,"logographicarmistice",3,5,"combined_word_error: this appears to be two words "
7b5d4db1-1bab-48e8-95b4-fec8aeda679f,"logothete",4,3,"a high-ranking administrative official in the byza"
b67057fd-5d07-4266-af01-ad4ded1c302a,"logs",5,1,"plural of log, referring to multiple pieces of woo"
fd5b3447-4b66-445b-999a-1395924bd476,"lokelani",4,3,"the hawaiian name for a specific variety of rose, "
cabb0b2a-abd2-48ef-8cf4-a6e109f5ae8a,"lolled",3,2,"past tense of loll; reclined, leaned, or rested in"
1477c51e-55bc-4f33-ab83-a681da7e2df5,"london",4,2,"the capital and largest city of england and the un"
82b49dc6-431c-4ac7-a6c4-52d4d605826d,"long",null,1,"extending a great distance from one end to the oth"
3ff3a1fc-7f86-4ac8-854e-6dc7cd095d23,"longer",4,2,"comparative form of long; having greater length, d"
0b49131f-b758-43f1-8a2a-de45f6d5bb21,"longest",4,2,"superlative form of long; having the greatest leng"
6c2eee38-b297-4046-86c6-f3f31600af18,"longevous",4,5,"having a long life; characterized by longevity or "
e513bd1a-f942-4365-9d60-fe4a61b3ae77,"longtime",4,3,"existing, continuing, or maintained over an extend"
1c9bbc62-eb3d-4ff6-a3a5-16e0d5234c33,"look",3,1,"to direct one's eyes toward something in order to "
ac19347f-7746-4c9f-8fcf-b1c890cdf0f1,"lookout",4,2,"a person assigned to keep watch and observe for ap"
8fc821d7-4457-4e15-9242-a6b9dbc17e44,"looks",3,2,"third person singular present tense of look, or pl"
4e3125e7-01f1-46f7-b36b-791bf7c5a923,"loose",4,2,"not firmly or tightly fixed in place; not bound or"
1fd816b2-efdb-4fca-ae12-277487d302e9,"loppers",3,2,"long-handled pruning tools designed for cutting tr"
484a6377-e86d-47fa-b1e2-88d1ee58bc2c,"loquacious",4,3,"extremely talkative; characterized by a tendency t"
94cc961a-2d83-49f8-b2a7-e20ec8a2e75c,"lorikeet",4,3,"a small to medium-sized, brightly colored parrot s"
c7d9a753-9d55-4009-9c42-ae655fc9a9c5,"lorikeetnoun",2,3,"combined_word_error: this appears to be two words "
bf819282-9ab5-46e2-8589-60a86c9ab297,"losing",3,2,"present participle of lose; currently experiencing"
594263ed-ce4a-4013-a4f3-2b61337149c4,"lost",4,1,"past tense of lose; having been misplaced, unable "
37a62c82-f0d3-4e65-841f-dbcd3f3383f1,"louche",4,2,"having a disreputable or dubious character; morall"
81095b53-77dc-4b36-9ff8-187cf775b852,"loud",4,1,"producing or characterized by intense sound that r"
d784b4ea-e0f1-414a-9499-d57712310774,"loudly",4,2,"in a loud manner; with high volume, intensity, or "
90b973d9-7cdb-4b24-9be3-23e81304d8ac,"louis",3,2,"a masculine given name of french origin, historica"
df968716-e529-4f01-b748-b3a405a3a8de,"louisiana",4,3,"a southern u.s. state located along the gulf of me"
6fc1816b-90aa-443e-b343-04c8ac4901e6,"lounge",4,2,"a comfortable room or area designed for relaxation"
07b6a304-5416-4983-8819-5a83c1811545,"loup",5,1,"french word for wolf, appearing in english context"
5f522bf6-f923-4632-8626-6c1c1ad62866,"loup-garou",null,3,"a mythical creature that is a werewolf, a human wh"
467569ad-1fa3-4a36-81c4-363e9a9c9343,"loupe",5,4,"a small magnifying glass, typically handheld or wo"
b90d2b15-7af7-43cd-9a24-0d4305f01078,"lousy",4,2,"extremely poor in quality, unpleasant, or unsatisf"
ddf79067-e85f-4491-86a5-f390e0b3aa18,"lovage",3,2,"a tall perennial herb (levisticum officinale) nati"
bb7a64be-3e04-4c02-9864-ee0ac0eac4b2,"love",4,1,"a profound feeling of deep affection, care, and at"
224bb763-d148-4cc9-b9c8-6c33b77155aa,"loved",3,2,"past tense of love; having experienced or expresse"
d8967389-b92e-4fd7-9405-7c03f0d6f373,"loving",3,2,"showing or characterized by love, affection, and c"
ad0daee9-0200-424b-b7f0-bf65e35f41b1,"loyal",4,2,"showing firm and constant support or allegiance; r"
48334e8c-2fbb-4562-8461-1055043d0cc1,"luau",3,1,"a traditional hawaiian feast and celebration featu"
6a0acbd4-de25-4899-b4bd-1407f8d6b694,"lubbers",4,2,"plural of lubber; awkward, clumsy, or inexperience"
dd1a6204-b037-4866-8c39-643068eeb7a0,"luciferin",3,4,"a light-emitting compound found in bioluminescent "
8082df4c-7fba-4907-9e35-eb50af67e44a,"lucrative",5,3,"producing substantial financial profit or material"
9ab2df1a-82ec-438f-aa40-475cb8cd1d90,"luculent",4,5,"clear, evident, or easily understood; characterize"
c520b853-6727-4556-828c-faa2f14fc5c8,"luddite",4,2,"a person who opposes technological advancement or "
b2e7e87c-287b-4b51-9be4-c3a9b98c1ffc,"ludicrous",4,3,"so absurd, unreasonable, or ridiculous as to provo"
7492808d-8d0e-493e-8564-e602784cff19,"lullaby",4,2,"a gentle, soothing song sung to help children fall"
55d3dab3-686d-4941-ba7e-b0605a2deafc,"lumen",4,2,"a unit of measurement for luminous flux, quantifyi"
838423ca-8d9d-4b16-90bc-f0d77ea25cf1,"lumenluthier",2,3,"combined_word_error: this appears to be two words "
d004b6a6-4588-4d67-a80f-08739df83e43,"lunch",4,2,"a midday meal typically eaten between breakfast an"
43c5e11e-6902-43d6-a0c2-f64657e96f1e,"lunulae",3,4,"plural of lunula; the crescent-shaped whitish area"
5a905884-4e19-47cd-90a1-5835bcb41a5e,"lunulaem",2,3,"combined_word_error: this appears to be two words "
25bc750a-5bd3-4a99-b991-369d3d22fc63,"lupercalia",4,3,"an ancient roman festival held annually on februar"
595fb9d8-7bf7-46ad-b552-6a3d3d5cc1fb,"lupercaliam",2,3,"combined_word_error: this appears to be two words "
0d2319fa-6af1-4324-a12f-94be42b45c24,"lupine",3,2,"relating to or resembling wolves; also referring t"
127fe94f-4e36-4aa3-8071-01e57a94e514,"lurching",4,3,"moving in an unsteady, irregular manner with sudde"
0d852bc6-17db-4222-b287-46e5bf76a5d9,"lurid",3,2,"unpleasantly vivid in color, particularly harsh ye"
b81454b3-19a1-4d6a-bee2-bbc19525929e,"lustrum",4,2,"a period of five years; in ancient rome, the inter"
482fd1a2-003b-4fa2-97d5-1a607be3b699,"lutheran",4,3,"relating to lutheranism, a major branch of protest"
2e5117c9-3b0d-4dc4-b68a-775ce62de612,"luthier",5,4,"a craftsperson who makes and repairs stringed musi"
d775cb1d-2e2d-485d-b789-1e8d7441d867,"lutrine",3,2,"of, relating to, or characteristic of otters; rese"
ee638144-f80a-41b4-b75d-7e38e1be1981,"luxuriate",4,3,"to enjoy oneself in a luxurious way; to indulge in"
c1915785-ac4a-44fe-9565-e5317ae24465,"lymphoma",3,4,"a type of cancer that originates in the lymphatic "
2ec8b9b3-fd6e-40ee-b073-778562683e4a,"lyricist",4,3,"a person who writes lyrics for songs, specializing"
b8994f3a-f9d2-47c5-94f9-4987381804de,"lysozyme",4,3,"an antimicrobial enzyme naturally found in various"
2c6ca547-faae-4b9a-a3a7-7450a91c335c,"macadam",4,2,"a road surface or construction method consisting o"
6140f2b6-e1e0-4a66-920c-9cbecbf8dbac,"macao",3,2,"a special administrative region of china, located "
7d38a18b-8b46-45ab-95bd-7ab6754fab80,"macaroonbrazenness",3,5,"combined_word_error: this appears to be two words "
2215d335-889e-44ec-a51e-fc5f455091d9,"macau",4,2,"alternative spelling of macao, referring to the sa"
f31cf780-71dc-49ba-8c27-a3a6aa17b2f0,"macaw",4,2,"a large, colorful parrot native to central and sou"
429c43a7-37c2-4f70-90e2-b2579985eabf,"macchiato",4,3,"an italian coffee drink consisting of espresso "ma"
c9db08a0-736d-4293-bb7f-a506d842c056,"macedonia",4,3,"a landlocked country in southeastern europe on the"
a3ad611c-5016-4323-b04f-deeaa2b02fda,"machete",3,2,"a broad, heavy knife with a long blade used as bot"
e4071726-cff4-48d4-8abf-a45e2bdd0475,"machiavellian",4,3,"characterized by cunning, scheming, and unscrupulo"
51de4062-658f-44bd-ab93-50b1e377ab7c,"machination",4,3,"a crafty scheme or artful plot, typically involvin"
89ddfd48-b01b-4058-8d5e-d151e574842a,"macigno",3,2,"a type of sandstone formation found primarily in t"
de1aa658-7cdd-4f5b-81cf-2e945debcc6c,"mackinaw",4,3,"a heavy woolen cloth, typically plaid or checked, "
bd15060a-dc5e-4dd4-95ed-228dae476675,"macropterous",3,4,"having large or well-developed wings; referring to"
ff883ae7-de06-4453-9451-003b65e7ac75,"macushla",4,3,"an irish term of endearment meaning "my pulse" or "
1070e0d9-5a06-4a2f-8120-1870c7057bc5,"made",null,1,"to create, produce, or manufacture something."
e34857bf-b19d-48e8-9086-6c03c9870ae4,"mademoiselle",4,3,"a french title of address for an unmarried woman o"
0d6b8665-04d7-49e3-b1b2-0bd027e7bffb,"magenta",4,2,"a vibrant purplish-red color that does not occur i"
10a4e785-e7c6-4f2d-bb96-2107521eed90,"magician",5,3,"a performer who creates illusions and seemingly im"
7b403967-671d-4174-a993-f8ca6e7a028c,"magma",3,2,"molten rock located beneath the earth's surface, c"
15dea289-95b0-4fcb-8435-a6376cb79744,"magnate",4,2,"a wealthy and powerful person, especially in busin"
48ce2132-5bc3-48ef-8f88-b701a37635b0,"maharaja",4,3,"a great king or prince in india, particularly duri"
b3c7bcf8-70b3-4263-b7b9-7760adbf94eb,"maharajah",4,3,"alternative spelling of maharaja, referring to the"
0dc593e8-b011-4f19-9871-63f12dd95c14,"maillot",4,2,"a close-fitting one-piece garment, most commonly r"
7001df17-6948-4195-9110-3ddcecb0d729,"maize",3,2,"a large grain plant domesticated in ancient mexico"
97d0d1fb-a4d4-415c-9563-301b27c57760,"majeure",4,2,"part of the legal term "force majeure," meaning "s"
33e91c8d-d225-48e5-b641-5ce9936c00ee,"majuscule",4,3,"a capital or uppercase letter in writing and typog"
f67e7bf8-67ec-4903-8465-8343c51680a9,"makes",4,2,"third person singular present tense of "make," ind"
929fae48-ae00-4322-8c44-406220234aef,"malachite",3,4,"a bright green copper carbonate mineral prized for"
68b299ac-6f22-4d9d-97ec-22476293ba3c,"malady",3,4,"a disease, disorder, or ailment that affects physi"
85eda777-779f-4c11-b36c-f1efdf0cb6c1,"male",3,1,"relating to or characteristic of the sex that typi"
db426ac3-76ab-4538-8af1-390f58a1d4d3,"malevolent",4,3,"having or showing a wish to do evil to others; cha"
2e80169e-c50a-48f6-a1f3-a245dee12c19,"malfeasance",4,3,"illegal or unethical conduct, especially by a publ"
196b41e7-4d74-4e83-935d-e0e05d868bd8,"malleable",4,3,"capable of being shaped, formed, or influenced; ea"
d161bb80-0a0e-47f9-aee1-00784fee259d,"mallet",4,2,"a hammer-like tool with a large, usually wooden he"
98db388f-2a8a-4178-a37c-990e76d11f92,"mambomanacle",2,3,"combined_word_error: this appears to be two words "
6294d167-41ac-4703-9f2a-ed4682796306,"mammal",3,4,"a warm-blooded vertebrate animal characterized by "
2119110b-dcfa-42c9-8f47-61d066396841,"mammalian",5,3,"relating to or characteristic of mammals; possessi"
449cd3ed-8923-4258-bf6d-f3c2cb106500,"manacle",3,2,"a restraint device, typically consisting of metal "
42fc1367-4f99-4436-ba32-9a015497c9df,"manage",4,2,"to be in charge of, control, or supervise somethin"
de0bc213-9dbd-49f6-8164-07fd946ce4ee,"manages",3,2,"third person singular present tense of manage; ind"
f7f89064-f29c-496e-b448-6dcc4010a3d5,"mañana",3,2,"spanish word meaning "tomorrow" or "morning," ofte"
2d5fc879-37da-442b-9199-b94d8e4155e9,"mandarin",4,3,"the most widely spoken form of chinese, serving as"
b3a8de9e-4d42-4d16-b89c-89610c2c7327,"mandate",4,2,"an official command, requirement, or authorization"
316965cb-2939-4760-ab8b-bfd13be8034f,"mandelbrot",3,4,"referring to the mandelbrot set, a famous fractal "
7dc3359a-3e26-41e1-81bb-f3d6f802442d,"mange",3,2,"a contagious skin disease affecting mammals, cause"
5d8202a4-e323-465f-a22a-4a948ade96e3,"mange-tout",null,3,"a type of edible pod from the pea family that is e"
9aa960b6-0769-4835-af01-c43a3a406e8d,"mangels",3,2,"large root vegetables, also known as mangel-wurzel"
ecf65a77-5012-452e-9a35-45db89b012d5,"manger",3,2,"a feeding trough or container used to hold food fo"
fd0cf642-24f0-4007-a38c-76ab553a61cb,"mango",3,2,"a tropical fruit (mangifera indica) native to sout"
a376b246-de18-49b0-a5a1-83f89c3a1c25,"mangrove",4,3,"a type of tree or shrub that grows in coastal salt"
d70870df-6914-4de9-9077-f65c4aae74f1,"maniacal",4,3,"characterized by or showing signs of mania; exhibi"
7a539832-1015-4108-b3ad-400e89392a0a,"manifesto",5,3,"a public declaration or statement of principles, b"
1ae50493-8674-426c-be73-6adfdc86b747,"manifests",3,4,"third person singular present tense of manifest, o"
0ea4fb60-e854-4162-bbf9-673ab9a28ad8,"manner",4,2,"a way of doing, being, or happening; the method or"
3cc0e057-f578-4994-aff0-8d77da2133f5,"mano",3,1,"a hand-held stone tool used with a metate (grindin"
a65bf074-4ab0-4a78-87e6-7f307582cf57,"mansard",3,2,"a type of roof design characterized by four slopin"
5defa6b8-3b36-4fbb-88ed-db7649acc6fe,"manta",4,2,"a large ray fish characterized by its diamond-shap"
356c356e-edf2-462a-b09c-b40ef1e04721,"manteau",4,2,"a loose cloak or mantle, particularly referring to"
42d7fcc7-ef7a-43c9-afb1-321a4007634a,"mantel",3,2,"the decorative shelf and surrounding framework abo"
cfd2223b-1621-417c-94ab-ac659bb30d74,"manticore",4,3,"a legendary creature from ancient persian and medi"
4feece10-7144-4b91-83e2-ee27357440e7,"mantle",3,2,"a layer of the earth's interior located between th"
4d6503e6-bed9-47f0-8fb5-b6947c923d0f,"mantua",3,2,"a type of women's gown popular in the late 17th an"
6ef3ebeb-d42b-4cd9-8087-aa7621067eb3,"manu",4,1,"in hindu tradition, the progenitor of humanity and"
ab867f1f-488e-4007-baf8-91a9ffbe15d0,"manualthe",2,3,"combined_word_error: this appears to be two words "
2526a78e-8f31-40e5-83d6-25dc65d121eb,"manufacture",4,3,"to make or produce goods, especially on a large sc"
cd388066-ec3f-487e-9ed2-d60588a04610,"manumit",4,2,"to release from slavery or servitude; to free a sl"
8f058fee-a1af-4ed0-b9ef-ef2afb52e854,"map",null,1,"a visual representation of an area, typically a co"
79140e1d-3ab8-4697-8e2a-0e87e716e0d1,"maquette",4,3,"a small-scale model or preliminary sculpture creat"
2de3b591-5ab6-40b5-afe7-f2bc14f77a50,"marathi",4,2,"an indo-aryan language spoken by approximately 75 "
901005a7-5c54-4c59-93bf-bdc8a6dcd2be,"marble",3,2,"a metamorphic rock formed from limestone or dolomi"
59783cf2-c623-4b67-827f-9cd52b98fada,"marcel",5,2,"a type of hairstyling technique that creates soft,"
029d49b2-7315-483b-8568-72ba19e3904c,"marginalize",4,3,"to treat a person or group as insignificant or per"
e0167175-4865-4bb6-bf45-c58ff753cb05,"marimba",4,2,"a percussion instrument consisting of wooden bars "
dbec8eee-9ff0-4550-8c6f-e193f27300bd,"marine",3,2,"relating to the sea or ocean, or a member of a nav"
5145f53b-9457-40b6-bdbb-7eafbcf32c6f,"marionetteneapolitan",3,5,"a combined word error from pdf parsing that incorr"
0b2112eb-6cb5-4299-b33c-d7a436e49bed,"mark",4,1,"a sign, symbol, or trace that indicates position, "
d9e0600a-b988-46ca-a4ee-ab40ffdca1a7,"marked",3,2,"clearly noticeable, distinct, or having visible si"
ac2ef9b8-63de-473d-8ae7-9f8dcf586cab,"markets",4,2,"places or systems where goods, services, or securi"
fef04511-d67d-497a-b6c3-a6133765d32b,"marquee",3,2,"a large tent used for outdoor events or a prominen"
d20b39ae-175c-4677-b559-efa2112d2e3a,"married",3,4,"united in matrimony through legal or religious cer"
59979606-b59a-49c0-8187-b2662c521356,"marring",3,2,"the act of damaging, spoiling, or diminishing the "
7ef189de-c970-4123-bec4-da99a09c0025,"marry",4,2,"to join in marriage through legal, religious, or s"
0d9d31eb-92f2-446f-a0f0-7ab521050cef,"marsupialtrefoil",3,5,"a combined word error from pdf parsing that incorr"
1594d7c1-43aa-48c0-8b2f-4de2a3f709db,"martial",3,2,"relating to warfare, military affairs, or combat; "
93dad57d-221a-4be1-91e5-29e7ec7f83f8,"martinoe",4,5,"an obscure or archaic term that appears in histori"
e330d6aa-ebd3-4dc0-acf1-6748eef59944,"marvel",4,2,"something that causes wonder, admiration, or aston"
96111848-5e40-4fb3-bbb5-c724d570085d,"masa",3,1,"traditional corn dough used in mexican and central"
051f13a9-c215-4176-9cf7-2483908cb463,"mask",4,1,"a covering worn over part or all of the face for p"
7e2090d6-ecc2-4813-82b3-a1fd25d83d58,"masks",3,4,"multiple face coverings used for protection, disgu"
f92d4fd6-a4cc-4a97-a5b1-6ec675f2e5f3,"mason",3,2,"a skilled craftsperson who works with stone, brick"
23fefa4f-2687-43ca-aa87-0b7ed3a80f7b,"masse",4,2,"a billiards shot where the cue stick is held nearl"
202a1714-3f28-4480-813e-0bef6e0a9a07,"masses",3,2,"large quantities or numbers of people or things; a"
2f0ea1f7-007f-4422-9095-fbdeb252b9aa,"masseuse",4,3,"a female professional who performs massage therapy"
59a13d80-830d-419c-a1c6-25cb718f9a40,"mässig",3,2,"mässig is a german word meaning "moderate," "tempe"
dd8a84b2-eed1-4cc6-b39e-20ba584d2d50,"mastering",4,3,"the process of gaining complete knowledge, skill, "
e768af44-2b32-4c08-9a1c-e0b76a2c8fa9,"mastiff",3,2,"a large, powerful breed of dog originally develope"
a6cb1a0e-da34-4a5c-8259-0090aee22c58,"maternity",3,4,"the state of being a mother; the period of pregnan"
02dd973a-14fd-45b1-9b0d-ba686875a6cb,"math",4,1,"the study of numbers, quantities, shapes, and patt"
46b8cded-503d-442e-9eb8-c90fb569f216,"matriculation",4,3,"the process of enrolling in or being admitted to a"
01b3d827-22de-43b7-be62-5a8322e24b48,"matrimony",4,3,"the formal union of marriage between two people, p"
8e874ece-989f-4ade-97c6-5e1f60af1830,"matterhorn",2,3,"a famous pyramidal peak in the alps on the border "
2947e268-bf1b-4491-b0b6-ae365b5c3a43,"mattress",2,3,"a large, rectangular pad used as a bed or part of "
54073278-7c44-41ae-bd81-1e7530bd3b2b,"mauve",4,5,"a pale purple color with a pinkish tinge, named af"
3340f646-20c4-43d6-b0d3-43974bea8312,"maverick",4,3,"an independent-minded person who refuses to confor"
7a762311-e89f-4af3-904c-e303e342c454,"mawkish",3,2,"excessively sentimental, emotional, or sweet to th"
01d66adc-3c57-41fa-86e0-16fe5ae606ec,"maxwell",4,2,"a unit of magnetic flux in the electromagnetic sys"
7bb16d9e-70b6-4a8a-b696-31a65efb9dce,"maybe",3,2,"perhaps; possibly but not certainly; used to expre"
7fcad8a9-7d20-4f6f-9f14-32b9b76f9234,"mayhem",4,2,"violent disorder, chaos, or deliberate damage and "
005e89eb-0233-4f88-9b9d-6023aaf7c1b1,"mayonnaise",2,3,"a thick, creamy sauce made from egg yolks, oil, an"
021d4705-995a-4de5-b950-561cb86b3888,"mazda",3,2,"a japanese automotive manufacturer known for rotar"
a74c0e82-a1b1-4021-80d4-d501a0176d96,"mccoy",3,2,"used in the phrase "the real mccoy" to mean the ge"
4e91687a-6831-486b-b368-99b18240466b,"mcintosh",4,3,"a variety of red apple with tender, white flesh an"
d3f0eab1-084e-41d4-b632-ad7f373516e0,"mea",null,1,"a pronoun used to refer to oneself."
5383c0f3-c869-44f9-9970-dfcc74ca8370,"meal",3,1,"a regular occasion when food is consumed, typicall"
1c8f90ec-6889-4fd1-bd01-3b2873b57e5f,"mean",3,1,"having multiple meanings: to intend or signify (ve"
92f5c925-deb0-420b-89ba-f4e489656337,"meaning",4,2,"the significance, purpose, or intended message con"
d13e7d63-9c8c-4adb-b39e-c38b07bac0e5,"means",3,2,"methods, resources, or instruments used to achieve"
5880e92a-8ba1-4bf3-828e-5c04bff58652,"measly",3,2,"contemptibly small, meager, or insufficient; also "
8b5a3539-4240-467b-87b3-e8968fdd36f5,"meat",3,1,"the flesh of animals used as food, or the essentia"
bf51cc16-1e1d-413a-8aba-1b6bc98ed154,"mecca",3,2,"the holiest city in islam, located in saudi arabia"
e5ae3d96-97f1-4f83-8b14-e5e45428ce3d,"medallion",4,3,"a large medal or decorative pendant worn as jewelr"
60b6e6a5-1406-4698-9d2f-fc14ef752fe9,"media",4,2,"plural of medium; refers to various means of mass "
a21dbd53-db40-4561-ad4d-803e06ded229,"mediaeval",4,3,"an alternative british spelling of "medieval," ref"
5cd15278-33db-4088-b2fd-5c39b76423ff,"medias",4,2,"plural form that can refer to multiple types of me"
b44d3108-9e0b-4868-913e-fa348941ed5d,"medicine",3,4,"the science and practice of diagnosing, treating, "
70a933ce-435f-40c9-95d7-6a256aa4a851,"medicines",3,4,"plural of medicine; referring to multiple therapeu"
255a7b3a-98f5-4bb0-b950-041b8e47b6b6,"medieval",4,3,"relating to the middle ages, the historical period"
170ce6ca-6e3a-454b-8475-8d81dce66a79,"medium",3,4,"a middle state or condition between extremes; a me"
56867cfd-8e78-4391-863e-e4405102d41e,"medulla",3,2,"the innermost part of an organ or structure; speci"
9810c1e2-b0d7-4636-84fd-11482f3819a4,"medusa",3,2,"in greek mythology, one of three gorgon sisters wh"
f273be39-1673-46a3-b6af-0ed4be556736,"meet",3,1,"to come into contact or encounter someone or somet"
48621803-0b1d-40f0-82e4-4a1c4137c92f,"meeting",3,2,"a gathering of people for discussion, decision-mak"
3112ea44-d4fd-4606-9400-26ca01221fb7,"megalomaniac",4,3,"a person with an obsessive desire for power and co"
60de3abf-b0fa-4216-a7a4-5e4b2e2f7590,"megaron",3,2,"the great hall or main room of a mycenaean palace "
0395705c-0fe2-4da2-8b84-579a17364132,"megrims",4,5,"a feeling of depression, low spirits, or melanchol"
a67f06f0-7c84-4b72-9c1e-929bc6c4dbb2,"meiosis",3,2,"a type of cell division that produces gametes (sex"
6a882366-c3cd-4156-847c-3bad92934461,"meitnerium",3,4,"a synthetic chemical element with the symbol mt an"
5096c308-6414-41a0-9ef7-24d77d71caa9,"mele",4,1,"a hawaiian song or chant that often tells stories,"
c6352e63-edaa-48ed-a9a2-f4b3708d7c78,"melee",3,2,"a confused fight involving many people; a chaotic "
cd97af2b-6cc1-44a1-9756-7ef6a40ccc1a,"mell",3,1,"an archaic or dialectal word meaning to meddle, in"
e1e507db-5201-4eec-9928-3d85e09fd5c2,"mellifluousclemency",3,5,"a combined word error from pdf parsing that incorr"
0ba43105-9c65-4596-8852-181e3298c3a9,"mellow",3,2,"having a soft, rich, gentle quality; mature and re"
6d0b4313-7952-4f32-b44a-d5607e951ec6,"melody",5,2,"a sequence of musical sounds forming the main tune"
257f295e-00b0-4764-81c7-ab9a4c06acc9,"melted",3,4,"changed from solid to liquid state through applica"
3a1cf12b-1984-4eea-af4a-c76de2bda937,"meltedmembership",3,5,"a combined word error from pdf parsing that incorr"
3ac65b3a-3299-49e6-bb61-1db7d6e1ded8,"member",3,2,"a person who belongs to a group, organization, clu"
af36d50c-f5b4-48e9-a73d-736fa31603e5,"membership",4,3,"the state of belonging to or being part of a group"
99889622-7287-4ef6-8228-bedb94c95f9d,"membrane",3,4,"a thin, flexible sheet of tissue or material that "
f24913d6-8284-482e-9199-34ccb1cfc878,"memes",4,2,"units of cultural transmission that spread from pe"
3d5517b7-29f4-4dfe-9e2e-2349bff0fb2c,"memorandum",4,3,"a written message or document used for internal co"
b33fb4e3-4b9d-4216-b010-2bdc8a7de53c,"menacing",4,3,"threatening or suggesting the presence of danger; "
f3fdcf63-b54e-408a-b132-d2c3e6ca4a40,"menagerie",3,5,"a collection of wild or exotic animals kept for ex"
b8ff36d6-9520-4842-929f-51033ca7ecbd,"menaia",3,2,"plural of "menaion," referring to liturgical books"
972ceb39-d2c4-45e2-8f74-fe91b3b63588,"mendacious",4,3,"given to or characterized by lying, deception, or "
9af299db-e44e-4fb3-86d9-2c8e84aaade0,"mendicity",4,3,"the practice or condition of begging; the state of"
315fdb9f-f850-4901-b6dc-e89f4a78f78b,"menial",3,2,"relating to work that requires little skill and is"
16558c1b-8d3c-4b96-ae40-5dd3e5383d54,"meningitismephitic",3,5,"a combined word error from pdf parsing that incorr"
8b860e51-218e-4004-8fea-93b87d176b87,"menthol",3,4,"an organic compound with a strong minty odor and c"
0b443770-47da-4e55-bd4b-d47d86b62ef6,"mention",4,3,"to refer to something briefly or in passing; to br"
fa8b82be-3c11-4549-bd22-3460af3c94e9,"mentor",4,2,"an experienced and trusted advisor who provides gu"
6026a9b1-e236-43b2-b62c-e3cf10c002b2,"merak",3,2,"the second-brightest star in the big dipper conste"
29c8af07-ce6f-4495-aa3e-6d151c38edb5,"mercenary",4,3,"a professional soldier hired to serve in foreign a"
25f96b2b-4b95-4f17-b241-8106af3582b4,"mercury",3,2,"a heavy, silvery metallic element that is liquid a"
44c696eb-9d9a-4f47-b387-0d0b63327ba5,"merely",3,2,"used to emphasize that something is only what it a"
8fa21158-e8dd-4c48-9db3-10d7b419ac24,"merfolk",3,2,"mythical aquatic creatures with human upper bodies"
1bb2b904-27fb-4fe5-a610-6c99812b1cbc,"meringue",4,3,"a sweet mixture made from beaten egg whites and su"
e5e4f939-e886-42e9-a659-5f4339720ae7,"merino",3,2,"a breed of sheep known for producing exceptionally"
091abe46-a5e7-4f3d-9ae7-d80c8a7d3086,"merriam",4,2,"referring to the merriam-webster dictionary compan"
4e4d4ad8-2cc7-48e7-9994-362745a8b6c6,"merrier",3,2,"comparative form of merry, meaning more cheerful, "
4b98187d-1270-42c0-be5b-b506b5df9b06,"mesopotamian",4,3,"relating to mesopotamia, the ancient region betwee"
034b410b-5923-4330-a5b8-110e94c1b521,"mess",3,1,"a state of disorder, confusion, or untidiness; als"
b6db76ac-f9a0-47e9-b387-44bc749800e0,"message",4,2,"a communication or information transmitted from on"
c1cd0d6f-c0f7-46f9-8e3f-45ee64324f14,"messenger",4,3,"a person who carries messages or communications be"
a92c5a39-6e28-4356-b98b-f1722c345026,"metals",3,4,"chemical elements characterized by properties incl"
50e56f39-759d-4c85-baad-a3253e6c587e,"metastasize",4,3,"the process by which cancer cells spread from the "
b7a0ae8e-8627-4460-ab55-341f3db4cbe3,"metatarsal",4,3,"relating to the five long bones of the foot locate"
860f53da-ae38-42b4-b050-152cfaeb753d,"mete",4,1,"to distribute or give a measured portion, especial"
375173ca-05ee-4e83-943e-3268ce333e55,"metropolis",4,3,"a large, important city that serves as a major pol"
e678e066-ca5c-41c5-9b82-703d314f650c,"mexico",4,2,"a country in north america bordered by the united "
372884ca-6d3d-4d11-9b53-029564794fab,"mezzanine",4,3,"an intermediate floor between two main floors of a"
acd424d0-926a-4ad8-9640-4e5ae0e54319,"micellar",3,4,"relating to micelles, spherical structures formed "
6feb211a-2c9d-4abe-9cbc-6c90b4ea84a1,"michel",3,2,"a french given name equivalent to michael, meaning"
d37f534f-2640-4231-b6d5-bc06e75b8175,"microphone",3,4,"a device that converts sound waves into electrical"
a927f0ee-bea1-459a-b97a-13577de2d57e,"microwavegabled",3,4,"a combined word error from pdf parsing that incorr"
6f5459ef-3519-40d0-8ba6-5ede27ec0873,"midair",3,2,"the space or position in the middle of the air, ab"
6deed970-65c3-4a37-bf0b-9c6a50150b2b,"midday",3,2,"the middle of the day; noon, when the sun reaches "
ab24623a-d93f-4e67-bf50-1ff8339ffffb,"middle",4,2,"the center or middle part of something; equally di"
9fe7fe9a-db75-4fcd-bea6-3ef8375c3f88,"midi",null,1,"a type of digital musical instrument interface tha"
03a3e1f4-2c71-4752-91d1-a12f2c887106,"midnight",4,3,"twelve o'clock at night; the middle of the night w"
d1a54978-242e-481a-a3fb-440bcbf653b6,"mien",4,1,"a person's appearance, manner, or demeanor, especi"
5dcba290-b71b-44b2-9f68-b9e9982a72a4,"might",3,2,"great strength, power, or force; also used as a mo"
00e94bf6-0d20-4823-972e-99f014e45280,"mildew",3,2,"a thin, superficial growth of fungus consisting of"
eaf34d16-13aa-4c2d-a012-669f7ded748a,"mile",3,1,"a unit of linear measure equal to 5,280 feet or ap"
a168e64a-42d1-4f79-83ba-44dec980acc8,"miles",3,2,"plural of mile; multiple units of distance measure"
29069cdd-d817-4937-89f6-c48c47778108,"milieu",4,2,"the physical or social environment in which someth"
2a0351bb-3843-4010-89c3-69753f4d6b62,"militant",4,3,"aggressively active in supporting a cause or belie"
c0011ca2-5cac-448b-b41d-d20ff86ffb8d,"milk",3,1,"a white liquid produced by female mammals to nouri"
37bb2ea6-7374-4e6d-a517-aecb614a3d51,"millet",3,2,"a group of small-seeded cereal grains that are imp"
0e643b60-c699-4c28-bc49-1511a58d2393,"millionaire",4,3,"a person whose net worth equals or exceeds one mil"
7fa4c40d-e19c-4e98-a4da-c044f8f4e32b,"millisecond",3,4,"a unit of time equal to one thousandth of a second"
de99699d-c212-4e73-90e5-59778a022927,"millisecondmillivolt",3,5,"a combined word error from pdf parsing that incorr"
d198cd2a-6b01-4f35-a543-b05d79154411,"millivoltherringbone",3,5,"a combined word error from pdf parsing that incorr"
3b886add-1a5f-4a32-8aea-e28fc3472cf1,"minacious",4,3,"threatening or menacing in manner; having a qualit"
a6da9631-69fc-4d88-ba39-be76801d49cc,"mince",3,2,"to cut into very small pieces; to speak in an affe"
4468bd92-f1b4-41be-afed-e634d53a412f,"mineral",3,4,"a naturally occurring inorganic solid with a defin"
6b54628b-c431-45ac-bb0b-0ef8c08ccdd7,"minestra",2,3,"an italian soup typically made with vegetables, le"
c1fb2d00-6017-4e7c-8980-15e9e2a5a814,"minette",3,2,"a type of iron ore containing oolitic limestone an"
27cedf80-a11b-431a-a26f-551b552148ed,"minimise",4,3,"british spelling of minimize; to reduce to the sma"
5b6a252e-f725-4a14-82e2-4aa666d6dc07,"minivan",4,2,"a small passenger van designed for family transpor"
b6e17c00-722c-46df-a3cd-bff54f128db0,"mink",3,1,"a small, carnivorous mammal with dark brown fur, v"
615fb668-c6c3-47b2-88bb-33034f679c4a,"minnesota",4,3,"a state in the upper midwest region of the united "
562b989f-e2a0-409f-85fc-06b6c24de6bb,"minnow",4,2,"a small freshwater fish, typically used as bait fo"
78e9f2ea-980d-4933-9139-beefaee116e3,"minority",4,3,"a smaller number or part; a group that is differen"
0767a2c5-efed-4915-912f-a6ecf1ea7cbc,"minute",4,2,"a unit of time equal to sixty seconds or one-sixti"
164d8340-7fa2-47dc-a201-c45096029aad,"miombo",3,2,"a type of tropical dry forest ecosystem found in s"
3a98f29a-b82c-46b0-bdf4-c18eb724dff5,"mirach",4,2,"the second-brightest star in the constellation and"
9a063db5-73a6-47a6-807f-065688d72593,"miraculous",3,4,"of the nature of a miracle; extraordinary and brin"
88184fdd-f670-4ed8-a461-ae91157346a0,"mirage",3,2,"an optical illusion caused by atmospheric conditio"
d9da2061-0d31-4ed2-9d58-ada8db0dc288,"miranda",4,2,"a moon of uranus; also referring to miranda rights"
ffe785d7-e55d-4b9a-846c-dae3c03041d1,"mischief",4,3,"playful or annoying behavior that may cause minor "
d1c462b7-9a3f-477a-af54-e4a8554ccb3e,"mischievousbionic",2,5,"a combined word error from pdf parsing that incorr"
d27c8347-56cd-4f62-8fb1-7401ed469614,"misconstrue",4,3,"to interpret wrongly; to understand or explain inc"
15e80404-460c-49ef-945c-2530b3ea2b2c,"misdemeanor",4,3,"american spelling of misdemeanour; a minor wrongdo"
267f3c74-20ae-44c1-83df-5d633c7b6e0a,"misdemeanour",4,3,"british spelling of misdemeanor; a minor wrongdoin"
80e571b1-68ed-4062-a93c-261e174ec237,"misery",4,2,"great suffering or discomfort of mind or body; a s"
e9388739-1e20-4b97-ad17-096408fdb4b4,"misinterpret",4,3,"to understand or explain wrongly; to assign an inc"
96bfe517-240f-49fe-a60e-d403f416c402,"mislead",4,2,"to give false or inaccurate information that cause"
ec0106b2-a5b9-4f4a-b729-c4c7ef7855fb,"miss",3,1,"to fail to hit, reach, catch, or achieve something"
7f5bb379-30a3-481a-bb06-73bda48d564a,"missile",3,2,"a weapon that is thrown, fired, or launched toward"
0e87887a-9d02-4f3f-8989-53602d7d42b6,"missive",3,2,"a written message or letter, especially one that i"
3fafa7bb-e9e9-40ef-a43d-bf945c7ab56b,"mistake",3,4,"an error or wrong judgment; an action or belief th"
e01ab9e3-32bf-4c19-bb41-ef35c82aeffd,"mistaken",3,4,"wrong in opinion or judgment; based on error or mi"
efbeedda-307d-4107-84c9-efc83d2984e3,"mister",4,2,"a title of respect used before a man's name or whe"
ea98c17c-31db-40dc-b280-5dd019efdeff,"mittimus",4,3,"a legal document or writ directing that a person b"
3f28ce14-1ba1-4fd3-be49-0d9b2a19b6d4,"mitty",4,2,"relating to walter mitty, the fictional character "
5c11cc7e-1fc0-4b34-a4dc-ea8009e4795a,"mix",null,1,"to combine different elements into one whole"
b1b46bcd-373e-4aea-b416-60d9ac370590,"mixed",4,2,"composed of different elements combined together; "
69a3b4b2-3cca-46b7-81af-3db4c1039eee,"mixture",3,4,"a combination of different substances or elements "
45dcd058-fc74-4526-ac2d-f3e0dc4536f4,"mizuna",3,2,"a japanese leafy green vegetable with feathery, de"
6b5bbf20-510b-4d1a-ac87-4cc5c6ed331b,"mochi",4,2,"a traditional japanese rice cake made from glutino"
9823ebf0-3e50-4717-9f49-0c9160cfaaf7,"mockery",3,2,"teasing and contemptuous language or behavior dire"
34a210f2-4251-41a6-b40c-dd6e7430528a,"modality",3,4,"a particular mode, method, or form in which someth"
801775e7-0576-48e8-9c7c-491174437e78,"modem",3,2,"a device that modulates and demodulates digital si"
30b39dcb-4617-4b68-b769-30ec404149a3,"modesty",4,2,"the quality of being humble about one's abilities "
e33ffb93-8e0a-44c5-807a-389fd3f01990,"modify",3,2,"to make partial changes to something; to alter or "
aca0d3b0-95c8-4a12-96ba-497179111d16,"modiste",3,2,"a person who makes or sells fashionable women's cl"
ca450446-4cc1-408a-b096-e42600f0d7a2,"modular",3,2,"composed of separate units or modules that can be "
910b9491-fa35-440b-a22a-3edef0d39772,"mogul",4,2,"a powerful or influential person, especially in bu"
ac63aef1-808d-4ed3-b3c3-bb99810c3093,"moines",3,2,"french word meaning "monks"; also appears in the p"
814c652a-8178-4529-b0da-5ad67f2cd109,"moira",4,2,"in greek mythology, fate or destiny personified as"
787c99ba-091f-4d18-a15b-362b83dbaaa5,"moissanite",4,5,"a rare mineral composed of silicon carbide, first "
b422f36b-e3b6-4fc5-a834-5814c44c07c8,"moisture",4,3,"water or other liquid present in small quantities,"
6dca9e8b-3806-4b23-b3f1-6daba9d693b5,"molars",3,2,"the large, flat teeth at the back of the mouth use"
af51aa00-f762-4bef-b81f-30ba9d0a111e,"molds",3,2,"plural of mold; fungi that grow in multicellular f"
440f79ef-44c8-4271-bab5-87aa5986b990,"moleculemonopolize",3,5,"a combined word error from pdf parsing that incorr"
be86a794-d8f0-4d10-aa59-61e4deca686b,"moline",3,2,"relating to or resembling a mill; also a heraldic "
b0cff46e-d212-461e-96a9-b9d7b93fbe6c,"mollify",4,2,"to calm, soothe, or appease someone who is angry o"
b7e12eaf-8303-4add-aafd-61c28beed5a4,"monarch",4,2,"a sovereign ruler, especially a king or queen who "
4c088f0a-41c1-4e49-a630-3faf3f0fa76b,"monday",4,2,"the first day of the work week in many cultures; t"
62cea370-855c-4835-870a-39388a355d13,"mondegreen",4,3,"a mishearing or misinterpretation of a phrase in a"
f27dfb36-8818-47bd-ad92-6bea80ee4007,"money",3,2,"a medium of exchange, unit of account, and store o"
da5cb240-95e1-4e9c-b883-35f2aeb19a78,"monk",3,1,"a monk is a person who practices religious ascetic"
66478cd5-0739-4ab7-9207-ca74f092e726,"monkey",3,2,"a monkey is a member of the primate order that inc"
95249912-2942-430b-b75e-deeba3b2a44a,"monochrome",3,4,"monochrome refers to a photographic or artistic re"
4d771408-a61c-4f76-93d9-564c968966f9,"monochromefacade",2,5,"this appears to be a combined word error from pdf "
fd4e5726-2fb4-445f-a096-39545fcef09c,"monocle",3,4,"a monocle is a single corrective lens designed to "
8b3b4a94-bca1-4af2-9de4-994bb147fde8,"monopolise",3,4,"monopolise (british spelling of monopolize) means "
6458d75d-9c1d-4c5d-9955-58764cf8c985,"monopolize",3,4,"monopolize (american spelling) means to obtain exc"
48bcb722-07e7-467c-96ab-0fa1ef3882c1,"monotone",3,4,"monotone describes a sound, voice, or musical pass"
51452734-87a6-4055-8e24-a5766274c786,"monster",3,2,"a monster is a creature that is typically large, u"
adb752e7-d7f1-41e3-9cf1-d18f05772501,"montage",4,2,"a montage is a technique in film, photography, or "
cda267ea-1451-4e37-8654-b39aa130687c,"month",4,2,"a month is a unit of time used in calendars, appro"
9dcf120e-bdab-4104-8c28-367a880ab0b8,"monthly",3,2,"monthly describes something that occurs, is publis"
8ee7f94f-55ad-4bb1-b98e-093bfa22a324,"months",4,2,"months is the plural form of month, referring to m"
c7e8e194-f292-4c3a-88c4-daf5bfd453b6,"monture",3,4,"monture is a specialized term referring to the fra"
507c7a9b-b085-4c70-8073-fcd808ed9b21,"monumental",3,4,"monumental describes something of exceptional size"
c6a8edca-3032-4601-8bd7-da0aca2596e7,"moo",null,1,"the sound made by a cow"
0a2970d9-ae94-4eb1-a672-e42e8c32f7f5,"mooc",null,1,"a free, online course that is open to the public a"
d9dff34d-062e-4f36-8264-bb8396263cd9,"mood",3,1,"mood refers to a temporary emotional state or feel"
24746729-dbcf-4ebe-a382-8bfe717fd590,"moon",4,1,"the moon is earth's only natural satellite, a rock"
4ab1f07f-6006-490b-91dd-10b3eb584dab,"moose",3,2,"a moose is the largest member of the deer family, "
df06974b-92b2-4230-bfa8-21e4c1c9fb9f,"moped",3,2,"a moped is a low-power two-wheeled vehicle that co"
4658fba6-105a-48d6-8cdd-779f1aa9061c,"moppet",3,5,"moppet is an affectionate, somewhat old-fashioned "
881e4811-2463-40f3-b5f1-68f9e2263d09,"mops",4,1,"mops is the plural form of mop, referring to multi"
dae92cfd-24c2-4107-888e-8f7c0176113c,"moraine",3,2,"a moraine is a mass of rocks, sediment, and debris"
cc9446fa-1ce9-4798-8e1f-6c12b4ac1e5b,"mordant",3,4,"mordant describes something harshly critical, biti"
fcff1c00-1394-4540-8d38-7b5286f5c9be,"more",null,1,"a greater quantity or amount of something."
9218a8a8-5bb1-4ca5-aae1-28c85efe0f8b,"morel",3,2,"a morel is a highly prized edible mushroom charact"
3eba31d1-a258-4bb5-9a44-99d992e754a7,"mores",4,2,"mores are the essential or characteristic customs,"
004d0ceb-c540-43ac-8e38-cc73c96dc3ac,"morgana",3,2,"morgana typically refers to morgan le fay (also kn"
8a3c0dfd-fa89-46a2-b3d1-4bcff020d2b9,"morion",3,2,"a morion is a type of open helmet worn by infantry"
345de9c3-a1af-457a-afd2-9e0c4938cd50,"morionmortadella",2,5,"this appears to be a combined word error from pdf "
4317599a-e981-4d0a-82c8-a8a5cb402f0c,"morose",3,2,"morose describes a person who is sullen, gloomy, a"
0c5549f5-b3e5-462b-956d-9ed96fe1834d,"mortal",4,2,"mortal describes something subject to death or hav"
13887d25-6c69-45ce-9e0f-511c0fc4392d,"mortification",3,4,"mortification refers to a feeling of intense shame"
90bc663f-7158-4c31-8457-bb78ae590205,"mosaic",3,4,"a mosaic is an art form consisting of small colore"
97a6e553-0150-4aba-b5c0-6b6f8c030c0f,"most",4,1,"most functions as both a determiner and adverb ind"
b0e556c8-aa9a-4657-95ea-81a864d4a3dd,"motherumbung",2,3,"this appears to be a combined word error from pdf "
11637036-aae8-44ea-b490-eab82d8e84e7,"motley",3,2,"motley describes something composed of many differ"
aaa1b126-7e7d-4668-a09b-206c30a0c53c,"motor",3,4,"a motor is a machine that converts energy into mec"
0bb6d1f9-9e09-4021-837e-0f2551069119,"motrin",3,4,"motrin is a brand name for ibuprofen, a nonsteroid"
22d0c611-0c4a-4e8e-84f8-860c7da2b491,"motto",4,2,"a motto is a short phrase or sentence that express"
4dc70cd3-b06b-4550-ba26-491ba3fbf51c,"mountebank",null,3,"a charlatan; a person who deceives others, especia"
cc651297-68e5-4cb4-9180-78622840a10f,"mournful",2,3,"mournful describes something characterized by grie"
b84070a9-0402-44d8-822a-bc3b4c8ec89c,"mousse",3,2,"mousse is a light, airy dessert or savory dish cha"
45ba9514-c5a3-4a19-bf91-f465cd9540c5,"moustache",4,3,"a moustache (british spelling of mustache) is faci"
185c0535-a765-4096-9d53-5d3e495669ba,"mouthfilters",2,3,"this appears to be a combined word error from pdf "
d759af28-da4b-4360-afcb-7bbcb90220ce,"move",4,1,"move means to change position or location, or to c"
ef4658ff-b6f4-4f64-b2d7-b7928e307d59,"movie",4,2,"a movie, also called a film or motion picture, is "
91bf56b4-d857-463e-9e75-18c384cc89c0,"mower",3,2,"a mower is a machine designed to cut grass, crops,"
b215de39-75f4-4501-a2e9-6fcd31417771,"moxie",4,2,"moxie refers to energetic determination, courage, "
5f43247d-bd3c-4ad2-a62a-e16d4b2d5636,"mozo",3,1,"mozo is a spanish word meaning "young man," "serva"
42b95694-3324-4b6b-895a-1ac87b48d531,"much",null,1,"a large amount or quantity of something"
3561c3cf-e8c2-4005-870a-b2faa528c90e,"muchacha",4,3,"muchacha is a spanish word meaning "girl" or "youn"
82cdf564-6b92-4285-8374-4b02ff2f4b81,"muesli",3,2,"muesli is a breakfast cereal consisting of rolled "
6ad512c6-b50b-46fe-b0bf-43cf83b5e103,"mufti",4,2,"mufti has two distinct meanings: in islamic contex"
013152db-42b7-4460-96be-48c1c4811085,"mugs",3,1,"mugs are cylindrical drinking vessels, typically m"
6630cdaa-4069-4e4f-ac76-9428bbe0c688,"muktuk",3,2,"muktuk is a traditional inuit food consisting of w"
b0e3042a-53f1-493f-8f43-f5fbaa80076e,"mule",2,1,"a mule is a hybrid animal resulting from breeding "
583d64f7-8545-45a3-a55e-7c3b7f9b1b7f,"muliebrity",3,5,"muliebrity refers to the condition or quality of b"
a80dc1ce-1bf7-4858-b108-2cfc8cede0b9,"mulish",4,2,"mulish describes behavior characterized by stubbor"
80c25420-ab28-4191-a8fa-402a7f49a709,"mulliganmunich",2,3,"this appears to be a combined word error from pdf "
10f6d600-8aad-4cbf-a72f-d504fe514a27,"multifarious",3,4,"multifarious describes something characterized by "
32c6ce7f-4b7a-4d64-b65a-d8c10be5419e,"multitude",3,4,"a multitude refers to a very large number or great"
4de5f56e-a60d-48ef-acfa-9b3520a9f2c1,"mumbai",3,2,"mumbai, formerly known as bombay, is the capital c"
04bd9b4f-fa90-49c8-8770-8565ef4a500c,"mumble",3,2,"mumble means to speak indistinctly or incoherently"
3c027b99-14ee-46cf-878a-2c9a39ead6ac,"mummified",3,4,"mummified describes something that has been preser"
f080f237-7813-468c-b844-0deedd4a51e9,"munchkin",2,3,"munchkin refers to a fictional race of small peopl"
5176f643-e30e-48dd-98b0-95901b0bf54b,"munich",3,2,"munich (münchen in german) is the capital and larg"
41989607-e7fd-47ad-8f7a-ad0f1a4b1596,"municipal",4,3,"municipal relates to local government administrati"
4308734b-d2f4-4330-b9ed-be524ee8288e,"murals",4,2,"murals are large-scale artworks painted or applied"
4d1a054a-d0bc-4a95-9c6a-a8e747477e08,"murky",3,2,"murky describes something dark, cloudy, or unclear"
48dff52e-902c-4d82-8a4c-c52cc89abee4,"murmuration",3,4,"a murmuration refers to the phenomenon of hundreds"
d20a1e62-f937-496a-abe2-bd9771059b1c,"muscles",3,4,"muscles are contractile tissues in the body respon"
978ea2c4-68c2-439d-a756-3344c4707cc3,"muscular",2,3,"muscular describes something relating to muscles o"
4bf2eda0-3f88-41b4-8763-c0f0b0fd2e49,"music",4,2,"music is the art and science of organizing sounds "
fe10f578-2b4d-467a-8393-83ed82be4ce3,"musical",3,2,"musical describes something relating to, character"
00de15cf-e940-4175-9e3d-b7bd40fd4a80,"musings",3,2,"musings are thoughtful reflections, contemplations"
fd3ee7b1-fc38-4d9b-b486-264396e4d4be,"muskeg",3,2,"muskeg is a type of wetland characterized by acidi"
e87cb7bf-8556-4ada-ab82-76b6da162f6c,"musketeers",4,3,"musketeers were soldiers armed with muskets, parti"
5032ff55-0fcb-4e8a-8630-f5d984372d3f,"must",3,1,"must is a modal auxiliary verb expressing necessit"
c750654e-566c-4313-9980-091a70fced07,"mustache",4,3,"a mustache (american spelling of moustache) is fac"
61452c52-e4e2-418a-8211-82bcaa7522aa,"muster",3,2,"muster means to assemble, gather, or summon people"
386de6c6-8ee6-4fd2-927d-f5011559de0e,"mutiny",3,2,"mutiny is an act of rebellion or revolt by subordi"
f980eb66-bb02-4d14-b2fe-22ce7d7ea243,"mutter",3,2,"mutter means to speak in a low, indistinct voice, "
815299fb-83a1-4a90-8aaf-5c97074c03cf,"muttonchops",2,3,"muttonchops refers to a style of facial hair consi"
4503ec2f-cec9-476a-9bcc-d28bff8d0217,"mutual",3,2,"mutual describes something that is shared, felt, o"
3879d0eb-ab67-47a4-99f7-56ddf75df25d,"mylar",3,4,"mylar is a trademarked polyester film known for it"
b244a51c-d45f-4d3d-9ed1-f1f165e91302,"myopic",4,2,"myopic primarily describes a vision condition (myo"
3a3980ee-6851-478c-83cc-be08ab765b62,"myself",3,2,"myself is a reflexive and intensive pronoun used w"
00a7351a-ad32-4011-af5b-9da8fac7a391,"mystery",3,2,"a mystery is something that is difficult or imposs"
c889e085-48bc-41ef-bd15-14a4896e079d,"mythical",3,4,"mythical describes something relating to myths, le"
b0ba7b13-c37b-43aa-bfba-5e260b240c71,"mythicaln",2,3,"this appears to be a typing error or pdf parsing e"
7aacb910-1fd8-4ebd-af5d-bb80dbab1a0d,"mythological",4,3,"mythological describes anything relating to mythol"
c6063fe7-5e5c-402a-8073-112f3d62b076,"mythology",4,3,"mythology is the collection of traditional stories"
030f5731-f158-4b1e-9ca9-4e9f7ac1e8de,"nabal",3,2,"nabal is a biblical name meaning "fool" in hebrew,"
9e676b79-9719-432a-8d26-cc8c72326c5c,"nacelle",3,2,"a nacelle is a streamlined housing or enclosure th"
071e480a-eabb-4420-88d5-94fef365fdab,"nacho",3,2,"nacho is a popular mexican-american dish consistin"
e6016ff8-3db5-4f59-8b1d-d65f144be901,"nada",3,1,"nada is a spanish word meaning "nothing," commonly"
cb3233e4-ec03-46f8-a239-15180157b974,"nagged",3,2,"nagged is the past tense of "nag," describing the "
658117d9-4d3e-443a-b055-dabb5c4fa8aa,"nahcolite",3,5,"nahcolite is a rare mineral form of sodium bicarbo"
c34f8d4c-9972-4442-ae17-f6c8b39f9f98,"nails",3,2,"nails refer to both the hard, protective coverings"
a131f04e-79c5-477b-8440-b9adf0a597f0,"naïveté",4,2,"naïveté refers to the quality of being naive, char"
aa65dffe-6fcb-4dec-a050-eafa7ec69b4b,"name",null,1,"a word or set of words by which a person, animal, "
df06ff85-175e-45c8-930c-16b0d9d2dd0d,"named",4,2,"named is the past tense of "name," describing the "
a1bac70b-b45e-4b22-8fb1-126c930afea7,"names",3,2,"names are words or phrases that identify and disti"
d8d2fc48-6296-4576-8283-23454530d3ab,"napkin",3,2,"a napkin is a piece of cloth, paper, or disposable"
3b9ab129-b2b3-4482-950d-85fabbfeb34e,"napoleon",4,3,"napoleon most commonly refers to napoleon bonapart"
e43bc142-875d-42c9-b691-9d63762351bd,"naricorn",3,4,"naricorn is an uncommon term referring to the hard"
db1a0703-796c-4bd0-a499-159c94db2ff6,"narrow",3,2,"narrow describes something having a small width re"
111b9fc6-95bf-4283-9a56-1df7b580719e,"narwal",3,4,"narwal appears to be an alternative spelling of "n"
b67d4cf8-f7a9-4ab7-bd57-2285750e03f8,"nas",null,1,"a short, simple word or name."
500eca95-0ca1-421a-9759-8ef80320e777,"nascent",4,2,"nascent describes something that is just beginning"
f33cdaf4-d92b-4334-96e7-9281f609ec85,"nation",4,3,"a nation is a large group of people who share comm"
a726996c-0f00-4d40-8391-ca408c5eab35,"nattily",3,2,"nattily is an adverb describing the manner of dres"
42f600ea-b7b0-4c07-a96e-072bce2965be,"natural",3,4,"natural describes something existing in or derived"
b5b2adb7-5ad6-4458-ba19-adf55d7e6b74,"naumachia",3,5,"naumachia refers to staged naval battles that were"
e928fb99-cf10-47b5-8097-00a26127c42d,"nauseam",4,2,"nauseam appears as part of the latin phrase "ad na"
15a98849-159d-4ada-a3e8-30d499b090c8,"nautilus",3,4,"a nautilus is a marine cephalopod mollusk with a d"
0d304897-2931-4a8d-8297-74d2be06f643,"navaho",3,2,"navaho is an alternative spelling of "navajo," ref"
69244062-2cc2-4ec6-9e10-86c9bbda2efe,"navajo",3,2,"navajo refers to the indigenous people of the sout"
89db0eda-d381-48ca-a586-82c0be92eb7a,"naysayers",4,3,"naysayers are people who habitually express negati"
f967fb0d-0d6b-4b6f-8a90-36d8ce79cb9f,"near",3,1,"near describes proximity in space, time, or relati"
ba5a4b3c-2857-4266-958f-d5d7e468cf0f,"nearly",3,2,"nearly is an adverb meaning almost or very close t"
433bb311-8cb2-4170-b20e-522904107569,"neaten",4,2,"neaten means to make something neat, tidy, or orde"
0c18ece9-ba07-4854-ac77-35fccf63123e,"neck",3,1,"the neck is the part of the body that connects the"
f123da13-3ec1-4b0d-9fdd-99ce47fd4da0,"necks",3,4,"necks is the plural form of neck, referring to mul"
61bb71fd-143b-4e8c-ab6a-fe689b0dbed3,"nectar",3,2,"nectar is a sweet, sugary liquid produced by flowe"
86302a15-4857-4f3b-9484-4b897d6fa94e,"need",3,1,"need refers to something that is required, necessa"
2382e6a0-0477-4b4e-a335-712ec618faec,"needle",3,4,"a needle is a thin, pointed implement used for sew"
749af690-6b84-464c-80b3-d106eae5c2e9,"needs",3,2,"needs is the plural form of need, referring to mul"
6314bea0-53af-4f02-ac2d-e7200572e26b,"neem",3,1,"neem is a fast-growing evergreen tree (azadirachta"
8cfbeef1-107e-4c91-837a-43537cde7603,"neigh",4,2,"neigh is the characteristic vocal sound made by ho"
ee246c5c-2cda-457e-9690-309c2bf4c0ef,"neologism",4,3,"a neologism is a newly coined word, phrase, or exp"
2c72a00d-aa8c-433d-bed9-4c65ffd09201,"neonbeeswax",2,3,"this appears to be a combined word error from pdf "
18df2a39-3961-49e3-a645-62d640ed0045,"neophyte",4,3,"a neophyte is a beginner or newcomer to a particul"
aa78400b-da21-4c94-98ae-6546f9236272,"neoterism",5,3,"neoterism refers to the introduction of new words,"
f7da5fce-8071-48ce-a4fb-b6e09253ff03,"nepal",4,2,"nepal is a landlocked south asian country located "
78ceab23-d668-48da-8f97-a2f8c47f6814,"nephew",4,2,"a nephew is the son of one's sibling (brother or s"
c0a2b2dc-a804-4173-9cc8-3c90f751f041,"nepotism",4,3,"nepotism is the practice of showing favoritism tow"
3b3f9b97-093a-457b-ba3f-802af1a010e1,"neptune",3,4,"neptune is the eighth and outermost planet in our "
adb3665f-f494-4a65-aeb6-641cc49e483b,"ner",null,1,"a short, thin candle or wick used for lighting."
7d122a93-ba7d-4163-8bdb-c0eff2072f06,"nereid",4,2,"a nereid in greek mythology is one of the fifty se"
4db25ed2-8713-4ab5-b7ad-0b30ea42477e,"nerfing",3,2,"nerfing is a term used primarily in video gaming t"
9c8938ef-0f19-4ba0-bf64-53aa41c88cce,"nervily",3,2,"nervily is an adverb describing behavior character"
0785bae8-29e1-44b1-8adb-33b5c2ff4875,"nest",3,1,"a nest is a structure built by birds, insects, or "
be22645a-ddff-47da-832c-180d2960afdd,"netflix",3,2,"netflix is a global streaming entertainment servic"
69be32e0-4775-4af7-a188-2dd54128085d,"netiquette",4,3,"netiquette refers to the set of rules, guidelines,"
08215b28-3d70-401e-a3cf-cd797ad40348,"nets",3,1,"nets is the plural form of net, referring to multi"
caa20a94-ace1-41c9-9e22-6187a467c3bc,"network",4,2,"a network is an interconnected system of elements,"
37f56c80-2bee-4011-aa4b-2ce4e847d334,"networks",4,3,"networks is the plural form of network, referring "
63293bb7-4253-4bf5-b803-0405925e0318,"neuropathynoun",2,4,"this appears to be a combined word error from pdf "
1b757e54-2227-44a0-b3db-98e2f04dca75,"neuroticism",4,3,"neuroticism is a fundamental personality trait cha"
361aa845-b1b1-4fb7-9f71-853932763ca8,"neutron",3,2,"a neutron is a subatomic particle found in the nuc"
26a3243d-7e08-4152-94ce-f59e2ecdbc05,"never",4,2,"never is an adverb meaning "not at any time" or "n"
3b90f7be-0ae0-4825-9145-891595dc2d75,"newbie",4,2,"a newbie is an informal term for someone who is ne"
2c846a01-8d3f-4a27-9116-6d0c149d51da,"newbienirvana",2,3,"this appears to be a combined word error from pdf "
a228cea7-01fe-47a5-a36b-8862d69b9dc6,"news",4,1,"news refers to newly received or noteworthy inform"
99a205b0-7d9e-412e-a932-7fc8cdb61a08,"newspapers",4,3,"newspapers are periodic publications containing ne"
0a3a461a-ba7e-4f1c-8fee-efc866c5d0c7,"newsroom",4,3,"a newsroom is the central workspace where journali"
06f7afc6-7f51-4743-81d6-62d730815e15,"newsy",4,2,"newsy describes something full of news or characte"
41695405-4a9c-4a80-ab77-75ab6f5f75ac,"next",4,1,"next describes what immediately follows in time, o"
7486d5d3-a329-4a7d-954f-c8ad2970ff76,"nexus",4,2,"a nexus is a connection, link, or central point wh"
aa097e35-0c53-4bc2-a139-417037b123ca,"ni-vanuatu",null,3,"a person or thing from the pacific island nation o"
3f1ec21f-6e35-4dde-9f17-c143bd9ba64d,"niacin",4,2,"niacin, also known as nicotinic acid or vitamin b3"
333405df-5002-4ee9-b2e8-311adbc1a9fc,"niagara",3,2,"niagara refers to the famous niagara falls, one of"
5f62533d-191d-49f3-bd12-422e53f19be8,"nibble",3,2,"nibble means to take small, gentle bites or to eat"
2f4abf51-6c36-4a24-a1b8-e3d7a0541469,"nice",3,1,"nice is an adjective that has evolved significantl"
74f92166-9946-4744-a527-40046d51ef06,"niche",4,2,"a niche refers to a specialized segment or positio"
055ea01a-e2c5-4562-b202-6fb6876fc217,"nicoise",3,2,"niçoise refers to a style of preparation or dish o"
5b8c12ad-5905-4b27-add5-ad29326a5e19,"niger",3,2,"niger is a landlocked west african country bordere"
20de35b4-0239-4711-bdf7-3c4386ba37d5,"niger-congo",null,3,"a family of related languages spoken in west and c"
a598ae33-1622-4d1f-a920-614bb5ee733a,"nigeria",3,2,"nigeria is west africa's most populous country and"
b66af1da-0433-4eb3-8eb5-ae0cb9051a57,"night",4,1,"night refers to the period of darkness between sun"
54f90ba6-8cca-425a-9257-991a4cf94f4f,"nile",3,1,"the nile is the world's longest river, flowing ove"
ac7cbe79-d05b-4035-934b-cce609461192,"nimble",3,2,"nimble describes someone or something that moves q"
ca229900-6232-4131-a3c6-fdf0a1082772,"nimiety",3,2,"nimiety refers to an excess or redundancy of somet"
87bae144-55ac-43a6-8e80-141f853a4599,"niminy",3,2,"niminy describes something characterized by affect"
a2bf02aa-8945-4507-9eea-bb8806649484,"niminy-piminy",null,3,"affectedly refined; mincing"
2030f148-b8f1-4375-a15d-4682da1e5d9a,"nine",4,1,"nine is the cardinal number representing a quantit"
d0e97bf1-3712-44d4-9048-c06db1474358,"nirvana",3,2,"nirvana is a central concept in buddhism and hindu"
ebadeaef-2dba-455e-be10-8056d09806e3,"nisi",4,1,"nisi is a latin legal term meaning "unless" or "if"
b8f92ba2-fe56-4226-bb64-10f0b98b564a,"nisse",4,2,"a nisse is a mythological creature from scandinavi"
d14177e5-79ee-4eb0-a531-329ce8534aa2,"nitid",3,2,"nitid describes something that is bright, shining,"
a675f76d-9891-49b2-9107-e1fcda19c770,"nitrate",3,4,"nitrate refers to a salt or ester of nitric acid, "
0f1686d2-1d17-42b2-9a01-761af07f98bb,"nitratejoinery",2,4,"this appears to be a combined word error from pdf "
8f5ab4a8-faac-4a54-8f30-385f43909a2a,"nitrogen",3,4,"nitrogen is a chemical element with the symbol n a"
10b21449-5628-4b0e-999d-bd68d5db73b0,"nival",3,2,"nival describes something relating to, resembling,"
0c3096c2-3361-4850-986c-1c5f5b4a58b0,"niveau",5,2,"niveau is a french word meaning "level" or "standa"
281f1cbe-fc92-4c95-be31-2e5f0af3c5b6,"niveaurouille",2,3,"this appears to be a combined word error from pdf "
24c5e3f3-4477-4318-bfd1-cd821265be6a,"no-goodnik",null,3,"a worthless, good-for-nothing person"
e5b82779-888e-44d5-95ca-511b7d067908,"noble",3,5,"noble describes something possessing excellent mor"
6cf1c3bc-86b8-4bba-bf24-ee6e1c5bee37,"nobody",3,2,"nobody is a pronoun meaning "no person" or "not an"
7096c7e2-af39-40e9-8413-52794c0785ea,"nockerl",3,2,"nockerl is a term from austrian and german cuisine"
02f98d18-c558-49f8-8952-ad8e3fe5d3d6,"nocturnal",4,3,"nocturnal describes organisms, activities, or phen"
92e19bbd-8b2d-47a3-b83c-e8d29c350572,"nodosity",3,4,"nodosity refers to the condition of being nodular "
ddbd276f-a653-4627-a405-dd711484e4d6,"noggin",3,4,"noggin is an informal term for the human head or b"
22a725f5-9e22-4407-af8c-dd275504f1cc,"noisy",3,4,"noisy describes something that produces loud, exce"
bd820069-2a1f-4e2d-8525-1163c3bafa0e,"nom",null,1,"a sound made to express enjoyment of food or drink"
c856f5f0-c948-42f7-870c-a6357695c6d7,"nominal",4,2,"nominal describes something existing in name only,"
41204cc8-cde7-41ed-8b9f-0f62c5c244ba,"nominated",4,3,"nominated is the past tense of nominate, describin"
904b5a39-01c6-4e39-a822-b0652b5ea2f0,"nominee",4,2,"a nominee is a person who has been formally propos"
7ff30fe5-3ef2-478b-9c59-c23794b237d0,"nonage",4,2,"nonage refers to legal minority status, the period"
5f16f701-284f-490b-91d5-d669f73dd111,"nondescript",2,3,"nondescript describes something lacking distinctiv"
987a248b-435e-46a1-8fbd-4e489b6092cb,"none",3,1,"none is a pronoun meaning "not one" or "not any," "
1f385a3f-dc40-4ee2-8afe-fa93f1ba1922,"nook",3,1,"a nook is a small, secluded corner or recess, typi"
f44edaec-522d-4035-b5c8-7287b88624a2,"noon",4,1,"noon refers to the time of day when the sun reache"
2b55088e-f588-4340-93f5-ca8457796155,"noor",4,1,"noor is an arabic word meaning "light" or "illumin"
e44f4600-89e3-4aeb-9e0c-e135ede87fcf,"nopales",3,2,"nopales are the young, tender pads of the prickly "
1f04acd4-0c79-45ce-baac-3314c804359a,"normative",4,3,"normative describes principles, standards, or appr"
aa7863de-5f78-4e61-8492-69e1c622382d,"norovirus",2,3,"norovirus is a highly contagious virus that causes"
819eb8d4-6009-48b8-88f2-067a591bde91,"north",3,2,"north refers to the cardinal direction that is opp"
897e3b39-2d05-484d-b7ca-61a74ba2f066,"nose",4,1,"the nose is a prominent facial organ that serves a"
e39e72df-8cf6-470c-a253-8ed20cd1442b,"nosh",3,1,"nosh is a yiddish-derived word that means to eat s"
7519a7f6-6c5a-485d-86c9-1ec49653b525,"notable",3,2,"notable is an adjective meaning worthy of attentio"
10980064-f9f3-4845-8b92-dd4f2ada4ee2,"notes",4,2,"notes are brief written records, observations, or "
e9ef7e09-3aeb-441f-9e6d-77cd7752b3b6,"notturno",3,4,"notturno is an italian musical term meaning "noctu"
7aabfe95-938f-45ad-bcfc-5a48db18a44e,"noumenon",4,3,"noumenon is a philosophical term introduced by imm"
0f66520d-8c65-4744-bdb1-4bab6f8bd666,"noun",3,1,"a noun is a fundamental part of speech in grammar "
39432e65-7787-450f-9333-25b894355054,"nouns",4,2,"nouns is the plural form of noun, referring to mul"
1e22df76-9d9b-49b8-9d3a-56d0aae0691e,"nourish",3,2,"nourish means to provide with the substances neces"
aae165c2-91ad-40f8-bbe7-0b7e84e46961,"nouveau",3,2,"nouveau is a french adjective meaning "new" or "ne"
428c1ad3-c1fd-441d-b834-c4978ffb2e54,"nova",4,1,"nova is an astronomical term describing a stellar "
bfa73d29-8c8e-43e5-8ad5-ab9c83aba990,"novemdecillion",3,4,"novemdecillion is an extremely large number in the"
59d85826-737f-4cd2-bda7-3621cb6809a9,"novice",3,2,"a novice is a beginner or someone new to a particu"
ae3a2776-e948-41f2-9d5f-42a405dd1425,"noxious",3,4,"noxious describes something harmful, poisonous, or"
d01def9a-6ef1-48a6-85f4-6e053b74a271,"nozzles",3,2,"nozzles are mechanical devices designed to control"
3b8664c8-d2fa-4f2c-8995-7985f9a2451b,"nuance",4,3,"nuance refers to subtle differences, variations, o"
e7f3e4f7-902c-4047-86a9-9b15eb2de269,"nubilous",3,5,"nubilous is an adjective meaning cloudy, foggy, or"
46fd636b-9dd6-4c3b-b3cb-45a810aa3f4b,"nubuck",3,2,"nubuck is a type of leather that has been processe"
b4f32523-2f07-4564-a3a2-407aee780e20,"nuce",4,5,"nuce is a rare or archaic term that can refer to a"
9e5caec7-6463-4cca-99b7-4f0a9ec87947,"nuciform",3,4,"nuciform is an adjective meaning "nut-shaped" or ""
83c9546a-4b2c-41de-9059-e007528aa8a9,"nudged",3,2,"nudged is the past tense of the verb "nudge," mean"
fade5aee-f982-4eb3-b066-dc909a392a9c,"nugatory",4,3,"nugatory is an adjective meaning worthless, futile"
fa69a825-2a9d-47f9-acde-192fbe47d3a8,"nuggets",3,2,"nuggets are small, irregular lumps or chunks of va"
fda8a897-e215-4ef6-b610-9a7613fdd93e,"nullius",3,2,"nullius is a latin word meaning "of no one" or "be"
76e5043c-acc0-4ea5-8397-10665960548a,"nulliusnoun",null,3,"a word that is not a noun, or a word that is not a"
a78cd94e-d372-451b-8b05-8dce84be46ab,"nurture",3,2,"nurture encompasses the care, attention, support, "
35c75784-9e11-4d65-8d29-d3ea74ea9312,"nutrients",3,4,"nutrients are chemical substances found in food th"
30610d64-8fec-4943-a20d-b7bd159b911c,"nuzzer",3,2,"nuzzer appears to be an uncommon or colloquial ter"
473a7b53-be76-476f-b622-7f1b910aa2f7,"nymphal",3,2,"nymphal is an adjective relating to the nymph stag"
15158a5b-ac5f-49c6-8a65-adb0c4db6f94,"oasis",3,2,"an oasis is a fertile area in a desert where water"
565d184b-2b13-432a-9eb2-39c9dac30e8b,"oaxaca",3,2,"oaxaca is a state in southern mexico renowned for "
2a892e2d-c2c9-4d52-b7da-f205847ad31a,"obdurate",4,3,"obdurate describes someone who is stubbornly refus"
bee9735f-c6da-43a8-81e6-bebf27760457,"obeisantoeuvre",2,3,"this appears to be a combined word error resulting"
d710bcf8-5680-4f5f-979c-7cc7137f6c98,"obelisk",3,2,"an obelisk is a tall, four-sided pillar that taper"
77d9466f-b355-47e9-99ea-01d6113e1f27,"objet",3,2,"objet is a french word meaning "object" that has b"
d2730d5b-2146-4f24-a307-042e2fc6bb8b,"oblast",3,2,"oblast is an administrative territorial division u"
3441475f-e98a-4862-8700-43a38df6badc,"oblige",4,2,"oblige means to make someone feel compelled or req"
c0330349-0700-43e8-885c-0e67b9b60ddd,"obligeviscount",null,3,"a nobleman who holds the title of viscount, which "
ae9e0c60-a7ee-4428-a1b7-1d502eda079e,"oblique",3,4,"oblique describes something that is slanted, angle"
aeb8e512-1646-426a-86b4-f9d528756a4c,"obliterate",2,3,"obliterate means to completely destroy, eliminate,"
ddfbd07f-151e-4441-95f7-3fcb1c29c598,"obliviscence",4,5,"obliviscence is a rare and formal term meaning the"
2393856f-3a35-4614-b3ad-52723c8ca27d,"oblong",3,2,"oblong describes a shape that is longer in one dir"
65ee33b2-6b66-4916-b7f0-fa737344c9ec,"obloquy",3,2,"obloquy refers to harsh criticism, severe censure,"
02729311-2397-43ad-9412-ce1c57bdceca,"obnebulate",4,5,"obnebulate is a rare and formal verb meaning to cl"
666b9273-b114-47a2-96bf-aa554025ee04,"obsecration",2,3,"obsecration is a formal or literary term referring"
adfa62af-1fa0-4871-8ee0-0d9c5fd9d23a,"obsolete",3,5,"obsolete describes something that is no longer in "
111c7794-31b8-4cdd-a6f5-93b78f04433e,"obstreperous",4,3,"obstreperous describes behavior that is noisy, unr"
c112c795-d18f-4ecb-81f3-21a6ca5be7f1,"obviouspulse",null,3,"a clear, noticeable heartbeat that can be easily f"
01155340-62f3-4003-9938-e06df9f186d1,"occultation",4,5,"occultation is an astronomical phenomenon that occ"
4c429c37-db81-4137-a3df-1ad99c0d85b4,"occupy",3,2,"occupy means to take up space in a location, to re"
e7a92a82-22b6-4788-be65-a768729cdb7b,"occur",4,5,"occur means to happen, take place, or come into ex"
a9a457ae-c010-417b-a1d9-44bfb85c734e,"oceaniancharitable",null,5,"a person or organization that provides help and su"
59f61524-cef8-4772-b565-37734ff821f9,"ocelotonyx",3,5,"ocelotonyx appears to be a very rare or specialize"
d924db46-d243-437e-a360-e8959d90b017,"ochlocracy",4,3,"ochlocracy is a form of government where power is "
86df6974-c0c9-422b-95d3-4514d9a69114,"octo",3,4,"octo is a prefix derived from latin meaning "eight"
1088787f-d2b7-436d-b7d3-b68c87c3d877,"october",3,2,"october is the tenth month of the gregorian calend"
9417a6ea-5045-40f7-9889-0e8270a48994,"octopus",3,2,"an octopus is a highly intelligent marine cephalop"
321fbb57-6b92-44df-aaa3-f025feeb4586,"octuplicate",3,4,"octuplicate means to make eight copies of somethin"
526872e3-21a1-43ab-9d26-74600bd6090f,"oddity",3,4,"oddity refers to the quality of being strange, unu"
6245b8eb-7a0f-4aa2-a2ed-3ed5bd8d76b7,"odin",3,1,"odin is the chief god in norse mythology, known as"
395078b8-dd62-4721-87e4-cbd343c59ede,"odlcceroi",null,3,"a type of pasta made from wheat flour, eggs, and w"
3660a8f7-5fa0-4eae-8c7d-eb60cc5e24ef,"odometer",4,3,"an odometer is a mechanical or electronic instrume"
9ab944aa-c4a0-4d3f-a524-c0fbb0752dba,"odontiasis",3,4,"odontiasis is a medical term referring to the proc"
6752841b-2d6e-4358-8c00-88d97a13414e,"oebe",4,5,"oebe appears to be an uncommon or specialized term"
612b673d-d644-4a50-af03-eab25271b345,"oeil",4,1,"oeil is a french word meaning "eye," commonly appe"
db3baf85-363d-41ae-99b0-dc4eab139b42,"oeuvre",4,2,"oeuvre is a french-derived term meaning the comple"
7e0fbb60-d0bf-47ac-8b05-8dd6f597d09a,"off",null,1,"not on or attached to something else; separated or"
ddacaca4-92cc-4a72-a362-a1653ff8721f,"office",4,2,"office refers to a room, building, or space design"
cce2e467-7f9b-4f37-b7e4-a2d9a1e859b4,"official",4,3,"official serves as both an adjective and a noun, d"
e30826f1-9234-405c-810c-a7e0aa0ba893,"officiant",4,3,"an officiant is a person who performs or presides "
41f4da2b-b047-4946-9989-bef6b017b92d,"offspring",4,3,"offspring refers to the biological descendants of "
45f75e69-95df-4c93-8e39-e4416bbd1c79,"often",4,2,"often is an adverb meaning frequently, regularly, "
91733b36-292a-4923-9a07-d910a4b833a2,"oftentimes",3,5,"oftentimes is an adverb meaning frequently or ofte"
5424a494-e66d-4ea5-b715-5ce0dece3e44,"ogivalnoun",null,3,"a three-dimensional architectural element, typical"
7356125e-0f53-4a16-b5f8-a5e822d437dc,"ogre",3,1,"an ogre is a mythological creature typically depic"
500a7387-ab96-49d1-96d6-49b1889ba8ea,"ogres",3,2,"ogres is the plural form of ogre, referring to mul"
4961fbdf-60dd-4b9d-b024-2748470e5306,"ohio",4,1,"ohio is a state in the midwestern united states, k"
5e74d685-53e3-4f95-bbcd-c7c7d20d0150,"oil",null,1,"a thick, slippery liquid that is extracted from th"
9fd3d2c7-2682-445f-8e53-174d93947dbd,"ojibwa",3,2,"ojibwa, also known as ojibwe or chippewa, refers t"
e97f6b5f-1771-466d-a114-9c61e42700a1,"okefenokee",3,5,"okefenokee is a vast freshwater wetland straddling"
e2d37dcb-a123-42bd-86fa-07ff415eecd2,"older",4,2,"older is the comparative form of the adjective "ol"
4249ce9b-ace0-4f95-b2bb-817beb495129,"olingo",3,2,"the olingo is a small, nocturnal mammal belonging "
5edbbf34-0be2-4975-b1bb-4c6f6504f918,"olive",3,2,"olive refers to both the small oval fruit of the o"
22b7e204-a13f-4769-a7d1-93227f3180db,"ologies",4,2,"ologies is the plural form of "ology," referring t"
64289554-24a7-41ea-9219-2bf3a0951bb8,"oman",3,1,"oman is a country located on the southeastern coas"
0da04177-a270-444d-a3e0-1c01751bf6f8,"omission",4,3,"omission refers to the act of leaving out, excludi"
e69fa104-1789-43d2-a4b6-ad2a357dc1ed,"omnibus",4,2,"omnibus has several related meanings, most commonl"
29b44555-22a9-4b16-9ffe-e1b39137da4e,"omnilegent",4,5,"omnilegent is a rare adjective meaning "reading ev"
d8fa3468-fd23-45c5-a164-5433f9991a48,"once",3,1,"once serves multiple grammatical functions as an a"
de18e576-c2e3-40d7-8b45-623f30fd1009,"onerous",4,2,"onerous describes something that is burdensome, op"
588d65a1-a859-4ad4-8569-e975c5d733d6,"onion",3,2,"an onion is a bulbous vegetable (allium cepa) belo"
fbf879cb-7a11-4255-862a-4c0fe9023b11,"only",null,1,"being the single or solitary one of something"
3c1ab307-74a3-4abb-8fe4-12b035a69e93,"onshore",4,2,"onshore refers to something located on land as opp"
c2b254c7-1893-405b-8d1f-dd8c04d7c75e,"onus",4,1,"onus refers to a burden, responsibility, or obliga"
6e3a79ea-e5a1-46aa-aec9-3d90f7b8b6bf,"onychorrhexis",3,4,"onychorrhexis is a medical condition characterized"
d9561121-4153-40d0-b66f-cbd99c64ee5a,"oolite",3,2,"oolite is a type of sedimentary rock composed prim"
be9ffe16-a751-4b87-9767-a8dfd6a127ba,"oompah",3,2,"oompah refers to a distinctive rhythmic pattern in"
f8b0fd12-721e-4327-abe5-ae0ac3836d7c,"oops",3,4,"oops is an exclamation used to express mild surpri"
24a49602-c1e5-4e48-ba55-b7b3894046c4,"oopuhue",3,2,"oopuhue appears to be a specialized term that may "
cb2503a1-db4c-48b8-b721-48d41f5fc686,"oort",3,1,"oort typically refers to the oort cloud, a theoret"
051de2ea-ff61-4e86-a220-89dc0576962a,"oozing",3,4,"oozing describes the slow, gradual seepage or flow"
a43d42eb-c6df-4016-b7b2-499d30fa3310,"opaque",3,2,"opaque describes materials or objects that do not "
b8b16c77-6bec-4a02-9caa-45325b1aad67,"open",4,1,"open serves as both an adjective and verb with rel"
7d72f4e3-3506-4b2c-867e-cc40a118c24c,"opera",3,2,"opera is a dramatic art form that combines music, "
defb3cf6-f2b0-4648-9540-75cb1409c6fe,"operant",3,2,"operant refers to a type of behavior that operates"
c701806a-6fda-4351-a8f3-cb62f1161d0f,"operates",3,4,"operates is the third-person singular present tens"
fa13b82b-f9c4-4226-9bbd-4954a0c0b286,"operose",3,4,"operose is an adjective meaning requiring or invol"
f1dcb8fb-a655-4bec-aaa4-0804fa7f3b3a,"ophthalmologist",3,4,"an ophthalmologist is a medical doctor who special"
ecd783c5-fce4-4e1e-a57f-be14957304ac,"opinionated",4,3,"opinionated describes someone who holds strong, de"
3f4d623a-885f-48e0-8577-57a6bbcbe275,"oppidan",4,2,"oppidan is an adjective meaning "of or relating to"
16219f8e-2874-4a64-9d00-827a1ad55dd3,"opponency",4,3,"opponency refers to the state or quality of being "
d31ac539-3d99-4506-9493-b0bc4f65a991,"opportunity",4,3,"opportunity refers to a favorable circumstance, si"
72c09bc8-63fe-4139-bbbd-3e7b6fa0fc64,"opprobrious",4,3,"opprobrious describes language, behavior, or treat"
3513699b-9fb2-448d-8855-01276bbb90c5,"oppugn",4,2,"oppugn is a formal verb meaning to attack, oppose,"
951a580e-1a1a-46d6-ba8e-a283d33890b2,"options",4,2,"options are choices, alternatives, or possibilitie"
af2e5ab7-d306-413e-bd75-74e998b55be2,"optometry",4,3,"optometry is a healthcare profession focused on ex"
4f411f1d-e09d-4682-b36e-1a3b7cd4ebbd,"opulent",3,2,"opulent describes something characterized by great"
207dd80a-20c3-4252-ab9e-5381340f3caf,"opus",4,1,"opus refers to a creative work, composition, or ar"
f4487ebe-079c-4dba-a922-69e5bbe603b5,"oracle",4,2,"oracle refers to a person, agency, or source that "
b5e102cd-b18c-4e2f-a20a-365dd09334c0,"oral",4,1,"oral refers to anything relating to the mouth, spo"
89f24a9d-30d9-42f1-a1d9-eb7a5b4e01a4,"orange",3,2,"orange refers both to a citrus fruit and to the vi"
cc6c9411-e425-49d9-9617-2f63fcb1f0ad,"orca",3,1,"orca, also known as the killer whale, is the large"
0612736f-c306-4e90-ba32-a62388b70927,"orchestra",4,3,"orchestra refers to a large ensemble of musicians "
2bbd32bf-1228-4705-8d31-2259d331fedd,"order",3,2,"order encompasses multiple related meanings center"
92c65844-04d6-4ac1-ae37-3a5bd12d64cb,"oregon",4,2,"oregon is a state in the pacific northwest region "
8321169a-fcd9-420b-9ad3-01abe39d9349,"organic",3,4,"relating to or derived from living organisms, or d"
2154e229-44de-4ca9-a04d-758280e63a8c,"organist",4,3,"a person who plays the organ, particularly in chur"
cedfafc5-2f5e-4d81-ae79-38755f0c1190,"organizes",2,3,"third person singular present tense of organize; a"
d6bb9e87-b497-44cf-823d-d9bc512e9c68,"organza",3,2,"a thin, stiff, transparent fabric made of silk or "
6a9bb063-16a4-46a3-8914-8d2e664a5204,"oriel",3,2,"a type of bay window that projects from the upper "
9bc6ac0c-18c5-4938-b167-3538bb1f1265,"orientation",2,3,"the determination of the relative position of some"
adad1c44-0ad0-412f-a312-f9688f627755,"origin",3,2,"the point or place where something begins, arises,"
28cf1d80-8573-4f23-ab0d-bd5b80c70807,"orinoco",3,2,"one of the longest rivers in south america, flowin"
76b99b48-cb60-46c2-a706-86967153f7ed,"oriole",3,2,"a brightly colored songbird belonging to the famil"
1f354800-1dbe-4889-bb90-cbf85b5d57e3,"orion",3,2,"a prominent constellation visible in both hemisphe"
6a833363-f160-4e0f-b803-b1436bd5a3a9,"ormolu",3,2,"a decorative technique using gilt bronze or brass "
4d85918c-f293-4405-b71f-c110a8cf3946,"orogeny",3,2,"the process of mountain formation through tectonic"
1c283819-3250-4ac5-ba22-026053b1c8b9,"orphéon",3,2,"a type of male choral society that originated in 1"
cc376888-ad07-4f80-a7ea-a29de78e6d12,"orthogonal",3,4,"at right angles; perpendicular; in mathematics, de"
787f2426-91a8-4bce-84e3-c6eef8a9f4c1,"oryx",3,1,"a genus of large antelope native to africa and ara"
0eb36d93-8c25-4b1e-a45a-a62ceccdaead,"oscillation",3,4,"repetitive variation or movement between two point"
b47b3503-e090-42e6-96ba-93d4bb66e397,"oscitation",3,4,"the act of yawning or gaping; drowsiness or sluggi"
09f2431d-6627-4273-bfea-2ecabaef570a,"osculatory",3,5,"relating to kissing or embracing; pertaining to th"
87f70c2f-2350-435a-a920-ee8b3f7f8d77,"osloite",3,5,"a rare mineral composed primarily of magnesium, ir"
368a8b2a-cfd0-4a97-9287-bf493955549a,"osmosis",3,2,"the movement of water molecules through a semiperm"
4e504647-4326-41f8-b7c1-42bdad2470d0,"osprey",3,2,"a large fish-eating bird of prey found on every co"
7a38f6ec-bc18-4237-8601-c40bcfbe6363,"ossuary",3,2,"a container or room for the bones of the dead, typ"
c25ac76e-cb80-417a-9ebc-67c12341cf1e,"ostensiblyosteopath",null,5,"appearing to be or intended to be as described, bu"
3ab2a30e-4c29-45f2-a6e6-194fffe3473a,"osteson",4,5,"a rare or archaic term with limited documentation "
41521a50-9cba-4997-a73f-7ad1fcc275da,"ostium",3,4,"an opening or mouth-like aperture in anatomy, part"
fed43e9f-49a9-4ab7-9f95-15d8f7f1c770,"ostracism",4,3,"the practice of excluding someone from a society o"
8435cfce-d020-43f7-b0e6-1e1d21686bdf,"otacoustic",3,4,"relating to or involving sounds produced by the ea"
f1f80648-bb6c-44ce-8a96-045401e13310,"other",null,2,"something or someone that is not the same as the o"
d7db172f-a367-4f59-8c0e-3c701eb3da6b,"otherbedroom",null,3,"a room in a house or apartment that is separate fr"
946e2445-e6bb-44ba-b152-3ecf146f43e9,"others",3,2,"people or things that are different from or additi"
49d7051b-9208-4116-856f-b987ce889109,"otiose",4,2,"serving no practical purpose; functionally useless"
55357fa1-47f9-4e14-9b11-71fff2bdb661,"ottoman",3,2,"a low upholstered seat or footstool without arms o"
4111baab-879d-4bac-8afb-c28da428e16e,"oud",null,1,"a type of lute-like stringed musical instrument, e"
cdff2758-df2c-4c33-8a86-958bcc7f177d,"ounce",3,2,"a unit of weight equal to one-sixteenth of a pound"
d2ec1ff4-22c1-4a47-ad1b-df3dd8ed356b,"ourselves",2,3,"the reflexive or emphatic form of "we" and "us," u"
262e3e6c-380e-40e0-b6f7-b89d306d9eec,"ouster",3,2,"the act of removing someone from a position of pow"
1acbbeca-8f39-4303-a41d-f28ca7dfb138,"outcome",4,2,"the result or consequence of an action, process, o"
139f68a4-cbc8-4595-87eb-08b408cb75be,"outer",3,2,"located on the outside or external surface; farthe"
be28371e-ff98-4a8a-942f-7958adc31d80,"outfits",3,2,"sets of clothes worn together, typically coordinat"
b767a2dc-418c-4c97-aa31-3f484aeb6e0f,"outlets",3,2,"openings or channels through which something can f"
c3fffb6a-e83e-4493-a169-858afea03e17,"outré",4,2,"unconventional to the point of being bizarre or sh"
5d71f7e4-a170-4d95-bd5d-a02a31110d4a,"outside",3,2,"the external part, surface, or area of something; "
184c33ab-c204-4965-a1d0-4152d0c84c10,"oval",2,1,"having a rounded, elongated shape like an egg; an "
00b13e64-6f5d-45ea-bd69-624ef4ac2cd5,"overrun",3,2,"to spread over or occupy an area rapidly and in la"
2d28140a-28f9-41c4-bcd1-2775edebae3f,"overtly",3,2,"in an open, evident manner; without concealment or"
b277612c-673d-49e4-a8e6-55f4d6c849b5,"owners",4,2,"people who possess legal title to property, busine"
c50b86f4-dd24-4871-8717-fa680451853a,"oxalis",3,2,"a genus of flowering plants in the wood-sorrel fam"
627f42ca-b411-436e-afad-54686433eb03,"oxalismyeloma",null,5,"a rare type of cancer that affects the bone marrow"
c47aa721-b9aa-437a-abc3-fdef99190659,"oxon",4,1,"an abbreviation for "oxoniensis," meaning "of oxfo"
5b61e193-fe3b-4841-b2b4-1cd3c6003c5d,"oxygenate",3,4,"to supply, treat, or impregnate with oxygen; to ad"
af3962b5-8d24-4afc-af51-3de8f58dbe41,"oyez",4,1,"a traditional court crier's call for attention, ty"
26b0a919-8309-4cbb-b50d-2cfbf923085c,"oysters",3,2,"marine bivalve mollusks with irregular shells, man"
c7126fe5-0148-4bb0-8f9d-3266e9f47589,"ozone",3,4,"a triatomic form of oxygen (o₃) that occurs natura"
42afce05-861d-4a6c-a984-168ce64c0824,"pabulum",3,4,"food or nourishment, especially for intellectual o"
22a05d01-5269-4dcf-80a6-3639f532c5f0,"pace",3,1,"the speed or rate at which something moves, develo"
bff27ebf-e6f0-45e0-b9e0-b6ba57090a64,"pachinko",4,3,"a japanese mechanical game resembling pinball, pla"
e77f86b8-f7c6-4d10-8006-ffded975398b,"pachyderm",4,5,"a large mammal with thick skin, traditionally incl"
e61095a6-73a5-486d-8a22-cf45a12dd651,"packet",3,2,"a small package or bundle; a quantity of informati"
02be0338-6d0b-4d47-9842-c98a260fa66d,"paddles",3,2,"flat-bladed implements used for propelling boats t"
22040c5e-02d7-481a-b6fd-d4d18572f69b,"padhy",3,2,"this appears to be a proper name or term with limi"
51542aab-d46c-40b7-a92e-28de7fc7acc7,"padre",3,2,"a priest, especially a military chaplain or a prie"
cf4ede35-89d1-4858-b027-2f07750f7273,"paella",3,2,"a traditional spanish rice dish originating from v"
8ef3169d-c888-4674-b520-21aa57d3ebbb,"pages",3,2,"individual sheets of paper in books, magazines, or"
30e7d7d2-f174-4687-8c78-c02b036f15f5,"pagoda",3,2,"a tiered tower with multiple eaves, typically foun"
c1738e65-6d03-45fe-a6ba-f8414f4d883f,"pail",3,1,"a bucket, typically cylindrical container with a h"
b39c1190-bd59-48f1-abfb-c0a63e2d39bf,"pain",4,1,"an unpleasant physical sensation or emotional suff"
0d1cd749-1f7b-49a9-aff6-9f3298561288,"painted",3,2,"past tense of paint; covered with paint or color; "
1f7e56c2-ec68-43fa-a41a-dde59ebabf23,"pairs",3,2,"two identical or corresponding things; sets of two"
5e633a23-5d19-4217-bee2-282018bcec72,"paisley",3,2,"a distinctive pattern featuring curved, teardrop-s"
4d60fb74-f92a-4103-8b22-d3388e5b729f,"pakistan",4,3,"a country in south asia, officially known as the i"
4c2452bc-d388-4335-973b-e17967e72dee,"paladin",4,2,"a heroic champion or knight, especially one devote"
c335bdcf-ce1a-4f62-80d0-227332a70df1,"palatialpallor",null,3,"the pale or colorless appearance of something, esp"
35d44bee-b336-41e9-ac35-541394db49fb,"palaver",3,2,"prolonged idle talk or discussion; unnecessary or "
3701b1c9-1d16-4322-ab25-357d7edef6d7,"palazzo",3,2,"an italian palace or large, imposing building; a s"
c05acb8c-6495-4a50-b408-ade911c48c4a,"palette",3,2,"a board or surface on which artists mix and arrang"
d6f62a36-8e0a-4170-a583-d3b49ffb0555,"pali",3,1,"an ancient indian language in which many buddhist "
cf673f04-03da-40c9-946b-825ba31d1902,"palladium",3,5,"a rare, silvery-white metallic element belonging t"
369fb4a4-b183-43e2-88a9-ff22a4699836,"pallid",3,4,"pale, especially in a way that suggests poor healt"
f3ce771f-5272-4a55-aa54-84d5548f3853,"pallor",5,4,"unusual paleness of the skin, typically indicating"
a7ac45b0-6a94-47b6-8a56-25d331186226,"palooka",3,2,"a mediocre or incompetent boxer; an oaf or clumsy,"
ff68bc69-6a8c-4987-99bc-519e7478fa28,"palpable",3,4,"able to be touched or felt; so intense or obvious "
7f962be7-6371-4ec7-b130-77df17a672a7,"palpebral",3,4,"relating to the eyelids; pertaining to the movable"
b152468d-2736-447d-ac9a-2fe8c01432fc,"palpitant",3,4,"beating rapidly or throbbing; pulsating with unusu"
aae52e21-187d-4466-954c-829610cc41b1,"palsy",3,5,"paralysis or weakness of muscles, often accompanie"
8026383d-33aa-4866-b4f8-40e6639040a9,"pamper",4,2,"to treat with excessive care, attention, or indulg"
89b1cdda-6bb3-415d-b289-4508a7dff059,"panacea",4,2,"a remedy or solution claimed to cure all diseases "
43fbabf9-6290-463b-9254-1ef109aa63f1,"panagia",3,2,"an oval medallion or icon worn by eastern orthodox"
5154864b-624a-4b88-a71d-89aa883b8eba,"panary",3,2,"relating to bread or breadmaking; pertaining to a "
27567ec6-38fb-4bff-a44e-de8319aaf411,"panchen",3,2,"referring to the panchen lama, one of the most imp"
bf4b871f-858a-459a-8356-ef7f0a939cbd,"paneer",3,2,"a fresh, unaged cheese common in indian, pakistani"
7f9d789d-3be5-462c-8a85-40866e72104a,"pangs",3,2,"sudden sharp feelings of pain, distress, or emotio"
95fe65d1-b1e9-42ac-80a7-37f73901f766,"panir",3,2,"an alternative spelling or transliteration of "pan"
dae60826-64ba-4e38-8912-aab784c0f82f,"panoramagimmick",null,3,"a device or technique intended to attract attentio"
b4bde2d0-d433-4999-94d0-11444c566c7a,"pans",3,1,"shallow, wide cooking vessels with flat bottoms an"
80576a6a-e4ee-487c-aed8-ba77a1dac074,"pantry",3,2,"a small room or closet in a house where food, dish"
be9d8142-2917-44c3-9dee-7dd23351a9bf,"pants",3,2,"a garment covering the body from the waist to the "
b6fa844c-3a89-4fe2-8fb7-a0d2b9b772db,"pao",null,1,"a type of steamed bun or bread that originated in "
ae637cda-8bd5-4428-981d-7034a82c798c,"papyrus",3,2,"an ancient writing material made from the pith of "
0b51e895-af98-48c1-8665-f46036fc2117,"par",null,1,"a standard or level of quality or attainment."
b9617430-45bb-48c3-b9bd-ae943c10ac07,"para",4,1,"a prefix meaning beside, alongside, or beyond; in "
896a8c17-1637-4559-8984-d72ba7a9246e,"parable",3,2,"a simple story used to illustrate a moral or spiri"
40ba9904-cf26-406b-b0b1-f60bdd42200e,"parabola",3,4,"a symmetrical open curve formed by the intersectio"
22875518-a403-4fae-93af-4202e53c9449,"parabolaparameters",null,5,"the parameters that define the shape and character"
771e4dcc-4b8a-41c6-9d0c-83d2dc541242,"paraffin",3,4,"a waxy, white or colorless solid hydrocarbon mixtu"
76ed90e9-f871-4ed0-85cf-8b2de6e2fb39,"paraffinvigneron",null,5,"a person who is responsible for the production and"
0828fd95-5f58-4727-96fe-6a76977cb686,"paragon",4,2,"a person or thing regarded as a perfect example of"
563730b2-bff6-449e-b614-9a90e25fa7df,"paralysis",3,4,"the complete or partial loss of muscle function in"
08a56918-cd8a-4514-b15e-84bf588dca6f,"paraphrase",4,3,"to express the meaning of something written or spo"
95ca463b-4c33-4006-b396-6621464462df,"paraquat",3,4,"a highly toxic herbicide used to kill weeds and gr"
82513385-dba9-435c-b5c9-be7d576f651c,"parasol",3,2,"a lightweight umbrella used as protection from the"
9b9c2e52-a490-42e5-8c19-3eb734798c86,"parcel",3,2,"a package or bundle wrapped for mailing or carryin"
39b46e49-b1df-488f-a162-d08d89d4e284,"pardon",4,2,"forgiveness for an offense; an official release fr"
5bd08d39-a39e-45a0-aba9-ad91e0fecb05,"pareidolia",2,3,"the psychological phenomenon of perceiving familia"
730ac957-5600-4aab-846e-c034e906b079,"pariah",4,2,"a social outcast; someone who is despised or rejec"
01e5589b-dfc1-4d96-936b-5655a567423a,"parishioner",null,3,"a member or inhabitant of a parish"
3540786e-d668-4b3f-a167-8b812871ae90,"park",3,1,"an area of land set aside for public recreation, t"
56315606-7613-4c5c-a303-f628fc8b2f59,"parkour",3,2,"a physical discipline and sport involving moving t"
71b3488a-3421-4a57-92f8-fb250c003260,"parley",3,2,"a conference or discussion, especially between ene"
b016eebe-f8b5-4a39-aa59-3c653585be61,"parodic",3,2,"relating to or characteristic of parody; designed "
69a78f53-d085-40e3-a12d-79a05df6c53a,"paroxysm",3,4,"a sudden, violent attack or outburst of a particul"
ae5f1191-e165-4d66-87e6-62be50090df6,"parquet",3,2,"a type of hardwood flooring made from small pieces"
7c75ffa6-30a9-4998-b72e-dfec655af6c6,"parquetit",4,5,"this appears to be a rare or specialized term with"
98bca8a9-c970-4f59-96a9-c74a4e7d2d37,"parquetparterre",null,3,"a decorative pattern of inlaid or mosaic flooring,"
05935c5b-4387-4965-8829-1d9d56a6ec3b,"parr",3,1,"a young salmon or trout in its first stage of deve"
9316ff43-b441-412c-81cb-7297809aff60,"parrot",3,2,"a colorful tropical bird with a curved beak, known"
62b13fa3-a73c-4c00-9821-cdb821b300fd,"parsec",3,2,"a unit of astronomical distance equal to approxima"
cf9f2c5a-5110-47c2-bcdf-86def4573c60,"parsnips",2,3,"root vegetables related to carrots and parsley, ch"
57bcb188-7d2e-43c5-b274-55db97e93b29,"part",null,1,"a piece or division of something larger."
3a9d211a-fd15-4aa6-a842-fdfd679eb797,"parti",3,2,"in architecture, a basic design concept or organiz"
f72df392-3f34-4c73-b3da-ea0014d897cb,"participated",4,3,"past tense of participate; took part in an activit"
0aae3419-92af-4c9c-a2cf-6b1a5e5732c5,"particular",2,3,"specific or individual rather than general; distin"
2c7398e4-0f36-4845-a079-b202afc6bae7,"particulate",2,3,"relating to or consisting of separate particles; e"
b18d379d-5662-4b19-a5d5-4bfd863b481f,"partner",4,2,"a person who shares in an activity, business, or r"
a42405cc-917c-449c-a33c-d2808d479ed9,"parts",3,2,"portions or pieces of a whole; components that mak"
5578708a-ee66-4ec2-b1fb-2c75293e8646,"parturient",3,4,"relating to or in the process of giving birth; abo"
7e9bba7d-9a54-4f3b-94eb-38c48dbbebdc,"party",4,2,"a social gathering for celebration or entertainmen"
e0c62efe-4dcc-4dd5-ab90-02af20d2a45c,"parvo",3,2,"short for parvovirus, a highly contagious viral in"
64648c1d-1dd6-4a78-b650-dc4bee8786c1,"pas",null,1,"a light, quick dance step or movement"
bec0b2fe-651f-4d48-9a8a-b0edbd3f7d63,"paschal",3,2,"relating to passover or easter; associated with th"
24fed7d0-88ab-4a59-a648-a7e6748e0bdf,"pasilla",3,2,"a variety of chili pepper used in mexican cuisine,"
02b2c955-b7c2-4c77-8b52-41921db4c94f,"passage",3,2,"a section of text, music, or other work; a corrido"
1c641924-a350-43b8-a591-adc04862d063,"pastel",3,2,"a soft, pale color; an artistic medium consisting "
fd980c5e-70f9-4b11-9169-cb21a508ed90,"pastiche",4,3,"an artistic work that deliberately imitates the st"
9600f427-2cfe-468b-914a-0fc2f9882ba2,"pastime",3,2,"an activity that someone does regularly for enjoym"
6dcd0811-eb2f-43b1-b7cc-da02943d66c0,"pastrami",2,3,"a type of cured and smoked meat, typically made fr"
ba6eccb7-1a26-4d0e-a227-1e881aed4c90,"pastry",4,2,"dough made from flour, fat, and water that is used"
634f2797-73a3-446e-8b14-fe2ea3be53b2,"pat",null,1,"a light tap or stroke with the hand or a small obj"
63661160-4728-4e80-a73a-159e41587782,"patella",3,2,"the kneecap; a small, flat, triangular bone that s"
5dfe188c-d79e-4cd7-ade2-ac06062d00e0,"patent",4,2,"a government-granted exclusive right to make, use,"
31d1a071-04fa-4769-9a6d-c1130fb767c4,"path",3,1,"a track or route for walking or traveling; a cours"
74f7f708-13bd-44e7-ade3-4350de987bd5,"pathogen",4,3,"a microorganism that causes disease in plants, ani"
02bf0f66-7e9e-44ba-8665-fb3331be2b30,"pathos",4,2,"an appeal to emotion; a quality that evokes pity, "
98cbfb84-3a64-4789-b8ad-72a3e5bbd9ba,"pathways",3,4,"routes or tracks that provide passage from one pla"
c1a6b7ac-2c12-448d-a815-65eacc6edec9,"patio",3,2,"a paved outdoor area adjoining a house, typically "
c36bc836-0eb4-4082-9d5f-0e2960d7598d,"patois",3,2,"a regional dialect or language that differs signif"
d8505075-cf73-45e3-b2bc-97fe8e2ae075,"patrician",4,3,"a member of the aristocracy; relating to or charac"
8c8ba00a-ee8f-4ca4-bb19-b3e50bf7c658,"patrol",3,2,"to move regularly around an area to monitor, guard"
f51189f1-a3fc-4d17-8e37-b65e15f7abdb,"patronymicodometer",null,5,"a name derived from the name of one's father or a "
c2066f6b-532a-49bb-87cb-af228dd7cd6c,"pattern",4,2,"a repeated design or sequence; a model or template"
a28925b5-8fc8-4850-962e-7f4575ec207a,"paucity",4,3,"the presence of something only in small or insuffi"
93d27d5d-e499-435d-ad55-b613a926d726,"pauper",4,2,"a very poor person who depends on charity or publi"
326982c7-08a3-4a86-b635-85ec76228080,"pauperepoch",null,3,"a period of time characterized by extreme poverty "
96ca376d-10ad-4aac-93f4-4dd812e19c27,"pavilions",2,3,"ornamental buildings or structures, often open or "
5d90d6f2-0ea0-4c01-b27a-e1114424db0d,"pavlova",4,2,"a meringue-based dessert with a crisp exterior and"
a4ab5034-f647-4fa1-adbe-692978c59454,"peach",3,2,"a soft, round fruit with fuzzy skin and sweet, jui"
e25728c0-be9e-4ab7-9cd6-68b82c803794,"peanut",3,2,"a legume that grows underground and develops in po"
729feecf-70be-4e88-945d-5e7f24cfbab5,"pear",3,1,"a sweet, bell-shaped fruit with white or yellowish"
dd3a1cd6-c090-43a8-97f2-cb098e0071fd,"peat",3,1,"partially decomposed organic matter, primarily pla"
205b47e8-c0c0-45f7-8f28-d903b4e263be,"peculiarities",3,4,"distinctive or unusual characteristics, features, "
1dfe2957-f1ed-4769-98fe-7f768776fbbd,"pecuniary",4,3,"relating to or involving money; financial or monet"
622fa13a-fe48-4a44-bd15-096aff90f11e,"peddle",3,2,"to travel from place to place selling goods; to pr"
619d811d-2eaa-4615-8ed8-b41987ebf2fc,"peel",3,1,"to remove the outer layer or skin from something; "
2f8028c9-6cc3-48d1-a899-521f36c549c4,"peevish",3,2,"easily irritated or annoyed; showing impatience or"
fdfca378-7136-43a9-ba0e-489d7dd10e43,"pei",null,1,"a chinese surname or a type of chinese pear."
d576825a-0a99-465d-8cce-8f08ad968d28,"pejorate",4,3,"to make or become worse; to deteriorate in quality"
b53b4cbd-0452-4f03-b18e-e1df5985373d,"pekoe",3,2,"a grade of black tea made from young leaves and bu"
ceda4bbf-d027-4339-bda4-127ff3e40953,"pelagial",4,3,"relating to or living in the open ocean, away from"
d53490be-d71a-4360-8634-87dda12aa676,"pelagialpelerine",null,5,"a lightweight, sleeveless cape or mantle worn over"
65463c4e-f03c-48db-8f65-143a684f9568,"pelf",4,1,"money or wealth, especially when obtained dishones"
20f49b74-c251-4adb-b8a3-132d9b58dd7e,"pelican",3,2,"a large water bird with a distinctive pouch beneat"
b1c3ce7b-11ef-49a2-ac25-38e151377959,"pelisse",3,2,"a long cloak or coat, typically lined or trimmed w"
49ace443-b3d4-4165-9459-92c5059642b4,"pell",3,1,"a skin or hide, especially one prepared for use; i"
a79c2856-2464-40d0-9cf6-19d1bca75995,"pell-mell",null,3,"in a confused, disorderly, or hurried manner."
6cfe4fd7-554a-4be6-8085-b8b729876152,"pellet",3,4,"a small, rounded mass of compressed material; a sm"
c1acf6ea-0a95-48e1-bb7b-38a4ed777e22,"pencil",3,2,"a writing or drawing instrument consisting of a th"
cc265e78-4af8-430a-b5fc-e5bddd11dbc4,"pending",4,2,"awaiting a decision, settlement, or completion; re"
e5b82d94-75f9-4e07-93f3-2b63ac2b2c7c,"pendulous",3,4,"pendulous describes something that hangs down loos"
689fe244-8b65-4839-8031-6d4fe6ea9eb6,"penguin",3,2,"a penguin is a flightless aquatic bird found prima"
b983a332-f565-4172-81d4-d1dd50231f49,"pensive",4,2,"pensive describes a state of deep, serious thought"
e7885f6d-83eb-4ec3-920c-59fbf4aed703,"penultimate",4,3,"penultimate refers to the second-to-last item in a"
f6abdd51-abc3-43e1-921a-108747eb36c3,"peony",3,2,"a peony is a showy, fragrant flowering plant belon"
5ebcb0e4-8d53-4660-b371-7bb74db64836,"people",5,1,"people refers to human beings collectively, emphas"
b8a7c316-c661-46c4-993f-9e90793330c2,"pepita",3,2,"pepita refers to the edible seed found inside pump"
ba19eabd-5948-4f79-a471-f17daf4165ae,"peplos",3,5,"a peplos is a type of ancient greek garment worn b"
0fd8475d-4e7c-4d72-8cfd-64de8911897d,"peplus",3,2,"peplus is an alternative spelling and form of pepl"
6f1f16f4-0f36-422b-893d-5dd3effa2034,"per",null,1,"a preposition used to indicate a rate, proportion,"
04f0e4e7-cbba-4d92-a566-d5de9316a5c5,"peradventure",3,5,"peradventure is an archaic term meaning "perhaps,""
3cb21dd7-50cf-4422-9f55-658c832504e9,"perciatelli",2,3,"perciatelli is a type of thick, long italian pasta"
998c6352-16e7-47be-bdc8-2d17fd63ff20,"perdue",3,2,"perdue is an adjective meaning hidden, concealed, "
1183e240-2c90-4fd1-960a-1e15cd67df1c,"peregrination",4,3,"peregrination refers to a journey or voyage, parti"
ecd9ae64-41a2-4b64-b4e1-2ebe8003641b,"peremptory",4,3,"peremptory describes an attitude, command, or acti"
a4617f73-3436-4deb-a423-d00901411afd,"peremptoryinfarction",null,5,"a sudden, forceful, and unavoidable heart attack."
c896334b-350d-4de7-8638-e3a105db61e1,"performance",4,3,"performance refers to the execution of an action, "
94a267e6-bf0e-4d18-b8a8-ccce8930e3c3,"perfume",4,2,"perfume is a fragrant liquid composed of aromatic "
a8c82117-bea7-4d2c-9d8a-0a280f3eb06a,"perhaps",4,2,"perhaps is an adverb expressing uncertainty, possi"
8f8e67f0-9a88-4a1b-8fc4-e2e0df0a022c,"perilous",4,3,"perilous describes situations, actions, or conditi"
b633c6cb-f07d-45fd-b1d9-feb8203607e3,"period",3,4,"period refers to a specific duration of time with "
6493ab99-f8ba-4a84-9417-8292c19b590a,"periodontist",4,3,"a periodontist is a dental specialist who focuses "
7f89e05f-72b5-4726-95d2-37e10ed69d32,"periwinkle",2,3,"periwinkle refers to both a small marine snail fou"
073320a9-d2ac-411e-8ef1-d449e1a0f9a6,"permutation",5,4,"a permutation is a mathematical concept referring "
9fc2af1e-0fe1-4bf5-9863-cefb949a3165,"pernicious",3,4,"pernicious describes something that is extremely h"
af195396-e237-4655-a9c7-fd15a6f9038e,"perorate",4,3,"perorate means to deliver a lengthy, elaborate, or"
71cb6c10-2f2e-4340-8b3b-9befff3acdc6,"perpendicularity",2,5,"the state or quality of being perpendicular; the c"
2bdf7fb8-7351-452a-9ac9-99387bf8e814,"perplex",3,2,"to cause someone to feel completely baffled or con"
a655a264-4176-446c-8672-2ed7e6b5440a,"persia",3,2,"the historical name for iran, a country in southwe"
45241d9c-4b09-4395-bc95-cc938dbdad59,"persons",3,2,"the plural form of person, especially when referri"
a5efd7ee-cd47-4479-9549-04284c85a24a,"peru",3,1,"a country in south america known for its ancient i"
ec14fb1c-5ce9-45d0-be62-6a64bbdc1a89,"peruse",3,2,"to read or examine something carefully and thoroug"
c5972062-0637-4c85-bf69-c97de72014f8,"pervading",2,3,"spreading throughout; present in every part of som"
758bd608-3bef-4ba9-a68d-5892316ccc23,"pesos",3,2,"the plural form of peso, which is the monetary uni"
4893e432-0295-4610-a989-1f132ea5f5d5,"petal",3,2,"one of the colored parts of a flower that surround"
8ce991de-8eb4-4ba8-8453-72d3ec438088,"petite",3,2,"small and dainty in size or stature, especially re"
d5a0da78-39ad-4b24-b4af-7dd24bcba437,"petticoat",2,3,"a woman's undergarment worn beneath a dress or ski"
e918f0b5-60d2-487c-8973-b7d366954a0c,"pews",3,1,"long wooden benches with backs, typically arranged"
98838b7f-18f7-4b0e-8ec2-6ffc1fce00e3,"pgames",3,2,"[potential error] this may be an incomplete word o"
0cdf45a0-e1ef-4fc4-8d97-ab7e072fb2b5,"pharaoh",3,2,"a ruler of ancient egypt, considered to be a livin"
2b280302-47d2-4d58-ad74-d28d285e153d,"pharaohopponency",null,5,"the state or quality of being difficult to overcom"
494483f3-947b-446b-b91b-a7f4da88a42a,"pharmacyfondant",null,3,"a type of smooth, creamy icing or paste used to co"
321ed031-4641-4dc8-a584-bbea28e0a738,"pharynx",3,2,"the cavity behind the nose and mouth, connecting t"
81667b4d-6093-4aec-b307-444392bd1fd2,"phenom",3,2,"a person who is outstandingly talented or admired,"
898f98ac-9eba-4b3a-acf3-86cdaf9a456d,"phil",3,1,"a prefix meaning "love" or "loving"; also used as "
0f36c380-ffd6-43f3-90fc-838a4f4a7650,"philos",3,2,"a greek root meaning "loving" or "fond of"; used i"
eabd493b-26fa-4325-9812-461af0ff3888,"philosophy",2,3,"the love of wisdom; the study of the fundamental n"
8a48b8af-8e65-414b-8c0e-833dab98cf56,"philtrum",2,3,"the vertical groove or depression between the nose"
79e37c75-f628-426d-92ff-6b79b070c2f3,"phlebotomy",3,4,"the medical practice of drawing blood from patient"
1fed0c91-5040-490d-8bfe-6959168317b8,"phloem",3,2,"the tissue in plants that transports nutrients, es"
af5d1be3-ff1b-41cf-9c53-09d3625a0d93,"phlox",3,2,"a flowering plant with clusters of colorful, often"
173f35ea-b108-4509-b46c-b7560d1cd77c,"phobos",3,2,"the larger and closer of the two moons of mars, na"
93caeef3-fe5d-4c51-9778-8b16e032a7eb,"phoenix",3,2,"a mythical bird that cyclically burns itself to de"
8948f264-e10b-4e19-828f-4db1369aa42e,"phone",3,2,"a device used for transmitting and receiving voice"
8f0f3230-44e1-4b3d-ab00-cd57a494242d,"phonics",3,2,"a method of teaching reading and spelling based on"
4325924d-0622-480e-b556-d54d61ed5acf,"photosynthesis",2,4,"the process by which plants use sunlight, carbon d"
c49d7737-5e67-4224-a9be-8adfb1965337,"photovoltaic",2,3,"relating to the production of electric current whe"
cc40aa1a-e59d-49f6-b8a9-f09a78a0ffd3,"phylum",3,2,"a major taxonomic division of the animal or plant "
74049b9d-6047-42f5-a0c1-6b3121145bce,"physicalpunily",null,3,"a person who is physically weak or frail."
0f068866-9dd0-4f0d-8073-86eb4bec4e12,"physician",2,3,"a person qualified to practice medicine; a doctor "
4ff803d7-84a6-4cf5-9995-4127558f3a03,"pianola",3,2,"a type of player piano that automatically plays mu"
de16881f-178e-4995-8699-2e8c16bc1350,"piatti",3,2,"italian term for cymbals, especially orchestral cy"
b1003fef-4de0-4000-bf88-1ebf3f173c69,"piccata",3,2,"an italian cooking method where meat is sliced thi"
7d7a75b2-516e-4fb3-a743-df4633086cb4,"pick",3,1,"to select or choose from a group; to pluck or gath"
423ed3de-1748-4019-aeaa-7eb1e5c8bb1c,"picture",3,2,"a visual representation or image, especially a pai"
2c710c43-6716-4656-91a2-66fb274e8654,"pie",null,1,"a type of baked food, typically sweet, that has a "
e5791ea4-e5e0-4368-abf4-d1e651bb3f55,"pieces",3,2,"multiple parts or portions of something; individua"
d6cfc24f-793e-4169-9de1-13aa748feb1a,"piercing",2,3,"sharp and penetrating in quality; making a hole th"
d5168566-684e-4999-8e4a-b67f7c2c652d,"pierre",3,2,"french word meaning "stone" or "peter"; also refer"
422ecb80-cb7f-4e80-991d-8526578bf739,"pierrot",3,2,"a traditional character from french pantomime, typ"
98a9b1a3-edf4-4e86-840e-3abb51ae1c3c,"piety",3,2,"reverence and devotion to religious beliefs and pr"
89f5efda-8185-4b4a-b9f7-4acdbfabad50,"pigeon",3,2,"a medium-sized bird with a stout body, typically g"
56c8fe74-9a1a-4549-ac00-8d49cf7b1ce0,"pigmentosa",2,3,"relating to or characterized by abnormal pigmentat"
f67dfe5c-ed1b-423e-a22f-08ed349963c6,"pigments",2,3,"substances that give color to materials; natural o"
4b9cbdf4-8ae7-48f3-be0b-36c10082d3bb,"pigsty",3,2,"an enclosure where pigs are kept; a very dirty or "
fbdcb223-71f2-4e0d-8f94-dd2373d25f89,"pikas",3,2,"small, round-eared mammals related to rabbits, typ"
4dcddacc-fda0-4fc8-875f-e87f7688aa89,"pilcrow",3,2,"a typographical symbol (¶) used to mark the beginn"
0c8d5e65-568b-496d-8c5d-65c545c41bd8,"pileus",3,2,"the cap or top part of a mushroom; the umbrella-sh"
596a09c6-7d73-4941-802a-56b3f028f225,"pillage",3,2,"to rob or plunder, especially during war; to steal"
5d0ba9a2-1624-42e9-8087-99e338897416,"pillor",3,2,"[possible error] this may be a misspelling of "pil"
a8790a92-d790-4af7-bffe-b4c918174a58,"piminy",3,2,"affectedly proper, prim, or precise in speech and "
bcc0b463-147d-40cf-acdf-7a57d1649087,"pinetum",3,2,"a botanical garden or arboretum dedicated to growi"
25cb9f6e-a164-4850-ad0f-055b25e2afab,"pink",2,1,"a pale red color; a flowering plant with fragrant,"
a50a5bea-7e5e-469d-adbe-c5de666cffc1,"piñon",3,2,"a small pine tree found in the southwestern united"
d4550510-aa67-45c7-b128-af840dfea3a5,"pinyin",3,2,"the official romanization system for standard chin"
4e5fc798-ba69-4faa-8c91-af47d41f4994,"pinyondysfunctional",null,5,"a malfunctioning or improperly functioning pinyon "
19a59361-7dd6-46c0-8168-720c5b2648ff,"pious",3,2,"devoutly religious; showing reverence for religiou"
7be8cb6f-a9b4-4e8f-988d-f4b3c7e63a90,"piperhear",null,3,"to hear or listen to a pipe or pipes, such as a mu"
a065dd53-c8fe-4127-b01e-cd8c633232a6,"pipet",3,2,"a variant spelling of pipette; a laboratory instru"
f5962795-e63b-4574-b518-a5f1807b8c31,"piraeus",3,2,"the port city of athens, greece; the largest passe"
6490254a-cf96-4732-9ebf-3fdcb1ce6534,"piratical",4,3,"relating to or characteristic of pirates; involvin"
c6e143e3-531a-4104-ab49-32f70132c16d,"pisces",3,2,"the twelfth sign of the zodiac, represented by two"
12f423b2-5c83-4544-a2b5-c07e5d38850e,"pisin",3,2,"a creole language based on english, spoken in papu"
481027b4-5751-45f6-bef7-1533dce79970,"pistons",3,2,"moving parts in engines that transfer force from e"
3748fc06-6c20-4b35-9ae9-ba688618f77f,"pistou",3,2,"a french sauce similar to pesto, made from basil, "
6da1f11e-c3ab-4612-b348-eac764a5711a,"pitch",3,2,"the highness or lowness of a sound; to throw or to"
3e13a12d-9ebd-42b7-a208-d1b68c328c28,"pitch-black",null,3,"extremely dark, with no light at all"
8b34590f-d1f8-47c4-977e-e37d2723e7ef,"pitiful",3,2,"deserving or arousing pity; pathetically small or "
870b2154-0a47-462c-83de-77a99ee3dabc,"pivot",3,2,"a central point on which something turns or balanc"
3e6914aa-3a2f-43d4-b9c6-76333ec8aff7,"pixels",3,2,"the smallest elements of a digital image; individu"
55dd86eb-5ea2-4c84-9704-e1972da5daa5,"plaaac",null,2,"a clear, transparent material made from silica, us"
f4cb4d55-d519-43e6-aa4b-d9b399588a21,"placate",3,2,"to make someone less angry or hostile; to calm or "
fc2f191c-203f-41bf-9731-33fa1b35e5bb,"place",3,2,"a particular position, point, or area in space; a "
9ac75965-80e4-4e91-98c1-81c4dc9db9c5,"placque",3,2,"[possible misspelling] this may be an incorrect sp"
356f8da7-2f12-4fbf-a587-1e0e9c3ca012,"plague",3,2,"a contagious bacterial disease; any widespread aff"
1bcafda0-cdc9-4e94-8122-7ad787ffff73,"plaid",3,2,"a pattern of intersecting lines in multiple colors"
c7b92293-c16d-4401-8e94-bb4e41cd19a3,"plaintiff",4,3,"a person who brings a legal action against another"
7e262603-4ecc-4c4a-826b-c919bd33431a,"plan",3,1,"a detailed proposal for achieving something; an in"
87bdb8e4-d45a-4337-9e22-3778990aad9c,"plans",3,2,"detailed proposals for achieving something; intent"
6836dcf3-8fa1-4f66-90c7-76355b5add03,"plant",3,2,"a living organism that typically grows in soil and"
953bdc0e-5422-44fb-a2b0-41c5e5bd6f7f,"plantigrade",2,3,"walking with the entire sole of the foot touching "
0c741d9b-9e12-464a-a155-528df1619ef5,"plants",3,2,"living organisms that typically grow in soil and p"
45bad424-7260-4587-b7d6-c1a80ddc3ed7,"plaque",3,2,"a flat piece of metal, wood, or stone with writing"
33a9442a-9f05-458a-b779-39468494f3fe,"plastic",3,2,"a synthetic material that can be molded when soft "
f9c53ef6-d8cb-4e7d-86f7-94d3f77fc0be,"plates",3,2,"flat dishes for serving food; thin, flat sheets of"
cda7c750-9d2f-4edc-8055-de20f97d9155,"platoon",3,2,"a subdivision of a military company, typically con"
0ba8a4be-82be-42e0-b56b-4cb880124c7e,"play",3,1,"to engage in activity for enjoyment; to perform mu"
381f0d24-0ff9-44f1-9cb6-5a1bc0b4d21a,"plentiful",2,3,"existing in large quantity; abundant; more than ad"
3c98d8af-9379-4483-82f1-381da3a3e3a4,"pliant",3,2,"easily bent; flexible and supple; readily influenc"
2628c9f7-7f7b-4474-8443-fa87e53ce7a3,"plodddded",2,3,"[potential spelling error] this appears to be a mi"
58d85f96-53aa-4d3d-8e13-606334e4b3ce,"plopped",3,2,"fell, dropped, or sat down heavily and suddenly; m"
af268be9-d8b0-49e4-9dfa-f38a8efa5096,"plot",3,1,"a piece of ground; the main story of a literary wo"
6fc20dbd-644d-436d-a11f-b682924fbe00,"plover",3,2,"a small shorebird with a short bill and typically "
d8d448d2-e14c-4625-a177-aa53ba5da6fb,"pluck",3,2,"to pull or pick quickly; courage and determination"
c7bbfae9-4e4f-45d8-9f74-98bc689a77f0,"plumage",3,2,"the feathers of a bird, especially when considered"
3f79436a-17ca-4204-b2f0-889414f625d1,"plumbago",2,3,"a plant with blue, white, or red flowers native to"
2d9b7eea-c45c-4c78-a50c-8d0090fcbe37,"plume",3,2,"a large feather or arrangement of feathers; a clou"
37a47c8e-f3d2-4895-b22d-868a73ed49bb,"plummet",3,2,"to fall or drop straight down at high speed; to de"
a26061c8-fad8-44d0-a4f6-c0fb5731df3c,"plush",null,2,"a soft, smooth, and luxurious fabric or material, "
5dbea5c5-9113-4d9f-9f13-906d3551e065,"plutonomy",null,3,"an economic system where the bulk of society's wea"
89238d52-6819-4ea8-ba44-54ebaeb930cf,"pneumatocyst",null,3,"a gas-filled sac or bladder in some aquatic organi"
7b00c4e2-9060-4387-b62d-35363d9adb73,"poblano",null,2,"a type of mild, dark green chili pepper that is of"
9c1ac36c-774c-4c43-bb61-e3035137f05f,"pochoir",null,2,"a stencil used in printmaking, especially for appl"
f53f44ae-c112-46bb-95df-82c81202d308,"pocket",null,2,"a small bag or pouch, typically one that is sewn i"
87497984-6eb4-433e-a64c-da14d25ac95e,"pod",null,1,"a small, enclosed container, such as a seed case o"
196bd2a6-6b6b-410c-acc2-860b80677f42,"podagra",null,2,"a form of arthritis that causes pain and inflammat"
9acc9401-38ce-4a12-b205-25929f70aa4f,"podium",null,2,"a raised platform or stage, usually with steps, on"
aa32775f-452c-47d2-91ca-f179d3a97273,"podotheca",null,3,"the horny covering of the feet of birds and some r"
714053b4-1c13-4ecd-8cbe-e1de80d96171,"podsnappery",null,3,"a self-satisfied indifference to the problems or c"
a75536cf-90db-4d42-a914-319652e2bda9,"podunk",null,2,"a small, unimportant, and isolated town"
ee177a44-4f0f-4f16-a544-5662893a37d4,"poem",null,1,"a piece of writing in which the expression of feel"
7273145e-ada5-4b3f-ac0b-71233311a407,"poika",null,2,"a boy or young man"
ca419403-e560-46cb-9e05-d4f2ff79d4b0,"point",null,2,"a specific location or position on a surface or in"
1f960c2c-040a-4ac6-a80b-71f84035eac7,"pointelle",null,3,"a knitted or crocheted fabric pattern featuring sm"
ac806d4c-c144-4623-b311-4a8c1167e6b2,"poisonous",null,3,"containing a substance that can cause harm or deat"
92befeca-044a-4164-bafc-2bb5e9b349b8,"poke",null,1,"to gently push or prod with a finger or other obje"
0c6e851a-660c-41f2-a737-267e9ade29ad,"polarized",null,3,"to be divided into two opposite or contrasting gro"
c114743a-d8fa-41ac-96e9-50e4cb345dd3,"pole",null,1,"a long, slender, cylindrical piece of wood, metal,"
e7a48c5b-f622-4553-979b-053a3069177f,"polemic",null,2,"a strong written or spoken argument in favor of or"
7d8ca7cc-e6ab-49d3-9314-0d62e7aca834,"polenta",null,2,"a type of italian cornmeal porridge that is cooked"
2082a0ab-7089-4e31-8063-7d7a5c1825cd,"police",null,2,"a civil force of a government responsible for main"
1b59dbf1-ae80-4984-b9f4-3f646630e7cd,"policy",null,2,"a course of action or principle of management adop"
11732032-207a-493e-b487-df934d2ea0d3,"polish",null,2,"to make smooth, glossy, or shiny by rubbing or pol"
bdd79576-2ad8-464b-a4e6-057aede54ce6,"politeia",null,3,"a system of government or constitution of a state "
2b91b542-9bfe-47e8-81e6-44369684ba07,"politick",null,3,"to engage in political intrigue or maneuvering, es"
2c9568d9-7a81-4b6c-b2df-4f5a3043659d,"politickpollutant",null,5,"a substance that contaminates the environment and "
7c7804e9-8898-437a-8a80-10704550dc06,"polloi",null,2,"the common people or masses, as distinguished from"
b86ef75e-0099-4219-9992-7d7dfbfc79b0,"pollutant",null,3,"a substance that contaminates or pollutes the envi"
03f81761-34e3-4572-a0ba-6443d48ea82c,"polo",null,1,"a game played on horseback in which the players tr"
4e5539dc-7ee4-4e06-b12d-e217dfd284fe,"polonium",null,3,"a radioactive metallic element with the atomic num"
d04c051b-0442-417f-b2a3-d4564f0110ee,"poltroon",null,3,"a cowardly or contemptible person"
acf04b80-922b-4e50-bf9f-73a287c536ee,"polyandry",null,4,"a form of marriage in which a woman has two or mor"
844aee08-62a7-4156-af2f-b86a1e95e7f7,"polydactyly",null,4,"a condition in which a person is born with more th"
6e28bcf4-89a0-4f0c-b99e-11843617f6ef,"polyester",null,4,"a type of synthetic fabric made from petroleum-bas"
31ccc4a0-f823-43d4-8326-64260906d6f5,"polyesteranoint",null,4,"a synthetic fabric made from polyester fibers that"
faa99ee9-5a5b-49d9-bb86-2374b0c25b72,"polygenous",null,4,"relating to or involving multiple origins or sourc"
9042162f-e798-46fd-9f5c-10a84bad027f,"polyglot",null,4,"a person who is able to speak several languages fl"
ed7706e4-4536-46c4-a00c-df095384c2cb,"polymerized",null,4,"to have been converted into a polymer, a large mol"
736c61c2-d061-46a7-945f-2312f2472f0d,"polypeptide",null,4,"a chain of amino acids linked together to form a p"
1dbf88ed-a187-4036-87e4-cd5d8ed412a3,"polysemy",null,4,"the ability of a word to have multiple meanings or"
d96935d8-7642-4d9f-9de4-ed9f37247974,"polysyllabic",2,4,"having multiple syllables; consisting of more than"
c990aa57-17e6-4da8-bae8-14512e79885d,"pomade",3,2,"a scented ointment or hair dressing, typically mad"
07ef915a-0a94-4f4d-892f-8794d23b689d,"pomato",3,2,"a hybrid plant that produces both potatoes undergr"
44e532cf-d595-4335-aa59-ff1379c541dc,"pomegranate",2,3,"a round red fruit with many seeds inside, native t"
4e9366b6-8e20-4d84-a528-f22e38b76adb,"pomeranian",2,3,"a small breed of dog with a fluffy double coat, or"
49a43450-be62-4033-96a7-82b4320d7446,"pomology",3,4,"the scientific study and cultivation of fruit, esp"
1d096e64-dc06-4ae7-b318-ca880bf62c5e,"pompeii",3,2,"an ancient roman city destroyed by mount vesuvius "
4a229ba7-6541-4fec-a689-fe43535bc48b,"poncho",3,2,"a simple cloak made of a rectangle of cloth with a"
ccb0e235-6e1f-47b7-9472-d2063556b7ad,"pond",3,1,"a small body of still water, often artificially cr"
c365474e-305e-41a9-853c-146a1bec395f,"pongee",3,2,"a thin, soft fabric made from chinese silk, typica"
9a706ecd-8f53-4e4a-8e46-21eb3abae7ec,"pontiff",3,2,"the pope; a high priest or bishop, especially the "
8ac67456-1e12-440c-80fc-13880e3adba9,"ponzi",3,2,"a fraudulent investment scheme where returns to ex"
19784cdb-4342-4216-adb0-9f7c863d4e1c,"poor",3,1,"having little money or few possessions; lacking in"
86eb5eab-5a5f-4256-8e08-534f166791df,"popocatepetl",2,3,"an active volcano in mexico, also known as "el pop"
a8008c22-fdca-415d-8c90-ce42a597353a,"popovers",2,3,"light, hollow baked goods made from an egg batter,"
24d7890d-e518-487e-9986-9bbdd930a6bc,"poppet",3,2,"a small figure of a person, often used in folk mag"
e75b6673-69b2-454a-8ca5-8744c3a3e4db,"popular",3,2,"liked or admired by many people; of or for the gen"
4871e7da-db19-4c5a-ae51-57071c28f58b,"porch",3,2,"a covered entrance to a building, usually with a r"
fb6f0873-44ca-4435-9f79-78becfc30eff,"porter",3,2,"a person employed to carry luggage or goods; a dar"
b395b320-9683-4a6e-b9ec-a2403bae8c3a,"portico",3,2,"a covered entrance or porch supported by columns, "
e9003e89-a65c-45dc-b8eb-e888b4099246,"portmanteaucoaxation",null,5,"the combining of two or more words or morphemes in"
9be2f875-3ed2-4d15-9133-a78e2977d390,"portraitpraise",null,3,"a painting, drawing, photograph, or other artistic"
fdde0100-8c81-431e-b387-b5170b3c7cf9,"porwigle",3,5,"an archaic or dialect term for a tadpole."
b76350db-4a30-45af-8dbc-9c796cc4debb,"posada",3,2,"a spanish inn or lodging house; a christmas celebr"
9d771f9d-bf8a-4114-aa12-917e24a87937,"posh",3,1,"elegant or luxuriously appointed; typical of or us"
763edccf-0f6b-4324-828f-175aa95081d3,"posse",3,2,"a body of men summoned by a sheriff to enforce the"
35f45cb5-5c71-44e5-90c8-9c6da4e99fce,"possibility",2,3,"the state or fact of being possible; a thing that "
63152ec4-75ef-40fb-8dcd-eb21935a9c19,"possible",2,3,"able to be done or achieved; that may exist or hap"
f39a2f4f-30bd-4314-821b-b91ae35b2ac5,"post",3,1,"a position of employment; to send mail; an upright"
62cd5a8a-fcbe-42f8-803e-553ed2079b54,"postdiction",2,3,"an explanation or account made after an event has "
0205ef96-414e-43af-862c-b3fda026356a,"posterity",2,3,"future generations of people; descendants."
f7269571-5ba0-45af-b16f-ea482dbab195,"posterityposthumous",null,5,"relating to or being a person who has died, especi"
5e1eb3bb-615c-4752-b9f7-10918ef1213b,"postponewafer",null,3,"a thin, crisp, wafer-like baked good that is often"
b967158d-0998-4010-bdda-5e4c42408ca0,"postural",2,3,"relating to or involving bodily posture."
9a8b1d9c-f9f5-4ea3-8885-71b119ed3621,"pot-au-feu",null,3,"a french beef and vegetable stew, typically made w"
122508c9-2596-4719-b3ec-5de60fb87743,"potager",3,2,"a french-style ornamental vegetable garden."
92168156-fd0f-463c-a70c-841eb1cbb036,"potassium",3,4,"a chemical element, an alkali metal essential for "
f6f8be23-c0ec-4beb-8fe0-7c927bba298a,"potato",3,2,"an edible tuber from a plant native to south ameri"
da743a00-8e65-4f82-8910-9ab5935212ed,"potatoes",2,3,"plural of potato; multiple edible tubers."
32cf358c-0ab7-4820-9958-eb4bc2ab9b9d,"potentate",2,3,"a monarch or ruler with great power; a person of g"
62604e7a-e769-41a5-b837-5a091f10abba,"pothospolysyllabic",null,5,"a word consisting of many syllables, typically mor"
ac19ec88-a92a-4ccf-9dbc-312185ea9397,"pottery",3,2,"clay articles, especially vessels, shaped and fire"
96180f5e-b5ae-4421-98dc-4fe34e600ab8,"pou",null,1,"a type of small freshwater crustacean, typically f"
8ffb8b5d-b190-430d-a378-0e78fc63019a,"poudre",3,2,"french word for powder; used in some english conte"
f97b3aa8-6d1c-4b6c-87f8-bb63440d3df0,"pour",3,1,"to flow or cause to flow from a container; to rain"
349be4a9-6a18-4633-822a-4b4e970ee582,"powder",3,2,"fine, dry particles; to sprinkle with powder."
9757a7d0-741f-4d2f-a836-de01deb16e0f,"power",3,2,"the ability to do work or cause change; strength, "
0a984ec5-8a5e-47fe-baca-12776e5f0458,"practice",null,3,"the act of doing something repeatedly in order to "
29c919a8-fc78-4293-9383-9af8a7df6eb9,"practise",2,3,"british spelling of "practice" as a verb; to do re"
2baedd09-c9e9-471d-88a3-bff2b59f67a7,"praise",3,2,"to express approval or admiration; commendation."
2c4733af-800d-4614-9c50-d9dab193d071,"pralltriller",2,3,"in music, a type of ornamental trill that begins o"
b8fd1f79-60f0-45c2-a98d-62c5ae0c8cb1,"pralltrillerpratique",null,5,"a specialized musical technique involving rapid al"
93485e48-0e2b-4703-b367-a072dafe2492,"prana",3,2,"in hindu and yogic tradition, the life force or vi"
bad828f8-59c8-42bf-be00-8672cd9fd480,"pranks",3,2,"plural of prank; mischievous tricks played on othe"
924097cd-ce52-46f7-9e58-1745c8fbacef,"pratique",2,3,"official permission for a ship to use a port after"
044b66e6-6edc-4b4f-b93a-2064472810c3,"praxis",4,2,"practice as distinguished from theory; customary p"
ef65d888-c369-408b-b9ac-64472c0c897d,"precariously",2,3,"in an uncertain or unstable way; dangerously."
a54f3efe-d531-4219-b10a-527b592d9599,"precious",2,3,"of great worth or value; much valued by someone."
89068d80-b815-49ed-a047-21a03da6b22f,"predator",2,3,"an animal that hunts and kills other animals for f"
410a83c0-ccde-4c21-aa74-3b3ef14695d0,"predictions",2,3,"plural of prediction; statements about what will h"
2996ab8a-81c6-4ee3-be74-411e103d8e7f,"preened",3,2,"past tense of preen; cleaned and arranged feathers"
9ac4c49b-39a7-4f96-9ba8-49fea587f558,"prelapsarian",2,3,"relating to the time before the fall of man; innoc"
abc69b58-b567-4031-b2a6-7e063f4ba70a,"premium",3,2,"a sum paid in addition to a basic amount; somethin"
d7db15e3-f60e-49b2-9dad-8880699ee758,"premonition",2,3,"a strong feeling that something is about to happen"
e62b8023-bc6a-41c0-a5f6-146d9b081740,"prenuptial",2,3,"existing or occurring before marriage."
efdc752e-7e78-4c96-aaf6-cd91bbcf38a8,"prepare",3,2,"to make ready for use or consideration; to get rea"
09626980-ff43-4c71-ad18-25910568967f,"prepares",2,3,"third person singular of prepare; makes ready."
c1d8a193-e5fa-4205-aacc-4682b28c0d54,"preprandial",2,3,"done or taken before dinner or lunch."
800a88c4-3bdf-4ba4-b5ee-8114a9d97598,"prerogative",2,3,"a right or privilege exclusive to a particular ind"
7d1975c8-6cb8-4b99-8767-dbd427485bdc,"presencesizzle",null,3,"the quality of being present and attentive in the "
c1171f65-e103-445f-ae25-e908e50b85e6,"preserving",2,3,"present participle of preserve; protecting from ha"
08e19c3e-6228-46aa-82e8-babb097009e8,"prestidigitation",3,5,"sleight of hand; magic tricks performed with the h"
6a76fa84-f28e-4a7a-a1af-892f205b998b,"preternaturally",2,3,"in a way that is beyond what is normal or natural;"
e64ac016-e0b5-4cda-89e8-cd3c36b1880b,"pretty",3,2,"attractive in a delicate way; fairly or moderately"
32a248b3-0c1c-475c-a142-281b93f6bf28,"prima",3,2,"first in importance; chief; leading (as in prima d"
05cbe0d8-ac1e-473a-83af-d1564cdd06f2,"primaeval",2,3,"british spelling of primeval; relating to the earl"
ab27f6a2-ab4d-4dae-ac85-c06fe19c3ad4,"primarily",2,3,"for the most part; mainly; chiefly."
3051d697-9b6b-4e1b-8bf1-28c33182d7c5,"primogeniture",2,3,"the system of inheritance by the firstborn child, "
dc96e234-78b8-463d-baa6-9be82dd79a27,"primordial",2,3,"existing from the beginning of time; primeval; fun"
c74c490e-6326-4f30-be22-4ca57271f95f,"princely",2,3,"of or worthy of a prince; magnificent; generous."
6c0202af-c317-492f-9d5f-92c3a98b1221,"princepsprocurement",null,5,"the act of obtaining or acquiring something, espec"
ce141781-6f31-4929-95bc-814fb8aeeb7a,"prion",3,2,"an infectious protein particle that causes degener"
7a630bc9-c91a-4c68-9c6d-0217b319e30b,"pris",3,1,"an archaic or informal shortened form of "precise""
326b7ce5-00f7-459c-b43c-8ec92f5c7d99,"prism",2,3,"a transparent object that separates white light in"
78a1a416-8acb-4729-ad47-f656801f3253,"privacy",3,2,"the state of being private and undisturbed; freedo"
6e6e5bf2-178f-41e0-9347-991fe900220d,"privet",3,2,"a bushy shrub with small white flowers, commonly u"
8f2304fb-4bed-4708-bf16-8a60568965f8,"privilege",2,3,"a special right or advantage granted to a particul"
b6206db0-9508-4612-a21d-ddf044c2e962,"prize",3,2,"a reward given for victory or excellence; to value"
31a2f81f-5e53-451a-a3e3-2f253c874f94,"pro",null,1,"a person who is skilled or expert in a particular "
5a6080cc-cd24-4ab5-babd-65e1fc71c542,"probation",2,3,"a system allowing offenders to remain in the commu"
18b6104a-28a8-4a3c-a6d8-a1e040b508d1,"problem",3,2,"a matter or situation regarded as unwelcome or har"
69d416d0-b97c-45de-aa33-7dd26c64d0c0,"procedure",null,3,"a series of actions or steps taken to accomplish a"
ab390140-d8e8-4671-837b-5539d37aff4c,"procrustean",2,3,"enforcing conformity without regard to natural var"
1d283cd0-ee3d-4578-a2d1-8e8418b33beb,"procurement",2,3,"the action of obtaining or procuring something; ac"
08ca1bba-43fd-4668-9514-b5f12767ce98,"prodigiousprofligacy",null,5,"extravagant and reckless expenditure of money or r"
0467b6c7-e1d8-4b6c-ac5b-43c36859be0f,"produced",2,3,"past tense of produce; made, manufactured, or brou"
25533064-fbf0-4862-990f-71bb536431bc,"production",2,3,"the action of making or manufacturing; a play, mov"
15a5d047-edf4-447c-bfb9-bb4bc6ac350f,"professes",2,3,"third person singular of profess; claims, declares"
4dddeaeb-3a91-4918-a160-4b3b1c6f7737,"professing",2,3,"present participle of profess; claiming or declari"
d2d9c4ff-4746-44d3-bf5c-bcfb3e46a814,"professional",2,3,"relating to or connected with a profession; skille"
c7398cf4-eab7-419a-b52c-f9f50c818517,"professor",2,3,"a teacher of the highest rank in a college or univ"
50c50a47-721c-4d6d-94e6-ebe909b3f6bf,"profile",3,2,"an outline of something in side view; a brief desc"
b973f037-fb50-466f-b070-7dee1dce82e5,"profit",3,2,"financial gain; benefit or advantage derived from "
baa94e1a-1893-47d9-921e-bf1ed5a1c7e4,"program",3,2,"a set of related measures or activities with a par"
26cd8e18-a9e5-4570-848c-8637022dbde1,"project",4,2,"an individual or collaborative enterprise carefull"
af442004-a189-4fbb-98e8-360b27858a7d,"prolix",3,2,"using too many words; tediously lengthy in speech "
96105acb-a8db-4f39-aaf7-acb50950026e,"promise",3,2,"a declaration or assurance that one will do someth"
d4e75abf-e8b0-4527-8e19-ccb254d89d7a,"pronaoscraquelure",null,5,"a network of fine cracks or crazing on the surface"
cc0adfcf-3bc9-4078-a43c-0f5bc5ced487,"prone",3,4,"lying face downward; having a tendency or inclinat"
1a4b6120-6c2b-4a5a-b48d-4e974b03093f,"proneselfie",null,3,"a selfie taken while lying on one's stomach or che"
132ad4f1-7ea8-4131-84d8-9932cfd96730,"pronounced",2,3,"past tense of pronounce; spoken or articulated cle"
8e5edf0e-9e56-4015-bbe6-3e0d1a11280d,"proof",3,2,"evidence or argument establishing or helping to es"
c91d491a-ef66-43ae-9417-5f53964c0a7b,"propaganda",4,3,"information or ideas systematically spread to prom"
13766aa5-55c2-4646-97bc-38b812098c3e,"propane",3,4,"a colorless, flammable gas used as fuel for heatin"
86b0c38f-e8c8-4361-8f3c-332870a617b2,"proper",3,2,"correct according to social conventions or accepte"
792a595e-59dd-4235-9cf5-f8ef8ec920ff,"properties",2,4,"plural of property; characteristics or qualities t"
6ab6e89d-1aa5-4c3d-a5a4-48ee4256bf88,"prophet",3,2,"a person regarded as an inspired teacher or procla"
0174496b-9f8a-474f-9744-5d78ea16c5bf,"propinquityepidermis",null,5,"the closeness or nearness of things in space, time"
af7b4ac1-2005-4625-97fd-2bc2910e67ec,"propitiousellipsis",null,5,"favorable, advantageous, or propitious."
7c9a6afb-9a8f-48e7-ada3-38aeb79b17f7,"proportional",2,3,"corresponding in size, degree, or intensity; havin"
46fe6ba2-1629-4ecd-a96e-63069955e676,"propound",4,3,"to put forward for consideration; to offer or sugg"
6f9dc061-e2c8-40e0-a67a-1d71a49e2f4c,"propre",3,2,"french word meaning "own," "proper," or "clean"; u"
2ee660d0-64c8-46f1-9271-b2c3933edabd,"propreamphistylar",null,5,"a type of architectural column arrangement where t"
0b709622-2983-43dd-acd4-2bc78175ad24,"prosceniumpolitesse",null,5,"the front part of the stage in a theater, especial"
07f90aa2-720b-4481-bebe-e4c54a364b57,"proselytizer",4,3,"american spelling of proselytiser; a person who at"
1af77215-472b-4909-b7ad-df130bfdaf9a,"prosody",3,2,"the patterns of rhythm and sound used in poetry; t"
0752186f-e4f9-41a9-86ca-ec98db0e0367,"protuberant",3,4,"bulging out; swelling beyond the surrounding surfa"
42d815fa-9cef-42b7-9851-78ba81784dcf,"proud",3,2,"feeling deep satisfaction derived from one's own a"
3148c3ab-532c-4be9-89e3-4c1d90884b38,"proverb",3,2,"a short saying that expresses a general truth or p"
fcd09d67-ed1e-4b59-8ead-b5bb3b59194d,"proviant",2,3,"provisions or supplies, especially food for a jour"
651e01ce-f47b-4607-b756-9a674457c5e4,"proviso",3,2,"a condition attached to an agreement or statement;"
6d774844-c0eb-4602-9119-484124045f34,"prowess",4,2,"skill or expertise in a particular activity or fie"
400fbe58-2124-460d-93a2-03cfc9aad53d,"proximo",3,2,"of or relating to next month; used in business cor"
4bd86bdb-cf0c-434a-abf3-5cb22da39973,"proxy",3,2,"the authority to represent someone else, especiall"
3dcbc9fe-170c-4b56-920e-33187456a008,"pruners",3,2,"plural of pruner; tools used for cutting and trimm"
1fc8c719-183e-4f79-9b99-cd87831c9dbc,"psamm",3,4,"a geological term referring to sand or sandy sedim"
67a6a74c-5251-4a93-b249-52484dade1d7,"pschent",3,2,"the double crown of ancient egypt, combining the w"
7a37076e-f3d5-4602-bb84-4471b3937f8f,"psychiatrist",3,4,"a medical doctor who specializes in diagnosing and"
d40d09d7-a02f-4cde-a3bb-99ccf7f44835,"psychoanalysis",4,3,"a method of treating mental disorders developed by"
58f11a62-ee24-4647-9de0-0c3981c55690,"public",3,2,"open to or concerning the people as a whole; acces"
0c855ed5-7330-41cb-b7c3-2b09746167db,"publish",3,2,"to prepare and issue material for public sale or d"
8d15631d-c02a-4eec-a1a9-aa0ff7ad511c,"puchero",3,2,"a traditional spanish and latin american stew cont"
08e06bf6-a985-4f55-a064-db3bb33bc1c7,"puckish",3,2,"playfully mischievous; impish or roguish in a ligh"
4f1a03fd-07cf-42ed-8a08-038b9794c3f6,"pudibund",3,5,"bashful; easily embarrassed; characterized by mode"
730aa767-3df8-4550-b8ac-502d15475989,"puerto",3,2,"spanish word meaning "port" or "harbor"; a place w"
38d50f80-d832-4b4b-80cd-7c06d7d6556d,"pugilistpugnacious",null,5,"inclined to fight or argue; combative and aggressi"
044f733b-5528-4f8d-9f77-ec0a70ca3c63,"pulchritude",3,5,"physical beauty; attractiveness or comeliness, esp"
328e80cb-ad23-49a2-85e2-3e64220e75b8,"pullets",3,2,"young female chickens, typically under one year ol"
e9a24452-cc10-49d1-aae1-f2dafa13df04,"pulley",3,2,"a simple machine consisting of a wheel with a groo"
5646e4b5-75e5-4c6a-b2de-db10eab22d6c,"pulpit",3,2,"an elevated platform or enclosure in a church from"
9fdd46e7-9438-400f-b869-93dbaba20dec,"pumice",3,2,"a light, porous volcanic rock formed when gas-fill"
9d4d8806-da51-4e03-9a83-06c6b414a8bd,"puncheon",2,3,"a large cask or barrel for holding liquids, typica"
d34c7c02-54e0-4929-ab24-d8c2a007d99b,"pungent",3,2,"having a sharply strong taste or smell; penetratin"
bfba4362-2136-41e8-b635-7350ee40c581,"punting",3,2,"present participle of punt; propelling a boat with"
518d0620-ed8c-48d3-9ac1-54462fa817f7,"puppets",3,2,"plural of puppet; movable figures operated by stri"
3b503658-9652-453f-870c-b410864fcb93,"puree",3,2,"a smooth, creamy substance made by crushing or ble"
d0f49702-5ff7-4c12-973c-e1e37c9076b7,"purification",3,4,"the process of removing contaminants, impurities, "
fa72b028-81ed-4a07-bc65-71688800a02e,"purificationplantain",null,5,"a tropical plant with large leaves and edible frui"
97ecd8cc-a74c-4d51-bb50-bd3ab59ccb54,"puritan",3,2,"a member of a protestant group in 16th and 17th ce"
3e782964-a428-45bc-8c0d-46784b332a7a,"purple",3,2,"a color intermediate between red and blue; cloth o"
9fe9b29d-cbf2-4a3e-82b7-fd87bd985653,"purpose",3,2,"the reason for which something is done or created;"
c4e13163-28ee-44b6-9ee3-f0a0f5d30891,"purse",3,2,"a small bag for carrying money and personal items;"
c908ad48-c113-484d-a5a0-f6e302e4fe8a,"pursuit",3,2,"the action of pursuing someone or something; a rec"
54e0e36d-8f18-4d38-ae99-eb0769838378,"purvey",3,2,"to supply or provide goods or services; to spread "
feef1678-41d5-4d3a-9a85-5c4d3484d48d,"putrid",3,2,"decomposed and foul-smelling; morally corrupt or e"
e1ebf799-c4d0-45bc-a22d-385b2126c0ec,"putsch",3,2,"a violent attempt to overthrow a government; a cou"
e0f05d15-887a-453a-984f-7c1719806e32,"putty",3,2,"a soft, malleable substance used for sealing glass"
a83dc244-d486-4e56-92df-4ef0418aaa00,"puzzle",3,2,"a game, problem, or toy designed to test mental sk"
5b56dbc9-eaa4-4ca5-a2a2-2ee292cff2a5,"puzzles",3,2,"plural of puzzle; multiple games or problems desig"
9fed3ae0-68a2-485b-9c21-a60f065f91b7,"puzzlespage",null,3,"a page or section of a publication that contains p"
2a3ff676-1fc3-4992-ad96-13ccce57ec8f,"pylorus",3,2,"the opening from the stomach to the duodenum (firs"
fda251e3-7976-409b-ab39-a44a7071c8a7,"pyramid",3,2,"a monumental structure with a triangular or square"
d289ced8-74d1-4dd9-b782-4edbf39d8e15,"pyrite",3,2,"a brassy yellow mineral composed of iron sulfide; "
ada33931-3e91-4a40-9f64-a055679faf5b,"pythagorean",3,4,"relating to pythagoras or his mathematical and phi"
a4ae6995-d3b0-46bd-ba23-00a015188434,"python",3,2,"a large, non-venomous snake that kills prey by con"
3bc66c5c-5d94-4c01-901b-edb3a9b5df3d,"pyxis",3,2,"a small box or container, especially one used for "
1113a451-edd5-4817-8148-c92a90257b94,"qiyas",4,2,"in islamic jurisprudence, analogical reasoning use"
fffe083c-ba85-4105-9f95-7e12d38c7168,"qualitative",4,3,"relating to or measured by quality rather than qua"
bdf8f68c-d5ea-42c4-981a-fdbdbd9a1bc0,"qualms",3,2,"feelings of doubt, uneasiness, or apprehension abo"
fa7ecb76-193e-4191-b948-a4cbd4c77b5d,"quantifyredemption",null,5,"to determine or express the quantity or amount of "
c06f8a33-77e3-4784-8cc7-391fc8aa3326,"quaoar",3,2,"a large object in the kuiper belt beyond neptune, "
b1836210-b0e8-473c-aa0f-c05a25333e65,"quart",3,2,"a unit of liquid measure equal to one quarter of a"
0d6ba912-41ad-4a72-b37f-8a78a664613e,"quasar",3,2,"an extremely bright and distant celestial object p"
bc217939-cc37-45b1-923e-09123a806efe,"quaver",3,2,"to shake or tremble in speaking, typically from ne"
54aec4d6-bcca-435a-9b9f-10216ced6726,"querida",3,2,"spanish term of endearment meaning "beloved" or "d"
6d78afed-f1d9-4b66-ba16-e68c7ce8a345,"questionaire",2,3,"misspelling of questionnaire; this represents a co"
8b548b2b-8608-4d0a-8a9d-f97568cc3d8e,"questions",4,3,"plural of question; sentences or phrases that seek"
2c603efa-e212-4bc7-bd73-09b9d1a82dff,"queue",3,2,"a line of people or vehicles waiting their turn; i"
e192bc70-c7dd-4478-830a-9640893e5330,"quicken",3,2,"to make or become faster; to stimulate or accelera"
8838a08e-ca21-4569-822d-b884c62f460b,"quid",3,1,"british slang for a pound sterling; something chew"
73d264b4-9cb8-4527-931d-fa02bac2746f,"quiet",3,2,"making little or no noise; peaceful and calm; not "
c11427c6-cbd1-41e6-9022-5299cd4a83c0,"quill",3,2,"a large feather from a bird's wing or tail, especi"
2c6e0487-df93-42eb-9a83-e63b2640290a,"quinary",3,2,"based on or consisting of five; relating to a numb"
da7a82f8-c458-4ad8-87b8-7d065d052b76,"quince",3,2,"a hard, golden-yellow fruit with a strong fragranc"
7c176021-f38f-4b09-aca1-cedeb2de5229,"quip",2,1,"a witty remark or comment; a clever saying or joke"
a6cb93c0-debe-4112-8439-e6f8cb77eb71,"quirky",3,2,"having unusual or unexpected traits; characterized"
e09bab9e-fa92-4373-966a-69f529da099b,"quirt",3,2,"a type of riding whip with a short handle and a la"
27168e37-e086-40be-86cf-498ed236932e,"quito",3,2,"the capital city of ecuador, located high in the a"
f2017598-bee7-47e5-9ea3-e466783c4dfb,"quiz",4,1,"a brief test or examination; to question someone c"
3c0930fe-dc3d-442e-8ced-b14c950c8d24,"quo",null,1,"a latin word meaning 'in what manner' or 'in what "
c587b92a-bc02-40ee-a09b-2187c7ea0bb7,"quoi",3,1,"french word meaning "what"; used in french phrases"
e8c0ae28-7592-4fac-b20f-62dafef84c01,"quokka",3,2,"a small marsupial native to australia, known for i"
c3482f8a-d516-4c54-b91b-90adf600eceb,"quonset",3,2,"a type of prefabricated building with a semicircul"
0f584dc8-af53-409b-915d-40e6ab8c48b5,"quorum",3,2,"the minimum number of members required to be prese"
bc65a1b6-8c8b-4fb3-8636-1aad4cbb1bdf,"quota",3,2,"a fixed share or proportion that someone is expect"
665fa88c-8756-4c81-aa40-e701e17f09ff,"quotidian",2,3,"belonging to each day; ordinary or commonplace; oc"
5a6b52be-380d-4f78-b48c-725a23776d14,"quoties",3,2,"a latin term meaning "how many times" or "as often"
d335f039-c4f7-4da0-83e4-52ab46b496a2,"qwerty",null,2,"the standard keyboard layout used on most english-"
eec451eb-e415-46ff-8f53-d3a4e56888fa,"rabato",3,2,"a type of wide, stiff collar worn in the 16th and "
db0a2805-e835-4d58-90d2-0a8b614b2b98,"rabbinic",4,3,"relating to rabbis or their teachings, writings, a"
fa1675fa-78b1-42f4-9dfc-7572238238ae,"rabble",3,2,"a disorderly crowd of people; the common people re"
12f035bd-2fc4-4f5f-b66c-368e07f44f38,"rabble-rouser",null,3,"a person who stirs up the emotions of the masses"
e0934330-3863-447a-a231-023f9fcad446,"racecourse",2,3,"a track or course designed for racing, especially "
1e7f5986-408c-41cb-bdbd-e8bcecda6ec3,"racial",3,2,"relating to race or ethnic groups; involving or ch"
96c7bd8e-dfc6-47db-9c0b-ce0333291574,"racketeer",4,3,"a person who engages in dishonest and fraudulent b"
c8dcc0d5-5406-47db-94f2-820719c72f91,"radio",3,2,"a system for transmitting sound by electromagnetic"
1866f0cb-d4e3-4b8f-b457-13eb1afd86de,"radioactivity",3,4,"the spontaneous emission of radiation from the nuc"
585e17d0-2945-4d1f-9d2c-05b9c65f0f6d,"radius",3,2,"the distance from the center of a circle to its ed"
53b9352b-9aca-4f09-b0f9-08a92c1fa8a2,"rage",3,1,"violent, uncontrolled anger; intense fury or wrath"
1d8ff334-7f15-4a42-bdd0-112008acf294,"ragwort",3,2,"a yellow-flowered plant of the daisy family, commo"
3107dfae-0e3f-41a0-8367-5bf209d79a9d,"railroad",2,3,"a permanent road laid with rails for trains; a sys"
dc713233-bd4a-401a-9b25-4b9fb2967617,"raisin",3,2,"a dried grape, typically dark in color and wrinkle"
833c8027-5c29-49d1-9b84-13c2000259fe,"raja",3,1,"an indian prince or king; a ruler of an indian sta"
c16f4beb-76c0-4eb2-bef6-8c5b4b4aab7c,"rallies",3,2,"plural of rally; gatherings for a common purpose; "
13dca4ff-4ae2-4964-8b37-4d971dbdc7e8,"ramadan",3,2,"the ninth month of the islamic lunar calendar; a p"
fb6070e9-459f-4499-870e-f79d8a4d30b2,"rambla",3,2,"a broad, tree-lined avenue or promenade, especiall"
43bad3ee-fe86-4bd1-9e22-603ec67e546c,"rambunctiousnoun",null,5,"unruly, boisterous, and difficult to control"
f376f3f3-4772-4f42-a0e3-11f76d2ecabc,"rampage",3,2,"a period of violent or destructive behavior; to ru"
63e61e5a-25c8-4c69-a33d-595ce8d10ccf,"ramson",3,2,"wild garlic; a european plant with broad leaves an"
1de78a35-ceae-431c-b7ec-4201cafc5fdb,"rancid",3,2,"having an unpleasant smell or taste due to decompo"
ca16fbe3-e646-4292-b3d8-f8638905e2be,"ranked",4,2,"past tense of rank; arranged in order according to"
3050a232-b042-43b0-b819-3e7ddd9b26a3,"rankles",3,2,"third person singular of rankle; causes irritation"
78ee48d6-6cb0-4bf8-a489-7f2e63f98070,"ransom",3,2,"a sum of money demanded for the release of a capti"
7ba7ccfd-6b09-4d5f-8f55-4485659b792e,"rapidly",3,2,"at a fast rate; quickly and speedily; with great h"
a2c3f9bf-6da0-4702-9e61-8d91ee570d6b,"rapids",3,2,"sections of a river where water flows very fast ov"
b1a53a59-7419-4c12-8a8d-8a0526bc9513,"rapscallion",2,3,"a mischievous person, especially a child; a rascal"
51578512-7274-4f27-aa38-43950ee5b48c,"rare",3,1,"occurring infrequently; unusual or uncommon; of me"
ce0c0436-92f3-41c9-9fbd-94af3069b7fa,"rarely",2,5,"not often; seldom; infrequently or uncommonly. rar"
0cce9b96-2b04-4428-a1fe-9e9e353d1964,"rascal",3,2,"a mischievous or playfully dishonest person; a per"
8c12049b-1565-4698-8bc2-48f8c696442b,"rasorial",2,3,"relating to or characteristic of birds that scratc"
39ae9d2a-e074-4345-927b-5692d0f3cf70,"rats",3,1,"plural of rat; rodents with long tails, pointed sn"
b21f053d-cb77-48e7-9d45-3abb205c7fb0,"rattled",3,2,"past tense of rattle; shaken or disturbed; made ne"
59c43510-4ce7-430d-8652-1f23c0421c0d,"raucous",3,2,"making or characterized by a harsh, disturbing noi"
45be118b-755a-4de4-b9c3-8cc7f89d78d9,"raven",3,2,"a large black bird related to the crow, known for "
6d0cb28c-1c10-4efb-ad60-2fbec1ce8f5c,"ravine",3,2,"a narrow, deep valley with steep sides, typically "
f8b14137-ea70-4832-b3c2-580a975a928f,"ray",null,1,"a thin, straight line of light or other radiation."
c178a69f-d7f1-44ed-a44f-545f1e03df49,"razor",3,2,"a sharp-edged tool used for shaving or cutting hai"
856c53eb-ee53-47ff-b1bc-8e767c7689c6,"razz",3,1,"to tease or make fun of someone in a good-natured "
f444dd05-9591-4ef4-b36f-391e1913ffd1,"reach",3,2,"to stretch out an arm or hand to touch or grasp so"
684ac474-25aa-4e7a-95e2-15985030d3d7,"read",3,1,"to look at and understand written or printed words"
6a3ed22e-8895-459f-bf6e-07174be73cd9,"reading",3,2,"the action of looking at and understanding written"
5685ed91-3fce-42de-882a-a74f6a761ac2,"reagent",3,4,"a substance used in a chemical reaction to detect,"
0080c73e-373e-4a6d-afa4-63f9123f39fb,"realgar",3,2,"a bright red or orange mineral consisting of arsen"
9feaf081-a541-4a5a-9338-e1cae3a498b4,"realia",3,2,"real objects and materials from everyday life used"
598711c5-7f1f-4be4-95a7-6c4d874b226e,"realm",3,2,"a kingdom or domain ruled by a monarch; a field or"
51b39aee-a7bb-4f2f-8392-db5fde1b4686,"realpolitik",4,3,"politics based on practical rather than moral or i"
b5ae4900-6dba-45ae-97ef-d71dc3c3d559,"realtor",3,2,"a real estate agent who is a member of the nationa"
22a1f31b-ba41-410e-b153-11bd7da7ef3e,"reason",3,2,"the power of thinking logically and rationally; a "
18fbbfa9-2518-406b-b5a6-4f306f8221d9,"rebuff",3,2,"to reject someone or something in an abrupt or ung"
ae5347ae-a001-4f3a-9977-784228cee36c,"rebuffrecanted",null,3,"to refuse to accept or agree to something; to reje"
bee872cb-3904-414d-95ec-9d7eed8c4573,"rebuke",3,2,"to express sharp disapproval or criticism; to repr"
e229f861-2792-4371-8161-30af7642e9c0,"recede",3,2,"to move back or away from a previous position; to "
c314db18-0ea4-455c-af4d-beb7cb251760,"receive",3,2,"to be given or presented with something; to accept"
58ec8520-f8dd-49f3-a127-46f456168ea7,"receives",2,3,"third person singular of receive; accepts or gets "
98d83c28-73ee-409a-91d8-a9633172c1cb,"recess",3,2,"a break in proceedings; a small space set back fro"
2106037e-3b26-4629-adb1-9eea655d4b11,"recipe",3,2,"a set of instructions for preparing a dish or a fo"
e39d40ec-16cb-469c-8af9-35a8a4b469c6,"recipient",2,3,"a person or thing that receives something; someone"
3e3ca469-f977-4e5d-a16b-821818e723d8,"recital",3,2,"a performance of music, poetry, or dance by a solo"
54fdb94d-2815-4ece-8f5e-ab89ea0b48c1,"reckon",3,4,"to calculate or compute; to consider or regard in "
e6532e89-1c55-48e3-acfc-57ca46963a40,"recluse",3,2,"a person who lives in seclusion and avoids contact"
a7d896b3-179a-478f-bb42-4f990ca2ee74,"record",3,2,"a thing constituting a piece of evidence about the"
05d7d6b5-7a33-4da4-8bc8-a91b2450a506,"recoup",3,2,"to recover or regain something, especially money t"
3dbb7227-2911-4c7c-ba0c-c7556a7fd51e,"recovery",2,3,"the action or process of regaining possession or c"
43c131e8-78a6-4073-b41d-06c7bfba3477,"recrudescent",2,3,"breaking out again; recurring after a period of in"
161852c3-f4b0-497f-abb1-5843d0333679,"recruit",3,2,"to enlist someone to join an organization, especia"
eccec577-ff08-45d8-8bd0-06a4f732ebb5,"reddish",3,2,"having a red tinge or somewhat red in color; tinge"
ac547cd6-dfab-4a79-95b4-98c791c05071,"reddish-brown",null,3,"a color that is a mix of red and brown, with a red"
68bf655a-4812-47a7-b6e5-15936b7b4ede,"redound",3,2,"to contribute greatly to a person's credit or hono"
078a621d-dd15-499c-a0b7-6b3a2adce765,"reduce",3,2,"to make smaller or less in amount, degree, or size"
9a624331-0dd9-4dba-b255-7835538b49a0,"redux",4,2,"brought back; revived; denoting a film, book, or o"
0eb3f66e-81b4-4589-a2e7-d40330b3ac13,"reeds",3,2,"plural of reed; tall, slender plants that grow in "
9853529c-5ea8-4c84-a81e-02458a574e1b,"refer",3,2,"to mention or allude to; to direct attention to so"
43828f14-ada3-4485-917e-b281d56e794e,"referralaerials",null,3,"referral documents or materials used in the proces"
2e4ece4f-934f-4247-8247-7ac20c697f71,"reflect",3,2,"to throw back light, heat, or sound without absorb"
bca2ecf4-0dfc-4657-87ba-cd616d8bd9e0,"reflection",2,3,"the throwing back of light, heat, or sound by a su"
4443e94f-7262-4c2d-9f84-e556edeb1b8f,"reflects",2,3,"third person singular present tense of reflect; th"
e02be2ee-ba8c-47c5-98be-f859ed4c12c9,"refrain",3,2,"to abstain from doing or indulging in something; a"
c6a6be33-4ddf-4fa7-a4c2-cb1d29f70742,"refrigerated",2,3,"past tense of refrigerate; cooled by artificial me"
c857ed5a-6030-459c-b8a0-73999254b08e,"refugiumremuda",2,3,"[combined word error: this appears to be 'refugium"
0b399532-6fc4-4aac-b78d-3a0b3ed98ef0,"regalia",3,2,"the ceremonial clothes and items worn or carried b"
8eac8dd9-bf3b-41e9-a9e1-205ca28b4983,"reggae",3,2,"a style of popular music originating in jamaica, c"
4604d3c9-78a6-49ed-8cd5-996c91f68d4e,"regional",null,3,"relating to or characteristic of a region or regio"
3a33cbb9-0493-407f-a8f1-1decfd0e0a1e,"register",2,3,"a formal list or record of names or items; to reco"
de36438e-ead5-4bac-b57e-c428a14045d2,"regnal",3,2,"of or concerning a reign or the years of a soverei"
33e1815d-7cec-4ffe-8c27-7ba09e479308,"reign",3,2,"the period during which a sovereign rules; to hold"
20b08ed9-f808-4c9d-bd56-8d0e6551d696,"reiterateremorseful",null,5,"to repeat or say something again, often to emphasi"
35612347-d556-4c47-907d-d2bdded744f8,"release",3,2,"to allow or enable to escape from confinement; to "
61e6069a-ba9d-454a-9e19-06479d215a31,"relegated",2,3,"past tense of relegate; assigned to a lower positi"
5ec1ea61-5560-49db-b471-f2a3887b2f57,"relief",3,2,"a feeling of reassurance and relaxation following "
40498573-cf3d-4314-b77f-5480b8a48b90,"relish",3,2,"great enjoyment or satisfaction; a pickled vegetab"
3ee1a583-f348-47bf-8bd0-00f5bf5b10e2,"rely",3,1,"to depend on with full trust or confidence; to be "
ce69c6b3-25fc-4b60-b96d-f0e7710d68aa,"remain",3,2,"to continue to exist; to stay in the same place; t"
742fca2a-da81-47ad-83c5-5aaa144f96c1,"reminiscentmenial",2,5,"[combined word error: this appears to be 'reminisc"
42834a9f-8767-4c1c-94cc-f94af76dd865,"remnants",2,3,"small remaining quantities of something; pieces of"
792cd78e-f045-4c39-ad25-06e1d5c78b00,"remuda",3,2,"a herd of horses from which ranch hands select the"
3e4495c4-06d9-4af1-a62f-a625abecbf23,"renal",3,2,"relating to the kidneys; of or concerning kidney f"
4cdd57c6-a140-46b1-9a97-bcc4df4e8eea,"rendition",4,3,"a performance or interpretation of a piece of musi"
11549e42-4a77-43f9-92fc-035f4614df4d,"renegotiate",2,3,"to negotiate again; to revise the terms of an agre"
79dc00c1-fa92-4852-87f1-28e985453dc0,"renitency",2,3,"the quality of being renitent; resistance to press"
a4e5e4af-939b-4413-aeae-d996ffce3fc1,"rennet",3,2,"a complex of enzymes used to coagulate milk in the"
9ee2bd8c-c246-48ec-8e4f-6ed40743eb93,"rental",3,2,"the action of renting something; an amount paid or"
e6325487-8d40-46ab-ac2d-5e76095b3e7d,"renvoi",4,2,"in international law, the doctrine by which a cour"
a4010aa3-227f-4e26-8fba-17425203a454,"renvoinoun",null,3,"a type of noun that refers to a person, place, thi"
2aada3cf-406d-4626-8c5c-04ae9fa8728c,"repast",3,2,"a meal, especially a large or elaborate one; the a"
c8251147-9123-4abf-850f-26210d26b01f,"replaced",2,3,"past tense of replace; took the place of something"
1b62fc19-0286-4057-a4e6-c0eab3a07f13,"replete",3,2,"filled or well-supplied with something; abundantly"
049c261b-5d48-46f0-b1d3-6fd376ae3efd,"reply",3,2,"to say something in response to something that has"
53555302-be36-4a46-b8bb-d9db27fe1d7f,"report",3,2,"to give a spoken or written account of something; "
69f20eeb-e086-4015-86d0-a8ef332168c1,"repress",3,2,"to hold back or restrain; to suppress a thought, f"
ccd7ceed-af98-4ee2-a942-f423456114da,"reputation",2,3,"the beliefs or opinions that are generally held ab"
7554e6b8-02e7-4550-bf64-e4a5ed8278ca,"requiem",3,2,"a mass for the dead; a musical composition for thi"
14f99efb-1b87-4913-9d9c-9318304f6acd,"requires",2,3,"third person singular present tense of require; ne"
4e7c0453-03b3-4938-a007-8d8d6b3b9c7c,"res",null,1,"a formal or official document, especially a contra"
73c2d072-7107-4630-b770-34a23de2745b,"rescissiblejungian",null,5,"able to be rescinded or canceled, as a contract or"
8c4f8209-9a8d-49f4-a27b-0b55cceedf52,"rescuedifficulty",3,5,"[combined word error: this appears to be 'rescue' "
34ae306d-ea65-45f4-acc0-f88bafc94e20,"reseau",3,4,"a network or netlike pattern; in textiles, a mesh "
d80b10bd-98b4-4f10-ace5-4b0a6c1234db,"resemble",2,3,"to have qualities or features in common with somet"
2b57d78e-68e8-4186-b863-b6d9f83fb1e6,"resembled",2,3,"past tense of resemble; had qualities or features "
5de97f22-639f-412b-bbd9-ea729ce74378,"resembles",2,3,"third person singular present tense of resemble; h"
a399a0dd-51bc-40c5-a3d7-5c8750107b5d,"residence",2,3,"a person's home or place where they live; the fact"
3e8c6727-d857-4bf3-bfed-a9f852057a20,"residue",3,2,"a small amount of something that remains after the"
6126d117-5ad1-434f-8bff-085678db2631,"resort",3,2,"to turn to and adopt a course of action, especiall"
d22397bf-8ab6-406f-bfb0-032288d52f9b,"respect",3,2,"a feeling of deep admiration for someone or someth"
b4c69148-7d46-48a2-9832-00519a9da0a5,"respiratory",2,3,"relating to breathing or the organs involved in br"
b7dbc6be-24b4-49ee-9fb8-a9fcfc095fac,"respite",3,2,"a short period of rest or relief from something di"
441181e2-96c6-437b-b62f-9653df8aaf71,"respond",3,2,"to say or do something as a reaction to something "
e02176fe-dc04-4224-a983-714862802591,"responsible",2,3,"having a duty to deal with something; being the ca"
c053f7db-4730-41ab-a37d-6c3fade7463c,"rest",3,1,"to cease work or movement in order to relax or rec"
27eae39d-d6c7-41d7-9526-41c84019daf4,"restitutory",2,3,"relating to or characterized by restitution; invol"
cf57532e-513a-4915-9cd4-4c3c29deda29,"restive",3,2,"unable to remain still; restless or impatient; ref"
40667eff-ceb1-4cf3-b551-fff27772e366,"results",3,2,"plural of result; consequences or outcomes of acti"
935eda52-4e85-4d97-8a48-3c9c33d57498,"résumé",4,2,"a brief account of personal and professional quali"
7f1b64f7-2cd9-408c-b16b-dc17755af884,"resuscitate",3,4,"to revive someone from unconsciousness or apparent"
1de93fd5-fbe8-4ee0-bec5-46bf444cf599,"resuscitateretina",null,5,"to revive or restore to consciousness or life"
60415431-7ed4-42d1-9c50-0b02e3211f43,"reticule",2,3,"a woman's small handbag or purse, typically having"
2a9a4d0f-6fc4-44c1-a19c-c4b3b3a57fbd,"retina",3,2,"the light-sensitive layer of tissue at the back of"
d7141eaa-f73b-4b8a-9d38-535ce626b9e8,"retinitis",3,4,"inflammation of the retina; a medical condition af"
add3acb2-ebb6-41dc-8d9c-66496347a53f,"retinol",3,2,"vitamin a in its pure form; a fat-soluble vitamin "
c176df80-e4ec-4928-b541-e8332cfe6b8f,"retorts",3,2,"plural of retort; sharp, angry, or witty replies; "
a712297e-34fe-47bc-a860-e70e0983003e,"retreat",3,2,"to move back or withdraw from a difficult situatio"
0737582e-2189-4237-a6c0-657d47057d83,"reunion",3,2,"an instance of people coming together again after "
d31e4662-3119-4813-bcc5-1c00b3b4c152,"reveal",3,2,"to make previously hidden or secret information kn"
adc3e5d5-1101-42c9-99d7-94a99cfbebed,"revelationarithmetic",null,5,"a combination of revealing information and mathema"
803e0efa-d8db-4844-9511-c2bfb71bf2ca,"revoir",3,2,"french term meaning "to see again"; commonly used "
3ebf5e47-2106-49bf-b70e-41c0fe61095a,"revolution",2,3,"a forcible overthrow of a government or social ord"
16ec5cf3-8edb-4123-aacd-63f066d249b8,"revved",3,2,"past tense of rev; increased the speed of an engin"
c6247c29-acd6-4d51-aa18-f7cfcfff7d9f,"reynard",3,2,"a name for a fox, especially in medieval literatur"
874f452a-e361-401f-abf9-cf3f75fc54ec,"rhinorrhagia",3,4,"severe nosebleed; profuse bleeding from the nose; "
b6f55f05-b481-429a-9d1f-cd553d30b179,"rhizome",3,2,"a horizontal underground plant stem that produces "
fa6f282d-10e6-407b-a6c2-f6bcd631d7d5,"rhombus",3,2,"a parallelogram with all four sides of equal lengt"
f249ed90-e7d6-4f52-a1c2-3268ca83df3b,"rhubarb",3,2,"a plant with large leaves and thick red or green l"
2f65e94c-bb74-4730-a2e4-33a9feed421d,"rhythm",3,2,"a strong, regular, repeated pattern of movement or"
6da0f200-42ca-4363-bcd7-7ca514be1e07,"rhythmic",2,3,"having a regular, repeated pattern of movement or "
3429b3a6-956b-48f9-957f-0926276bffd4,"rhyton",3,2,"an ancient greek drinking vessel, typically in the"
504d599e-a7c4-4662-849f-2f394db06d25,"rialto",3,2,"a marketplace or exchange; a commercial district o"
f8b0a23b-807c-48b0-9ea4-2181876eea71,"ribbon",3,2,"a long, narrow strip of fabric used for tying, dec"
e7190c20-9e88-4d0d-8a4c-d0eaa10e48a6,"ribs",3,1,"plural of rib; curved bones forming the cage that "
a34a7683-e600-45b0-8cf0-0f29797dc572,"rice",3,1,"a cereal grain that is a staple food for billions "
acb532c2-4b42-4061-8554-1e6eef43922d,"rich",3,1,"having abundant money, property, or valuable posse"
51e6b022-1226-45a3-b687-c8d2eb13ba57,"richter",3,2,"relating to the richter scale, which measures eart"
a3827da0-305b-4f02-bccc-38684a04b64e,"rico",3,1,"spanish and portuguese word meaning "rich" or "wea"
d4b2645f-2c50-4996-bf20-f4e077207028,"ricotta",3,2,"a soft, white italian cheese made from whey; a mil"
8071f289-c5fe-4745-8ad6-8a6865ab4ae6,"rictus",3,2,"a gaping grimace; a fixed, unnatural grin or expre"
443dbb78-5d1f-45da-a2aa-4a694d6f98d7,"ridiculously",2,3,"in a manner that invites derision or mockery; to a"
dcb9ef5e-31e8-42d5-8d93-dc1f824616aa,"riffled",3,2,"past tense of riffle; shuffled cards by bending an"
ae62cfac-da26-495f-8fff-180cf86f47a0,"riffraffrestive",2,3,"[combined word error: this appears to be 'riffraff"
2c9541fe-0b25-4211-88f2-60aa3bd02bd9,"rigatoni",2,3,"a type of tube-shaped pasta with ridges on the out"
09afdc10-2a04-43a3-b437-979bff37b02f,"righteous",2,3,"morally right or justifiable; acting in accordance"
0d6c62c3-e364-4eb5-bb8e-37f4bf0b9344,"rigorous",2,3,"extremely thorough and careful; demanding exact co"
198b6b56-3ba5-4aac-bf17-c8742b2400a8,"rigourous",2,3,"british spelling of rigorous; extremely thorough a"
d52bb583-3551-4e70-9f62-0fc24bdb0fbd,"rigueur",3,2,"strictness or severity; rigid adherence to rules o"
8cb1aa08-2462-441f-bfbd-63efcc538184,"rinceau",3,2,"a decorative motif consisting of stylized vine or "
fef2d213-7959-42c1-bece-332299971284,"ripe",3,1,"fully developed and ready to eat (of fruit); ready"
be4ffaa7-624d-4cf6-bbd9-f2e8df4cb7dd,"ripple",3,2,"a small wave on the surface of water; a wave-like "
d9b7d410-6344-4d25-b033-d297a04aae3f,"rise",3,1,"to move upward; to increase in amount, degree, or "
72fd1413-1258-4896-a4b5-c45270479d47,"rishik",3,2,"a sanskrit term meaning sage or seer; in hindu tra"
c5928498-a4c4-4c4d-9ae4-f317146f1c1a,"rissole",3,2,"a small fried cake or ball of minced meat, fish, o"
d200577a-6787-459d-840e-eabd42806f3b,"rituals",3,2,"plural of ritual; religious or ceremonial acts per"
5bed7504-4465-484b-bf91-10da9c9f0da4,"rivalry",3,2,"competition for the same objective or for superior"
4ddc109c-78b2-4b3a-a672-db1481dce6bd,"riviera",3,2,"a coastal region with a subtropical climate and ve"
d5e77eb3-08e8-42ec-a727-5565a96f882b,"road",2,1,"a paved way for vehicles, pedestrians, and animals"
99615cbd-7261-481c-8e74-f16695d9522e,"robin",3,2,"a small songbird with a red breast; a familiar gar"
63d22e09-32b0-4f75-b883-eb98d4dc7b8d,"rock",3,1,"hard mineral matter forming part of the earth's su"
79d9e1e9-2faa-4e23-8a26-1771ef4e333c,"rocket",3,2,"a vehicle propelled by jet engines; a projectile w"
388638fe-3398-44da-b72e-2a7f5fde68cd,"rococo",3,2,"an 18th-century artistic style characterized by el"
0d4b625d-120a-4ca2-96c2-af4e67e55d2b,"rodeo",3,2,"a competitive event featuring cowboys and cowgirls"
a3224676-dee7-4c4b-9915-f95f5e708bbf,"roger",3,2,"used to express acknowledgment or agreement in rad"
3d9d1f7e-ad79-450d-bd90-5e57c54f39ed,"rogue",3,2,"a dishonest or unprincipled person; a mischievous "
7dfdc87c-a5de-413e-bc3a-0623d4f706f8,"rohan",3,2,"a fictional kingdom in j.r.r. tolkien's middle-ear"
5fa35f04-7d22-4b3f-9252-8fcb0e04d4cf,"roi",null,1,"a monarch or sovereign ruler, especially of a euro"
1fe316aa-982b-47ad-9ceb-0532e08b2768,"roiling",3,2,"present participle of roil; making turbulent or mu"
eeff5326-eeac-444e-9785-3c059dd9f952,"role",3,1,"a part played by an actor; a function or position;"
0a10a75a-f627-4467-b5ca-9d77a4297e4a,"roll",2,1,"to move by turning over and over; a small round pi"
81b2d85d-b753-4191-b9c6-1e9fd14711f1,"roller",3,2,"a cylinder that rotates; a large wave; a small whe"
8829cd8a-01fe-4bc3-a372-3ab45f2bc723,"romaine",3,2,"a type of lettuce with long, crisp leaves; cos let"
6e1a02ca-a551-4e86-83d2-e359e0f70333,"romano",3,2,"a type of hard italian cheese similar to parmesan;"
419a5e9f-b564-4d28-bdc8-e9bb76914467,"rome",3,1,"the capital city of italy; the former center of th"
e82058e8-5b61-4e2b-88de-4de55032b36e,"romeo",3,2,"the male protagonist in shakespeare's tragedy "rom"
42daaba6-a97a-48f5-bb3b-216224a782ca,"rond",3,1,"a circular form or shape; in ballet, a circular mo"
b42ceeba-8b6b-4cbe-a856-6535d6e03222,"rondeau",3,2,"a french verse form with a fixed structure and rep"
82652cdf-d1eb-4fd2-a2f2-3105887490b0,"rongeur",3,4,"a surgical instrument used to remove small pieces "
23ebd604-d823-4e95-8655-35a456556683,"ronin",3,2,"in feudal japan, a samurai who had no lord or mast"
66710939-043d-46f0-bd56-ccac531e11de,"roof",2,1,"the covering of the top of a building; the upper l"
57ccc4a0-9a2b-401c-9966-3441c7c824e6,"rookie",3,2,"a new recruit; a person new to an activity or orga"
7a5aea43-d55f-4d4a-986f-392ad7edeb3c,"rooseveltite",3,5,"a rare mineral named after president theodore roos"
cab1894b-d496-41ef-9f16-0a9262af5d21,"rooster",3,2,"an adult male chicken; a cock; a male domestic fow"
14e9d07f-5b2b-4eeb-9a42-1f3b8a32471f,"root",2,1,"the part of a plant that typically grows undergrou"
1f9e79be-0782-4a19-8f1d-8ff8d25b6f3f,"roots",3,2,"plural of root; origins or sources; family heritag"
6f13c82a-d2c8-4abb-b783-cbd3ce519ade,"rope",3,1,"a thick cord made of twisted or braided fibers; to"
ac7d649b-d7be-436f-8a35-fdd2fb0a8937,"rorschach",4,3,"relating to the rorschach test, a psychological te"
ce9aa14d-df00-49e1-90e1-ac548a9170ec,"rosemaling",2,3,"a norwegian folk art involving decorative painting"
482c5467-8a2a-4515-9311-2d3ef9e70040,"roseola",3,2,"a mild viral infection causing fever and rash, typ"
2b9cde51-72e7-4063-a633-a03ed87d0049,"rosin",3,2,"a solid resin obtained from pine trees; used on vi"
58c63956-689b-4a7d-a8bf-58f4eb55f798,"rotary",3,2,"relating to or characterized by rotation; a traffi"
f67a0b31-0570-4be5-90c3-073dd202e099,"rotten",3,2,"decayed or decomposed; morally corrupt; very bad o"
3800ec77-076a-42df-a008-0b0789386cf7,"roughly",3,2,"in a rough manner; approximately; not gently or sm"
4272f83a-0096-4433-bc1e-0d515581141e,"rouille",3,2,"a spicy mayonnaise-like sauce from provence, franc"
c55f7e43-11be-4fcd-811f-ac8e363e382b,"roulette",3,4,"a gambling game with a spinning wheel and ball; a "
fb3c2d65-0bf4-4b0c-9bd0-47c70c2bcdb2,"round-shaped",null,3,"having a circular or spherical shape."
c7f9b5d4-cf5e-4945-acdb-21e29186e37a,"rounds",3,2,"plural of round; a series of visits or inspections"
82055f1d-5620-47a3-9daa-a8e475078e5b,"rouser",3,2,"a person or thing that rouses or stirs up; somethi"
777663fd-9d17-434c-8a4b-ef4cb541e6c7,"routine",3,2,"a regular course of procedure; a set sequence of a"
a2466ab6-f601-4485-9be9-ac1999c52070,"roux",3,1,"a mixture of flour and fat cooked together, used a"
acb29ea9-3db9-4e23-99ad-95003f435909,"rover",3,2,"a person who travels without a fixed destination; "
2ac11ee9-4ac8-4775-a2ae-c7f4e3a5551b,"row",null,1,"a line of objects or people arranged side by side"
baa9a955-919c-46fe-9b82-9202b201e3b8,"rowan",3,2,"a type of tree with white flowers and red berries;"
6f8eef51-da84-49a7-a5ca-c3eb39e1c29b,"royale",3,2,"a french term meaning "royal style"; used in culin"
934f56d6-cfff-4eeb-b7bd-e80f9206ba20,"rubato",4,2,"a musical term indicating flexible tempo, allowing"
3a69f701-f8ca-43a8-826d-d78c0fc1dd6c,"rubble",3,2,"broken fragments of stone, brick, or concrete; deb"
5b8342ba-e354-4651-9763-e1107c35c044,"rubeus",3,4,"a latin term meaning "red" or "reddish"; used in s"
f430a3b4-ba05-472f-91d7-8504ea825795,"rubicon",3,2,"a point of no return; a boundary or limit that, on"
72fa2d1d-6518-4ddf-b598-888773605ede,"rubric",3,2,"a set of criteria for grading or evaluation; a hea"
f28ca2b1-ae76-4e2a-bce6-4a06339c98ee,"ruckus",3,2,"a noisy disturbance or commotion; an uproar or row"
f11b4147-adc0-46cd-bbdc-27d569e69774,"rude",3,1,"offensively impolite or ill-mannered; roughly made"
e7243067-70e2-425a-8ae9-1ab817ef5ca7,"ruelle",3,2,"a narrow street or lane; a small passageway betwee"
2d7b1dc3-2c9f-4ce5-a115-b4c6b8f90cd7,"rug",null,1,"a piece of thick fabric used to cover a floor or a"
83081dc6-50a8-4c27-bf81-4015ed96db90,"rugby",3,2,"a team sport played with an oval ball that may be "
3260b177-d059-466c-984a-e1a238f49c9c,"rugose",3,2,"having a wrinkled or ridged surface; characterized"
6182cf3f-65d2-4081-b4b1-85b6a064c686,"ruins",3,2,"plural of ruin; the remains of buildings or struct"
fff56504-613a-45df-a72a-e80f5a1e62d4,"rule",3,1,"a prescribed guide for conduct or action; to exerc"
ce85fe76-6ba8-446d-ab39-eeb3d5abd0bc,"rules",null,2,"principles or regulations governing conduct or pro"
63b59120-4e1c-4bb4-b9e7-ec8f823df6f1,"rumor",3,2,"unverified information or gossip spread from perso"
fa3bf51f-716a-446a-9038-385464106c17,"rumour",3,2,"british spelling of rumor; unverified information "
9d52c0a6-e0ec-4f34-9f0e-c2d680397ffa,"runesancestors",null,3,"the ancestral symbols or markings of a family or c"
3e54409f-6234-469c-a8d4-dea0ba93617f,"running",3,2,"present participle of run; moving at a speed faste"
f18496b7-3318-4f11-afeb-a92eb7eb59ce,"runs",3,1,"third person singular present of run; moves quickl"
5101a501-efaf-4804-a6ae-69b83ae4f726,"rush",3,1,"to move or act with urgent haste; a sudden quick m"
d39d52db-4ee9-47b0-81f0-5db7fb2efc8b,"russet",3,2,"a reddish-brown or rusty color; a variety of apple"
042b7a67-0c51-4431-90cf-40a7c2df4844,"rustle",3,2,"to make a soft crackling sound; to steal livestock"
2d3efc93-5a17-4078-8017-6d2c72707b80,"ryas",3,1,"plural of rya; scandinavian knotted pile rugs with"
c6ae0929-6b9d-4bff-a12e-34f27c1c67a4,"ryeland",null,2,"a breed of sheep originating from the ryeland regi"
99529b8c-bf9d-4413-9dc5-9a5d867fdb64,"ryelanddomesticity",null,5,"the state or quality of being a domestic animal th"
dd5a9af8-dfa8-473b-8b2a-cbbc3f118eef,"ryukyu",3,2,"relating to the ryukyu islands, a chain of japanes"
2be2a62d-310a-4181-b095-249449e62bd2,"sabbatical",4,3,"a period of paid leave granted to academics for st"
765db35c-19cc-44f2-9336-e363b8937ac4,"sacchar",3,4,"a combining form meaning sugar; used in scientific"
db918cf8-7dcc-4535-837f-b320aa14256a,"saccharum",3,4,"the scientific genus name for sugarcane; sugar in "
b36f2ce9-4f2f-4e2e-ad57-117a2e369566,"saeta",3,2,"a type of andalusian religious song, typically per"
34c710a9-7b0a-4949-bedc-b1f4a220ae26,"safe",3,1,"protected from danger or risk; not likely to cause"
32f3f007-e5e6-46c1-8ea7-900c38825f2e,"saga",3,1,"a long story of heroic achievement; a medieval ice"
7526ab05-c578-4e95-a867-aa8d0f43f779,"sahel",3,2,"a semi-arid region of africa south of the sahara d"
6a7dd7d3-b0f7-4567-8eb6-633fdaf8406e,"sailage",3,2,"collective term for sails; the complete set of sai"
1ccb2be5-b2c0-4ed5-ae16-c1917d0bd92f,"sailagesalience",2,3,"[combined word error: this appears to be 'sailage'"
8647f682-8b73-4ea7-8872-0320cfeda8cc,"saints",3,2,"plural of saint; holy or virtuous people recognize"
7743e329-dcc7-43f6-9781-24837e809d55,"sais",3,1,"plural of sai; traditional okinawan weapons with t"
7b60f8f6-2935-4ac4-baf2-a5a1e0120579,"sakcharon",3,5,"an archaic or variant form of saccharon; referring"
8c19cc32-d54d-4bd9-af27-c07d0035bbe1,"saketh",3,5,"an archaic third person singular form meaning "say"
bd3d083d-37fd-42a4-ab0c-8d55d6256bdf,"sakura",4,2,"japanese term for cherry blossoms; the cultural pr"
fb870b8c-2eb2-4ad2-8558-273bca2cf357,"salad",3,2,"a cold dish of mixed vegetables, fruits, or other "
f5e0dee0-9957-4eda-99b8-8333c92f2575,"salinityanalogize",2,5,"[combined word error: this appears to be 'salinity"
5a94de28-560a-43c8-9c13-c39e6a80bb92,"salsa",3,2,"a spicy sauce made from tomatoes, onions, and pepp"
61838a75-032f-474d-ab75-e1b94c6e5c6f,"saltern",3,2,"a set of pools or beds for producing salt by evapo"
54dc5252-752c-4f14-b572-03ba87487537,"saltwater",2,3,"water that contains salt; seawater; relating to th"
0e302244-bc54-43ea-a241-6da839c4d71e,"samarium",3,5,"a rare earth metallic element with the symbol sm; "
03e9a336-5394-4208-bb06-205be2fa8ec6,"sambal",3,2,"a spicy indonesian and malaysian sauce or relish m"
ed845643-9144-43f2-8ea5-a9b6b874b73e,"same",3,1,"identical; not different; unchanged; the very one "
3b9aa27e-6a12-40c7-8acc-a62cc941effb,"samoa",3,2,"an island nation in the south pacific; relating to"
38787876-24f6-4e7d-92ec-2a8cefafa336,"samosas",3,2,"plural of samosa; triangular fried or baked pastri"
8dc9d404-ab9c-4ad2-aebc-4392941a91f3,"samples",3,2,"plural of sample; small portions taken as examples"
525aebe8-c836-4413-9305-aae9016fca6f,"samsara",3,2,"in hindu and buddhist philosophy, the cycle of dea"
b04c3f11-1718-4a66-bb08-f0461d9d4477,"samuel",3,2,"a hebrew name meaning "heard by god"; a biblical p"
e7e70e40-0204-4a52-8673-f06a0f87b517,"san",null,1,"a small grain of sand, especially one found on a b"
f8f9bc2f-5527-4ac4-aa11-d4bd557ff2de,"sand",3,1,"fine particles of rock and mineral; material found"
91725c9f-f8c2-450a-979a-efa9e0726df3,"sandal",3,2,"an open shoe consisting of a sole held to the foot"
20da2a9f-5357-4ee5-a009-4adce633d4e1,"sandwich",2,3,"food consisting of ingredients between slices of b"
9e6e2bc1-f4e0-491b-8c9c-61517c7542f4,"sanglier",2,3,"french term for wild boar; a heraldic representati"
e2154766-023e-4299-8c38-7b401b2b4b73,"sanitation",2,3,"conditions relating to public health, especially s"
175dbefb-e8cd-4bad-a55d-de86873eac79,"sanitized",3,4,"made clean and hygienic by removing harmful bacter"
f0808efe-481a-4d4f-803b-c5f1f796ca33,"sannyasi",2,3,"in hinduism, a religious ascetic who has renounced"
9c642a5f-f286-40e5-9e50-5044578c7076,"sanskrit",3,4,"an ancient indo-european language of india that se"
765639ce-0ecb-4339-aa1e-f866713c9474,"saoshyanttachyon",3,5,"[combined word error] this appears to be two unrel"
67a99fd5-6027-481d-a95d-8ea9eab18f0e,"saponaceouscyrillic",3,5,"[combined word error] this appears to be two unrel"
cfb96061-b164-42c4-a581-7cf731030644,"sapporo",3,2,"the capital city of hokkaido prefecture and the la"
a8a4ccea-2a7f-4f1a-900d-8f9be62d3403,"sardine",3,2,"a small, oily fish belonging to the herring family"
8a13c7bf-5ca1-4303-9c7f-0dcdd4f87b1d,"sarkara",3,2,"an ancient sanskrit term referring to sugar or swe"
5f798117-251f-4a2f-9f9c-05151931f85d,"sashay",3,2,"to walk in a confident, stylish, or exaggerated ma"
013c5634-0d21-4d33-a72f-a85957fd521f,"satellite",3,4,"an object that orbits around a larger celestial bo"
2c2bf723-fcc7-416b-95cd-6deada780a91,"satiety",3,2,"the state of being completely satisfied or fulfill"
7e696baa-bfca-438b-8a37-66086942d161,"satisfactory",3,4,"meeting expectations or requirements adequately, t"
81f49ea7-b505-452e-9d30-ec375a146f0c,"satsuma",3,2,"a variety of mandarin orange (citrus unshiu) known"
3f40e5d9-92c4-43e9-a91b-09ac7e6f40af,"saturn",3,2,"the sixth planet from the sun in our solar system,"
5055eb33-0539-44ce-8f78-d8dddb880547,"sauce",3,2,"a liquid or semi-liquid mixture served with food t"
3c0c5b56-7736-4716-8206-8b7cd9c8b649,"saucer",3,2,"a small, shallow dish designed to hold a cup, typi"
a9e624a9-9e11-4500-bea0-fbe671dbdc26,"sauerkraut",2,3,"fermented cabbage prepared by finely shredding fre"
c9877d6b-a0f1-4eed-a566-806c037ed859,"sauger",3,2,"a freshwater fish species (sander canadensis) belo"
d3bd9290-bc38-4045-b476-c6e04d52c420,"sauna",3,5,"a traditional finnish bathing facility consisting "
2edc5749-a4e1-4465-b2f2-91c23acdc932,"sausage",3,2,"a cylindrical meat product made from ground meat, "
2c5827ce-f28b-4d67-b847-8c76a712c98f,"savoir",3,2,"a french term meaning "to know" in the sense of kn"
8404a9e3-d616-4b8a-b32a-768be60d10f7,"savor",3,2,"to enjoy or appreciate something fully, especially"
fbdf1f9b-c265-461f-af76-713dc59f0d59,"savvy",4,2,"practical knowledge, understanding, or intelligenc"
7d648136-2c37-4479-8146-154ed9be299e,"sawan",3,2,"the fifth month of the hindu lunar calendar, corre"
2d1f0a83-208c-44fd-9f6d-565cc3d8ce73,"says",3,1,"third-person singular present tense of the verb "s"
947465ac-d7f1-4262-897c-8b5d7309efef,"sbrinz",3,2,"a traditional swiss hard cheese made from cow's mi"
584be668-8c06-468d-9ab9-0b874ab348b9,"scale",3,2,"a graduated range of values, measurements, or degr"
b825482c-a828-4557-9d5c-fce0f28b7aa2,"scallion",2,3,"a young onion harvested before the bulb has fully "
d425bb37-f3d8-4047-8de4-62e069986875,"scalp",3,2,"the skin covering the top and back of the human he"
97f38933-ac58-4292-8158-8528ccf65c5d,"scaly",3,4,"covered with or resembling scales, or having a sur"
e332b78f-6224-4702-b55e-d5a69dac0afc,"scan",4,1,"to examine something systematically and carefully,"
f0bd9f8c-f25d-49c0-99fd-4122f0e4950c,"scandal",4,2,"an action, event, or situation that causes public "
4c2e7803-a6f7-4bb5-b997-5b0a09c35c46,"scandium",4,5,"a silvery-white metallic chemical element with the"
958debf5-fd1f-4023-aac8-c0f289fd162c,"scanner",3,4,"a device that captures and converts physical docum"
8de7943f-5f73-472f-a308-ce6ab3d40dcd,"scanty",3,2,"insufficient in quantity, size, or extent; barely "
2c425310-770b-4235-bd69-77248bb3e383,"scarab",3,2,"a beetle belonging to the family scarabaeidae, par"
c310ee49-f7ef-4b6f-844a-16318c21dfc2,"scared",3,2,"feeling fear, anxiety, or apprehension about somet"
711c6992-3b2c-4d6a-a774-a01599d8d175,"scarf",3,2,"a piece of fabric worn around the neck, head, or s"
66b0cfc9-9a32-41c8-b5c4-952cc2195681,"scars",3,4,"permanent marks or areas of damaged tissue that re"
edfff40e-7f77-4db0-acf7-172aa4b2f3f6,"scattering",2,4,"the process of spreading, dispersing, or distribut"
98431fa4-5837-48f7-b5ec-2903bd109107,"scentscholarship",3,5,"[combined word error] this appears to be two words"
3aecda1a-db87-44fb-8cae-3cab9e0c24e8,"scepter",3,2,"a ceremonial staff or rod carried by rulers as a s"
c7877407-db0a-40ef-9947-f9a6b90547fc,"sceptre",3,2,"the british spelling of "scepter," referring to a "
9f04a814-73e8-4d71-b9a3-bf1a4eb9de94,"schedule",4,3,"a planned sequence of activities, events, or tasks"
fdb777c0-10c9-47e5-88ff-984bcfd33dbf,"schefflera",2,3,"a genus of tropical and subtropical plants in the "
363cccb2-ad41-409b-958d-58bc5f1a3983,"scherzo",3,2,"a lively, playful musical composition or movement,"
1a834a11-c371-4b6c-b51a-f45d2f42f63a,"scherzoschnecken",3,5,"[combined word error] this appears to be two words"
22cdbf85-465d-4cdf-abc4-de6c1ab4d0ec,"schism",4,3,"a formal division or split within a religious orga"
f73a30ae-6d78-47e5-9a17-66ea668a156d,"schnell",3,2,"a german word meaning "fast," "quick," or "rapid,""
a8f85588-0dd1-4eab-874a-46d4648f2f09,"schools",4,2,"educational institutions where students receive in"
fa7a2b67-c5c0-4687-a8e9-6e66e5f370c7,"schwa",3,2,"the most common vowel sound in english, represente"
0db385ed-6233-4875-96bf-bd679cbdfc27,"schwegel",3,5,"a historic woodwind instrument from the renaissanc"
5eacc927-35d6-4bdb-b024-06fcf82a1041,"sci-fi",null,2,"a genre of fiction that deals with imaginative con"
ea1d8e31-ad19-4893-a131-8460fb1bd683,"scintillation",3,4,"the process of emitting brief flashes of light, pa"
2edc5f92-be77-402b-aa13-8f67633eabea,"sciolistic",3,4,"characterized by superficial knowledge or learning"
b3104658-cf11-4bdc-91b2-ef84f6eb09e5,"sclaff",3,2,"in golf, to strike the ground with the club before"
f9297e79-66b0-4bd2-8fb9-c54f435993a0,"scoff",3,2,"to express contempt, mockery, or derision toward s"
2964eb31-ea84-4565-a5fd-1fd094a50a4e,"scold",3,2,"to rebuke, criticize, or reprimand someone angrily"
a3ac5a9b-723e-42bd-90c4-778ff86c9ef4,"sconce",3,2,"a wall-mounted light fixture, typically decorative"
227e89e3-f004-4409-99e6-1136c95eefc1,"scoop",3,2,"a utensil with a deep bowl shape and handle, used "
a97d048c-89cd-4ce2-9c6f-2b2bd6db7b53,"scooter",3,2,"a lightweight vehicle with two wheels, a platform "
1beed0de-8772-44fd-a34a-7a3020d40af4,"scourge",3,2,"a cause of widespread suffering, destruction, or t"
26348fbd-00df-4508-b692-311f697a2c05,"scrambling",3,4,"the act of moving quickly and awkwardly over rough"
953537e3-c779-4ee8-9440-bd1a57d7dbb4,"scrape",3,4,"to rub or drag a hard or sharp implement across a "
cbbaaa8d-1b6a-4eeb-b921-2c75d753ad0e,"scrawled",2,3,"wrote something in a hurried, careless way; wrote "
f310eff8-0a7b-415c-8ad9-376ba72b645f,"scream",3,2,"a loud, piercing cry expressing intense emotion su"
cf1a5775-260f-4252-a1da-69ca55ffeed7,"scree",3,2,"a mass of loose rock debris that accumulates on st"
85aab2f7-f42a-48d7-96ac-293349297ce8,"screeno",3,2,"a form of bingo played in movie theaters during th"
3c72a6fe-7f0f-4847-b49b-9ae7e0d2283e,"scrimshaw",2,3,"the art of decorating whale bone, whale teeth, wal"
7dce59c1-fd74-4cc8-a12a-8df62ea09099,"scripture",4,3,"sacred writings or texts that are regarded as divi"
39759ca5-a4e6-4521-b48d-4392ebb58271,"scrivener",4,3,"a professional copyist or clerk who writes documen"
6086f5c9-bcae-4c9e-8dd5-d65c9ab74b40,"scrofula",3,4,"a historical medical term for tuberculosis affecti"
e4d53c6f-88fd-4280-8a35-08b34981cdd5,"scroll",3,2,"a roll of parchment, paper, or other material used"
eb6c0f35-5563-4720-b8c7-3a7944895acb,"scrolls",3,2,"plural of scroll, referring to multiple rolls of p"
a960c7f8-3be5-4723-9bf1-129a95688610,"scrooge",3,2,"a person who is extremely stingy with money; a mis"
c5b8b075-7045-4c16-bd91-1695e772c756,"scrounge",2,3,"to search for and gather items, food, or resources"
bf3bc8af-d809-4a50-bf0f-610ceca079f1,"scrumptiously",2,3,"in a manner that is extremely delicious, appetizin"
85507e34-3656-414b-83d2-e6e47a7f0b4a,"scruple",3,4,"a moral or ethical principle that restrains action"
5040e732-a292-40ce-a1a2-b9360da20349,"sculpting",3,4,"the art and process of creating three-dimensional "
e4635de7-5ba3-4c71-ae1d-8f74f876f829,"scumble",3,2,"a painting technique involving the application of "
07e4c094-bdea-417b-acb5-ec8c5946fba3,"scythe",3,2,"a long-handled agricultural tool with a curved, sh"
cc491bc0-5f00-4ae8-b3b3-b86a168173f1,"sea",null,1,"a large body of salty water that covers much of th"
de466e70-5336-4885-b5ec-fda88da7d8aa,"seafood",3,2,"edible marine life including fish, shellfish, crus"
94a094e7-85c5-44cf-bb0c-5b5b8af66999,"seal",3,1,"a marine mammal with flippers, typically having a "
b1845d47-35a6-4d8c-951c-d73741531c7c,"search",4,1,"the act of looking carefully and systematically fo"
550f99c7-bba3-4655-bc60-3a450e46741c,"season",3,2,"one of the four divisions of the year (spring, sum"
98f87439-00e5-47e9-90c1-a51dc44b6854,"seats",3,2,"plural of seat, referring to multiple places desig"
ed643397-0f13-4e58-a520-d3d39158b967,"sebaceous",3,4,"relating to or producing sebum, the oily substance"
33f7b3ed-7526-4bf6-9635-3032e27859e7,"secession",4,3,"the formal withdrawal of a group from a larger pol"
79d22652-b935-4a2a-829c-efb5146ba6a3,"seclusion",3,4,"the state of being private and away from other peo"
e08cf586-c959-4e26-8fc5-d7d39ba17515,"second",3,2,"the ordinal number indicating the position after f"
c3397c11-7e1d-48a0-8b16-83f6c54e112c,"secrecy",4,2,"the practice of keeping information, actions, or i"
ce93a5da-4adf-4576-95ff-dc42cf447d39,"secret",4,2,"information, knowledge, or activities that are del"
32eaed29-dc11-4634-bf19-7a5bad7a0378,"secreted",3,4,"past tense of secrete, which has two distinct mean"
f64a9e25-3697-4926-8d28-58a76a20fac9,"sedan",3,2,"a passenger car with a closed body and separate tr"
dc5cea43-a931-418f-a18e-b62da8ee6816,"sedentary",3,4,"characterized by much sitting and little physical "
986ee49d-290b-48a6-98ac-efc90a921620,"seen",3,1,"past participle of the verb "see," indicating that"
a5fe9c78-5381-4c2f-9818-1567ac1865ff,"seer",4,1,"a person believed to have the ability to perceive "
15876f31-f613-49d2-bf7b-9a6f25259fa6,"seethe",3,4,"to be extremely angry or filled with rage, often w"
367c2903-f561-49c9-b7ee-acc97fd4f79d,"segmentate",3,4,"to divide into segments or distinct sections; to s"
d1b134dc-7166-4f3c-bc9e-b2bba378a7eb,"seiche",3,4,"a standing wave oscillation in an enclosed or part"
68c2d8c1-8f1c-4f4e-aca4-48038ec9eeb6,"seine",3,2,"a large fishing net designed to encircle schools o"
8b6210e6-fc34-407a-8623-ab44779b55fb,"seismologist",4,3,"a scientist who specializes in the study of earthq"
a0be09d8-ef59-49c1-998a-1d80831f9dbd,"seize",3,4,"to take hold of suddenly and forcibly; to grab, ca"
fe0c0a23-bedb-445d-9c04-cdcf99812c34,"selah",4,2,"a hebrew word appearing frequently in the psalms a"
c303c19d-a02b-445e-b881-b3251586da97,"seldom",3,5,"rarely; not often; infrequently occurring or happe"
807fee57-1eeb-48db-b4cb-9cbd94bb9fee,"selfie",4,2,"a self-portrait photograph taken with a digital ca"
f5021b18-4454-4f03-bd23-19f8439fdc87,"seller",3,2,"a person or entity that offers goods, services, or"
de5d24de-a3ad-44f6-a79d-3d0c8adc89a0,"sells",4,2,"third-person singular present tense of the verb "s"
35befdbc-fb1f-481d-9d8e-8933a3d8e584,"semester",4,3,"an academic term lasting approximately half of a s"
c26ddc4a-4f3f-4c32-b1b1-edec2be8a7dd,"semicolon",4,3,"a punctuation mark (;) used to separate clauses in"
e470bf86-8dfc-43d0-8941-f829a47ba9bc,"senate",3,2,"the upper house of a bicameral legislature, typica"
009f36b7-98be-45c5-a0b9-dbd4ea59c8be,"senator",3,2,"an elected member of a senate, particularly in leg"
2259b53d-412a-489f-8976-c820372d358b,"senile",3,4,"showing signs of mental decline or confusion typic"
41731ce5-8824-48ed-85ee-4c278a31cc39,"senna",3,2,"a genus of flowering plants in the legume family, "
e1f561e2-c5f1-454d-aa58-09454bcf5c23,"senryu",3,2,"a japanese form of short poetry similar to haiku i"
a6e74c9d-7878-47fe-8ff0-000b1bf0156b,"sensation",3,4,"a physical or mental feeling or perception resulti"
913100ea-6415-4a6e-98ae-3e4d6eb46cb5,"sententious",null,3,"given to moralizing in a pompous manner; terse and"
d868fcf0-fcfe-47d1-b8f2-1dc0b1aa6c5f,"septum",3,4,"a wall or partition that divides a cavity or struc"
cfaf551a-d6e1-4fc1-be28-a740131d25a2,"sepulchral",2,3,"relating to burial, tombs, or the grave; having a "
01bb7795-93da-4cec-b485-35ba818b48bb,"sepulchralsangfroid",3,5,"[combined word error] this appears to be two words"
1036d617-83e1-4485-a150-c31a877773da,"sequel",3,2,"a published, broadcast, or recorded work that cont"
0b81f436-05d3-44a3-a0f4-da809c3b721c,"sequester",3,4,"to isolate, separate, or set apart from others, of"
f2ed894c-7328-490c-aad5-5de2827c1e14,"sequoia",3,2,"a genus of massive coniferous trees native to the "
8b239441-5470-407e-96fa-90b7ba07a94f,"seraya",3,2,"a type of tropical hardwood tree belonging to the "
5a7eb04b-b3bb-4bdf-8e98-1cb51a258985,"serin",3,2,"a small songbird belonging to the finch family (fr"
101b2533-43a8-47c5-b131-eb3a072db26c,"serious",3,2,"characterized by careful consideration, gravity, o"
786b4954-84b1-46e7-8e4f-873a238b6227,"serpentine",2,3,"having a winding, twisting course like that of a s"
1370689b-165e-40a8-a429-3cbb7f21e735,"serrao",3,2,"a portuguese term referring to a mountainous or hi"
d0c774ab-bb3a-4b7d-a745-5f488d7a876b,"serval",3,2,"a medium-sized african wild cat (leptailurus serva"
243211ee-8a62-4357-8f28-9cb0e85d4bf1,"served",3,2,"past tense of serve, meaning to have provided assi"
f8cc95db-8ab8-41ce-802c-5334384718b7,"serves",3,2,"third-person singular present tense of serve, mean"
87e9b2b7-fae7-45a9-ad04-0fc72b452a74,"service",3,4,"the action of helping or providing assistance to o"
726fb064-e31d-4dd5-9ea0-37b01f49298d,"services",4,3,"plural of service, referring to multiple forms of "
78d2e3a3-07f2-41ad-ba5c-5678feb2570e,"sesquipedalian",3,4,"characterized by the use of long words; having man"
570e9b48-8330-453c-94ce-dd287dc9f974,"sessile",3,2,"in biology, describing organisms that are permanen"
7264c6d9-1685-4a3a-b8e1-94cda01177ee,"set",null,1,"a group of things that belong together or are used"
748b5897-d056-42b7-831f-44b7942ec9ec,"seton",3,4,"a medical device consisting of a thread, wire, or "
3acc2d8a-0448-48af-a646-2a27b0546dd2,"setondemerits",3,4,"[combined word error] this appears to be multiple "
f9e6d2fc-8d6d-4249-a4cd-5385a78f8a2d,"sets",3,1,"plural of set, referring to multiple groups, colle"
82a8e982-7c0c-4737-91aa-d7cbb7251095,"settee",3,2,"a piece of furniture designed for seating two or m"
31916f76-991f-44bc-831d-a27c19de8055,"settle",3,2,"to establish residence in a new place; to resolve "
1ae8b7da-7120-47eb-b876-877c96b04e2d,"seul",4,1,"a french word meaning "alone" or "only," used in e"
c27a7939-fdff-4073-a2f2-0ebf91d836da,"seven",3,2,"the cardinal number following six and preceding ei"
ea13c1a4-4089-4701-b27c-e3a8aa8ee4d9,"seventh",3,4,"the ordinal number corresponding to the position o"
fa4e8e54-63e3-455f-b212-ae4a3f32ef4b,"several",3,2,"more than two but not many; an indefinite number t"
1751d188-cb84-42da-8918-98678fb812ea,"sewage",3,4,"wastewater and excrement conveyed through sewers f"
497e55aa-b0b1-4d81-afec-ef083ff651c8,"sewing",4,2,"the craft or activity of joining fabrics or other "
c7619e4b-c474-4201-9248-31d928c144b9,"sfax",3,1,"a major port city in tunisia, located on the medit"
3c5274c3-1d87-42d6-b1ab-447fec761adc,"shade",3,2,"comparative darkness and coolness caused by shelte"
c000d343-7a04-4448-9cb3-3b4f74a50dd9,"shadow",3,2,"a dark area or shape produced by an object blockin"
570aa798-3050-4b92-bfe2-ca11ee82f1dc,"shaggy",3,2,"having long, thick, unkempt hair or fur; covered w"
b4f3a70f-f971-4ebf-98a4-c14dd6b05e39,"shah",3,1,"a persian title for a king or emperor, historicall"
1d58e3ab-0635-42f2-a014-7c35a35b89fb,"shakar",3,2,"a term for sugar in various south asian languages "
9ce24353-dea4-4f74-899c-bef8d4a2c190,"shake",3,2,"to move quickly back and forth or up and down with"
f21a0767-e13a-41f9-affc-e7fa0e38cb76,"shall",3,2,"a modal auxiliary verb expressing future tense, in"
ac65ed39-2044-4540-834f-d0cdf9445343,"shallow",3,2,"having little depth from top to bottom; not extend"
26abc15a-bb5e-42c9-8966-56823c2bc952,"shaman",3,2,"a religious or spiritual leader in certain culture"
61588b1f-dbee-4bc3-8eb6-011239ba7283,"shanter",3,2,"a soft, round, brimless scottish cap, typically ma"
a6992867-330f-4a93-b315-951181e98b01,"shape",2,4,"the external form, contour, or appearance of somet"
0eb2fed3-8834-463c-86a7-ec2a8e4b3cc7,"shaped",3,2,"past tense of shape, meaning to have given form, c"
b90fef68-a801-4536-8d66-9ec5f73bb8f7,"shar",3,1,"a term that may refer to the shar pei, a distincti"
02141779-6f72-4ec1-9241-130850406e6a,"shar-pei",null,3,"a breed of dog with a distinctive wrinkled skin an"
c33b14d8-cf9d-48b9-a496-d8580e3f6fdb,"share",3,2,"to give a portion of something to others or to use"
dcfe02a3-82b6-4800-984c-8ee78ddea65e,"shares",3,2,"shares refer to units of ownership in a corporatio"
7cd811bc-f736-45cb-b408-bad8475bc372,"shawl",3,2,"a shawl is a rectangular or triangular piece of fa"
4af0e59f-ccaf-45df-a782-b0f1de3efdd9,"shawwal",3,2,"shawwal is the tenth month of the islamic lunar ca"
ff8f2df9-2ea6-43d0-bc21-c4e95d623da1,"shazam",3,2,"shazam is an exclamation expressing sudden transfo"
71056e92-9da7-48db-8b34-13387c4bbf60,"sheaves",3,4,"sheaves are bundles of grain stalks, such as wheat"
04320c26-b1ab-49e2-8bd0-b4d34d98f06a,"shebang",3,4,"shebang refers to an entire situation, affair, or "
9c8a1777-40f0-4792-8b7e-a0c3acf24267,"shedding",2,3,"shedding refers to the natural process of discardi"
7f01e460-af82-48d3-b74c-8bcf9d7ac6f5,"sheen",3,2,"sheen refers to a soft, lustrous shine or glossy a"
ea92df41-031d-4824-a86e-a22ab15a1f4a,"sheesh",3,2,"sheesh is an informal exclamation used to express "
1896fe52-bc78-4099-a777-672298e77aa0,"shelf",3,2,"a shelf is a flat, horizontal surface attached to "
d6616e06-063f-40e3-a4ac-610d0f09c169,"shell",3,2,"a shell is a hard, protective outer covering found"
34976165-fd75-407d-8a54-c380fbb622f2,"shelter",3,2,"shelter refers to a structure or covering that pro"
a606147e-1633-445b-b96d-69f5aa697e83,"sherifftarry",null,3,"a county law enforcement officer who is the chief "
8235d8c7-9af1-4bda-96a2-6ee6e26a2c99,"shiba",3,2,"shiba refers to the shiba inu, a compact, agile sp"
8988b31c-c83f-4a81-b47a-1fcea2b28fd0,"shield",3,4,"a shield is a protective device held or worn to de"
42388ea2-5da2-4c35-9273-b319a1be5bc0,"shindig",3,2,"a shindig is an elaborate party, celebration, or s"
7f0e3d91-86fa-4ffe-bc66-423928a6d012,"shingle",4,2,"a shingle is a rectangular piece of building mater"
c9e01ed9-6dac-42b5-8c7b-d54e670b581a,"ships",3,2,"ships are large watercraft designed for navigation"
1c3dd734-1c7e-4f7c-b8b7-476177779464,"shirk",3,2,"shirk means to avoid or neglect responsibility, du"
2dcaa2f8-8500-46fb-bd13-8951772273ac,"shirt",3,2,"a shirt is a garment worn on the upper body, typic"
81ab8ddc-8229-4042-81c8-e9b2a4b77136,"shoe",3,1,"a shoe is a protective covering for the human foot"
9c209bb6-6f36-4184-869d-643c9bba86c6,"shoji",4,2,"shoji are traditional japanese sliding door panels"
096729b7-9f85-43d1-a9d2-25b19f977e57,"shoo",3,1,"shoo is an exclamation used to drive away or dismi"
53df6a05-9530-4f04-ab93-47e8e090223c,"shoot",3,2,"shoot has multiple meanings: to discharge a projec"
b1ee3363-d733-4276-8a95-9e8d165e2a89,"shop",3,1,"a shop is a retail establishment where goods or se"
2760137f-319f-4811-b82b-6a67b7bc6460,"shops",3,2,"shops are retail establishments where merchants se"
67e9407a-7bbc-4cb7-b0a1-12fb48a8dcd6,"shore",3,2,"shore refers to the land along the edge of a large"
3b3b623b-bc45-4850-bfc3-6470c1e3e12f,"short-winged",null,3,"having wings that are shorter than usual in propor"
df1c5a72-313b-425a-a525-14c3f1c6b9b1,"shout",3,2,"shout means to speak or call out loudly, typically"
5d0c1740-f3fd-4233-a1f7-7b46a6c72c1b,"show",null,1,"a public performance, display, or exhibition of so"
cc917c85-c68d-48ca-ba3e-471da94634ab,"shrapnel",2,3,"shrapnel refers to fragments of metal, glass, or o"
1b6b44df-bfc3-4a6c-bc41-70b1309e0523,"shrike",3,4,"a shrike is a carnivorous songbird belonging to th"
ad373832-dffe-4d90-bad1-25f0c6239490,"shrimp",3,2,"shrimp are small, swimming crustaceans found in bo"
88db87f2-5431-45bf-a134-9660c281e0c2,"shrine",3,2,"a shrine is a sacred or holy place dedicated to a "
8f3270f7-32d5-4bc6-ab90-4a69e48b949f,"shrivellimbering",null,5,"the act of making something shrivel or become wrin"
43f8b428-4336-4be4-8670-6abdaaca2707,"shuffle",3,2,"shuffle means to walk without lifting the feet com"
48568c93-f3fc-4e5b-b462-a13a85f792f0,"shui",4,1,"shui, most commonly encountered in the term "feng "
0690042a-2ef3-456a-8cc2-9ddf5ee2fe03,"shute",3,2,"shute is an alternative spelling of "chute," refer"
2645be48-9925-412c-90b4-087d86197060,"shutterscorner",null,3,"the corner of a shutter, typically where the shutt"
bcd33eef-6537-4ee9-b292-6667c7ec80d6,"sibilant",4,3,"sibilant describes speech sounds characterized by "
179036c4-1a1d-4145-99f4-bbac7f651ad9,"sidekick",4,3,"a sidekick is a close companion or assistant who l"
4210e9e4-87c1-432c-b69c-a7b1a473121d,"sideways",2,3,"sideways means oriented, moving, or facing toward "
71299491-fa37-481f-bedc-bc6a7e145d51,"sifting",3,2,"sifting is the process of separating materials of "
6ba02179-6364-4c32-8cf1-f4f4070fdcd7,"sighed",3,2,"sighed is the past tense of "sigh," meaning to emi"
441b8d83-85a2-4bb5-90e3-999909785fe7,"sights",3,2,"sights refers to things that are seen or worth see"
d8a74add-521b-41fd-9d93-edfc16e02be8,"sign",3,1,"a sign is a visual display that conveys informatio"
df675c04-8297-4c17-8c8c-d65809846872,"signal",3,4,"a signal is a gesture, sound, light, or other indi"
66081e91-abf6-4782-9a7c-7d6ce452011f,"silent",3,2,"silent describes the state of being quiet, making "
0e061680-d5df-4e38-a770-cff2b48be7de,"silicon",3,4,"silicon is a chemical element with the symbol si a"
cfbc050e-1b57-43f8-9f24-ba9d4b41c544,"silique",3,2,"a silique is an elongated seed pod characteristic "
67ff1d0d-19ca-4a2e-a426-cd2382e5e24a,"silk",3,1,"silk is a natural protein fiber produced by certai"
bd04de9f-74e6-4f7c-8050-dd656e91b56d,"silly",4,2,"silly describes behavior, ideas, or situations tha"
8af7ab46-836c-4203-b792-594aaff00fcc,"silver",3,4,"silver is a precious metal with the chemical symbo"
e1437140-97c4-4f3b-a52d-588a306e3b6d,"similar",3,2,"similar means having qualities, characteristics, o"
55b43f35-3838-4b71-ac7f-cdb9e342b4af,"simmer",3,2,"simmer is a cooking technique involving heating li"
afc0cad3-42db-45e4-b606-3d8bc370cb70,"simpatico",4,3,"simpatico describes a relationship or interaction "
0cf0076c-fe82-4c61-b774-43497b4bbb71,"simple",3,4,"simple describes something that is easy to underst"
372b9680-1ac7-4ea9-a81a-73a6ded51b56,"simulacrum",4,3,"a simulacrum is a representation, image, or simula"
ce7258f4-ccf0-4e62-9695-36735e85a53d,"simultaneity",4,3,"simultaneity refers to the occurrence of two or mo"
b1072bc1-d36a-4737-8279-c2e384a75058,"simultaneously",2,3,"simultaneously means occurring, existing, or opera"
6bd44586-defd-46b2-b6b3-e1f4d6ab5053,"sinai",3,2,"sinai refers to the triangular peninsula in northe"
c8c03710-4821-40c8-a5b2-cf623be0bd58,"since",3,2,"since functions as both a preposition and conjunct"
b3bc2222-70b9-4419-bcfa-5df8333901a3,"singing",3,2,"singing is the act of producing musical sounds wit"
d26ed635-e304-450c-b2ea-c2d02b268c4d,"single",3,2,"single describes something that is one only, indiv"
facd3a07-86a0-4c18-965f-5b4e1992dd38,"singultus",3,4,"singultus is the medical term for hiccups, describ"
43086637-3d75-4dff-96c9-0912f555cf30,"sink",3,1,"sink has multiple related meanings: as a noun, it "
840f4c97-17d7-49cf-9cac-f42014476c90,"sinophile",4,3,"a sinophile is a person who has a strong interest "
ac50be09-c0f3-4017-bcd1-897d629c0dfc,"sinus",3,4,"a sinus is a hollow cavity or space within a struc"
b5aaee03-2651-42b3-9437-bb8f2ba33ef3,"siotetro",null,3,"a made-up word that does not appear to have a clea"
98dedf41-c664-420c-a0d9-4b64b2e40f6c,"sioux",3,2,"sioux refers to a group of native american tribes,"
18a15ffa-d29e-412b-920a-20915e871098,"sips",3,1,"sips refers to small quantities of liquid taken in"
2103ee2d-97a7-4242-9edf-13812ebff037,"sir",null,1,"a respectful term used to address a man"
24cb20f7-5dba-433f-b2cc-8a9fd0f25d9e,"sirius",3,2,"sirius is the brightest star in the night sky as v"
10a077b3-6bc8-4e68-8395-54a87ac72d08,"sirjana",4,2,"sirjana is a name of sanskrit origin meaning "crea"
4501ec31-1572-409b-8aeb-3a091f3f3320,"sirloindeodorant",3,5,"[combined word error] this appears to be two compl"
dff187ef-9a98-4e5c-a848-574ceee208b1,"sister",3,2,"sister refers to a female sibling who shares at le"
3e825461-fc9a-41a8-8029-6da35b325a34,"sit",null,1,"to be in a position with one's body supported by a"
1c533fea-22d8-4eb8-a3c3-5f9366328abb,"sitcom",3,2,"sitcom is a shortened form of "situational comedy,"
9368fee8-5dde-48dd-a8c5-acebf62bcf5d,"sixth",3,4,"sixth is the ordinal number corresponding to the n"
d61dc1bc-4d85-4219-abf0-965967af4702,"sized",3,2,"sized is the past tense of the verb "size," meanin"
c48a8107-bbf9-46ed-8a34-a4de7ebab83c,"skeptical",3,4,"skeptical describes an attitude of doubt, question"
a97e6fdb-ac20-4df8-bdf6-af95ef959ec4,"skerrick",2,3,"skerrick is an australian and new zealand slang te"
d5bfa9e7-812f-4781-8c1c-fca25e38724c,"sketch",3,2,"sketch refers to a rough, preliminary drawing or o"
f842f64d-e775-4630-a382-e3de48b08b9e,"skeuomorph",3,5,"a skeuomorph is a design element that retains the "
8688e69a-bdf7-4d74-bce1-9f461df38976,"skidded",3,2,"skidded is the past tense of "skid," meaning to sl"
1f4a5753-6fbf-44b0-8976-7db38cc62b34,"skiff",3,2,"a skiff is a small, shallow-draft boat designed fo"
7b363b8f-ef36-4edf-bec3-5b6337ffb930,"skiing",3,2,"skiing is a recreational and competitive sport inv"
030f49cc-dde3-46ba-acfc-ec1285a40bd1,"skimmed",3,2,"skimmed is the past tense of "skim," with multiple"
1c9e2348-9f18-4bfd-9923-16c0b2016c1f,"skin",3,1,"skin is the outer protective covering of humans an"
638d94cd-c2cc-43b0-9d97-ba0c236546ec,"skip",2,1,"skip has several related meanings: to move with li"
6f08cbf9-565f-4a46-86a6-238d07334a8c,"skipped",3,2,"skipped is the past tense of "skip," indicating th"
d52975c1-4abf-4762-9e2b-61027e47f051,"slab",3,1,"a slab is a thick, flat piece of solid material, t"
eab88b8a-5c53-4557-9f54-b2be478a38d2,"slabs",3,2,"slabs is the plural form of "slab," referring to m"
35b86d72-65f0-4d2c-86bd-40dd60ccaeda,"slalom",3,4,"slalom is a skiing discipline involving navigating"
8ad4cb08-f7af-477a-a5b1-af63c223dc41,"slang",3,2,"slang refers to informal language consisting of wo"
382e5d5a-a542-4b68-aa39-12d1089fdc5b,"slate",3,2,"slate is a fine-grained metamorphic rock formed fr"
2e35ed58-5244-4e00-8c0e-97a851765a02,"slather",3,2,"slather means to spread or apply something thickly"
155a1364-cc74-43d3-a1de-8b5a685050eb,"sleek",3,2,"sleek describes something that is smooth, glossy, "
4cd61cd8-cb89-4052-bf12-2186bf8e6529,"sleepy",3,4,"sleepy describes the state of feeling drowsy, tire"
4719314b-5123-4ff7-91d0-484c7ffc5fda,"sliced",3,2,"sliced is the past tense of "slice," meaning to ha"
409d7e91-d862-4119-a3c7-9e4a5c7054d3,"slide",3,2,"slide can function as both a verb meaning to move "
432297ce-91fc-4c98-9d92-8ead455f6677,"slimy",3,2,"slimy describes something covered with or having t"
87dde1f4-8604-41eb-a548-2918699eeaa5,"slipshod",4,3,"slipshod describes work, behavior, or appearance t"
35738807-ffbd-448f-91d6-9a8ea59cc8da,"slither",3,2,"slither means to move smoothly and sinuously, like"
efd70633-2611-4b4c-98bb-5f685a864203,"slogan",3,2,"a slogan is a memorable phrase, motto, or tagline "
31107fdc-b1ed-44b5-be5d-a1d3a21b7e00,"sloop",3,2,"a sloop is a single-masted sailing vessel with a f"
596bb367-3a5e-4325-863c-afd6e8d6fe8a,"slouch",3,2,"slouch refers to a drooping, careless posture wher"
23f85621-b065-4d87-a1a3-805fdef2b34a,"slow",4,1,"slow describes movement, progress, or action that "
c3a50fe5-a3eb-4775-8f01-759080daebb6,"slumped",3,2,"slumped is the past tense of "slump," meaning to h"
4e3a4a03-6153-420a-a6bd-7712c04547d0,"slurry",3,2,"slurry is a semi-liquid mixture consisting of fine"
4905c845-2c94-497d-8767-2f89cd5cf897,"slush",3,2,"slush refers to partially melted snow or ice that "
67a00500-5c92-42d8-ae60-2d6b16584bae,"small",3,1,"small describes something that is limited in size,"
e7f4e35e-2535-4a5d-aae4-5f4fe34475f7,"smaller",3,2,"smaller is the comparative form of "small," indica"
4e9e6c88-68ae-43d0-9f2a-449c9fa0ddeb,"smart",3,2,"smart describes intelligence, cleverness, or the a"
da7e1e2d-40ea-4e49-885a-356927b0713b,"smell",3,4,"smell functions as both a noun referring to the se"
602e79f7-6e9e-4cad-8f0c-63fc8832a64e,"smellfungus",3,4,"[combined word error] this appears to be two words"
3d12a61e-4b41-4071-bee2-15504aa76af8,"smelters",3,4,"smelters are industrial facilities where metals ar"
20672f57-7014-4b53-9a38-c8ccf6fb95ed,"smiled",3,2,"smiled is the past tense of "smile," meaning to ha"
d187f79f-8b32-417c-a4c0-334e7a4d83be,"smirk",3,2,"smirk is a facial expression characterized by a co"
091e0baf-d234-45af-9703-c63d2417ff5b,"smite",3,5,"smite is an archaic or literary verb meaning to st"
10d365a1-4917-4161-8722-ffd1d95551c0,"smithereens",2,3,"smithereens refers to small fragments or pieces th"
7a681f2c-7679-4672-b025-9bd0bcf1dc96,"smithereenscurator",3,5,"[combined word error] this appears to be two words"
3bd33315-6637-47fd-95ea-13e6b199137a,"smock",3,4,"a smock is a loose-fitting protective garment worn"
ea177093-8298-441d-bf7c-2fa5d081ea63,"smoldering",3,4,"smoldering describes the process of burning slowly"
4d6adc16-8808-4aa7-afe4-33a35ce18c86,"smooshed",2,3,"smooshed is the past tense of "smoosh," an informa"
d4ebe6e5-5fdc-4c70-83df-9c3054e0d158,"smooth",3,2,"smooth describes a surface or texture that is even"
7ae3f88e-c963-4af2-b3dd-150fe22187e2,"smouldering",2,4,"smouldering is the british spelling of "smoldering"
1d2e5565-ee72-46e5-956e-0feb4c2fa85a,"smriti",4,2,"smriti is a sanskrit term meaning "that which is r"
1c53dbe3-e19d-43c0-ac4b-ba1f709176fa,"smrti",3,2,"smrti is an alternative transliteration of "smriti"
773b2340-c8bb-48bb-820f-ce3257019e67,"smudge",4,2,"smudge refers to a dirty mark, stain, or blurred a"
6474f1b7-6884-45ab-a6b1-5dddebe4f3fd,"smug",3,1,"smug describes an attitude of excessive self-satis"
05a97da5-8174-4eef-9228-efe34226c9b7,"snail",3,2,"snail refers to a gastropod mollusk characterized "
0b8d8d00-82b1-4c3d-8a95-f90bd01f61ab,"snake",3,2,"snake refers to a legless reptile with an elongate"
3a65fa0e-1977-429c-aefe-1d6f60b6acf0,"snap",3,1,"snap has multiple related meanings: to break sudde"
ee118284-df92-4775-b8c1-f7b70db06385,"snarl",3,2,"snarl describes both an aggressive vocal sound mad"
1ab880dd-fcfb-48c5-af93-1cbbe9fb9e49,"snazzy",3,2,"snazzy is an informal adjective describing somethi"
e9cdfd5d-7bef-46e4-901a-0cef5fd755b7,"sneer",3,2,"sneer refers to a contemptuous or mocking facial e"
6d43bdcc-ffbe-4f5c-9250-384361f90ae4,"snell",3,2,"snell is a scottish and northern english dialect w"
e3d8164b-e5ef-46ed-ac6a-32f8d3e1bb63,"sniffle",3,2,"sniffle refers to the act of breathing in audibly "
1c0ddb2d-ae01-4f5d-9123-14cf84ffa5bc,"snippet",3,2,"snippet refers to a small piece, fragment, or brie"
d6318fd7-584a-4aac-85fd-bfc9a1a61665,"snitch",3,2,"snitch functions as both a verb meaning to inform "
ce4dc28c-697a-4907-810b-06b17b13bc89,"snivel",3,2,"snivel means to cry or complain in a whining, self"
f598958d-0eba-44e1-ba01-b87a04b31fc1,"snooty",4,2,"snooty describes someone who behaves in a superior"
2f17f64f-4901-4920-9433-cd0e2ff23df2,"snore",3,4,"snore refers to the loud breathing sound that occu"
1ee3242e-aea0-4eff-baa7-2478c41a169c,"snout",3,2,"snout refers to the projecting nose and mouth area"
54b90394-258f-4e65-9195-d7838d5ed9e3,"soap",3,1,"soap is a cleansing agent made from fats or oils c"
4eb537ba-f19f-4523-9cf4-e9356bc2dd5e,"sobersides",3,5,"sobersides is a noun referring to a person who is "
e4e4def4-8683-47d8-8ba6-b47ab28dec36,"social",4,2,"social refers to anything relating to society, hum"
b7a9bd51-c940-4b7f-b6ac-cdbbbecbea01,"sockets",3,2,"sockets are receptacles, openings, or hollow space"
96b52490-cd41-446d-b203-c8835e97198c,"sodden",3,2,"sodden describes something that is thoroughly soak"
1af0d85e-1ac8-48c4-ad8e-983dbff0ece7,"sodium",2,4,"sodium is a highly reactive chemical element with "
635ef773-8ff4-4f4f-9794-734c5c8e0abc,"sofa",3,1,"a sofa is a long, upholstered seat designed to acc"
05a84b84-ee86-4e4a-9cdf-23c53aec355b,"soft",3,1,"soft describes a texture, surface, or material tha"
806418ed-15a6-4fd4-a2c5-61e4c69b12a3,"softly",3,2,"softly is an adverb describing actions performed i"
ede7ae3f-1dc8-42d5-984c-0af9f07a840e,"sohum",3,2,"sohum is a sanskrit mantra meaning "i am that" or "
bbff84d7-0a76-4834-927f-680a5840534e,"soiree",4,2,"soiree is an alternative spelling of "soirée," ref"
935eac5e-bceb-4651-83ce-50241f26c689,"soirée",4,2,"soirée is a french word referring to an elegant ev"
5ec48369-8ff8-427d-8354-7ea8481b2688,"solace",3,2,"solace refers to comfort, consolation, or relief f"
a8a2d00f-b6d6-4b55-ab02-77ce8e968e6a,"solar",3,2,"solar refers to anything relating to the sun, our "
b4622adf-b284-4f10-a8e2-179a75886c1d,"solder",3,2,"solder is a fusible metal alloy used to join toget"
1abb0608-4051-413a-9b73-3a868504a1d5,"solderinterim",null,3,"a temporary or interim solution, especially for a "
9cdc31b2-75a4-4c28-91a8-bcde68818262,"soldier",3,4,"a soldier is a person who serves in an army or mil"
8a55f3c6-3d89-43e8-9104-34eaddcb1c47,"sole",3,1,"sole has multiple related meanings: as an adjectiv"
65f87d61-d407-421d-bdb2-114dd188b00a,"solecism",4,3,"solecism refers to a grammatical error or violatio"
52ad2ffe-8519-4016-9e06-dcfaf125c9c4,"soleil",4,2,"soleil is the french word for "sun," commonly enco"
26026ff8-f145-45b1-9986-adaf5209426f,"solicit",4,2,"solicit means to ask for, request, or seek somethi"
4631711d-a3c0-4be8-baa1-df0b2d91c3e2,"solicitsolidity",2,3,"[combined word error] this appears to be two words"
47138820-4f15-455c-a45d-797a021ae926,"solitairedishevel",null,5,"the state of being alone and disorganized or dishe"
0bbe5d2e-f27b-419f-9fb8-0968058bc4cf,"solitudeoptician",3,5,"[combined word error] this appears to be two words"
06f90762-e735-42c6-9b79-763f7d07228c,"solomon",3,2,"solomon refers to the legendary king of ancient is"
3caee83a-fdaa-40d7-b319-49491df2b0ae,"solon",3,2,"solon refers to a wise lawgiver or a member of a l"
67110a04-153e-400e-97af-dbbd62da8c87,"solution",3,4,"solution has multiple related meanings: a method o"
b9533d67-e229-4d4c-8079-79cc5502aea2,"solvency",4,3,"solvency refers to the financial condition where a"
0a983b38-4a9c-47f5-bfbd-c0d211fc4813,"somber",3,2,"somber describes a mood, atmosphere, or appearance"
d3b0e112-4a70-46e9-8bc3-c8e86fe9b8d0,"sombre",3,2,"sombre is the british/commonwealth spelling of "so"
1bf4a528-cd1f-4735-95d8-cee211dbc57b,"someone",3,2,"someone is a pronoun referring to an unspecified p"
5f0fac76-afbb-405b-816f-c1f80159225c,"something",2,3,"something is a pronoun referring to an unspecified"
0428cf58-3008-403d-a28f-686153301059,"sommelier",4,3,"a sommelier is a trained wine professional who spe"
a551400d-4e82-4450-9824-ae285c759b70,"somniloquy",3,4,"somniloquy is the formal medical term for sleep ta"
c6ed39f3-d57b-4070-8dee-8763bb89004b,"son",null,1,"a male child in relation to his parents"
3d9c4756-6cec-4977-894e-da180f43b35e,"soon",3,1,"soon is an adverb indicating that something will h"
bb568e84-70b3-4a4c-aa66-d3d67a61e8e5,"soporific",3,4,"soporific describes something that tends to induce"
c89a0972-b25b-4f58-ac7a-643e633fd6bd,"soprano",3,2,"soprano refers to the highest female voice type in"
cc376705-1fb4-4637-a484-32fc71b3bc89,"sorbet",3,2,"sorbet is a frozen dessert made primarily from wat"
2d6ecfd7-eb4b-436a-b07c-c7e82b622c3e,"sorghum",3,2,"sorghum is a versatile cereal grain crop belonging"
0b2a378b-a8d5-4873-ae51-48cc92e01bb2,"sororal",4,2,"sororal means relating to or characteristic of sis"
0bde72cb-4bcc-4fc7-b234-0cf6dee9c0fc,"sororalepideictic",4,5,"[combined word error] this appears to be two words"
5831b4eb-c03b-4e1b-858c-8b4a28ce97b9,"sorrel",3,2,"sorrel refers to several plants in the genus rumex"
3063d895-3894-40d9-824f-675f459a3243,"sorry",4,2,"sorry is an expression of regret, apology, or symp"
a339212b-6019-4983-83d3-6bfe8b82071c,"sotto",4,2,"sotto is an italian musical term meaning "under" o"
b45f74f4-a268-40af-af15-9d7aa93ae47c,"sound",3,2,"sound functions as both a noun referring to vibrat"
c4e81e18-a2ee-484f-98bd-d6e4596019bd,"soundboard",2,3,"a soundboard is a thin, resonant wooden surface on"
db483619-7b7a-4294-a08b-bf2861f73d90,"sounds",3,2,"sounds functions as both the plural noun form of ""
88a97ea8-1ea5-4d48-92ed-f14d9b82f045,"soup",3,1,"soup is a liquid dish typically made by combining "
5caa9026-a375-458d-acd1-46a737c7e7cb,"soupçon",4,2,"soupçon is a french culinary term meaning a very s"
07d67bb9-0e2b-4ab6-adb7-ad9ffdb243cf,"source",4,2,"source refers to the origin, starting point, or pr"
9319660d-7d61-4590-b623-df91e38a601e,"sourcrout",2,3,"sourcrout appears to be a misspelling of "sauerkra"
1f52867f-98b5-4603-a408-ba938279af2c,"souris",3,2,"souris is french for "mouse," referring to the sma"
e9284394-530b-4f8f-8c5f-2d8d4e7c36e0,"sourisadjective",2,3,"[combined word error] this appears to be two words"
c638fd06-f251-4a7f-9709-638a430f0f60,"sourkrout",2,3,"sourkrout appears to be another misspelling of "sa"
b090c46f-e5a3-4ac3-baea-c2589327821d,"sourly",3,2,"sourly is an adverb describing the manner of doing"
22222032-beed-4883-967a-0ae58348a983,"sous",4,1,"sous is a french preposition meaning "under" or "b"
5f8f886f-97b3-4d45-a3cc-2811dd778cb7,"south",4,2,"south is one of the four cardinal directions, oppo"
390333fc-ffdf-43e8-9e22-6575e6b99ba4,"southwest",2,3,"southwest refers to the direction that is halfway "
ddcf25b8-b8b6-43cf-b7ae-1e95b00d9de8,"spaces",3,2,"spaces is the plural form of "space," referring to"
40753052-9e87-4ae4-9a64-ea885cbe745e,"spacious",2,3,"spacious describes areas, rooms, or environments t"
03541ec9-de25-40f9-85c4-686f7c952920,"spading",3,2,"spading refers to the act of digging, turning, or "
dd3a280e-a6fc-40f4-bf98-93de4f450962,"span",3,1,"span functions as both a noun meaning the extent, "
43cd1f9c-425f-4ad9-9855-8dada1a50a22,"spandau",3,2,"spandau most commonly refers to a district in berl"
33ffedab-bae1-4e04-9b9a-9471d3091a2d,"spaniel",3,2,"a breed of gun dog characterized by a long, silky "
f012efa0-204f-4998-9e23-966c88dafab1,"spanish",3,2,"relating to spain, its people, language, or cultur"
a642f131-7d15-425f-a499-40ae3d686737,"spare",3,2,"additional or extra; held in reserve for use when "
f6631f05-5995-40e9-8a46-9b7f105e5c0e,"spark",3,2,"a small fiery particle thrown off from a fire, ele"
1967dc00-a824-436c-ae2c-f4a7e9061a11,"sparkle",3,2,"to shine brightly with flashes of light; to glitte"
145a3967-c351-4e3c-ac2e-ecf78a4380d6,"sparrow",null,2,"a small brown and gray bird common in many parts o"
a88b315a-ecd5-48a4-a7a7-2a4553520b67,"spasmodic",3,4,"occurring or done in brief, irregular bursts; char"
8637b0c4-b36c-4e9e-a990-8c49a95d631f,"spathe",3,4,"a large bract or modified leaf that encloses or su"
e69d50c2-7923-4e22-afb9-008b17ff8325,"spatula",3,4,"a broad, flat, flexible implement used for mixing,"
83c177b0-de45-46d3-88ea-2bb029eaff61,"spawned",3,2,"past tense of spawn; produced or brought into bein"
bad92524-432f-4db9-8ac0-7254849dee1f,"speak",4,2,"to articulate words and express thoughts, feelings"
f046785a-82d8-427d-9a85-598db7c41cc5,"special",4,2,"better, greater, or otherwise different from what "
b00ef918-7312-499e-ba91-96273100cac3,"species",3,2,"a group of living organisms consisting of similar "
a6122613-fe78-4401-a491-ba8c06f8a5d6,"specifically",3,4,"in a clearly defined or explicit manner; precisely"
8ee6dd8f-e56e-4dc9-ba64-d5b06b1ccb5a,"specificity",3,4,"the quality of being specific, precise, or clearly"
b708e228-6215-4d4d-8546-52b494a3a20e,"speck",3,4,"a tiny spot or mark; a small particle or piece of "
819f464b-2b75-4b8c-9286-1cce4e481b6f,"spectacles",2,4,"eyeglasses; a pair of lenses set in a frame that r"
458c19f3-72b3-4f4f-86af-d9e4827b0c1b,"spectral",3,4,"relating to spectra or the spectrum of electromagn"
10716515-d5ca-40de-9ae8-f7c407bef6bf,"spectrometer",4,5,"a scientific instrument used to measure and analyz"
dfb48864-e4ce-4d6b-93c7-534d0717e209,"spectrum",3,5,"the entire range of electromagnetic radiation from"
c1a7f812-ce2b-4ce5-9736-84915d942787,"speech",4,2,"the expression of thoughts and feelings by articul"
4e0e3eaf-ec43-41e1-a73b-e6bbd4284f8c,"speed",3,2,"the rate of change of position with respect to tim"
2a3009dc-303e-4226-8ccb-de1e089b33ff,"speleothemeuripus",3,5,"[combined word error] this appears to be an incorr"
3065fed8-2d8a-42f5-9d77-594ff0125734,"spell",3,4,"to write or name the letters that form a word in c"
d600011b-ac5b-4324-821c-eb2303d9b41c,"spelled",4,2,"past tense of spell; wrote or named the letters of"
7ae37340-53f7-4317-8294-a807e7d040b0,"spelling",null,3,"the forming of words from letters; the way a word "
760defdc-7c84-4236-a355-176acdc14033,"spellingapostate",3,5,"[combined word error] this should be separated as "
d5e9ff0c-f700-4b3d-b4c1-21a49aae2772,"spellingboondoggle",3,5,"[combined word error] this should be separated as "
a71cf07c-5e8e-4a2a-ae16-3b538031ed19,"spellingcaffeine",3,5,"[combined word error] this should be separated as "
3d5f354b-1653-4e43-8258-b2539a4bb7c8,"spellingcomestibles",3,5,"[combined word error] this should be separated as "
a0cd9054-e803-4a24-b9cd-73385268b17a,"spellingdifficulty",4,5,"[combined word error] this should be separated as "
94e61d7d-8ea0-4c48-8c93-d42383b6e0c9,"spellingequivocate",3,5,"[combined word error] this should be separated as "
60fbf7bc-064b-4f73-99d6-0930dd773542,"spellinghexagonal",3,5,"[combined word error] this should be separated as "
9f2b71b9-1d5c-4755-84e9-3930eee7caf0,"spellinghypochondria",3,5,"[combined word error] this should be separated as "
4a80cba0-1c1d-4281-8f3c-bf2add794c07,"spellingjocularity",3,5,"[combined word error] this should be separated as "
f5279da4-90db-49ca-b4f5-7f6209e19428,"spellingnautilus",3,5,"[combined word error] this should be separated as "
dfcc034f-92e6-4941-9bc7-24d0e10089b6,"spellingsoothsayer",4,5,"[combined word error] this should be separated as "
ead285cf-d57e-458a-abdf-c41761ede55e,"spellingspinosity",3,5,"[combined word error] this should be separated as "
6cf689fa-75d7-4fcf-af35-2958c93cd3b1,"spic",4,1,"an extremely offensive ethnic slur used to demean "
8574655a-7ee8-48dd-ae6d-28bf9bbd905a,"spic-and-span",null,3,"spotlessly clean and neat"
2eb7e65a-d04a-49bf-9899-5d1f23c382b2,"spick",4,2,"an alternate spelling of 'spic,' an extremely offe"
db733b25-54e8-4732-9c2a-f8edc5bf5b92,"spick-and-span",null,3,"alternative spelling of spic-and-span; perfectly c"
73341792-0cef-4337-90e4-e5388aa4c6d0,"spider",3,2,"an eight-legged arachnid that spins webs to catch "
80c9f9a1-5683-4b96-aea0-f5db7d94a9ee,"spill",3,2,"to cause liquid or small objects to flow or fall o"
302d21f0-9188-42e7-8444-db24e6e55a65,"spinal",3,4,"relating to the spine or vertebral column; pertain"
e8692058-250a-47ff-83df-f1549730e2b9,"spindle",3,2,"a rod or pin used for spinning thread or yarn; a s"
ee68d309-0d6a-48e3-b455-b40d508a42aa,"spine",3,2,"the backbone or vertebral column of vertebrate ani"
805eda66-797a-4e7b-bff9-0584d0e3b7a9,"spiral",3,4,"a curve that winds around a center point, moving p"
8140f837-8321-451e-b98a-5790d5096cdb,"splash",3,2,"to scatter liquid in drops or spray; to make a sou"
64f42066-32b7-45a0-a43f-03ebca6617a5,"spleenutensils",3,4,"[combined word error] this appears to be incorrect"
416c363d-ec31-4968-988d-e331d383da69,"splurge",3,2,"to spend money freely or extravagantly, especially"
ff622b65-4dd1-4d44-8282-171ce9482a90,"spoken",3,2,"expressed in speech rather than writing; delivered"
60f16430-3e69-4ab7-b571-f99dd68586b6,"sponsalia",4,3,"a formal betrothal ceremony or engagement ritual i"
f7718cc7-89cf-4e9a-8bd7-c2b2615d4bc4,"spoon",3,2,"a utensil consisting of a shallow bowl on a handle"
4b23cd72-bb56-48ed-a259-8c5585961023,"sporadically",3,4,"occurring at irregular intervals; happening occasi"
02e2e96e-3de9-4538-ae61-8859792fc7af,"sporran",3,2,"a traditional scottish pouch worn hanging from a b"
915aa189-ab77-4030-9f06-3aea77385d10,"sport",3,2,"an activity involving physical exertion and skill,"
c547d098-3b05-4939-ab54-37a48217a43b,"sports",4,2,"plural of sport; multiple athletic activities or t"
fb602b29-f164-455f-a5f0-e2b4730a3e7e,"sportswear",3,4,"clothing designed for sports activities or casual "
7e408a35-328f-4211-bec1-130143f488a3,"spot",3,1,"a small, round mark or stain differing in color or"
98a9014b-966a-4a34-a0d9-180db318f6f6,"sprawl",3,2,"to sit, lie, or fall with arms and legs spread out"
89a933dd-d4e9-4288-b211-3baff39e6bb2,"spread",3,2,"to extend over a wider area; to distribute or appl"
39ad92e5-b3ac-4e19-a6fe-c6158b9e4d42,"spreadsheet",3,4,"a computer program or document that organizes data"
6cb81172-09eb-441c-9a5b-39b0b64450bf,"spree",3,2,"a period of unrestrained activity or indulgence; a"
948aeff4-7ffb-4e92-8320-86eda484e971,"spring",3,2,"the season between winter and summer when plants b"
4ab4454b-96f7-47e7-9f5a-df5d21c4fbd2,"sprint",4,2,"to run at full speed over a short distance; a shor"
0b9d70ca-d4d7-4fc3-808d-442279f73be2,"sprite",3,5,"a mythical creature or fairy, typically depicted a"
bac68225-b921-42d4-a587-e83a09854437,"sprung",null,2,"past participle of spring; having jumped or leaped"
3e9778e1-8a8f-4a82-abbf-b4d8dea21855,"spry",3,1,"active, lively, and nimble, especially despite adv"
ab8febc3-2095-49eb-8991-5b786e43fec8,"spying",3,2,"present participle of spy; the act of secretly wat"
29082a97-0815-42a2-98b8-e2b2e86f64d7,"squalid",3,2,"extremely dirty and unpleasant due to neglect or p"
f10f8a72-5494-45eb-9c70-14f471997058,"squall",3,2,"a sudden violent gust of wind, often accompanied b"
abc536c7-f70f-4943-9487-0cc6e36fedfd,"square",3,4,"a geometric shape with four equal sides and four r"
c090b0e6-6c6d-48cb-b537-5e38215861c1,"squash",3,2,"to crush or squeeze something so as to destroy its"
14561da5-6beb-448d-93fa-34c2eb7b017f,"squawk",3,2,"to make a loud, harsh cry like a bird; to complain"
6ea77369-6ed4-4a71-96ac-1a7277b84f96,"squawl",4,5,"an archaic or dialect variant of 'squall'; to cry "
99c6cdb1-6aaa-43e5-85c8-cd68ecc28d15,"squeak",3,2,"to make a short, high-pitched sound; to barely suc"
763d8ed1-0b65-40d0-bb2b-9422d569367f,"squeal",3,2,"to make a long, high-pitched cry or sound; to info"
1882740a-7e5a-43b0-b38e-e4cc75f24627,"squeamish",3,4,"easily nauseated or made to feel sick; having a we"
88f810f1-70c9-4bf3-8850-3b3a7420a9ea,"squeeze",3,2,"to apply pressure to something from opposite sides"
b4742d20-4497-445c-84a1-cbbaa3ce01a1,"squid",3,4,"a marine cephalopod mollusk with ten arms, two of "
5f08068d-855f-4d32-9329-cc36137f8b55,"squints",3,4,"partially closes eyes to see better; looks with ey"
80550138-a845-40e3-938c-82894b525d10,"squire",3,2,"a young nobleman acting as an attendant to a knigh"
39744f64-fde4-410d-bcb7-6031927695d6,"squirm",3,4,"to twist and writhe, especially from discomfort or"
6019878b-bade-40cb-8f52-91b3704e1487,"sravaka",3,2,"in buddhism, a disciple or follower who learns fro"
71dafb42-710f-411c-a0f1-34e83998329d,"sreethan",4,3,"this appears to be a proper name or possibly a tra"
87d5fdea-f630-481f-9a1c-cc9c4d5ae4d1,"stabilized",3,4,"past tense of stabilize; made stable, steady, or u"
54f9a865-4ef4-41d6-b79b-ffb5a4e4fd60,"staid",3,2,"sedate, respectable, and unadventurous; characteri"
1db1660d-0057-4d22-a666-7339b29ec240,"stairs",3,2,"a series of steps leading from one floor or level "
3c4c62b4-399e-4089-920a-40195ebc33b2,"stalagmite",3,4,"a deposit of calcium carbonate rising from the flo"
f71360c4-caed-4ba3-8137-6f4f9c57eb2a,"stalemate",4,3,"a situation in which neither side in a conflict ca"
627c1f53-54e2-4ae0-9360-58d2da3604ae,"stall",3,2,"a compartment for an animal in a stable; a booth f"
878b692e-334e-4823-b47d-4da2e4cdb4b4,"stalwart",4,3,"loyal, committed, and hardworking; steadfast and u"
0d63335c-8525-45b9-94e6-733488e7e267,"stamina",3,2,"the ability to sustain prolonged physical or menta"
87459f65-0637-4a20-8d9b-8abcdff05844,"stance",4,3,"the way in which someone stands; a person's attitu"
5913793a-e1e7-4737-b28c-24cefb3dc772,"stand",3,2,"to be in an upright position on the feet; to be lo"
24f472fb-060f-4320-8cdb-3274977f3451,"standard",4,3,"a level of quality or attainment; a flag or banner"
4169a5a8-ee22-421e-873d-fdfb0a045b19,"standee",3,2,"a person who stands, especially because no seats a"
b1a9a3e1-5544-4339-9ff2-be555fad45e7,"stands",3,2,"third person singular present of stand; plural of "
f6c3d9c6-cb25-4a18-907b-9aca14636aa9,"stannum",3,4,"the latin name for tin, represented by the chemica"
20659317-ad89-4e9e-ace0-f9eb18721659,"stanzaic",4,3,"relating to or consisting of stanzas; organized in"
60cf9a10-f7b5-44de-994e-78023e5ddf64,"star",3,1,"a luminous celestial body composed of hot gases; a"
735380b9-01cf-4f59-b420-4d11e8ff650f,"stark",3,2,"severe, uncompromising, or harsh in appearance or "
a9c3577c-a459-4e35-b640-1150e9349e8d,"start",4,2,"to begin an action, process, or journey; to cause "
78125367-df07-4dd9-8b52-a304b1ff4e24,"started",3,2,"past tense of start; began an action, process, or "
8b2fde87-b4e6-410b-b8b3-482adbde3d78,"starts",3,2,"third person singular present of start; begins act"
bd634268-14a8-4f28-add9-02f019ec1a54,"starvation",3,4,"the condition of suffering or dying from lack of f"
7c12f8db-fd05-42a0-91a9-cb1599511291,"state",null,2,"a territory or region that is part of a larger cou"
0ca58ed4-8e80-4b36-917a-eac9c41992e6,"states",3,2,"plural of state; political divisions within countr"
cac96e2a-0d52-431f-a318-15f25649040d,"static",3,2,"lacking movement, action, or change; fixed in posi"
4087b2f7-2b7e-4feb-9130-5408b536e02f,"statuesque",4,3,"resembling a statue in dignity, grace, or beauty; "
20be42d7-3f20-4aed-834d-295785798728,"statuesquestatusy",2,5,"[combined word error] this appears to be incorrect"
0647b37c-adf1-4872-a325-19974cad4c55,"statusy",3,2,"informal adjective describing someone or something"
491675b3-fc7d-4a62-a098-43dfc912b7ee,"steady",4,2,"firmly fixed, supported, or balanced; not changing"
fa12a676-6af4-40ab-b6d5-7215e6bcbc3d,"steampunk",4,3,"a subgenre of science fiction featuring steam-powe"
ac739cf6-f8c7-4446-a2b6-434e8ed8d959,"steeds",3,2,"plural of steed; horses, especially those that are"
42bb4a67-2ebc-47bc-8377-c0ea0f3b5d3b,"steel",3,4,"a strong metal alloy composed primarily of iron an"
a52b8a8c-4618-4738-bc6b-0e3a140dab9a,"steeped",4,2,"past tense of steep; soaked or saturated in liquid"
310ee160-ee47-4706-87bf-ee71ae73170a,"steeve",4,2,"to stow cargo in a ship's hold by arranging it com"
88f9a6b2-9a2a-426e-88af-16467338349a,"stegosaur",3,4,"a large herbivorous dinosaur of the late jurassic "
c6756dab-b443-4484-8812-2591fe28f2b7,"stench",3,4,"a strong and very unpleasant smell; an offensive o"
4c58da4b-2e23-4d07-8c0f-f0d6926793c1,"stencil",3,2,"a thin sheet with a cut-out design used to apply p"
6a99368d-f954-430f-ac91-d350c95c9349,"step",3,1,"to lift one foot and put it down in a different pl"
22f8b46f-ac61-4a76-923a-63022596de10,"steppe",3,2,"a large area of flat unforested grassland in south"
94b1a3a4-3e46-4ed5-9a47-dd3e423a9535,"sternum",3,4,"the breastbone; a long flat bone located in the ce"
50767627-cef9-4c0c-9e93-3078d22bf6d5,"sternutation",3,4,"the medical term for sneezing; the reflex action o"
95136413-c3a0-4d89-9a54-e007cdc4d4ec,"steroid",3,2,"a large group of naturally occurring or synthetic "
ec2d0d84-62b7-47f5-8630-6f3c20bf5e31,"stevia",3,2,"a natural sweetener derived from the leaves of the"
d27c4545-7d94-4f65-950d-3df4d15f620b,"stew",3,1,"a dish of meat, vegetables, or other ingredients c"
f092dddc-fedd-4e41-bfbe-1f3c839a0a5b,"steward",3,2,"a person who manages or looks after property, fina"
9e5bee52-84d3-45fe-a19d-634f8178a9cf,"sticky",3,2,"having the property of adhering to surfaces when t"
d9461061-2aba-4212-bc3f-a958177fa652,"stifle",3,2,"to suppress, restrain, or prevent something from h"
cfe19b22-9d2b-4229-9758-fa8e77fb01f8,"stilton",3,2,"a type of strong, blue-veined english cheese, typi"
64d5547b-f683-4a10-9744-097ca05fea67,"stimuli",3,4,"things that provoke a reaction or response, especi"
ae4c32bc-91b4-4b3c-9491-4985e2a6307b,"sting",3,2,"to prick or wound with a sharp-pointed organ or ob"
4d8d8f08-6e42-414b-8602-10264c993848,"sto",null,1,"a place where goods or services are sold."
940b9746-de15-4eb1-a990-a515769414a4,"stoats",3,2,"small carnivorous mammals related to weasels, also"
43817245-a1d3-4bc0-b882-d34c854be6e6,"stockade",2,3,"a defensive barrier made of upright wooden posts o"
4e965fb2-d3a0-4b36-be6b-f8df307dab61,"stomach",3,2,"the organ in the digestive system where food is st"
d4784ae1-70c2-4aa6-a0ea-44498c04963f,"stones",3,2,"hard, solid mineral matter; rocks or pebbles. can "
3b7035c6-97c8-4af1-bb69-6f5b92401363,"stood",3,2,"past tense of "stand"; remained upright on one's f"
84461c9e-f57b-49c0-8762-9719082f342f,"stopped",3,2,"past tense of "stop"; ceased moving or operating; "
f79def26-0177-403d-a666-c644a87591ac,"store",3,2,"a retail establishment selling items to the public"
e4b5438b-23f1-4448-b901-b1e575800097,"storied",3,2,"having an interesting history; celebrated or famou"
63aed9db-2a3d-4f99-8c89-a9ba678e82e7,"stories",3,2,"accounts of events, either true or fictional; narr"
b1d5c901-e1a8-4b69-9885-627abd996ec7,"storm",3,2,"violent weather conditions with strong winds, rain"
c8cde64d-ddc1-4946-b9b3-5e2e6878fe48,"stormmince",2,3,"[combined word error] this appears to be two words"
3a5d56cf-b70a-4e2a-8356-86d85fe9a22b,"story",3,2,"a narrative account of events, whether true or fic"
29ca0dbb-4447-4331-9701-94bc12e2e593,"stove",3,2,"a cooking appliance that provides heat for prepari"
688032af-2dac-4c11-af7b-df6547efbb1c,"straight",2,3,"extending in one direction without curves, bends, "
255d70aa-9183-402a-bc49-3aeda8c638a1,"straightforward",2,3,"easy to understand or simple; honest and open; pro"
1833b033-580a-4c24-b856-cb2e5b5f7f6a,"strait",3,2,"a narrow passage of water connecting two larger bo"
68ee4803-1878-4bb3-bb5f-2ecfcbbb75e5,"strands",3,2,"individual threads, fibers, or thin pieces that ar"
bae71610-860c-40ce-8dde-5f0a5a0c9a7b,"stratocracy",2,3,"a form of government in which the military class h"
64313ae3-ea6c-46b7-a55a-d00d901acbff,"straw",3,2,"dried stalks of grain plants like wheat, barley, o"
6a9f16f5-6a82-4aa6-93d2-e188ba306968,"streak",3,2,"a long, thin mark or band of color different from "
a65de906-91a6-4300-815e-70e119c3e673,"streamers",2,3,"long, narrow strips of material that flow or flutt"
5d468c50-8070-4e82-bb4a-90acd80766c9,"strelitzia",2,3,"a tropical plant native to south africa, also know"
dfb55507-0145-467d-9d25-0b922a57cae0,"strength",2,3,"the quality or state of being physically strong; t"
62a54ebe-502a-489e-9dd8-90c34be8d870,"stretto",3,2,"in music, especially in fugues, a passage where su"
820988d2-64e9-4814-850e-f9e561cc17e4,"stricture",3,4,"a restriction or limitation; a critical remark or "
7a0aa4d6-e3ae-4403-9f3f-3bbde494e024,"strife",3,2,"angry or bitter disagreement; conflict or struggle"
2906431f-d84a-4177-b8de-20863f39411d,"striking",2,3,"attracting attention through unusual or impressive"
9a109750-f0f5-4dca-a41a-742161839494,"strings",3,2,"thin cords or threads; musical instruments with st"
cd1d481d-0c33-485c-a45e-ce6464f72cfe,"strip",3,2,"to remove covering, clothing, or surface material;"
a81aeabd-578c-4b32-ab96-31eaea3902be,"strong",3,2,"having great physical power, force, or intensity; "
c1bf6358-1dcb-4ca4-83f2-41f473c1470b,"structural",3,4,"relating to or affecting the structure of somethin"
64394650-b1bb-4bf5-aa86-968010f57ae9,"strum",3,2,"to play a guitar or similar stringed instrument by"
9a81b4d0-3b04-4abb-b2cc-5a164e84513c,"struthious",2,3,"relating to or resembling ostriches and similar la"
d4ba3931-5613-4b55-8c1a-4cb35450bcbc,"struthiousstupa",2,3,"[combined word error] this appears to be two words"
1056d757-ff7f-4741-a4b8-6780defaf657,"stubble",3,2,"short stiff hairs growing on a man's face when he "
3007d96e-260f-4c7b-a255-2b9adf5bf469,"student",3,2,"a person who is studying at a school, college, or "
e5ee582e-0b73-4677-9390-10d18807e145,"studied",3,2,"past tense of study; having learned about somethin"
eff06cf2-ca92-4296-99a5-56beb6bfc3de,"studies",3,2,"plural of study; academic subjects or courses of l"
7cd000fb-7580-4ffb-9e56-d66aef12df44,"studio",3,2,"a room where an artist works; a place where films,"
13d9dcf5-f0a3-4bb0-829a-108e1043847d,"studying",2,3,"present participle of study; the act of learning a"
a52a454b-829a-47b6-8a91-aceb5ff75dd2,"stuff",3,2,"matter, material, or things in general; personal b"
8d3fc82b-6061-42e3-a22b-ce72d4f40f98,"stumped",3,2,"past tense of stump; baffled or confused by a diff"
2a84ed40-8d01-4c98-9a09-f30e9ea587de,"stun",3,1,"to shock or daze someone so as to make them tempor"
4357a0ef-5d48-48f8-a9ef-8b7205886358,"stunts",3,2,"plural of stunt; daring feats performed to enterta"
d540b67d-674d-40ad-83f4-b718e2b7664b,"stupefy",3,2,"to make someone unable to think or feel properly; "
b225387f-7d03-4648-979b-975418b94d23,"sturdy",3,2,"strongly and solidly built; showing confidence and"
c5c9555f-d387-4d97-95ac-f80e2b2ce50e,"stygian",3,2,"very dark, gloomy, or forbidding; relating to the "
065f0a45-18aa-42e3-936f-b585eaa4cd7c,"styptic",3,2,"able to stop bleeding by contracting blood vessels"
fa608388-dc82-41e4-87d6-e22fd96f294c,"styrofoam",2,3,"a trademark for expanded polystyrene foam, commonl"
dcf7b872-963f-45b1-8797-7b5895a9edb7,"subaqueousrecusancy",3,5,"[combined word error] this appears to be two words"
3a38c843-cece-4952-9d4c-a8d5e33b7acd,"subcutaneous",2,3,"situated or applied under the skin; relating to th"
93c04260-c1ea-439e-af1f-8fe7c84f787a,"subliminalsubluxated",2,5,"[combined word error] this appears to be two words"
8e23f6da-25a2-4020-8029-8b2743aabe13,"subluxated",2,3,"partially dislocated; having undergone subluxation"
66dceac0-1667-4c23-9f85-cff0c9722602,"submerged",2,3,"completely covered by water or another liquid; hid"
59a081ef-784c-4c3f-ace3-c0b00ec2849a,"subrident",3,5,"smiling in a subtle or restrained manner; having a"
0802108a-50f4-43e8-93bf-e8036d15f586,"subridentethylene",2,5,"[combined word error] this appears to be two words"
b7293004-9fe8-495d-9d35-b834cbff2eaf,"subservient",2,3,"prepared to obey others unquestioningly; servile; "
3c983663-e596-4fdc-ac27-923f13abc325,"subsidence",2,3,"the gradual caving in or sinking of an area of lan"
ef782912-dd23-4793-8a50-8f710f2b083b,"subsistence",2,3,"the action or fact of maintaining or supporting on"
525e187b-ed6b-4b1a-b5cc-f0907758d8de,"substance",2,3,"a particular kind of matter with uniform propertie"
e7ab8154-75b4-4e56-85bb-a097aff9a6a1,"subversive",2,3,"seeking or intended to subvert an established syst"
590ba0fc-c894-4e0f-a0a2-02e25d812633,"succade",3,2,"fruit preserved in sugar; candied fruit, especiall"
4e970614-4067-4238-820a-745ee021f08f,"succès",3,2,"french word meaning success; triumph or achievemen"
f6bd378f-5570-47b9-9cfb-29debf2d2cad,"successful",2,3,"accomplishing an aim or purpose; having achieved f"
6b796098-7a2d-4649-8a9b-a64008e49051,"successive",2,3,"following each other in uninterrupted succession o"
57828a62-b78d-443d-a3e8-8f883aa9704f,"succorance",2,5,"assistance in time of distress; aid or relief give"
1b31760b-72de-4c75-858b-88d83304bed0,"succourance",2,3,"alternative spelling of succorance; assistance in "
0845a56e-6305-4c70-918e-093da7c451fc,"succumb",3,2,"to fail to resist pressure, temptation, or some ot"
b47ca2e0-c1f6-4aba-93e9-1819749a279c,"such",3,1,"of the type previously mentioned; of the same clas"
70070732-10ed-41d3-a8cb-83bbee6543ba,"sudden",3,2,"occurring or done quickly and unexpectedly; abrupt"
fce7b08a-0bfa-4154-8418-0ab7e3358cb3,"sudoku",3,2,"a number puzzle consisting of a 9×9 grid partially"
58778bd6-aece-476f-99e0-f6f7d92dfe8d,"suet",3,1,"hard fat around the kidneys and loins in beef and "
320c75de-4765-4997-bd53-405b77d8be69,"suffer",3,2,"to experience or be subjected to something bad or "
745cdb62-a63e-48e7-9f90-445ee349064d,"suffering",2,3,"the state of undergoing pain, distress, or hardshi"
17225fc9-1fc3-4f46-a34d-2d0d57edaf7e,"suffix",3,2,"a morpheme added at the end of a word to form a de"
d5ae43c0-0d80-4520-89a6-07c3bf68804c,"suffocate",2,3,"to kill or be killed by depriving of air or preven"
96868eaf-3d93-48f4-8cbc-144c22593d74,"sufi",3,1,"a muslim ascetic and mystic; a practitioner of suf"
a5dcaed7-a5f4-4037-b6c8-fe0246e6f140,"sugarcane",2,3,"a tropical grass with tall stout jointed stems fro"
3b9fb356-f976-4e26-a220-e97f1c6b8883,"sulcus",3,2,"a groove, furrow, or fissure, especially one on th"
9e181978-6dc0-4576-b53b-7d73ddca7574,"sultana",3,2,"a small, light-colored, seedless raisin; also the "
17b8dbc1-1b4b-493c-b4a9-6eb37b9df4c9,"sultanate",2,3,"the territory ruled by a sultan; the office, posit"
d9baba10-9128-4091-8f98-bbcfa82f9542,"sum",null,1,"the total amount of two or more numbers or quantit"
751111ae-5817-4a26-b68b-ad9617855151,"sumerian",2,3,"of or relating to ancient sumer or its people, lan"
3c5dee05-0ec7-4cae-8085-aa3b6554c8ac,"summary",null,2,"a brief statement or account of the main points of"
6b5f81c8-399e-47bf-a952-500107f82b72,"summer",3,2,"the warmest season of the year, occurring between "
36a9b462-506f-4e9e-8455-35b8f2d326f3,"summit",3,2,"the highest point of a mountain or hill; the top o"
66ac7c1b-f9d0-48da-9f13-c18a0ec2526f,"summoning",2,3,"the act of calling someone or something to appear;"
82829006-355f-419f-9302-ac03cee7142d,"sundae",3,2,"a dessert consisting of ice cream served in a dish"
05386172-5e2c-4c8a-bd13-d29836ec59b4,"sundar",3,2,"a name of sanskrit origin meaning "beautiful" or ""
342efbe9-4e76-4c59-ae03-518516eec6e0,"sundry",3,2,"various; several; miscellaneous items of different"
f479a2b9-a644-4c24-9982-40ed54c1917c,"sunt",4,1,"latin word meaning "they are" or "there are"; the "
aabc028a-1be8-4e08-a07b-93b743e7314d,"superhero",2,3,"a fictional character with extraordinary or superh"
a6548feb-f8fe-42b5-afda-eb912521cbdc,"superhuman",2,3,"having or showing exceptional ability or powers be"
a0f24de6-13fe-4928-ba5b-6b5bc020a243,"superstar",2,3,"a widely celebrated performer or athlete; a person"
487f8187-0723-43c7-885a-e7c6470ed689,"supervises",2,3,"third person singular present tense of supervise; "
dd3ed44e-4b4c-4a24-9c3e-c3312aca3be0,"supine",3,2,"lying face upward; lying on the back; showing a la"
d933ebbb-dfab-478b-bc9c-c163dac5f08d,"supper",3,2,"an evening meal; dinner; the last meal of the day,"
ad8bfcda-f148-4521-b577-65b9b1490317,"surcease",3,5,"an end or cessation; a stop or pause; relief from "
629dc8dd-0acc-45ec-8550-da6370da0d29,"sure",3,1,"confident in what one thinks or knows; having no d"
3808e4e8-6f99-40d9-85aa-972e146f0e12,"surety",3,2,"a formal guarantee or pledge; certainty; confidenc"
2bd32025-572c-4aa0-9773-a5148820e14c,"surface",3,2,"the outside part or uppermost layer of something; "
50cf41d8-e427-4989-97b4-6b7b8bb55d1f,"surfactant",2,3,"a substance that reduces surface tension between t"
3aab1131-5f07-4fad-991e-6e259572e616,"surfeit",3,2,"an excessive amount of something; overabundance; t"
a5eac134-ed43-4318-a80d-dca32224f54b,"surgeon",3,4,"a medical doctor who specializes in performing sur"
ef372557-a116-42f7-a209-a4343694788c,"surimi",3,2,"a paste made from fish that has been deboned, wash"
bcfb8641-cead-4ae8-b73c-c11b98a09010,"surly",3,2,"bad-tempered and unfriendly; rude; gruff; showing "
8a7dc016-25f8-475c-8c82-95aff569efce,"surplus",3,2,"an amount of something left over when requirements"
e0218c42-be3e-4799-9a63-cf9ce4042244,"sustenance",2,3,"food and drink regarded as a source of strength; n"
9fa666a4-b47d-41c4-9251-19b06020b703,"suture",3,2,"a stitch or row of stitches holding together the e"
efa90771-194d-4780-ac85-3599e6940bbd,"svarabhakti",2,3,"in linguistics, the insertion of an epenthetic vow"
b6e43dc1-b368-4c21-985d-87b67f244043,"swainsona",2,3,"a genus of flowering plants in the pea family, nat"
59f5c496-0cec-426f-9671-c82519bdd5c1,"swale",3,2,"a low-lying or depressed and often wet stretch of "
328603ad-84bc-4f10-a588-5af836101ee0,"swallow",3,2,"to cause food, drink, or saliva to pass down the t"
b64a3070-6973-4e71-9197-5fd74061ef82,"sweat",3,2,"moisture exuded through the pores of the skin, typ"
5d3b7369-3126-4613-a3af-1196efc07637,"sweet",3,2,"having the pleasant taste characteristic of sugar "
5b2e9847-d54a-41b9-8556-69a38e662fa7,"sweeten",3,2,"to make or become sweet or sweeter; to add sugar o"
7d055aae-83c2-4383-874f-d1d846f879ab,"swept",3,2,"past tense and past participle of sweep; moved swi"
67f85795-0445-4fa4-b3c1-6d33ff3a9fe4,"swerve",3,2,"to change direction suddenly; to turn aside abrupt"
8cbeeba7-b97a-43d8-b9fb-0580773b48d9,"swift",3,2,"moving very quickly; fast; happening without delay"
69899f58-5f0e-4e94-8f82-f577de9f0fd1,"swim",3,1,"to move through water by means of the limbs; to pr"
9ba44aec-caa5-4ee6-a6c7-5faacd9bf37a,"swipe",3,2,"to hit or try to hit with a sweeping blow; to stea"
d4cdc35b-3b52-4273-a492-297684c0d845,"swirled",3,2,"past tense of swirl; moved in a twisting or circul"
8635bf13-7a28-4e4e-92dd-94c778d6b809,"swoop",3,2,"to move rapidly downward through the air; to carry"
9aa0b5c4-e3a7-4a13-be30-9365209848bb,"sword",3,2,"a weapon with a long metal blade and a hilt with a"
870a6314-c27a-42a2-9047-84cb55901bc9,"sybaritic",2,3,"characterized by luxury and self-indulgence; devot"
4e969612-66c9-4df0-88c8-02d699e64932,"syllables",2,3,"plural of syllable; units of pronunciation having "
d90416ab-2a14-45ed-ac1f-6f82aa5f115e,"sylph",3,2,"a mythological air spirit; an imaginary being of t"
be8bb7ba-6327-49e6-9dd0-80fd93e82a61,"symbol",3,2,"a thing that represents or stands for something el"
99a32ea9-a65a-407e-9436-83fd72c8be17,"symbolizes",2,3,"third person singular present of symbolize; repres"
93fdbcdf-ccea-42e2-9a58-a18670f74904,"symposiumsyndicate",2,5,"[combined word error] this appears to be two words"
60472879-889a-427a-9008-2e2c4ef9ed06,"syncope",3,2,"temporary loss of consciousness caused by a fall i"
3f243e25-6679-45aa-bfb3-92cc6b40a3c2,"syndactylism",3,4,"a medical condition characterized by the fusion or"
7aeb8286-2228-424e-ae93-fd1553c0fbd7,"syndactylismt",2,3,"[potential error] this appears to be "syndactylism"
df3c3f6f-eef7-4b03-af4c-feae3d981374,"synod",3,2,"an ecclesiastical council; an assembly of clergy o"
1050731e-aab3-4b6f-8591-6c4ac206cb15,"synonymous",2,3,"having the same or nearly the same meaning as anot"
30697a75-39ae-4f76-95a6-e12b798c1d44,"synthetic",3,4,"made by chemical synthesis, especially to imitate "
dcee49a8-f54f-4234-9300-6e4961323313,"system",3,2,"a set of connected things forming a complex whole;"
a36251e8-7f07-41fd-8617-02b3b8e28eec,"syzygy",3,2,"a straight-line configuration of three celestial b"
9c6598a9-65fd-40a7-8474-c890e721dde5,"taal",3,1,"an afrikaans word meaning "language"; also refers "
74912cdf-e800-48f4-bb70-f33408e5b94f,"tabasco",3,2,"a very hot sauce made from tabasco peppers; a type"
d65f5999-bf6d-478c-b0ab-52b9393ca134,"tabernacledifficulty",2,5,"[combined word error] this appears to be two words"
a9293a32-36c9-4186-8da6-f92279cca2b7,"table",3,2,"a piece of furniture with a flat top and legs; a s"
4be87f57-6405-4dad-8c7a-0f4e279e4ace,"tableau",3,2,"a group of models or motionless figures representi"
1e18cdb6-7eeb-48a5-9e38-c9ade5d915b8,"tachycardia",3,4,"a medical condition characterized by a rapid heart"
7c55b2bc-3990-4c0b-8cdd-64f0bf54e791,"tachyon",3,2,"a hypothetical particle that travels faster than t"
0a609b12-f4a3-408e-9192-8e935103ba2a,"taco",3,1,"a mexican dish consisting of a folded or rolled to"
4aaaae88-f0ab-4cdf-8c5d-b8938dddab2d,"tactics",3,2,"the methods or strategies used to achieve a goal; "
a4a5d803-80b8-4b79-a708-b172c3706851,"tae",null,1,"the korean honorific title used to address a male "
9ec0d10c-42ad-4a2c-b153-4460cf6d40fa,"taedium",3,2,"weariness or boredom; tedium; the state of being t"
950c080c-bd00-4a66-8b27-6971b901ae7c,"tai",null,1,"a type of japanese martial art that uses throws, j"
bd0f9193-6cdd-46ca-b838-0905d897b2ab,"tail",3,1,"the hindmost part of an animal; something resembli"
2c218fa5-d264-4c34-a08e-7e9e657cf705,"taking",3,2,"present participle of take; the action of grasping"
c92e4b19-b9a4-4d95-ab80-178446b54e4b,"talent",3,2,"natural aptitude or skill; a special ability or gi"
74d06e28-f400-4e88-8f33-22de6ef6e401,"tales",3,2,"plural of tale; stories, especially those that are"
068fb5d4-52f6-450f-a04d-0aae150325f3,"talk",3,1,"to speak; to communicate by speaking; to have a co"
6a7fb15f-597a-41e9-b5ca-7845507ec17e,"talking",3,2,"present participle of talk; the action of speaking"
ff2cc38d-a328-4a0a-aaff-3a8f4e902b3c,"tall",3,1,"having great height; of above average height; exte"
61b548a2-cbbf-427d-ae2a-0c424a48353d,"tallyho",3,2,"an exclamation used in fox hunting when the fox is"
5e28d857-8e35-449e-b89e-d5688e6d3460,"talons",3,2,"plural of talon; the sharp claws of a bird of prey"
dd09bb8c-0fb0-490d-85fd-d245edf4bff6,"tam-o",null,2,"a flat, brimless cap, usually made of wool, that i"
08f53361-223c-4784-b5fe-0ed27241962b,"tamari",3,2,"a type of soy sauce made without wheat; a japanese"
5210ea3a-d8f6-4f20-95b3-0752cee58b4c,"tambour",3,2,"a small drum; a circular frame for holding fabric "
be8a2006-a3df-4727-bca0-e2be9e412567,"tambourine",2,3,"a percussion instrument consisting of a shallow ci"
e9f9b779-29e7-4ecc-bc25-3630070879e0,"tamid",3,2,"in judaism, referring to the perpetual or continua"
09d6ccff-0bd9-42b2-876c-da5861189147,"tamworth",2,3,"a breed of domestic pig; a reddish-brown pig origi"
d7dcf0ac-b004-4a62-9de0-ff0883aba2a4,"tanager",3,2,"a brightly colored songbird found in the americas;"
0e777a6a-31d4-479b-8212-aabd9ab738e5,"tanagerpneumatocyst",3,5,"[combined word error] this appears to be two words"
6772028c-a322-4739-bb99-e4ee167146ea,"tango",3,2,"a passionate ballroom dance of argentine origin ch"
a6593146-05cc-43cc-b409-a4469ed81abc,"tantrum",3,2,"an uncontrolled outburst of anger and frustration;"
2efe0904-be7a-4a15-a979-3f7621af8c1a,"tapas",3,2,"small spanish dishes served as appetizers or snack"
b03770c0-42f6-49c7-b9b6-7a406f33fc0b,"tape",3,1,"a narrow strip of material used for binding, faste"
2226f6c2-fd57-4db8-ae2e-3c0ef99ba960,"tapetum",3,2,"a reflective layer in the eyes of many nocturnal a"
387d31f7-dcc0-420a-882f-e88f5959ffe9,"tapioca",3,2,"a starchy substance extracted from cassava root, u"
eb9f7cf1-e3bc-4e1b-8295-edfd3c19850c,"tappet",3,2,"a mechanical part that transfers motion in an engi"
439ebbba-8ebf-4eb1-b2ae-4cbfaf3ecf02,"tapping",3,2,"the action of striking lightly; extracting liquid "
3ef72081-bb41-4e72-8657-f97ca6e70f03,"tarmac",3,2,"a paved surface, especially at an airport where ai"
aa07db58-9cbf-4ee0-8608-f3489bd60f74,"tarsier",3,2,"a small nocturnal primate with enormous eyes and l"
1f8aaf8f-dce8-4dcc-a6ce-affe5aba9bdc,"tartan",3,2,"a woolen cloth with a distinctive pattern of color"
a69adbd3-0195-4fd0-8b64-73611e9beeee,"tase",3,1,"to use a taser or similar electroshock weapon; to "
c58f4db6-3813-43bc-b3b8-36661c4eff73,"tasers",3,2,"plural of taser; multiple electroshock weapons use"
204559d9-825d-4ec8-87c1-ba2a1ef7dd6d,"tasmanian",2,3,"relating to tasmania, an island state of australia"
fd87cfbb-dbab-4bb4-a9f9-53ab4dcf70e0,"taurine",3,2,"an amino acid found in animal tissues, especially "
311a54bd-02ba-40e8-b49b-20eae84714df,"taurinehierurgical",3,5,"[combined word error] this appears to be two words"
a3ec0898-88d9-4756-913d-32b9d8f3fa64,"taverna",3,2,"a small restaurant or inn, especially in greece, s"
babeb769-9d6f-4db8-8965-d6a330c91455,"tawny",3,2,"of a warm, brownish-orange color; having the color"
1dec8741-e397-4e2e-8133-1cf772017eea,"taxidermy",2,3,"the art of preparing, stuffing, and mounting the s"
219001c5-32b5-42af-8e99-5c8fdb7f3c4e,"tazza",3,2,"a shallow ornamental cup or bowl, typically mounte"
26d3097e-908b-4c48-b81e-df67d0f0a19b,"tchefuncte",2,3,"a river in louisiana; also refers to a native amer"
62adddb5-f042-49cf-ad64-99abbb19aa47,"tea",null,1,"a hot beverage made by infusing dried leaves or bu"
9f5f6856-3207-44af-98ec-e3d852a360bc,"teak",3,1,"a tropical hardwood tree valued for its durable, w"
ff389956-9877-46a0-992c-0e76c914e1a7,"team",3,1,"a group of people working together toward a common"
14b7de29-9e77-4fdd-b1d2-c0e937241cdf,"teamwork",2,3,"the combined effort of a group to achieve a common"
23455051-45bc-4d47-b1a8-6ec17333fe82,"techie",3,2,"a person who is enthusiastic about or skilled in t"
4d5b33c5-172b-4c08-af22-e23b080e721a,"technicalities",2,3,"specific details or rules of a complex system; min"
c93abd49-10e2-42d6-82a6-2827117d962e,"technician",3,4,"a person skilled in the technical aspects of a par"
539ed659-c665-4ce3-9477-74bb5fa43ccc,"tedious",3,2,"boring and repetitive; taking a long time and requ"
b3b943b0-1aa2-456f-a0b5-e6245ea0d985,"teemed",3,2,"was full of or swarming with; contained in large n"
2b3f634a-44e3-47d5-8aca-7127dd8e8640,"teeter",3,2,"to move unsteadily back and forth; to be in an uns"
fd01d968-6f3c-45e4-b342-67b6a29d1b8d,"teflon",3,2,"a synthetic polymer used as a non-stick coating fo"
4640d6d3-6921-4264-bb1d-c8233b7ec32a,"tejano",3,2,"a style of music blending mexican folk music with "
7e1fea69-76b7-4fc4-85fc-52dd14302e40,"telamon",3,2,"a male figure used as a supporting column in class"
c15f1774-ec7e-4b44-977d-5e1071eca630,"teledu",3,2,"a badger-like mammal found in southeast asia, also"
e0cc179a-4b62-4212-a344-6681e624f342,"tell",3,1,"to communicate information to someone; to give an "
058dd2fc-16d6-43bc-a2d0-0264a9635117,"telmatology",3,4,"the scientific study of wetlands, marshes, and pea"
384a2f8d-b3f8-4eda-9054-c34ee68cd390,"temalacatl",2,3,"a circular stone platform used in aztec ritual bal"
33fa7e44-a6ec-4d3d-879f-abea34218b1c,"temblor",3,2,"an earthquake or earth tremor; a shaking of the gr"
a5abc09e-ac75-4e64-be3d-c250af1f4900,"tempeh",3,2,"a traditional indonesian food made from fermented "
e03a8352-c714-4f05-82f3-e964523cceb5,"temperature",2,3,"the degree of hotness or coldness of something; a "
72f8ebed-cc55-4ae7-a1a2-2386a5b33133,"tempura",3,2,"a japanese dish of seafood or vegetables coated in"
68821d7d-79ef-4c0e-b93c-1d16e7ff5b4a,"ten",null,1,"the number that comes after nine and before eleven"
5e2792a5-c72c-46da-9bef-e6f8bd3f407d,"tenaciouslyindemnity",3,5,"[combined word error] this appears to be two words"
bfa74cd7-3b40-442b-8ae7-b9c2ad657630,"tendency",2,3,"an inclination toward a particular characteristic "
3ad6de0b-78db-4c12-93c5-c8d3adb74d86,"tenets",3,2,"principles or beliefs held by a person or group; f"
4729778d-9ad6-4a60-b1e6-3bca7f84a242,"tennis",3,2,"a racket sport played on a court by two or four pl"
c13cfbb4-2c5d-497b-80ce-2caeee47265a,"tenon",3,2,"a projection in woodworking designed to fit into a"
4c1fe2dd-687c-4146-a8f6-bdf4958e3060,"tensile",3,2,"relating to tension; capable of being stretched; h"
3c13e9a6-f7e1-40ec-8a1c-135619dbdebe,"tensions",2,3,"states of mental or emotional strain; forces that "
55632046-9172-4932-ab69-53d02655fd8a,"tent",3,1,"a portable shelter made of fabric stretched over a"
dbce722d-f4cf-4874-b8f0-f5d51b09a9c7,"tephra",3,2,"volcanic ash and rock fragments ejected during an "
67319696-dc90-4059-ac41-47387dc84441,"terai",3,2,"a lowland region along the southern edge of the hi"
80f473a0-5ab3-4054-84a1-f13c41718d70,"teriyaki",2,3,"a japanese cooking technique using a sweet soy-bas"
f23cc880-27c6-4dd4-8d0b-1f7ec8c47359,"term",3,1,"a word or phrase with a specific meaning; a fixed "
5976c821-90f3-43dc-8c81-7ab45218bebc,"terra-cotta",null,3,"a type of fired clay that is unglazed and has a po"
252b0a5e-acb4-4b24-94ad-1f2a6fa583eb,"terre",3,2,"french word meaning "earth" or "land"; used in win"
f157bd84-c162-4734-8355-014255aebb4d,"terrier",3,2,"a small, energetic dog originally bred for hunting"
c876c33d-f733-417e-8b3a-ef90a3e57d05,"terror",3,2,"extreme fear; a person or thing that causes dread;"
5494aa2a-ad1a-4971-ae50-3b59951cf56b,"test",3,1,"an examination to assess knowledge or ability; to "
54eb7043-1007-47a3-8865-e274a9a4431d,"testament",2,3,"a will; evidence or proof of something; either of "
f94bdcb9-cf4e-430a-955b-69880c90a48d,"testimonybeaucoup",3,5,"[combined word error] this appears to be two words"
794a06f7-4106-445d-b7df-4f13a0917993,"tetanus",3,2,"a serious bacterial infection causing muscle spasm"
9611aec9-5adc-4809-b38e-49dac20788b5,"tetrazzini",2,3,"a baked dish of pasta with poultry or seafood in a"
dd971175-e7b9-4eb8-8c4a-1f4ad6fdf13f,"text",3,1,"written or printed words; the main body of a book;"
5d189725-8e65-4a13-b0e2-c288d7d0eb5f,"textbook",2,3,"a book used for studying a particular subject; ser"
e91140c8-e336-487c-a64f-34687f696ab4,"texture",3,2,"the feel or appearance of a surface; the quality o"
e58d5404-c630-41e0-95e3-bd19e9c750d3,"thanks",3,2,"an expression of gratitude; words used to show app"
c7603b6a-fcb2-4de5-bf58-caedf59968c9,"theater",3,2,"a building where plays and performances are presen"
45b385a2-e1eb-4608-9893-7fd67e670c37,"theatre",3,2,"british spelling of theater; a building for dramat"
2dc61af9-ef5c-4dea-977f-41c3e96b22d7,"theca",3,2,"a case or sheath enclosing an organ or structure; "
d1a6f266-a2ba-416f-9402-3485390c57db,"theme",3,2,"the main subject or topic of discussion; a central"
c512dbc4-a2ff-4151-9efb-5d1fecbbbd2e,"themed",3,2,"having or relating to a particular theme; designed"
9d981865-7d69-4124-b18a-e52251bdcd77,"themes",3,2,"plural of theme; main subjects or central ideas in"
2521265b-8cb7-4670-be92-7ef13f29d5d1,"theorem",3,4,"a mathematical statement that has been proven true"
c90b6c60-3f23-4f55-9812-68cfb72588f1,"therefore",2,3,"for that reason; as a result; consequently."
57b3c05b-75a6-4bfd-b19e-71975e0b84e0,"theriatricsnoun",2,3,"[combined word error] this appears to be two words"
3859eb93-289a-446f-950d-41a299c46388,"thermos",3,2,"a vacuum-insulated container designed to keep liqu"
848e6057-5d0b-48b8-bbc7-0a24975bbaa5,"thesmothete",2,3,"in ancient athens, one of six junior archons who s"
2f441bce-4b29-4240-a776-559dfc14f036,"thespiansubmersible",3,5,"[combined word error] this appears to be two words"
3025d050-e6f9-41e8-b4cc-c152bdfaea42,"thickened",2,3,"past tense of thicken; became thicker or denser; m"
c331f80e-042f-41ba-bd17-ee22af4ecb85,"thicket",3,2,"a dense growth of bushes, trees, or shrubs; a tang"
be213656-6181-4714-9a5b-58abb457dfca,"thimerosal",2,3,"a mercury-containing preservative formerly used in"
7eace09f-0908-4038-95eb-e609f5e439d0,"thing",3,2,"an object, entity, or concept; a matter or situati"
28001c96-6955-46d2-b485-001238255f90,"third",3,2,"the ordinal number between second and fourth; one "
72374d3f-488a-4285-9307-d9796db85f0d,"thistle",3,2,"a prickly plant with purple, pink, or white flower"
eea06686-524e-4353-a42a-9ff659fe6b22,"thistledifficulty",3,5,"[combined word error] this appears to be two words"
5344d151-ae70-4ee6-b463-65b2deefb99f,"thorn",3,2,"a sharp, pointed spike on a plant stem; something "
4f628f18-c5db-4aa5-96b3-83f260a351b7,"thoroughfare",2,3,"a main road or public highway; a route for through"
e6463aff-ea7f-43b5-896f-744b087bc51c,"thought",3,2,"an idea or opinion; the process of thinking; past "
625b193f-91a0-4ae3-8552-5b935e9ebba0,"thoughtsverb",2,3,"[combined word error] this appears to be two words"
d9b51bd5-8d7c-4261-ae32-a7f72752b89f,"thousand",2,3,"the number 1,000; a very large number or amount."
f254db7a-7a31-4bb9-aa80-38730be454d5,"thousands",2,3,"plural of thousand; many thousands; very large num"
d74e7cf3-a6cc-42ec-9920-e762171eba14,"thread",3,2,"a thin strand of cotton, silk, or other fiber; a l"
696228db-042b-4ea7-ac82-206469992bdf,"three",3,2,"the number 3; one more than two."
70d38dd5-8850-4c86-9ddd-af133885556c,"threshold",2,3,"the bottom of a doorway; the beginning point; the "
762b3457-b7d4-453d-9bfc-d594900efe6e,"throat",3,2,"the passage from the mouth to the stomach and lung"
68ab9a10-872a-4a94-a5ce-1684d5bad2b4,"throes",3,2,"intense or violent pain; the final stages of somet"
f7514886-e04e-4182-b076-81a0996df231,"thuluth",3,2,"a style of arabic calligraphy characterized by cur"
a7e9d746-1c92-41a5-bc99-4cfcfc2584da,"thursday",2,3,"the fifth day of the week, between wednesday and f"
6adb5556-e436-4f74-9731-33e630ed3b7d,"thus",3,1,"in this way; therefore; as a result; to this degre"
60a52272-570b-42f4-b9a5-bf642f0a57ed,"thyme",3,2,"an aromatic herb of the mint family, used for seas"
26ba37a3-97fd-4638-ad21-195c00b2c9af,"tiara",3,2,"a decorative crown or headband, typically worn by "
39fe023a-eb05-4d4e-9f92-25cc5ef6a780,"tibia",3,2,"the larger of the two bones in the lower leg; the "
0737a145-6593-457f-ba7f-ac55cdeea3ad,"tic",null,1,"a small, involuntary muscle movement, especially i"
42be0136-e933-445e-9310-33590613dd62,"tichodrome",2,3,"a small bird that climbs on rock faces and walls, "
3e66c9a8-c2ee-49ce-8978-ce0a8545a847,"tichodromesapporo",2,5,"[combined word error] this appears to be two words"
65620d1b-6ea3-4710-a33f-697ebf0b6727,"tickled",3,2,"past tense of tickle; lightly touched to cause lau"
1d01f7d3-4277-48d4-be88-07b7cdd6094d,"tide",3,1,"the regular rise and fall of ocean water; a trend "
3996c549-f467-4fb3-a08a-b9ea166b4488,"tied",3,1,"past tense of tie; fastened or bound with rope or "
78a09a47-9c9f-401b-addd-1f0c63acbbc3,"tiff",3,1,"a minor quarrel or disagreement; a petty argument "
8835b546-55f0-4576-927d-ad73798abf08,"tiffany",3,2,"a thin, transparent silk or muslin fabric; relatin"
8b30068b-dc2b-4034-b6cb-bf39e0b01d1d,"tiffanytiffin",2,3,"[combined word error] this appears to be two words"
3075c7fa-ec35-4da9-9e4d-8b08452c9ea6,"tiffin",3,2,"a light meal, especially lunch; a set of stacked c"
c81b5872-db21-4c12-95db-f8b1927c0287,"tiger",3,2,"a large wild cat with orange fur and black stripes"
001c9be4-c9e7-4d5a-8de6-0907069c9004,"tiki",3,1,"a carved wooden or stone figure representing a pol"
301678f2-868e-456e-b0e7-abde93b395b5,"tikkun",3,2,"in jewish mysticism, the process of repairing or c"
444390dd-c778-4065-bc03-50938082c719,"tilapia",3,2,"a freshwater fish native to africa and the middle "
63ae4bf9-4489-405a-8c3f-ca97af1395cc,"timber",3,2,"wood prepared for use in building or carpentry; tr"
65d6abc2-2da8-4b10-ab61-01a8e7af2ff6,"times",3,2,"plural of time; periods or moments; occasions; mul"
fda8a771-451e-4f44-9653-385e95f3a9a3,"timidly",3,2,"in a timid manner; shyly; with lack of confidence "
b17f4a37-26f1-4372-b1b4-ee2965b81044,"tinamou",3,2,"a ground-dwelling bird found in central and south "
3964d947-f7cc-407c-be61-3191277cae97,"tingle",3,2,"a slight prickling or stinging sensation; to feel "
dc25d38e-26d8-472b-8af7-84221c833521,"tintinnabulary",2,3,"relating to or characterized by the ringing of bel"
824f2b8a-0517-44ee-8d1e-378f7289f04e,"tiny",3,1,"very small; minute; insignificant in size."
4a4f9013-5237-4279-8b87-0a89eaa3d9e2,"tirade",3,2,"a long, angry speech criticizing someone or someth"
3e97c26c-f1aa-4cd5-bc0e-258bc9cb7105,"tissue",3,2,"a group of similar cells in an organism; a disposa"
d98dfaea-66cd-4d49-afd8-703acdc1afd5,"titian",3,2,"a reddish-gold or auburn hair color; relating to t"
55b47eb4-f9b3-4d74-b4a4-41537be4709c,"title",3,2,"the name of a book, movie, or other work; a word i"
433741de-a31b-4824-aa67-f21ba51d97f8,"tlingitdetainees",2,5,"[combined word error] this appears to be two words"
672d0e04-6485-4e13-a1b6-85c5cab6e64b,"tmesis",3,2,"a linguistic phenomenon where a word is split by i"
211f9f3f-f8ea-46b1-8134-95e4344fbb06,"toccata",3,4,"a musical composition typically written for keyboa"
63c323b9-4abc-47f5-88f9-f2ddb07b0d06,"today",4,2,"the present day; this current 24-hour period from "
350a4f75-767d-44eb-9da0-75a281e5df8a,"toddler",3,2,"a young child typically between one and three year"
14697936-16bb-4426-bd38-e36a23e038e1,"toey",3,1,"australian and new zealand slang meaning restless,"
ed7bf829-215f-49e0-b877-20b3f2859025,"toga",3,1,"a draped outer garment worn by citizens of ancient"
0d37f911-4540-40cc-ad01-c06e491033d9,"toggenburg",2,3,"a breed of dairy goat originating from the toggenb"
4d84228f-7274-4080-bed4-90b9f7b427d5,"togo",3,1,"a west african nation located between ghana and be"
46a44a0c-8615-4bbe-ace6-64b762be76d4,"toile",3,2,"a type of decorative fabric featuring pastoral sce"
20050ef5-4e75-4062-85c9-648a2ba03a4e,"toilsome",4,3,"requiring hard work, effort, or labor; characteriz"
86e78691-5001-46fb-8459-2e132b76917f,"toilsometempestuous",3,5,"error: this appears to be a combined word error. s"
9452a077-b448-49be-940a-332c3cc42d65,"tok",null,1,"a short, sharp sound, especially one made by a clo"
90704c96-ea76-49b3-83c6-9f4bf0e2ce92,"tokendifficulty",2,3,"error: this appears to be a combined word error. s"
141c7424-b58c-4ef0-a750-7eb9e74168b8,"tokonoma",4,3,"a recessed alcove in traditional japanese architec"
22f5471a-8001-4c25-8420-c9e55e1cd1e7,"tokonomaunguiculate",3,5,"error: this appears to be a combined word error. s"
812f759b-2857-48e7-b10e-596f6def471c,"told",3,1,"past tense and past participle of 'tell,' meaning "
74c46726-0ab6-4627-9fe2-08b26d9de0ba,"tomography",3,4,"a medical imaging technique that produces detailed"
e3161d7d-de76-4eeb-acdb-e6fb6ffa3e4e,"tongue",4,2,"the muscular organ in the mouth responsible for ta"
d65435d4-1018-47d6-8e03-e493d3758956,"tongued",3,2,"having a tongue or tongue-like appendage; equipped"
3e8aee88-994e-4022-903b-3e1a1e78de13,"took",3,1,"past tense of 'take,' meaning grasped, seized, car"
616f1b6c-6c4e-40f6-acf8-0745f5b8d119,"tools",3,2,"implements, instruments, or devices used to carry "
668de7d2-a513-47ec-9b69-19899a427b58,"toorie",3,2,"scottish term for a small, round knitted cap or th"
f8fa7a3a-6f7a-44f3-898a-0dae3a68ec70,"tooth",4,2,"hard, white structures in the jaws used for biting"
866b88ab-c0c1-45ba-8d44-66661bbfd933,"top",null,1,"the highest or uppermost part of something"
ae09a6d5-401b-48a5-97e6-ea5f25af1d72,"topiary",3,2,"the art of training, cutting, and trimming trees o"
71574463-4e16-472b-a1e9-a1ceb9f4b2e4,"topics",4,2,"subjects of conversation, study, or writing; parti"
16050dda-9eb5-4cff-95b4-8802515d2b21,"toponymic",4,3,"relating to toponymy, the study of place names and"
905c53d8-a4da-4091-b498-b1d576c1c618,"toppings",2,3,"ingredients placed on top of food items to enhance"
7350cfbf-d8d8-4bf9-a4e5-0698f12bc544,"toppled",3,2,"past tense of 'topple,' meaning fell over, collaps"
19a86d8c-18d4-4738-88b4-bf40984a2335,"toque",3,2,"a type of hat with various styles depending on cul"
186bd30a-ca47-42a1-ae7e-3e7f088be84d,"torch",4,2,"a portable light source traditionally consisting o"
d2405501-37ba-4386-826b-53d7bc8a4d9b,"torii",3,2,"traditional japanese gates typically found at the "
e42b42f3-652b-4707-849f-297ceffdfdb8,"toril",3,2,"a pen or enclosure where bulls are kept before bei"
83bd1da7-a82d-436d-917c-2a098d033dc9,"torment",3,4,"severe physical or mental suffering; extreme angui"
4f53e56e-f08c-4361-8a39-f6ae5c3dbdf3,"toroidalbialy",3,4,"error: this appears to be a combined word error. s"
6e64d82b-00b7-4241-996a-dc4bb36fa4ad,"torpid",3,4,"mentally or physically inactive; lethargic, sluggi"
b504c192-2692-4d67-b414-7876da59ec25,"torrent",3,2,"a strong and fast-moving stream of water or other "
584920a7-5f86-417d-b43e-36316fdfe0df,"torsion",3,4,"the action of twisting or the state of being twist"
c3b8130c-4c18-44e1-ae27-a3442d551b12,"torsionjusticiable",3,5,"error: this appears to be a combined word error. s"
2a0b7c95-db94-440f-b53e-99b0a166ea23,"torturous",3,4,"involving or causing torture, extreme pain, or sev"
dc42cabf-f83d-4e76-9967-05e1049bfff7,"tosh",3,1,"british slang for nonsense, rubbish, or foolish ta"
662813b3-dcdc-42cf-8a1b-e7413975b89c,"toss",3,1,"to throw something lightly or casually, typically "
52645dd2-91e7-4f81-9e3f-fa4ceaca709e,"tosteson",3,4,"a surname, most notably associated with dr. daniel"
6e96ed27-6afa-4b90-bbc6-6c7d04a9a190,"tostones",2,3,"a popular latin american and caribbean dish consis"
acd9d6de-dfc4-412e-b24b-367d84806d52,"total",3,2,"the complete amount, sum, or quantity; the whole n"
f5364e68-561d-4fbc-8a53-6ee7894b1a94,"tote",2,1,"to carry something, especially something heavy or "
0b1409ef-7be8-43bd-95e6-4495aecee257,"totem",3,2,"a natural object or animal believed by a particula"
8b3940df-8b48-4598-801a-26bfd3027e46,"toties",4,2,"a latin legal term meaning 'so many times' or 'as "
37264801-4fa4-4873-864a-ed648f58b663,"tout",3,1,"to promote or praise something enthusiastically an"
a2082d7e-f836-4c6a-b3bc-366a90c31648,"touted",3,2,"past tense of 'tout,' meaning promoted, praised, o"
58b1615a-13f3-4366-95e1-8b640e4ad5ff,"toward",3,2,"in the direction of; moving or facing in the direc"
f589d150-2923-4015-98bf-61aa7eefd457,"towel",3,2,"a piece of absorbent cloth or paper used for dryin"
80cbba52-a9d2-4eea-9970-936adaa9aaed,"tower",3,2,"a tall, narrow structure that rises high above its"
46fe21da-97fb-4e0c-a810-6c3f362da4bc,"towhee",3,2,"a north american songbird belonging to the sparrow"
160acc60-cfd7-4494-bd05-cea90265294f,"town",4,1,"a populated area larger than a village but smaller"
7c88149b-5c36-4810-8ddc-cf4f2a919717,"toys",3,1,"objects designed for play, entertainment, or amuse"
b5f724a9-d15f-4239-b1d3-38cfa0a922eb,"tracheotomy",3,4,"a surgical procedure that creates an opening throu"
46090def-7c98-4489-8e70-0ce5d10b448a,"track",3,2,"a rough path or trail; a course or route followed "
421655be-9eec-4a84-ba17-8aa7e2349c61,"tractability",3,4,"the quality of being easily managed, controlled, o"
ae49b6e0-3858-4305-9e0a-d18b67decefc,"traditional",4,3,"following or conforming to long-established custom"
0b7a739c-11c1-4d7c-9868-b5701ca3e5ba,"train",4,2,"a connected series of railway cars pulled by a loc"
04e0eda6-9395-4b83-8a21-cc1f55bc057c,"trait",4,2,"a distinguishing characteristic, quality, or featu"
5dbd04d4-75d5-490c-b195-873dd4e9775a,"traiteur",2,3,"a french term for a caterer or delicatessen owner "
c78d2223-0c11-4f41-9682-d9f71154e925,"traitorous",4,3,"characterized by betrayal of trust, loyalty, or al"
450821bc-c1a5-4544-9e94-94ab6a992488,"trampolines",4,3,"recreational and athletic devices consisting of st"
ca4b742c-78fb-46f4-a246-bb04f58f4c3c,"transcription",4,3,"the action or process of making a written copy of "
e29102eb-25cb-4570-90e4-507adaab44d1,"transducer",3,4,"a device that converts energy from one form to ano"
9dca86cd-deb1-4837-a31d-cfc89c9a2d9c,"transference",4,3,"the action of moving something or someone from one"
63ee34ee-9f65-4eef-8ab0-7a9def6c296f,"transfixed",2,3,"past tense of 'transfix,' meaning rendered motionl"
cc9a4b69-5c9f-4cce-975e-9da6db506228,"transform",3,4,"to change completely in form, appearance, nature, "
19ec9626-5a24-43c4-944e-ef23833ca00f,"transformation",3,4,"the act or process of changing completely in form,"
d2612716-096f-4297-8ed5-fada72d68c48,"transgressions",4,3,"plural of transgression; violations of laws, rules"
cbb7ff6e-a0a8-44e4-ac80-12fdb4e5496b,"transit",3,2,"the action of passing through or across a place; p"
685b7e9d-bc47-4b1f-969b-d371eeafa5c0,"translates",3,4,"third person singular present tense of 'translate,"
0052bdf1-e488-43df-9cfa-1347911e7376,"translucent",2,3,"allowing light to pass through but not transparent"
8e2bdbdd-4f94-40e6-9fba-c84eef588bb6,"transmissibility",3,5,"the quality or degree to which something can be tr"
58cfc6ec-6dc8-4a6d-ba8b-374caa4c97fa,"transpiration",2,3,"the process by which water is absorbed by plant ro"
73c2282a-bdf0-4e59-b2da-5b220fae7346,"transposable",3,4,"capable of being moved, rearranged, or transferred"
3e2eff67-5e1c-400f-9e0b-f61e1fffdba6,"trap",3,1,"a device or situation designed to catch or confine"
d9786849-1984-4333-b147-4352477d018d,"travel",4,2,"to go from one place to another, typically over a "
a6ea9f6c-7897-4b2f-ae63-7272b1ab9d03,"travels",3,2,"third person singular present tense of 'travel,' o"
6e3b944d-c0b3-42bf-a057-cbee51c5fa1f,"treadle",3,2,"a lever or pedal operated by foot pressure to driv"
8f87e80a-5213-48af-be22-05eb5ab531cf,"treasury",2,3,"a place or building where treasure or valuable ite"
2d3cc534-a9c6-4931-8568-7bfca1df960c,"treatments",3,4,"plural of treatment; medical care provided to pati"
f1f81038-e6b4-4abd-bfbe-060f56a1a42a,"treble",3,2,"triple in amount or degree; having three parts or "
52f20c37-1c44-4328-a703-626925013e79,"trebuchet",4,3,"a medieval siege engine that uses a counterweight "
ee331a0d-a02b-49c5-a0bf-8b2df2c0bf72,"trees",3,2,"plural of tree; large woody plants with trunks, br"
3f2d8cbc-d596-4e37-93cf-7906e93db9ad,"trefoil",3,2,"a decorative design or architectural element featu"
0b39997b-15ff-4eb8-a205-a8683e6c6fc3,"trek",3,1,"a long journey, typically on foot; an arduous trip"
118cb2b9-fffd-4d2d-ab67-81fd1bf0ce01,"trellis",4,2,"a framework of wooden or metal strips used as a su"
893730a8-0561-48f1-8692-9e3bf7b819c6,"trembling",3,4,"present participle of 'tremble,' meaning shaking i"
6ef7bc48-cf05-445b-be18-7adb960e4ec4,"tremulous",3,4,"shaking or quivering, typically from nervousness, "
f62a3bb8-f087-427f-8ef5-78331588c89a,"tremuloustrepanation",2,5,"error: this appears to be a combined word error. s"
8d6417dd-8974-4814-97bf-b6ad81d9525e,"trendy",3,2,"very fashionable or up-to-date; following or setti"
3bca52f7-2f79-497a-856a-0d4b92d08c35,"trepidation",3,4,"a feeling of fear or anxiety about something that "
27cbd6bb-9437-4c30-bba3-be22a3124d09,"trey",3,1,"the number three, especially on dice or playing ca"
1d823c48-487d-422b-80d8-8e2032705c57,"triagetrinkets",3,4,"error: this appears to be a combined word error. s"
f6a4bc39-5d3b-4f7c-94db-bb7d7ab0c886,"tribunal",4,3,"a court of justice; a judicial body or committee e"
3313c94c-6bdc-4ce7-a7e5-0c969627b5fd,"trice",3,2,"a very short period of time; an instant or moment."
e03e4e4c-473c-49ab-a4c2-472293115302,"tricenary",4,3,"relating to or lasting for thirty years; a period "
8c0adea2-41ce-4bb7-9219-34757202c4a9,"triceratopssandal",3,5,"error: this appears to be a combined word error. s"
552ebb96-fb19-49a5-8b11-9e7bde0789a1,"trichinosis",4,5,"a parasitic disease caused by eating undercooked m"
43c3272e-0f64-4f18-8c15-09c55dcc29fb,"trichotillomania",3,5,"a mental health disorder characterized by recurren"
0b185adc-16ce-4000-8f9f-faa6edecbe99,"tricky",3,2,"requiring skill, caution, or careful handling due "
d7bd282e-4ddf-4391-a5cd-a04b4dcc449e,"triduum",3,2,"a three-day period of prayer and observance, parti"
106cfa0b-3e7e-4690-b3fe-da39381f282c,"trifle",3,2,"something of little importance or value; a small a"
7015e1ee-2ed4-47fd-9b37-e1088b221da3,"trigeminal",3,4,"relating to the fifth cranial nerve, which has thr"
125319bc-89af-4109-92b2-90fa2a7120b7,"trigeminalbruja",3,4,"error: this appears to be a combined word error. s"
efc8c058-9dfd-4131-9f6d-f6e2008a7b35,"trigonometry",4,3,"the branch of mathematics dealing with relationshi"
8b9793a8-ba87-4271-aea2-66002573e45d,"trilby",3,2,"a soft felt hat with a narrow brim and a lengthwis"
fdad2d84-07f7-4522-ae86-a951d6f8525a,"trillado",4,3,"a spanish word meaning 'worn out,' 'trite,' or 'ha"
9b367b1e-d3c9-4596-99ee-cf1046a6babd,"trinkets",2,3,"small decorative objects, jewelry, or ornaments of"
2421df33-82a2-4fb0-b34a-dc04e15f9e13,"triste",3,2,"a french and spanish word meaning 'sad,' 'melancho"
fbb42617-f9e2-4be3-aac5-11706912a4a9,"tristetrituration",2,5,"error: this appears to be a combined word error. s"
3f2019cb-8c5e-49a5-8868-35ce60c46332,"triton",3,2,"in greek mythology, a sea god with a human upper b"
c0ba4b85-1d78-4667-8255-92d34a038e8d,"trivia",4,2,"details, considerations, or pieces of information "
901bc3ba-2cc4-4c23-b279-e8fb75a55a12,"trochee",3,2,"a metrical foot in poetry consisting of a stressed"
6cbaac17-0f54-4b1c-935f-6273afcf927a,"trocheetrompe",2,3,"error: this appears to be a combined word error. s"
c6a18cc1-6195-463c-8d9b-affb751e15d7,"trodden",3,2,"past participle of 'tread,' meaning walked on, tra"
418c1bab-3896-48da-bb83-392c2c2a23bd,"troll",3,2,"in scandinavian folklore, a supernatural being dwe"
723c56ea-e674-4852-995c-807976cffbba,"trompe",3,2,"short for 'trompe-l'oeil,' a french term meaning '"
db8d950a-4e48-4ce3-b6cc-42a9861ac47c,"troop",3,2,"a group of soldiers, scouts, or other organized pe"
99677399-b46f-4362-a0b3-41ba83de09ac,"trope",4,2,"a figurative or metaphorical use of language; a co"
029b28a7-5e20-415e-bc8c-ef3bcaf3ff80,"trophic",3,4,"relating to nutrition or feeding; describing the f"
1e8c9247-671c-403a-a95c-b19d6ef173eb,"trough",3,2,"a long, narrow container for holding water or food"
482267dd-6fb3-4000-9093-d020888c6b38,"trounce",4,2,"to defeat decisively or thoroughly; to beat soundl"
71552044-3355-4693-99c1-0f371e60ce98,"trous",3,2,"a french word meaning 'holes'; plural of 'trou' (h"
0c30793a-349d-4bfa-8188-232f55a6f753,"trous-de-loup",null,3,"a pit or hole dug in the ground, typically with sh"
210bfd69-e4f1-4e80-9003-cf3353aa41de,"trout",3,2,"a freshwater fish of the salmon family, prized for"
ac69b981-ba6b-48f9-8169-95188d559f8a,"trouvaille",3,5,"a lucky find or valuable discovery; an unexpected "
a2b866d8-b36c-4f8a-94f3-1e0e7e944fdf,"trovato",3,2,"an italian word meaning 'found' or 'discovered'; p"
eb737c53-b4e8-418a-8885-32bb76eca20f,"trovatobeowulf",2,3,"error: this appears to be a combined word error. s"
0dfdddf0-9fd0-4075-8f25-c58c581bd7de,"trove",4,2,"a store of valuable or delightful things; a treasu"
f39745a9-904b-4bae-a56f-4b7cc11efc5e,"trowel",3,2,"a handheld tool with a flat, pointed blade used fo"
03ce54f4-59f3-43a2-9a7b-50a072e1149b,"trowsers",2,5,"an archaic or variant spelling of 'trousers,' refe"
ce09da65-bb8e-457e-872a-ea794ce1efce,"truckee",3,2,"a city in california near lake tahoe; historically"
96511cc5-c07e-4f5e-bdaf-dc06816d4d40,"truffle",3,2,"a highly prized edible fungus that grows undergrou"
8d0da69c-c5a9-4fc3-978c-b8eaf3cc4175,"truly",3,2,"in a truthful way; sincerely, genuinely, or authen"
eaa0ecbc-a2cb-4820-b8a7-fe2724db5d75,"trumpet",3,2,"a brass musical instrument with three valves, play"
9882bed0-6e9e-4b24-93a5-dc846d281f88,"truncate",3,4,"to cut short or cut off; to shorten by removing a "
b4b289ab-56c2-4e1e-849a-6ed218c8bd8c,"truncatetubers",2,3,"error: this appears to be a combined word error. s"
b04401bd-bc38-465d-a42e-8543bda78165,"truncheon",4,3,"a short, thick stick carried as a weapon by police"
44d0b334-3494-420a-922a-e53eba2191d0,"trunk",3,2,"the main stem of a tree; the main body of a human "
1921d1f5-58c3-4c38-9190-fd6fce34d029,"try",null,1,"to make an attempt or effort to do something"
cdcaf1d3-19cc-4e2d-abed-1be5d948b37e,"tryptophanneophyte",3,5,"error: this appears to be a combined word error. s"
e86f3839-ce9e-475c-ae83-927e9830d9d7,"tsk-tsked",null,3,"to make a short, sharp sound with the tongue to ex"
ffc13750-eb64-4c25-ab22-7b2e4ad2d7a9,"tsked",3,2,"past tense of 'tsk,' meaning made a clicking sound"
ec1f1728-a7d0-4e8d-839a-46f80d1aa562,"tsunami",3,2,"a series of ocean waves typically caused by underw"
30edeb75-7c34-4d8c-b2db-0fea7c815e67,"tubes",3,4,"hollow cylindrical structures or containers; elong"
26b7d9c5-e073-4bc5-9220-05f633d9a18e,"tuffet",3,2,"a small mound or hillock; a low seat or footstool,"
0a24bfdb-2fd6-4be7-b824-f64f5ff00144,"tug",null,1,"to pull or drag with force"
63cd3f1e-9a2d-4aa2-8352-4a760a8282b2,"tulip",3,2,"a spring-flowering bulbous plant with cup-shaped, "
8258ebda-6627-4a22-9e16-65738f6c0cef,"tulsi",3,2,"a sacred basil plant (ocimum tenuiflorum) revered "
c3817b21-b031-4020-9dce-933b9a95bec0,"tumultuouscommodore",3,5,"error: this appears to be a combined word error. s"
3b7dd77b-0d2e-4833-9955-a156418510b4,"tumulus",4,2,"an artificial mound of earth and stones raised ove"
0658fe5c-bbb6-4d4f-ba41-1c653455da7d,"tune",3,1,"a melody or musical air; to adjust the pitch of mu"
3eae4136-5c78-4f99-a426-529c28906b58,"tungsten",3,5,"a hard, rare metallic element with the highest mel"
345edc70-9b73-4696-ac49-c86f20e16f56,"tunnel",3,2,"an underground or enclosed passage, typically for "
707b712f-e9d9-4a55-8f29-5cb9a687f8c9,"tupelo",3,2,"a type of tree (genus nyssa) native to eastern nor"
29f1b5c2-5f66-43d9-a628-7de98ad6d1e7,"turban",3,2,"a head covering consisting of a long piece of clot"
74b146be-d47e-4ee9-a936-e503d4bef020,"turbinadobrethren",3,5,"error: this appears to be a combined word error. s"
33a22fad-b471-4a11-876d-34db5d304d2a,"turgor",3,2,"turgor is the pressure of cell contents against th"
d6790008-cf70-4fa3-b79b-8563e040d4e1,"turken",3,5,"a turken is a hybrid bird created by crossing a tu"
185dda6b-905f-4039-8846-11d9e1a30adb,"turkenriddance",null,3,"the act of getting rid of or removing turkeys."
f52aaf45-6730-4b2a-aa2c-84bb7efbadd4,"turmeric",2,3,"turmeric is a golden-yellow spice derived from the"
103da071-216a-45c3-b7ef-39d215bfa77b,"turn",3,1,"turn means to move in a circular direction wholly "
eb7d1cbc-2e87-45d0-8a1f-64daa4d04f4b,"turnip",3,2,"a turnip is a round, white-fleshed root vegetable "
92599b63-8482-464c-a34f-84d2f1c36c82,"turns",3,2,"turns is the plural of turn, referring to multiple"
c01fa60f-d3b8-48f6-abfa-c94629fa88fa,"turophile",3,5,"a turophile is a person who loves or has a great a"
40ccdbc7-7442-4a0b-a082-1dc6b5e62645,"turpentine",2,3,"turpentine is a volatile essential oil obtained fr"
baa56cae-754f-40e8-95ce-537b4f7c39c0,"turret",3,2,"a turret is a small tower, typically forming part "
e77937c6-4bff-4847-8084-fdbe70b4065f,"turtle",3,2,"a turtle is a reptile with a hard, protective shel"
9ec6ea4a-b3ab-400e-8e59-59759ffba247,"tusche",3,2,"tusche is a greasy liquid or solid drawing materia"
91b16f21-6cc6-49e6-bc90-4cd56d30f06f,"tuschet",3,2,"tuschet is a variant or alternate form of tusche, "
83a510c6-a639-4369-ab50-674ca70d0461,"tussle",3,2,"a tussle is a vigorous struggle or scuffle, typica"
f3b8e8a4-8ddf-415a-b72d-333edb17c854,"tussock",3,2,"a tussock is a dense clump or tuft of grass or oth"
0facef85-6a51-46e0-b240-90fef1457396,"tutorial",null,3,"a set of instructions that explains how to use a p"
d48379fe-532e-4986-bf06-a90dc7b2a368,"tutti",3,2,"tutti is a musical term meaning "all" or "everyone"
d707457c-3b4d-4a53-acf1-7de5d7366d66,"tutti-frutti",null,3,"a sweet, colorful mixture of various chopped fruit"
8d9d76d2-32a6-4f8c-83ea-1b770e41fe15,"tutti-frutticantor",null,5,"a sweet, fruity-flavored confection made with vari"
e9faa4a7-709f-42e5-93cf-34757c32552b,"tuxedo",3,2,"a tuxedo is a formal evening suit for men, consist"
dd3b94fe-d36c-4dc5-ab5f-36575aaf2605,"twain",3,5,"twain is an archaic or poetic word meaning "two" o"
a12b9477-9016-4309-a56c-4fa8a654355b,"twang",3,2,"twang refers to a sharp, vibrating sound, often pr"
edad1320-7772-48e9-b608-b8e79a41bc70,"twee",3,1,"twee describes something excessively sweet, quaint"
487f2bfb-02d5-46f2-b1d9-d261ba41212c,"tweeholiday",null,3,"a holiday that occurs twice in a year, such as new"
8be73965-29b6-4035-ae83-ca5502e3b52c,"twelve",3,4,"twelve is the number 12, representing the quantity"
6841690d-0a84-468a-a5ed-b1db9bd16a59,"twice",3,2,"twice means two times or on two occasions. it indi"
265f732f-2372-4bbe-8220-9e3063e74b7d,"twinge",3,2,"a twinge is a sudden, sharp, but usually brief pai"
88fb583e-0e6e-469b-ae3f-2b6ba487239c,"twinklesnicker",null,3,"a playful, mischievous giggle or chuckle, often ac"
d84d6e30-597e-494b-9569-d804c49dbc9f,"twirled",3,2,"twirled is the past tense of twirl, meaning to spi"
317465df-90c2-4d1e-a029-eb147b4307ef,"twisty",3,2,"twisty describes something that has many twists, t"
3fe17b6a-aeec-4c64-a8b4-1cc18170dd6a,"twitter",3,2,"twitter originally means a series of light, high-p"
77b6991d-98fb-4f2d-9219-19f8ced6a145,"tympanumfisticuffs",null,5,"the small, circular membrane that vibrates to tran"
28a86e68-4fca-4016-a3f5-e02b518e3252,"type",3,1,"type refers to a category of things having common "
378b6830-d0de-4351-b301-e5ec656d2576,"typhoean",2,3,"typhoean refers to something characteristic of or "
96b460d5-facc-4e52-bf0e-b3acf4881fb7,"typing",3,2,"typing is the process of writing or inputting text"
e8512799-e0fb-4fcd-b6cf-4b9f20a3860b,"ubi",null,1,"a place or position where something is located or "
1ecfc718-82a9-43d6-abfd-891de48529ed,"ubiquinone",2,3,"ubiquinone, also known as coenzyme q10 (coq10), is"
e612d724-373b-4beb-872a-0ab3058de904,"udon",3,1,"udon is a type of thick, chewy japanese wheat flou"
b597e5c6-cf5e-44a1-8072-efcfa82b328b,"ullage",3,2,"ullage is the amount by which a container, particu"
3b6d1e54-24b8-4e1c-9ca7-7cdcd9bf1bf8,"ulna",3,1,"the ulna is one of the two bones in the human fore"
9dbacc8e-eed2-4952-8356-b188d56201e2,"umami",3,2,"umami is one of the five basic tastes, along with "
61aa3d22-ba6f-4b0e-b788-dfae94dfa7d3,"umbelliferous",2,3,"umbelliferous describes plants belonging to the um"
3d805e39-1ebc-48bf-a670-6c02c0c62d5f,"umbrage",3,2,"umbrage means offense or resentment, particularly "
22408bb7-3eb3-425c-807c-61744d93ab17,"umbrella",2,3,"an umbrella is a collapsible canopy designed to pr"
aea24e78-aedf-49b4-acde-332ebe387879,"umpirage",2,3,"umpirage refers to the act, process, or period of "
d6de5677-500f-40ba-ab22-3dd47f1c83bc,"una",null,1,"a single unit or individual"
b1300d83-2b45-4bb1-872b-dddd280ad9a7,"unakite",3,4,"unakite is a distinctive metamorphic rock composed"
bdcf33ba-cbe4-48d4-8d29-b8ba30647215,"unassuming",2,3,"unassuming describes someone who is modest, humble"
eb9c8647-33e1-4b7a-bae6-3fa0899a0e43,"unbeknownst",2,3,"unbeknownst means without the knowledge of someone"
9fb57655-ac9d-4285-a333-7fb050e5e8e9,"uncanny",3,2,"uncanny describes something strange, mysterious, o"
95270a5d-302c-48af-95bc-fe04960cdc33,"unchristened",2,3,"unchristened means not having received the christi"
955749e5-bb42-4118-b908-33d8bb4279e6,"uncle",3,2,"an uncle is the brother of one's father or mother,"
81fa7da5-3ec3-461f-a6cd-0a57c661da17,"uncouth",3,2,"uncouth describes behavior that is lacking in good"
b5cb50ad-fd20-4a29-8f5a-5fde938276b1,"undercroft",2,3,"an undercroft is a vaulted chamber or basement ben"
36c7596f-f43f-481f-ae38-856356028d31,"undergirdnoun",null,3,"a supporting structure or foundation that underlie"
fb26df58-2e1b-4712-9d84-dc4ef594b677,"undertaken",2,3,"undertaken is the past participle of undertake, me"
c480d6df-61db-423a-8fa6-32aee86887b4,"undine",3,2,"an undine is a water spirit or nymph in european f"
418ecc3d-a3ed-4f1d-8cca-afde46ee62ab,"undulating",2,3,"undulating describes something that moves with a s"
d1c66102-6d41-43b6-a1d9-6fa19366eb43,"uneasy",3,2,"uneasy describes a feeling of discomfort, anxiety,"
ecc228f2-7386-4e42-9bdc-8e03f885b795,"unexpectedly",2,3,"unexpectedly means in a way that is not expected o"
7bc321e4-1244-405b-970c-b2475024c1f5,"unfazed",3,2,"unfazed means not disturbed, perturbed, or affecte"
d1925413-f680-467a-a039-2a02e1b3af64,"unfurl",3,2,"unfurl means to open or spread out from a rolled o"
a845db81-0bb5-40fd-9d95-2c3a80423277,"ungetatable",2,3,"ungetatable means impossible to obtain, reach, or "
f26b84f1-edd6-496f-9983-9ef99f5e63eb,"unguiculate",3,4,"unguiculate describes animals that have claws or n"
a27cc4f4-14c0-4232-9bc0-451d6ee56bd1,"unit",3,1,"a unit is a single thing or person regarded as sep"
563251c0-44cb-4d5f-93e6-75ef5c830bbc,"united",3,2,"united means joined together for a common purpose "
bf18fa65-1da6-41b2-b795-f641a4dea71b,"university",4,3,"a university is an institution of higher education"
ee8be179-d898-4d6f-bfd8-8658a9f2d901,"univocal",3,4,"univocal means having only one meaning; unambiguou"
322a40e2-09ff-40b8-8a48-3f88ab1a8a0e,"univocalavarice",null,3,"an excessive or extreme desire for wealth or mater"
42365d3c-261c-4f9b-9de5-9399ed46f96f,"unlike",3,2,"unlike means different from or not similar to some"
acfd16c7-936a-4018-b63c-48dc0a6e4744,"unprepossessing",null,3,"not attractive or appealing to the eye"
5aff56c2-adb2-4eb5-9745-b5e7ca630352,"unremitting",2,3,"unremitting means never stopping, slackening, or r"
3cc6110a-23b2-4fe2-b686-b5ff9d5af322,"unscramble",2,3,"unscramble means to restore order to something tha"
3ac5a6bb-7a35-4ea0-983e-ca1fc66a9f86,"until",3,2,"until is a preposition or conjunction indicating t"
d3ed3b8d-c1c4-4d6e-b2be-33b0137c3936,"unusual",3,2,"unusual means not commonly occurring, done, or exp"
6328bb24-6dd4-4e8a-bfdd-2370b443f77c,"upbeat",3,2,"upbeat means optimistic, cheerful, and positive in"
d5d365bb-9a68-44c5-9fbf-3c178f12c1db,"upbraid",3,2,"upbraid means to criticize or scold someone severe"
de62285e-2f1f-4f30-b6ff-b3c280d72cf1,"updo",3,1,"an updo is a hairstyle where the hair is arranged "
6be9f21f-c463-4bb1-b6b1-bfd73757d829,"uplift",3,2,"uplift means to raise or elevate something physica"
a27779f1-9495-4709-8964-d5faa9b9fc8a,"upon",3,1,"upon is a preposition meaning on top of, in contac"
b3d11dfa-beea-463d-84df-382372f06cc0,"upright",3,2,"upright means vertical, erect, or standing straigh"
6457416a-3450-45bb-b5e2-77766ed7c116,"uproar",3,2,"uproar means a loud and confused noise, especially"
94e70fe2-0cf7-42e6-bf62-323785729ad5,"upshot",3,2,"upshot means the final result, conclusion, or outc"
102d36e2-384b-4eac-a256-ded8d4acad8d,"upsilonsakura",null,3,"a type of japanese cherry blossom with a distincti"
cd7547ed-eac7-44d0-a9a2-4df1facb840d,"urad",3,1,"urad is a type of black lentil (vigna mungo) widel"
6b5cc5f1-05d6-410f-978b-8745c5cfcef9,"uraeus",3,2,"a uraeus is the stylized representation of a cobra"
65e2d3a8-cdfc-43c0-8143-108a615aee02,"uranium",3,4,"uranium is a radioactive metallic chemical element"
cc12c819-a766-40d4-85f2-93ef96bf8289,"urchins",3,2,"urchins can refer to sea urchins (spiny marine ani"
6c4380c8-da69-4db6-b824-b8d68dc61d32,"urgencybifurcate",null,5,"to split or divide into two branches or parts."
7712009e-50b3-4b7e-ac86-ad625cfeef46,"ursine",3,4,"ursine means relating to or resembling bears. this"
f25affc2-b184-4a2c-bf9f-f7df7ee91455,"usable",3,4,"usable means able to be used; in a condition that "
cfad7c4e-b2a4-45e1-887c-9b3e6f9feaa4,"usage",3,2,"usage refers to the action of using something or t"
1ddd8c88-7076-4b08-b3b5-413c21716393,"used",3,1,"used can mean previously owned or employed by some"
2a833f2c-e33e-4553-a87e-0f86111c964d,"useful",3,2,"useful means able to be used for a practical purpo"
95346283-f868-4290-9cea-69e320b7805e,"usher",3,2,"an usher is a person who escorts people to their s"
018a5502-d925-40fa-aa27-dec4ae0a412d,"ushuaia",3,2,"ushuaia is the capital city of tierra del fuego pr"
eb9e4667-852e-4f3a-89bf-62f1c45c25ab,"ustion",3,5,"ustion is the act of burning or the state of being"
d355d134-c5ce-46c1-9344-938af202720b,"usual",3,2,"usual means happening or done most of the time; ty"
3ff42fa6-838b-49a6-9cca-26d1520c76bc,"usually",3,2,"usually means in the way that is typical or normal"
a22cf07c-9d4e-40f6-9ed5-eef3b57559b2,"usurper",3,2,"a usurper is someone who takes another person's po"
6f646a54-7f3b-42e4-84bb-ad6b651e212f,"uveal",3,2,"uveal refers to the uvea, the vascular middle laye"
0c4dce8e-49c2-41ca-b080-ef5e4d342606,"uvula",3,2,"the uvula is the small, teardrop-shaped piece of s"
03e58ea9-03ef-4c18-b498-1ffd47248840,"uvulaenumerated",null,3,"a small, fleshy, teardrop-shaped appendage that ha"
4454b9ba-6de5-4941-b279-b27acfd21cea,"vaccary",3,5,"a vaccary is a dairy farm or cow pasture; a place "
b76b9e8d-ed80-4968-a97a-01b739dcdf76,"vaccination",3,4,"vaccination is the administration of a vaccine to "
1a169b04-b842-480f-bb3f-f076301b57fb,"vacuum",3,2,"a vacuum is a space entirely devoid of matter, or "
f0079435-6615-4798-a821-7f93a53664a2,"vagary",3,2,"a vagary is an unpredictable or erratic action, oc"
f8762808-ed1d-4567-a1ac-1e50802f9c9c,"vague",3,2,"vague means unclear, imprecise, or lacking definit"
5851e3a6-e9ab-4d15-bba7-9f2fc7c2894b,"valetudinary",2,3,"valetudinary describes someone who is chronically "
4bcb8921-3672-488a-87ea-6c2d9e20638a,"valiant",3,2,"valiant means showing courage or determination; br"
a15e26cb-1c83-4e12-9b17-73a8abb7a499,"valley",3,2,"a valley is a low-lying area of land between hills"
7ea8243c-6dce-4112-9f35-d87ebe06c268,"valuator",4,3,"a valuator is a professional who determines the wo"
26834b16-487e-4afe-9ce9-d82f26052899,"valvata",3,2,"valvata refers to a genus of small freshwater snai"
1836cbc9-f76e-4f5a-a9a3-fa178ac68ae0,"vambrace",2,3,"a vambrace is a piece of armor designed to protect"
98216c75-5613-420c-8759-3dc871b498b7,"vandalizechancellor",null,5,"to deliberately damage or destroy public or privat"
9e326278-597f-4b64-8cfe-e55b943d1b4f,"vane",3,1,"a vane is a device that shows wind direction, typi"
fd8cc235-79d8-4dca-9404-760c8b0030e8,"vantage",3,2,"vantage refers to a position or place that provide"
1d8b2365-1059-4397-a5ed-dc9bbe152e57,"vanuatu",3,2,"vanuatu is an island nation in the south pacific o"
7475530c-4f3a-4b4a-b7e8-4dbc21f6abbc,"varicella",3,4,"varicella is the medical term for chickenpox, a hi"
6f1f0995-5f8a-41af-88ac-b1b4bac061ba,"varicose",3,4,"varicose describes veins that have become abnormal"
eee7404b-2626-4762-b9e9-353991c1d335,"variegated",2,3,"variegated means marked with patches or streaks of"
48666485-b01a-46a0-96cd-51654857fa48,"varieties",2,3,"varieties are different types, forms, or kinds wit"
0c8d836e-cf7a-4149-b1c8-85731dfb7acd,"various",3,2,"various means of different kinds or types; several"
cac1cfc9-a7a1-40df-a280-8cc8c430a6a2,"variscite",3,5,"variscite is a green phosphate mineral often used "
65e94737-1b4d-475f-9f48-cf8a3bc3dd57,"varnish",3,2,"varnish is a transparent, hard, protective coating"
c866e50d-0117-4dff-a2e5-92a47781d7a5,"vase",3,1,"a vase is a decorative container, typically made o"
083891f1-c346-49ef-9ea2-b53c1c90c512,"vaseline",3,4,"vaseline is a brand name for petroleum jelly, a se"
f2a71411-f966-40a1-8321-fa7817f43755,"vases",3,2,"vases is the plural form of vase, referring to mul"
b6c763c8-8cb2-40bf-9225-6e93af172d81,"vassal",3,2,"a vassal was a person in the feudal system who hel"
7dffa56f-f092-4557-bc0a-1b168f64ba56,"vatican",3,2,"the vatican refers to vatican city, the smallest i"
f25e22ab-d254-423c-82a7-55befb552424,"vault",3,2,"a vault can refer to a secure room or compartment "
27ebaf07-bd79-41c6-9c3a-b6e086d4d611,"veered",3,2,"veered is the past tense of veer, meaning to chang"
ac0ce1a3-0b7a-48de-b115-06c317bf9fb9,"vegetables",2,3,"vegetables are edible plants or parts of plants, s"
fd84e2ac-7947-468a-9417-a0862babed24,"vegetarian",2,3,"a vegetarian is a person who does not eat meat, fi"
fbdabdc3-223a-43d9-8dc6-61fb1ec2b57a,"velamen",3,2,"velamen is a specialized tissue found in the aeria"
3bb7a0bc-7c3b-4903-b8bd-4d0169460169,"velcro",3,2,"velcro is a brand name for a type of fastener cons"
99a475bc-a115-4835-81bf-d50c08eeaab5,"vellum",3,2,"vellum is a fine writing material made from specia"
ddbd51f6-ed54-438e-8a51-36c9ead7013b,"velouté",3,2,"velouté is one of the five classical french mother"
7b8b6278-1845-4720-868b-9ce4364a1a1f,"velvet",3,2,"velvet is a luxurious fabric characterized by a de"
0811ce72-6996-4da7-8007-3b7c5c051937,"vendage",3,2,"vendage refers to the grape harvest or vintage sea"
1af39d9a-2de0-40c8-9b3d-c0d58dc4c91d,"veneer",3,2,"veneer is a thin layer of decorative wood or other"
1da0a994-5f37-41d9-8dfb-bdf7b89d3ac3,"veneernoun",null,3,"a thin layer of fine wood glued onto a coarser or "
0f752dbc-6b71-46e7-b22e-1150df6a2603,"venenate",3,5,"venenate means to poison or to infect with venom; "
f76de018-960b-4588-9904-1831923fc350,"vengeance",4,3,"vengeance is the act of retaliating or seeking rev"
2809ee9b-b6a9-43cb-a8a5-50c8d8d5e470,"venial",3,2,"venial refers to a minor offense or sin that can b"
52bf74f3-6a40-496e-b1b9-5676b4afd097,"ventail",3,2,"a ventail is the lower, movable front part of a me"
c78da54a-fb28-4da3-89db-3c19badecaa9,"venture",3,2,"venture means to undertake a risky or daring journ"
40e6f384-5e4f-4e50-b333-8cddfa160430,"venue",3,2,"a venue is the place where an event or activity is"
a65a62b8-1e79-465a-8a79-a617bf6e6f11,"verb",3,1,"a verb is a word that expresses action, occurrence"
ec573ad9-4e93-49f8-b981-49b3400dd044,"verdure",3,2,"verdure refers to lush green vegetation; the fresh"
87ea9832-daca-47bf-b686-f78f117cee7f,"vermeil",3,2,"vermeil is silver that has been plated or covered "
63be965c-0652-42e3-a7be-9c118bf5d6bc,"vermicelli",2,3,"vermicelli is a type of thin pasta that resembles "
07662b98-21c1-4c22-8d45-f76543ccfc84,"vermicide",3,4,"vermicide is a substance used to kill worms, parti"
d94e1660-1aea-4779-81d7-78a9a7095c8d,"vernalaardvark",null,3,"a type of burrowing mammal native to africa, known"
81acd157-3cb7-4e86-9d27-0c61f0b183a5,"versa",3,2,"versa appears most commonly in the phrase "vice ve"
0b3f3f5f-cfa0-40d2-bace-97592cfd97e1,"versiera",3,4,"versiera, also known as the "witch of agnesi," is "
92971938-abfd-4575-a0f6-515163dc898d,"vertebral",3,4,"vertebral relates to or affecting the vertebrae, t"
d7468499-4d9d-4d07-b391-6b203f40a001,"vertebrates",2,3,"vertebrates are animals that possess a backbone or"
5d0c4a61-8c12-4253-9555-54c0e1c44d09,"vertere",3,2,"vertere is a latin verb meaning "to turn" or "to c"
89cdff8e-1163-4e07-b9bf-5a87f7fdde8e,"vertigo",3,4,"vertigo is a sensation of spinning or dizziness, o"
079f07f1-e1f7-4ca7-bfc3-d2c63b37c195,"vervain",3,2,"vervain is a plant genus that includes many specie"
5aacff4b-e004-4628-bc26-7d94b466a210,"verve",3,2,"verve refers to vigor, enthusiasm, and liveliness,"
be0e024d-0e4f-4962-b036-9e64f424b786,"verylast",null,3,"the last or final item in a series or sequence."
d2d1481b-68c1-49d6-b81c-227055463a78,"vespertine",2,3,"vespertine means relating to, occurring in, or act"
79de7e5a-13a2-4522-bd9e-4358358f1205,"vestibule",2,3,"a vestibule is an entrance hall or lobby of a buil"
e7d1f587-1184-43e1-ac3e-ed59a71a4827,"veteran",3,2,"a veteran is someone who has long experience in a "
b46b85f5-cd42-4737-90ae-8c6be28800be,"veterinarian",3,4,"a veterinarian is a medical professional who diagn"
6ce8eaed-2cee-4d6e-b9a9-ac733eb9d10e,"vetiver",3,2,"vetiver is a tropical grass known for its fragrant"
05ce9007-e9dc-4581-9615-f56ef772bea0,"vetoed",3,2,"vetoed is the past tense of veto, meaning to rejec"
69751776-01b0-4271-bea9-e0baca70cb8e,"vial",3,4,"a vial is a small container, typically made of gla"
985075c1-74fb-42f9-940a-dc1684565d0d,"vibrant",3,2,"vibrant means full of energy and life; bright, str"
d778780f-d4d2-4940-b214-9315d787bc18,"vice",3,1,"vice refers to immoral or evil behavior, particula"
6ea14842-4913-41d1-99a0-45fcfc8c4ef6,"viceroy",3,2,"a viceroy is a ruler who governs a country, provin"
37b8a005-5052-4b18-b0e0-c6e43aa6a9c6,"vide",3,1,"vide is a latin term meaning "see" or "refer to," "
a3fff564-ede8-4317-8863-19ebc27c9bdd,"video",3,2,"video refers to the recording, reproduction, or tr"
6b955d87-d7b5-4540-afe6-3493df246dec,"vigil",3,2,"a vigil is a period of staying awake during normal"
6cef1375-f808-4d1d-9f85-35ca33123cae,"vigilvincible",null,3,"extremely vigilant and invincible; impossible to o"
1a73fcde-2ba2-4738-846a-c2d527bccb07,"vilipend",3,5,"to regard or treat as of little worth; to vilify, "
68985131-da02-4cd8-863a-8c3c0a354b65,"villa",3,2,"a large, impressive house, typically one used as a"
7a9d8c58-33f7-4eec-95e9-90188f954772,"village",3,2,"a small community or settlement, typically in a ru"
d9cc6d4c-6541-419c-89ad-68609701505f,"villainous",2,3,"having the characteristics of a villain; extremely"
47cd8b8b-80e3-4dd2-bbcc-c251065fa023,"villi",3,2,"plural of villus; small, finger-like projections t"
3d377e1a-d92b-4bfe-913e-3e42567c50c4,"vinaceous",3,4,"of, relating to, or having the color of wine; wine"
1e42ba9a-3c94-493e-9859-d99db4d65a21,"vinaigrette",2,3,"a salad dressing made from oil and vinegar, typica"
6e4794ef-b0e9-45ab-b72a-385bb49d6048,"vindictiveattitudes",null,5,"showing a strong desire to get revenge or see some"
d3ff9631-d707-49d2-86a5-8a533095a190,"vinegarfiduciary",null,5,"a person who manages money or property for another"
7a749e18-2e35-41c5-8005-b13ea9800914,"vinyl",3,2,"a type of plastic polymer made from vinyl chloride"
25a8677a-d68d-4a89-83de-0e6cdab7e38d,"violaceous",3,4,"of a violet color; having the purple or bluish-pur"
0cc5f79c-4ecc-4fe8-8904-b9abeb840229,"violate",3,2,"to break or fail to comply with a rule, agreement,"
6a8d7079-0f21-462f-ba8d-f0cffe18a531,"violence",3,4,"physical force intended to hurt, damage, or kill; "
dd5be905-19b8-47fb-9e9f-844e7d72eab2,"violet",3,2,"a small plant with purple, blue, or white five-pet"
73c4a636-09f6-4d44-9d9b-cf03b7c286bc,"violin",3,2,"a stringed musical instrument with four strings tu"
66422142-587a-47db-8972-2f2e1a60298a,"vireo",3,2,"a small songbird of the family vireonidae, typical"
864c86d4-8bbe-4185-a6be-024a4a506ba0,"virga",3,2,"a meteorological phenomenon consisting of streaks "
af235154-592f-4656-84d5-f817cdb8696d,"virgin",3,2,"a person who has never had sexual intercourse; som"
bab8018b-1bee-4bad-8576-625c7942fd65,"virtually",3,4,"almost entirely; for the most part; in essence or "
d7478264-f6b5-43e9-b7ea-6adaf2a30fc9,"virtuallyvisibility",null,5,"the quality of being almost or nearly true, but no"
9a5aebc8-93b4-4746-8323-7d72091699c3,"virulence",3,4,"the degree of pathogenicity or disease-causing abi"
efb65780-e15e-4b7f-8aad-32621056cd7f,"vis",null,1,"a force that acts on an object and causes it to mo"
f5af2ebf-15ea-4c00-8eb5-587c2d90c147,"visage",3,2,"a person's face or facial expression; the appearan"
27b38676-a070-402e-aa73-04e9d44a2066,"viscidity",3,4,"the quality or state of being viscid; stickiness, "
eb6acf55-05ab-45e1-8dcc-9134b04efbb1,"viscidityw",null,3,"the state or quality of being thick, sticky, or gl"
f6a93f27-ec11-4279-ba0e-a8f347f6bfd9,"visibility",2,3,"the state or quality of being visible; the degree "
18df3ae8-08cb-4447-8409-2b2f252632b4,"visit",3,4,"to go to see and spend time with someone or at a p"
bd21835c-3f78-4e24-bfa7-a7277a71e222,"visite",3,2,"a french word meaning 'visit' that appears in engl"
8c79ccdd-f477-4b72-a2d6-db3bc7e9fc33,"vitae",4,2,"genitive singular form of the latin word 'vita' me"
ca3cc6e6-e170-48fd-a29a-a67f0dcd5624,"vital",3,4,"absolutely necessary or important; essential for l"
600bc507-ea78-464d-8d94-2bce5ce81183,"vitiate",3,2,"to spoil or impair the quality or efficiency of so"
17b49669-3b3e-4ea8-bd37-baf4feb95485,"vitiatespodumene",null,5,"a type of mineral that is a silicate of lithium an"
a0a75ac9-1cbc-41e0-b091-2989e0316d9c,"vitreous",2,3,"like glass in appearance, structure, or properties"
b2ad6025-4ea6-4a6a-8f6c-0abe02c9c2d7,"vitriolic",2,4,"filled with bitter criticism or malice; harshly ab"
e02819c1-cf04-491b-b60c-b64f7743db09,"vivaciousxenoglossy",null,5,"the quality of being lively, animated, and spirite"
2677f47d-e0c4-47d4-96ca-c5393942561f,"vivre",4,2,"a french word meaning 'to live,' sometimes appeari"
92743bc9-77f9-438c-9f13-450eb20dfb86,"vizierialcrescive",null,5,"a high-ranking political advisor or minister in ce"
84256519-4702-46a9-a6e7-54c5c8e56d33,"vizierialnoun",null,3,"a high-ranking government official in some muslim "
c949f7ed-3303-40c9-9861-52437cb553b6,"vocab",4,2,"informal abbreviation for vocabulary; the collecti"
30991bf0-6036-4b3f-b26a-98bc6153f62c,"vocabularies",3,4,"plural form of vocabulary; multiple collections of"
653410f9-51c0-4426-b4da-a08e092b0dec,"voceinesculent",null,3,"not edible or fit to be eaten; inedible."
32207694-4b76-48aa-8910-a4cd75927369,"vociferous",2,3,"expressing or characterized by vehement or loud ou"
3814bc8d-bf62-4e0c-9345-9b875640ac41,"voice",4,2,"the sound produced by speaking or singing; the abi"
2e4a1666-9521-4de3-a1b2-705c650ea8de,"voila",3,2,"an exclamation used to call attention to something"
38773ba1-8675-4720-93b5-fc7d1c84bd45,"voilà",3,2,"french exclamation meaning 'there it is' or 'there"
f3da85c6-707c-4339-aea9-5737519f5a8d,"volcano",3,2,"a mountain or hill having a crater or vent through"
df04de07-a885-4f53-b97a-153f4cd95a48,"volery",3,2,"an alternative spelling or variant of volary; a la"
b70dc474-6a98-4cef-8eee-ac74b213a9b3,"voltammetry",3,4,"an electroanalytical chemistry technique used to o"
9253a8c1-13bf-4ec1-ae79-f57107147b8b,"volumetric",3,4,"of, relating to, or involving the measurement of v"
ef8b3316-103c-45f8-8218-546eb31599e1,"voluminous",2,3,"taking up much space; bulky, large, or extensive i"
9467e353-17ea-4809-b55e-f5db8e79ba61,"voraciousnoun",null,3,"excessively greedy or voracious, having a huge app"
ac49e7c3-58fa-442a-9053-5b451e528c8d,"votive",3,2,"offered or given in fulfillment of a vow or pledge"
5f83547d-11c0-4c47-9b09-aa4fc54234c3,"vouch",3,2,"to assert, confirm, or attest to the truth, accura"
8706abe1-6b68-445c-923b-e7fbeedf3d08,"vowel",3,2,"a speech sound produced with the vocal tract open "
bde8723c-8cd5-46d7-8498-8a80309d1a18,"voyage",3,2,"a long journey involving travel by sea or in space"
ca2b6596-a298-4533-8ed3-e1be1711fcf5,"vue",null,1,"a web framework for building user interfaces"
9910afa7-5411-403d-8125-da2add453aa3,"vulcan",3,2,"roman god of fire and metalworking; relating to or"
1d2d10ea-5a66-4919-9351-d69c53fe09d7,"vulpine",3,2,"of, relating to, or characteristic of foxes; havin"
cc568e8a-3c21-4e06-b274-92afa7b0527e,"wabeno",3,2,"in ojibwe/chippewa culture, a traditional spiritua"
2c194951-c366-4159-8caa-4187ae83c158,"waf",null,1,"a thin, crisp waffle-like food item."
aaf22cff-2820-4004-adae-ff3d3c0d349d,"wafer",3,2,"a very thin, light, crisp cake, biscuit, or cracke"
f16ff1b6-f2e3-48d8-95bf-3d091963a1ef,"wafting",3,2,"present participle of waft; moving gently through "
36aba9b1-ca97-4a8c-8482-af60184dbace,"wag",null,1,"to move briskly or energetically, especially the t"
ba1fe8d9-892e-48a8-9d3a-e727ae1e6d76,"wagon",3,2,"a four-wheeled vehicle used for transporting goods"
c3a0e1d0-9ca6-41dd-848d-55a9f25ea02e,"wahine",3,2,"a hawaiian and polynesian word meaning woman, espe"
ac730ac8-0939-4db7-a3a9-f2445ded82f4,"waing",4,5,"a dialectal or archaic term, potentially a variant"
79e31ea8-e8ba-4c73-9182-d63fc06a800b,"waist",3,2,"the part of the human body between the ribs and hi"
7fe10a75-6615-4920-8ef8-ee1030682b24,"waited",3,2,"past tense of wait; remained in place or delayed a"
3767e47d-ca00-453e-ab9f-fe1e68f833b0,"waiter",3,2,"a person whose job is to serve food and drinks to "
106ff718-52d9-4df6-a5fb-ab3e5108ef2c,"waiver",3,2,"a voluntary relinquishment or surrender of a legal"
1721febf-e1cf-4591-a88d-a5a271774fd6,"wakame",3,2,"a type of edible brown seaweed commonly used in ja"
03a4cf22-92d3-4212-8731-2e0f7cd8ac01,"wake",3,1,"to stop sleeping and become alert; to cause someon"
50f19ccc-d5cd-4486-9be9-8e6ebe7c1727,"wales",3,2,"plural of wale; the upper edge of a ship's side; w"
e7eab0ba-cb92-466b-902f-4c3954652e36,"walk",3,1,"to move at a regular pace by lifting and setting d"
3473f66f-3615-4064-b1ed-277610b88588,"wallaby",3,2,"a small to medium-sized marsupial native to austra"
94120412-dc6f-4679-8b49-1ac9b75b7ff9,"walnut",3,2,"a tree nut with a hard, wrinkled shell and edible "
0912c0d0-8c26-4cde-bc38-a1954d8ee62f,"walter",3,5,"a masculine given name of germanic origin; in some"
994637ea-9a38-4d31-a8f3-6f7ce384dcb0,"wamble",3,5,"to feel nauseous or queasy; to have an unsettled s"
2e12c16c-5800-467a-9611-2366756a1bfa,"wan",null,1,"lacking in color or vitality; pale or feeble in ap"
eca9a96f-d61c-4453-86ea-2cff27deb916,"wand",3,1,"a thin rod or stick, especially one used by a magi"
d249d900-2f51-4a3b-806a-440fc995a90c,"want",3,1,"to have a desire to possess or do something; to wi"
059d2527-dee9-426c-b497-b318b6c7f58a,"wanted",null,2,"desired or wished for; being searched for by the p"
6b2bb380-b8ec-41e7-ad85-056b360a4e2b,"wapitiweka",null,3,"a type of north american elk or wapiti, a large de"
7e20d912-57e7-42f3-984f-24242743ea92,"warden",3,2,"a person responsible for the supervision and secur"
b1c9c6dc-932c-4574-b83a-130ec2dee962,"wardrobe",2,3,"a large cupboard or closet for storing clothes; th"
ebbb052c-77e0-486b-9431-9531e967356d,"warison",3,5,"an archaic term meaning reward, recompense, or ret"
4b5e298b-7957-49a7-a4e8-6451ca955b70,"warm",3,1,"having or giving off heat; having a moderate degre"
9ea8c5a5-6fb2-40cf-a470-90e0897630a9,"warning",3,2,"a statement or event that indicates a possible or "
06422c55-1938-48f2-9e0a-8f2da5d9b574,"warrior",3,2,"a person engaged in or experienced in warfare; a f"
3eeacb47-7ece-4d03-9e57-b4aef484d18b,"washington",2,3,"the capital city of the united states; a state in "
804be36b-8d52-4d3d-8a96-0b772ca53aad,"wasn",3,1,"informal contraction of 'was not'; used primarily "
38fa6e15-e00d-4434-8b06-f7b4c3961802,"wasp",3,1,"a flying insect with a narrow waist and bright yel"
5b176aa3-d699-4679-9e13-15f84eaefa38,"wassail",3,2,"a hot mulled cider drink traditionally consumed du"
fce08c2a-3d37-4e66-b40e-c15c43befe12,"wasteweir",null,3,"a structure built across a stream or river to cont"
26e4e036-6672-4153-92b9-f3d9b863e5ed,"watch",3,2,"to look at or observe attentively over time; to ke"
0b4f029d-6e8b-49ce-89c0-4b64111548a1,"watched",3,2,"past tense of watch; observed attentively; kept un"
30ab44a9-0e6e-4f46-bb02-01a51e4f23d6,"waters",3,2,"plural form of water; bodies of water such as seas"
92d946a4-0d28-4430-b374-c385ef83c0ef,"wattage",3,2,"the amount of electrical power expressed in watts;"
d73a88ae-dd58-4872-8a21-54fc99a712f8,"wattles",3,2,"plural form of wattle; fleshy, often brightly colo"
b104f008-4ee3-4984-b685-f3d880e2587a,"wave",3,1,"a moving ridge or swell on the surface of water; a"
1638f6f3-fb28-4d23-9b34-268c6f8a8e91,"ways",4,1,"plural form of way; methods, manners, or means of "
4c28b51a-f474-41f3-a8e2-d6dec90b11f3,"wayward",3,2,"difficult to control or predict because of willful"
e1fff3cc-2570-45e1-9295-bfec3b2aeec6,"weald",3,2,"an area of open or forested rolling countryside; s"
14cba719-b0f7-47ec-b3df-f827d202dda1,"wealdblink",null,3,"a brief, momentary glimpse or view of something, e"
ace7a3f2-3863-4dbc-9437-c1b637328688,"wealthy",3,2,"having a great deal of money, resources, or assets"
61e8f985-7248-407a-976d-a6e12fe38e44,"wearisome",2,3,"causing one to feel tired or bored; tedious, tires"
d2922161-9c11-40c3-bc14-890f86f98112,"wears",3,2,"third person singular present tense of wear; has o"
b2f6bad5-ec02-4225-bc17-87ff486a9b11,"weasels",3,2,"plural form of weasel; small, slender carnivorous "
df1904c5-41c4-4cfd-93e2-44fd0552bf5d,"weather",3,2,"the state of the atmosphere at a particular place "
851ca7c1-b687-4fa2-a5b9-8aea19aba2bc,"weave",3,2,"to interlace threads, yarns, or strips to form fab"
92388f2f-5d1f-4055-9608-6c94240ac7e9,"webster",3,5,"an archaic term for a weaver, especially a female "
c3111389-4ce4-4f3e-8c4a-f981c39272e0,"wedding",3,2,"a marriage ceremony; the celebration and formal un"
326d7af4-8663-4719-adad-0eeebc420ce3,"weevil",3,2,"a small beetle with a long snout, many species of "
5d1b91a6-27d1-465d-9f8b-d2d1d8f3b4c7,"weigh",3,2,"to determine the weight of something by using scal"
8a17d117-e540-4c3d-a077-86eb69edd314,"weird",3,2,"strange, unusual, or difficult to explain; having "
46ce3456-6a86-497f-ab64-0270a743f515,"weka",3,1,"a flightless brown bird native to new zealand, bel"
fae777a8-7a98-4836-bc06-149111a5243d,"welcome",3,2,"a greeting to someone arriving; gladly received or"
723a3e76-4779-4b97-921a-79cd47e3b83c,"welding",3,2,"the process of joining metals or thermoplastics by"
cf2b3b50-9309-42cb-baa0-c06154959959,"welsh",3,2,"of or relating to wales, its people, or their celt"
6dea3b3d-5fa3-4534-b72d-9575b6b5c809,"wensleydale",2,3,"a type of white cheese from yorkshire, england, kn"
2bb94365-498e-4cab-89ba-8adc461af84b,"went",3,1,"past tense of "go"; moved from one place to anothe"
bae9278b-12dd-4c48-9e40-04d3bc267d8a,"wentletrap",2,3,"a type of marine gastropod mollusk with a spiral s"
f10d727b-9e95-4464-a58c-c266f4ea5349,"werf",3,1,"an obsolete term for a homestead or small settleme"
5b07904d-8ba4-453f-bd90-029bc1080761,"western",3,2,"relating to or situated in the west; characteristi"
1b0ab267-432b-4c9e-abf1-bbc101ddffe1,"whales",3,2,"large marine mammals that breathe air and have str"
09c524f4-8473-4f73-8bb5-ce1f42624340,"wharf",3,2,"a structure built along the water where ships can "
52b95797-b95a-42dc-9d54-f1456bcc7192,"whee",3,1,"an exclamation expressing excitement or joy, espec"
7a5486dd-2e0e-4d67-ae43-3a0266563b05,"wheedle",3,2,"to persuade someone through flattery or coaxing; t"
8c284e0b-c18b-4ab8-b72e-9214b5b41128,"whelp",3,2,"a young dog, wolf, or other carnivorous mammal; al"
8eab6f78-820a-404b-92e6-9f6c826e89e0,"whenever",2,3,"at whatever time; on any occasion that something h"
d350192d-252a-4505-83a3-880795126c88,"whereas",3,2,"while on the contrary; used to introduce a contras"
25fd6085-4115-4a3e-a602-095be5ab9501,"wherewithal",2,3,"the necessary means, especially financial resource"
174315f0-7df4-4197-91e6-2dda4ab35b6f,"whet",3,1,"to sharpen something, especially a blade; to stimu"
c7091c92-b381-4cbc-84b8-c60eea9f95e6,"whether",3,2,"used to express doubt or choice between alternativ"
7a789cff-f5ce-452c-aa11-9d19df6aabf2,"whetnoun",null,3,"a device used to sharpen the blade of a knife or o"
538ee573-64d7-4c77-8f6a-e3b3984f6c56,"whey",3,1,"the watery part of milk that separates from the cu"
b364cdcd-9789-4cce-b541-6376842deff1,"wheytrademarks",null,3,"trademarks made from the protein-rich liquid that "
61da35f1-f938-43e5-b5cf-12df385f4078,"whidah",3,2,"an alternative spelling of "whydah," a type of afr"
9926f2c5-619c-479a-8c5f-f923ad5c6de4,"whiff",3,2,"a brief, light smell or scent; a slight trace or h"
531dc246-34ee-4c3a-ba88-22fde1a1ebce,"while",3,2,"during the time that; throughout a period when som"
2ebb3453-ba77-4ac3-b8ea-3b52131f14b0,"whimperbracelet",null,3,"a bracelet that makes a soft, whimpering sound whe"
cd3dcd45-9b52-4b6c-96cb-53356d43c95e,"whimsical",2,3,"playfully quaint or fanciful; characterized by sud"
2390ea50-f536-4339-9820-a3f8265f2fbb,"whine",3,2,"to complain in an annoying, high-pitched voice; to"
f845de96-4fed-4261-8349-4e52fc1d6141,"whipped",3,2,"past tense of "whip"; beaten or stirred vigorously"
04e6ddb0-e174-405d-9fac-f8bdc0feac7c,"whippoorwill",2,3,"a north american bird known for its distinctive ca"
5d167dee-1623-4c95-aab8-537d7fc67f61,"whippoorwillficus",null,5,"a nocturnal bird with a distinctive call, known fo"
6bea4ed5-a8cf-4e23-941c-4b24dae71e00,"whirlybird",2,3,"informal term for a helicopter, named for its spin"
8e80502b-962a-4ce8-bcc6-6c747b5c1e02,"whisk",3,2,"to move quickly and lightly; a kitchen utensil use"
ab8eab9c-aa67-4d52-886a-1a19eab5cd56,"whiskers",2,3,"long, stiff hairs growing from the face of certain"
3ae00f2b-2998-4557-8198-97a3dddce045,"whisper",3,2,"to speak very softly or quietly; a very quiet or s"
da023efd-b829-488a-9007-192bf7e83b97,"white",3,2,"the color of fresh snow or milk; the lightest colo"
30a8c9a0-d2d7-4cad-a0e7-16b6324a3d23,"whitefish",2,3,"any of various freshwater fish with white or silve"
a90d2263-aef1-4c46-ac5b-a365b4acaa6b,"whizzed",3,2,"past tense of "whiz"; moved very quickly with a hu"
82e43b16-e067-454c-8da8-e14625dfca8e,"whole",3,2,"complete; entire; not broken or damaged; all of so"
714ae870-01ff-480c-bd7e-b763f7f84e71,"wholehearted",2,3,"done with complete sincerity and commitment; enthu"
afde82c6-8814-409a-a9ea-fb0278c3e368,"whose",3,2,"belonging to or associated with which person; poss"
fa24161c-ee71-4fac-b0f8-97d1ea75755a,"why",null,1,"an interrogative word used to ask a question"
82775ea0-e966-43eb-852b-79d5dbcb1f58,"whydah",3,2,"a type of african songbird, some species of which "
cc19a88b-eb2f-4915-88d7-5232573428d5,"wi-fi",null,2,"a technology for wireless local area networking"
6604e08f-6e36-4b0d-8049-d02f99f16b4d,"widdershins",2,3,"in a direction contrary to the sun's course; count"
acf22b34-8416-4077-8773-84e873432f60,"wide",3,1,"having a great extent from side to side; broad; no"
50af67af-8dbf-44aa-9310-478192289eae,"widely",3,2,"over a large area or range; extensively; by many p"
a518fa20-893d-4200-866f-fb36c7cd42ad,"widget",3,2,"a small gadget or device; in computing, a small ap"
e255c5de-d447-44e9-bae1-6a4f30b21450,"wieldscuppers",null,3,"a device used to hold or support a ship's sails, t"
83ced3c8-22f9-4116-a440-39eab6dc70eb,"wiesbadenmontmorency",null,5,"a compound word referring to a person or place tha"
2c5497c1-12bc-4ed9-8400-e5de247c7e16,"wigan",null,2,"a town in greater manchester, england, known for i"
90f47f20-92a5-4070-b916-19114938b502,"wiggle",null,2,"to move or twist the body or a part of the body wi"
68a45d71-2ba0-4688-bf99-957e1c53fe30,"wilco",null,2,"a term used to indicate that a request or order ha"
47525730-1971-47ef-889b-468d9effabeb,"wildcat",null,2,"a wild, untamed cat, especially a north american c"
33967437-a6bd-431d-b3dc-3a8517c5c17c,"wimple",null,2,"a piece of cloth worn by women in the middle ages,"
2b9a9c1a-b0aa-4b48-a211-46d80ef5af9f,"wince",null,2,"to feel or show pain, discomfort, or distress."
a7ce408d-e47c-406e-90cc-73b9e93482ed,"windbaggery",null,3,"verbose and empty talk"
e0258fb9-9490-420d-a692-30d48b085d1a,"window",null,2,"an opening in the wall of a building, covered with"
8516983e-0b94-4488-ab27-29708a7c095b,"winegrower",null,3,"a person who grows grapes for the purpose of makin"
da50b78d-884a-4864-bd9b-2834e9d12c00,"wings",null,2,"the movable appendages attached to the body of a b"
e1b01aa3-c3a0-4167-aaad-47e448f416a8,"winnow",null,2,"to separate grain from chaff by blowing air throug"
aa5fbaeb-e30a-4ed9-8633-ba708ff9f120,"winsome",null,2,"charming, attractive, or appealing in a graceful, "
5f3a3155-d377-479c-bc7d-ca4162510a0b,"wisdom",null,2,"the ability to make sensible decisions and judgmen"
c18503f3-4c94-477e-b106-50306f795c68,"wish",null,1,"to have a strong desire for something"
5b368191-f8fc-4f6e-a8db-c5904a6ccd35,"wistful",null,2,"feeling or expressing a wistful, pensive, or melan"
5282f9be-6d15-4c24-a558-779850652181,"withered",null,3,"dried up, shriveled, or wilted, as from age or lac"
99431c17-0621-48fe-b065-3d48b6659673,"withers",null,2,"the part of a horse's back just behind the saddle "
2e99bb91-f83b-4649-9105-a3720833eab4,"without",null,2,"not having or accompanied by something"
82f4a5a2-a3dd-40ae-94b1-b2674826cba2,"wizard",null,2,"a person who is skilled in magic or sorcery"
4c4fadd8-f95a-46bb-97bb-dad525ac765b,"wizened",null,2,"shriveled or dried up, especially due to age or la"
13f0c716-03a6-48d6-afca-188a962bd92c,"woad",null,1,"a blue dye obtained from the leaves of certain pla"
c33b257c-bfc4-425b-b835-b7a5280b20ef,"wobbulator",null,3,"a device that produces a wobbling or oscillating m"
bf224ac2-3952-4377-9a64-6d56055c3825,"wobbulatormahogany",null,5,"a type of large, wooden cabinet used to store vari"
eba49a40-fb9b-4720-a6f6-8e84d8ed2c5a,"woebegone",null,3,"feeling or showing great sorrow, grief, or distres"
524685ac-4fa4-47cc-b052-f7f2c3e6106e,"wok",null,1,"a shallow, round cooking pan with a convex bottom,"
0170d59d-9405-4f3c-bb67-b279b25aa547,"wolfsbane",null,3,"a poisonous plant with yellow flowers, also known "
f74ba36d-3667-47c6-9754-f9b0e9b1684a,"woman",null,2,"an adult female human being"
05a466c7-2d63-419e-9368-ac7fe4788895,"wombat",null,2,"a small, stocky, burrowing marsupial native to aus"
46486bd9-c138-4522-babc-ea20cde292e1,"women",null,2,"adult human females"
d811a524-a237-40f5-90a7-6c2c76f1244b,"womyn",null,2,"a woman, especially one who rejects the traditiona"
e40b44d1-b5b9-4f34-8e86-b4ffaa12024e,"wonder",null,2,"a feeling of surprise and admiration caused by som"
c865234f-e75f-4f60-b984-f66baee01b4b,"wood",null,1,"a solid, hard material that comes from trees and i"
4e5af4df-ffb2-4dbc-9454-67873f662f4c,"wootz",null,2,"a type of high-quality steel with a distinctive pa"
bf0d58f7-ad7e-4f84-9b55-94294fd879fb,"wordmonger",null,3,"a person who is excessively fond of using or inven"
e127db57-9749-4427-a442-4c0265195156,"workhorse",null,3,"a horse used for hard, steady work, especially on "
e67d08e5-8859-4f1c-a3b6-41bd76363a09,"worldmath",null,3,"a combination of the study of the world and mathem"
35e5b02f-7f65-40ca-993f-d871f3aad503,"worried",null,2,"feeling or showing anxiety or concern about someth"
b0fcda71-0f9c-4d9c-a29f-ba79427a08f9,"worrywart",null,3,"a person who worries excessively"
08fcaa96-d10e-4b7b-8abb-166d04fef5d3,"worse",null,2,"more unfavorable, less good, or more severe than b"
ba04a480-af15-404a-804f-10eb1fe1d2cf,"worth",null,2,"the amount or value of something"
c932805e-3c71-4aa3-90b6-685ae99e58a1,"wow",null,1,"an exclamation expressing surprise, wonder, or del"
019f272a-96d8-472b-ad95-518add9ea05a,"wraith",null,2,"a ghost or ghostly image of a person"
01fab887-6818-47e1-8421-5585d1c3ed63,"wrath",null,2,"intense anger or rage"
d61593b9-2624-450a-ae7d-256c0e8815d8,"wreaked",null,2,"to cause severe damage or destruction."
cf6d78cc-ab41-4914-9943-0a510644c8c4,"wreath",null,2,"a circular band of flowers, leaves, or other mater"
25c69587-6a56-4e09-938b-04455d3c48cc,"wreckage",null,3,"damage or destruction, especially to a vehicle or "
3e0ac8c2-13bc-47f3-bce3-817738c5bd10,"wren",null,1,"a small songbird with a short tail and rounded bod"
1850d504-eb2f-4eeb-a5c7-f7924cb74dc5,"wrench",null,2,"a tool used to grip and turn nuts, bolts, and othe"
56c0fca7-e8c0-41ff-bc19-47de8fc63f96,"wrenches",null,3,"metal tools used for gripping, turning, or tighten"
ec4a41ff-483e-48be-87d4-5f49a3e12973,"wrestle",null,2,"to engage in a physical struggle or fight, typical"
fa2637c6-fe7a-4592-acd5-94ba01e40fa6,"wretched",null,3,"extremely bad, unpleasant, or unfortunate"
c293af12-e2ec-4dd7-99c3-15d01632909f,"wriggle",null,2,"to move or twist the body with short, quick moveme"
007a3672-f051-47f7-958f-c2e61e1efa8a,"wring",null,2,"to twist or compress something, especially to extr"
5a9c1be9-0bf2-403e-9300-c4b7a78f14d2,"writers",null,2,"people who write books, stories, articles, or othe"
32eb8b4b-215c-4e52-8b27-c024e4625e94,"writhes",null,2,"to twist or turn the body in a writhing motion, as"
8f7e85ed-438c-4098-8bb5-a20a0e725304,"written",null,2,"a written record or document, especially one that "
fb61141f-0c1c-498f-a3e8-a95448c1a801,"wunderkind",null,3,"a person who achieves great success at a young age"
77fcf424-b631-487a-b7e3-ee67b7871f24,"wushu",null,2,"a chinese martial art that emphasizes fluid, grace"
eb17360f-e858-4402-8f50-2d43552554b4,"xenoglossy",null,3,"the ability to speak or write a language that one "
4c74c9eb-a65d-4384-9b61-90adb24ff23c,"xerogel",null,2,"a type of gel that has been dried to remove the li"
e343a21f-b448-4f52-bb2e-a957c20774fd,"xiphias",null,2,"a large, predatory fish with a long, sword-like sn"
a7c52f42-b8a3-4bd5-8940-115de209f76d,"xiphophyllous",null,3,"having leaves shaped like a sword or dagger."
97c34117-8233-4dd4-9268-ba444ba363a9,"xylem",null,2,"the main conducting tissue in plants, responsible "
4f4afdbd-0e38-445c-9eb7-b3262df4dbec,"xyloglyphy",null,3,"the art of carving designs or patterns into wood"
978e482e-7fe8-4b97-8ec9-db05e37dae63,"xylyl",null,2,"a radical derived from xylene, used in organic che"
d4cb858e-ef51-4c3d-8f7a-a69250e7eb96,"yabbies",null,2,"small freshwater crustaceans that resemble small l"
7b242dfb-cdaa-449c-bbca-f675cd8aeb78,"yakitori",null,3,"a japanese skewered grilled chicken dish, often se"
0b2cd4b8-aaef-415b-80e2-5c9fde8af28b,"yakitoripejorate",null,5,"to negatively judge or evaluate something in a har"
826417fb-68f2-4551-86c0-d6ba12790fdd,"yammer",null,2,"to complain or grumble in a persistent, whining wa"
9a668899-107d-40f3-b7f3-6519068dbf92,"yankee",null,2,"an american, especially from the northern states; "
fb3fa806-b470-4b5b-ac29-43481ab7002e,"yardang",null,2,"a long, narrow, wind-eroded ridge or hill in a des"
75967b67-e937-4245-92a2-ef05488bef66,"yarn",null,1,"a long, continuous strand of fibers used for knitt"
822e5695-19f3-469d-938c-d962962b52dc,"yawl",null,1,"a small sailing vessel with two or more masts and "
c8df8684-6b25-4c64-a6eb-5dd9462ff54d,"yawmeter",null,3,"a device that measures the duration of a yawn."
4dd0b46e-2667-4b6d-a9b6-6c663006a15a,"yeanling",null,3,"a young animal, especially a young horse or other "
e05f96ae-e51d-4eb9-a298-67c78e0b24be,"yearn",null,2,"to have a strong desire or longing for something"
d8aedfdf-16ec-43b3-aed4-7ae413a9ccac,"yeatsian",null,3,"relating to or characteristic of the irish poet wi"
489d4e93-9cad-4300-8cba-7bc2d2b5d525,"yellowfin",null,3,"a type of tuna fish with yellow fins"
b4e69104-616c-45a2-84a0-6903dcb588e8,"yeoman",null,2,"a person who owns and cultivates a small farm."
51a799b2-d0c4-4787-b5b0-8ddf082aaebb,"yesterday",null,3,"the day before today"
2f097cfd-5431-42f2-bd7d-f89267a0e85b,"yeti",null,1,"a legendary, large, hairy creature said to live in"
7ceafc1b-6d25-41ea-ad30-b8619da7b360,"yippee",null,2,"an exclamation expressing joy or excitement"
f4dee173-3e56-4499-a20d-8ba33aad1a8a,"yoga",null,1,"a hindu spiritual and ascetic discipline, a part o"
4f210fa5-e47b-4197-bf6f-2a20e81edb70,"yolks",null,2,"the yellow part of an egg, which contains most of "
0d5a869c-eaa0-4619-a25b-9ec8ee77aafc,"yom",null,1,"a day in the jewish calendar, especially the sabba"
0193d7a2-e2a4-45ab-8767-d281d4227101,"yonder",null,2,"a place or location that is distant or far away"
6efb30b3-cbfc-4933-a998-39620af10385,"yoo-hoo",null,2,"an exclamation used to attract attention"
b18fb443-cc36-4905-a7b1-ca3dee87380d,"yore",null,1,"a time long ago in the past."
cc56e411-bd67-42f1-aaf5-1f7acdf5a0e4,"yorkshire",null,3,"a county in northern england known for its scenic "
a0cbd05d-5133-42a9-95c8-59165920f4ce,"yoruba",null,2,"an ethnic group native to southwestern nigeria and"
58eb27d2-9509-4f91-b92d-6627dfb39ea1,"yosenabe",null,3,"a japanese hot pot dish made with various ingredie"
189d8d0f-6095-4cf0-a59e-20d98784ad34,"young",null,2,"a person or thing that is not old or mature"
1f777c41-dce3-4b2f-9e52-85c0a174e7c4,"yttriferous",null,5,"containing or producing the rare metallic element "
f46333d6-1430-4dd9-8122-eee1c822670f,"yuga",null,1,"a period of time in hindu cosmology, typically las"
98bfe782-e6bf-4451-8852-0290cf377a7e,"yuloh",null,2,"a small oar or paddle used to propel a boat or can"
ec4766d2-6f84-4114-a33b-cd4024e40dba,"yurt",null,1,"a portable, round tent used by nomadic groups in c"
ed5cdd92-6d42-4045-9a02-aa46d9c86531,"yuzu",null,1,"a small, round citrus fruit with a distinctive tar"
65f6d7c9-547f-497b-a8cc-eb0966cd125f,"zabaglione",null,3,"a light, frothy italian custard made with egg yolk"
bb25eec2-2704-4fe8-8ac8-5ce08b60568d,"zacate",null,2,"a type of grass that is commonly used for animal f"
b80324a9-ffae-4267-bb50-c41e1b2837cc,"zaibatsu",null,3,"a large japanese business conglomerate, typically "
c1c47c79-1ccb-4aef-accc-bc06eae57c9b,"zamboni",null,2,"a machine used to resurface and maintain the ice o"
95015e37-ed45-4c50-a1c4-170d6a16a4d8,"zamboniblarney",null,3,"a combination of the names of the inventor of the "
0e38132a-552a-4845-b1ec-7f1672d65fd7,"zanni",null,2,"a type of comic character in italian theater, ofte"
267d6da9-7b9a-493d-9548-9945a795b95d,"zapateado",null,3,"a rhythmic dance step or pattern in flamenco music"
93ce9c54-231e-470b-b245-937093c9b1b1,"zazen",null,2,"a form of seated meditation in zen buddhism, focus"
585edfa0-32db-40b4-96f3-8eaad68d0363,"zazencabochon",null,3,"a smooth, rounded, cabochon-cut gemstone, typicall"
f5b473c4-8f8b-4a29-a3a3-af05d92292a4,"zdarsky",null,2,"a surname of ukrainian origin, referring to a pers"
989d1140-43e5-4367-b43c-ee873556fe89,"zebra",null,2,"a large, hoofed mammal native to africa, with a di"
8b5a71e3-169f-4a1d-ab00-2f4d6ef95157,"zeitgeist",null,3,"the defining spirit or mood of a particular period"
5f025ec8-cfb3-4da2-a94d-5f1e107b111a,"zemi",null,1,"a type of small, edible fruit that grows on a tree"
bc15c2a2-39bb-4c6f-9b5b-9b87ae605b87,"zephyr",3,2,"a gentle, mild breeze, especially a western wind; "
f2410802-859d-41ad-94a6-891967d07180,"zeppelin",null,3,"a large, cigar-shaped, hydrogen-filled aircraft th"
b9534f89-18c7-443a-ad84-375bddd29a00,"ziggurat",null,3,"a type of ancient mesopotamian temple or pyramid w"
7028dd76-e789-44aa-a8bb-c63da9d78664,"zimbabwe",null,3,"a country located in southern africa, known for it"
6e6da5bb-bb2d-4771-b368-99a040bc6179,"zimocca",null,2,"a type of sponge found in the mediterranean sea."
8130e1e0-cc23-4528-a49e-492e59ac6593,"zip",null,1,"a small fastener used to close an opening, such as"
85fe33f1-b635-448d-ad43-2167998b7a92,"zirconium",null,4,"a metallic chemical element that is used in jewelr"
a8e491be-655a-4ea2-81f7-606ceb6ad345,"zither",null,2,"a stringed musical instrument played by plucking t"
ea539748-f822-4ac2-8b81-9769b88578c6,"zithersustain",null,3,"the sustained vibration of the strings on a zither"
79bd95de-e410-4996-adfd-984e4999edeb,"zocalo",null,2,"a public square or plaza, typically in a mexican c"
3ffe624d-b5ff-42e4-8598-53a1b1ba61fc,"zodiac",null,2,"a diagram or chart representing the positions of t"
23940fbe-9e99-4cf3-b789-45d2a3d0f0e9,"zoetic",null,2,"relating to or characteristic of life or living or"
c913e213-f640-4928-ad10-4bd907bd21f7,"zoolatry",null,3,"the worship of animals or animal gods"
c711e2e9-e1f0-42e5-9fd6-5e2f3f2942c5,"zoomed",null,2,"to move or go quickly, at a fast pace."
d3391ed3-1329-4c77-b6a5-f8087901a518,"zortzico",null,3,"a type of basque folk dance in triple meter, often"
6d0c9780-5017-4b4a-9018-152b15cd4eb6,"zowie",null,2,"an exclamation expressing surprise or admiration"
4eb893a1-b916-405a-aef8-a83fe00a4876,"zugzwang",null,3,"a situation in chess where a player is forced to m"
ac5a9af1-986a-480c-a199-e6eeb681ced2,"zugzwangterre",null,3,"a situation in chess where a player is forced to m"
9fc41fd7-5aa7-4c01-bad5-48e3a3daf580,"zurna",null,2,"a type of double-reed woodwind instrument, typical"
a3d86800-6c87-49db-99e1-29984502311a,"zydeco",null,2,"a form of american folk music originating in louis"
96a9f4db-3207-466f-8650-8cae76cc516f,"zygote",null,2,"the first cell formed when a sperm fertilizes an e"
46547399-89df-4712-8b62-ae738542d29f,"zygotea",null,2,"the first cell formed by the union of a sperm and "
08d7dad8-3fd9-4f88-b54d-6743dd77cf06,"zygotenoun",null,3,"the fertilized egg cell that results from the unio"
4e9b44cc-89fe-4777-bb88-d14ec2db7963,"zymurgy",null,2,"the branch of applied chemistry that deals with th"
267a3154-d2ce-4230-8049-5046f40475e6,"zyzomys",null,2,"a small, nocturnal rodent native to australia, wit"
d02334a8-1e97-40ad-b8e5-c9f62299957e,"zyzomysadjective",null,5,"relating to or denoting a small rodent of the fami"