Question,Answer,Difficulty,Type,Verb,Tense,Person,Has_Audio,Has_Image,Anki_Tags
"El verbo enél eses _____","ser","Advanced","fill_in_blank","None","None","None","No","No"," ends_in_er extreme_irregularity infinitivo irregular_verb regular_form ser "
"Mientras estoy estudiando…ella está _____ (vigilada)","siendo","Advanced","fill_in_blank","ser","None","None","No","No"," ends_in_er extreme_irregularity gerundio irregular_verb regular_form ser "
"Hugo ha _____ (vigilado)","sido","Advanced","fill_in_blank","ser","None","None","No","No"," ends_in_er extreme_irregularity irregular_verb participio regular_form ser "
"⊙ Ahora mismo, ⊙yo _____ (consciente de ello)","soy","Elementary","fill_in_blank","ser","None","None","No","No"," ends_in_er extreme_irregularity irregular_form irregular_verb presente ser yo "
"⊙ Ahora mismo, ⊙tú _____ (consciente de ello)","eres","Elementary","fill_in_blank","ser","None","None","No","No"," dicho ends_in_er extreme_irregularity in_the_wild irregular_form irregular_verb presente ser tú tú_vos "
"⊙ Ahora mismo, ⊙vos _____ (consciente de ello)","sos","Elementary","fill_in_blank","ser","None","None","No","No"," ends_in_er extreme_irregularity irregular_form irregular_verb presente ser tú_vos vos "
"⊙ Ahora mismo, ⊙él/ella/usted _____ (consciente de ello)","es","Elementary","fill_in_blank","ser","None","None","No","No"," ends_in_er extreme_irregularity in_the_wild irregular_form irregular_verb modismo presente ser él_ella_usted "
"⊙ Ahora mismo, ⊙nosotros _____ (conscientes de ello)","somos","Elementary","fill_in_blank","ser","None","None","No","No"," ends_in_er extreme_irregularity irregular_form irregular_verb nosotros presente ser "
"⊙ Ahora mismo, ⊙vosotros _____ (conscientes de ello)","sois","Elementary","fill_in_blank","ser","None","None","No","No"," ends_in_er extreme_irregularity irregular_form irregular_verb presente ser vosotros "
"⊙ Ahora mismo, ⊙ellos/ellas/ustedes _____ (conscientes de ello)","son","Elementary","fill_in_blank","ser","None","None","No","No"," ellos_ellas_ustedes ends_in_er extreme_irregularity irregular_form irregular_verb presente ser "
"⇠ En esa época, a menudo, ⇠yo _____ (consciente de ello)","era","Advanced","fill_in_blank","ser","None","None","No","No"," ends_in_er extreme_irregularity imperfecto irregular_form irregular_verb ser yo "
"⇠ En esa época, a menudo, ⇠tú/vos _____ (consciente de ello)","eras","Advanced","fill_in_blank","ser","None","None","No","No"," ends_in_er extreme_irregularity imperfecto irregular_form irregular_verb ser tú_vos "
"⇠ En esa época, a menudo, ⇠él/ella/usted _____ (consciente de ello)","era","Advanced","fill_in_blank","ser","None","None","No","No"," ends_in_er extreme_irregularity imperfecto irregular_form irregular_verb ser él_ella_usted "
"⇠ En esa época, a menudo, ⇠nosotros _____ (conscientes de ello)","éramos","Advanced","fill_in_blank","ser","None","None","No","No"," dicho ends_in_er extreme_irregularity imperfecto in_the_wild irregular_form irregular_verb nosotros ser "
"⇠ En esa época, a menudo, ⇠vosotros _____ (conscientes de ello)","erais","Advanced","fill_in_blank","ser","None","None","No","No"," ends_in_er extreme_irregularity imperfecto irregular_form irregular_verb ser vosotros "
"⇠ En esa época, a menudo, ⇠ellos/ellas/ustedes _____ (conscientes de ello)","eran","Advanced","fill_in_blank","ser","None","None","No","No"," ellos_ellas_ustedes ends_in_er extreme_irregularity imperfecto irregular_form irregular_verb ser "
"↧ En aquel momento ↧yo _____ (consciente de ello)","fui","Advanced","fill_in_blank","ser","None","None","No","No"," ends_in_er extreme_irregularity indefinido irregular_form irregular_verb ser yo "
"↧ En aquel momento ↧tú/vos _____ (consciente de ello)","fuiste","Advanced","fill_in_blank","ser","None","None","No","No"," ends_in_er extreme_irregularity indefinido irregular_form irregular_verb ser tú_vos "
"↧ En aquel momento ↧él/ella/usted _____ (consciente de ello)","fue","Advanced","fill_in_blank","ser","None","None","No","No"," ends_in_er extreme_irregularity indefinido irregular_form irregular_verb ser él_ella_usted "
"↧ En aquel momento ↧nosotros _____ (conscientes de ello)","fuimos","Advanced","fill_in_blank","ser","None","None","No","No"," ends_in_er extreme_irregularity indefinido irregular_form irregular_verb nosotros ser "
"↧ En aquel momento ↧vosotros _____ (conscientes de ello)","fuisteis","Advanced","fill_in_blank","ser","None","None","No","No"," ends_in_er extreme_irregularity indefinido irregular_form irregular_verb ser vosotros "
"↧ En aquel momento ↧ellos/ellas/ustedes _____ (conscientes de ello)","fueron","Advanced","fill_in_blank","ser","None","None","No","No"," ellos_ellas_ustedes ends_in_er extreme_irregularity in_the_wild indefinido irregular_form irregular_verb refrán ser "
"→ En el futuro, →yo _____ (consciente de ello)","seré","Advanced","fill_in_blank","ser","None","None","No","No"," ends_in_er extreme_irregularity futuro irregular_verb regular_form ser yo "
"→ En el futuro, →tú/vos _____ (consciente de ello)","serás","Advanced","fill_in_blank","ser","None","None","No","No"," ends_in_er extreme_irregularity futuro irregular_verb regular_form ser tú_vos "
"→ En el futuro, →él/ella/usted _____ (consciente de ello)","será","Advanced","fill_in_blank","ser","None","None","No","No"," ends_in_er extreme_irregularity futuro irregular_verb regular_form ser él_ella_usted "
"→ En el futuro, →nosotros _____ (conscientes de ello)","seremos","Advanced","fill_in_blank","ser","None","None","No","No"," ends_in_er extreme_irregularity futuro irregular_verb nosotros regular_form ser "
"→ En el futuro, →vosotros _____ (conscientes de ello)","seréis","Advanced","fill_in_blank","ser","None","None","No","No"," ends_in_er extreme_irregularity futuro irregular_verb regular_form ser vosotros "
"→ En el futuro, →ellos/ellas/ustedes _____ (conscientes de ello)","serán","Advanced","fill_in_blank","ser","None","None","No","No"," ellos_ellas_ustedes ends_in_er extreme_irregularity futuro irregular_verb regular_form ser "
"… Si ocurriese esto, …yo _____ (consciente de ello)","sería","Advanced","fill_in_blank","ser","None","None","No","No"," condicional ends_in_er extreme_irregularity irregular_verb regular_form ser yo "
"… Si sucediera esto, …tú/vos _____ (consciente de ello)","serías","Advanced","fill_in_blank","ser","None","None","No","No"," condicional ends_in_er extreme_irregularity irregular_verb regular_form ser tú_vos "
"… Si acaeciera algo, …él/ella/usted _____ (consciente de ello)","sería","Advanced","fill_in_blank","ser","None","None","No","No"," condicional ends_in_er extreme_irregularity irregular_verb regular_form ser él_ella_usted "
"… Si pasara algo, …nosotros _____ (conscientes de ello)","seríamos","Advanced","fill_in_blank","ser","None","None","No","No"," condicional ends_in_er extreme_irregularity irregular_verb nosotros regular_form ser "
"… Si aconteciese esto, …vosotros _____ (conscientes de ello)","seríais","Advanced","fill_in_blank","ser","None","None","No","No"," condicional ends_in_er extreme_irregularity irregular_verb regular_form ser vosotros "
"… Si se produjera esto, …ellos/ellas/ustedes _____ (conscientes de ello)","serían","Advanced","fill_in_blank","ser","None","None","No","No"," condicional ellos_ellas_ustedes ends_in_er extreme_irregularity irregular_verb regular_form ser "
"〰 Resulta divertido que 〰yo _____ (consciente de ello)","sea","Elementary","fill_in_blank","ser","None","None","No","No"," ends_in_er extreme_irregularity irregular_form irregular_verb ser subjuntivo_presente yo "
"〰 Resulta divertido que 〰tú/vos _____ (consciente de ello)","seas","Elementary","fill_in_blank","ser","None","None","No","No"," ends_in_er extreme_irregularity in_the_wild irregular_form irregular_verb refrán ser subjuntivo_presente tú_vos "
"〰 Resulta divertido que 〰él/ella/usted _____ (consciente de ello)","sea","Elementary","fill_in_blank","ser","None","None","No","No"," cita ends_in_er extreme_irregularity in_the_wild irregular_form irregular_verb ser subjuntivo_presente él_ella_usted "
"〰 Resulta divertido que 〰nosotros _____ (conscientes de ello)","seamos","Elementary","fill_in_blank","ser","None","None","No","No"," ends_in_er extreme_irregularity irregular_form irregular_verb nosotros ser subjuntivo_presente "
"〰 Resulta divertido que 〰vosotros _____ (conscientes de ello)","seáis","Elementary","fill_in_blank","ser","None","None","No","No"," ends_in_er extreme_irregularity irregular_form irregular_verb ser subjuntivo_presente vosotros "
"〰 Resulta divertido que 〰ellos/ellas/ustedes _____ (conscientes de ello)","sean","Elementary","fill_in_blank","ser","None","None","No","No"," ellos_ellas_ustedes ends_in_er extreme_irregularity irregular_form irregular_verb ser subjuntivo_presente "
"↫ Fue sorprendente que ↫yo _____ (consciente de ello)","fuera | fuese","Advanced","fill_in_blank","ser","None","None","No","No"," ends_in_er extreme_irregularity irregular_form irregular_verb ser subjuntivo_pasado yo "
"↫ Fue sorprendente que ↫tú/vos _____ (consciente de ello)","fueras | fueses","Advanced","fill_in_blank","ser","None","None","No","No"," ends_in_er extreme_irregularity irregular_form irregular_verb ser subjuntivo_pasado tú_vos "
"↫ Fue sorprendente que ↫él/ella/usted _____ (consciente de ello)","fuera | fuese","Advanced","fill_in_blank","ser","None","None","No","No"," ends_in_er extreme_irregularity in_the_wild irregular_form irregular_verb refrán ser subjuntivo_pasado él_ella_usted "
"↫ Fue sorprendente que ↫nosotros _____ (conscientes de ello)","fuéramos | fuésemos","Advanced","fill_in_blank","ser","None","None","No","No"," ends_in_er extreme_irregularity in_the_wild irregular_form irregular_verb modismo nosotros ser subjuntivo_pasado "
"↫ Fue sorprendente que ↫vosotros _____ (conscientes de ello)","fuerais | fueseis","Advanced","fill_in_blank","ser","None","None","No","No"," ends_in_er extreme_irregularity irregular_form irregular_verb ser subjuntivo_pasado vosotros "
"↫ Fue sorprendente que ↫ellos/ellas/ustedes _____ (conscientes de ello)","fueran | fuesen","Advanced","fill_in_blank","ser","None","None","No","No"," ellos_ellas_ustedes ends_in_er extreme_irregularity irregular_form irregular_verb ser subjuntivo_pasado "
"Hombre, por favor,¡ _____ (consciente de ello), ya !","sé","Advanced","fill_in_blank","ser","None","None","No","No"," ends_in_er extreme_irregularity imperativo irregular_form irregular_verb ser tú_vos "
"Mujer, por favor,¡ no _____ (así) !(tú/vos)","seas","Advanced","fill_in_blank","ser","None","None","No","No"," ends_in_er extreme_irregularity imperativo in_the_wild irregular_form irregular_verb negative_imperativo refrán ser tú_vos "
"Señora, por favor,¡ (que) _____ (consciente de ello), ya !(él/ella/usted)","sea","Advanced","fill_in_blank","ser","None","None","No","No"," ends_in_er extreme_irregularity imperativo irregular_form irregular_verb ser él_ella_usted "
"Vámonos equipo, por favor,¡ (que) _____ (conscientes), ya !(nosotros)","seamos","Advanced","fill_in_blank","ser","None","None","No","No"," ends_in_er extreme_irregularity imperativo irregular_form irregular_verb nosotros ser "
"Tú y tú, por favor,¡ _____ (conscientes), ya !(vosotros)","sed","Advanced","fill_in_blank","ser","None","None","No","No"," ends_in_er extreme_irregularity imperativo irregular_verb regular_form ser vosotros "
"Señores, por favor,¡ (que) _____ (conscientes), ya ! (ellos/ellas/ustedes)","sean","Advanced","fill_in_blank","ser","None","None","No","No"," ellos_ellas_ustedes ends_in_er extreme_irregularity imperativo irregular_form irregular_verb ser "
"↬ Si en un dudoso futuro ↬yo _____ consciente, ¡suerte!","fuere","Advanced","fill_in_blank","ser","None","None","No","No"," ends_in_er extreme_irregularity irregular_form irregular_verb ser subjuntivo_futuro yo "
"↬ Si en un dudoso futuro ↬tú/vos _____ consciente, ¡suerte!","fueres","Advanced","fill_in_blank","ser","None","None","No","No"," ends_in_er extreme_irregularity in_the_wild irregular_form irregular_verb refrán ser subjuntivo_futuro tú_vos "
"↬ Si en un dudoso futuro ↬él/ella/usted _____ consciente, ¡suerte!","fuere","Advanced","fill_in_blank","ser","None","None","No","No"," ends_in_er extreme_irregularity in_the_wild irregular_form irregular_verb modismo ser subjuntivo_futuro él_ella_usted "
"↬ Si en un dudoso futuro ↬nosotros _____ conscientes, ¡suerte!","fuéremos","Advanced","fill_in_blank","ser","None","None","No","No"," ends_in_er extreme_irregularity irregular_form irregular_verb nosotros ser subjuntivo_futuro "
"↬ Si en un dudoso futuro ↬vosotros _____ conscientes, ¡suerte!","fuereis","Advanced","fill_in_blank","ser","None","None","No","No"," ends_in_er extreme_irregularity irregular_form irregular_verb ser subjuntivo_futuro vosotros "
"↬ Si en un dudoso futuro ↬ellos/ellas/ustedes _____ conscientes, ¡suerte!","fueren","Advanced","fill_in_blank","ser","None","None","No","No"," ellos_ellas_ustedes ends_in_er extreme_irregularity irregular_form irregular_verb ser subjuntivo_futuro "
"El verbo enél haes _____","haber","Advanced","fill_in_blank","None","None","None","No","No"," ends_in_er extreme_irregularity haber infinitivo irregular_verb regular_form "
"Mientras estoy estudiando…está _____ (mucha especulación)","habiendo","Advanced","fill_in_blank","haber","None","None","No","No"," ends_in_er extreme_irregularity gerundio haber irregular_verb regular_form "
"Hugo dice que ha _____ (un malentendido)","habido","Advanced","fill_in_blank","haber","None","None","No","No"," ends_in_er extreme_irregularity haber irregular_verb participio regular_form "
"⊙ Ahora mismo, ⊙yo _____ (cambiado de opinión)","he","Elementary","fill_in_blank","haber","None","None","No","No"," ends_in_er extreme_irregularity haber irregular_form irregular_verb presente yo "
"⊙ Ahora mismo, ⊙tú/vos _____ (cambiado de opinión)","has","Elementary","fill_in_blank","haber","None","None","No","No"," ends_in_er extreme_irregularity haber in_the_wild irregular_form irregular_verb presente refrán tú_vos "
"⊙ Ahora mismo, ⊙él/ella/usted _____ (cambiado de opinión)","ha","Elementary","fill_in_blank","haber","None","None","No","No"," ends_in_er extreme_irregularity haber irregular_form irregular_verb presente él_ella_usted "
"⊙ ¿Tiene usted tofu en la tienda? ⊙No, no _____","hay","Elementary","fill_in_blank","haber","None","None","No","No"," ends_in_er extreme_irregularity haber idiom impersonal irregular_form irregular_verb presente "
"⊙ Ahora mismo, ⊙nosotros _____ (cambiado de opinión)","hemos","Elementary","fill_in_blank","haber","None","None","No","No"," ends_in_er extreme_irregularity haber in_the_wild irregular_form irregular_verb nosotros presente refrán "
"⊙ Ahora mismo, ⊙vosotros _____ (cambiado de opinión)","habéis","Elementary","fill_in_blank","haber","None","None","No","No"," ends_in_er extreme_irregularity haber irregular_verb presente regular_form vosotros "
"⊙ Ahora mismo, ⊙ellos/ellas/ustedes _____ (cambiado de opinión)","han","Elementary","fill_in_blank","haber","None","None","No","No"," ellos_ellas_ustedes ends_in_er extreme_irregularity haber irregular_form irregular_verb presente "
"⇠ En esa época, a menudo, ⇠yo _____ (cenado antes de llegar a casa)","había","Advanced","fill_in_blank","haber","None","None","No","No"," ends_in_er extreme_irregularity haber imperfecto irregular_verb regular_form yo "
"⇠ En esa época, a menudo, ⇠tú/vos _____ (cenado antes de llegar a casa)","habías","Advanced","fill_in_blank","haber","None","None","No","No"," ends_in_er extreme_irregularity haber imperfecto irregular_verb regular_form tú_vos "
"⇠ En esa época, a menudo, ⇠él/ella/usted _____ (cenado antes de llegar a casa)","había","Advanced","fill_in_blank","haber","None","None","No","No"," ends_in_er extreme_irregularity haber imperfecto irregular_verb regular_form él_ella_usted "
"⇠ En esa época, a menudo, ⇠nosotros _____ (cenado antes de llegar a casa)","habíamos","Advanced","fill_in_blank","haber","None","None","No","No"," ends_in_er extreme_irregularity haber imperfecto irregular_verb nosotros regular_form "
"⇠ En esa época, a menudo, ⇠vosotros _____ (cenado antes de llegar a casa)","habíais","Advanced","fill_in_blank","haber","None","None","No","No"," ends_in_er extreme_irregularity haber imperfecto irregular_verb regular_form vosotros "
"⇠ En esa época, a menudo, ⇠ellos/ellas/ustedes _____ (cenado antes de llegar a casa)","habían","Advanced","fill_in_blank","haber","None","None","No","No"," ellos_ellas_ustedes ends_in_er extreme_irregularity haber imperfecto irregular_verb regular_form "
"↧ En aquel momento ↧una vez yo _____ (comido, ella salió)","hube","Advanced","fill_in_blank","haber","None","None","No","No"," ends_in_er extreme_irregularity haber indefinido irregular_form irregular_verb yo "
"↧ En aquel momento ↧una vez tú/vos _____ (comido, ella salió)","hubiste","Advanced","fill_in_blank","haber","None","None","No","No"," ends_in_er extreme_irregularity haber indefinido irregular_form irregular_verb tú_vos "
"↧ En aquel momento ↧una vez él/ella/usted _____ (comido, ella salió)","hubo","Advanced","fill_in_blank","haber","None","None","No","No"," ends_in_er extreme_irregularity haber in_the_wild indefinido irregular_form irregular_verb refrán él_ella_usted "
"↧ En aquel momento ↧una vez nosotros _____ (comido, ella salió)","hubimos","Advanced","fill_in_blank","haber","None","None","No","No"," ends_in_er extreme_irregularity haber indefinido irregular_form irregular_verb nosotros "
"↧ En aquel momento ↧una vez vosotros _____ (comido, ella salió)","hubisteis","Advanced","fill_in_blank","haber","None","None","No","No"," ends_in_er extreme_irregularity haber indefinido irregular_form irregular_verb vosotros "
"↧ En aquel momento ↧una vez ellos/ellas/ustedes _____ (comido, ella salió)","hubieron","Advanced","fill_in_blank","haber","None","None","No","No"," ellos_ellas_ustedes ends_in_er extreme_irregularity haber indefinido irregular_form irregular_verb "
"→ En el futuro, →yo _____ (viajado a lo largo y ancho de España)","habré","Advanced","fill_in_blank","haber","None","None","No","No"," ends_in_er extreme_irregularity futuro haber irregular_form irregular_verb yo "
"→ En el futuro, →tú/vos _____ (viajado a lo largo y ancho de España)","habrás","Advanced","fill_in_blank","haber","None","None","No","No"," ends_in_er extreme_irregularity futuro haber irregular_form irregular_verb tú_vos "
"→ En el futuro, →él/ella/usted _____ (viajado a lo largo y ancho de España)","habrá","Advanced","fill_in_blank","haber","None","None","No","No"," ends_in_er extreme_irregularity futuro haber irregular_form irregular_verb él_ella_usted "
"→ En el futuro, →nosotros _____ (viajado a lo largo y ancho de España)","habremos","Advanced","fill_in_blank","haber","None","None","No","No"," ends_in_er extreme_irregularity futuro haber irregular_form irregular_verb nosotros "
"→ En el futuro, →vosotros _____ (viajado a lo largo y ancho de España)","habréis","Advanced","fill_in_blank","haber","None","None","No","No"," ends_in_er extreme_irregularity futuro haber irregular_form irregular_verb vosotros "
"→ En el futuro, →ellos/ellas/ustedes _____ (viajado a lo largo y ancho de España)","habrán","Advanced","fill_in_blank","haber","None","None","No","No"," ellos_ellas_ustedes ends_in_er extreme_irregularity futuro haber irregular_form irregular_verb "
"… Si ocurriese esto, …yo _____ (ganado el premio)","habría","Advanced","fill_in_blank","haber","None","None","No","No"," condicional ends_in_er extreme_irregularity haber irregular_form irregular_verb yo "
"… Si sucediera esto, …tú/vos _____ (ganado el premio)","habrías","Advanced","fill_in_blank","haber","None","None","No","No"," condicional ends_in_er extreme_irregularity haber irregular_form irregular_verb tú_vos "
"… Si acaeciera algo, …él/ella/usted _____ (ganado el premio)","habría","Advanced","fill_in_blank","haber","None","None","No","No"," condicional ends_in_er extreme_irregularity haber irregular_form irregular_verb él_ella_usted "
"… Si pasara algo, …nosotros _____ (ganado el premio)","habríamos","Advanced","fill_in_blank","haber","None","None","No","No"," condicional ends_in_er extreme_irregularity haber irregular_form irregular_verb nosotros "
"… Si aconteciese esto, …vosotros _____ (ganado el premio)","habríais","Advanced","fill_in_blank","haber","None","None","No","No"," condicional ends_in_er extreme_irregularity haber irregular_form irregular_verb vosotros "
"… Si se produjera esto, …ellos/ellas/ustedes _____ (ganado el premio)","habrían","Advanced","fill_in_blank","haber","None","None","No","No"," condicional ellos_ellas_ustedes ends_in_er extreme_irregularity haber irregular_form irregular_verb "
"〰 Resulta divertido que 〰yo _____ (cambiado de opinión)","haya","Elementary","fill_in_blank","haber","None","None","No","No"," ends_in_er extreme_irregularity haber irregular_form irregular_verb subjuntivo_presente yo "
"〰 Resulta divertido que 〰tú/vos _____ (cambiado de opinión)","hayas","Elementary","fill_in_blank","haber","None","None","No","No"," ends_in_er extreme_irregularity haber irregular_form irregular_verb subjuntivo_presente tú_vos "
"〰 Resulta divertido que 〰él/ella/usted _____ (cambiado de opinión)","haya","Elementary","fill_in_blank","haber","None","None","No","No"," ends_in_er extreme_irregularity haber irregular_form irregular_verb subjuntivo_presente él_ella_usted "
"〰 Resulta divertido que 〰nosotros _____ (cambiado de opinión)","hayamos","Elementary","fill_in_blank","haber","None","None","No","No"," ends_in_er extreme_irregularity haber irregular_form irregular_verb nosotros subjuntivo_presente "
"〰 Resulta divertido que 〰vosotros _____ (cambiado de opinión)","hayáis","Elementary","fill_in_blank","haber","None","None","No","No"," ends_in_er extreme_irregularity haber irregular_form irregular_verb subjuntivo_presente vosotros "
"〰 Resulta divertido que 〰ellos/ellas/ustedes _____ (cambiado de opinión)","hayan","Elementary","fill_in_blank","haber","None","None","No","No"," ellos_ellas_ustedes ends_in_er extreme_irregularity haber irregular_form irregular_verb subjuntivo_presente "
"↫ Fue sorprendente que ↫yo _____ (cambiado de opinión)","hubiera | hubiese","Advanced","fill_in_blank","haber","None","None","No","No"," ends_in_er extreme_irregularity haber irregular_form irregular_verb subjuntivo_pasado yo "
"↫ Fue sorprendente que ↫tú/vos _____ (cambiado de opinión)","hubieras | hubieses","Advanced","fill_in_blank","haber","None","None","No","No"," ends_in_er extreme_irregularity haber irregular_form irregular_verb subjuntivo_pasado tú_vos "
"↫ Fue sorprendente que ↫él/ella/usted _____ (cambiado de opinión)","hubiera | hubiese","Advanced","fill_in_blank","haber","None","None","No","No"," dicho ends_in_er extreme_irregularity haber in_the_wild irregular_form irregular_verb subjuntivo_pasado él_ella_usted "
"↫ Fue sorprendente que ↫nosotros _____ (cambiado de opinión)","hubiéramos | hubiésemos","Advanced","fill_in_blank","haber","None","None","No","No"," ends_in_er extreme_irregularity haber irregular_form irregular_verb nosotros subjuntivo_pasado "
"↫ Fue sorprendente que ↫vosotros _____ (cambiado de opinión)","hubierais | hubieseis","Advanced","fill_in_blank","haber","None","None","No","No"," ends_in_er extreme_irregularity haber irregular_form irregular_verb subjuntivo_pasado vosotros "
"↫ Fue sorprendente que ↫ellos/ellas/ustedes _____ (cambiado de opinión)","hubieran | hubiesen","Advanced","fill_in_blank","haber","None","None","No","No"," ellos_ellas_ustedes ends_in_er extreme_irregularity haber irregular_form irregular_verb subjuntivo_pasado "
"Hombre, por favor,¡ _____ (comido antes de salir) !","he | habe","Advanced","fill_in_blank","haber","None","None","No","No"," ends_in_er extreme_irregularity haber imperativo irregular_form irregular_verb tú_vos "
"Mujer, por favor,¡ no _____ (cenado antes de llegar a casa) !(tú/vos)","hayas","Advanced","fill_in_blank","haber","None","None","No","No"," ends_in_er extreme_irregularity haber imperativo irregular_form irregular_verb negative_imperativo tú_vos "
"Señora, por favor,¡ (que) _____ (comido antes de salir) !(él/ella/usted)","haya","Advanced","fill_in_blank","haber","None","None","No","No"," ends_in_er extreme_irregularity haber imperativo irregular_form irregular_verb él_ella_usted "
"Vámonos equipo, por favor,¡ (que) _____ (comido antes de salir) !(nosotros)","hayamos","Advanced","fill_in_blank","haber","None","None","No","No"," ends_in_er extreme_irregularity haber imperativo irregular_form irregular_verb nosotros "
"Tú y tú, por favor,¡ _____ (comido antes de salir) !(vosotros)","habed","Advanced","fill_in_blank","haber","None","None","No","No"," ends_in_er extreme_irregularity haber imperativo irregular_verb regular_form vosotros "
"Señores, por favor,¡ (que) _____ (comido antes de salir) ! (ellos/ellas/ustedes)","hayan","Advanced","fill_in_blank","haber","None","None","No","No"," ellos_ellas_ustedes ends_in_er extreme_irregularity haber imperativo irregular_form irregular_verb "
"↬ Si en un dudoso futuro ↬yo lo _____ dicho, ¡suerte!","hubiere","Advanced","fill_in_blank","haber","None","None","No","No"," ends_in_er extreme_irregularity haber irregular_form irregular_verb subjuntivo_futuro yo "
"↬ Si en un dudoso futuro ↬tú/vos lo _____ dicho, ¡suerte!","hubieres","Advanced","fill_in_blank","haber","None","None","No","No"," ends_in_er extreme_irregularity haber irregular_form irregular_verb subjuntivo_futuro tú_vos "
"↬ Si en un dudoso futuro ↬él/ella/usted lo _____ dicho, ¡suerte!","hubiere","Advanced","fill_in_blank","haber","None","None","No","No"," ends_in_er extreme_irregularity haber irregular_form irregular_verb subjuntivo_futuro él_ella_usted "
"↬ Si en un dudoso futuro ↬nosotros lo _____ dicho, ¡suerte!","hubiéremos","Advanced","fill_in_blank","haber","None","None","No","No"," ends_in_er extreme_irregularity haber irregular_form irregular_verb nosotros subjuntivo_futuro "
"↬ Si en un dudoso futuro ↬vosotros lo _____ dicho, ¡suerte!","hubiereis","Advanced","fill_in_blank","haber","None","None","No","No"," ends_in_er extreme_irregularity haber irregular_form irregular_verb subjuntivo_futuro vosotros "
"↬ Si en un dudoso futuro ↬ellos/ellas/ustedes lo _____ dicho, ¡suerte!","hubieren","Advanced","fill_in_blank","haber","None","None","No","No"," ellos_ellas_ustedes ends_in_er extreme_irregularity haber irregular_form irregular_verb subjuntivo_futuro "
"El verbo enél estáes _____","estar","Intermediate","fill_in_blank","None","None","None","No","No"," ends_in_ar estar high_irregularity infinitivo irregular_verb regular_form "
"Mientras estoy estudiando…ella está _____ (parada)","estando","Intermediate","fill_in_blank","estar","None","None","No","No"," ends_in_ar estar gerundio high_irregularity irregular_verb regular_form "
"Hugo ha _____ (en Cádiz)","estado","Intermediate","fill_in_blank","estar","None","None","No","No"," ends_in_ar estar high_irregularity irregular_verb participio regular_form "
"⊙ Ahora mismo, ⊙yo _____ (en Cádiz)","estoy","Elementary","fill_in_blank","estar","None","None","No","No"," ends_in_ar estar high_irregularity in_the_wild irregular_form irregular_verb modismo presente yo "
"⊙ Ahora mismo, ⊙tú/vos _____ (en Cádiz)","estás","Elementary","fill_in_blank","estar","None","None","No","No"," ends_in_ar estar high_irregularity in_the_wild irregular_form irregular_verb modismo presente tú_vos "
"⊙ Ahora mismo, ⊙él/ella/usted _____ (en Cádiz)","está","Elementary","fill_in_blank","estar","None","None","No","No"," dicho ends_in_ar estar high_irregularity in_the_wild irregular_form irregular_verb presente él_ella_usted "
"⊙ Ahora mismo, ⊙nosotros _____ (en Cádiz)","estamos","Elementary","fill_in_blank","estar","None","None","No","No"," ends_in_ar estar high_irregularity in_the_wild irregular_verb modismo nosotros presente regular_form "
"⊙ Ahora mismo, ⊙vosotros _____ (en Cádiz)","estáis","Elementary","fill_in_blank","estar","None","None","No","No"," ends_in_ar estar high_irregularity in_the_wild irregular_verb modismo presente regular_form vosotros "
"⊙ Ahora mismo, ⊙ellos/ellas/ustedes _____ (en Cádiz)","están","Elementary","fill_in_blank","estar","None","None","No","No"," ellos_ellas_ustedes ends_in_ar estar high_irregularity irregular_form irregular_verb presente "
"⇠ En esa época, a menudo, ⇠yo _____ (en Cádiz)","estaba","Intermediate","fill_in_blank","estar","None","None","No","No"," ends_in_ar estar high_irregularity imperfecto in_the_wild irregular_verb modismo regular_form yo "
"⇠ En esa época, a menudo, ⇠tú/vos _____ (en Cádiz)","estabas","Intermediate","fill_in_blank","estar","None","None","No","No"," ends_in_ar estar high_irregularity imperfecto irregular_verb regular_form tú_vos "
"⇠ En esa época, a menudo, ⇠él/ella/usted _____ (en Cádiz)","estaba","Intermediate","fill_in_blank","estar","None","None","No","No"," ends_in_ar estar high_irregularity imperfecto in_the_wild irregular_verb modismo regular_form él_ella_usted "
"⇠ En esa época, a menudo, ⇠nosotros _____ (en Cádiz)","estábamos","Intermediate","fill_in_blank","estar","None","None","No","No"," ends_in_ar estar high_irregularity imperfecto in_the_wild irregular_verb modismo nosotros regular_form "
"⇠ En esa época, a menudo, ⇠vosotros _____ (en Cádiz)","estabais","Intermediate","fill_in_blank","estar","None","None","No","No"," ends_in_ar estar high_irregularity imperfecto irregular_verb regular_form vosotros "
"⇠ En esa época, a menudo, ⇠ellos/ellas/ustedes _____ (en Cádiz)","estaban","Intermediate","fill_in_blank","estar","None","None","No","No"," ellos_ellas_ustedes ends_in_ar estar high_irregularity imperfecto in_the_wild irregular_verb modismo regular_form "
"↧ En aquel momento ↧yo _____ (seguro/a)","estuve","Intermediate","fill_in_blank","estar","None","None","No","No"," ends_in_ar estar high_irregularity indefinido irregular_form irregular_verb yo "
"↧ En aquel momento ↧tú/vos _____ (seguro/a)","estuviste","Intermediate","fill_in_blank","estar","None","None","No","No"," ends_in_ar estar high_irregularity indefinido irregular_form irregular_verb tú_vos "
"↧ En aquel momento ↧él/ella/usted _____ (seguro/a)","estuvo","Intermediate","fill_in_blank","estar","None","None","No","No"," ends_in_ar estar high_irregularity in_the_wild indefinido irregular_form irregular_verb modismo él_ella_usted "
"↧ En aquel momento ↧nosotros _____ (seguros/as)","estuvimos","Intermediate","fill_in_blank","estar","None","None","No","No"," ends_in_ar estar high_irregularity indefinido irregular_form irregular_verb nosotros "
"↧ En aquel momento ↧vosotros _____ (seguros/as)","estuvisteis","Intermediate","fill_in_blank","estar","None","None","No","No"," ends_in_ar estar high_irregularity indefinido irregular_form irregular_verb vosotros "
"↧ En aquel momento ↧ellos/ellas/ustedes _____ (seguros/as)","estuvieron","Intermediate","fill_in_blank","estar","None","None","No","No"," ellos_ellas_ustedes ends_in_ar estar high_irregularity indefinido irregular_form irregular_verb "
"→ En el futuro, →yo _____ (en Cádiz)","estaré","Intermediate","fill_in_blank","estar","None","None","No","No"," ends_in_ar estar futuro high_irregularity irregular_verb regular_form yo "
"→ En el futuro, →tú/vos _____ (en Cádiz)","estarás","Intermediate","fill_in_blank","estar","None","None","No","No"," ends_in_ar estar futuro high_irregularity irregular_verb regular_form tú_vos "
"→ En el futuro, →él/ella/usted _____ (en Cádiz)","estará","Intermediate","fill_in_blank","estar","None","None","No","No"," ends_in_ar estar futuro high_irregularity irregular_verb regular_form él_ella_usted "
"→ En el futuro, →nosotros _____ (en Cádiz)","estaremos","Intermediate","fill_in_blank","estar","None","None","No","No"," ends_in_ar estar futuro high_irregularity irregular_verb nosotros regular_form "
"→ En el futuro, →vosotros _____ (en Cádiz)","estaréis","Intermediate","fill_in_blank","estar","None","None","No","No"," ends_in_ar estar futuro high_irregularity irregular_verb regular_form vosotros "
"→ En el futuro, →ellos/ellas/ustedes _____ (en Cádiz)","estarán","Intermediate","fill_in_blank","estar","None","None","No","No"," ellos_ellas_ustedes ends_in_ar estar futuro high_irregularity irregular_verb regular_form "
"… Si ocurriese esto, …yo _____ (seguro/a)","estaría","Intermediate","fill_in_blank","estar","None","None","No","No"," condicional ends_in_ar estar high_irregularity irregular_verb regular_form yo "
"… Si sucediera esto, …tú/vos _____ (seguro/a)","estarías","Intermediate","fill_in_blank","estar","None","None","No","No"," condicional ends_in_ar estar high_irregularity irregular_verb regular_form tú_vos "
"… Si acaeciera algo, …él/ella/usted _____ (seguro/a)","estaría","Intermediate","fill_in_blank","estar","None","None","No","No"," condicional ends_in_ar estar high_irregularity irregular_verb regular_form él_ella_usted "
"… Si pasara algo, …nosotros _____ (seguros/as)","estaríamos","Intermediate","fill_in_blank","estar","None","None","No","No"," condicional ends_in_ar estar high_irregularity irregular_verb nosotros regular_form "
"… Si aconteciese esto, …vosotros _____ (seguros/as)","estaríais","Intermediate","fill_in_blank","estar","None","None","No","No"," condicional ends_in_ar estar high_irregularity irregular_verb regular_form vosotros "
"… Si se produjera esto, …ellos/ellas/ustedes _____ (seguros/as)","estarían","Intermediate","fill_in_blank","estar","None","None","No","No"," condicional ellos_ellas_ustedes ends_in_ar estar high_irregularity irregular_verb regular_form "
"〰 Resulta divertido que 〰yo _____ (en Cádiz)","esté","Elementary","fill_in_blank","estar","None","None","No","No"," ends_in_ar estar high_irregularity irregular_form irregular_verb subjuntivo_presente yo "
"〰 Resulta divertido que 〰tú/vos _____ (en Cádiz)","estés","Elementary","fill_in_blank","estar","None","None","No","No"," ends_in_ar estar high_irregularity irregular_form irregular_verb subjuntivo_presente tú_vos "
"〰 Resulta divertido que 〰él/ella/usted _____ (en Cádiz)","esté","Elementary","fill_in_blank","estar","None","None","No","No"," ends_in_ar estar high_irregularity irregular_form irregular_verb subjuntivo_presente él_ella_usted "
"〰 Resulta divertido que 〰nosotros _____ (en Cádiz)","estemos","Elementary","fill_in_blank","estar","None","None","No","No"," ends_in_ar estar high_irregularity irregular_verb nosotros regular_form subjuntivo_presente "
"〰 Resulta divertido que 〰vosotros _____ (en Cádiz)","estéis","Elementary","fill_in_blank","estar","None","None","No","No"," ends_in_ar estar high_irregularity irregular_verb regular_form subjuntivo_presente vosotros "
"〰 Resulta divertido que 〰ellos/ellas/ustedes _____ (en Cádiz)","estén","Elementary","fill_in_blank","estar","None","None","No","No"," ellos_ellas_ustedes ends_in_ar estar high_irregularity irregular_form irregular_verb subjuntivo_presente "
"↫ Fue sorprendente que ↫yo _____ (en Cádiz)","estuviera | estuviese","Advanced","fill_in_blank","estar","None","None","No","No"," ends_in_ar estar high_irregularity irregular_form irregular_verb subjuntivo_pasado yo "
"↫ Fue sorprendente que ↫tú/vos _____ (en Cádiz)","estuvieras | estuvieses","Advanced","fill_in_blank","estar","None","None","No","No"," ends_in_ar estar high_irregularity irregular_form irregular_verb subjuntivo_pasado tú_vos "
"↫ Fue sorprendente que ↫él/ella/usted _____ (en Cádiz)","estuviera | estuviese","Advanced","fill_in_blank","estar","None","None","No","No"," ends_in_ar estar high_irregularity irregular_form irregular_verb subjuntivo_pasado él_ella_usted "
"↫ Fue sorprendente que ↫nosotros _____ (en Cádiz)","estuviéramos | estuviésemos","Advanced","fill_in_blank","estar","None","None","No","No"," ends_in_ar estar high_irregularity irregular_form irregular_verb nosotros subjuntivo_pasado "
"↫ Fue sorprendente que ↫vosotros _____ (en Cádiz)","estuvierais | estuvieseis","Advanced","fill_in_blank","estar","None","None","No","No"," ends_in_ar estar high_irregularity irregular_form irregular_verb subjuntivo_pasado vosotros "
"↫ Fue sorprendente que ↫ellos/ellas/ustedes _____ (en Cádiz)","estuvieran | estuviesen","Advanced","fill_in_blank","estar","None","None","No","No"," ellos_ellas_ustedes ends_in_ar estar high_irregularity irregular_form irregular_verb subjuntivo_pasado "
"Hombre, por favor,¡ _____ (feliz), ya !","está","Intermediate","fill_in_blank","estar","None","None","No","No"," ends_in_ar estar high_irregularity imperativo irregular_form irregular_verb tú_vos "
"Mujer, por favor,¡ no _____ (infeliz) !(tú/vos)","estés","Intermediate","fill_in_blank","estar","None","None","No","No"," ends_in_ar estar high_irregularity imperativo irregular_form irregular_verb negative_imperativo tú_vos "
"Señora, por favor,¡ (que) _____ (feliz), ya !(él/ella/usted)","esté","Intermediate","fill_in_blank","estar","None","None","No","No"," ends_in_ar estar high_irregularity imperativo irregular_form irregular_verb él_ella_usted "
"Vámonos equipo, por favor,¡ (que) _____ (felices), ya !(nosotros)","estemos","Intermediate","fill_in_blank","estar","None","None","No","No"," ends_in_ar estar high_irregularity imperativo irregular_verb nosotros regular_form "
"Tú y tú, por favor,¡ _____ (felices), ya !(vosotros)","estad","Intermediate","fill_in_blank","estar","None","None","No","No"," ends_in_ar estar high_irregularity imperativo irregular_verb regular_form vosotros "
"Señores, por favor,¡ (que) _____ (felices), ya ! (ellos/ellas/ustedes)","estén","Intermediate","fill_in_blank","estar","None","None","No","No"," ellos_ellas_ustedes ends_in_ar estar high_irregularity imperativo irregular_form irregular_verb "
"↬ Si en un dudoso futuro ↬yo _____ allí, ¡suerte!","estuviere","Advanced","fill_in_blank","estar","None","None","No","No"," ends_in_ar estar high_irregularity irregular_form irregular_verb subjuntivo_futuro yo "
"↬ Si en un dudoso futuro ↬tú/vos _____ allí, ¡suerte!","estuvieres","Advanced","fill_in_blank","estar","None","None","No","No"," ends_in_ar estar high_irregularity irregular_form irregular_verb subjuntivo_futuro tú_vos "
"↬ Si en un dudoso futuro ↬él/ella/usted _____ allí, ¡suerte!","estuviere","Advanced","fill_in_blank","estar","None","None","No","No"," ends_in_ar estar high_irregularity irregular_form irregular_verb subjuntivo_futuro él_ella_usted "
"↬ Si en un dudoso futuro ↬nosotros _____ allí, ¡suerte!","estuviéremos","Advanced","fill_in_blank","estar","None","None","No","No"," ends_in_ar estar high_irregularity irregular_form irregular_verb nosotros subjuntivo_futuro "
"↬ Si en un dudoso futuro ↬vosotros _____ allí, ¡suerte!","estuviereis","Advanced","fill_in_blank","estar","None","None","No","No"," ends_in_ar estar high_irregularity irregular_form irregular_verb subjuntivo_futuro vosotros "
"↬ Si en un dudoso futuro ↬ellos/ellas/ustedes _____ allí, ¡suerte!","estuvieren","Advanced","fill_in_blank","estar","None","None","No","No"," ellos_ellas_ustedes ends_in_ar estar high_irregularity irregular_form irregular_verb subjuntivo_futuro "
"El verbo enél hablaes _____","hablar","Intermediate","fill_in_blank","None","None","None","No","No"," dicho ends_in_ar hablar in_the_wild infinitivo regular_form regular_verb "
"Mientras estoy estudiando…ella está _____ (sobre Borges)","hablando","Intermediate","fill_in_blank","hablar","None","None","No","No"," dicho ends_in_ar gerundio hablar in_the_wild regular_form regular_verb "
"Hugo ha _____ (de Costa Rica)","hablado","Intermediate","fill_in_blank","hablar","None","None","No","No"," dicho ends_in_ar hablar in_the_wild participio regular_form regular_verb "
"⊙ Ahora mismo, ⊙yo _____ (del pasado)","hablo","Elementary","fill_in_blank","hablar","None","None","No","No"," ends_in_ar hablar presente regular_form regular_verb yo "
"⊙ Ahora mismo, ⊙tú _____ (del pasado)","hablas","Elementary","fill_in_blank","hablar","None","None","No","No"," ends_in_ar hablar presente regular_form regular_verb tú tú_vos "
"⊙ Ahora mismo, ⊙vos _____ (del pasado)","hablás","Elementary","fill_in_blank","hablar","None","None","No","No"," ends_in_ar hablar presente regular_form regular_verb tú_vos vos "
"⊙ Ahora mismo, ⊙él/ella/usted _____ (del pasado)","habla","Elementary","fill_in_blank","hablar","None","None","No","No"," ends_in_ar hablar in_the_wild presente refrán regular_form regular_verb él_ella_usted "
"⊙ Ahora mismo, ⊙nosotros _____ (del pasado)","hablamos","Elementary","fill_in_blank","hablar","None","None","No","No"," ends_in_ar hablar nosotros presente regular_form regular_verb "
"⊙ Ahora mismo, ⊙vosotros _____ (del pasado)","habláis","Elementary","fill_in_blank","hablar","None","None","No","No"," ends_in_ar hablar presente regular_form regular_verb vosotros "
"⊙ Ahora mismo, ⊙ellos/ellas/ustedes _____ (del pasado)","hablan","Elementary","fill_in_blank","hablar","None","None","No","No"," ellos_ellas_ustedes ends_in_ar hablar presente regular_form regular_verb "
"⇠ En esa época, a menudo, ⇠yo _____ (del pasado)","hablaba","Intermediate","fill_in_blank","hablar","None","None","No","No"," ends_in_ar hablar imperfecto regular_form regular_verb yo "
"⇠ En esa época, a menudo, ⇠tú/vos _____ (del pasado)","hablabas","Intermediate","fill_in_blank","hablar","None","None","No","No"," ends_in_ar hablar imperfecto regular_form regular_verb tú_vos "
"⇠ En esa época, a menudo, ⇠él/ella/usted _____ (del pasado)","hablaba","Intermediate","fill_in_blank","hablar","None","None","No","No"," ends_in_ar hablar imperfecto regular_form regular_verb él_ella_usted "
"⇠ En esa época, a menudo, ⇠nosotros _____ (del pasado)","hablábamos","Intermediate","fill_in_blank","hablar","None","None","No","No"," ends_in_ar hablar imperfecto nosotros regular_form regular_verb "
"⇠ En esa época, a menudo, ⇠vosotros _____ (del pasado)","hablabais","Intermediate","fill_in_blank","hablar","None","None","No","No"," ends_in_ar hablar imperfecto regular_form regular_verb vosotros "
"⇠ En esa época, a menudo, ⇠ellos/ellas/ustedes _____ (del pasado)","hablaban","Intermediate","fill_in_blank","hablar","None","None","No","No"," ellos_ellas_ustedes ends_in_ar hablar imperfecto regular_form regular_verb "
"↧ En aquel momento ↧yo _____ (del pasado)","hablé","Intermediate","fill_in_blank","hablar","None","None","No","No"," ends_in_ar hablar indefinido regular_form regular_verb yo "
"↧ En aquel momento ↧tú/vos _____ (del pasado)","hablaste","Intermediate","fill_in_blank","hablar","None","None","No","No"," ends_in_ar hablar indefinido regular_form regular_verb tú_vos "
"↧ En aquel momento ↧él/ella/usted _____ (del pasado)","habló","Intermediate","fill_in_blank","hablar","None","None","No","No"," ends_in_ar hablar in_the_wild indefinido refrán regular_form regular_verb él_ella_usted "
"↧ En aquel momento ↧nosotros _____ (del pasado)","hablamos","Intermediate","fill_in_blank","hablar","None","None","No","No"," ends_in_ar hablar indefinido nosotros regular_form regular_verb "
"↧ En aquel momento ↧vosotros _____ (del pasado)","hablasteis","Intermediate","fill_in_blank","hablar","None","None","No","No"," ends_in_ar hablar indefinido regular_form regular_verb vosotros "
"↧ En aquel momento ↧ellos/ellas/ustedes _____ (del pasado)","hablaron","Intermediate","fill_in_blank","hablar","None","None","No","No"," ellos_ellas_ustedes ends_in_ar hablar indefinido regular_form regular_verb "
"→ En el futuro, →yo _____ (del pasado)","hablaré","Intermediate","fill_in_blank","hablar","None","None","No","No"," ends_in_ar futuro hablar regular_form regular_verb yo "
"→ En el futuro, →tú/vos _____ (del pasado)","hablarás","Intermediate","fill_in_blank","hablar","None","None","No","No"," ends_in_ar futuro hablar regular_form regular_verb tú_vos "
"→ En el futuro, →él/ella/usted _____ (del pasado)","hablará","Intermediate","fill_in_blank","hablar","None","None","No","No"," ends_in_ar futuro hablar regular_form regular_verb él_ella_usted "
"→ En el futuro, →nosotros _____ (del pasado)","hablaremos","Intermediate","fill_in_blank","hablar","None","None","No","No"," ends_in_ar futuro hablar nosotros regular_form regular_verb "
"→ En el futuro, →vosotros _____ (del pasado)","hablaréis","Intermediate","fill_in_blank","hablar","None","None","No","No"," ends_in_ar futuro hablar regular_form regular_verb vosotros "
"→ En el futuro, →ellos/ellas/ustedes _____ (del pasado)","hablarán","Intermediate","fill_in_blank","hablar","None","None","No","No"," ellos_ellas_ustedes ends_in_ar futuro hablar regular_form regular_verb "
"… Si ocurriese esto, …yo _____ (del pasado)","hablaría","Intermediate","fill_in_blank","hablar","None","None","No","No"," condicional ends_in_ar hablar regular_form regular_verb yo "
"… Si sucediera esto, …tú/vos _____ (del pasado)","hablarías","Intermediate","fill_in_blank","hablar","None","None","No","No"," condicional ends_in_ar hablar regular_form regular_verb tú_vos "
"… Si acaeciera algo, …él/ella/usted _____ (del pasado)","hablaría","Intermediate","fill_in_blank","hablar","None","None","No","No"," condicional ends_in_ar hablar regular_form regular_verb él_ella_usted "
"… Si pasara algo, …nosotros _____ (del pasado)","hablaríamos","Intermediate","fill_in_blank","hablar","None","None","No","No"," condicional ends_in_ar hablar nosotros regular_form regular_verb "
"… Si aconteciese esto, …vosotros _____ (del pasado)","hablaríais","Intermediate","fill_in_blank","hablar","None","None","No","No"," condicional ends_in_ar hablar regular_form regular_verb vosotros "
"… Si se produjera esto, …ellos/ellas/ustedes _____ (del pasado)","hablarían","Intermediate","fill_in_blank","hablar","None","None","No","No"," condicional ellos_ellas_ustedes ends_in_ar hablar regular_form regular_verb "
"〰 Resulta divertido que 〰yo _____ (del pasado)","hable","Elementary","fill_in_blank","hablar","None","None","No","No"," ends_in_ar hablar regular_form regular_verb subjuntivo_presente yo "
"〰 Resulta divertido que 〰tú/vos _____ (del pasado)","hables","Elementary","fill_in_blank","hablar","None","None","No","No"," ends_in_ar hablar regular_form regular_verb subjuntivo_presente tú_vos "
"〰 Resulta divertido que 〰él/ella/usted _____ (del pasado)","hable","Elementary","fill_in_blank","hablar","None","None","No","No"," ends_in_ar hablar regular_form regular_verb subjuntivo_presente él_ella_usted "
"〰 Resulta divertido que 〰nosotros _____ (del pasado)","hablemos","Elementary","fill_in_blank","hablar","None","None","No","No"," ends_in_ar hablar nosotros regular_form regular_verb subjuntivo_presente "
"〰 Resulta divertido que 〰vosotros _____ (del pasado)","habléis","Elementary","fill_in_blank","hablar","None","None","No","No"," ends_in_ar hablar regular_form regular_verb subjuntivo_presente vosotros "
"〰 Resulta divertido que 〰ellos/ellas/ustedes _____ (del pasado)","hablen","Elementary","fill_in_blank","hablar","None","None","No","No"," ellos_ellas_ustedes ends_in_ar hablar regular_form regular_verb subjuntivo_presente "
"↫ Fue sorprendente que ↫yo _____ (del pasado)","hablara | hablase","Advanced","fill_in_blank","hablar","None","None","No","No"," ends_in_ar hablar regular_form regular_verb subjuntivo_pasado yo "
"↫ Fue sorprendente que ↫tú/vos _____ (del pasado)","hablaras | hablases","Advanced","fill_in_blank","hablar","None","None","No","No"," ends_in_ar hablar regular_form regular_verb subjuntivo_pasado tú_vos "
"↫ Fue sorprendente que ↫él/ella/usted _____ (del pasado)","hablara | hablase","Advanced","fill_in_blank","hablar","None","None","No","No"," ends_in_ar hablar regular_form regular_verb subjuntivo_pasado él_ella_usted "
"↫ Fue sorprendente que ↫nosotros _____ (del pasado)","habláramos | hablásemos","Advanced","fill_in_blank","hablar","None","None","No","No"," ends_in_ar hablar nosotros regular_form regular_verb subjuntivo_pasado "
"↫ Fue sorprendente que ↫vosotros _____ (del pasado)","hablarais | hablaseis","Advanced","fill_in_blank","hablar","None","None","No","No"," ends_in_ar hablar regular_form regular_verb subjuntivo_pasado vosotros "
"↫ Fue sorprendente que ↫ellos/ellas/ustedes _____ (del pasado)","hablaran | hablasen","Advanced","fill_in_blank","hablar","None","None","No","No"," ellos_ellas_ustedes ends_in_ar hablar regular_form regular_verb subjuntivo_pasado "
"Hombre, por favor,¡ _____ , ya !(tú)","habla","Intermediate","fill_in_blank","hablar","None","None","No","No"," ends_in_ar hablar imperativo regular_form regular_verb tú tú_vos "
"Hombre, por favor,¡ _____ , ya !(vos)","hablá","Intermediate","fill_in_blank","hablar","None","None","No","No"," ends_in_ar hablar imperativo regular_form regular_verb tú_vos vos "
"Mujer, por favor,¡ no _____ !(tú/vos)","hables","Intermediate","fill_in_blank","hablar","None","None","No","No"," ends_in_ar hablar imperativo negative_imperativo regular_form regular_verb tú_vos "
"Señora, por favor,¡ (que) _____ , ya !(él/ella/usted)","hable","Intermediate","fill_in_blank","hablar","None","None","No","No"," ends_in_ar hablar imperativo regular_form regular_verb él_ella_usted "
"Vámonos equipo, por favor,¡ (que) _____ , ya !(nosotros)","hablemos","Intermediate","fill_in_blank","hablar","None","None","No","No"," ends_in_ar hablar imperativo nosotros regular_form regular_verb "
"Tú y tú, por favor,¡ _____ , ya !(vosotros)","hablad","Intermediate","fill_in_blank","hablar","None","None","No","No"," ends_in_ar hablar imperativo regular_form regular_verb vosotros "
"Señores, por favor,¡ (que) _____ , ya ! (ellos/ellas/ustedes)","hablen","Intermediate","fill_in_blank","hablar","None","None","No","No"," ellos_ellas_ustedes ends_in_ar hablar imperativo regular_form regular_verb "
"↬ Si en un dudoso futuro ↬yo _____ así, ¡suerte!","hablare","Advanced","fill_in_blank","hablar","None","None","No","No"," ends_in_ar hablar regular_form regular_verb subjuntivo_futuro yo "
"↬ Si en un dudoso futuro ↬tú/vos _____ así, ¡suerte!","hablares","Advanced","fill_in_blank","hablar","None","None","No","No"," ends_in_ar hablar regular_form regular_verb subjuntivo_futuro tú_vos "
"↬ Si en un dudoso futuro ↬él/ella/usted _____ así, ¡suerte!","hablare","Advanced","fill_in_blank","hablar","None","None","No","No"," ends_in_ar hablar regular_form regular_verb subjuntivo_futuro él_ella_usted "
"↬ Si en un dudoso futuro ↬nosotros _____ así, ¡suerte!","habláremos","Advanced","fill_in_blank","hablar","None","None","No","No"," ends_in_ar hablar nosotros regular_form regular_verb subjuntivo_futuro "
"↬ Si en un dudoso futuro ↬vosotros _____ así, ¡suerte!","hablareis","Advanced","fill_in_blank","hablar","None","None","No","No"," ends_in_ar hablar regular_form regular_verb subjuntivo_futuro vosotros "
"↬ Si en un dudoso futuro ↬ellos/ellas/ustedes _____ así, ¡suerte!","hablaren","Advanced","fill_in_blank","hablar","None","None","No","No"," ellos_ellas_ustedes ends_in_ar hablar regular_form regular_verb subjuntivo_futuro "
"El verbo enél debees _____","deber","Intermediate","fill_in_blank","None","None","None","No","No"," deber ends_in_er in_the_wild infinitivo refrán regular_form regular_verb "
"Mientras estoy estudiando…ella me está _____ (dinero)","debiendo","Intermediate","fill_in_blank","deber","None","None","No","No"," deber ends_in_er gerundio regular_form regular_verb "
"Hugo ha _____ (irse de casa)","debido","Intermediate","fill_in_blank","deber","None","None","No","No"," deber dicho ends_in_er in_the_wild participio regular_form regular_verb "
"⊙ Ahora mismo, ⊙yo _____ (salir)","debo","Elementary","fill_in_blank","deber","None","None","No","No"," deber ends_in_er presente regular_form regular_verb yo "
"⊙ Ahora mismo, ⊙tú _____ (salir)","debes","Elementary","fill_in_blank","deber","None","None","No","No"," deber ends_in_er presente regular_form regular_verb tú tú_vos "
"⊙ Ahora mismo, ⊙vos _____ (salir)","debés","Elementary","fill_in_blank","deber","None","None","No","No"," deber ends_in_er presente regular_form regular_verb tú_vos vos "
"⊙ Ahora mismo, ⊙él/ella/usted _____ (salir)","debe","Elementary","fill_in_blank","deber","None","None","No","No"," deber ends_in_er in_the_wild presente refrán regular_form regular_verb él_ella_usted "
"⊙ Ahora mismo, ⊙nosotros _____ (salir)","debemos","Elementary","fill_in_blank","deber","None","None","No","No"," deber ends_in_er nosotros presente regular_form regular_verb "
"⊙ Ahora mismo, ⊙vosotros _____ (salir)","debéis","Elementary","fill_in_blank","deber","None","None","No","No"," deber ends_in_er presente regular_form regular_verb vosotros "
"⊙ Ahora mismo, ⊙ellos/ellas/ustedes _____ (salir)","deben","Elementary","fill_in_blank","deber","None","None","No","No"," deber ellos_ellas_ustedes ends_in_er presente regular_form regular_verb "
"⇠ En esa época, a menudo, ⇠yo _____ (salir)","debía","Intermediate","fill_in_blank","deber","None","None","No","No"," deber ends_in_er imperfecto regular_form regular_verb yo "
"⇠ En esa época, a menudo, ⇠tú/vos _____ (salir)","debías","Intermediate","fill_in_blank","deber","None","None","No","No"," deber ends_in_er imperfecto regular_form regular_verb tú_vos "
"⇠ En esa época, a menudo, ⇠él/ella/usted _____ (salir)","debía","Intermediate","fill_in_blank","deber","None","None","No","No"," deber ends_in_er imperfecto regular_form regular_verb él_ella_usted "
"⇠ En esa época, a menudo, ⇠nosotros _____ (salir)","debíamos","Intermediate","fill_in_blank","deber","None","None","No","No"," deber ends_in_er imperfecto nosotros regular_form regular_verb "
"⇠ En esa época, a menudo, ⇠vosotros _____ (salir)","debíais","Intermediate","fill_in_blank","deber","None","None","No","No"," deber ends_in_er imperfecto regular_form regular_verb vosotros "
"⇠ En esa época, a menudo, ⇠ellos/ellas/ustedes _____ (salir)","debían","Intermediate","fill_in_blank","deber","None","None","No","No"," deber ellos_ellas_ustedes ends_in_er imperfecto regular_form regular_verb "
"↧ En aquel momento ↧yo _____ (salir)","debí","Intermediate","fill_in_blank","deber","None","None","No","No"," deber ends_in_er indefinido regular_form regular_verb yo "
"↧ En aquel momento ↧tú/vos _____ (salir)","debiste","Intermediate","fill_in_blank","deber","None","None","No","No"," deber ends_in_er indefinido regular_form regular_verb tú_vos "
"↧ En aquel momento ↧él/ella/usted _____ (salir)","debió","Intermediate","fill_in_blank","deber","None","None","No","No"," deber ends_in_er indefinido regular_form regular_verb él_ella_usted "
"↧ En aquel momento ↧nosotros _____ (salir)","debimos","Intermediate","fill_in_blank","deber","None","None","No","No"," deber ends_in_er indefinido nosotros regular_form regular_verb "
"↧ En aquel momento ↧vosotros _____ (salir)","debisteis","Intermediate","fill_in_blank","deber","None","None","No","No"," deber ends_in_er indefinido regular_form regular_verb vosotros "
"↧ En aquel momento ↧ellos/ellas/ustedes _____ (salir)","debieron","Intermediate","fill_in_blank","deber","None","None","No","No"," deber ellos_ellas_ustedes ends_in_er indefinido regular_form regular_verb "
"→ En el futuro, →yo _____ (salir)","deberé","Intermediate","fill_in_blank","deber","None","None","No","No"," deber ends_in_er futuro regular_form regular_verb yo "
"→ En el futuro, →tú/vos _____ (salir)","deberás","Intermediate","fill_in_blank","deber","None","None","No","No"," deber ends_in_er futuro regular_form regular_verb tú_vos "
"→ En el futuro, →él/ella/usted _____ (salir)","deberá","Intermediate","fill_in_blank","deber","None","None","No","No"," deber ends_in_er futuro in_the_wild refrán regular_form regular_verb él_ella_usted "
"→ En el futuro, →nosotros _____ (salir)","deberemos","Intermediate","fill_in_blank","deber","None","None","No","No"," deber ends_in_er futuro nosotros regular_form regular_verb "
"→ En el futuro, →vosotros _____ (salir)","deberéis","Intermediate","fill_in_blank","deber","None","None","No","No"," deber ends_in_er futuro regular_form regular_verb vosotros "
"→ En el futuro, →ellos/ellas/ustedes _____ (salir)","deberán","Intermediate","fill_in_blank","deber","None","None","No","No"," deber ellos_ellas_ustedes ends_in_er futuro regular_form regular_verb "
"… Si ocurriese esto, …yo _____ (salir)","debería","Intermediate","fill_in_blank","deber","None","None","No","No"," condicional deber ends_in_er regular_form regular_verb yo "
"… Si sucediera esto, …tú/vos _____ (salir)","deberías","Intermediate","fill_in_blank","deber","None","None","No","No"," condicional deber ends_in_er regular_form regular_verb tú_vos "
"… Si acaeciera algo, …él/ella/usted _____ (salir)","debería","Intermediate","fill_in_blank","deber","None","None","No","No"," condicional deber ends_in_er regular_form regular_verb él_ella_usted "
"… Si pasara algo, …nosotros _____ (salir)","deberíamos","Intermediate","fill_in_blank","deber","None","None","No","No"," condicional deber ends_in_er nosotros regular_form regular_verb "
"… Si aconteciese esto, …vosotros _____ (salir)","deberíais","Intermediate","fill_in_blank","deber","None","None","No","No"," condicional deber ends_in_er regular_form regular_verb vosotros "
"… Si se produjera esto, …ellos/ellas/ustedes _____ (salir)","deberían","Intermediate","fill_in_blank","deber","None","None","No","No"," condicional deber ellos_ellas_ustedes ends_in_er in_the_wild modismo regular_form regular_verb "
"〰 Resulta divertido que 〰yo _____ (salir)","deba","Elementary","fill_in_blank","deber","None","None","No","No"," deber ends_in_er regular_form regular_verb subjuntivo_presente yo "
"〰 Resulta divertido que 〰tú/vos _____ (salir)","debas","Elementary","fill_in_blank","deber","None","None","No","No"," deber ends_in_er regular_form regular_verb subjuntivo_presente tú_vos "
"〰 Resulta divertido que 〰él/ella/usted _____ (salir)","deba","Elementary","fill_in_blank","deber","None","None","No","No"," deber ends_in_er regular_form regular_verb subjuntivo_presente él_ella_usted "
"〰 Resulta divertido que 〰nosotros _____ (salir)","debamos","Elementary","fill_in_blank","deber","None","None","No","No"," deber ends_in_er nosotros regular_form regular_verb subjuntivo_presente "
"〰 Resulta divertido que 〰vosotros _____ (salir)","debáis","Elementary","fill_in_blank","deber","None","None","No","No"," deber ends_in_er regular_form regular_verb subjuntivo_presente vosotros "
"〰 Resulta divertido que 〰ellos/ellas/ustedes _____ (salir)","deban","Elementary","fill_in_blank","deber","None","None","No","No"," deber ellos_ellas_ustedes ends_in_er regular_form regular_verb subjuntivo_presente "
"↫ Fue sorprendente que ↫yo _____ (salir)","debiera | debiese","Advanced","fill_in_blank","deber","None","None","No","No"," deber ends_in_er regular_form regular_verb subjuntivo_pasado yo "
"↫ Fue sorprendente que ↫tú/vos _____ (salir)","debieras | debieses","Advanced","fill_in_blank","deber","None","None","No","No"," deber ends_in_er regular_form regular_verb subjuntivo_pasado tú_vos "
"↫ Fue sorprendente que ↫él/ella/usted _____ (salir)","debiera | debiese","Advanced","fill_in_blank","deber","None","None","No","No"," deber ends_in_er regular_form regular_verb subjuntivo_pasado él_ella_usted "
"↫ Fue sorprendente que ↫nosotros _____ (salir)","debiéramos | debiésemos","Advanced","fill_in_blank","deber","None","None","No","No"," deber ends_in_er nosotros regular_form regular_verb subjuntivo_pasado "
"↫ Fue sorprendente que ↫vosotros _____ (salir)","debierais | debieseis","Advanced","fill_in_blank","deber","None","None","No","No"," deber ends_in_er regular_form regular_verb subjuntivo_pasado vosotros "
"↫ Fue sorprendente que ↫ellos/ellas/ustedes _____ (salir)","debieran | debiesen","Advanced","fill_in_blank","deber","None","None","No","No"," deber ellos_ellas_ustedes ends_in_er regular_form regular_verb subjuntivo_pasado "
"—No me alcanza para saldar la deuda.—Pues, ¡ _____ el monto, y ya está !(tú)","debe","Intermediate","fill_in_blank","deber","None","None","No","No"," deber ends_in_er imperativo regular_form regular_verb tú tú_vos "
"—No me alcanza para garpar el alquiler.—Pues, ¡ _____ el monto, y ya está !(vos)","debé","Intermediate","fill_in_blank","deber","None","None","No","No"," deber ends_in_er imperativo regular_form regular_verb tú_vos vos "
"—Me molesta estar endeudado.—Pues, ¡ no _____ nada a nadie !(tú)","debas","Intermediate","fill_in_blank","deber","None","None","No","No"," deber ends_in_er imperativo negative_imperativo regular_form regular_verb tú tú_vos "
"—No le alcanza para reembolsar el préstamo.—Pues, ¡ _____ el monto, y ya está !(él/ella/usted)","deba","Intermediate","fill_in_blank","deber","None","None","No","No"," deber ends_in_er imperativo regular_form regular_verb él_ella_usted "
"—No nos alcanza para devolver el dinero.—Pues, ¡ _____ el monto, y ya está !(nosotros)","debamos","Intermediate","fill_in_blank","deber","None","None","No","No"," deber ends_in_er imperativo nosotros regular_form regular_verb "
"—No nos alcanza para restituir la fianza.—Pues, ¡ _____ el monto, y ya está !(vosotros)","debed","Intermediate","fill_in_blank","deber","None","None","No","No"," deber ends_in_er imperativo regular_form regular_verb vosotros "
"—No les alcanza para abonar el tratamiento.—Pues, ¡ _____ el monto, y ya está !(ellos/ellas/ustedes)","deban","Intermediate","fill_in_blank","deber","None","None","No","No"," deber ellos_ellas_ustedes ends_in_er imperativo regular_form regular_verb "
"↬ Si en un dudoso futuro ↬yo lo _____, ¡suerte!","debiere","Advanced","fill_in_blank","deber","None","None","No","No"," deber ends_in_er regular_form regular_verb subjuntivo_futuro yo "
"↬ Si en un dudoso futuro ↬tú/vos lo _____, ¡suerte!","debieres","Advanced","fill_in_blank","deber","None","None","No","No"," deber ends_in_er regular_form regular_verb subjuntivo_futuro tú_vos "
"↬ Si en un dudoso futuro ↬él/ella/usted lo _____, ¡suerte!","debiere","Advanced","fill_in_blank","deber","None","None","No","No"," deber ends_in_er regular_form regular_verb subjuntivo_futuro él_ella_usted "
"↬ Si en un dudoso futuro ↬nosotros lo _____, ¡suerte!","debiéremos","Advanced","fill_in_blank","deber","None","None","No","No"," deber ends_in_er nosotros regular_form regular_verb subjuntivo_futuro "
"↬ Si en un dudoso futuro ↬vosotros lo _____, ¡suerte!","debiereis","Advanced","fill_in_blank","deber","None","None","No","No"," deber ends_in_er regular_form regular_verb subjuntivo_futuro vosotros "
"↬ Si en un dudoso futuro ↬ellos/ellas/ustedes lo _____, ¡suerte!","debieren","Advanced","fill_in_blank","deber","None","None","No","No"," deber ellos_ellas_ustedes ends_in_er regular_form regular_verb subjuntivo_futuro "
"El verbo enél vivees _____","vivir","Intermediate","fill_in_blank","None","None","None","No","No"," ends_in_ir in_the_wild infinitivo refrán regular_form regular_verb vivir "
"Mientras estoy estudiando…ella está _____ (un sueño)","viviendo","Intermediate","fill_in_blank","vivir","None","None","No","No"," ends_in_ir gerundio regular_form regular_verb vivir "
"Hugo ha _____ (un sueño)","vivido","Intermediate","fill_in_blank","vivir","None","None","No","No"," ends_in_ir participio regular_form regular_verb vivir "
"⊙ Ahora mismo, ⊙yo _____ (con poco)","vivo","Elementary","fill_in_blank","vivir","None","None","No","No"," ends_in_ir presente regular_form regular_verb vivir yo "
"⊙ Ahora mismo, ⊙tú _____ (con poco)","vives","Elementary","fill_in_blank","vivir","None","None","No","No"," ends_in_ir presente regular_form regular_verb tú tú_vos vivir "
"⊙ Ahora mismo, ⊙vos _____ (con poco)","vivís","Elementary","fill_in_blank","vivir","None","None","No","No"," ends_in_ir presente regular_form regular_verb tú_vos vivir vos "
"⊙ Ahora mismo, ⊙él/ella/usted _____ (con poco)","vive","Elementary","fill_in_blank","vivir","None","None","No","No"," ends_in_ir in_the_wild presente refrán regular_form regular_verb vivir él_ella_usted "
"⊙ Ahora mismo, ⊙nosotros _____ (con poco)","vivimos","Elementary","fill_in_blank","vivir","None","None","No","No"," ends_in_ir nosotros presente regular_form regular_verb vivir "
"⊙ Ahora mismo, ⊙vosotros _____ (con poco)","vivís","Elementary","fill_in_blank","vivir","None","None","No","No"," ends_in_ir presente regular_form regular_verb vivir vosotros "
"⊙ Ahora mismo, ⊙ellos/ellas/ustedes _____ (con poco)","viven","Elementary","fill_in_blank","vivir","None","None","No","No"," ellos_ellas_ustedes ends_in_ir presente regular_form regular_verb vivir "
"⇠ En esa época, a menudo, ⇠yo _____ (con poco)","vivía","Intermediate","fill_in_blank","vivir","None","None","No","No"," ends_in_ir imperfecto regular_form regular_verb vivir yo "
"⇠ En esa época, a menudo, ⇠tú/vos _____ (con poco)","vivías","Intermediate","fill_in_blank","vivir","None","None","No","No"," ends_in_ir imperfecto regular_form regular_verb tú_vos vivir "
"⇠ En esa época, a menudo, ⇠él/ella/usted _____ (con poco)","vivía","Intermediate","fill_in_blank","vivir","None","None","No","No"," ends_in_ir imperfecto regular_form regular_verb vivir él_ella_usted "
"⇠ En esa época, a menudo, ⇠nosotros _____ (con poco)","vivíamos","Intermediate","fill_in_blank","vivir","None","None","No","No"," ends_in_ir imperfecto in_the_wild nosotros refrán regular_form regular_verb vivir "
"⇠ En esa época, a menudo, ⇠vosotros _____ (con poco)","vivíais","Intermediate","fill_in_blank","vivir","None","None","No","No"," ends_in_ir imperfecto regular_form regular_verb vivir vosotros "
"⇠ En esa época, a menudo, ⇠ellos/ellas/ustedes _____ (con poco)","vivían","Intermediate","fill_in_blank","vivir","None","None","No","No"," ellos_ellas_ustedes ends_in_ir imperfecto regular_form regular_verb vivir "
"↧ En aquel momento ↧yo _____ (con poco)","viví","Intermediate","fill_in_blank","vivir","None","None","No","No"," ends_in_ir indefinido regular_form regular_verb vivir yo "
"↧ En aquel momento ↧tú/vos _____ (con poco)","viviste","Intermediate","fill_in_blank","vivir","None","None","No","No"," ends_in_ir indefinido regular_form regular_verb tú_vos vivir "
"↧ En aquel momento ↧él/ella/usted _____ (con poco)","vivió","Intermediate","fill_in_blank","vivir","None","None","No","No"," ends_in_ir indefinido regular_form regular_verb vivir él_ella_usted "
"↧ En aquel momento ↧nosotros _____ (con poco)","vivimos","Intermediate","fill_in_blank","vivir","None","None","No","No"," ends_in_ir indefinido nosotros regular_form regular_verb vivir "
"↧ En aquel momento ↧vosotros _____ (con poco)","vivisteis","Intermediate","fill_in_blank","vivir","None","None","No","No"," ends_in_ir indefinido regular_form regular_verb vivir vosotros "
"↧ En aquel momento ↧ellos/ellas/ustedes _____ (con poco)","vivieron","Intermediate","fill_in_blank","vivir","None","None","No","No"," ellos_ellas_ustedes ends_in_ir indefinido regular_form regular_verb vivir "
"→ En el futuro, →yo _____ (con poco)","viviré","Intermediate","fill_in_blank","vivir","None","None","No","No"," ends_in_ir futuro regular_form regular_verb vivir yo "
"→ En el futuro, →tú/vos _____ (con poco)","vivirás","Intermediate","fill_in_blank","vivir","None","None","No","No"," ends_in_ir futuro regular_form regular_verb tú_vos vivir "
"→ En el futuro, →él/ella/usted _____ (con poco)","vivirá","Intermediate","fill_in_blank","vivir","None","None","No","No"," ends_in_ir futuro regular_form regular_verb vivir él_ella_usted "
"→ En el futuro, →nosotros _____ (con poco)","viviremos","Intermediate","fill_in_blank","vivir","None","None","No","No"," ends_in_ir futuro nosotros regular_form regular_verb vivir "
"→ En el futuro, →vosotros _____ (con poco)","viviréis","Intermediate","fill_in_blank","vivir","None","None","No","No"," ends_in_ir futuro regular_form regular_verb vivir vosotros "
"→ En el futuro, →ellos/ellas/ustedes _____ (con poco)","vivirán","Intermediate","fill_in_blank","vivir","None","None","No","No"," ellos_ellas_ustedes ends_in_ir futuro regular_form regular_verb vivir "
"… Si ocurriese esto, …yo _____ (con poco)","viviría","Intermediate","fill_in_blank","vivir","None","None","No","No"," condicional ends_in_ir regular_form regular_verb vivir yo "
"… Si sucediera esto, …tú/vos _____ (con poco)","vivirías","Intermediate","fill_in_blank","vivir","None","None","No","No"," condicional ends_in_ir regular_form regular_verb tú_vos vivir "
"… Si acaeciera algo, …él/ella/usted _____ (con poco)","viviría","Intermediate","fill_in_blank","vivir","None","None","No","No"," condicional ends_in_ir regular_form regular_verb vivir él_ella_usted "
"… Si pasara algo, …nosotros _____ (con poco)","viviríamos","Intermediate","fill_in_blank","vivir","None","None","No","No"," condicional ends_in_ir nosotros regular_form regular_verb vivir "
"… Si aconteciese esto, …vosotros _____ (con poco)","viviríais","Intermediate","fill_in_blank","vivir","None","None","No","No"," condicional ends_in_ir regular_form regular_verb vivir vosotros "
"… Si se produjera esto, …ellos/ellas/ustedes _____ (con poco)","vivirían","Intermediate","fill_in_blank","vivir","None","None","No","No"," condicional ellos_ellas_ustedes ends_in_ir regular_form regular_verb vivir "
"〰 Resulta divertido que 〰yo _____ (con poco)","viva","Elementary","fill_in_blank","vivir","None","None","No","No"," ends_in_ir regular_form regular_verb subjuntivo_presente vivir yo "
"〰 Resulta divertido que 〰tú/vos _____ (con poco)","vivas","Elementary","fill_in_blank","vivir","None","None","No","No"," ends_in_ir regular_form regular_verb subjuntivo_presente tú_vos vivir "
"〰 Resulta divertido que 〰él/ella/usted _____ (con poco)","viva","Elementary","fill_in_blank","vivir","None","None","No","No"," ends_in_ir regular_form regular_verb subjuntivo_presente vivir él_ella_usted "
"〰 Resulta divertido que 〰nosotros _____ (con poco)","vivamos","Elementary","fill_in_blank","vivir","None","None","No","No"," ends_in_ir nosotros regular_form regular_verb subjuntivo_presente vivir "
"〰 Resulta divertido que 〰vosotros _____ (con poco)","viváis","Elementary","fill_in_blank","vivir","None","None","No","No"," ends_in_ir regular_form regular_verb subjuntivo_presente vivir vosotros "
"〰 Resulta divertido que 〰ellos/ellas/ustedes _____ (con poco)","vivan","Elementary","fill_in_blank","vivir","None","None","No","No"," ellos_ellas_ustedes ends_in_ir regular_form regular_verb subjuntivo_presente vivir "
"↫ Fue sorprendente que ↫yo _____ (con poco)","viviera | viviese","Advanced","fill_in_blank","vivir","None","None","No","No"," ends_in_ir regular_form regular_verb subjuntivo_pasado vivir yo "
"↫ Fue sorprendente que ↫tú/vos _____ (con poco)","vivieras | vivieses","Advanced","fill_in_blank","vivir","None","None","No","No"," ends_in_ir regular_form regular_verb subjuntivo_pasado tú_vos vivir "
"↫ Fue sorprendente que ↫él/ella/usted _____ (con poco)","viviera | viviese","Advanced","fill_in_blank","vivir","None","None","No","No"," ends_in_ir regular_form regular_verb subjuntivo_pasado vivir él_ella_usted "
"↫ Fue sorprendente que ↫nosotros _____ (con poco)","viviéramos | viviésemos","Advanced","fill_in_blank","vivir","None","None","No","No"," ends_in_ir nosotros regular_form regular_verb subjuntivo_pasado vivir "
"↫ Fue sorprendente que ↫vosotros _____ (con poco)","vivierais | vivieseis","Advanced","fill_in_blank","vivir","None","None","No","No"," ends_in_ir regular_form regular_verb subjuntivo_pasado vivir vosotros "
"↫ Fue sorprendente que ↫ellos/ellas/ustedes _____ (con poco)","vivieran | viviesen","Advanced","fill_in_blank","vivir","None","None","No","No"," ellos_ellas_ustedes ends_in_ir regular_form regular_verb subjuntivo_pasado vivir "
"Hombre, por favor,¡ _____ (más intensamente), ya !(tú)","vive","Intermediate","fill_in_blank","vivir","None","None","No","No"," ends_in_ir imperativo regular_form regular_verb tú tú_vos vivir "
"Hombre, por favor,¡ _____ (más intensamente), ya !(vos)","viví","Intermediate","fill_in_blank","vivir","None","None","No","No"," ends_in_ir imperativo regular_form regular_verb tú_vos vivir vos "
"Mujer, por favor,¡ no _____ (así) !(tú/vos)","vivas","Intermediate","fill_in_blank","vivir","None","None","No","No"," ends_in_ir imperativo negative_imperativo regular_form regular_verb tú_vos vivir "
"Señora, por favor,¡ (que) _____ (más intensamente), ya !(él/ella/usted)","viva","Intermediate","fill_in_blank","vivir","None","None","No","No"," ends_in_ir imperativo regular_form regular_verb vivir él_ella_usted "
"Vámonos equipo, por favor,¡ (que) _____ (más intensamente), ya !(nosotros)","vivamos","Intermediate","fill_in_blank","vivir","None","None","No","No"," ends_in_ir imperativo nosotros regular_form regular_verb vivir "
"Tú y tú, por favor,¡ _____ (más intensamente), ya !(vosotros)","vivid","Intermediate","fill_in_blank","vivir","None","None","No","No"," ends_in_ir imperativo regular_form regular_verb vivir vosotros "
"Señores, por favor,¡ (que) _____ (más intensamente), ya ! (ellos/ellas/ustedes)","vivan","Intermediate","fill_in_blank","vivir","None","None","No","No"," ellos_ellas_ustedes ends_in_ir imperativo regular_form regular_verb vivir "
"↬ Si en un dudoso futuro ↬yo _____ así, ¡suerte!","viviere","Advanced","fill_in_blank","vivir","None","None","No","No"," ends_in_ir regular_form regular_verb subjuntivo_futuro vivir yo "
"↬ Si en un dudoso futuro ↬tú/vos _____ así, ¡suerte!","vivieres","Advanced","fill_in_blank","vivir","None","None","No","No"," ends_in_ir regular_form regular_verb subjuntivo_futuro tú_vos vivir "
"↬ Si en un dudoso futuro ↬él/ella/usted _____ así, ¡suerte!","viviere","Advanced","fill_in_blank","vivir","None","None","No","No"," ends_in_ir regular_form regular_verb subjuntivo_futuro vivir él_ella_usted "
"↬ Si en un dudoso futuro ↬nosotros _____ así, ¡suerte!","viviéremos","Advanced","fill_in_blank","vivir","None","None","No","No"," ends_in_ir nosotros regular_form regular_verb subjuntivo_futuro vivir "
"↬ Si en un dudoso futuro ↬vosotros _____ así, ¡suerte!","viviereis","Advanced","fill_in_blank","vivir","None","None","No","No"," ends_in_ir regular_form regular_verb subjuntivo_futuro vivir vosotros "
"↬ Si en un dudoso futuro ↬ellos/ellas/ustedes _____ así, ¡suerte!","vivieren","Advanced","fill_in_blank","vivir","None","None","No","No"," ellos_ellas_ustedes ends_in_ir regular_form regular_verb subjuntivo_futuro vivir "
"El verbo enél tienees _____","tener","Advanced","fill_in_blank","None","None","None","No","No"," ends_in_er extreme_irregularity in_the_wild infinitivo irregular_verb refrán regular_form tener "
"Mientras estoy estudiando…ella está _____ (dudas)","teniendo","Advanced","fill_in_blank","tener","None","None","No","No"," ends_in_er extreme_irregularity gerundio irregular_verb regular_form tener "
"Hugo ha _____ (dudas)","tenido","Advanced","fill_in_blank","tener","None","None","No","No"," ends_in_er extreme_irregularity irregular_verb participio regular_form tener "
"⊙ Ahora mismo, ⊙yo _____ (ganas de salir)","tengo","Elementary","fill_in_blank","tener","None","None","No","No"," ends_in_er extreme_irregularity irregular_form irregular_verb presente tener yo "
"⊙ Ahora mismo, ⊙tú _____ (ganas de salir)","tienes","Elementary","fill_in_blank","tener","None","None","No","No"," ends_in_er extreme_irregularity in_the_wild irregular_form irregular_verb modismo presente tener tú tú_vos "
"⊙ Ahora mismo, ⊙vos _____ (ganas de salir)","tenés","Elementary","fill_in_blank","tener","None","None","No","No"," ends_in_er extreme_irregularity irregular_verb presente regular_form tener tú_vos vos "
"⊙ Ahora mismo, ⊙él/ella/usted _____ (ganas de salir)","tiene","Elementary","fill_in_blank","tener","None","None","No","No"," ends_in_er extreme_irregularity in_the_wild irregular_form irregular_verb modismo presente tener él_ella_usted "
"⊙ Ahora mismo, ⊙nosotros _____ (ganas de salir)","tenemos","Elementary","fill_in_blank","tener","None","None","No","No"," ends_in_er extreme_irregularity irregular_verb nosotros presente regular_form tener "
"⊙ Ahora mismo, ⊙vosotros _____ (ganas de salir)","tenéis","Elementary","fill_in_blank","tener","None","None","No","No"," ends_in_er extreme_irregularity irregular_verb presente regular_form tener vosotros "
"⊙ Ahora mismo, ⊙ellos/ellas/ustedes _____ (ganas de salir)","tienen","Elementary","fill_in_blank","tener","None","None","No","No"," ellos_ellas_ustedes ends_in_er extreme_irregularity irregular_form irregular_verb presente tener "
"⇠ En esa época, a menudo, ⇠yo _____ (ganas de salir)","tenía","Advanced","fill_in_blank","tener","None","None","No","No"," ends_in_er extreme_irregularity imperfecto irregular_verb regular_form tener yo "
"⇠ En esa época, a menudo, ⇠tú/vos _____ (ganas de salir)","tenías","Advanced","fill_in_blank","tener","None","None","No","No"," ends_in_er extreme_irregularity imperfecto irregular_verb regular_form tener tú_vos "
"⇠ En esa época, a menudo, ⇠él/ella/usted _____ (ganas de salir)","tenía","Advanced","fill_in_blank","tener","None","None","No","No"," ends_in_er extreme_irregularity imperfecto in_the_wild irregular_verb modismo regular_form tener él_ella_usted "
"⇠ En esa época, a menudo, ⇠nosotros _____ (ganas de salir)","teníamos","Advanced","fill_in_blank","tener","None","None","No","No"," ends_in_er extreme_irregularity imperfecto irregular_verb nosotros regular_form tener "
"⇠ En esa época, a menudo, ⇠vosotros _____ (ganas de salir)","teníais","Advanced","fill_in_blank","tener","None","None","No","No"," ends_in_er extreme_irregularity imperfecto irregular_verb regular_form tener vosotros "
"⇠ En esa época, a menudo, ⇠ellos/ellas/ustedes _____ (ganas de salir)","tenían","Advanced","fill_in_blank","tener","None","None","No","No"," ellos_ellas_ustedes ends_in_er extreme_irregularity imperfecto in_the_wild irregular_verb modismo regular_form tener "
"↧ En aquel momento ↧yo _____ (ganas de salir)","tuve","Advanced","fill_in_blank","tener","None","None","No","No"," ends_in_er extreme_irregularity in_the_wild indefinido irregular_form irregular_verb modismo tener yo "
"↧ En aquel momento ↧tú/vos _____ (ganas de salir)","tuviste","Advanced","fill_in_blank","tener","None","None","No","No"," ends_in_er extreme_irregularity indefinido irregular_form irregular_verb tener tú_vos "
"↧ En aquel momento ↧él/ella/usted _____ (ganas de salir)","tuvo","Advanced","fill_in_blank","tener","None","None","No","No"," ends_in_er extreme_irregularity in_the_wild indefinido irregular_form irregular_verb refrán tener él_ella_usted "
"↧ En aquel momento ↧nosotros _____ (ganas de salir)","tuvimos","Advanced","fill_in_blank","tener","None","None","No","No"," ends_in_er extreme_irregularity indefinido irregular_form irregular_verb nosotros tener "
"↧ En aquel momento ↧vosotros _____ (ganas de salir)","tuvisteis","Advanced","fill_in_blank","tener","None","None","No","No"," ends_in_er extreme_irregularity indefinido irregular_form irregular_verb tener vosotros "
"↧ En aquel momento ↧ellos/ellas/ustedes _____ (ganas de salir)","tuvieron","Advanced","fill_in_blank","tener","None","None","No","No"," ellos_ellas_ustedes ends_in_er extreme_irregularity indefinido irregular_form irregular_verb tener "
"→ En el futuro, →yo _____ (ganas de salir)","tendré","Advanced","fill_in_blank","tener","None","None","No","No"," ends_in_er extreme_irregularity futuro irregular_form irregular_verb tener yo "
"→ En el futuro, →tú/vos _____ (ganas de salir)","tendrás","Advanced","fill_in_blank","tener","None","None","No","No"," ends_in_er extreme_irregularity futuro irregular_form irregular_verb tener tú_vos "
"→ En el futuro, →él/ella/usted _____ (ganas de salir)","tendrá","Advanced","fill_in_blank","tener","None","None","No","No"," ends_in_er extreme_irregularity futuro in_the_wild irregular_form irregular_verb refrán tener él_ella_usted "
"→ En el futuro, →nosotros _____ (ganas de salir)","tendremos","Advanced","fill_in_blank","tener","None","None","No","No"," ends_in_er extreme_irregularity futuro irregular_form irregular_verb nosotros tener "
"→ En el futuro, →vosotros _____ (ganas de salir)","tendréis","Advanced","fill_in_blank","tener","None","None","No","No"," ends_in_er extreme_irregularity futuro irregular_form irregular_verb tener vosotros "
"→ En el futuro, →ellos/ellas/ustedes _____ (ganas de salir)","tendrán","Advanced","fill_in_blank","tener","None","None","No","No"," ellos_ellas_ustedes ends_in_er extreme_irregularity futuro irregular_form irregular_verb tener "
"… Si ocurriese esto, …yo _____ (razón)","tendría","Advanced","fill_in_blank","tener","None","None","No","No"," condicional ends_in_er extreme_irregularity irregular_form irregular_verb tener yo "
"… Si sucediera esto, …tú/vos _____ (razón)","tendrías","Advanced","fill_in_blank","tener","None","None","No","No"," condicional ends_in_er extreme_irregularity irregular_form irregular_verb tener tú_vos "
"… Si acaeciera algo, …él/ella/usted _____ (razón)","tendría","Advanced","fill_in_blank","tener","None","None","No","No"," condicional ends_in_er extreme_irregularity irregular_form irregular_verb tener él_ella_usted "
"… Si pasara algo, …nosotros _____ (razón)","tendríamos","Advanced","fill_in_blank","tener","None","None","No","No"," condicional ends_in_er extreme_irregularity irregular_form irregular_verb nosotros tener "
"… Si aconteciese esto, …vosotros _____ (razón)","tendríais","Advanced","fill_in_blank","tener","None","None","No","No"," condicional ends_in_er extreme_irregularity irregular_form irregular_verb tener vosotros "
"… Si se produjera esto, …ellos/ellas/ustedes _____ (razón)","tendrían","Advanced","fill_in_blank","tener","None","None","No","No"," condicional ellos_ellas_ustedes ends_in_er extreme_irregularity irregular_form irregular_verb tener "
"〰 Resulta divertido que 〰yo _____ (ganas de salir)","tenga","Elementary","fill_in_blank","tener","None","None","No","No"," ends_in_er extreme_irregularity irregular_form irregular_verb subjuntivo_presente tener yo "
"〰 Resulta divertido que 〰tú/vos _____ (ganas de salir)","tengas","Elementary","fill_in_blank","tener","None","None","No","No"," ends_in_er extreme_irregularity in_the_wild irregular_form irregular_verb modismo subjuntivo_presente tener tú_vos "
"〰 Resulta divertido que 〰él/ella/usted _____ (ganas de salir)","tenga","Elementary","fill_in_blank","tener","None","None","No","No"," ends_in_er extreme_irregularity irregular_form irregular_verb subjuntivo_presente tener él_ella_usted "
"〰 Resulta divertido que 〰nosotros _____ (ganas de salir)","tengamos","Elementary","fill_in_blank","tener","None","None","No","No"," ends_in_er extreme_irregularity irregular_form irregular_verb nosotros subjuntivo_presente tener "
"〰 Resulta divertido que 〰vosotros _____ (ganas de salir)","tengáis","Elementary","fill_in_blank","tener","None","None","No","No"," ends_in_er extreme_irregularity irregular_form irregular_verb subjuntivo_presente tener vosotros "
"〰 Resulta divertido que 〰ellos/ellas/ustedes _____ (ganas de salir)","tengan","Elementary","fill_in_blank","tener","None","None","No","No"," ellos_ellas_ustedes ends_in_er extreme_irregularity irregular_form irregular_verb subjuntivo_presente tener "
"↫ Fue sorprendente que ↫yo _____ (ganas de salir)","tuviera | tuviese","Advanced","fill_in_blank","tener","None","None","No","No"," ends_in_er extreme_irregularity irregular_form irregular_verb subjuntivo_pasado tener yo "
"↫ Fue sorprendente que ↫tú/vos _____ (ganas de salir)","tuvieras | tuvieses","Advanced","fill_in_blank","tener","None","None","No","No"," ends_in_er extreme_irregularity irregular_form irregular_verb subjuntivo_pasado tener tú_vos "
"↫ Fue sorprendente que ↫él/ella/usted _____ (ganas de salir)","tuviera | tuviese","Advanced","fill_in_blank","tener","None","None","No","No"," ends_in_er extreme_irregularity irregular_form irregular_verb subjuntivo_pasado tener él_ella_usted "
"↫ Fue sorprendente que ↫nosotros _____ (ganas de salir)","tuviéramos | tuviésemos","Advanced","fill_in_blank","tener","None","None","No","No"," ends_in_er extreme_irregularity irregular_form irregular_verb nosotros subjuntivo_pasado tener "
"↫ Fue sorprendente que ↫vosotros _____ (ganas de salir)","tuvierais | tuvieseis","Advanced","fill_in_blank","tener","None","None","No","No"," ends_in_er extreme_irregularity irregular_form irregular_verb subjuntivo_pasado tener vosotros "
"↫ Fue sorprendente que ↫ellos/ellas/ustedes _____ (ganas de salir)","tuvieran | tuviesen","Advanced","fill_in_blank","tener","None","None","No","No"," ellos_ellas_ustedes ends_in_er extreme_irregularity irregular_form irregular_verb subjuntivo_pasado tener "
"Hombre, por favor,¡ _____ (más respeto), ya !(tú)","ten","Advanced","fill_in_blank","tener","None","None","No","No"," ends_in_er extreme_irregularity imperativo irregular_form irregular_verb tener tú tú_vos "
"Hombre, por favor,¡ _____ (más respeto), ya !(vos)","tené","Advanced","fill_in_blank","tener","None","None","No","No"," ends_in_er extreme_irregularity imperativo irregular_verb regular_form tener tú_vos vos "
"Mujer, por favor,¡ no _____ (tanto respeto) !(tú/vos)","tengas","Advanced","fill_in_blank","tener","None","None","No","No"," ends_in_er extreme_irregularity imperativo in_the_wild irregular_form irregular_verb modismo negative_imperativo tener tú_vos "
"Señora, por favor,¡ (que) _____ (más respeto), ya !(él/ella/usted)","tenga","Advanced","fill_in_blank","tener","None","None","No","No"," ends_in_er extreme_irregularity imperativo irregular_form irregular_verb tener él_ella_usted "
"Vámonos equipo, por favor,¡ (que) _____ (más respeto), ya !(nosotros)","tengamos","Advanced","fill_in_blank","tener","None","None","No","No"," ends_in_er extreme_irregularity imperativo irregular_form irregular_verb nosotros tener "
"Tú y tú, por favor,¡ _____ (más respeto), ya !(vosotros)","tened","Advanced","fill_in_blank","tener","None","None","No","No"," ends_in_er extreme_irregularity imperativo irregular_verb regular_form tener vosotros "
"Señores, por favor,¡ (que) _____ (más respeto), ya ! (ellos/ellas/ustedes)","tengan","Advanced","fill_in_blank","tener","None","None","No","No"," ellos_ellas_ustedes ends_in_er extreme_irregularity imperativo irregular_form irregular_verb tener "
"↬ Si en un dudoso futuro ↬yo lo _____, ¡suerte!","tuviere","Advanced","fill_in_blank","tener","None","None","No","No"," ends_in_er extreme_irregularity irregular_form irregular_verb subjuntivo_futuro tener yo "
"↬ Si en un dudoso futuro ↬tú/vos lo _____, ¡suerte!","tuvieres","Advanced","fill_in_blank","tener","None","None","No","No"," ends_in_er extreme_irregularity irregular_form irregular_verb subjuntivo_futuro tener tú_vos "
"↬ Si en un dudoso futuro ↬él/ella/usted lo _____, ¡suerte!","tuviere","Advanced","fill_in_blank","tener","None","None","No","No"," ends_in_er extreme_irregularity irregular_form irregular_verb subjuntivo_futuro tener él_ella_usted "
"↬ Si en un dudoso futuro ↬nosotros lo _____, ¡suerte!","tuviéremos","Advanced","fill_in_blank","tener","None","None","No","No"," ends_in_er extreme_irregularity irregular_form irregular_verb nosotros subjuntivo_futuro tener "
"↬ Si en un dudoso futuro ↬vosotros lo _____, ¡suerte!","tuviereis","Advanced","fill_in_blank","tener","None","None","No","No"," ends_in_er extreme_irregularity irregular_form irregular_verb subjuntivo_futuro tener vosotros "
"↬ Si en un dudoso futuro ↬ellos/ellas/ustedes lo _____, ¡suerte!","tuvieren","Advanced","fill_in_blank","tener","None","None","No","No"," ellos_ellas_ustedes ends_in_er extreme_irregularity irregular_form irregular_verb subjuntivo_futuro tener "
"El verbo enél dicees _____","decir","Advanced","fill_in_blank","None","None","None","No","No"," decir ends_in_ir extreme_irregularity in_the_wild infinitivo irregular_verb refrán regular_form "
"Mientras estoy estudiando…ella está _____ (cosas dulces)","diciendo","Advanced","fill_in_blank","decir","None","None","No","No"," decir ends_in_ir extreme_irregularity gerundio irregular_form irregular_verb "
"Hugo ha _____ (cosas sorprendentes)","dicho","Advanced","fill_in_blank","decir","None","None","No","No"," decir dicho ends_in_ir extreme_irregularity in_the_wild irregular_form irregular_verb participio "
"⊙ Ahora mismo, ⊙yo _____ (que no)","digo","Elementary","fill_in_blank","decir","None","None","No","No"," decir ends_in_ir extreme_irregularity irregular_form irregular_verb presente yo "
"⊙ Ahora mismo, ⊙tú _____ (que no)","dices","Elementary","fill_in_blank","decir","None","None","No","No"," decir ends_in_ir extreme_irregularity irregular_form irregular_verb presente tú tú_vos "
"⊙ Ahora mismo, ⊙vos _____ (que no)","decís","Elementary","fill_in_blank","decir","None","None","No","No"," decir ends_in_ir extreme_irregularity irregular_verb presente regular_form tú_vos vos "
"⊙ Ahora mismo, ⊙él/ella/usted _____ (que no)","dice","Elementary","fill_in_blank","decir","None","None","No","No"," decir dicho ends_in_ir extreme_irregularity in_the_wild irregular_form irregular_verb presente él_ella_usted "
"⊙ Ahora mismo, ⊙nosotros _____ (que no)","decimos","Elementary","fill_in_blank","decir","None","None","No","No"," decir ends_in_ir extreme_irregularity irregular_verb nosotros presente regular_form "
"⊙ Ahora mismo, ⊙vosotros _____ (que no)","decís","Elementary","fill_in_blank","decir","None","None","No","No"," decir ends_in_ir extreme_irregularity irregular_verb presente regular_form vosotros "
"⊙ Ahora mismo, ⊙ellos/ellas/ustedes _____ (que no)","dicen","Elementary","fill_in_blank","decir","None","None","No","No"," decir ellos_ellas_ustedes ends_in_ir extreme_irregularity irregular_form irregular_verb presente "
"⇠ En esa época, a menudo, ⇠yo _____ (que no)","decía","Advanced","fill_in_blank","decir","None","None","No","No"," decir ends_in_ir extreme_irregularity imperfecto irregular_verb regular_form yo "
"⇠ En esa época, a menudo, ⇠tú/vos _____ (que no)","decías","Advanced","fill_in_blank","decir","None","None","No","No"," decir ends_in_ir extreme_irregularity imperfecto irregular_verb regular_form tú_vos "
"⇠ En esa época, a menudo, ⇠él/ella/usted _____ (que no)","decía","Advanced","fill_in_blank","decir","None","None","No","No"," decir ends_in_ir extreme_irregularity imperfecto irregular_verb regular_form él_ella_usted "
"⇠ En esa época, a menudo, ⇠nosotros _____ (que no)","decíamos","Advanced","fill_in_blank","decir","None","None","No","No"," decir ends_in_ir extreme_irregularity imperfecto irregular_verb nosotros regular_form "
"⇠ En esa época, a menudo, ⇠vosotros _____ (que no)","decíais","Advanced","fill_in_blank","decir","None","None","No","No"," decir ends_in_ir extreme_irregularity imperfecto irregular_verb regular_form vosotros "
"⇠ En esa época, a menudo, ⇠ellos/ellas/ustedes _____ (que no)","decían","Advanced","fill_in_blank","decir","None","None","No","No"," decir ellos_ellas_ustedes ends_in_ir extreme_irregularity imperfecto irregular_verb regular_form "
"↧ En aquel momento ↧yo _____ (que no)","dije","Advanced","fill_in_blank","decir","None","None","No","No"," decir dicho ends_in_ir extreme_irregularity in_the_wild indefinido irregular_form irregular_verb yo "
"↧ En aquel momento ↧tú/vos _____ (que no)","dijiste","Advanced","fill_in_blank","decir","None","None","No","No"," decir ends_in_ir extreme_irregularity indefinido irregular_form irregular_verb tú_vos "
"↧ En aquel momento ↧él/ella/usted _____ (que no)","dijo","Advanced","fill_in_blank","decir","None","None","No","No"," decir ends_in_ir extreme_irregularity in_the_wild indefinido irregular_form irregular_verb modismo él_ella_usted "
"↧ En aquel momento ↧nosotros _____ (que no)","dijimos","Advanced","fill_in_blank","decir","None","None","No","No"," decir ends_in_ir extreme_irregularity indefinido irregular_form irregular_verb nosotros "
"↧ En aquel momento ↧vosotros _____ (que no)","dijisteis","Advanced","fill_in_blank","decir","None","None","No","No"," decir ends_in_ir extreme_irregularity indefinido irregular_form irregular_verb vosotros "
"↧ En aquel momento ↧ellos/ellas/ustedes _____ (que no)","dijeron","Advanced","fill_in_blank","decir","None","None","No","No"," decir ellos_ellas_ustedes ends_in_ir extreme_irregularity indefinido irregular_form irregular_verb "
"→ En el futuro, →yo _____ (que no)","diré","Advanced","fill_in_blank","decir","None","None","No","No"," decir ends_in_ir extreme_irregularity futuro irregular_form irregular_verb yo "
"→ En el futuro, →tú/vos _____ (que no)","dirás","Advanced","fill_in_blank","decir","None","None","No","No"," decir ends_in_ir extreme_irregularity futuro irregular_form irregular_verb tú_vos "
"→ En el futuro, →él/ella/usted _____ (que no)","dirá","Advanced","fill_in_blank","decir","None","None","No","No"," decir ends_in_ir extreme_irregularity futuro irregular_form irregular_verb él_ella_usted "
"→ En el futuro, →nosotros _____ (que no)","diremos","Advanced","fill_in_blank","decir","None","None","No","No"," decir ends_in_ir extreme_irregularity futuro irregular_form irregular_verb nosotros "
"→ En el futuro, →vosotros _____ (que no)","diréis","Advanced","fill_in_blank","decir","None","None","No","No"," decir ends_in_ir extreme_irregularity futuro irregular_form irregular_verb vosotros "
"→ En el futuro, →ellos/ellas/ustedes _____ (que no)","dirán","Advanced","fill_in_blank","decir","None","None","No","No"," decir ellos_ellas_ustedes ends_in_ir extreme_irregularity futuro irregular_form irregular_verb "
"… Si ocurriese esto, …yo _____ (que no)","diría","Advanced","fill_in_blank","decir","None","None","No","No"," condicional decir ends_in_ir extreme_irregularity irregular_form irregular_verb yo "
"… Si sucediera esto, …tú/vos _____ (que no)","dirías","Advanced","fill_in_blank","decir","None","None","No","No"," condicional decir ends_in_ir extreme_irregularity irregular_form irregular_verb tú_vos "
"… Si acaeciera algo, …él/ella/usted _____ (que no)","diría","Advanced","fill_in_blank","decir","None","None","No","No"," condicional decir ends_in_ir extreme_irregularity irregular_form irregular_verb él_ella_usted "
"… Si pasara algo, …nosotros _____ (que no)","diríamos","Advanced","fill_in_blank","decir","None","None","No","No"," condicional decir ends_in_ir extreme_irregularity irregular_form irregular_verb nosotros "
"… Si aconteciese esto, …vosotros _____ (que no)","diríais","Advanced","fill_in_blank","decir","None","None","No","No"," condicional decir ends_in_ir extreme_irregularity irregular_form irregular_verb vosotros "
"… Si se produjera esto, …ellos/ellas/ustedes _____ (que no)","dirían","Advanced","fill_in_blank","decir","None","None","No","No"," condicional decir ellos_ellas_ustedes ends_in_ir extreme_irregularity irregular_form irregular_verb "
"〰 Resulta divertido que 〰yo _____ (que no)","diga","Elementary","fill_in_blank","decir","None","None","No","No"," decir ends_in_ir extreme_irregularity irregular_form irregular_verb subjuntivo_presente yo "
"〰 Resulta divertido que 〰tú/vos _____ (que no)","digas","Elementary","fill_in_blank","decir","None","None","No","No"," decir ends_in_ir extreme_irregularity in_the_wild irregular_form irregular_verb refrán subjuntivo_presente tú_vos "
"〰 Resulta divertido que 〰él/ella/usted _____ (que no)","diga","Elementary","fill_in_blank","decir","None","None","No","No"," decir ends_in_ir extreme_irregularity irregular_form irregular_verb subjuntivo_presente él_ella_usted "
"〰 Resulta divertido que 〰nosotros _____ (que no)","digamos","Elementary","fill_in_blank","decir","None","None","No","No"," decir ends_in_ir extreme_irregularity irregular_form irregular_verb nosotros subjuntivo_presente "
"〰 Resulta divertido que 〰vosotros _____ (que no)","digáis","Elementary","fill_in_blank","decir","None","None","No","No"," decir ends_in_ir extreme_irregularity irregular_form irregular_verb subjuntivo_presente vosotros "
"〰 Resulta divertido que 〰ellos/ellas/ustedes _____ (que no)","digan","Elementary","fill_in_blank","decir","None","None","No","No"," decir ellos_ellas_ustedes ends_in_ir extreme_irregularity irregular_form irregular_verb subjuntivo_presente "
"↫ Fue sorprendente que ↫yo _____ (que no)","dijera | dijese","Advanced","fill_in_blank","decir","None","None","No","No"," decir ends_in_ir extreme_irregularity irregular_form irregular_verb subjuntivo_pasado yo "
"↫ Fue sorprendente que ↫tú/vos _____ (que no)","dijeras | dijeses","Advanced","fill_in_blank","decir","None","None","No","No"," decir ends_in_ir extreme_irregularity irregular_form irregular_verb subjuntivo_pasado tú_vos "
"↫ Fue sorprendente que ↫él/ella/usted _____ (que no)","dijera | dijese","Advanced","fill_in_blank","decir","None","None","No","No"," decir ends_in_ir extreme_irregularity irregular_form irregular_verb subjuntivo_pasado él_ella_usted "
"↫ Fue sorprendente que ↫nosotros _____ (que no)","dijéramos | dijésemos","Advanced","fill_in_blank","decir","None","None","No","No"," decir ends_in_ir extreme_irregularity irregular_form irregular_verb nosotros subjuntivo_pasado "
"↫ Fue sorprendente que ↫vosotros _____ (que no)","dijerais | dijeseis","Advanced","fill_in_blank","decir","None","None","No","No"," decir ends_in_ir extreme_irregularity irregular_form irregular_verb subjuntivo_pasado vosotros "
"↫ Fue sorprendente que ↫ellos/ellas/ustedes _____ (que no)","dijeran | dijesen","Advanced","fill_in_blank","decir","None","None","No","No"," decir ellos_ellas_ustedes ends_in_ir extreme_irregularity irregular_form irregular_verb subjuntivo_pasado "
"Hombre, por favor,¡ _____ (la verdad), ya !(tú)","di","Advanced","fill_in_blank","decir","None","None","No","No"," decir ends_in_ir extreme_irregularity imperativo in_the_wild irregular_form irregular_verb modismo tú tú_vos "
"Hombre, por favor,¡ _____ (la verdad), ya !(vos)","decí","Advanced","fill_in_blank","decir","None","None","No","No"," decir ends_in_ir extreme_irregularity imperativo irregular_verb regular_form tú_vos vos "
"Mujer, por favor,¡ no _____ (la verdad) !(tú/vos)","digas","Advanced","fill_in_blank","decir","None","None","No","No"," decir ends_in_ir extreme_irregularity imperativo in_the_wild irregular_form irregular_verb negative_imperativo refrán tú_vos "
"Señora, por favor,¡ (que) _____ (la verdad), ya !(él/ella/usted)","diga","Advanced","fill_in_blank","decir","None","None","No","No"," decir ends_in_ir extreme_irregularity imperativo irregular_form irregular_verb él_ella_usted "
"Vámonos equipo, por favor,¡ (que) _____ (la verdad), ya !(nosotros)","digamos","Advanced","fill_in_blank","decir","None","None","No","No"," decir ends_in_ir extreme_irregularity imperativo irregular_form irregular_verb nosotros "
"Tú y tú, por favor,¡ _____ (la verdad), ya !(vosotros)","decid","Advanced","fill_in_blank","decir","None","None","No","No"," decir ends_in_ir extreme_irregularity imperativo irregular_verb regular_form vosotros "
"Señores, por favor,¡ (que) _____ (la verdad), ya ! (ellos/ellas/ustedes)","digan","Advanced","fill_in_blank","decir","None","None","No","No"," decir ellos_ellas_ustedes ends_in_ir extreme_irregularity imperativo irregular_form irregular_verb "
"↬ Si en un dudoso futuro ↬yo lo _____, ¡suerte!","dijere","Advanced","fill_in_blank","decir","None","None","No","No"," decir ends_in_ir extreme_irregularity irregular_form irregular_verb subjuntivo_futuro yo "
"↬ Si en un dudoso futuro ↬tú/vos lo _____, ¡suerte!","dijeres","Advanced","fill_in_blank","decir","None","None","No","No"," decir ends_in_ir extreme_irregularity irregular_form irregular_verb subjuntivo_futuro tú_vos "
"↬ Si en un dudoso futuro ↬él/ella/usted lo _____, ¡suerte!","dijere","Advanced","fill_in_blank","decir","None","None","No","No"," decir ends_in_ir extreme_irregularity irregular_form irregular_verb subjuntivo_futuro él_ella_usted "
"↬ Si en un dudoso futuro ↬nosotros lo _____, ¡suerte!","dijéremos","Advanced","fill_in_blank","decir","None","None","No","No"," decir ends_in_ir extreme_irregularity irregular_form irregular_verb nosotros subjuntivo_futuro "
"↬ Si en un dudoso futuro ↬vosotros lo _____, ¡suerte!","dijereis","Advanced","fill_in_blank","decir","None","None","No","No"," decir ends_in_ir extreme_irregularity irregular_form irregular_verb subjuntivo_futuro vosotros "
"↬ Si en un dudoso futuro ↬ellos/ellas/ustedes lo _____, ¡suerte!","dijeren","Advanced","fill_in_blank","decir","None","None","No","No"," decir ellos_ellas_ustedes ends_in_ir extreme_irregularity irregular_form irregular_verb subjuntivo_futuro "
"El verbo enél hacees _____","hacer","Advanced","fill_in_blank","None","None","None","No","No"," ends_in_er extreme_irregularity hacer infinitivo irregular_verb regular_form "
"Mientras estoy estudiando…ella está _____ (sus ejercicios espirituales)","haciendo","Advanced","fill_in_blank","hacer","None","None","No","No"," ends_in_er extreme_irregularity gerundio hacer irregular_verb regular_form "
"Hugo ha _____ (sus ejercicios espirituales)","hecho","Advanced","fill_in_blank","hacer","None","None","No","No"," ends_in_er extreme_irregularity hacer in_the_wild irregular_form irregular_verb participio refrán "
"⊙ Ahora mismo, ⊙yo _____ (pasteles)","hago","Elementary","fill_in_blank","hacer","None","None","No","No"," ends_in_er extreme_irregularity hacer irregular_form irregular_verb presente yo "
"⊙ Ahora mismo, ⊙tú _____ (pasteles)","haces","Elementary","fill_in_blank","hacer","None","None","No","No"," ends_in_er extreme_irregularity hacer irregular_verb presente regular_form tú tú_vos "
"⊙ Ahora mismo, ⊙vos _____ (pasteles)","hacés","Elementary","fill_in_blank","hacer","None","None","No","No"," ends_in_er extreme_irregularity hacer irregular_verb presente regular_form tú_vos vos "
"⊙ Ahora mismo, ⊙él/ella/usted _____ (pasteles)","hace","Elementary","fill_in_blank","hacer","None","None","No","No"," ends_in_er extreme_irregularity hacer in_the_wild irregular_verb presente refrán regular_form él_ella_usted "
"⊙ Ahora mismo, ⊙nosotros _____ (pasteles)","hacemos","Elementary","fill_in_blank","hacer","None","None","No","No"," ends_in_er extreme_irregularity hacer irregular_verb nosotros presente regular_form "
"⊙ Ahora mismo, ⊙vosotros _____ (pasteles)","hacéis","Elementary","fill_in_blank","hacer","None","None","No","No"," ends_in_er extreme_irregularity hacer irregular_verb presente regular_form vosotros "
"⊙ Ahora mismo, ⊙ellos/ellas/ustedes _____ (pasteles)","hacen","Elementary","fill_in_blank","hacer","None","None","No","No"," ellos_ellas_ustedes ends_in_er extreme_irregularity hacer irregular_verb presente regular_form "
"⇠ En esa época, a menudo, ⇠yo _____ (pasteles)","hacía","Advanced","fill_in_blank","hacer","None","None","No","No"," ends_in_er extreme_irregularity hacer imperfecto irregular_verb regular_form yo "
"⇠ En esa época, a menudo, ⇠tú/vos _____ (pasteles)","hacías","Advanced","fill_in_blank","hacer","None","None","No","No"," ends_in_er extreme_irregularity hacer imperfecto irregular_verb regular_form tú_vos "
"⇠ En esa época, a menudo, ⇠él/ella/usted _____ (pasteles)","hacía","Advanced","fill_in_blank","hacer","None","None","No","No"," ends_in_er extreme_irregularity hacer imperfecto irregular_verb regular_form él_ella_usted "
"⇠ En esa época, a menudo, ⇠nosotros _____ (pasteles)","hacíamos","Advanced","fill_in_blank","hacer","None","None","No","No"," ends_in_er extreme_irregularity hacer imperfecto irregular_verb nosotros regular_form "
"⇠ En esa época, a menudo, ⇠vosotros _____ (pasteles)","hacíais","Advanced","fill_in_blank","hacer","None","None","No","No"," ends_in_er extreme_irregularity hacer imperfecto irregular_verb regular_form vosotros "
"⇠ En esa época, a menudo, ⇠ellos/ellas/ustedes _____ (pasteles)","hacían","Advanced","fill_in_blank","hacer","None","None","No","No"," ellos_ellas_ustedes ends_in_er extreme_irregularity hacer imperfecto irregular_verb regular_form "
"↧ En aquel momento ↧yo _____ (pasteles)","hice","Advanced","fill_in_blank","hacer","None","None","No","No"," ends_in_er extreme_irregularity hacer indefinido irregular_form irregular_verb yo "
"↧ En aquel momento ↧tú/vos _____ (pasteles)","hiciste","Advanced","fill_in_blank","hacer","None","None","No","No"," ends_in_er extreme_irregularity hacer indefinido irregular_form irregular_verb tú_vos "
"↧ En aquel momento ↧él/ella/usted _____ (pasteles)","hizo","Advanced","fill_in_blank","hacer","None","None","No","No"," ends_in_er extreme_irregularity hacer in_the_wild indefinido irregular_form irregular_verb modismo él_ella_usted "
"↧ En aquel momento ↧nosotros _____ (pasteles)","hicimos","Advanced","fill_in_blank","hacer","None","None","No","No"," ends_in_er extreme_irregularity hacer in_the_wild indefinido irregular_form irregular_verb modismo nosotros "
"↧ En aquel momento ↧vosotros _____ (pasteles)","hicisteis","Advanced","fill_in_blank","hacer","None","None","No","No"," ends_in_er extreme_irregularity hacer indefinido irregular_form irregular_verb vosotros "
"↧ En aquel momento ↧ellos/ellas/ustedes _____ (pasteles)","hicieron","Advanced","fill_in_blank","hacer","None","None","No","No"," ellos_ellas_ustedes ends_in_er extreme_irregularity hacer in_the_wild indefinido irregular_form irregular_verb modismo "
"→ En el futuro, →yo _____ (pasteles)","haré","Advanced","fill_in_blank","hacer","None","None","No","No"," ends_in_er extreme_irregularity futuro hacer irregular_form irregular_verb yo "
"→ En el futuro, →tú/vos _____ (pasteles)","harás","Advanced","fill_in_blank","hacer","None","None","No","No"," ends_in_er extreme_irregularity futuro hacer irregular_form irregular_verb tú_vos "
"→ En el futuro, →él/ella/usted _____ (pasteles)","hará","Advanced","fill_in_blank","hacer","None","None","No","No"," ends_in_er extreme_irregularity futuro hacer irregular_form irregular_verb él_ella_usted "
"→ En el futuro, →nosotros _____ (pasteles)","haremos","Advanced","fill_in_blank","hacer","None","None","No","No"," ends_in_er extreme_irregularity futuro hacer irregular_form irregular_verb nosotros "
"→ En el futuro, →vosotros _____ (pasteles)","haréis","Advanced","fill_in_blank","hacer","None","None","No","No"," ends_in_er extreme_irregularity futuro hacer irregular_form irregular_verb vosotros "
"→ En el futuro, →ellos/ellas/ustedes _____ (pasteles)","harán","Advanced","fill_in_blank","hacer","None","None","No","No"," ellos_ellas_ustedes ends_in_er extreme_irregularity futuro hacer irregular_form irregular_verb "
"… Si ocurriese esto, …yo _____ (pasteles)","haría","Advanced","fill_in_blank","hacer","None","None","No","No"," condicional ends_in_er extreme_irregularity hacer irregular_form irregular_verb yo "
"… Si sucediera esto, …tú/vos _____ (pasteles)","harías","Advanced","fill_in_blank","hacer","None","None","No","No"," condicional ends_in_er extreme_irregularity hacer irregular_form irregular_verb tú_vos "
"… Si acaeciera algo, …él/ella/usted _____ (pasteles)","haría","Advanced","fill_in_blank","hacer","None","None","No","No"," condicional ends_in_er extreme_irregularity hacer irregular_form irregular_verb él_ella_usted "
"… Si pasara algo, …nosotros _____ (pasteles)","haríamos","Advanced","fill_in_blank","hacer","None","None","No","No"," condicional ends_in_er extreme_irregularity hacer irregular_form irregular_verb nosotros "
"… Si aconteciese esto, …vosotros _____ (pasteles)","haríais","Advanced","fill_in_blank","hacer","None","None","No","No"," condicional ends_in_er extreme_irregularity hacer irregular_form irregular_verb vosotros "
"… Si se produjera esto, …ellos/ellas/ustedes _____ (pasteles)","harían","Advanced","fill_in_blank","hacer","None","None","No","No"," condicional ellos_ellas_ustedes ends_in_er extreme_irregularity hacer irregular_form irregular_verb "
"〰 Resulta divertido que 〰yo _____ (pasteles)","haga","Elementary","fill_in_blank","hacer","None","None","No","No"," ends_in_er extreme_irregularity hacer irregular_form irregular_verb subjuntivo_presente yo "
"〰 Resulta divertido que 〰tú/vos _____ (pasteles)","hagas","Elementary","fill_in_blank","hacer","None","None","No","No"," ends_in_er extreme_irregularity hacer in_the_wild irregular_form irregular_verb refrán subjuntivo_presente tú_vos "
"〰 Resulta divertido que 〰él/ella/usted _____ (pasteles)","haga","Elementary","fill_in_blank","hacer","None","None","No","No"," dicho ends_in_er extreme_irregularity hacer in_the_wild irregular_form irregular_verb subjuntivo_presente él_ella_usted "
"〰 Resulta divertido que 〰nosotros _____ (pasteles)","hagamos","Elementary","fill_in_blank","hacer","None","None","No","No"," ends_in_er extreme_irregularity hacer irregular_form irregular_verb nosotros subjuntivo_presente "
"〰 Resulta divertido que 〰vosotros _____ (pasteles)","hagáis","Elementary","fill_in_blank","hacer","None","None","No","No"," ends_in_er extreme_irregularity hacer irregular_form irregular_verb subjuntivo_presente vosotros "
"〰 Resulta divertido que 〰ellos/ellas/ustedes _____ (pasteles)","hagan","Elementary","fill_in_blank","hacer","None","None","No","No"," ellos_ellas_ustedes ends_in_er extreme_irregularity hacer irregular_form irregular_verb subjuntivo_presente "
"↫ Fue sorprendente que ↫yo _____ (pasteles)","hiciera | hiciese","Advanced","fill_in_blank","hacer","None","None","No","No"," ends_in_er extreme_irregularity hacer irregular_form irregular_verb subjuntivo_pasado yo "
"↫ Fue sorprendente que ↫tú/vos _____ (pasteles)","hicieras | hicieses","Advanced","fill_in_blank","hacer","None","None","No","No"," ends_in_er extreme_irregularity hacer irregular_form irregular_verb subjuntivo_pasado tú_vos "
"↫ Fue sorprendente que ↫él/ella/usted _____ (pasteles)","hiciera | hiciese","Advanced","fill_in_blank","hacer","None","None","No","No"," ends_in_er extreme_irregularity hacer irregular_form irregular_verb subjuntivo_pasado él_ella_usted "
"↫ Fue sorprendente que ↫nosotros _____ (pasteles)","hiciéramos | hiciésemos","Advanced","fill_in_blank","hacer","None","None","No","No"," ends_in_er extreme_irregularity hacer irregular_form irregular_verb nosotros subjuntivo_pasado "
"↫ Fue sorprendente que ↫vosotros _____ (pasteles)","hicierais | hicieseis","Advanced","fill_in_blank","hacer","None","None","No","No"," ends_in_er extreme_irregularity hacer irregular_form irregular_verb subjuntivo_pasado vosotros "
"↫ Fue sorprendente que ↫ellos/ellas/ustedes _____ (pasteles)","hicieran | hiciesen","Advanced","fill_in_blank","hacer","None","None","No","No"," ellos_ellas_ustedes ends_in_er extreme_irregularity hacer irregular_form irregular_verb subjuntivo_pasado "
"Hombre, por favor,¡ _____ (la compra), ya !(tú)","haz","Advanced","fill_in_blank","hacer","None","None","No","No"," ends_in_er extreme_irregularity hacer imperativo in_the_wild irregular_form irregular_verb refrán tú tú_vos "
"Hombre, por favor,¡ _____ (la compra), ya !(vos)","hacé","Advanced","fill_in_blank","hacer","None","None","No","No"," ends_in_er extreme_irregularity hacer imperativo irregular_verb regular_form tú_vos vos "
"Mujer, por favor,¡ no _____ (lo que él te pide) !(tú/vos)","hagas","Advanced","fill_in_blank","hacer","None","None","No","No"," ends_in_er extreme_irregularity hacer imperativo in_the_wild irregular_form irregular_verb negative_imperativo refrán tú_vos "
"Señora, por favor,¡ (que) _____ (la compra), ya !(él/ella/usted)","haga","Advanced","fill_in_blank","hacer","None","None","No","No"," ends_in_er extreme_irregularity hacer imperativo irregular_form irregular_verb él_ella_usted "
"Vámonos equipo, por favor,¡ (que) _____ (la compra), ya !(nosotros)","hagamos","Advanced","fill_in_blank","hacer","None","None","No","No"," ends_in_er extreme_irregularity hacer imperativo irregular_form irregular_verb nosotros "
"Tú y tú, por favor,¡ _____ (la compra), ya !(vosotros)","haced","Advanced","fill_in_blank","hacer","None","None","No","No"," ends_in_er extreme_irregularity hacer imperativo irregular_verb regular_form vosotros "
"Señores, por favor,¡ (que) _____ (la compra), ya ! (ellos/ellas/ustedes)","hagan","Advanced","fill_in_blank","hacer","None","None","No","No"," ellos_ellas_ustedes ends_in_er extreme_irregularity hacer imperativo irregular_form irregular_verb "
"↬ Si en un dudoso futuro ↬yo lo _____, ¡suerte!","hiciere","Advanced","fill_in_blank","hacer","None","None","No","No"," ends_in_er extreme_irregularity hacer irregular_form irregular_verb subjuntivo_futuro yo "
"↬ Si en un dudoso futuro ↬tú/vos lo _____, ¡suerte!","hicieres","Advanced","fill_in_blank","hacer","None","None","No","No"," ends_in_er extreme_irregularity hacer irregular_form irregular_verb subjuntivo_futuro tú_vos "
"↬ Si en un dudoso futuro ↬él/ella/usted lo _____, ¡suerte!","hiciere","Advanced","fill_in_blank","hacer","None","None","No","No"," ends_in_er extreme_irregularity hacer irregular_form irregular_verb subjuntivo_futuro él_ella_usted "
"↬ Si en un dudoso futuro ↬nosotros lo _____, ¡suerte!","hiciéremos","Advanced","fill_in_blank","hacer","None","None","No","No"," ends_in_er extreme_irregularity hacer irregular_form irregular_verb nosotros subjuntivo_futuro "
"↬ Si en un dudoso futuro ↬vosotros lo _____, ¡suerte!","hiciereis","Advanced","fill_in_blank","hacer","None","None","No","No"," ends_in_er extreme_irregularity hacer irregular_form irregular_verb subjuntivo_futuro vosotros "
"↬ Si en un dudoso futuro ↬ellos/ellas/ustedes lo _____, ¡suerte!","hicieren","Advanced","fill_in_blank","hacer","None","None","No","No"," ellos_ellas_ustedes ends_in_er extreme_irregularity hacer irregular_form irregular_verb subjuntivo_futuro "
"El verbo enél puedees _____","poder","Advanced","fill_in_blank","None","None","None","No","No"," dicho ends_in_er extreme_irregularity in_the_wild infinitivo irregular_verb poder regular_form "
"Mientras estoy estudiando…ella está _____ (disfrutar)","pudiendo","Advanced","fill_in_blank","poder","None","None","No","No"," ends_in_er extreme_irregularity gerundio irregular_form irregular_verb poder "
"Hugo ha _____ (dormir)","podido","Advanced","fill_in_blank","poder","None","None","No","No"," ends_in_er extreme_irregularity irregular_verb participio poder regular_form "
"⊙ Ahora mismo, ⊙yo _____ (descansar)","puedo","Elementary","fill_in_blank","poder","None","None","No","No"," ends_in_er extreme_irregularity in_the_wild irregular_form irregular_verb modismo poder presente yo "
"⊙ Ahora mismo, ⊙tú _____ (descansar)","puedes","Elementary","fill_in_blank","poder","None","None","No","No"," ends_in_er extreme_irregularity in_the_wild irregular_form irregular_verb poder presente refrán tú tú_vos "
"⊙ Ahora mismo, ⊙vos _____ (descansar)","podés","Elementary","fill_in_blank","poder","None","None","No","No"," ends_in_er extreme_irregularity irregular_verb poder presente regular_form tú_vos vos "
"⊙ Ahora mismo, ⊙él/ella/usted _____ (descansar)","puede","Elementary","fill_in_blank","poder","None","None","No","No"," dicho ends_in_er extreme_irregularity in_the_wild irregular_form irregular_verb poder presente él_ella_usted "
"⊙ Ahora mismo, ⊙nosotros _____ (descansar)","podemos","Elementary","fill_in_blank","poder","None","None","No","No"," ends_in_er extreme_irregularity irregular_verb nosotros poder presente regular_form "
"⊙ Ahora mismo, ⊙vosotros _____ (descansar)","podéis","Elementary","fill_in_blank","poder","None","None","No","No"," ends_in_er extreme_irregularity irregular_verb poder presente regular_form vosotros "
"⊙ Ahora mismo, ⊙ellos/ellas/ustedes _____ (descansar)","pueden","Elementary","fill_in_blank","poder","None","None","No","No"," ellos_ellas_ustedes ends_in_er extreme_irregularity in_the_wild irregular_form irregular_verb modismo poder presente "
"⇠ En esa época, a menudo, ⇠yo _____ (descansar)","podía","Advanced","fill_in_blank","poder","None","None","No","No"," dicho ends_in_er extreme_irregularity imperfecto in_the_wild irregular_verb poder regular_form yo "
"⇠ En esa época, a menudo, ⇠tú/vos _____ (descansar)","podías","Advanced","fill_in_blank","poder","None","None","No","No"," ends_in_er extreme_irregularity imperfecto irregular_verb poder regular_form tú_vos "
"⇠ En esa época, a menudo, ⇠él/ella/usted _____ (descansar)","podía","Advanced","fill_in_blank","poder","None","None","No","No"," ends_in_er extreme_irregularity imperfecto irregular_verb poder regular_form él_ella_usted "
"⇠ En esa época, a menudo, ⇠nosotros _____ (descansar)","podíamos","Advanced","fill_in_blank","poder","None","None","No","No"," ends_in_er extreme_irregularity imperfecto irregular_verb nosotros poder regular_form "
"⇠ En esa época, a menudo, ⇠vosotros _____ (descansar)","podíais","Advanced","fill_in_blank","poder","None","None","No","No"," ends_in_er extreme_irregularity imperfecto irregular_verb poder regular_form vosotros "
"⇠ En esa época, a menudo, ⇠ellos/ellas/ustedes _____ (descansar)","podían","Advanced","fill_in_blank","poder","None","None","No","No"," ellos_ellas_ustedes ends_in_er extreme_irregularity imperfecto irregular_verb poder regular_form "
"↧ En aquel momento ↧yo _____ (descansar)","pude","Advanced","fill_in_blank","poder","None","None","No","No"," ends_in_er extreme_irregularity indefinido irregular_form irregular_verb poder yo "
"↧ En aquel momento ↧tú/vos _____ (descansar)","pudiste","Advanced","fill_in_blank","poder","None","None","No","No"," ends_in_er extreme_irregularity indefinido irregular_form irregular_verb poder tú_vos "
"↧ En aquel momento ↧él/ella/usted _____ (descansar)","pudo","Advanced","fill_in_blank","poder","None","None","No","No"," ends_in_er extreme_irregularity indefinido irregular_form irregular_verb poder él_ella_usted "
"↧ En aquel momento ↧nosotros _____ (descansar)","pudimos","Advanced","fill_in_blank","poder","None","None","No","No"," ends_in_er extreme_irregularity indefinido irregular_form irregular_verb nosotros poder "
"↧ En aquel momento ↧vosotros _____ (descansar)","pudisteis","Advanced","fill_in_blank","poder","None","None","No","No"," ends_in_er extreme_irregularity indefinido irregular_form irregular_verb poder vosotros "
"↧ En aquel momento ↧ellos/ellas/ustedes _____ (descansar)","pudieron","Advanced","fill_in_blank","poder","None","None","No","No"," ellos_ellas_ustedes ends_in_er extreme_irregularity indefinido irregular_form irregular_verb poder "
"→ En el futuro, →yo _____ (descansar)","podré","Advanced","fill_in_blank","poder","None","None","No","No"," ends_in_er extreme_irregularity futuro irregular_form irregular_verb poder yo "
"→ En el futuro, →tú/vos _____ (descansar)","podrás","Advanced","fill_in_blank","poder","None","None","No","No"," ends_in_er extreme_irregularity futuro irregular_form irregular_verb poder tú_vos "
"→ En el futuro, →él/ella/usted _____ (descansar)","podrá","Advanced","fill_in_blank","poder","None","None","No","No"," ends_in_er extreme_irregularity futuro irregular_form irregular_verb poder él_ella_usted "
"→ En el futuro, →nosotros _____ (descansar)","podremos","Advanced","fill_in_blank","poder","None","None","No","No"," ends_in_er extreme_irregularity futuro irregular_form irregular_verb nosotros poder "
"→ En el futuro, →vosotros _____ (descansar)","podréis","Advanced","fill_in_blank","poder","None","None","No","No"," ends_in_er extreme_irregularity futuro irregular_form irregular_verb poder vosotros "
"→ En el futuro, →ellos/ellas/ustedes _____ (descansar)","podrán","Advanced","fill_in_blank","poder","None","None","No","No"," ellos_ellas_ustedes ends_in_er extreme_irregularity futuro irregular_form irregular_verb poder "
"… Si ocurriese esto, …yo _____ (descansar)","podría","Advanced","fill_in_blank","poder","None","None","No","No"," condicional ends_in_er extreme_irregularity irregular_form irregular_verb poder yo "
"… Si sucediera esto, …tú/vos _____ (descansar)","podrías","Advanced","fill_in_blank","poder","None","None","No","No"," condicional ends_in_er extreme_irregularity irregular_form irregular_verb poder tú_vos "
"… Si acaeciera algo, …él/ella/usted _____ (descansar)","podría","Advanced","fill_in_blank","poder","None","None","No","No"," condicional ends_in_er extreme_irregularity irregular_form irregular_verb poder él_ella_usted "
"… Si pasara algo, …nosotros _____ (descansar)","podríamos","Advanced","fill_in_blank","poder","None","None","No","No"," condicional ends_in_er extreme_irregularity irregular_form irregular_verb nosotros poder "
"… Si aconteciese esto, …vosotros _____ (descansar)","podríais","Advanced","fill_in_blank","poder","None","None","No","No"," condicional ends_in_er extreme_irregularity irregular_form irregular_verb poder vosotros "
"… Si se produjera esto, …ellos/ellas/ustedes _____ (descansar)","podrían","Advanced","fill_in_blank","poder","None","None","No","No"," condicional ellos_ellas_ustedes ends_in_er extreme_irregularity irregular_form irregular_verb poder "
"〰 Resulta divertido que 〰yo _____ (descansar)","pueda","Elementary","fill_in_blank","poder","None","None","No","No"," ends_in_er extreme_irregularity irregular_form irregular_verb poder subjuntivo_presente yo "
"〰 Resulta divertido que 〰tú/vos _____ (descansar)","puedas","Elementary","fill_in_blank","poder","None","None","No","No"," ends_in_er extreme_irregularity in_the_wild irregular_form irregular_verb modismo poder subjuntivo_presente tú_vos "
"〰 Resulta divertido que 〰él/ella/usted _____ (descansar)","pueda","Elementary","fill_in_blank","poder","None","None","No","No"," dicho ends_in_er extreme_irregularity in_the_wild irregular_form irregular_verb poder subjuntivo_presente él_ella_usted "
"〰 Resulta divertido que 〰nosotros _____ (descansar)","podamos","Elementary","fill_in_blank","poder","None","None","No","No"," ends_in_er extreme_irregularity irregular_verb nosotros poder regular_form subjuntivo_presente "
"〰 Resulta divertido que 〰vosotros _____ (descansar)","podáis","Elementary","fill_in_blank","poder","None","None","No","No"," ends_in_er extreme_irregularity irregular_verb poder regular_form subjuntivo_presente vosotros "
"〰 Resulta divertido que 〰ellos/ellas/ustedes _____ (descansar)","puedan","Elementary","fill_in_blank","poder","None","None","No","No"," ellos_ellas_ustedes ends_in_er extreme_irregularity irregular_form irregular_verb poder subjuntivo_presente "
"↫ Fue sorprendente que ↫yo _____ (descansar)","pudiera | pudiese","Advanced","fill_in_blank","poder","None","None","No","No"," ends_in_er extreme_irregularity irregular_form irregular_verb poder subjuntivo_pasado yo "
"↫ Fue sorprendente que ↫tú/vos _____ (descansar)","pudieras | pudieses","Advanced","fill_in_blank","poder","None","None","No","No"," ends_in_er extreme_irregularity irregular_form irregular_verb poder subjuntivo_pasado tú_vos "
"↫ Fue sorprendente que ↫él/ella/usted _____ (descansar)","pudiera | pudiese","Advanced","fill_in_blank","poder","None","None","No","No"," ends_in_er extreme_irregularity irregular_form irregular_verb poder subjuntivo_pasado él_ella_usted "
"↫ Fue sorprendente que ↫nosotros _____ (descansar)","pudiéramos | pudiésemos","Advanced","fill_in_blank","poder","None","None","No","No"," ends_in_er extreme_irregularity irregular_form irregular_verb nosotros poder subjuntivo_pasado "
"↫ Fue sorprendente que ↫vosotros _____ (descansar)","pudierais | pudieseis","Advanced","fill_in_blank","poder","None","None","No","No"," ends_in_er extreme_irregularity irregular_form irregular_verb poder subjuntivo_pasado vosotros "
"↫ Fue sorprendente que ↫ellos/ellas/ustedes _____ (descansar)","pudieran | pudiesen","Advanced","fill_in_blank","poder","None","None","No","No"," ellos_ellas_ustedes ends_in_er extreme_irregularity irregular_form irregular_verb poder subjuntivo_pasado "
"Hombre, por favor,¡ _____ (hacerlo, queriendo o no) !(tú)","puede","Advanced","fill_in_blank","poder","None","None","No","No"," ends_in_er extreme_irregularity imperativo irregular_form irregular_verb poder tú tú_vos "
"Hombre, por favor,¡ _____ (hacerlo, queriendo o no) !(vos)","podé","Advanced","fill_in_blank","poder","None","None","No","No"," ends_in_er extreme_irregularity imperativo irregular_verb poder regular_form tú_vos vos "
"Mujer, por favor,¡ no _____ (aceptar, aunque te lo pidan) !(tú/vos)","puedas","Advanced","fill_in_blank","poder","None","None","No","No"," ends_in_er extreme_irregularity imperativo in_the_wild irregular_form irregular_verb modismo negative_imperativo poder tú_vos "
"Señora, por favor,¡ (que) _____ (hacerlo, queriendo o no) !(él/ella/usted)","pueda","Advanced","fill_in_blank","poder","None","None","No","No"," ends_in_er extreme_irregularity imperativo irregular_form irregular_verb poder él_ella_usted "
"Vámonos equipo, por favor,¡ (que) _____ (hacerlo, queriendo o no) !(nosotros)","podamos","Advanced","fill_in_blank","poder","None","None","No","No"," ends_in_er extreme_irregularity imperativo irregular_verb nosotros poder regular_form "
"Tú y tú, por favor,¡ _____ (hacerlo, queriendo o no) !(vosotros)","poded","Advanced","fill_in_blank","poder","None","None","No","No"," ends_in_er extreme_irregularity imperativo irregular_verb poder regular_form vosotros "
"Señores, por favor,¡ (que) _____ (hacerlo, queriendo o no) ! (ellos/ellas/ustedes)","puedan","Advanced","fill_in_blank","poder","None","None","No","No"," ellos_ellas_ustedes ends_in_er extreme_irregularity imperativo irregular_form irregular_verb poder "
"↬ Si en un dudoso futuro ↬yo lo _____, ¡suerte!","pudiere","Advanced","fill_in_blank","poder","None","None","No","No"," ends_in_er extreme_irregularity irregular_form irregular_verb poder subjuntivo_futuro yo "
"↬ Si en un dudoso futuro ↬tú/vos lo _____, ¡suerte!","pudieres","Advanced","fill_in_blank","poder","None","None","No","No"," ends_in_er extreme_irregularity irregular_form irregular_verb poder subjuntivo_futuro tú_vos "
"↬ Si en un dudoso futuro ↬él/ella/usted lo _____, ¡suerte!","pudiere","Advanced","fill_in_blank","poder","None","None","No","No"," ends_in_er extreme_irregularity irregular_form irregular_verb poder subjuntivo_futuro él_ella_usted "
"↬ Si en un dudoso futuro ↬nosotros lo _____, ¡suerte!","pudiéremos","Advanced","fill_in_blank","poder","None","None","No","No"," ends_in_er extreme_irregularity irregular_form irregular_verb nosotros poder subjuntivo_futuro "
"↬ Si en un dudoso futuro ↬vosotros lo _____, ¡suerte!","pudiereis","Advanced","fill_in_blank","poder","None","None","No","No"," ends_in_er extreme_irregularity irregular_form irregular_verb poder subjuntivo_futuro vosotros "
"↬ Si en un dudoso futuro ↬ellos/ellas/ustedes lo _____, ¡suerte!","pudieren","Advanced","fill_in_blank","poder","None","None","No","No"," ellos_ellas_ustedes ends_in_er extreme_irregularity irregular_form irregular_verb poder subjuntivo_futuro "
"El verbo enél vaes _____","ir","Advanced","fill_in_blank","None","None","None","No","No"," ends_in_ir extreme_irregularity infinitivo ir irregular_verb regular_form "
"Mientras estoy estudiando…ella está _____ (a Cádiz)","yendo","Advanced","fill_in_blank","ir","None","None","No","No"," ends_in_ir extreme_irregularity gerundio ir irregular_form irregular_verb "
"Hugo se ha _____ (a Cádiz)","ido","Advanced","fill_in_blank","ir","None","None","No","No"," dicho ends_in_ir extreme_irregularity in_the_wild ir irregular_verb participio regular_form "
"⊙ Ahora mismo, ⊙yo _____ (a Sevilla)","voy","Elementary","fill_in_blank","ir","None","None","No","No"," ends_in_ir extreme_irregularity ir irregular_form irregular_verb presente yo "
"⊙ Ahora mismo, ⊙tú/vos _____ (a Sevilla)","vas","Elementary","fill_in_blank","ir","None","None","No","No"," ends_in_ir extreme_irregularity ir irregular_form irregular_verb presente tú_vos "
"⊙ Ahora mismo, ⊙él/ella/usted _____ (a Sevilla)","va","Elementary","fill_in_blank","ir","None","None","No","No"," ends_in_ir extreme_irregularity in_the_wild ir irregular_form irregular_verb modismo presente él_ella_usted "
"⊙ Ahora mismo, ⊙nosotros _____ (a Sevilla)","vamos","Elementary","fill_in_blank","ir","None","None","No","No"," ends_in_ir extreme_irregularity ir irregular_form irregular_verb nosotros presente "
"⊙ Ahora mismo, ⊙vosotros _____ (a Sevilla)","vais","Elementary","fill_in_blank","ir","None","None","No","No"," ends_in_ir extreme_irregularity ir irregular_form irregular_verb presente vosotros "
"⊙ Ahora mismo, ⊙ellos/ellas/ustedes _____ (a Sevilla)","van","Elementary","fill_in_blank","ir","None","None","No","No"," ellos_ellas_ustedes ends_in_ir extreme_irregularity ir irregular_form irregular_verb presente "
"⇠ En esa época, a menudo, ⇠yo _____ (a Sevilla)","iba","Advanced","fill_in_blank","ir","None","None","No","No"," ends_in_ir extreme_irregularity imperfecto ir irregular_form irregular_verb yo "
"⇠ En esa época, a menudo, ⇠tú/vos _____ (a Sevilla)","ibas","Advanced","fill_in_blank","ir","None","None","No","No"," ends_in_ir extreme_irregularity imperfecto ir irregular_form irregular_verb tú_vos "
"⇠ En esa época, a menudo, ⇠él/ella/usted _____ (a Sevilla)","iba","Advanced","fill_in_blank","ir","None","None","No","No"," ends_in_ir extreme_irregularity imperfecto in_the_wild ir irregular_form irregular_verb modismo él_ella_usted "
"⇠ En esa época, a menudo, ⇠nosotros _____ (a Sevilla)","íbamos","Advanced","fill_in_blank","ir","None","None","No","No"," ends_in_ir extreme_irregularity imperfecto ir irregular_form irregular_verb nosotros "
"⇠ En esa época, a menudo, ⇠vosotros _____ (a Sevilla)","ibais","Advanced","fill_in_blank","ir","None","None","No","No"," ends_in_ir extreme_irregularity imperfecto ir irregular_form irregular_verb vosotros "
"⇠ En esa época, a menudo, ⇠ellos/ellas/ustedes _____ (a Sevilla)","iban","Advanced","fill_in_blank","ir","None","None","No","No"," ellos_ellas_ustedes ends_in_ir extreme_irregularity imperfecto in_the_wild ir irregular_form irregular_verb modismo "
"↧ En aquel momento ↧yo _____ (a Sevilla)","fui","Advanced","fill_in_blank","ir","None","None","No","No"," ends_in_ir extreme_irregularity indefinido ir irregular_form irregular_verb yo "
"↧ En aquel momento ↧tú/vos _____ (a Sevilla)","fuiste","Advanced","fill_in_blank","ir","None","None","No","No"," dicho ends_in_ir extreme_irregularity in_the_wild indefinido ir irregular_form irregular_verb tú_vos "
"↧ En aquel momento ↧él/ella/usted _____ (a Sevilla)","fue","Advanced","fill_in_blank","ir","None","None","No","No"," ends_in_ir extreme_irregularity in_the_wild indefinido ir irregular_form irregular_verb modismo él_ella_usted "
"↧ En aquel momento ↧nosotros _____ (a Sevilla)","fuimos","Advanced","fill_in_blank","ir","None","None","No","No"," ends_in_ir extreme_irregularity indefinido ir irregular_form irregular_verb nosotros "
"↧ En aquel momento ↧vosotros _____ (a Sevilla)","fuisteis","Advanced","fill_in_blank","ir","None","None","No","No"," ends_in_ir extreme_irregularity indefinido ir irregular_form irregular_verb vosotros "
"↧ En aquel momento ↧ellos/ellas/ustedes _____ (a Sevilla)","fueron","Advanced","fill_in_blank","ir","None","None","No","No"," ellos_ellas_ustedes ends_in_ir extreme_irregularity indefinido ir irregular_form irregular_verb "
"→ En el futuro, →yo _____ (a Sevilla)","iré","Advanced","fill_in_blank","ir","None","None","No","No"," ends_in_ir extreme_irregularity futuro ir irregular_verb regular_form yo "
"→ En el futuro, →tú/vos _____ (a Sevilla)","irás","Advanced","fill_in_blank","ir","None","None","No","No"," ends_in_ir extreme_irregularity futuro ir irregular_verb regular_form tú_vos "
"→ En el futuro, →él/ella/usted _____ (a Sevilla)","irá","Advanced","fill_in_blank","ir","None","None","No","No"," ends_in_ir extreme_irregularity futuro ir irregular_verb regular_form él_ella_usted "
"→ En el futuro, →nosotros _____ (a Sevilla)","iremos","Advanced","fill_in_blank","ir","None","None","No","No"," ends_in_ir extreme_irregularity futuro ir irregular_verb nosotros regular_form "
"→ En el futuro, →vosotros _____ (a Sevilla)","iréis","Advanced","fill_in_blank","ir","None","None","No","No"," ends_in_ir extreme_irregularity futuro ir irregular_verb regular_form vosotros "
"→ En el futuro, →ellos/ellas/ustedes _____ (a Sevilla)","irán","Advanced","fill_in_blank","ir","None","None","No","No"," ellos_ellas_ustedes ends_in_ir extreme_irregularity futuro ir irregular_verb regular_form "
"… Si ocurriese esto, …yo _____ (a Sevilla)","iría","Advanced","fill_in_blank","ir","None","None","No","No"," condicional ends_in_ir extreme_irregularity ir irregular_verb regular_form yo "
"… Si sucediera esto, …tú/vos _____ (a Sevilla)","irías","Advanced","fill_in_blank","ir","None","None","No","No"," condicional ends_in_ir extreme_irregularity ir irregular_verb regular_form tú_vos "
"… Si acaeciera algo, …él/ella/usted _____ (a Sevilla)","iría","Advanced","fill_in_blank","ir","None","None","No","No"," condicional ends_in_ir extreme_irregularity ir irregular_verb regular_form él_ella_usted "
"… Si pasara algo, …nosotros _____ (a Sevilla)","iríamos","Advanced","fill_in_blank","ir","None","None","No","No"," condicional ends_in_ir extreme_irregularity ir irregular_verb nosotros regular_form "
"… Si aconteciese esto, …vosotros _____ (a Sevilla)","iríais","Advanced","fill_in_blank","ir","None","None","No","No"," condicional ends_in_ir extreme_irregularity ir irregular_verb regular_form vosotros "
"… Si se produjera esto, …ellos/ellas/ustedes _____ (a Sevilla)","irían","Advanced","fill_in_blank","ir","None","None","No","No"," condicional ellos_ellas_ustedes ends_in_ir extreme_irregularity ir irregular_verb regular_form "
"〰 Resulta divertido que 〰yo _____ (a Sevilla)","vaya","Elementary","fill_in_blank","ir","None","None","No","No"," ends_in_ir extreme_irregularity ir irregular_form irregular_verb subjuntivo_presente yo "
"〰 Resulta divertido que 〰tú/vos _____ (a Sevilla)","vayas","Elementary","fill_in_blank","ir","None","None","No","No"," ends_in_ir extreme_irregularity in_the_wild ir irregular_form irregular_verb refrán subjuntivo_presente tú_vos "
"〰 Resulta divertido que 〰él/ella/usted _____ (a Sevilla)","vaya","Elementary","fill_in_blank","ir","None","None","No","No"," dicho ends_in_ir extreme_irregularity in_the_wild ir irregular_form irregular_verb subjuntivo_presente él_ella_usted "
"〰 Resulta divertido que 〰nosotros _____ (a Sevilla)","vayamos","Elementary","fill_in_blank","ir","None","None","No","No"," dicho ends_in_ir extreme_irregularity in_the_wild ir irregular_form irregular_verb nosotros subjuntivo_presente "
"〰 Resulta divertido que 〰vosotros _____ (a Sevilla)","vayáis","Elementary","fill_in_blank","ir","None","None","No","No"," ends_in_ir extreme_irregularity ir irregular_form irregular_verb subjuntivo_presente vosotros "
"〰 Resulta divertido que 〰ellos/ellas/ustedes _____ (a Sevilla)","vayan","Elementary","fill_in_blank","ir","None","None","No","No"," ellos_ellas_ustedes ends_in_ir extreme_irregularity ir irregular_form irregular_verb subjuntivo_presente "
"↫ Fue sorprendente que ↫yo _____ (a Sevilla)","fuera | fuese","Advanced","fill_in_blank","ir","None","None","No","No"," ends_in_ir extreme_irregularity ir irregular_form irregular_verb subjuntivo_pasado yo "
"↫ Fue sorprendente que ↫tú/vos _____ (a Sevilla)","fueras | fueses","Advanced","fill_in_blank","ir","None","None","No","No"," ends_in_ir extreme_irregularity ir irregular_form irregular_verb subjuntivo_pasado tú_vos "
"↫ Fue sorprendente que ↫él/ella/usted _____ (a Sevilla)","fuera | fuese","Advanced","fill_in_blank","ir","None","None","No","No"," ends_in_ir extreme_irregularity ir irregular_form irregular_verb subjuntivo_pasado él_ella_usted "
"↫ Fue sorprendente que ↫nosotros _____ (a Sevilla)","fuéramos | fuésemos","Advanced","fill_in_blank","ir","None","None","No","No"," ends_in_ir extreme_irregularity ir irregular_form irregular_verb nosotros subjuntivo_pasado "
"↫ Fue sorprendente que ↫vosotros _____ (a Sevilla)","fuerais | fueseis","Advanced","fill_in_blank","ir","None","None","No","No"," ends_in_ir extreme_irregularity ir irregular_form irregular_verb subjuntivo_pasado vosotros "
"↫ Fue sorprendente que ↫ellos/ellas/ustedes _____ (a Sevilla)","fueran | fuesen","Advanced","fill_in_blank","ir","None","None","No","No"," ellos_ellas_ustedes ends_in_ir extreme_irregularity ir irregular_form irregular_verb subjuntivo_pasado "
"Hombre, por favor,¡ _____ , ya !(tú)","ve","Advanced","fill_in_blank","ir","None","None","No","No"," dicho ends_in_ir extreme_irregularity imperativo in_the_wild ir irregular_form irregular_verb tú tú_vos "
"Hombre, por favor,¡ _____ , ya !(vos)","andá","Advanced","fill_in_blank","ir","None","None","No","No"," ends_in_ir extreme_irregularity imperativo ir irregular_form irregular_verb tú_vos vos "
"Mujer, por favor,¡ no _____ !(tú/vos)","vayas","Advanced","fill_in_blank","ir","None","None","No","No"," ends_in_ir extreme_irregularity imperativo in_the_wild ir irregular_form irregular_verb negative_imperativo refrán tú_vos "
"Señora, por favor,¡ (que) _____ , ya !(él/ella/usted)","vaya","Advanced","fill_in_blank","ir","None","None","No","No"," ends_in_ir extreme_irregularity imperativo ir irregular_form irregular_verb él_ella_usted "
"Vámonos equipo, por favor,¡ (que) _____ , ya !(nosotros)","vayamos","Advanced","fill_in_blank","ir","None","None","No","No"," ends_in_ir extreme_irregularity imperativo ir irregular_form irregular_verb nosotros "
"Tú y tú, por favor,¡ _____ , ya !(vosotros)","id","Advanced","fill_in_blank","ir","None","None","No","No"," ends_in_ir extreme_irregularity imperativo ir irregular_verb regular_form vosotros "
"Señores, por favor,¡ (que) _____ , ya ! (ellos/ellas/ustedes)","vayan","Advanced","fill_in_blank","ir","None","None","No","No"," ellos_ellas_ustedes ends_in_ir extreme_irregularity imperativo ir irregular_form irregular_verb "
"↬ Si en un dudoso futuro ↬yo _____ allí, ¡suerte!","fuere","Advanced","fill_in_blank","ir","None","None","No","No"," ends_in_ir extreme_irregularity ir irregular_form irregular_verb subjuntivo_futuro yo "
"↬ Si en un dudoso futuro ↬tú/vos _____ allí, ¡suerte!","fueres","Advanced","fill_in_blank","ir","None","None","No","No"," ends_in_ir extreme_irregularity ir irregular_form irregular_verb subjuntivo_futuro tú_vos "
"↬ Si en un dudoso futuro ↬él/ella/usted _____ allí, ¡suerte!","fuere","Advanced","fill_in_blank","ir","None","None","No","No"," ends_in_ir extreme_irregularity ir irregular_form irregular_verb subjuntivo_futuro él_ella_usted "
"↬ Si en un dudoso futuro ↬nosotros _____ allí, ¡suerte!","fuéremos","Advanced","fill_in_blank","ir","None","None","No","No"," ends_in_ir extreme_irregularity ir irregular_form irregular_verb nosotros subjuntivo_futuro "
"↬ Si en un dudoso futuro ↬vosotros _____ allí, ¡suerte!","fuereis","Advanced","fill_in_blank","ir","None","None","No","No"," ends_in_ir extreme_irregularity ir irregular_form irregular_verb subjuntivo_futuro vosotros "
"↬ Si en un dudoso futuro ↬ellos/ellas/ustedes _____ allí, ¡suerte!","fueren","Advanced","fill_in_blank","ir","None","None","No","No"," ellos_ellas_ustedes ends_in_ir extreme_irregularity ir irregular_form irregular_verb subjuntivo_futuro "
"El verbo enél daes _____","dar","Intermediate","fill_in_blank","None","None","None","No","No"," dar ends_in_ar high_irregularity infinitivo irregular_verb regular_form "
"Mientras estoy estudiando…ella está _____ (clases)","dando","Intermediate","fill_in_blank","dar","None","None","No","No"," dar ends_in_ar gerundio high_irregularity in_the_wild irregular_verb modismo regular_form "
"Hugo ha _____ (clases)","dado","Intermediate","fill_in_blank","dar","None","None","No","No"," dar dicho ends_in_ar high_irregularity in_the_wild irregular_verb participio regular_form "
"⊙ Ahora mismo, ⊙yo _____ (clases)","doy","Elementary","fill_in_blank","dar","None","None","No","No"," dar ends_in_ar high_irregularity irregular_form irregular_verb presente yo "
"⊙ Ahora mismo, ⊙tú/vos _____ (clases)","das","Elementary","fill_in_blank","dar","None","None","No","No"," dar ends_in_ar high_irregularity irregular_verb presente regular_form tú_vos "
"⊙ Ahora mismo, ⊙él/ella/usted _____ (clases)","da","Elementary","fill_in_blank","dar","None","None","No","No"," dar dicho ends_in_ar high_irregularity in_the_wild irregular_verb presente regular_form él_ella_usted "
"⊙ Ahora mismo, ⊙nosotros _____ (clases)","damos","Elementary","fill_in_blank","dar","None","None","No","No"," dar ends_in_ar high_irregularity irregular_verb nosotros presente regular_form "
"⊙ Ahora mismo, ⊙vosotros _____ (clases)","dais","Elementary","fill_in_blank","dar","None","None","No","No"," dar ends_in_ar high_irregularity irregular_form irregular_verb presente vosotros "
"⊙ Ahora mismo, ⊙ellos/ellas/ustedes _____ (clases)","dan","Elementary","fill_in_blank","dar","None","None","No","No"," dar ellos_ellas_ustedes ends_in_ar high_irregularity irregular_verb presente regular_form "
"⇠ En esa época, a menudo, ⇠yo _____ (clases)","daba","Intermediate","fill_in_blank","dar","None","None","No","No"," dar ends_in_ar high_irregularity imperfecto irregular_verb regular_form yo "
"⇠ En esa época, a menudo, ⇠tú/vos _____ (clases)","dabas","Intermediate","fill_in_blank","dar","None","None","No","No"," dar ends_in_ar high_irregularity imperfecto irregular_verb regular_form tú_vos "
"⇠ En esa época, a menudo, ⇠él/ella/usted _____ (clases)","daba","Intermediate","fill_in_blank","dar","None","None","No","No"," dar dicho ends_in_ar high_irregularity imperfecto in_the_wild irregular_verb regular_form él_ella_usted "
"⇠ En esa época, a menudo, ⇠nosotros _____ (clases)","dábamos","Intermediate","fill_in_blank","dar","None","None","No","No"," dar ends_in_ar high_irregularity imperfecto irregular_verb nosotros regular_form "
"⇠ En esa época, a menudo, ⇠vosotros _____ (clases)","dabais","Intermediate","fill_in_blank","dar","None","None","No","No"," dar ends_in_ar high_irregularity imperfecto irregular_verb regular_form vosotros "
"⇠ En esa época, a menudo, ⇠ellos/ellas/ustedes _____ (clases)","daban","Intermediate","fill_in_blank","dar","None","None","No","No"," dar ellos_ellas_ustedes ends_in_ar high_irregularity imperfecto in_the_wild irregular_verb modismo regular_form "
"↧ En aquel momento ↧yo _____ (clases)","di","Intermediate","fill_in_blank","dar","None","None","No","No"," dar ends_in_ar high_irregularity indefinido irregular_form irregular_verb yo "
"↧ En aquel momento ↧tú/vos _____ (clases)","diste","Intermediate","fill_in_blank","dar","None","None","No","No"," dar ends_in_ar high_irregularity indefinido irregular_form irregular_verb tú_vos "
"↧ En aquel momento ↧él/ella/usted _____ (clases)","dio","Intermediate","fill_in_blank","dar","None","None","No","No"," dar ends_in_ar high_irregularity in_the_wild indefinido irregular_form irregular_verb modismo él_ella_usted "
"↧ En aquel momento ↧nosotros _____ (clases)","dimos","Intermediate","fill_in_blank","dar","None","None","No","No"," dar ends_in_ar high_irregularity in_the_wild indefinido irregular_form irregular_verb modismo nosotros "
"↧ En aquel momento ↧vosotros _____ (clases)","disteis","Intermediate","fill_in_blank","dar","None","None","No","No"," dar ends_in_ar high_irregularity indefinido irregular_form irregular_verb vosotros "
"↧ En aquel momento ↧ellos/ellas/ustedes _____ (clases)","dieron","Intermediate","fill_in_blank","dar","None","None","No","No"," dar ellos_ellas_ustedes ends_in_ar high_irregularity in_the_wild indefinido irregular_form irregular_verb modismo "
"→ En el futuro, →yo _____ (clases)","daré","Intermediate","fill_in_blank","dar","None","None","No","No"," dar ends_in_ar futuro high_irregularity irregular_verb regular_form yo "
"→ En el futuro, →tú/vos _____ (clases)","darás","Intermediate","fill_in_blank","dar","None","None","No","No"," dar ends_in_ar futuro high_irregularity irregular_verb regular_form tú_vos "
"→ En el futuro, →él/ella/usted _____ (clases)","dará","Intermediate","fill_in_blank","dar","None","None","No","No"," dar ends_in_ar futuro high_irregularity irregular_verb regular_form él_ella_usted "
"→ En el futuro, →nosotros _____ (clases)","daremos","Intermediate","fill_in_blank","dar","None","None","No","No"," dar ends_in_ar futuro high_irregularity irregular_verb nosotros regular_form "
"→ En el futuro, →vosotros _____ (clases)","daréis","Intermediate","fill_in_blank","dar","None","None","No","No"," dar ends_in_ar futuro high_irregularity irregular_verb regular_form vosotros "
"→ En el futuro, →ellos/ellas/ustedes _____ (clases)","darán","Intermediate","fill_in_blank","dar","None","None","No","No"," dar ellos_ellas_ustedes ends_in_ar futuro high_irregularity irregular_verb regular_form "
"… Si ocurriese esto, …yo _____ (clases)","daría","Intermediate","fill_in_blank","dar","None","None","No","No"," condicional dar ends_in_ar high_irregularity irregular_verb regular_form yo "
"… Si sucediera esto, …tú/vos _____ (clases)","darías","Intermediate","fill_in_blank","dar","None","None","No","No"," condicional dar ends_in_ar high_irregularity irregular_verb regular_form tú_vos "
"… Si acaeciera algo, …él/ella/usted _____ (clases)","daría","Intermediate","fill_in_blank","dar","None","None","No","No"," condicional dar ends_in_ar high_irregularity irregular_verb regular_form él_ella_usted "
"… Si pasara algo, …nosotros _____ (clases)","daríamos","Intermediate","fill_in_blank","dar","None","None","No","No"," condicional dar ends_in_ar high_irregularity irregular_verb nosotros regular_form "
"… Si aconteciese esto, …vosotros _____ (clases)","daríais","Intermediate","fill_in_blank","dar","None","None","No","No"," condicional dar ends_in_ar high_irregularity irregular_verb regular_form vosotros "
"… Si se produjera esto, …ellos/ellas/ustedes _____ (clases)","darían","Intermediate","fill_in_blank","dar","None","None","No","No"," condicional dar ellos_ellas_ustedes ends_in_ar high_irregularity irregular_verb regular_form "
"〰 Resulta divertido que 〰yo _____ (clases)","dé","Elementary","fill_in_blank","dar","None","None","No","No"," dar ends_in_ar high_irregularity irregular_form irregular_verb subjuntivo_presente yo "
"〰 Resulta divertido que 〰tú/vos _____ (clases)","des","Elementary","fill_in_blank","dar","None","None","No","No"," dar ends_in_ar high_irregularity irregular_verb regular_form subjuntivo_presente tú_vos "
"〰 Resulta divertido que 〰él/ella/usted _____ (clases)","dé","Elementary","fill_in_blank","dar","None","None","No","No"," dar ends_in_ar high_irregularity irregular_form irregular_verb subjuntivo_presente él_ella_usted "
"〰 Resulta divertido que 〰nosotros _____ (clases)","demos","Elementary","fill_in_blank","dar","None","None","No","No"," dar ends_in_ar high_irregularity irregular_verb nosotros regular_form subjuntivo_presente "
"〰 Resulta divertido que 〰vosotros _____ (clases)","deis","Elementary","fill_in_blank","dar","None","None","No","No"," dar ends_in_ar high_irregularity irregular_form irregular_verb subjuntivo_presente vosotros "
"〰 Resulta divertido que 〰ellos/ellas/ustedes _____ (clases)","den","Elementary","fill_in_blank","dar","None","None","No","No"," dar ellos_ellas_ustedes ends_in_ar high_irregularity in_the_wild irregular_verb modismo regular_form subjuntivo_presente "
"↫ Fue sorprendente que ↫yo _____ (clases)","diera | diese","Advanced","fill_in_blank","dar","None","None","No","No"," dar ends_in_ar high_irregularity irregular_form irregular_verb subjuntivo_pasado yo "
"↫ Fue sorprendente que ↫tú/vos _____ (clases)","dieras | dieses","Advanced","fill_in_blank","dar","None","None","No","No"," dar ends_in_ar high_irregularity irregular_form irregular_verb subjuntivo_pasado tú_vos "
"↫ Fue sorprendente que ↫él/ella/usted _____ (clases)","diera | diese","Advanced","fill_in_blank","dar","None","None","No","No"," dar ends_in_ar high_irregularity irregular_form irregular_verb subjuntivo_pasado él_ella_usted "
"↫ Fue sorprendente que ↫nosotros _____ (clases)","diéramos | diésemos","Advanced","fill_in_blank","dar","None","None","No","No"," dar ends_in_ar high_irregularity irregular_form irregular_verb nosotros subjuntivo_pasado "
"↫ Fue sorprendente que ↫vosotros _____ (clases)","dierais | dieseis","Advanced","fill_in_blank","dar","None","None","No","No"," dar ends_in_ar high_irregularity irregular_form irregular_verb subjuntivo_pasado vosotros "
"↫ Fue sorprendente que ↫ellos/ellas/ustedes _____ (clases)","dieran | diesen","Advanced","fill_in_blank","dar","None","None","No","No"," dar ellos_ellas_ustedes ends_in_ar high_irregularity irregular_form irregular_verb subjuntivo_pasado "
"Hombre, por favor,¡ _____ (las clases), ya !","da","Intermediate","fill_in_blank","dar","None","None","No","No"," dar ends_in_ar high_irregularity imperativo irregular_verb regular_form tú_vos "
"Mujer, por favor,¡ no _____ (las clases) !(tú/vos)","des","Intermediate","fill_in_blank","dar","None","None","No","No"," dar ends_in_ar high_irregularity imperativo irregular_verb negative_imperativo regular_form tú_vos "
"Señora, por favor,¡ (que) _____ (las clases), ya !(él/ella/usted)","dé","Intermediate","fill_in_blank","dar","None","None","No","No"," dar ends_in_ar high_irregularity imperativo irregular_form irregular_verb él_ella_usted "
"Vámonos equipo, por favor,¡ (que) _____ (las clases), ya !(nosotros)","demos","Intermediate","fill_in_blank","dar","None","None","No","No"," dar ends_in_ar high_irregularity imperativo irregular_verb nosotros regular_form "
"Tú y tú, por favor,¡ _____ (las clases), ya !(vosotros)","dad","Intermediate","fill_in_blank","dar","None","None","No","No"," dar ends_in_ar high_irregularity imperativo irregular_verb regular_form vosotros "
"Señores, por favor,¡ (que) _____ (las clases), ya ! (ellos/ellas/ustedes)","den","Intermediate","fill_in_blank","dar","None","None","No","No"," dar ellos_ellas_ustedes ends_in_ar high_irregularity imperativo irregular_verb regular_form "
"↬ Si en un dudoso futuro ↬yo lo _____, ¡suerte!","diere","Advanced","fill_in_blank","dar","None","None","No","No"," dar ends_in_ar high_irregularity irregular_form irregular_verb subjuntivo_futuro yo "
"↬ Si en un dudoso futuro ↬tú/vos lo _____, ¡suerte!","dieres","Advanced","fill_in_blank","dar","None","None","No","No"," dar ends_in_ar high_irregularity irregular_form irregular_verb subjuntivo_futuro tú_vos "
"↬ Si en un dudoso futuro ↬él/ella/usted lo _____, ¡suerte!","diere","Advanced","fill_in_blank","dar","None","None","No","No"," dar ends_in_ar high_irregularity irregular_form irregular_verb subjuntivo_futuro él_ella_usted "
"↬ Si en un dudoso futuro ↬nosotros lo _____, ¡suerte!","diéremos","Advanced","fill_in_blank","dar","None","None","No","No"," dar ends_in_ar high_irregularity irregular_form irregular_verb nosotros subjuntivo_futuro "
"↬ Si en un dudoso futuro ↬vosotros lo _____, ¡suerte!","diereis","Advanced","fill_in_blank","dar","None","None","No","No"," dar ends_in_ar high_irregularity irregular_form irregular_verb subjuntivo_futuro vosotros "
"↬ Si en un dudoso futuro ↬ellos/ellas/ustedes lo _____, ¡suerte!","dieren","Advanced","fill_in_blank","dar","None","None","No","No"," dar ellos_ellas_ustedes ends_in_ar high_irregularity irregular_form irregular_verb subjuntivo_futuro "
"El verbo enél vees _____","ver","Intermediate","fill_in_blank","None","None","None","No","No"," ends_in_er in_the_wild infinitivo irregular_verb moderate_irregularity modismo regular_form ver "
"Mientras estoy estudiando…ella está _____ (a su amiga)","viendo","Intermediate","fill_in_blank","ver","None","None","No","No"," ends_in_er gerundio irregular_verb moderate_irregularity regular_form ver "
"Hugo ha _____ (a su amiga)","visto","Intermediate","fill_in_blank","ver","None","None","No","No"," dicho ends_in_er in_the_wild irregular_form irregular_verb moderate_irregularity participio ver "
"⊙ Ahora mismo, ⊙yo _____ (a varios médicos)","veo","Elementary","fill_in_blank","ver","None","None","No","No"," ends_in_er irregular_form irregular_verb moderate_irregularity presente ver yo "
"⊙ Ahora mismo, ⊙tú/vos _____ (a varios médicos)","ves","Elementary","fill_in_blank","ver","None","None","No","No"," ends_in_er in_the_wild irregular_verb moderate_irregularity presente refrán regular_form tú_vos ver "
"⊙ Ahora mismo, ⊙él/ella/usted _____ (a varios médicos)","ve","Elementary","fill_in_blank","ver","None","None","No","No"," ends_in_er irregular_verb moderate_irregularity presente regular_form ver él_ella_usted "
"⊙ Ahora mismo, ⊙nosotros _____ (a varios médicos)","vemos","Elementary","fill_in_blank","ver","None","None","No","No"," ends_in_er irregular_verb moderate_irregularity nosotros presente regular_form ver "
"⊙ Ahora mismo, ⊙vosotros _____ (a varios médicos)","veis","Elementary","fill_in_blank","ver","None","None","No","No"," ends_in_er irregular_form irregular_verb moderate_irregularity presente ver vosotros "
"⊙ Ahora mismo, ⊙ellos/ellas/ustedes _____ (a varios médicos)","ven","Elementary","fill_in_blank","ver","None","None","No","No"," ellos_ellas_ustedes ends_in_er irregular_verb moderate_irregularity presente regular_form ver "
"⇠ En esa época, a menudo, ⇠yo _____ (a varios médicos)","veía","Intermediate","fill_in_blank","ver","None","None","No","No"," ends_in_er imperfecto irregular_form irregular_verb moderate_irregularity ver yo "
"⇠ En esa época, a menudo, ⇠tú/vos _____ (a varios médicos)","veías","Intermediate","fill_in_blank","ver","None","None","No","No"," ends_in_er imperfecto irregular_form irregular_verb moderate_irregularity tú_vos ver "
"⇠ En esa época, a menudo, ⇠él/ella/usted _____ (a varios médicos)","veía","Intermediate","fill_in_blank","ver","None","None","No","No"," ends_in_er imperfecto irregular_form irregular_verb moderate_irregularity ver él_ella_usted "
"⇠ En esa época, a menudo, ⇠nosotros _____ (a varios médicos)","veíamos","Intermediate","fill_in_blank","ver","None","None","No","No"," ends_in_er imperfecto irregular_form irregular_verb moderate_irregularity nosotros ver "
"⇠ En esa época, a menudo, ⇠vosotros _____ (a varios médicos)","veíais","Intermediate","fill_in_blank","ver","None","None","No","No"," ends_in_er imperfecto irregular_form irregular_verb moderate_irregularity ver vosotros "
"⇠ En esa época, a menudo, ⇠ellos/ellas/ustedes _____ (a varios médicos)","veían","Intermediate","fill_in_blank","ver","None","None","No","No"," ellos_ellas_ustedes ends_in_er imperfecto irregular_form irregular_verb moderate_irregularity ver "
"↧ En aquel momento ↧yo _____ (a varios médicos)","vi","Intermediate","fill_in_blank","ver","None","None","No","No"," ends_in_er indefinido irregular_form irregular_verb moderate_irregularity ver yo "
"↧ En aquel momento ↧tú/vos _____ (a varios médicos)","viste","Intermediate","fill_in_blank","ver","None","None","No","No"," ends_in_er indefinido irregular_verb moderate_irregularity regular_form tú_vos ver "
"↧ En aquel momento ↧él/ella/usted _____ (a varios médicos)","vio","Intermediate","fill_in_blank","ver","None","None","No","No"," ends_in_er indefinido irregular_form irregular_verb moderate_irregularity ver él_ella_usted "
"↧ En aquel momento ↧nosotros _____ (a varios médicos)","vimos","Intermediate","fill_in_blank","ver","None","None","No","No"," ends_in_er in_the_wild indefinido irregular_verb moderate_irregularity modismo nosotros regular_form ver "
"↧ En aquel momento ↧vosotros _____ (a varios médicos)","visteis","Intermediate","fill_in_blank","ver","None","None","No","No"," ends_in_er indefinido irregular_verb moderate_irregularity regular_form ver vosotros "
"↧ En aquel momento ↧ellos/ellas/ustedes _____ (a varios médicos)","vieron","Intermediate","fill_in_blank","ver","None","None","No","No"," ellos_ellas_ustedes ends_in_er indefinido irregular_verb moderate_irregularity regular_form ver "
"→ En el futuro, →yo _____ (a varios médicos)","veré","Intermediate","fill_in_blank","ver","None","None","No","No"," ends_in_er futuro irregular_verb moderate_irregularity regular_form ver yo "
"→ En el futuro, →tú/vos _____ (a varios médicos)","verás","Intermediate","fill_in_blank","ver","None","None","No","No"," ends_in_er futuro irregular_verb moderate_irregularity regular_form tú_vos ver "
"→ En el futuro, →él/ella/usted _____ (a varios médicos)","verá","Intermediate","fill_in_blank","ver","None","None","No","No"," ends_in_er futuro irregular_verb moderate_irregularity regular_form ver él_ella_usted "
"→ En el futuro, →nosotros _____ (a varios médicos)","veremos","Intermediate","fill_in_blank","ver","None","None","No","No"," ends_in_er futuro irregular_verb moderate_irregularity nosotros regular_form ver "
"→ En el futuro, →vosotros _____ (a varios médicos)","veréis","Intermediate","fill_in_blank","ver","None","None","No","No"," ends_in_er futuro irregular_verb moderate_irregularity regular_form ver vosotros "
"→ En el futuro, →ellos/ellas/ustedes _____ (a varios médicos)","verán","Intermediate","fill_in_blank","ver","None","None","No","No"," ellos_ellas_ustedes ends_in_er futuro irregular_verb moderate_irregularity regular_form ver "
"… Si ocurriese esto, …yo _____ (a varios médicos)","vería","Intermediate","fill_in_blank","ver","None","None","No","No"," condicional ends_in_er irregular_verb moderate_irregularity regular_form ver yo "
"… Si sucediera esto, …tú/vos _____ (a varios médicos)","verías","Intermediate","fill_in_blank","ver","None","None","No","No"," condicional ends_in_er irregular_verb moderate_irregularity regular_form tú_vos ver "
"… Si acaeciera algo, …él/ella/usted _____ (a varios médicos)","vería","Intermediate","fill_in_blank","ver","None","None","No","No"," condicional ends_in_er irregular_verb moderate_irregularity regular_form ver él_ella_usted "
"… Si pasara algo, …nosotros _____ (a varios médicos)","veríamos","Intermediate","fill_in_blank","ver","None","None","No","No"," condicional ends_in_er irregular_verb moderate_irregularity nosotros regular_form ver "
"… Si aconteciese esto, …vosotros _____ (a varios médicos)","veríais","Intermediate","fill_in_blank","ver","None","None","No","No"," condicional ends_in_er irregular_verb moderate_irregularity regular_form ver vosotros "
"… Si se produjera esto, …ellos/ellas/ustedes _____ (a varios médicos)","verían","Intermediate","fill_in_blank","ver","None","None","No","No"," condicional ellos_ellas_ustedes ends_in_er irregular_verb moderate_irregularity regular_form ver "
"〰 Resulta divertido que 〰yo _____ (a varios médicos)","vea","Elementary","fill_in_blank","ver","None","None","No","No"," ends_in_er irregular_form irregular_verb moderate_irregularity subjuntivo_presente ver yo "
"〰 Resulta divertido que 〰tú/vos _____ (a varios médicos)","veas","Elementary","fill_in_blank","ver","None","None","No","No"," ends_in_er irregular_form irregular_verb moderate_irregularity subjuntivo_presente tú_vos ver "
"〰 Resulta divertido que 〰él/ella/usted _____ (a varios médicos)","vea","Elementary","fill_in_blank","ver","None","None","No","No"," ends_in_er irregular_form irregular_verb moderate_irregularity subjuntivo_presente ver él_ella_usted "
"〰 Resulta divertido que 〰nosotros _____ (a varios médicos)","veamos","Elementary","fill_in_blank","ver","None","None","No","No"," ends_in_er irregular_form irregular_verb moderate_irregularity nosotros subjuntivo_presente ver "
"〰 Resulta divertido que 〰vosotros _____ (a varios médicos)","veáis","Elementary","fill_in_blank","ver","None","None","No","No"," ends_in_er irregular_form irregular_verb moderate_irregularity subjuntivo_presente ver vosotros "
"〰 Resulta divertido que 〰ellos/ellas/ustedes _____ (a varios médicos)","vean","Elementary","fill_in_blank","ver","None","None","No","No"," ellos_ellas_ustedes ends_in_er irregular_form irregular_verb moderate_irregularity subjuntivo_presente ver "
"↫ Fue sorprendente que ↫yo _____ (a varios médicos)","viera | viese","Advanced","fill_in_blank","ver","None","None","No","No"," ends_in_er irregular_verb moderate_irregularity regular_form subjuntivo_pasado ver yo "
"↫ Fue sorprendente que ↫tú/vos _____ (a varios médicos)","vieras | vieses","Advanced","fill_in_blank","ver","None","None","No","No"," ends_in_er irregular_verb moderate_irregularity regular_form subjuntivo_pasado tú_vos ver "
"↫ Fue sorprendente que ↫él/ella/usted _____ (a varios médicos)","viera | viese","Advanced","fill_in_blank","ver","None","None","No","No"," ends_in_er irregular_verb moderate_irregularity regular_form subjuntivo_pasado ver él_ella_usted "
"↫ Fue sorprendente que ↫nosotros _____ (a varios médicos)","viéramos | viésemos","Advanced","fill_in_blank","ver","None","None","No","No"," ends_in_er irregular_verb moderate_irregularity nosotros regular_form subjuntivo_pasado ver "
"↫ Fue sorprendente que ↫vosotros _____ (a varios médicos)","vierais | vieseis","Advanced","fill_in_blank","ver","None","None","No","No"," ends_in_er irregular_verb moderate_irregularity regular_form subjuntivo_pasado ver vosotros "
"↫ Fue sorprendente que ↫ellos/ellas/ustedes _____ (a varios médicos)","vieran | viesen","Advanced","fill_in_blank","ver","None","None","No","No"," ellos_ellas_ustedes ends_in_er irregular_verb moderate_irregularity regular_form subjuntivo_pasado ver "
"Hombre, por favor,¡ _____ (a este médico), ya !","ve","Intermediate","fill_in_blank","ver","None","None","No","No"," ends_in_er imperativo irregular_verb moderate_irregularity regular_form tú_vos ver "
"Mujer, por favor,¡ no _____ (a este médico) !(tú/vos)","veas","Intermediate","fill_in_blank","ver","None","None","No","No"," ends_in_er imperativo irregular_form irregular_verb moderate_irregularity negative_imperativo tú_vos ver "
"Señora, por favor,¡ (que) _____ (a este médico), ya !(él/ella/usted)","vea","Intermediate","fill_in_blank","ver","None","None","No","No"," ends_in_er imperativo irregular_form irregular_verb moderate_irregularity ver él_ella_usted "
"Vámonos equipo, por favor,¡ (que) _____ (a este médico), ya !(nosotros)","veamos","Intermediate","fill_in_blank","ver","None","None","No","No"," ends_in_er imperativo irregular_form irregular_verb moderate_irregularity nosotros ver "
"Tú y tú, por favor,¡ _____ (a este médico), ya !(vosotros)","ved","Intermediate","fill_in_blank","ver","None","None","No","No"," ends_in_er imperativo irregular_verb moderate_irregularity regular_form ver vosotros "
"Señores, por favor,¡ (que) _____ (a este médico), ya ! (ellos/ellas/ustedes)","vean","Intermediate","fill_in_blank","ver","None","None","No","No"," ellos_ellas_ustedes ends_in_er imperativo irregular_form irregular_verb moderate_irregularity ver "
"↬ Si en un dudoso futuro ↬yo lo _____, ¡suerte!","viere","Advanced","fill_in_blank","ver","None","None","No","No"," ends_in_er irregular_verb moderate_irregularity regular_form subjuntivo_futuro ver yo "
"↬ Si en un dudoso futuro ↬tú/vos lo _____, ¡suerte!","vieres","Advanced","fill_in_blank","ver","None","None","No","No"," ends_in_er in_the_wild irregular_verb moderate_irregularity refrán regular_form subjuntivo_futuro tú_vos ver "
"↬ Si en un dudoso futuro ↬él/ella/usted lo _____, ¡suerte!","viere","Advanced","fill_in_blank","ver","None","None","No","No"," ends_in_er irregular_verb moderate_irregularity regular_form subjuntivo_futuro ver él_ella_usted "
"↬ Si en un dudoso futuro ↬nosotros lo _____, ¡suerte!","viéremos","Advanced","fill_in_blank","ver","None","None","No","No"," ends_in_er irregular_verb moderate_irregularity nosotros regular_form subjuntivo_futuro ver "
"↬ Si en un dudoso futuro ↬vosotros lo _____, ¡suerte!","viereis","Advanced","fill_in_blank","ver","None","None","No","No"," ends_in_er irregular_verb moderate_irregularity regular_form subjuntivo_futuro ver vosotros "
"↬ Si en un dudoso futuro ↬ellos/ellas/ustedes lo _____, ¡suerte!","vieren","Advanced","fill_in_blank","ver","None","None","No","No"," ellos_ellas_ustedes ends_in_er irregular_verb moderate_irregularity regular_form subjuntivo_futuro ver "
"El verbo enél sabees _____","saber","Advanced","fill_in_blank","None","None","None","No","No"," ends_in_er extreme_irregularity in_the_wild infinitivo irregular_verb modismo regular_form saber "
"Mientras estoy estudiando…ella está _____ (aprovechar su tiempo libre)","sabiendo","Advanced","fill_in_blank","saber","None","None","No","No"," ends_in_er extreme_irregularity gerundio irregular_verb regular_form saber "
"Hugo ha _____ (qué hacer con su tiempo)","sabido","Advanced","fill_in_blank","saber","None","None","No","No"," ends_in_er extreme_irregularity irregular_verb participio regular_form saber "
"⊙ Ahora mismo, ⊙yo _____ (de qué se trata)","sé","Elementary","fill_in_blank","saber","None","None","No","No"," ends_in_er extreme_irregularity irregular_form irregular_verb presente saber yo "
"⊙ Ahora mismo, ⊙tú _____ (de qué se trata)","sabes","Elementary","fill_in_blank","saber","None","None","No","No"," ends_in_er extreme_irregularity in_the_wild irregular_verb modismo presente regular_form saber tú tú_vos "
"⊙ Ahora mismo, ⊙vos _____ (de qué se trata)","sabés","Elementary","fill_in_blank","saber","None","None","No","No"," ends_in_er extreme_irregularity irregular_verb presente regular_form saber tú_vos vos "
"⊙ Ahora mismo, ⊙él/ella/usted _____ (de qué se trata)","sabe","Elementary","fill_in_blank","saber","None","None","No","No"," ends_in_er extreme_irregularity in_the_wild irregular_verb presente refrán regular_form saber él_ella_usted "
"⊙ Ahora mismo, ⊙nosotros _____ (de qué se trata)","sabemos","Elementary","fill_in_blank","saber","None","None","No","No"," ends_in_er extreme_irregularity irregular_verb nosotros presente regular_form saber "
"⊙ Ahora mismo, ⊙vosotros _____ (de qué se trata)","sabéis","Elementary","fill_in_blank","saber","None","None","No","No"," ends_in_er extreme_irregularity irregular_verb presente regular_form saber vosotros "
"⊙ Ahora mismo, ⊙ellos/ellas/ustedes _____ (de qué se trata)","saben","Elementary","fill_in_blank","saber","None","None","No","No"," ellos_ellas_ustedes ends_in_er extreme_irregularity irregular_verb presente regular_form saber "
"⇠ En esa época, a menudo, ⇠yo _____ (de qué se trataba)","sabía","Advanced","fill_in_blank","saber","None","None","No","No"," ends_in_er extreme_irregularity imperfecto irregular_verb regular_form saber yo "
"⇠ En esa época, a menudo, ⇠tú/vos _____ (de qué se trataba)","sabías","Advanced","fill_in_blank","saber","None","None","No","No"," ends_in_er extreme_irregularity imperfecto irregular_verb regular_form saber tú_vos "
"⇠ En esa época, a menudo, ⇠él/ella/usted _____ (de qué se trataba)","sabía","Advanced","fill_in_blank","saber","None","None","No","No"," ends_in_er extreme_irregularity imperfecto irregular_verb regular_form saber él_ella_usted "
"⇠ En esa época, a menudo, ⇠nosotros _____ (de qué se trataba)","sabíamos","Advanced","fill_in_blank","saber","None","None","No","No"," ends_in_er extreme_irregularity imperfecto irregular_verb nosotros regular_form saber "
"⇠ En esa época, a menudo, ⇠vosotros _____ (de qué se trataba)","sabíais","Advanced","fill_in_blank","saber","None","None","No","No"," ends_in_er extreme_irregularity imperfecto irregular_verb regular_form saber vosotros "
"⇠ En esa época, a menudo, ⇠ellos/ellas/ustedes _____ (de qué se trataba)","sabían","Advanced","fill_in_blank","saber","None","None","No","No"," ellos_ellas_ustedes ends_in_er extreme_irregularity imperfecto irregular_verb regular_form saber "
"↧ En aquel momento ↧yo _____ (de qué se trataba)","supe","Advanced","fill_in_blank","saber","None","None","No","No"," ends_in_er extreme_irregularity indefinido irregular_form irregular_verb saber yo "
"↧ En aquel momento ↧tú/vos _____ (de qué se trataba)","supiste","Advanced","fill_in_blank","saber","None","None","No","No"," ends_in_er extreme_irregularity indefinido irregular_form irregular_verb saber tú_vos "
"↧ En aquel momento ↧él/ella/usted _____ (de qué se trataba)","supo","Advanced","fill_in_blank","saber","None","None","No","No"," ends_in_er extreme_irregularity indefinido irregular_form irregular_verb saber él_ella_usted "
"↧ En aquel momento ↧nosotros _____ (de qué se trataba)","supimos","Advanced","fill_in_blank","saber","None","None","No","No"," ends_in_er extreme_irregularity indefinido irregular_form irregular_verb nosotros saber "
"↧ En aquel momento ↧vosotros _____ (de qué se trataba)","supisteis","Advanced","fill_in_blank","saber","None","None","No","No"," ends_in_er extreme_irregularity indefinido irregular_form irregular_verb saber vosotros "
"↧ En aquel momento ↧ellos/ellas/ustedes _____ (de qué se trataba)","supieron","Advanced","fill_in_blank","saber","None","None","No","No"," ellos_ellas_ustedes ends_in_er extreme_irregularity indefinido irregular_form irregular_verb saber "
"→ En el futuro, →yo _____ (de qué se trata)","sabré","Advanced","fill_in_blank","saber","None","None","No","No"," ends_in_er extreme_irregularity futuro irregular_form irregular_verb saber yo "
"→ En el futuro, →tú/vos _____ (de qué se trata)","sabrás","Advanced","fill_in_blank","saber","None","None","No","No"," ends_in_er extreme_irregularity futuro irregular_form irregular_verb saber tú_vos "
"→ En el futuro, →él/ella/usted _____ (de qué se trata)","sabrá","Advanced","fill_in_blank","saber","None","None","No","No"," ends_in_er extreme_irregularity futuro irregular_form irregular_verb saber él_ella_usted "
"→ En el futuro, →nosotros _____ (de qué se trata)","sabremos","Advanced","fill_in_blank","saber","None","None","No","No"," ends_in_er extreme_irregularity futuro irregular_form irregular_verb nosotros saber "
"→ En el futuro, →vosotros _____ (de qué se trata)","sabréis","Advanced","fill_in_blank","saber","None","None","No","No"," ends_in_er extreme_irregularity futuro irregular_form irregular_verb saber vosotros "
"→ En el futuro, →ellos/ellas/ustedes _____ (de qué se trata)","sabrán","Advanced","fill_in_blank","saber","None","None","No","No"," ellos_ellas_ustedes ends_in_er extreme_irregularity futuro irregular_form irregular_verb saber "
"… Si ocurriese esto, …yo _____ (de qué se trata)","sabría","Advanced","fill_in_blank","saber","None","None","No","No"," condicional ends_in_er extreme_irregularity irregular_form irregular_verb saber yo "
"… Si sucediera esto, …tú/vos _____ (de qué se trata)","sabrías","Advanced","fill_in_blank","saber","None","None","No","No"," condicional ends_in_er extreme_irregularity irregular_form irregular_verb saber tú_vos "
"… Si acaeciera algo, …él/ella/usted _____ (de qué se trata)","sabría","Advanced","fill_in_blank","saber","None","None","No","No"," condicional ends_in_er extreme_irregularity irregular_form irregular_verb saber él_ella_usted "
"… Si pasara algo, …nosotros _____ (de qué se trata)","sabríamos","Advanced","fill_in_blank","saber","None","None","No","No"," condicional ends_in_er extreme_irregularity irregular_form irregular_verb nosotros saber "
"… Si aconteciese esto, …vosotros _____ (de qué se trata)","sabríais","Advanced","fill_in_blank","saber","None","None","No","No"," condicional ends_in_er extreme_irregularity irregular_form irregular_verb saber vosotros "
"… Si se produjera esto, …ellos/ellas/ustedes _____ (de qué se trata)","sabrían","Advanced","fill_in_blank","saber","None","None","No","No"," condicional ellos_ellas_ustedes ends_in_er extreme_irregularity irregular_form irregular_verb saber "
"〰 Resulta divertido que 〰yo _____ (de qué se trata)","sepa","Elementary","fill_in_blank","saber","None","None","No","No"," ends_in_er extreme_irregularity irregular_form irregular_verb saber subjuntivo_presente yo "
"〰 Resulta divertido que 〰tú/vos _____ (de qué se trata)","sepas","Elementary","fill_in_blank","saber","None","None","No","No"," ends_in_er extreme_irregularity irregular_form irregular_verb saber subjuntivo_presente tú_vos "
"〰 Resulta divertido que 〰él/ella/usted _____ (de qué se trata)","sepa","Elementary","fill_in_blank","saber","None","None","No","No"," ends_in_er extreme_irregularity irregular_form irregular_verb saber subjuntivo_presente él_ella_usted "
"〰 Resulta divertido que 〰nosotros _____ (de qué se trata)","sepamos","Elementary","fill_in_blank","saber","None","None","No","No"," ends_in_er extreme_irregularity irregular_form irregular_verb nosotros saber subjuntivo_presente "
"〰 Resulta divertido que 〰vosotros _____ (de qué se trata)","sepáis","Elementary","fill_in_blank","saber","None","None","No","No"," ends_in_er extreme_irregularity irregular_form irregular_verb saber subjuntivo_presente vosotros "
"〰 Resulta divertido que 〰ellos/ellas/ustedes _____ (de qué se trata)","sepan","Elementary","fill_in_blank","saber","None","None","No","No"," ellos_ellas_ustedes ends_in_er extreme_irregularity irregular_form irregular_verb saber subjuntivo_presente "
"↫ Fue sorprendente que ↫yo _____ (de qué se trataba)","supiera | supiese","Advanced","fill_in_blank","saber","None","None","No","No"," ends_in_er extreme_irregularity irregular_form irregular_verb saber subjuntivo_pasado yo "
"↫ Fue sorprendente que ↫tú/vos _____ (de qué se trataba)","supieras | supieses","Advanced","fill_in_blank","saber","None","None","No","No"," ends_in_er extreme_irregularity irregular_form irregular_verb saber subjuntivo_pasado tú_vos "
"↫ Fue sorprendente que ↫él/ella/usted _____ (de qué se trataba)","supiera | supiese","Advanced","fill_in_blank","saber","None","None","No","No"," ends_in_er extreme_irregularity irregular_form irregular_verb saber subjuntivo_pasado él_ella_usted "
"↫ Fue sorprendente que ↫nosotros _____ (de qué se trataba)","supiéramos | supiésemos","Advanced","fill_in_blank","saber","None","None","No","No"," ends_in_er extreme_irregularity irregular_form irregular_verb nosotros saber subjuntivo_pasado "
"↫ Fue sorprendente que ↫vosotros _____ (de qué se trataba)","supierais | supieseis","Advanced","fill_in_blank","saber","None","None","No","No"," ends_in_er extreme_irregularity irregular_form irregular_verb saber subjuntivo_pasado vosotros "
"↫ Fue sorprendente que ↫ellos/ellas/ustedes _____ (de qué se trataba)","supieran | supiesen","Advanced","fill_in_blank","saber","None","None","No","No"," ellos_ellas_ustedes ends_in_er extreme_irregularity irregular_form irregular_verb saber subjuntivo_pasado "
"Hombre, por favor,¡ _____ (la verdad), ya !(tú)","sabe","Advanced","fill_in_blank","saber","None","None","No","No"," ends_in_er extreme_irregularity imperativo irregular_verb regular_form saber tú tú_vos "
"Hombre, por favor,¡ _____ (la verdad), ya !(vos)","sabé","Advanced","fill_in_blank","saber","None","None","No","No"," ends_in_er extreme_irregularity imperativo irregular_verb regular_form saber tú_vos vos "
"Mujer, por favor,¡ no _____ (dónde vive) !(tú/vos)","sepas","Advanced","fill_in_blank","saber","None","None","No","No"," ends_in_er extreme_irregularity imperativo irregular_form irregular_verb negative_imperativo saber tú_vos "
"Señora, por favor,¡ (que) _____ (la verdad), ya !(él/ella/usted)","sepa","Advanced","fill_in_blank","saber","None","None","No","No"," ends_in_er extreme_irregularity imperativo irregular_form irregular_verb saber él_ella_usted "
"Vámonos equipo, por favor,¡ (que) _____ (la verdad), ya !(nosotros)","sepamos","Advanced","fill_in_blank","saber","None","None","No","No"," ends_in_er extreme_irregularity imperativo irregular_form irregular_verb nosotros saber "
"Tú y tú, por favor,¡ _____ (la verdad), ya !(vosotros)","sabed","Advanced","fill_in_blank","saber","None","None","No","No"," ends_in_er extreme_irregularity imperativo irregular_verb regular_form saber vosotros "
"Señores, por favor,¡ (que) _____ (la verdad), ya ! (ellos/ellas/ustedes)","sepan","Advanced","fill_in_blank","saber","None","None","No","No"," ellos_ellas_ustedes ends_in_er extreme_irregularity imperativo irregular_form irregular_verb saber "
"↬ Si en un dudoso futuro ↬yo lo _____, ¡suerte!","supiere","Advanced","fill_in_blank","saber","None","None","No","No"," ends_in_er extreme_irregularity irregular_form irregular_verb saber subjuntivo_futuro yo "
"↬ Si en un dudoso futuro ↬tú/vos lo _____, ¡suerte!","supieres","Advanced","fill_in_blank","saber","None","None","No","No"," ends_in_er extreme_irregularity irregular_form irregular_verb saber subjuntivo_futuro tú_vos "
"↬ Si en un dudoso futuro ↬él/ella/usted lo _____, ¡suerte!","supiere","Advanced","fill_in_blank","saber","None","None","No","No"," ends_in_er extreme_irregularity irregular_form irregular_verb saber subjuntivo_futuro él_ella_usted "
"↬ Si en un dudoso futuro ↬nosotros lo _____, ¡suerte!","supiéremos","Advanced","fill_in_blank","saber","None","None","No","No"," ends_in_er extreme_irregularity irregular_form irregular_verb nosotros saber subjuntivo_futuro "
"↬ Si en un dudoso futuro ↬vosotros lo _____, ¡suerte!","supiereis","Advanced","fill_in_blank","saber","None","None","No","No"," ends_in_er extreme_irregularity irregular_form irregular_verb saber subjuntivo_futuro vosotros "
"↬ Si en un dudoso futuro ↬ellos/ellas/ustedes lo _____, ¡suerte!","supieren","Advanced","fill_in_blank","saber","None","None","No","No"," ellos_ellas_ustedes ends_in_er extreme_irregularity irregular_form irregular_verb saber subjuntivo_futuro "
"El verbo enél quierees _____","querer","Advanced","fill_in_blank","None","None","None","No","No"," ends_in_er extreme_irregularity infinitivo irregular_verb querer regular_form "
"Mientras estoy estudiando…ella está _____ (dormir)","queriendo","Advanced","fill_in_blank","querer","None","None","No","No"," ends_in_er extreme_irregularity gerundio irregular_verb querer regular_form "
"Hugo ha _____ (dormir)","querido","Advanced","fill_in_blank","querer","None","None","No","No"," ends_in_er extreme_irregularity irregular_verb participio querer regular_form "
"⊙ Ahora mismo, ⊙yo _____ (descansar)","quiero","Elementary","fill_in_blank","querer","None","None","No","No"," ends_in_er extreme_irregularity irregular_form irregular_verb presente querer yo "
"⊙ Ahora mismo, ⊙tú _____ (descansar)","quieres","Elementary","fill_in_blank","querer","None","None","No","No"," dicho ends_in_er extreme_irregularity in_the_wild irregular_form irregular_verb presente querer tú tú_vos "
"⊙ Ahora mismo, ⊙vos _____ (descansar)","querés","Elementary","fill_in_blank","querer","None","None","No","No"," ends_in_er extreme_irregularity irregular_verb presente querer regular_form tú_vos vos "
"⊙ Ahora mismo, ⊙él/ella/usted _____ (descansar)","quiere","Elementary","fill_in_blank","querer","None","None","No","No"," ends_in_er extreme_irregularity in_the_wild irregular_form irregular_verb presente querer refrán él_ella_usted "
"⊙ Ahora mismo, ⊙nosotros _____ (descansar)","queremos","Elementary","fill_in_blank","querer","None","None","No","No"," ends_in_er extreme_irregularity irregular_verb nosotros presente querer regular_form "
"⊙ Ahora mismo, ⊙vosotros _____ (descansar)","queréis","Elementary","fill_in_blank","querer","None","None","No","No"," dicho ends_in_er extreme_irregularity in_the_wild irregular_verb presente querer regular_form vosotros "
"⊙ Ahora mismo, ⊙ellos/ellas/ustedes _____ (descansar)","quieren","Elementary","fill_in_blank","querer","None","None","No","No"," ellos_ellas_ustedes ends_in_er extreme_irregularity in_the_wild irregular_form irregular_verb modismo presente querer "
"⇠ En esa época, a menudo, ⇠yo _____ (descansar)","quería","Advanced","fill_in_blank","querer","None","None","No","No"," ends_in_er extreme_irregularity imperfecto irregular_verb querer regular_form yo "
"⇠ En esa época, a menudo, ⇠tú/vos _____ (descansar)","querías","Advanced","fill_in_blank","querer","None","None","No","No"," ends_in_er extreme_irregularity imperfecto in_the_wild irregular_verb modismo querer regular_form tú_vos "
"⇠ En esa época, a menudo, ⇠él/ella/usted _____ (descansar)","quería","Advanced","fill_in_blank","querer","None","None","No","No"," ends_in_er extreme_irregularity imperfecto in_the_wild irregular_verb modismo querer regular_form él_ella_usted "
"⇠ En esa época, a menudo, ⇠nosotros _____ (descansar)","queríamos","Advanced","fill_in_blank","querer","None","None","No","No"," ends_in_er extreme_irregularity imperfecto irregular_verb nosotros querer regular_form "
"⇠ En esa época, a menudo, ⇠vosotros _____ (descansar)","queríais","Advanced","fill_in_blank","querer","None","None","No","No"," ends_in_er extreme_irregularity imperfecto irregular_verb querer regular_form vosotros "
"⇠ En esa época, a menudo, ⇠ellos/ellas/ustedes _____ (descansar)","querían","Advanced","fill_in_blank","querer","None","None","No","No"," ellos_ellas_ustedes ends_in_er extreme_irregularity imperfecto irregular_verb querer regular_form "
"↧ En aquel momento ↧yo _____ (descansar)","quise","Advanced","fill_in_blank","querer","None","None","No","No"," ends_in_er extreme_irregularity indefinido irregular_form irregular_verb querer yo "
"↧ En aquel momento ↧tú/vos _____ (descansar)","quisiste","Advanced","fill_in_blank","querer","None","None","No","No"," ends_in_er extreme_irregularity indefinido irregular_form irregular_verb querer tú_vos "
"↧ En aquel momento ↧él/ella/usted _____ (descansar)","quiso","Advanced","fill_in_blank","querer","None","None","No","No"," ends_in_er extreme_irregularity in_the_wild indefinido irregular_form irregular_verb querer refrán él_ella_usted "
"↧ En aquel momento ↧nosotros _____ (descansar)","quisimos","Advanced","fill_in_blank","querer","None","None","No","No"," ends_in_er extreme_irregularity indefinido irregular_form irregular_verb nosotros querer "
"↧ En aquel momento ↧vosotros _____ (descansar)","quisisteis","Advanced","fill_in_blank","querer","None","None","No","No"," ends_in_er extreme_irregularity indefinido irregular_form irregular_verb querer vosotros "
"↧ En aquel momento ↧ellos/ellas/ustedes _____ (descansar)","quisieron","Advanced","fill_in_blank","querer","None","None","No","No"," ellos_ellas_ustedes ends_in_er extreme_irregularity in_the_wild indefinido irregular_form irregular_verb modismo querer "
"→ En el futuro, →yo _____ (descansar)","querré","Advanced","fill_in_blank","querer","None","None","No","No"," ends_in_er extreme_irregularity futuro irregular_form irregular_verb querer yo "
"→ En el futuro, →tú/vos _____ (descansar)","querrás","Advanced","fill_in_blank","querer","None","None","No","No"," ends_in_er extreme_irregularity futuro irregular_form irregular_verb querer tú_vos "
"→ En el futuro, →él/ella/usted _____ (descansar)","querrá","Advanced","fill_in_blank","querer","None","None","No","No"," ends_in_er extreme_irregularity futuro irregular_form irregular_verb querer él_ella_usted "
"→ En el futuro, →nosotros _____ (descansar)","querremos","Advanced","fill_in_blank","querer","None","None","No","No"," ends_in_er extreme_irregularity futuro irregular_form irregular_verb nosotros querer "
"→ En el futuro, →vosotros _____ (descansar)","querréis","Advanced","fill_in_blank","querer","None","None","No","No"," ends_in_er extreme_irregularity futuro irregular_form irregular_verb querer vosotros "
"→ En el futuro, →ellos/ellas/ustedes _____ (descansar)","querrán","Advanced","fill_in_blank","querer","None","None","No","No"," ellos_ellas_ustedes ends_in_er extreme_irregularity futuro irregular_form irregular_verb querer "
"… Si ocurriese esto, …yo _____ (descansar)","querría","Advanced","fill_in_blank","querer","None","None","No","No"," condicional ends_in_er extreme_irregularity irregular_form irregular_verb querer yo "
"… Si sucediera esto, …tú/vos _____ (descansar)","querrías","Advanced","fill_in_blank","querer","None","None","No","No"," condicional ends_in_er extreme_irregularity irregular_form irregular_verb querer tú_vos "
"… Si acaeciera algo, …él/ella/usted _____ (descansar)","querría","Advanced","fill_in_blank","querer","None","None","No","No"," condicional ends_in_er extreme_irregularity irregular_form irregular_verb querer él_ella_usted "
"… Si pasara algo, …nosotros _____ (descansar)","querríamos","Advanced","fill_in_blank","querer","None","None","No","No"," condicional ends_in_er extreme_irregularity irregular_form irregular_verb nosotros querer "
"… Si aconteciese esto, …vosotros _____ (descansar)","querríais","Advanced","fill_in_blank","querer","None","None","No","No"," condicional ends_in_er extreme_irregularity irregular_form irregular_verb querer vosotros "
"… Si se produjera esto, …ellos/ellas/ustedes _____ (descansar)","querrían","Advanced","fill_in_blank","querer","None","None","No","No"," condicional ellos_ellas_ustedes ends_in_er extreme_irregularity irregular_form irregular_verb querer "
"〰 Resulta divertido que 〰yo _____ (descansar)","quiera","Elementary","fill_in_blank","querer","None","None","No","No"," ends_in_er extreme_irregularity irregular_form irregular_verb querer subjuntivo_presente yo "
"〰 Resulta divertido que 〰tú/vos _____ (descansar)","quieras","Elementary","fill_in_blank","querer","None","None","No","No"," ends_in_er extreme_irregularity in_the_wild irregular_form irregular_verb querer refrán subjuntivo_presente tú_vos "
"〰 Resulta divertido que 〰él/ella/usted _____ (descansar)","quiera","Elementary","fill_in_blank","querer","None","None","No","No"," ends_in_er extreme_irregularity in_the_wild irregular_form irregular_verb querer refrán subjuntivo_presente él_ella_usted "
"〰 Resulta divertido que 〰nosotros _____ (descansar)","queramos","Elementary","fill_in_blank","querer","None","None","No","No"," ends_in_er extreme_irregularity in_the_wild irregular_verb modismo nosotros querer regular_form subjuntivo_presente "
"〰 Resulta divertido que 〰vosotros _____ (descansar)","queráis","Elementary","fill_in_blank","querer","None","None","No","No"," ends_in_er extreme_irregularity irregular_verb querer regular_form subjuntivo_presente vosotros "
"〰 Resulta divertido que 〰ellos/ellas/ustedes _____ (descansar)","quieran","Elementary","fill_in_blank","querer","None","None","No","No"," ellos_ellas_ustedes ends_in_er extreme_irregularity irregular_form irregular_verb querer subjuntivo_presente "
"↫ Fue sorprendente que ↫yo _____ (descansar)","quisiera | quisiese","Advanced","fill_in_blank","querer","None","None","No","No"," ends_in_er extreme_irregularity irregular_form irregular_verb querer subjuntivo_pasado yo "
"↫ Fue sorprendente que ↫tú/vos _____ (descansar)","quisieras | quisieses","Advanced","fill_in_blank","querer","None","None","No","No"," ends_in_er extreme_irregularity irregular_form irregular_verb querer subjuntivo_pasado tú_vos "
"↫ Fue sorprendente que ↫él/ella/usted _____ (descansar)","quisiera | quisiese","Advanced","fill_in_blank","querer","None","None","No","No"," ends_in_er extreme_irregularity in_the_wild irregular_form irregular_verb querer refrán subjuntivo_pasado él_ella_usted "
"↫ Fue sorprendente que ↫nosotros _____ (descansar)","quisiéramos | quisiésemos","Advanced","fill_in_blank","querer","None","None","No","No"," ends_in_er extreme_irregularity irregular_form irregular_verb nosotros querer subjuntivo_pasado "
"↫ Fue sorprendente que ↫vosotros _____ (descansar)","quisierais | quisieseis","Advanced","fill_in_blank","querer","None","None","No","No"," ends_in_er extreme_irregularity irregular_form irregular_verb querer subjuntivo_pasado vosotros "
"↫ Fue sorprendente que ↫ellos/ellas/ustedes _____ (descansar)","quisieran | quisiesen","Advanced","fill_in_blank","querer","None","None","No","No"," ellos_ellas_ustedes ends_in_er extreme_irregularity irregular_form irregular_verb querer subjuntivo_pasado "
"Hombre, por favor,¡ _____ (apoyar a Elena, y que se note) !(tú)","quiere","Advanced","fill_in_blank","querer","None","None","No","No"," ends_in_er extreme_irregularity imperativo irregular_form irregular_verb querer tú tú_vos "
"Hombre, por favor,¡ _____ (apoyar a Elena, y que se note) !(vos)","queré","Advanced","fill_in_blank","querer","None","None","No","No"," ends_in_er extreme_irregularity imperativo irregular_verb querer regular_form tú_vos vos "
"Mujer, por favor,¡ no _____ (defender a este truhán) !(tú/vos)","quieras","Advanced","fill_in_blank","querer","None","None","No","No"," ends_in_er extreme_irregularity imperativo in_the_wild irregular_form irregular_verb negative_imperativo querer refrán tú_vos "
"Señora, por favor,¡ (que) _____ (apoyar a Elena, y que se note) !(él/ella/usted)","quiera","Advanced","fill_in_blank","querer","None","None","No","No"," ends_in_er extreme_irregularity imperativo irregular_form irregular_verb querer él_ella_usted "
"Vámonos equipo, por favor,¡ (que) _____ (apoyar a Elena, y que se note) !(nosotros)","queramos","Advanced","fill_in_blank","querer","None","None","No","No"," ends_in_er extreme_irregularity imperativo irregular_verb nosotros querer regular_form "
"Tú y tú, por favor,¡ _____ (apoyar a Elena, y que se note) !(vosotros)","quered","Advanced","fill_in_blank","querer","None","None","No","No"," ends_in_er extreme_irregularity imperativo irregular_verb querer regular_form vosotros "
"Señores, por favor,¡ (que) _____ (apoyar a Elena, y que se note) ! (ellos/ellas/ustedes)","quieran","Advanced","fill_in_blank","querer","None","None","No","No"," ellos_ellas_ustedes ends_in_er extreme_irregularity imperativo irregular_form irregular_verb querer "
"↬ Si en un dudoso futuro ↬yo lo _____, ¡suerte!","quisiere","Advanced","fill_in_blank","querer","None","None","No","No"," ends_in_er extreme_irregularity irregular_form irregular_verb querer subjuntivo_futuro yo "
"↬ Si en un dudoso futuro ↬tú/vos lo _____, ¡suerte!","quisieres","Advanced","fill_in_blank","querer","None","None","No","No"," ends_in_er extreme_irregularity irregular_form irregular_verb querer subjuntivo_futuro tú_vos "
"↬ Si en un dudoso futuro ↬él/ella/usted lo _____, ¡suerte!","quisiere","Advanced","fill_in_blank","querer","None","None","No","No"," ends_in_er extreme_irregularity irregular_form irregular_verb querer subjuntivo_futuro él_ella_usted "
"↬ Si en un dudoso futuro ↬nosotros lo _____, ¡suerte!","quisiéremos","Advanced","fill_in_blank","querer","None","None","No","No"," ends_in_er extreme_irregularity irregular_form irregular_verb nosotros querer subjuntivo_futuro "
"↬ Si en un dudoso futuro ↬vosotros lo _____, ¡suerte!","quisiereis","Advanced","fill_in_blank","querer","None","None","No","No"," ends_in_er extreme_irregularity irregular_form irregular_verb querer subjuntivo_futuro vosotros "
"↬ Si en un dudoso futuro ↬ellos/ellas/ustedes lo _____, ¡suerte!","quisieren","Advanced","fill_in_blank","querer","None","None","No","No"," ellos_ellas_ustedes ends_in_er extreme_irregularity irregular_form irregular_verb querer subjuntivo_futuro "
"El verbo enél creees _____","creer","Intermediate","fill_in_blank","None","None","None","No","No"," creer ends_in_er infinitivo irregular_verb low_irregularity regular_form "
"Mientras estoy estudiando…ella está _____ (que puedo aprobar)","creyendo","Intermediate","fill_in_blank","creer","None","None","No","No"," creer ends_in_er gerundio irregular_verb low_irregularity regular_form regular_spelling_change "
"Hugo ha _____ (que podía ganar)","creído","Intermediate","fill_in_blank","creer","None","None","No","No"," creer ends_in_er irregular_form irregular_verb low_irregularity participio "
"⊙ Ahora mismo, ⊙yo _____ (en lo que dice Javier)","creo","Elementary","fill_in_blank","creer","None","None","No","No"," creer ends_in_er irregular_verb low_irregularity presente regular_form yo "
"⊙ Ahora mismo, ⊙tú _____ (en lo que dice Javier)","crees","Elementary","fill_in_blank","creer","None","None","No","No"," creer ends_in_er irregular_verb low_irregularity presente regular_form tú tú_vos "
"⊙ Ahora mismo, ⊙vos _____ (en lo que dice Javier)","creés","Elementary","fill_in_blank","creer","None","None","No","No"," creer ends_in_er irregular_verb low_irregularity presente regular_form tú_vos vos "
"⊙ Ahora mismo, ⊙él/ella/usted _____ (en lo que dice Javier)","cree","Elementary","fill_in_blank","creer","None","None","No","No"," creer dicho ends_in_er in_the_wild irregular_verb low_irregularity presente regular_form él_ella_usted "
"⊙ Ahora mismo, ⊙nosotros _____ (en lo que dice Javier)","creemos","Elementary","fill_in_blank","creer","None","None","No","No"," creer ends_in_er irregular_verb low_irregularity nosotros presente regular_form "
"⊙ Ahora mismo, ⊙vosotros _____ (en lo que dice Javier)","creéis","Elementary","fill_in_blank","creer","None","None","No","No"," creer ends_in_er irregular_verb low_irregularity presente regular_form vosotros "
"⊙ Ahora mismo, ⊙ellos/ellas/ustedes _____ (en lo que dice Javier)","creen","Elementary","fill_in_blank","creer","None","None","No","No"," creer ellos_ellas_ustedes ends_in_er in_the_wild irregular_verb low_irregularity modismo presente regular_form "
"⇠ En esa época, a menudo, ⇠yo _____ (en lo que decía Javier)","creía","Intermediate","fill_in_blank","creer","None","None","No","No"," creer ends_in_er imperfecto irregular_verb low_irregularity regular_form yo "
"⇠ En esa época, a menudo, ⇠tú/vos _____ (en lo que decía Javier)","creías","Intermediate","fill_in_blank","creer","None","None","No","No"," creer ends_in_er imperfecto irregular_verb low_irregularity regular_form tú_vos "
"⇠ En esa época, a menudo, ⇠él/ella/usted _____ (en lo que decía Javier)","creía","Intermediate","fill_in_blank","creer","None","None","No","No"," creer ends_in_er imperfecto irregular_verb low_irregularity regular_form él_ella_usted "
"⇠ En esa época, a menudo, ⇠nosotros _____ (en lo que decía Javier)","creíamos","Intermediate","fill_in_blank","creer","None","None","No","No"," creer ends_in_er imperfecto irregular_verb low_irregularity nosotros regular_form "
"⇠ En esa época, a menudo, ⇠vosotros _____ (en lo que decía Javier)","creíais","Intermediate","fill_in_blank","creer","None","None","No","No"," creer ends_in_er imperfecto irregular_verb low_irregularity regular_form vosotros "
"⇠ En esa época, a menudo, ⇠ellos/ellas/ustedes _____ (en lo que decía Javier)","creían","Intermediate","fill_in_blank","creer","None","None","No","No"," creer dicho ellos_ellas_ustedes ends_in_er imperfecto in_the_wild irregular_verb low_irregularity regular_form "
"↧ En aquel momento ↧yo _____ (en lo que decía Javier)","creí","Intermediate","fill_in_blank","creer","None","None","No","No"," creer ends_in_er indefinido irregular_verb low_irregularity regular_form yo "
"↧ En aquel momento ↧tú/vos _____ (en lo que decía Javier)","creíste","Intermediate","fill_in_blank","creer","None","None","No","No"," creer ends_in_er indefinido irregular_verb low_irregularity regular_form regular_spelling_change tú_vos "
"↧ En aquel momento ↧él/ella/usted _____ (en lo que decía Javier)","creyó","Intermediate","fill_in_blank","creer","None","None","No","No"," creer ends_in_er indefinido irregular_verb low_irregularity regular_form regular_spelling_change él_ella_usted "
"↧ En aquel momento ↧nosotros _____ (en lo que decía Javier)","creímos","Intermediate","fill_in_blank","creer","None","None","No","No"," creer ends_in_er indefinido irregular_verb low_irregularity nosotros regular_form regular_spelling_change "
"↧ En aquel momento ↧vosotros _____ (en lo que decía Javier)","creísteis","Intermediate","fill_in_blank","creer","None","None","No","No"," creer ends_in_er indefinido irregular_verb low_irregularity regular_form regular_spelling_change vosotros "
"↧ En aquel momento ↧ellos/ellas/ustedes _____ (en lo que decía Javier)","creyeron","Intermediate","fill_in_blank","creer","None","None","No","No"," creer ellos_ellas_ustedes ends_in_er indefinido irregular_verb low_irregularity regular_form regular_spelling_change "
"→ En el futuro, →yo _____ (en lo que dice Javier)","creeré","Intermediate","fill_in_blank","creer","None","None","No","No"," creer ends_in_er futuro irregular_verb low_irregularity regular_form yo "
"→ En el futuro, →tú/vos _____ (en lo que dice Javier)","creerás","Intermediate","fill_in_blank","creer","None","None","No","No"," creer ends_in_er futuro irregular_verb low_irregularity regular_form tú_vos "
"→ En el futuro, →él/ella/usted _____ (en lo que dice Javier)","creerá","Intermediate","fill_in_blank","creer","None","None","No","No"," creer ends_in_er futuro irregular_verb low_irregularity regular_form él_ella_usted "
"→ En el futuro, →nosotros _____ (en lo que dice Javier)","creeremos","Intermediate","fill_in_blank","creer","None","None","No","No"," creer ends_in_er futuro irregular_verb low_irregularity nosotros regular_form "
"→ En el futuro, →vosotros _____ (en lo que dice Javier)","creeréis","Intermediate","fill_in_blank","creer","None","None","No","No"," creer ends_in_er futuro irregular_verb low_irregularity regular_form vosotros "
"→ En el futuro, →ellos/ellas/ustedes _____ (en lo que dice Javier)","creerán","Intermediate","fill_in_blank","creer","None","None","No","No"," creer ellos_ellas_ustedes ends_in_er futuro irregular_verb low_irregularity regular_form "
"… Si ocurriese esto, …yo _____ (en lo que dijo Javier)","creería","Intermediate","fill_in_blank","creer","None","None","No","No"," condicional creer ends_in_er irregular_verb low_irregularity regular_form yo "
"… Si sucediera esto, …tú/vos _____ (en lo que dijo Javier)","creerías","Intermediate","fill_in_blank","creer","None","None","No","No"," condicional creer ends_in_er irregular_verb low_irregularity regular_form tú_vos "
"… Si acaeciera algo, …él/ella/usted _____ (en lo que dijo Javier)","creería","Intermediate","fill_in_blank","creer","None","None","No","No"," condicional creer ends_in_er irregular_verb low_irregularity regular_form él_ella_usted "
"… Si pasara algo, …nosotros _____ (en lo que dijo Javier)","creeríamos","Intermediate","fill_in_blank","creer","None","None","No","No"," condicional creer ends_in_er irregular_verb low_irregularity nosotros regular_form "
"… Si aconteciese esto, …vosotros _____ (en lo que dijo Javier)","creeríais","Intermediate","fill_in_blank","creer","None","None","No","No"," condicional creer ends_in_er irregular_verb low_irregularity regular_form vosotros "
"… Si se produjera esto, …ellos/ellas/ustedes _____ (en lo que dijo Javier)","creerían","Intermediate","fill_in_blank","creer","None","None","No","No"," condicional creer ellos_ellas_ustedes ends_in_er irregular_verb low_irregularity regular_form "
"〰 Resulta divertido que 〰yo _____ (en lo que dice Javier)","crea","Elementary","fill_in_blank","creer","None","None","No","No"," creer ends_in_er irregular_verb low_irregularity regular_form subjuntivo_presente yo "
"〰 Resulta divertido que 〰tú/vos _____ (en lo que dice Javier)","creas","Elementary","fill_in_blank","creer","None","None","No","No"," creer ends_in_er irregular_verb low_irregularity regular_form subjuntivo_presente tú_vos "
"〰 Resulta divertido que 〰él/ella/usted _____ (en lo que dice Javier)","crea","Elementary","fill_in_blank","creer","None","None","No","No"," creer ends_in_er irregular_verb low_irregularity regular_form subjuntivo_presente él_ella_usted "
"〰 Resulta divertido que 〰nosotros _____ (en lo que dice Javier)","creamos","Elementary","fill_in_blank","creer","None","None","No","No"," creer ends_in_er irregular_verb low_irregularity nosotros regular_form subjuntivo_presente "
"〰 Resulta divertido que 〰vosotros _____ (en lo que dice Javier)","creáis","Elementary","fill_in_blank","creer","None","None","No","No"," creer ends_in_er irregular_verb low_irregularity regular_form subjuntivo_presente vosotros "
"〰 Resulta divertido que 〰ellos/ellas/ustedes _____ (en lo que dice Javier)","crean","Elementary","fill_in_blank","creer","None","None","No","No"," creer ellos_ellas_ustedes ends_in_er irregular_verb low_irregularity regular_form subjuntivo_presente "
"↫ Fue sorprendente que ↫yo _____ (en lo que Javier decía)","creyera | creyese","Advanced","fill_in_blank","creer","None","None","No","No"," creer ends_in_er irregular_verb low_irregularity regular_form regular_spelling_change subjuntivo_pasado yo "
"↫ Fue sorprendente que ↫tú/vos _____ (en lo que Javier decía)","creyeras | creyeses","Advanced","fill_in_blank","creer","None","None","No","No"," creer ends_in_er irregular_verb low_irregularity regular_form regular_spelling_change subjuntivo_pasado tú_vos "
"↫ Fue sorprendente que ↫él/ella/usted _____ (en lo que Javier decía)","creyera | creyese","Advanced","fill_in_blank","creer","None","None","No","No"," creer ends_in_er irregular_verb low_irregularity regular_form regular_spelling_change subjuntivo_pasado él_ella_usted "
"↫ Fue sorprendente que ↫nosotros _____ (en lo que Javier decía)","creyéramos | creyésemos","Advanced","fill_in_blank","creer","None","None","No","No"," creer ends_in_er irregular_verb low_irregularity nosotros regular_form regular_spelling_change subjuntivo_pasado "
"↫ Fue sorprendente que ↫vosotros _____ (en lo que Javier decía)","creyerais | creyeseis","Advanced","fill_in_blank","creer","None","None","No","No"," creer ends_in_er irregular_verb low_irregularity regular_form regular_spelling_change subjuntivo_pasado vosotros "
"↫ Fue sorprendente que ↫ellos/ellas/ustedes _____ (en lo que Javier decía)","creyeran | creyesen","Advanced","fill_in_blank","creer","None","None","No","No"," creer ellos_ellas_ustedes ends_in_er irregular_verb low_irregularity regular_form regular_spelling_change subjuntivo_pasado "
"Hombre, por favor,¡ _____ (en la palabra de la jueza), ya !(tú)","cree","Intermediate","fill_in_blank","creer","None","None","No","No"," creer ends_in_er imperativo irregular_verb low_irregularity regular_form tú tú_vos "
"Hombre, por favor,¡ _____ (en la palabra de la jueza), ya !(vos)","creé","Intermediate","fill_in_blank","creer","None","None","No","No"," creer ends_in_er imperativo irregular_verb low_irregularity regular_form tú_vos vos "
"Mujer, por favor,¡ no _____ (en la palabra de la jueza) !(tú/vos)","creas","Intermediate","fill_in_blank","creer","None","None","No","No"," creer ends_in_er imperativo irregular_verb low_irregularity negative_imperativo regular_form tú_vos "
"Señora, por favor,¡ (que) _____ (en la palabra de la jueza), ya !(él/ella/usted)","crea","Intermediate","fill_in_blank","creer","None","None","No","No"," creer ends_in_er imperativo irregular_verb low_irregularity regular_form él_ella_usted "
"Vámonos equipo, por favor,¡ (que) _____ (en la palabra de la jueza), ya !(nosotros)","creamos","Intermediate","fill_in_blank","creer","None","None","No","No"," creer ends_in_er imperativo irregular_verb low_irregularity nosotros regular_form "
"Tú y tú, por favor,¡ _____ (en la palabra de la jueza), ya !(vosotros)","creed","Intermediate","fill_in_blank","creer","None","None","No","No"," creer ends_in_er imperativo irregular_verb low_irregularity regular_form vosotros "
"Señores, por favor,¡ (que) _____ (en la palabra de la jueza), ya ! (ellos/ellas/ustedes)","crean","Intermediate","fill_in_blank","creer","None","None","No","No"," creer ellos_ellas_ustedes ends_in_er imperativo irregular_verb low_irregularity regular_form "
"↬ Si en un dudoso futuro ↬yo lo _____, ¡suerte!","creyere","Advanced","fill_in_blank","creer","None","None","No","No"," creer ends_in_er irregular_verb low_irregularity regular_form regular_spelling_change subjuntivo_futuro yo "
"↬ Si en un dudoso futuro ↬tú/vos lo _____, ¡suerte!","creyeres","Advanced","fill_in_blank","creer","None","None","No","No"," creer ends_in_er irregular_verb low_irregularity regular_form regular_spelling_change subjuntivo_futuro tú_vos "
"↬ Si en un dudoso futuro ↬él/ella/usted lo _____, ¡suerte!","creyere","Advanced","fill_in_blank","creer","None","None","No","No"," creer ends_in_er irregular_verb low_irregularity regular_form regular_spelling_change subjuntivo_futuro él_ella_usted "
"↬ Si en un dudoso futuro ↬nosotros lo _____, ¡suerte!","creyéremos","Advanced","fill_in_blank","creer","None","None","No","No"," creer ends_in_er irregular_verb low_irregularity nosotros regular_form regular_spelling_change subjuntivo_futuro "
"↬ Si en un dudoso futuro ↬vosotros lo _____, ¡suerte!","creyereis","Advanced","fill_in_blank","creer","None","None","No","No"," creer ends_in_er irregular_verb low_irregularity regular_form regular_spelling_change subjuntivo_futuro vosotros "
"↬ Si en un dudoso futuro ↬ellos/ellas/ustedes lo _____, ¡suerte!","creyeren","Advanced","fill_in_blank","creer","None","None","No","No"," creer ellos_ellas_ustedes ends_in_er irregular_verb low_irregularity regular_form regular_spelling_change subjuntivo_futuro "
"El verbo enél ponees _____","poner","Advanced","fill_in_blank","None","None","None","No","No"," ends_in_er extreme_irregularity infinitivo irregular_verb poner regular_form "
"Mientras estoy estudiando…ella se está _____ (seria)","poniendo","Advanced","fill_in_blank","poner","None","None","No","No"," ends_in_er extreme_irregularity gerundio irregular_verb poner regular_form "
"Hugo se ha _____ (serio)","puesto","Advanced","fill_in_blank","poner","None","None","No","No"," ends_in_er extreme_irregularity in_the_wild irregular_form irregular_verb modismo participio poner "
"⊙ Ahora mismo, ⊙yo _____ (dinero en la mesa)","pongo","Elementary","fill_in_blank","poner","None","None","No","No"," ends_in_er extreme_irregularity irregular_form irregular_verb poner presente yo "
"⊙ Ahora mismo, ⊙tú _____ (dinero en la mesa)","pones","Elementary","fill_in_blank","poner","None","None","No","No"," ends_in_er extreme_irregularity irregular_verb poner presente regular_form tú tú_vos "
"⊙ Ahora mismo, ⊙vos _____ (dinero en la mesa)","ponés","Elementary","fill_in_blank","poner","None","None","No","No"," ends_in_er extreme_irregularity irregular_verb poner presente regular_form tú_vos vos "
"⊙ Ahora mismo, ⊙él/ella/usted _____ (dinero en la mesa)","pone","Elementary","fill_in_blank","poner","None","None","No","No"," ends_in_er extreme_irregularity in_the_wild irregular_verb poner presente refrán regular_form él_ella_usted "
"⊙ Ahora mismo, ⊙nosotros _____ (dinero en la mesa)","ponemos","Elementary","fill_in_blank","poner","None","None","No","No"," ends_in_er extreme_irregularity irregular_verb nosotros poner presente regular_form "
"⊙ Ahora mismo, ⊙vosotros _____ (dinero en la mesa)","ponéis","Elementary","fill_in_blank","poner","None","None","No","No"," ends_in_er extreme_irregularity irregular_verb poner presente regular_form vosotros "
"⊙ Ahora mismo, ⊙ellos/ellas/ustedes _____ (dinero en la mesa)","ponen","Elementary","fill_in_blank","poner","None","None","No","No"," ellos_ellas_ustedes ends_in_er extreme_irregularity in_the_wild irregular_verb modismo poner presente regular_form "
"⇠ En esa época, a menudo, ⇠yo _____ (dinero en la mesa)","ponía","Advanced","fill_in_blank","poner","None","None","No","No"," ends_in_er extreme_irregularity imperfecto irregular_verb poner regular_form yo "
"⇠ En esa época, a menudo, ⇠tú/vos _____ (dinero en la mesa)","ponías","Advanced","fill_in_blank","poner","None","None","No","No"," ends_in_er extreme_irregularity imperfecto irregular_verb poner regular_form tú_vos "
"⇠ En esa época, a menudo, ⇠él/ella/usted _____ (dinero en la mesa)","ponía","Advanced","fill_in_blank","poner","None","None","No","No"," dicho ends_in_er extreme_irregularity imperfecto in_the_wild irregular_verb poner regular_form él_ella_usted "
"⇠ En esa época, a menudo, ⇠nosotros _____ (dinero en la mesa)","poníamos","Advanced","fill_in_blank","poner","None","None","No","No"," ends_in_er extreme_irregularity imperfecto irregular_verb nosotros poner regular_form "
"⇠ En esa época, a menudo, ⇠vosotros _____ (dinero en la mesa)","poníais","Advanced","fill_in_blank","poner","None","None","No","No"," ends_in_er extreme_irregularity imperfecto irregular_verb poner regular_form vosotros "
"⇠ En esa época, a menudo, ⇠ellos/ellas/ustedes _____ (dinero en la mesa)","ponían","Advanced","fill_in_blank","poner","None","None","No","No"," ellos_ellas_ustedes ends_in_er extreme_irregularity imperfecto irregular_verb poner regular_form "
"↧ En aquel momento ↧yo _____ (dinero en la mesa)","puse","Advanced","fill_in_blank","poner","None","None","No","No"," ends_in_er extreme_irregularity in_the_wild indefinido irregular_form irregular_verb modismo poner yo "
"↧ En aquel momento ↧tú/vos _____ (dinero en la mesa)","pusiste","Advanced","fill_in_blank","poner","None","None","No","No"," ends_in_er extreme_irregularity indefinido irregular_form irregular_verb poner tú_vos "
"↧ En aquel momento ↧él/ella/usted _____ (dinero en la mesa)","puso","Advanced","fill_in_blank","poner","None","None","No","No"," ends_in_er extreme_irregularity in_the_wild indefinido irregular_form irregular_verb modismo poner él_ella_usted "
"↧ En aquel momento ↧nosotros _____ (dinero en la mesa)","pusimos","Advanced","fill_in_blank","poner","None","None","No","No"," ends_in_er extreme_irregularity indefinido irregular_form irregular_verb nosotros poner "
"↧ En aquel momento ↧vosotros _____ (dinero en la mesa)","pusisteis","Advanced","fill_in_blank","poner","None","None","No","No"," ends_in_er extreme_irregularity indefinido irregular_form irregular_verb poner vosotros "
"↧ En aquel momento ↧ellos/ellas/ustedes _____ (dinero en la mesa)","pusieron","Advanced","fill_in_blank","poner","None","None","No","No"," ellos_ellas_ustedes ends_in_er extreme_irregularity indefinido irregular_form irregular_verb poner "
"→ En el futuro, →yo _____ (dinero en la mesa)","pondré","Advanced","fill_in_blank","poner","None","None","No","No"," ends_in_er extreme_irregularity futuro irregular_form irregular_verb poner yo "
"→ En el futuro, →tú/vos _____ (dinero en la mesa)","pondrás","Advanced","fill_in_blank","poner","None","None","No","No"," ends_in_er extreme_irregularity futuro irregular_form irregular_verb poner tú_vos "
"→ En el futuro, →él/ella/usted _____ (dinero en la mesa)","pondrá","Advanced","fill_in_blank","poner","None","None","No","No"," ends_in_er extreme_irregularity futuro irregular_form irregular_verb poner él_ella_usted "
"→ En el futuro, →nosotros _____ (dinero en la mesa)","pondremos","Advanced","fill_in_blank","poner","None","None","No","No"," ends_in_er extreme_irregularity futuro irregular_form irregular_verb nosotros poner "
"→ En el futuro, →vosotros _____ (dinero en la mesa)","pondréis","Advanced","fill_in_blank","poner","None","None","No","No"," ends_in_er extreme_irregularity futuro irregular_form irregular_verb poner vosotros "
"→ En el futuro, →ellos/ellas/ustedes _____ (dinero en la mesa)","pondrán","Advanced","fill_in_blank","poner","None","None","No","No"," ellos_ellas_ustedes ends_in_er extreme_irregularity futuro irregular_form irregular_verb poner "
"… Si ocurriese esto, …yo _____ (dinero en la mesa)","pondría","Advanced","fill_in_blank","poner","None","None","No","No"," condicional ends_in_er extreme_irregularity irregular_form irregular_verb poner yo "
"… Si sucediera esto, …tú/vos _____ (dinero en la mesa)","pondrías","Advanced","fill_in_blank","poner","None","None","No","No"," condicional ends_in_er extreme_irregularity irregular_form irregular_verb poner tú_vos "
"… Si acaeciera algo, …él/ella/usted _____ (dinero en la mesa)","pondría","Advanced","fill_in_blank","poner","None","None","No","No"," condicional ends_in_er extreme_irregularity irregular_form irregular_verb poner él_ella_usted "
"… Si pasara algo, …nosotros _____ (dinero en la mesa)","pondríamos","Advanced","fill_in_blank","poner","None","None","No","No"," condicional ends_in_er extreme_irregularity irregular_form irregular_verb nosotros poner "
"… Si aconteciese esto, …vosotros _____ (dinero en la mesa)","pondríais","Advanced","fill_in_blank","poner","None","None","No","No"," condicional ends_in_er extreme_irregularity irregular_form irregular_verb poner vosotros "
"… Si se produjera esto, …ellos/ellas/ustedes _____ (dinero en la mesa)","pondrían","Advanced","fill_in_blank","poner","None","None","No","No"," condicional ellos_ellas_ustedes ends_in_er extreme_irregularity irregular_form irregular_verb poner "
"〰 Resulta divertido que 〰yo _____ (dinero en la mesa)","ponga","Elementary","fill_in_blank","poner","None","None","No","No"," ends_in_er extreme_irregularity irregular_form irregular_verb poner subjuntivo_presente yo "
"〰 Resulta divertido que 〰tú/vos _____ (dinero en la mesa)","pongas","Elementary","fill_in_blank","poner","None","None","No","No"," ends_in_er extreme_irregularity in_the_wild irregular_form irregular_verb poner refrán subjuntivo_presente tú_vos "
"〰 Resulta divertido que 〰él/ella/usted _____ (dinero en la mesa)","ponga","Elementary","fill_in_blank","poner","None","None","No","No"," ends_in_er extreme_irregularity in_the_wild irregular_form irregular_verb poner refrán subjuntivo_presente él_ella_usted "
"〰 Resulta divertido que 〰nosotros _____ (dinero en la mesa)","pongamos","Elementary","fill_in_blank","poner","None","None","No","No"," ends_in_er extreme_irregularity irregular_form irregular_verb nosotros poner subjuntivo_presente "
"〰 Resulta divertido que 〰vosotros _____ (dinero en la mesa)","pongáis","Elementary","fill_in_blank","poner","None","None","No","No"," dicho ends_in_er extreme_irregularity in_the_wild irregular_form irregular_verb poner subjuntivo_presente vosotros "
"〰 Resulta divertido que 〰ellos/ellas/ustedes _____ (dinero en la mesa)","pongan","Elementary","fill_in_blank","poner","None","None","No","No"," ellos_ellas_ustedes ends_in_er extreme_irregularity in_the_wild irregular_form irregular_verb poner refrán subjuntivo_presente "
"↫ Fue sorprendente que ↫yo _____ (dinero en la mesa)","pusiera | pusiese","Advanced","fill_in_blank","poner","None","None","No","No"," ends_in_er extreme_irregularity irregular_form irregular_verb poner subjuntivo_pasado yo "
"↫ Fue sorprendente que ↫tú/vos _____ (dinero en la mesa)","pusieras | pusieses","Advanced","fill_in_blank","poner","None","None","No","No"," ends_in_er extreme_irregularity irregular_form irregular_verb poner subjuntivo_pasado tú_vos "
"↫ Fue sorprendente que ↫él/ella/usted _____ (dinero en la mesa)","pusiera | pusiese","Advanced","fill_in_blank","poner","None","None","No","No"," ends_in_er extreme_irregularity irregular_form irregular_verb poner subjuntivo_pasado él_ella_usted "
"↫ Fue sorprendente que ↫nosotros _____ (dinero en la mesa)","pusiéramos | pusiésemos","Advanced","fill_in_blank","poner","None","None","No","No"," ends_in_er extreme_irregularity irregular_form irregular_verb nosotros poner subjuntivo_pasado "
"↫ Fue sorprendente que ↫vosotros _____ (dinero en la mesa)","pusierais | pusieseis","Advanced","fill_in_blank","poner","None","None","No","No"," ends_in_er extreme_irregularity irregular_form irregular_verb poner subjuntivo_pasado vosotros "
"↫ Fue sorprendente que ↫ellos/ellas/ustedes _____ (dinero en la mesa)","pusieran | pusiesen","Advanced","fill_in_blank","poner","None","None","No","No"," ellos_ellas_ustedes ends_in_er extreme_irregularity irregular_form irregular_verb poner subjuntivo_pasado "
"Hombre, por favor,¡ _____ (el dinero en la mesa), ya !(tú)","pon","Advanced","fill_in_blank","poner","None","None","No","No"," ends_in_er extreme_irregularity imperativo in_the_wild irregular_form irregular_verb poner refrán tú tú_vos "
"Hombre, por favor,¡ _____ (el dinero en la mesa), ya !(vos)","poné","Advanced","fill_in_blank","poner","None","None","No","No"," ends_in_er extreme_irregularity imperativo irregular_verb poner regular_form tú_vos vos "
"Mujer, por favor,¡ no _____ (el dinero en la mesa) !(tú/vos)","pongas","Advanced","fill_in_blank","poner","None","None","No","No"," ends_in_er extreme_irregularity imperativo in_the_wild irregular_form irregular_verb negative_imperativo poner refrán tú_vos "
"Señora, por favor,¡ (que) _____ (el dinero en la mesa), ya !(él/ella/usted)","ponga","Advanced","fill_in_blank","poner","None","None","No","No"," ends_in_er extreme_irregularity imperativo irregular_form irregular_verb poner él_ella_usted "
"Vámonos equipo, por favor,¡ (que) _____ (el dinero en la mesa), ya !(nosotros)","pongamos","Advanced","fill_in_blank","poner","None","None","No","No"," ends_in_er extreme_irregularity imperativo irregular_form irregular_verb nosotros poner "
"Tú y tú, por favor,¡ _____ (el dinero en la mesa), ya !(vosotros)","poned","Advanced","fill_in_blank","poner","None","None","No","No"," ends_in_er extreme_irregularity imperativo irregular_verb poner regular_form vosotros "
"Señores, por favor,¡ (que) _____ (el dinero en la mesa), ya ! (ellos/ellas/ustedes)","pongan","Advanced","fill_in_blank","poner","None","None","No","No"," ellos_ellas_ustedes ends_in_er extreme_irregularity imperativo irregular_form irregular_verb poner "
"↬ Si en un dudoso futuro ↬yo lo _____, ¡suerte!","pusiere","Advanced","fill_in_blank","poner","None","None","No","No"," ends_in_er extreme_irregularity irregular_form irregular_verb poner subjuntivo_futuro yo "
"↬ Si en un dudoso futuro ↬tú/vos lo _____, ¡suerte!","pusieres","Advanced","fill_in_blank","poner","None","None","No","No"," ends_in_er extreme_irregularity irregular_form irregular_verb poner subjuntivo_futuro tú_vos "
"↬ Si en un dudoso futuro ↬él/ella/usted lo _____, ¡suerte!","pusiere","Advanced","fill_in_blank","poner","None","None","No","No"," ends_in_er extreme_irregularity irregular_form irregular_verb poner subjuntivo_futuro él_ella_usted "
"↬ Si en un dudoso futuro ↬nosotros lo _____, ¡suerte!","pusiéremos","Advanced","fill_in_blank","poner","None","None","No","No"," ends_in_er extreme_irregularity irregular_form irregular_verb nosotros poner subjuntivo_futuro "
"↬ Si en un dudoso futuro ↬vosotros lo _____, ¡suerte!","pusiereis","Advanced","fill_in_blank","poner","None","None","No","No"," ends_in_er extreme_irregularity irregular_form irregular_verb poner subjuntivo_futuro vosotros "
"↬ Si en un dudoso futuro ↬ellos/ellas/ustedes lo _____, ¡suerte!","pusieren","Advanced","fill_in_blank","poner","None","None","No","No"," ellos_ellas_ustedes ends_in_er extreme_irregularity irregular_form irregular_verb poner subjuntivo_futuro "
"El verbo enél parecees _____","parecer","Intermediate","fill_in_blank","None","None","None","No","No"," ends_in_er infinitivo irregular_verb low_irregularity parecer regular_form "
"Mientras estoy estudiando…ella está _____ (cansada)","pareciendo","Intermediate","fill_in_blank","parecer","None","None","No","No"," ends_in_er gerundio irregular_verb low_irregularity parecer regular_form "
"Hugo me ha _____ (cansado)","parecido","Intermediate","fill_in_blank","parecer","None","None","No","No"," ends_in_er irregular_verb low_irregularity parecer participio regular_form "
"⊙ Ahora mismo, ⊙yo _____ (feliz)","parezco","Elementary","fill_in_blank","parecer","None","None","No","No"," ends_in_er irregular_form irregular_verb low_irregularity parecer presente yo "
"⊙ Ahora mismo, ⊙tú _____ (feliz)","pareces","Elementary","fill_in_blank","parecer","None","None","No","No"," ends_in_er irregular_verb low_irregularity parecer presente regular_form tú tú_vos "
"⊙ Ahora mismo, ⊙vos _____ (feliz)","parecés","Elementary","fill_in_blank","parecer","None","None","No","No"," ends_in_er irregular_verb low_irregularity parecer presente regular_form tú_vos vos "
"⊙ Ahora mismo, ⊙él/ella/usted _____ (feliz)","parece","Elementary","fill_in_blank","parecer","None","None","No","No"," ends_in_er in_the_wild irregular_verb low_irregularity modismo parecer presente regular_form él_ella_usted "
"⊙ Ahora mismo, ⊙nosotros _____ (felices)","parecemos","Elementary","fill_in_blank","parecer","None","None","No","No"," ends_in_er irregular_verb low_irregularity nosotros parecer presente regular_form "
"⊙ Ahora mismo, ⊙vosotros _____ (felices)","parecéis","Elementary","fill_in_blank","parecer","None","None","No","No"," ends_in_er irregular_verb low_irregularity parecer presente regular_form vosotros "
"⊙ Ahora mismo, ⊙ellos/ellas/ustedes _____ (felices)","parecen","Elementary","fill_in_blank","parecer","None","None","No","No"," ellos_ellas_ustedes ends_in_er in_the_wild irregular_verb low_irregularity modismo parecer presente regular_form "
"⇠ En esa época, a menudo, ⇠yo _____ (feliz)","parecía","Intermediate","fill_in_blank","parecer","None","None","No","No"," ends_in_er imperfecto irregular_verb low_irregularity parecer regular_form yo "
"⇠ En esa época, a menudo, ⇠tú/vos _____ (feliz)","parecías","Intermediate","fill_in_blank","parecer","None","None","No","No"," ends_in_er imperfecto irregular_verb low_irregularity parecer regular_form tú_vos "
"⇠ En esa época, a menudo, ⇠él/ella/usted _____ (feliz)","parecía","Intermediate","fill_in_blank","parecer","None","None","No","No"," dicho ends_in_er imperfecto in_the_wild irregular_verb low_irregularity parecer regular_form él_ella_usted "
"⇠ En esa época, a menudo, ⇠nosotros _____ (felices)","parecíamos","Intermediate","fill_in_blank","parecer","None","None","No","No"," ends_in_er imperfecto irregular_verb low_irregularity nosotros parecer regular_form "
"⇠ En esa época, a menudo, ⇠vosotros _____ (felices)","parecíais","Intermediate","fill_in_blank","parecer","None","None","No","No"," ends_in_er imperfecto irregular_verb low_irregularity parecer regular_form vosotros "
"⇠ En esa época, a menudo, ⇠ellos/ellas/ustedes _____ (felices)","parecían","Intermediate","fill_in_blank","parecer","None","None","No","No"," ellos_ellas_ustedes ends_in_er imperfecto irregular_verb low_irregularity parecer regular_form "
"↧ En aquel momento ↧yo _____ (feliz)","parecí","Intermediate","fill_in_blank","parecer","None","None","No","No"," ends_in_er indefinido irregular_verb low_irregularity parecer regular_form yo "
"↧ En aquel momento ↧tú/vos _____ (feliz)","pareciste","Intermediate","fill_in_blank","parecer","None","None","No","No"," ends_in_er indefinido irregular_verb low_irregularity parecer regular_form tú_vos "
"↧ En aquel momento ↧él/ella/usted _____ (feliz)","pareció","Intermediate","fill_in_blank","parecer","None","None","No","No"," ends_in_er indefinido irregular_verb low_irregularity parecer regular_form él_ella_usted "
"↧ En aquel momento ↧nosotros _____ (felices)","parecimos","Intermediate","fill_in_blank","parecer","None","None","No","No"," ends_in_er indefinido irregular_verb low_irregularity nosotros parecer regular_form "
"↧ En aquel momento ↧vosotros _____ (felices)","parecisteis","Intermediate","fill_in_blank","parecer","None","None","No","No"," ends_in_er indefinido irregular_verb low_irregularity parecer regular_form vosotros "
"↧ En aquel momento ↧ellos/ellas/ustedes _____ (felices)","parecieron","Intermediate","fill_in_blank","parecer","None","None","No","No"," ellos_ellas_ustedes ends_in_er indefinido irregular_verb low_irregularity parecer regular_form "
"→ En el futuro, →yo _____ (feliz)","pareceré","Intermediate","fill_in_blank","parecer","None","None","No","No"," ends_in_er futuro irregular_verb low_irregularity parecer regular_form yo "
"→ En el futuro, →tú/vos _____ (feliz)","parecerás","Intermediate","fill_in_blank","parecer","None","None","No","No"," ends_in_er futuro irregular_verb low_irregularity parecer regular_form tú_vos "
"→ En el futuro, →él/ella/usted _____ (feliz)","parecerá","Intermediate","fill_in_blank","parecer","None","None","No","No"," ends_in_er futuro irregular_verb low_irregularity parecer regular_form él_ella_usted "
"→ En el futuro, →nosotros _____ (felices)","pareceremos","Intermediate","fill_in_blank","parecer","None","None","No","No"," ends_in_er futuro irregular_verb low_irregularity nosotros parecer regular_form "
"→ En el futuro, →vosotros _____ (felices)","pareceréis","Intermediate","fill_in_blank","parecer","None","None","No","No"," ends_in_er futuro irregular_verb low_irregularity parecer regular_form vosotros "
"→ En el futuro, →ellos/ellas/ustedes _____ (felices)","parecerán","Intermediate","fill_in_blank","parecer","None","None","No","No"," ellos_ellas_ustedes ends_in_er futuro irregular_verb low_irregularity parecer regular_form "
"… Si ocurriese esto, …yo _____ (feliz)","parecería","Intermediate","fill_in_blank","parecer","None","None","No","No"," condicional ends_in_er irregular_verb low_irregularity parecer regular_form yo "
"… Si sucediera esto, …tú/vos _____ (feliz)","parecerías","Intermediate","fill_in_blank","parecer","None","None","No","No"," condicional ends_in_er irregular_verb low_irregularity parecer regular_form tú_vos "
"… Si acaeciera algo, …él/ella/usted _____ (feliz)","parecería","Intermediate","fill_in_blank","parecer","None","None","No","No"," condicional ends_in_er irregular_verb low_irregularity parecer regular_form él_ella_usted "
"… Si pasara algo, …nosotros _____ (felices)","pareceríamos","Intermediate","fill_in_blank","parecer","None","None","No","No"," condicional ends_in_er irregular_verb low_irregularity nosotros parecer regular_form "
"… Si aconteciese esto, …vosotros _____ (felices)","pareceríais","Intermediate","fill_in_blank","parecer","None","None","No","No"," condicional ends_in_er irregular_verb low_irregularity parecer regular_form vosotros "
"… Si se produjera esto, …ellos/ellas/ustedes _____ (felices)","parecerían","Intermediate","fill_in_blank","parecer","None","None","No","No"," condicional ellos_ellas_ustedes ends_in_er irregular_verb low_irregularity parecer regular_form "
"〰 Resulta divertido que 〰yo _____ (feliz)","parezca","Elementary","fill_in_blank","parecer","None","None","No","No"," ends_in_er irregular_form irregular_verb low_irregularity parecer subjuntivo_presente yo "
"〰 Resulta divertido que 〰tú/vos _____ (feliz)","parezcas","Elementary","fill_in_blank","parecer","None","None","No","No"," ends_in_er irregular_form irregular_verb low_irregularity parecer subjuntivo_presente tú_vos "
"〰 Resulta divertido que 〰él/ella/usted _____ (feliz)","parezca","Elementary","fill_in_blank","parecer","None","None","No","No"," ends_in_er irregular_form irregular_verb low_irregularity parecer subjuntivo_presente él_ella_usted "
"〰 Resulta divertido que 〰nosotros _____ (felices)","parezcamos","Elementary","fill_in_blank","parecer","None","None","No","No"," ends_in_er irregular_form irregular_verb low_irregularity nosotros parecer subjuntivo_presente "
"〰 Resulta divertido que 〰vosotros _____ (felices)","parezcáis","Elementary","fill_in_blank","parecer","None","None","No","No"," ends_in_er irregular_form irregular_verb low_irregularity parecer subjuntivo_presente vosotros "
"〰 Resulta divertido que 〰ellos/ellas/ustedes _____ (felices)","parezcan","Elementary","fill_in_blank","parecer","None","None","No","No"," ellos_ellas_ustedes ends_in_er irregular_form irregular_verb low_irregularity parecer subjuntivo_presente "
"↫ Fue sorprendente que ↫yo _____ (feliz)","pareciera | pareciese","Advanced","fill_in_blank","parecer","None","None","No","No"," ends_in_er irregular_verb low_irregularity parecer regular_form subjuntivo_pasado yo "
"↫ Fue sorprendente que ↫tú/vos _____ (feliz)","parecieras | parecieses","Advanced","fill_in_blank","parecer","None","None","No","No"," ends_in_er irregular_verb low_irregularity parecer regular_form subjuntivo_pasado tú_vos "
"↫ Fue sorprendente que ↫él/ella/usted _____ (feliz)","pareciera | pareciese","Advanced","fill_in_blank","parecer","None","None","No","No"," ends_in_er irregular_verb low_irregularity parecer regular_form subjuntivo_pasado él_ella_usted "
"↫ Fue sorprendente que ↫nosotros _____ (felices)","pareciéramos | pareciésemos","Advanced","fill_in_blank","parecer","None","None","No","No"," ends_in_er irregular_verb low_irregularity nosotros parecer regular_form subjuntivo_pasado "
"↫ Fue sorprendente que ↫vosotros _____ (felices)","parecierais | parecieseis","Advanced","fill_in_blank","parecer","None","None","No","No"," ends_in_er irregular_verb low_irregularity parecer regular_form subjuntivo_pasado vosotros "
"↫ Fue sorprendente que ↫ellos/ellas/ustedes _____ (felices)","parecieran | pareciesen","Advanced","fill_in_blank","parecer","None","None","No","No"," ellos_ellas_ustedes ends_in_er irregular_verb low_irregularity parecer regular_form subjuntivo_pasado "
"Hombre, por favor,¡ _____ (feliz), ya !(tú)","parece","Intermediate","fill_in_blank","parecer","None","None","No","No"," ends_in_er imperativo irregular_verb low_irregularity parecer regular_form tú tú_vos "
"Hombre, por favor,¡ _____ (feliz), ya !(vos)","parecé","Intermediate","fill_in_blank","parecer","None","None","No","No"," ends_in_er imperativo irregular_verb low_irregularity parecer regular_form tú_vos vos "
"Mujer, por favor,¡ no _____ (infeliz) !(tú/vos)","parezcas","Intermediate","fill_in_blank","parecer","None","None","No","No"," ends_in_er imperativo irregular_form irregular_verb low_irregularity negative_imperativo parecer tú_vos "
"Señora, por favor,¡ (que) _____ (feliz), ya !(él/ella/usted)","parezca","Intermediate","fill_in_blank","parecer","None","None","No","No"," ends_in_er imperativo irregular_form irregular_verb low_irregularity parecer él_ella_usted "
"Vámonos equipo, por favor,¡ (que) _____ (felices), ya !(nosotros)","parezcamos","Intermediate","fill_in_blank","parecer","None","None","No","No"," ends_in_er imperativo irregular_form irregular_verb low_irregularity nosotros parecer "
"Tú y tú, por favor,¡ _____ (felices), ya !(vosotros)","pareced","Intermediate","fill_in_blank","parecer","None","None","No","No"," ends_in_er imperativo irregular_verb low_irregularity parecer regular_form vosotros "
"Señores, por favor,¡ (que) _____ (felices), ya ! (ellos/ellas/ustedes)","parezcan","Intermediate","fill_in_blank","parecer","None","None","No","No"," ellos_ellas_ustedes ends_in_er imperativo irregular_form irregular_verb low_irregularity parecer "
"↬ Si en un dudoso futuro ↬yo lo _____, ¡suerte!","pareciere","Advanced","fill_in_blank","parecer","None","None","No","No"," ends_in_er irregular_verb low_irregularity parecer regular_form subjuntivo_futuro yo "
"↬ Si en un dudoso futuro ↬tú/vos lo _____, ¡suerte!","parecieres","Advanced","fill_in_blank","parecer","None","None","No","No"," ends_in_er irregular_verb low_irregularity parecer regular_form subjuntivo_futuro tú_vos "
"↬ Si en un dudoso futuro ↬él/ella/usted lo _____, ¡suerte!","pareciere","Advanced","fill_in_blank","parecer","None","None","No","No"," ends_in_er irregular_verb low_irregularity parecer regular_form subjuntivo_futuro él_ella_usted "
"↬ Si en un dudoso futuro ↬nosotros lo _____, ¡suerte!","pareciéremos","Advanced","fill_in_blank","parecer","None","None","No","No"," ends_in_er irregular_verb low_irregularity nosotros parecer regular_form subjuntivo_futuro "
"↬ Si en un dudoso futuro ↬vosotros lo _____, ¡suerte!","pareciereis","Advanced","fill_in_blank","parecer","None","None","No","No"," ends_in_er irregular_verb low_irregularity parecer regular_form subjuntivo_futuro vosotros "
"↬ Si en un dudoso futuro ↬ellos/ellas/ustedes lo _____, ¡suerte!","parecieren","Advanced","fill_in_blank","parecer","None","None","No","No"," ellos_ellas_ustedes ends_in_er irregular_verb low_irregularity parecer regular_form subjuntivo_futuro "
"El verbo enél siguees _____","seguir","Intermediate","fill_in_blank","None","None","None","No","No"," ends_in_ir high_irregularity infinitivo irregular_verb regular_form seguir "
"Mientras estoy estudiando…ella está _____ (una serie)","siguiendo","Intermediate","fill_in_blank","seguir","None","None","No","No"," ends_in_ir gerundio high_irregularity irregular_form irregular_verb seguir "
"Hugo ha _____ (esta serie)","seguido","Intermediate","fill_in_blank","seguir","None","None","No","No"," ends_in_ir high_irregularity irregular_verb participio regular_form seguir "
"⊙ Ahora mismo, ⊙yo _____ (hablando)","sigo","Elementary","fill_in_blank","seguir","None","None","No","No"," ends_in_ir high_irregularity irregular_form irregular_verb presente seguir yo "
"⊙ Ahora mismo, ⊙tú _____ (hablando)","sigues","Elementary","fill_in_blank","seguir","None","None","No","No"," ends_in_ir high_irregularity irregular_form irregular_verb presente seguir tú tú_vos "
"⊙ Ahora mismo, ⊙vos _____ (hablando)","seguís","Elementary","fill_in_blank","seguir","None","None","No","No"," ends_in_ir high_irregularity irregular_verb presente regular_form seguir tú_vos vos "
"⊙ Ahora mismo, ⊙él/ella/usted _____ (hablando)","sigue","Elementary","fill_in_blank","seguir","None","None","No","No"," ends_in_ir high_irregularity in_the_wild irregular_form irregular_verb presente refrán seguir él_ella_usted "
"⊙ Ahora mismo, ⊙nosotros _____ (hablando)","seguimos","Elementary","fill_in_blank","seguir","None","None","No","No"," ends_in_ir high_irregularity irregular_verb nosotros presente regular_form seguir "
"⊙ Ahora mismo, ⊙vosotros _____ (hablando)","seguís","Elementary","fill_in_blank","seguir","None","None","No","No"," ends_in_ir high_irregularity irregular_verb presente regular_form seguir vosotros "
"⊙ Ahora mismo, ⊙ellos/ellas/ustedes _____ (hablando)","siguen","Elementary","fill_in_blank","seguir","None","None","No","No"," ellos_ellas_ustedes ends_in_ir high_irregularity irregular_form irregular_verb presente seguir "
"⇠ En esa época, a menudo, ⇠yo _____ (hablando)","seguía","Intermediate","fill_in_blank","seguir","None","None","No","No"," ends_in_ir high_irregularity imperfecto irregular_verb regular_form seguir yo "
"⇠ En esa época, a menudo, ⇠tú/vos _____ (hablando)","seguías","Intermediate","fill_in_blank","seguir","None","None","No","No"," ends_in_ir high_irregularity imperfecto irregular_verb regular_form seguir tú_vos "
"⇠ En esa época, a menudo, ⇠él/ella/usted _____ (hablando)","seguía","Intermediate","fill_in_blank","seguir","None","None","No","No"," ends_in_ir high_irregularity imperfecto irregular_verb regular_form seguir él_ella_usted "
"⇠ En esa época, a menudo, ⇠nosotros _____ (hablando)","seguíamos","Intermediate","fill_in_blank","seguir","None","None","No","No"," ends_in_ir high_irregularity imperfecto irregular_verb nosotros regular_form seguir "
"⇠ En esa época, a menudo, ⇠vosotros _____ (hablando)","seguíais","Intermediate","fill_in_blank","seguir","None","None","No","No"," ends_in_ir high_irregularity imperfecto irregular_verb regular_form seguir vosotros "
"⇠ En esa época, a menudo, ⇠ellos/ellas/ustedes _____ (hablando)","seguían","Intermediate","fill_in_blank","seguir","None","None","No","No"," ellos_ellas_ustedes ends_in_ir high_irregularity imperfecto irregular_verb regular_form seguir "
"↧ En aquel momento ↧yo _____ (hablando)","seguí","Intermediate","fill_in_blank","seguir","None","None","No","No"," ends_in_ir high_irregularity indefinido irregular_verb regular_form seguir yo "
"↧ En aquel momento ↧tú/vos _____ (hablando)","seguiste","Intermediate","fill_in_blank","seguir","None","None","No","No"," ends_in_ir high_irregularity indefinido irregular_verb regular_form seguir tú_vos "
"↧ En aquel momento ↧él/ella/usted _____ (hablando)","siguió","Intermediate","fill_in_blank","seguir","None","None","No","No"," ends_in_ir high_irregularity indefinido irregular_form irregular_verb seguir él_ella_usted "
"↧ En aquel momento ↧nosotros _____ (hablando)","seguimos","Intermediate","fill_in_blank","seguir","None","None","No","No"," ends_in_ir high_irregularity indefinido irregular_verb nosotros regular_form seguir "
"↧ En aquel momento ↧vosotros _____ (hablando)","seguisteis","Intermediate","fill_in_blank","seguir","None","None","No","No"," ends_in_ir high_irregularity indefinido irregular_verb regular_form seguir vosotros "
"↧ En aquel momento ↧ellos/ellas/ustedes _____ (hablando)","siguieron","Intermediate","fill_in_blank","seguir","None","None","No","No"," ellos_ellas_ustedes ends_in_ir high_irregularity indefinido irregular_form irregular_verb seguir "
"→ En el futuro, →yo _____ (hablando)","seguiré","Intermediate","fill_in_blank","seguir","None","None","No","No"," ends_in_ir futuro high_irregularity irregular_verb regular_form seguir yo "
"→ En el futuro, →tú/vos _____ (hablando)","seguirás","Intermediate","fill_in_blank","seguir","None","None","No","No"," ends_in_ir futuro high_irregularity irregular_verb regular_form seguir tú_vos "
"→ En el futuro, →él/ella/usted _____ (hablando)","seguirá","Intermediate","fill_in_blank","seguir","None","None","No","No"," ends_in_ir futuro high_irregularity irregular_verb regular_form seguir él_ella_usted "
"→ En el futuro, →nosotros _____ (hablando)","seguiremos","Intermediate","fill_in_blank","seguir","None","None","No","No"," ends_in_ir futuro high_irregularity irregular_verb nosotros regular_form seguir "
"→ En el futuro, →vosotros _____ (hablando)","seguiréis","Intermediate","fill_in_blank","seguir","None","None","No","No"," ends_in_ir futuro high_irregularity irregular_verb regular_form seguir vosotros "
"→ En el futuro, →ellos/ellas/ustedes _____ (hablando)","seguirán","Intermediate","fill_in_blank","seguir","None","None","No","No"," ellos_ellas_ustedes ends_in_ir futuro high_irregularity irregular_verb regular_form seguir "
"… Si ocurriese esto, …yo _____ (hablando)","seguiría","Intermediate","fill_in_blank","seguir","None","None","No","No"," condicional ends_in_ir high_irregularity irregular_verb regular_form seguir yo "
"… Si sucediera esto, …tú/vos _____ (hablando)","seguirías","Intermediate","fill_in_blank","seguir","None","None","No","No"," condicional ends_in_ir high_irregularity irregular_verb regular_form seguir tú_vos "
"… Si acaeciera algo, …él/ella/usted _____ (hablando)","seguiría","Intermediate","fill_in_blank","seguir","None","None","No","No"," condicional ends_in_ir high_irregularity irregular_verb regular_form seguir él_ella_usted "
"… Si pasara algo, …nosotros _____ (hablando)","seguiríamos","Intermediate","fill_in_blank","seguir","None","None","No","No"," condicional ends_in_ir high_irregularity irregular_verb nosotros regular_form seguir "
"… Si aconteciese esto, …vosotros _____ (hablando)","seguiríais","Intermediate","fill_in_blank","seguir","None","None","No","No"," condicional ends_in_ir high_irregularity irregular_verb regular_form seguir vosotros "
"… Si se produjera esto, …ellos/ellas/ustedes _____ (hablando)","seguirían","Intermediate","fill_in_blank","seguir","None","None","No","No"," condicional ellos_ellas_ustedes ends_in_ir high_irregularity irregular_verb regular_form seguir "
"〰 Resulta divertido que 〰yo _____ (hablando)","siga","Elementary","fill_in_blank","seguir","None","None","No","No"," ends_in_ir high_irregularity irregular_form irregular_verb seguir subjuntivo_presente yo "
"〰 Resulta divertido que 〰tú/vos _____ (hablando)","sigas","Elementary","fill_in_blank","seguir","None","None","No","No"," ends_in_ir high_irregularity irregular_form irregular_verb seguir subjuntivo_presente tú_vos "
"〰 Resulta divertido que 〰él/ella/usted _____ (hablando)","siga","Elementary","fill_in_blank","seguir","None","None","No","No"," ends_in_ir high_irregularity irregular_form irregular_verb seguir subjuntivo_presente él_ella_usted "
"〰 Resulta divertido que 〰nosotros _____ (hablando)","sigamos","Elementary","fill_in_blank","seguir","None","None","No","No"," ends_in_ir high_irregularity irregular_form irregular_verb nosotros seguir subjuntivo_presente "
"〰 Resulta divertido que 〰vosotros _____ (hablando)","sigáis","Elementary","fill_in_blank","seguir","None","None","No","No"," ends_in_ir high_irregularity irregular_form irregular_verb seguir subjuntivo_presente vosotros "
"〰 Resulta divertido que 〰ellos/ellas/ustedes _____ (hablando)","sigan","Elementary","fill_in_blank","seguir","None","None","No","No"," ellos_ellas_ustedes ends_in_ir high_irregularity irregular_form irregular_verb seguir subjuntivo_presente "
"↫ Fue sorprendente que ↫yo _____ (hablando)","siguiera | siguiese","Advanced","fill_in_blank","seguir","None","None","No","No"," ends_in_ir high_irregularity irregular_form irregular_verb seguir subjuntivo_pasado yo "
"↫ Fue sorprendente que ↫tú/vos _____ (hablando)","siguieras | siguieses","Advanced","fill_in_blank","seguir","None","None","No","No"," ends_in_ir high_irregularity irregular_form irregular_verb seguir subjuntivo_pasado tú_vos "
"↫ Fue sorprendente que ↫él/ella/usted _____ (hablando)","siguiera | siguiese","Advanced","fill_in_blank","seguir","None","None","No","No"," ends_in_ir high_irregularity irregular_form irregular_verb seguir subjuntivo_pasado él_ella_usted "
"↫ Fue sorprendente que ↫nosotros _____ (hablando)","siguiéramos | siguiésemos","Advanced","fill_in_blank","seguir","None","None","No","No"," ends_in_ir high_irregularity irregular_form irregular_verb nosotros seguir subjuntivo_pasado "
"↫ Fue sorprendente que ↫vosotros _____ (hablando)","siguierais | siguieseis","Advanced","fill_in_blank","seguir","None","None","No","No"," ends_in_ir high_irregularity irregular_form irregular_verb seguir subjuntivo_pasado vosotros "
"↫ Fue sorprendente que ↫ellos/ellas/ustedes _____ (hablando)","siguieran | siguiesen","Advanced","fill_in_blank","seguir","None","None","No","No"," ellos_ellas_ustedes ends_in_ir high_irregularity irregular_form irregular_verb seguir subjuntivo_pasado "
"Hombre, por favor,¡ _____ (con ello), ya !(tú)","sigue","Intermediate","fill_in_blank","seguir","None","None","No","No"," ends_in_ir high_irregularity imperativo in_the_wild irregular_form irregular_verb refrán seguir tú tú_vos "
"Hombre, por favor,¡ _____ (con ello), ya !(vos)","seguí","Intermediate","fill_in_blank","seguir","None","None","No","No"," ends_in_ir high_irregularity imperativo irregular_verb regular_form seguir tú_vos vos "
"Mujer, por favor,¡ no _____ (con ello) !(tú/vos)","sigas","Intermediate","fill_in_blank","seguir","None","None","No","No"," ends_in_ir high_irregularity imperativo irregular_form irregular_verb negative_imperativo seguir tú_vos "
"Señora, por favor,¡ (que) _____ (con ello), ya !(él/ella/usted)","siga","Intermediate","fill_in_blank","seguir","None","None","No","No"," ends_in_ir high_irregularity imperativo irregular_form irregular_verb seguir él_ella_usted "
"Vámonos equipo, por favor,¡ (que) _____ (con ello), ya !(nosotros)","sigamos","Intermediate","fill_in_blank","seguir","None","None","No","No"," ends_in_ir high_irregularity imperativo irregular_form irregular_verb nosotros seguir "
"Tú y tú, por favor,¡ _____ (con ello), ya !(vosotros)","seguid","Intermediate","fill_in_blank","seguir","None","None","No","No"," ends_in_ir high_irregularity imperativo irregular_verb regular_form seguir vosotros "
"Señores, por favor,¡ (que) _____ (con ello), ya ! (ellos/ellas/ustedes)","sigan","Intermediate","fill_in_blank","seguir","None","None","No","No"," ellos_ellas_ustedes ends_in_ir high_irregularity imperativo irregular_form irregular_verb seguir "
"↬ Si en un dudoso futuro ↬yo lo _____, ¡suerte!","siguiere","Advanced","fill_in_blank","seguir","None","None","No","No"," ends_in_ir high_irregularity irregular_form irregular_verb seguir subjuntivo_futuro yo "
"↬ Si en un dudoso futuro ↬tú/vos lo _____, ¡suerte!","siguieres","Advanced","fill_in_blank","seguir","None","None","No","No"," ends_in_ir high_irregularity irregular_form irregular_verb seguir subjuntivo_futuro tú_vos "
"↬ Si en un dudoso futuro ↬él/ella/usted lo _____, ¡suerte!","siguiere","Advanced","fill_in_blank","seguir","None","None","No","No"," ends_in_ir high_irregularity irregular_form irregular_verb seguir subjuntivo_futuro él_ella_usted "
"↬ Si en un dudoso futuro ↬nosotros lo _____, ¡suerte!","siguiéremos","Advanced","fill_in_blank","seguir","None","None","No","No"," ends_in_ir high_irregularity irregular_form irregular_verb nosotros seguir subjuntivo_futuro "
"↬ Si en un dudoso futuro ↬vosotros lo _____, ¡suerte!","siguiereis","Advanced","fill_in_blank","seguir","None","None","No","No"," ends_in_ir high_irregularity irregular_form irregular_verb seguir subjuntivo_futuro vosotros "
"↬ Si en un dudoso futuro ↬ellos/ellas/ustedes lo _____, ¡suerte!","siguieren","Advanced","fill_in_blank","seguir","None","None","No","No"," ellos_ellas_ustedes ends_in_ir high_irregularity irregular_form irregular_verb seguir subjuntivo_futuro "
"El verbo enél piensaes _____","pensar","Intermediate","fill_in_blank","None","None","None","No","No"," ends_in_ar infinitivo irregular_verb low_irregularity pensar regular_form "
"Mientras estoy estudiando…ella está _____ (en sus cosas)","pensando","Intermediate","fill_in_blank","pensar","None","None","No","No"," ends_in_ar gerundio in_the_wild irregular_verb low_irregularity modismo pensar regular_form "
"Hugo ha _____ (en ti)","pensado","Intermediate","fill_in_blank","pensar","None","None","No","No"," ends_in_ar in_the_wild irregular_verb low_irregularity modismo participio pensar regular_form "
"⊙ Ahora mismo, ⊙yo _____ (en Buenos Aires)","pienso","Elementary","fill_in_blank","pensar","None","None","No","No"," ends_in_ar irregular_form irregular_verb low_irregularity pensar presente yo "
"⊙ Ahora mismo, ⊙tú _____ (en Buenos Aires)","piensas","Elementary","fill_in_blank","pensar","None","None","No","No"," ends_in_ar irregular_form irregular_verb low_irregularity pensar presente tú tú_vos "
"⊙ Ahora mismo, ⊙vos _____ (en Buenos Aires)","pensás","Elementary","fill_in_blank","pensar","None","None","No","No"," ends_in_ar irregular_verb low_irregularity pensar presente regular_form tú_vos vos "
"⊙ Ahora mismo, ⊙él/ella/usted _____ (en Buenos Aires)","piensa","Elementary","fill_in_blank","pensar","None","None","No","No"," cita ends_in_ar in_the_wild irregular_form irregular_verb low_irregularity pensar presente él_ella_usted "
"⊙ Ahora mismo, ⊙nosotros _____ (en Buenos Aires)","pensamos","Elementary","fill_in_blank","pensar","None","None","No","No"," ends_in_ar irregular_verb low_irregularity nosotros pensar presente regular_form "
"⊙ Ahora mismo, ⊙vosotros _____ (en Buenos Aires)","pensáis","Elementary","fill_in_blank","pensar","None","None","No","No"," ends_in_ar irregular_verb low_irregularity pensar presente regular_form vosotros "
"⊙ Ahora mismo, ⊙ellos/ellas/ustedes _____ (en Buenos Aires)","piensan","Elementary","fill_in_blank","pensar","None","None","No","No"," ellos_ellas_ustedes ends_in_ar irregular_form irregular_verb low_irregularity pensar presente "
"⇠ En esa época, a menudo, ⇠yo _____ (en Buenos Aires)","pensaba","Intermediate","fill_in_blank","pensar","None","None","No","No"," ends_in_ar imperfecto irregular_verb low_irregularity pensar regular_form yo "
"⇠ En esa época, a menudo, ⇠tú/vos _____ (en Buenos Aires)","pensabas","Intermediate","fill_in_blank","pensar","None","None","No","No"," ends_in_ar imperfecto irregular_verb low_irregularity pensar regular_form tú_vos "
"⇠ En esa época, a menudo, ⇠él/ella/usted _____ (en Buenos Aires)","pensaba","Intermediate","fill_in_blank","pensar","None","None","No","No"," ends_in_ar imperfecto irregular_verb low_irregularity pensar regular_form él_ella_usted "
"⇠ En esa época, a menudo, ⇠nosotros _____ (en Buenos Aires)","pensábamos","Intermediate","fill_in_blank","pensar","None","None","No","No"," ends_in_ar imperfecto irregular_verb low_irregularity nosotros pensar regular_form "
"⇠ En esa época, a menudo, ⇠vosotros _____ (en Buenos Aires)","pensabais","Intermediate","fill_in_blank","pensar","None","None","No","No"," ends_in_ar imperfecto irregular_verb low_irregularity pensar regular_form vosotros "
"⇠ En esa época, a menudo, ⇠ellos/ellas/ustedes _____ (en Buenos Aires)","pensaban","Intermediate","fill_in_blank","pensar","None","None","No","No"," ellos_ellas_ustedes ends_in_ar imperfecto irregular_verb low_irregularity pensar regular_form "
"↧ En aquel momento ↧yo _____ (en Buenos Aires)","pensé","Intermediate","fill_in_blank","pensar","None","None","No","No"," ends_in_ar indefinido irregular_verb low_irregularity pensar regular_form yo "
"↧ En aquel momento ↧tú/vos _____ (en Buenos Aires)","pensaste","Intermediate","fill_in_blank","pensar","None","None","No","No"," ends_in_ar indefinido irregular_verb low_irregularity pensar regular_form tú_vos "
"↧ En aquel momento ↧él/ella/usted _____ (en Buenos Aires)","pensó","Intermediate","fill_in_blank","pensar","None","None","No","No"," ends_in_ar indefinido irregular_verb low_irregularity pensar regular_form él_ella_usted "
"↧ En aquel momento ↧nosotros _____ (en Buenos Aires)","pensamos","Intermediate","fill_in_blank","pensar","None","None","No","No"," ends_in_ar indefinido irregular_verb low_irregularity nosotros pensar regular_form "
"↧ En aquel momento ↧vosotros _____ (en Buenos Aires)","pensasteis","Intermediate","fill_in_blank","pensar","None","None","No","No"," ends_in_ar indefinido irregular_verb low_irregularity pensar regular_form vosotros "
"↧ En aquel momento ↧ellos/ellas/ustedes _____ (en Buenos Aires)","pensaron","Intermediate","fill_in_blank","pensar","None","None","No","No"," ellos_ellas_ustedes ends_in_ar indefinido irregular_verb low_irregularity pensar regular_form "
"→ En el futuro, →yo _____ (en Buenos Aires)","pensaré","Intermediate","fill_in_blank","pensar","None","None","No","No"," ends_in_ar futuro irregular_verb low_irregularity pensar regular_form yo "
"→ En el futuro, →tú/vos _____ (en Buenos Aires)","pensarás","Intermediate","fill_in_blank","pensar","None","None","No","No"," ends_in_ar futuro irregular_verb low_irregularity pensar regular_form tú_vos "
"→ En el futuro, →él/ella/usted _____ (en Buenos Aires)","pensará","Intermediate","fill_in_blank","pensar","None","None","No","No"," ends_in_ar futuro irregular_verb low_irregularity pensar regular_form él_ella_usted "
"→ En el futuro, →nosotros _____ (en Buenos Aires)","pensaremos","Intermediate","fill_in_blank","pensar","None","None","No","No"," ends_in_ar futuro irregular_verb low_irregularity nosotros pensar regular_form "
"→ En el futuro, →vosotros _____ (en Buenos Aires)","pensaréis","Intermediate","fill_in_blank","pensar","None","None","No","No"," ends_in_ar futuro irregular_verb low_irregularity pensar regular_form vosotros "
"→ En el futuro, →ellos/ellas/ustedes _____ (en Buenos Aires)","pensarán","Intermediate","fill_in_blank","pensar","None","None","No","No"," ellos_ellas_ustedes ends_in_ar futuro irregular_verb low_irregularity pensar regular_form "
"… Si ocurriese esto, …yo _____ (en Buenos Aires)","pensaría","Intermediate","fill_in_blank","pensar","None","None","No","No"," condicional ends_in_ar irregular_verb low_irregularity pensar regular_form yo "
"… Si sucediera esto, …tú/vos _____ (en Buenos Aires)","pensarías","Intermediate","fill_in_blank","pensar","None","None","No","No"," condicional ends_in_ar irregular_verb low_irregularity pensar regular_form tú_vos "
"… Si acaeciera algo, …él/ella/usted _____ (en Buenos Aires)","pensaría","Intermediate","fill_in_blank","pensar","None","None","No","No"," condicional ends_in_ar irregular_verb low_irregularity pensar regular_form él_ella_usted "
"… Si pasara algo, …nosotros _____ (en Buenos Aires)","pensaríamos","Intermediate","fill_in_blank","pensar","None","None","No","No"," condicional ends_in_ar irregular_verb low_irregularity nosotros pensar regular_form "
"… Si aconteciese esto, …vosotros _____ (en Buenos Aires)","pensaríais","Intermediate","fill_in_blank","pensar","None","None","No","No"," condicional ends_in_ar irregular_verb low_irregularity pensar regular_form vosotros "
"… Si se produjera esto, …ellos/ellas/ustedes _____ (en Buenos Aires)","pensarían","Intermediate","fill_in_blank","pensar","None","None","No","No"," condicional ellos_ellas_ustedes ends_in_ar irregular_verb low_irregularity pensar regular_form "
"〰 Resulta divertido que 〰yo _____ (en Buenos Aires)","piense","Elementary","fill_in_blank","pensar","None","None","No","No"," ends_in_ar irregular_form irregular_verb low_irregularity pensar subjuntivo_presente yo "
"〰 Resulta divertido que 〰tú/vos _____ (en Buenos Aires)","pienses","Elementary","fill_in_blank","pensar","None","None","No","No"," ends_in_ar irregular_form irregular_verb low_irregularity pensar subjuntivo_presente tú_vos "
"〰 Resulta divertido que 〰él/ella/usted _____ (en Buenos Aires)","piense","Elementary","fill_in_blank","pensar","None","None","No","No"," ends_in_ar irregular_form irregular_verb low_irregularity pensar subjuntivo_presente él_ella_usted "
"〰 Resulta divertido que 〰nosotros _____ (en Buenos Aires)","pensemos","Elementary","fill_in_blank","pensar","None","None","No","No"," ends_in_ar irregular_verb low_irregularity nosotros pensar regular_form subjuntivo_presente "
"〰 Resulta divertido que 〰vosotros _____ (en Buenos Aires)","penséis","Elementary","fill_in_blank","pensar","None","None","No","No"," ends_in_ar irregular_verb low_irregularity pensar regular_form subjuntivo_presente vosotros "
"〰 Resulta divertido que 〰ellos/ellas/ustedes _____ (en Buenos Aires)","piensen","Elementary","fill_in_blank","pensar","None","None","No","No"," ellos_ellas_ustedes ends_in_ar irregular_form irregular_verb low_irregularity pensar subjuntivo_presente "
"↫ Fue sorprendente que ↫yo _____ (en Buenos Aires)","pensara | pensase","Advanced","fill_in_blank","pensar","None","None","No","No"," ends_in_ar irregular_verb low_irregularity pensar regular_form subjuntivo_pasado yo "
"↫ Fue sorprendente que ↫tú/vos _____ (en Buenos Aires)","pensaras | pensases","Advanced","fill_in_blank","pensar","None","None","No","No"," ends_in_ar irregular_verb low_irregularity pensar regular_form subjuntivo_pasado tú_vos "
"↫ Fue sorprendente que ↫él/ella/usted _____ (en Buenos Aires)","pensara | pensase","Advanced","fill_in_blank","pensar","None","None","No","No"," ends_in_ar in_the_wild irregular_verb low_irregularity pensar refrán regular_form subjuntivo_pasado él_ella_usted "
"↫ Fue sorprendente que ↫nosotros _____ (en Buenos Aires)","pensáramos | pensásemos","Advanced","fill_in_blank","pensar","None","None","No","No"," ends_in_ar irregular_verb low_irregularity nosotros pensar regular_form subjuntivo_pasado "
"↫ Fue sorprendente que ↫vosotros _____ (en Buenos Aires)","pensarais | pensaseis","Advanced","fill_in_blank","pensar","None","None","No","No"," ends_in_ar irregular_verb low_irregularity pensar regular_form subjuntivo_pasado vosotros "
"↫ Fue sorprendente que ↫ellos/ellas/ustedes _____ (en Buenos Aires)","pensaran | pensasen","Advanced","fill_in_blank","pensar","None","None","No","No"," ellos_ellas_ustedes ends_in_ar irregular_verb low_irregularity pensar regular_form subjuntivo_pasado "
"Hombre, por favor,¡ _____ (en las víctimas), ya !(tú)","piensa","Intermediate","fill_in_blank","pensar","None","None","No","No"," ends_in_ar imperativo irregular_form irregular_verb low_irregularity pensar tú tú_vos "
"Hombre, por favor,¡ _____ (en las víctimas), ya !(vos)","pensá","Intermediate","fill_in_blank","pensar","None","None","No","No"," ends_in_ar imperativo irregular_verb low_irregularity pensar regular_form tú_vos vos "
"Mujer, por favor,¡ no _____ (en las víctimas) !(tú/vos)","pienses","Intermediate","fill_in_blank","pensar","None","None","No","No"," ends_in_ar imperativo irregular_form irregular_verb low_irregularity negative_imperativo pensar tú_vos "
"Señora, por favor,¡ (que) _____ (en las víctimas), ya !(él/ella/usted)","piense","Intermediate","fill_in_blank","pensar","None","None","No","No"," ends_in_ar imperativo irregular_form irregular_verb low_irregularity pensar él_ella_usted "
"Vámonos equipo, por favor,¡ (que) _____ (en las víctimas), ya !(nosotros)","pensemos","Intermediate","fill_in_blank","pensar","None","None","No","No"," ends_in_ar imperativo irregular_verb low_irregularity nosotros pensar regular_form "
"Tú y tú, por favor,¡ _____ (en las víctimas), ya !(vosotros)","pensad","Intermediate","fill_in_blank","pensar","None","None","No","No"," ends_in_ar imperativo irregular_verb low_irregularity pensar regular_form vosotros "
"Señores, por favor,¡ (que) _____ (en las víctimas), ya ! (ellos/ellas/ustedes)","piensen","Intermediate","fill_in_blank","pensar","None","None","No","No"," ellos_ellas_ustedes ends_in_ar imperativo irregular_form irregular_verb low_irregularity pensar "
"↬ Si en un dudoso futuro ↬yo _____ así, ¡suerte!","pensare","Advanced","fill_in_blank","pensar","None","None","No","No"," ends_in_ar irregular_verb low_irregularity pensar regular_form subjuntivo_futuro yo "
"↬ Si en un dudoso futuro ↬tú/vos _____ así, ¡suerte!","pensares","Advanced","fill_in_blank","pensar","None","None","No","No"," ends_in_ar irregular_verb low_irregularity pensar regular_form subjuntivo_futuro tú_vos "
"↬ Si en un dudoso futuro ↬él/ella/usted _____ así, ¡suerte!","pensare","Advanced","fill_in_blank","pensar","None","None","No","No"," ends_in_ar irregular_verb low_irregularity pensar regular_form subjuntivo_futuro él_ella_usted "
"↬ Si en un dudoso futuro ↬nosotros _____ así, ¡suerte!","pensáremos","Advanced","fill_in_blank","pensar","None","None","No","No"," ends_in_ar irregular_verb low_irregularity nosotros pensar regular_form subjuntivo_futuro "
"↬ Si en un dudoso futuro ↬vosotros _____ así, ¡suerte!","pensareis","Advanced","fill_in_blank","pensar","None","None","No","No"," ends_in_ar irregular_verb low_irregularity pensar regular_form subjuntivo_futuro vosotros "
"↬ Si en un dudoso futuro ↬ellos/ellas/ustedes _____ así, ¡suerte!","pensaren","Advanced","fill_in_blank","pensar","None","None","No","No"," ellos_ellas_ustedes ends_in_ar irregular_verb low_irregularity pensar regular_form subjuntivo_futuro "
"El verbo enél vienees _____","venir","Advanced","fill_in_blank","None","None","None","No","No"," ends_in_ir extreme_irregularity infinitivo irregular_verb regular_form venir "
"Mientras estoy estudiando…ella está _____ (por aquí)","viniendo","Advanced","fill_in_blank","venir","None","None","No","No"," ends_in_ir extreme_irregularity gerundio irregular_form irregular_verb venir "
"Hugo ha _____ (a La Laguna)","venido","Advanced","fill_in_blank","venir","None","None","No","No"," ends_in_ir extreme_irregularity irregular_verb participio regular_form venir "
"⊙ Ahora mismo, ⊙yo _____ (por aquí)","vengo","Elementary","fill_in_blank","venir","None","None","No","No"," ends_in_ir extreme_irregularity irregular_form irregular_verb presente venir yo "
"⊙ Ahora mismo, ⊙tú _____ (por aquí)","vienes","Elementary","fill_in_blank","venir","None","None","No","No"," ends_in_ir extreme_irregularity irregular_form irregular_verb presente tú tú_vos venir "
"⊙ Ahora mismo, ⊙vos _____ (por aquí)","venís","Elementary","fill_in_blank","venir","None","None","No","No"," ends_in_ir extreme_irregularity irregular_verb presente regular_form tú_vos venir vos "
"⊙ Ahora mismo, ⊙él/ella/usted _____ (por aquí)","viene","Elementary","fill_in_blank","venir","None","None","No","No"," ends_in_ir extreme_irregularity in_the_wild irregular_form irregular_verb modismo presente venir él_ella_usted "
"⊙ Ahora mismo, ⊙nosotros _____ (por aquí)","venimos","Elementary","fill_in_blank","venir","None","None","No","No"," ends_in_ir extreme_irregularity irregular_verb nosotros presente regular_form venir "
"⊙ Ahora mismo, ⊙vosotros _____ (por aquí)","venís","Elementary","fill_in_blank","venir","None","None","No","No"," ends_in_ir extreme_irregularity irregular_verb presente regular_form venir vosotros "
"⊙ Ahora mismo, ⊙ellos/ellas/ustedes _____ (por aquí)","vienen","Elementary","fill_in_blank","venir","None","None","No","No"," ellos_ellas_ustedes ends_in_ir extreme_irregularity irregular_form irregular_verb presente venir "
"⇠ En esa época, a menudo, ⇠yo _____ (por aquí)","venía","Advanced","fill_in_blank","venir","None","None","No","No"," ends_in_ir extreme_irregularity imperfecto irregular_verb regular_form venir yo "
"⇠ En esa época, a menudo, ⇠tú/vos _____ (por aquí)","venías","Advanced","fill_in_blank","venir","None","None","No","No"," ends_in_ir extreme_irregularity imperfecto irregular_verb regular_form tú_vos venir "
"⇠ En esa época, a menudo, ⇠él/ella/usted _____ (por aquí)","venía","Advanced","fill_in_blank","venir","None","None","No","No"," ends_in_ir extreme_irregularity imperfecto irregular_verb regular_form venir él_ella_usted "
"⇠ En esa época, a menudo, ⇠nosotros _____ (por aquí)","veníamos","Advanced","fill_in_blank","venir","None","None","No","No"," ends_in_ir extreme_irregularity imperfecto irregular_verb nosotros regular_form venir "
"⇠ En esa época, a menudo, ⇠vosotros _____ (por aquí)","veníais","Advanced","fill_in_blank","venir","None","None","No","No"," ends_in_ir extreme_irregularity imperfecto irregular_verb regular_form venir vosotros "
"⇠ En esa época, a menudo, ⇠ellos/ellas/ustedes _____ (por aquí)","venían","Advanced","fill_in_blank","venir","None","None","No","No"," ellos_ellas_ustedes ends_in_ir extreme_irregularity imperfecto irregular_verb regular_form venir "
"↧ En aquel momento ↧yo _____ (por aquí)","vine","Advanced","fill_in_blank","venir","None","None","No","No"," ends_in_ir extreme_irregularity indefinido irregular_form irregular_verb venir yo "
"↧ En aquel momento ↧tú/vos _____ (por aquí)","viniste","Advanced","fill_in_blank","venir","None","None","No","No"," ends_in_ir extreme_irregularity indefinido irregular_form irregular_verb tú_vos venir "
"↧ En aquel momento ↧él/ella/usted _____ (por aquí)","vino","Advanced","fill_in_blank","venir","None","None","No","No"," ends_in_ir extreme_irregularity in_the_wild indefinido irregular_form irregular_verb modismo venir él_ella_usted "
"↧ En aquel momento ↧nosotros _____ (por aquí)","vinimos","Advanced","fill_in_blank","venir","None","None","No","No"," ends_in_ir extreme_irregularity indefinido irregular_form irregular_verb nosotros venir "
"↧ En aquel momento ↧vosotros _____ (por aquí)","vinisteis","Advanced","fill_in_blank","venir","None","None","No","No"," ends_in_ir extreme_irregularity indefinido irregular_form irregular_verb venir vosotros "
"↧ En aquel momento ↧ellos/ellas/ustedes _____ (por aquí)","vinieron","Advanced","fill_in_blank","venir","None","None","No","No"," ellos_ellas_ustedes ends_in_ir extreme_irregularity indefinido irregular_form irregular_verb venir "
"→ En el futuro, →yo _____ (por aquí)","vendré","Advanced","fill_in_blank","venir","None","None","No","No"," ends_in_ir extreme_irregularity futuro irregular_form irregular_verb venir yo "
"→ En el futuro, →tú/vos _____ (por aquí)","vendrás","Advanced","fill_in_blank","venir","None","None","No","No"," ends_in_ir extreme_irregularity futuro irregular_form irregular_verb tú_vos venir "
"→ En el futuro, →él/ella/usted _____ (por aquí)","vendrá","Advanced","fill_in_blank","venir","None","None","No","No"," ends_in_ir extreme_irregularity futuro irregular_form irregular_verb venir él_ella_usted "
"→ En el futuro, →nosotros _____ (por aquí)","vendremos","Advanced","fill_in_blank","venir","None","None","No","No"," ends_in_ir extreme_irregularity futuro irregular_form irregular_verb nosotros venir "
"→ En el futuro, →vosotros _____ (por aquí)","vendréis","Advanced","fill_in_blank","venir","None","None","No","No"," ends_in_ir extreme_irregularity futuro irregular_form irregular_verb venir vosotros "
"→ En el futuro, →ellos/ellas/ustedes _____ (por aquí)","vendrán","Advanced","fill_in_blank","venir","None","None","No","No"," ellos_ellas_ustedes ends_in_ir extreme_irregularity futuro irregular_form irregular_verb venir "
"… Si ocurriese esto, …yo _____ (por aquí)","vendría","Advanced","fill_in_blank","venir","None","None","No","No"," condicional ends_in_ir extreme_irregularity irregular_form irregular_verb venir yo "
"… Si sucediera esto, …tú/vos _____ (por aquí)","vendrías","Advanced","fill_in_blank","venir","None","None","No","No"," condicional ends_in_ir extreme_irregularity irregular_form irregular_verb tú_vos venir "
"… Si acaeciera algo, …él/ella/usted _____ (por aquí)","vendría","Advanced","fill_in_blank","venir","None","None","No","No"," condicional ends_in_ir extreme_irregularity irregular_form irregular_verb venir él_ella_usted "
"… Si pasara algo, …nosotros _____ (por aquí)","vendríamos","Advanced","fill_in_blank","venir","None","None","No","No"," condicional ends_in_ir extreme_irregularity irregular_form irregular_verb nosotros venir "
"… Si aconteciese esto, …vosotros _____ (por aquí)","vendríais","Advanced","fill_in_blank","venir","None","None","No","No"," condicional ends_in_ir extreme_irregularity irregular_form irregular_verb venir vosotros "
"… Si se produjera esto, …ellos/ellas/ustedes _____ (por aquí)","vendrían","Advanced","fill_in_blank","venir","None","None","No","No"," condicional ellos_ellas_ustedes ends_in_ir extreme_irregularity irregular_form irregular_verb venir "
"〰 Resulta divertido que 〰yo _____ (por aquí)","venga","Elementary","fill_in_blank","venir","None","None","No","No"," ends_in_ir extreme_irregularity irregular_form irregular_verb subjuntivo_presente venir yo "
"〰 Resulta divertido que 〰tú/vos _____ (por aquí)","vengas","Elementary","fill_in_blank","venir","None","None","No","No"," ends_in_ir extreme_irregularity irregular_form irregular_verb subjuntivo_presente tú_vos venir "
"〰 Resulta divertido que 〰él/ella/usted _____ (por aquí)","venga","Elementary","fill_in_blank","venir","None","None","No","No"," ends_in_ir extreme_irregularity in_the_wild irregular_form irregular_verb refrán subjuntivo_presente venir él_ella_usted "
"〰 Resulta divertido que 〰nosotros _____ (por aquí)","vengamos","Elementary","fill_in_blank","venir","None","None","No","No"," ends_in_ir extreme_irregularity irregular_form irregular_verb nosotros subjuntivo_presente venir "
"〰 Resulta divertido que 〰vosotros _____ (por aquí)","vengáis","Elementary","fill_in_blank","venir","None","None","No","No"," ends_in_ir extreme_irregularity irregular_form irregular_verb subjuntivo_presente venir vosotros "
"〰 Resulta divertido que 〰ellos/ellas/ustedes _____ (por aquí)","vengan","Elementary","fill_in_blank","venir","None","None","No","No"," ellos_ellas_ustedes ends_in_ir extreme_irregularity irregular_form irregular_verb subjuntivo_presente venir "
"↫ Fue sorprendente que ↫yo _____ (por aquí)","viniera | viniese","Advanced","fill_in_blank","venir","None","None","No","No"," ends_in_ir extreme_irregularity irregular_form irregular_verb subjuntivo_pasado venir yo "
"↫ Fue sorprendente que ↫tú/vos _____ (por aquí)","vinieras | vinieses","Advanced","fill_in_blank","venir","None","None","No","No"," ends_in_ir extreme_irregularity irregular_form irregular_verb subjuntivo_pasado tú_vos venir "
"↫ Fue sorprendente que ↫él/ella/usted _____ (por aquí)","viniera | viniese","Advanced","fill_in_blank","venir","None","None","No","No"," ends_in_ir extreme_irregularity irregular_form irregular_verb subjuntivo_pasado venir él_ella_usted "
"↫ Fue sorprendente que ↫nosotros _____ (por aquí)","viniéramos | viniésemos","Advanced","fill_in_blank","venir","None","None","No","No"," ends_in_ir extreme_irregularity irregular_form irregular_verb nosotros subjuntivo_pasado venir "
"↫ Fue sorprendente que ↫vosotros _____ (por aquí)","vinierais | vinieseis","Advanced","fill_in_blank","venir","None","None","No","No"," ends_in_ir extreme_irregularity irregular_form irregular_verb subjuntivo_pasado venir vosotros "
"↫ Fue sorprendente que ↫ellos/ellas/ustedes _____ (por aquí)","vinieran | viniesen","Advanced","fill_in_blank","venir","None","None","No","No"," ellos_ellas_ustedes ends_in_ir extreme_irregularity irregular_form irregular_verb subjuntivo_pasado venir "
"Hombre, por favor,¡ _____ , ya !(tú)","ven","Advanced","fill_in_blank","venir","None","None","No","No"," ends_in_ir extreme_irregularity imperativo irregular_form irregular_verb tú tú_vos venir "
"Hombre, por favor,¡ _____ , ya !(vos)","vení","Advanced","fill_in_blank","venir","None","None","No","No"," ends_in_ir extreme_irregularity imperativo irregular_verb regular_form tú_vos venir vos "
"Mujer, por favor,¡ no _____ !(tú/vos)","vengas","Advanced","fill_in_blank","venir","None","None","No","No"," ends_in_ir extreme_irregularity imperativo irregular_form irregular_verb negative_imperativo tú_vos venir "
"Señora, por favor,¡ (que) _____ , ya !(él/ella/usted)","venga","Advanced","fill_in_blank","venir","None","None","No","No"," ends_in_ir extreme_irregularity imperativo irregular_form irregular_verb venir él_ella_usted "
"Vámonos equipo, por favor,¡ (que) _____ (al asunto principal), ya !(nosotros)","vengamos","Advanced","fill_in_blank","venir","None","None","No","No"," ends_in_ir extreme_irregularity imperativo irregular_form irregular_verb nosotros venir "
"Tú y tú, por favor,¡ _____ (al asunto principal), ya !(vosotros)","venid","Advanced","fill_in_blank","venir","None","None","No","No"," ends_in_ir extreme_irregularity imperativo irregular_verb regular_form venir vosotros "
"Señores, por favor,¡ (que) _____ (al asunto principal), ya ! (ellos/ellas/ustedes)","vengan","Advanced","fill_in_blank","venir","None","None","No","No"," ellos_ellas_ustedes ends_in_ir extreme_irregularity imperativo irregular_form irregular_verb venir "
"↬ Si en un dudoso futuro ↬yo _____ aquí, ¡suerte!","viniere","Advanced","fill_in_blank","venir","None","None","No","No"," ends_in_ir extreme_irregularity irregular_form irregular_verb subjuntivo_futuro venir yo "
"↬ Si en un dudoso futuro ↬tú/vos _____ aquí, ¡suerte!","vinieres","Advanced","fill_in_blank","venir","None","None","No","No"," ends_in_ir extreme_irregularity irregular_form irregular_verb subjuntivo_futuro tú_vos venir "
"↬ Si en un dudoso futuro ↬él/ella/usted _____ aquí, ¡suerte!","viniere","Advanced","fill_in_blank","venir","None","None","No","No"," ends_in_ir extreme_irregularity irregular_form irregular_verb subjuntivo_futuro venir él_ella_usted "
"↬ Si en un dudoso futuro ↬nosotros _____ aquí, ¡suerte!","viniéremos","Advanced","fill_in_blank","venir","None","None","No","No"," ends_in_ir extreme_irregularity irregular_form irregular_verb nosotros subjuntivo_futuro venir "
"↬ Si en un dudoso futuro ↬vosotros _____ aquí, ¡suerte!","viniereis","Advanced","fill_in_blank","venir","None","None","No","No"," ends_in_ir extreme_irregularity irregular_form irregular_verb subjuntivo_futuro venir vosotros "
"↬ Si en un dudoso futuro ↬ellos/ellas/ustedes _____ aquí, ¡suerte!","vinieren","Advanced","fill_in_blank","venir","None","None","No","No"," ellos_ellas_ustedes ends_in_ir extreme_irregularity irregular_form irregular_verb subjuntivo_futuro venir "
"El verbo enél encuentraes _____","encontrar","Intermediate","fill_in_blank","None","None","None","No","No"," encontrar ends_in_ar infinitivo irregular_verb low_irregularity regular_form "
"Mientras estoy estudiando…ella está _____ (ideas)","encontrando","Intermediate","fill_in_blank","encontrar","None","None","No","No"," encontrar ends_in_ar gerundio irregular_verb low_irregularity regular_form "
"Hugo ha _____ (ideas)","encontrado","Intermediate","fill_in_blank","encontrar","None","None","No","No"," encontrar ends_in_ar in_the_wild irregular_verb low_irregularity modismo participio regular_form "
"⊙ Ahora mismo, ⊙yo _____ (dificultades)","encuentro","Elementary","fill_in_blank","encontrar","None","None","No","No"," encontrar ends_in_ar irregular_form irregular_verb low_irregularity presente yo "
"⊙ Ahora mismo, ⊙tú _____ (dificultades)","encuentras","Elementary","fill_in_blank","encontrar","None","None","No","No"," encontrar ends_in_ar irregular_form irregular_verb low_irregularity presente tú tú_vos "
"⊙ Ahora mismo, ⊙vos _____ (dificultades)","encontrás","Elementary","fill_in_blank","encontrar","None","None","No","No"," encontrar ends_in_ar irregular_verb low_irregularity presente regular_form tú_vos vos "
"⊙ Ahora mismo, ⊙él/ella/usted _____ (dificultades)","encuentra","Elementary","fill_in_blank","encontrar","None","None","No","No"," encontrar ends_in_ar irregular_form irregular_verb low_irregularity presente él_ella_usted "
"⊙ Ahora mismo, ⊙nosotros _____ (dificultades)","encontramos","Elementary","fill_in_blank","encontrar","None","None","No","No"," encontrar ends_in_ar irregular_verb low_irregularity nosotros presente regular_form "
"⊙ Ahora mismo, ⊙vosotros _____ (dificultades)","encontráis","Elementary","fill_in_blank","encontrar","None","None","No","No"," encontrar ends_in_ar irregular_verb low_irregularity presente regular_form vosotros "
"⊙ Ahora mismo, ⊙ellos/ellas/ustedes _____ (dificultades)","encuentran","Elementary","fill_in_blank","encontrar","None","None","No","No"," ellos_ellas_ustedes encontrar ends_in_ar irregular_form irregular_verb low_irregularity presente "
"⇠ En esa época, a menudo, ⇠yo _____ (dificultades)","encontraba","Intermediate","fill_in_blank","encontrar","None","None","No","No"," encontrar ends_in_ar imperfecto irregular_verb low_irregularity regular_form yo "
"⇠ En esa época, a menudo, ⇠tú/vos _____ (dificultades)","encontrabas","Intermediate","fill_in_blank","encontrar","None","None","No","No"," encontrar ends_in_ar imperfecto irregular_verb low_irregularity regular_form tú_vos "
"⇠ En esa época, a menudo, ⇠él/ella/usted _____ (dificultades)","encontraba","Intermediate","fill_in_blank","encontrar","None","None","No","No"," encontrar ends_in_ar imperfecto irregular_verb low_irregularity regular_form él_ella_usted "
"⇠ En esa época, a menudo, ⇠nosotros _____ (dificultades)","encontrábamos","Intermediate","fill_in_blank","encontrar","None","None","No","No"," encontrar ends_in_ar imperfecto irregular_verb low_irregularity nosotros regular_form "
"⇠ En esa época, a menudo, ⇠vosotros _____ (dificultades)","encontrabais","Intermediate","fill_in_blank","encontrar","None","None","No","No"," encontrar ends_in_ar imperfecto irregular_verb low_irregularity regular_form vosotros "
"⇠ En esa época, a menudo, ⇠ellos/ellas/ustedes _____ (dificultades)","encontraban","Intermediate","fill_in_blank","encontrar","None","None","No","No"," ellos_ellas_ustedes encontrar ends_in_ar imperfecto irregular_verb low_irregularity regular_form "
"↧ En aquel momento ↧yo _____ (dificultades)","encontré","Intermediate","fill_in_blank","encontrar","None","None","No","No"," encontrar ends_in_ar indefinido irregular_verb low_irregularity regular_form yo "
"↧ En aquel momento ↧tú/vos _____ (dificultades)","encontraste","Intermediate","fill_in_blank","encontrar","None","None","No","No"," encontrar ends_in_ar indefinido irregular_verb low_irregularity regular_form tú_vos "
"↧ En aquel momento ↧él/ella/usted _____ (dificultades)","encontró","Intermediate","fill_in_blank","encontrar","None","None","No","No"," dicho encontrar ends_in_ar in_the_wild indefinido irregular_verb low_irregularity regular_form él_ella_usted "
"↧ En aquel momento ↧nosotros _____ (dificultades)","encontramos","Intermediate","fill_in_blank","encontrar","None","None","No","No"," encontrar ends_in_ar indefinido irregular_verb low_irregularity nosotros regular_form "
"↧ En aquel momento ↧vosotros _____ (dificultades)","encontrasteis","Intermediate","fill_in_blank","encontrar","None","None","No","No"," encontrar ends_in_ar indefinido irregular_verb low_irregularity regular_form vosotros "
"↧ En aquel momento ↧ellos/ellas/ustedes _____ (dificultades)","encontraron","Intermediate","fill_in_blank","encontrar","None","None","No","No"," ellos_ellas_ustedes encontrar ends_in_ar indefinido irregular_verb low_irregularity regular_form "
"→ En el futuro, →yo _____ (dificultades)","encontraré","Intermediate","fill_in_blank","encontrar","None","None","No","No"," encontrar ends_in_ar futuro in_the_wild irregular_verb low_irregularity modismo regular_form yo "
"→ En el futuro, →tú/vos _____ (dificultades)","encontrarás","Intermediate","fill_in_blank","encontrar","None","None","No","No"," encontrar ends_in_ar futuro irregular_verb low_irregularity regular_form tú_vos "
"→ En el futuro, →él/ella/usted _____ (dificultades)","encontrará","Intermediate","fill_in_blank","encontrar","None","None","No","No"," encontrar ends_in_ar futuro irregular_verb low_irregularity regular_form él_ella_usted "
"→ En el futuro, →nosotros _____ (dificultades)","encontraremos","Intermediate","fill_in_blank","encontrar","None","None","No","No"," dicho encontrar ends_in_ar futuro in_the_wild irregular_verb low_irregularity nosotros regular_form "
"→ En el futuro, →vosotros _____ (dificultades)","encontraréis","Intermediate","fill_in_blank","encontrar","None","None","No","No"," encontrar ends_in_ar futuro irregular_verb low_irregularity regular_form vosotros "
"→ En el futuro, →ellos/ellas/ustedes _____ (dificultades)","encontrarán","Intermediate","fill_in_blank","encontrar","None","None","No","No"," ellos_ellas_ustedes encontrar ends_in_ar futuro irregular_verb low_irregularity regular_form "
"… Si ocurriese esto, …yo _____ (dificultades)","encontraría","Intermediate","fill_in_blank","encontrar","None","None","No","No"," condicional encontrar ends_in_ar irregular_verb low_irregularity regular_form yo "
"… Si sucediera esto, …tú/vos _____ (dificultades)","encontrarías","Intermediate","fill_in_blank","encontrar","None","None","No","No"," condicional encontrar ends_in_ar irregular_verb low_irregularity regular_form tú_vos "
"… Si acaeciera algo, …él/ella/usted _____ (dificultades)","encontraría","Intermediate","fill_in_blank","encontrar","None","None","No","No"," condicional encontrar ends_in_ar irregular_verb low_irregularity regular_form él_ella_usted "
"… Si pasara algo, …nosotros _____ (dificultades)","encontraríamos","Intermediate","fill_in_blank","encontrar","None","None","No","No"," condicional encontrar ends_in_ar irregular_verb low_irregularity nosotros regular_form "
"… Si aconteciese esto, …vosotros _____ (dificultades)","encontraríais","Intermediate","fill_in_blank","encontrar","None","None","No","No"," condicional encontrar ends_in_ar irregular_verb low_irregularity regular_form vosotros "
"… Si se produjera esto, …ellos/ellas/ustedes _____ (dificultades)","encontrarían","Intermediate","fill_in_blank","encontrar","None","None","No","No"," condicional ellos_ellas_ustedes encontrar ends_in_ar irregular_verb low_irregularity regular_form "
"〰 Resulta divertido que 〰yo _____ (dificultades)","encuentre","Elementary","fill_in_blank","encontrar","None","None","No","No"," encontrar ends_in_ar irregular_form irregular_verb low_irregularity subjuntivo_presente yo "
"〰 Resulta divertido que 〰tú/vos _____ (dificultades)","encuentres","Elementary","fill_in_blank","encontrar","None","None","No","No"," encontrar ends_in_ar irregular_form irregular_verb low_irregularity subjuntivo_presente tú_vos "
"〰 Resulta divertido que 〰él/ella/usted _____ (dificultades)","encuentre","Elementary","fill_in_blank","encontrar","None","None","No","No"," encontrar ends_in_ar irregular_form irregular_verb low_irregularity subjuntivo_presente él_ella_usted "
"〰 Resulta divertido que 〰nosotros _____ (dificultades)","encontremos","Elementary","fill_in_blank","encontrar","None","None","No","No"," encontrar ends_in_ar irregular_verb low_irregularity nosotros regular_form subjuntivo_presente "
"〰 Resulta divertido que 〰vosotros _____ (dificultades)","encontréis","Elementary","fill_in_blank","encontrar","None","None","No","No"," encontrar ends_in_ar irregular_verb low_irregularity regular_form subjuntivo_presente vosotros "
"〰 Resulta divertido que 〰ellos/ellas/ustedes _____ (dificultades)","encuentren","Elementary","fill_in_blank","encontrar","None","None","No","No"," ellos_ellas_ustedes encontrar ends_in_ar irregular_form irregular_verb low_irregularity subjuntivo_presente "
"↫ Fue sorprendente que ↫yo _____ (dificultades)","encontrara | encontrase","Advanced","fill_in_blank","encontrar","None","None","No","No"," encontrar ends_in_ar irregular_verb low_irregularity regular_form subjuntivo_pasado yo "
"↫ Fue sorprendente que ↫tú/vos _____ (dificultades)","encontraras | encontrases","Advanced","fill_in_blank","encontrar","None","None","No","No"," encontrar ends_in_ar irregular_verb low_irregularity regular_form subjuntivo_pasado tú_vos "
"↫ Fue sorprendente que ↫él/ella/usted _____ (dificultades)","encontrara | encontrase","Advanced","fill_in_blank","encontrar","None","None","No","No"," encontrar ends_in_ar irregular_verb low_irregularity regular_form subjuntivo_pasado él_ella_usted "
"↫ Fue sorprendente que ↫nosotros _____ (dificultades)","encontráramos | encontrásemos","Advanced","fill_in_blank","encontrar","None","None","No","No"," encontrar ends_in_ar irregular_verb low_irregularity nosotros regular_form subjuntivo_pasado "
"↫ Fue sorprendente que ↫vosotros _____ (dificultades)","encontrarais | encontraseis","Advanced","fill_in_blank","encontrar","None","None","No","No"," encontrar ends_in_ar irregular_verb low_irregularity regular_form subjuntivo_pasado vosotros "
"↫ Fue sorprendente que ↫ellos/ellas/ustedes _____ (dificultades)","encontraran | encontrasen","Advanced","fill_in_blank","encontrar","None","None","No","No"," ellos_ellas_ustedes encontrar ends_in_ar irregular_verb low_irregularity regular_form subjuntivo_pasado "
"Hombre, por favor,¡ _____ (ideas), ya !(tú)","encuentra","Intermediate","fill_in_blank","encontrar","None","None","No","No"," encontrar ends_in_ar imperativo irregular_form irregular_verb low_irregularity tú tú_vos "
"Hombre, por favor,¡ _____ (ideas), ya !(vos)","encontrá","Intermediate","fill_in_blank","encontrar","None","None","No","No"," encontrar ends_in_ar imperativo irregular_verb low_irregularity regular_form tú_vos vos "
"Mujer, por favor,¡ no _____ (ideas) !(tú/vos)","encuentres","Intermediate","fill_in_blank","encontrar","None","None","No","No"," encontrar ends_in_ar imperativo irregular_form irregular_verb low_irregularity negative_imperativo tú_vos "
"Señora, por favor,¡ (que) _____ (ideas), ya !(él/ella/usted)","encuentre","Intermediate","fill_in_blank","encontrar","None","None","No","No"," encontrar ends_in_ar imperativo irregular_form irregular_verb low_irregularity él_ella_usted "
"Vámonos equipo, por favor,¡ (que) _____ (ideas), ya !(nosotros)","encontremos","Intermediate","fill_in_blank","encontrar","None","None","No","No"," encontrar ends_in_ar imperativo irregular_verb low_irregularity nosotros regular_form "
"Tú y tú, por favor,¡ _____ (ideas), ya !(vosotros)","encontrad","Intermediate","fill_in_blank","encontrar","None","None","No","No"," encontrar ends_in_ar imperativo irregular_verb low_irregularity regular_form vosotros "
"Señores, por favor,¡ (que) _____ (ideas), ya ! (ellos/ellas/ustedes)","encuentren","Intermediate","fill_in_blank","encontrar","None","None","No","No"," ellos_ellas_ustedes encontrar ends_in_ar imperativo irregular_form irregular_verb low_irregularity "
"↬ Si en un dudoso futuro ↬yo lo _____, ¡suerte!","encontrare","Advanced","fill_in_blank","encontrar","None","None","No","No"," encontrar ends_in_ar irregular_verb low_irregularity regular_form subjuntivo_futuro yo "
"↬ Si en un dudoso futuro ↬tú/vos lo _____, ¡suerte!","encontrares","Advanced","fill_in_blank","encontrar","None","None","No","No"," encontrar ends_in_ar irregular_verb low_irregularity regular_form subjuntivo_futuro tú_vos "
"↬ Si en un dudoso futuro ↬él/ella/usted lo _____, ¡suerte!","encontrare","Advanced","fill_in_blank","encontrar","None","None","No","No"," encontrar ends_in_ar irregular_verb low_irregularity regular_form subjuntivo_futuro él_ella_usted "
"↬ Si en un dudoso futuro ↬nosotros lo _____, ¡suerte!","encontráremos","Advanced","fill_in_blank","encontrar","None","None","No","No"," encontrar ends_in_ar irregular_verb low_irregularity nosotros regular_form subjuntivo_futuro "
"↬ Si en un dudoso futuro ↬vosotros lo _____, ¡suerte!","encontrareis","Advanced","fill_in_blank","encontrar","None","None","No","No"," encontrar ends_in_ar irregular_verb low_irregularity regular_form subjuntivo_futuro vosotros "
"↬ Si en un dudoso futuro ↬ellos/ellas/ustedes lo _____, ¡suerte!","encontraren","Advanced","fill_in_blank","encontrar","None","None","No","No"," ellos_ellas_ustedes encontrar ends_in_ar irregular_verb low_irregularity regular_form subjuntivo_futuro "
"El verbo enél salees _____","salir","Intermediate","fill_in_blank","None","None","None","No","No"," ends_in_ir infinitivo irregular_verb moderate_irregularity regular_form salir "
"Mientras estoy estudiando…ella está _____ (de fiestas)","saliendo","Intermediate","fill_in_blank","salir","None","None","No","No"," ends_in_ir gerundio irregular_verb moderate_irregularity regular_form salir "
"Hugo ha _____ (de fiestas)","salido","Intermediate","fill_in_blank","salir","None","None","No","No"," ends_in_ir in_the_wild irregular_verb moderate_irregularity modismo participio regular_form salir "
"⊙ Ahora mismo, ⊙yo _____ (de la ciudad)","salgo","Elementary","fill_in_blank","salir","None","None","No","No"," ends_in_ir irregular_form irregular_verb moderate_irregularity presente salir yo "
"⊙ Ahora mismo, ⊙tú _____ (de la ciudad)","sales","Elementary","fill_in_blank","salir","None","None","No","No"," ends_in_ir irregular_verb moderate_irregularity presente regular_form salir tú tú_vos "
"⊙ Ahora mismo, ⊙vos _____ (de la ciudad)","salís","Elementary","fill_in_blank","salir","None","None","No","No"," ends_in_ir irregular_verb moderate_irregularity presente regular_form salir tú_vos vos "
"⊙ Ahora mismo, ⊙él/ella/usted _____ (de la ciudad)","sale","Elementary","fill_in_blank","salir","None","None","No","No"," ends_in_ir irregular_verb moderate_irregularity presente regular_form salir él_ella_usted "
"⊙ Ahora mismo, ⊙nosotros _____ (de la ciudad)","salimos","Elementary","fill_in_blank","salir","None","None","No","No"," ends_in_ir irregular_verb moderate_irregularity nosotros presente regular_form salir "
"⊙ Ahora mismo, ⊙vosotros _____ (de la ciudad)","salís","Elementary","fill_in_blank","salir","None","None","No","No"," ends_in_ir irregular_verb moderate_irregularity presente regular_form salir vosotros "
"⊙ Ahora mismo, ⊙ellos/ellas/ustedes _____ (de la ciudad)","salen","Elementary","fill_in_blank","salir","None","None","No","No"," ellos_ellas_ustedes ends_in_ir irregular_verb moderate_irregularity presente regular_form salir "
"⇠ En esa época, a menudo, ⇠yo _____ (de la ciudad)","salía","Intermediate","fill_in_blank","salir","None","None","No","No"," ends_in_ir imperfecto irregular_verb moderate_irregularity regular_form salir yo "
"⇠ En esa época, a menudo, ⇠tú/vos _____ (de la ciudad)","salías","Intermediate","fill_in_blank","salir","None","None","No","No"," ends_in_ir imperfecto irregular_verb moderate_irregularity regular_form salir tú_vos "
"⇠ En esa época, a menudo, ⇠él/ella/usted _____ (de la ciudad)","salía","Intermediate","fill_in_blank","salir","None","None","No","No"," ends_in_ir imperfecto irregular_verb moderate_irregularity regular_form salir él_ella_usted "
"⇠ En esa época, a menudo, ⇠nosotros _____ (de la ciudad)","salíamos","Intermediate","fill_in_blank","salir","None","None","No","No"," ends_in_ir imperfecto irregular_verb moderate_irregularity nosotros regular_form salir "
"⇠ En esa época, a menudo, ⇠vosotros _____ (de la ciudad)","salíais","Intermediate","fill_in_blank","salir","None","None","No","No"," ends_in_ir imperfecto irregular_verb moderate_irregularity regular_form salir vosotros "
"⇠ En esa época, a menudo, ⇠ellos/ellas/ustedes _____ (de la ciudad)","salían","Intermediate","fill_in_blank","salir","None","None","No","No"," ellos_ellas_ustedes ends_in_ir imperfecto irregular_verb moderate_irregularity regular_form salir "
"↧ En aquel momento ↧yo _____ (de la ciudad)","salí","Intermediate","fill_in_blank","salir","None","None","No","No"," ends_in_ir indefinido irregular_verb moderate_irregularity regular_form salir yo "
"↧ En aquel momento ↧tú/vos _____ (de la ciudad)","saliste","Intermediate","fill_in_blank","salir","None","None","No","No"," ends_in_ir indefinido irregular_verb moderate_irregularity regular_form salir tú_vos "
"↧ En aquel momento ↧él/ella/usted _____ (de la ciudad)","salió","Intermediate","fill_in_blank","salir","None","None","No","No"," dicho ends_in_ir in_the_wild indefinido irregular_verb moderate_irregularity regular_form salir él_ella_usted "
"↧ En aquel momento ↧nosotros _____ (de la ciudad)","salimos","Intermediate","fill_in_blank","salir","None","None","No","No"," dicho ends_in_ir in_the_wild indefinido irregular_verb moderate_irregularity nosotros regular_form salir "
"↧ En aquel momento ↧vosotros _____ (de la ciudad)","salisteis","Intermediate","fill_in_blank","salir","None","None","No","No"," ends_in_ir indefinido irregular_verb moderate_irregularity regular_form salir vosotros "
"↧ En aquel momento ↧ellos/ellas/ustedes _____ (de la ciudad)","salieron","Intermediate","fill_in_blank","salir","None","None","No","No"," ellos_ellas_ustedes ends_in_ir indefinido irregular_verb moderate_irregularity regular_form salir "
"→ En el futuro, →yo _____ (de la ciudad)","saldré","Intermediate","fill_in_blank","salir","None","None","No","No"," ends_in_ir futuro irregular_form irregular_verb moderate_irregularity salir yo "
"→ En el futuro, →tú/vos _____ (de la ciudad)","saldrás","Intermediate","fill_in_blank","salir","None","None","No","No"," ends_in_ir futuro irregular_form irregular_verb moderate_irregularity salir tú_vos "
"→ En el futuro, →él/ella/usted _____ (de la ciudad)","saldrá","Intermediate","fill_in_blank","salir","None","None","No","No"," ends_in_ir futuro in_the_wild irregular_form irregular_verb moderate_irregularity modismo salir él_ella_usted "
"→ En el futuro, →nosotros _____ (de la ciudad)","saldremos","Intermediate","fill_in_blank","salir","None","None","No","No"," ends_in_ir futuro irregular_form irregular_verb moderate_irregularity nosotros salir "
"→ En el futuro, →vosotros _____ (de la ciudad)","saldréis","Intermediate","fill_in_blank","salir","None","None","No","No"," ends_in_ir futuro irregular_form irregular_verb moderate_irregularity salir vosotros "
"→ En el futuro, →ellos/ellas/ustedes _____ (de la ciudad)","saldrán","Intermediate","fill_in_blank","salir","None","None","No","No"," ellos_ellas_ustedes ends_in_ir futuro irregular_form irregular_verb moderate_irregularity salir "
"… Si ocurriese esto, …yo _____ (de la ciudad)","saldría","Intermediate","fill_in_blank","salir","None","None","No","No"," condicional ends_in_ir irregular_form irregular_verb moderate_irregularity salir yo "
"… Si sucediera esto, …tú/vos _____ (de la ciudad)","saldrías","Intermediate","fill_in_blank","salir","None","None","No","No"," condicional ends_in_ir irregular_form irregular_verb moderate_irregularity salir tú_vos "
"… Si acaeciera algo, …él/ella/usted _____ (de la ciudad)","saldría","Intermediate","fill_in_blank","salir","None","None","No","No"," condicional ends_in_ir irregular_form irregular_verb moderate_irregularity salir él_ella_usted "
"… Si pasara algo, …nosotros _____ (de la ciudad)","saldríamos","Intermediate","fill_in_blank","salir","None","None","No","No"," condicional ends_in_ir irregular_form irregular_verb moderate_irregularity nosotros salir "
"… Si aconteciese esto, …vosotros _____ (de la ciudad)","saldríais","Intermediate","fill_in_blank","salir","None","None","No","No"," condicional ends_in_ir irregular_form irregular_verb moderate_irregularity salir vosotros "
"… Si se produjera esto, …ellos/ellas/ustedes _____ (de la ciudad)","saldrían","Intermediate","fill_in_blank","salir","None","None","No","No"," condicional ellos_ellas_ustedes ends_in_ir irregular_form irregular_verb moderate_irregularity salir "
"〰 Resulta divertido que 〰yo _____ (de la ciudad)","salga","Elementary","fill_in_blank","salir","None","None","No","No"," ends_in_ir irregular_form irregular_verb moderate_irregularity salir subjuntivo_presente yo "
"〰 Resulta divertido que 〰tú/vos _____ (de la ciudad)","salgas","Elementary","fill_in_blank","salir","None","None","No","No"," ends_in_ir in_the_wild irregular_form irregular_verb moderate_irregularity modismo salir subjuntivo_presente tú_vos "
"〰 Resulta divertido que 〰él/ella/usted _____ (de la ciudad)","salga","Elementary","fill_in_blank","salir","None","None","No","No"," ends_in_ir irregular_form irregular_verb moderate_irregularity salir subjuntivo_presente él_ella_usted "
"〰 Resulta divertido que 〰nosotros _____ (de la ciudad)","salgamos","Elementary","fill_in_blank","salir","None","None","No","No"," ends_in_ir irregular_form irregular_verb moderate_irregularity nosotros salir subjuntivo_presente "
"〰 Resulta divertido que 〰vosotros _____ (de la ciudad)","salgáis","Elementary","fill_in_blank","salir","None","None","No","No"," ends_in_ir irregular_form irregular_verb moderate_irregularity salir subjuntivo_presente vosotros "
"〰 Resulta divertido que 〰ellos/ellas/ustedes _____ (de la ciudad)","salgan","Elementary","fill_in_blank","salir","None","None","No","No"," ellos_ellas_ustedes ends_in_ir irregular_form irregular_verb moderate_irregularity salir subjuntivo_presente "
"↫ Fue sorprendente que ↫yo _____ (de la ciudad)","saliera | saliese","Advanced","fill_in_blank","salir","None","None","No","No"," ends_in_ir irregular_verb moderate_irregularity regular_form salir subjuntivo_pasado yo "
"↫ Fue sorprendente que ↫tú/vos _____ (de la ciudad)","salieras | salieses","Advanced","fill_in_blank","salir","None","None","No","No"," ends_in_ir irregular_verb moderate_irregularity regular_form salir subjuntivo_pasado tú_vos "
"↫ Fue sorprendente que ↫él/ella/usted _____ (de la ciudad)","saliera | saliese","Advanced","fill_in_blank","salir","None","None","No","No"," ends_in_ir irregular_verb moderate_irregularity regular_form salir subjuntivo_pasado él_ella_usted "
"↫ Fue sorprendente que ↫nosotros _____ (de la ciudad)","saliéramos | saliésemos","Advanced","fill_in_blank","salir","None","None","No","No"," ends_in_ir irregular_verb moderate_irregularity nosotros regular_form salir subjuntivo_pasado "
"↫ Fue sorprendente que ↫vosotros _____ (de la ciudad)","salierais | salieseis","Advanced","fill_in_blank","salir","None","None","No","No"," ends_in_ir irregular_verb moderate_irregularity regular_form salir subjuntivo_pasado vosotros "
"↫ Fue sorprendente que ↫ellos/ellas/ustedes _____ (de la ciudad)","salieran | saliesen","Advanced","fill_in_blank","salir","None","None","No","No"," ellos_ellas_ustedes ends_in_ir irregular_verb moderate_irregularity regular_form salir subjuntivo_pasado "
"Hombre, por favor,¡ _____ , ya !(tú)","sal","Intermediate","fill_in_blank","salir","None","None","No","No"," ends_in_ir imperativo irregular_form irregular_verb moderate_irregularity salir tú tú_vos "
"Hombre, por favor,¡ _____ , ya !(vos)","salí","Intermediate","fill_in_blank","salir","None","None","No","No"," ends_in_ir imperativo irregular_verb moderate_irregularity regular_form salir tú_vos vos "
"Mujer, por favor,¡ no _____ !(tú/vos)","salgas","Intermediate","fill_in_blank","salir","None","None","No","No"," ends_in_ir imperativo in_the_wild irregular_form irregular_verb moderate_irregularity modismo negative_imperativo salir tú_vos "
"Señora, por favor,¡ (que) _____ , ya !(él/ella/usted)","salga","Intermediate","fill_in_blank","salir","None","None","No","No"," ends_in_ir imperativo irregular_form irregular_verb moderate_irregularity salir él_ella_usted "
"Vámonos equipo, por favor,¡ (que) _____ , ya !(nosotros)","salgamos","Intermediate","fill_in_blank","salir","None","None","No","No"," ends_in_ir imperativo irregular_form irregular_verb moderate_irregularity nosotros salir "
"Tú y tú, por favor,¡ _____ , ya !(vosotros)","salid","Intermediate","fill_in_blank","salir","None","None","No","No"," ends_in_ir imperativo irregular_verb moderate_irregularity regular_form salir vosotros "
"Señores, por favor,¡ (que) _____ , ya ! (ellos/ellas/ustedes)","salgan","Intermediate","fill_in_blank","salir","None","None","No","No"," ellos_ellas_ustedes ends_in_ir imperativo irregular_form irregular_verb moderate_irregularity salir "
"↬ Si en un dudoso futuro ↬yo _____ de allí, ¡suerte!","saliere","Advanced","fill_in_blank","salir","None","None","No","No"," ends_in_ir irregular_verb moderate_irregularity regular_form salir subjuntivo_futuro yo "
"↬ Si en un dudoso futuro ↬tú/vos _____ de allí, ¡suerte!","salieres","Advanced","fill_in_blank","salir","None","None","No","No"," ends_in_ir irregular_verb moderate_irregularity regular_form salir subjuntivo_futuro tú_vos "
"↬ Si en un dudoso futuro ↬él/ella/usted _____ de allí, ¡suerte!","saliere","Advanced","fill_in_blank","salir","None","None","No","No"," ends_in_ir irregular_verb moderate_irregularity regular_form salir subjuntivo_futuro él_ella_usted "
"↬ Si en un dudoso futuro ↬nosotros _____ de allí, ¡suerte!","saliéremos","Advanced","fill_in_blank","salir","None","None","No","No"," ends_in_ir irregular_verb moderate_irregularity nosotros regular_form salir subjuntivo_futuro "
"↬ Si en un dudoso futuro ↬vosotros _____ de allí, ¡suerte!","saliereis","Advanced","fill_in_blank","salir","None","None","No","No"," ends_in_ir irregular_verb moderate_irregularity regular_form salir subjuntivo_futuro vosotros "
"↬ Si en un dudoso futuro ↬ellos/ellas/ustedes _____ de allí, ¡suerte!","salieren","Advanced","fill_in_blank","salir","None","None","No","No"," ellos_ellas_ustedes ends_in_ir irregular_verb moderate_irregularity regular_form salir subjuntivo_futuro "
"El verbo enél vuelvees _____","volver","Intermediate","fill_in_blank","None","None","None","No","No"," ends_in_er infinitivo irregular_verb low_irregularity regular_form volver "
"Mientras estoy estudiando…ella está _____ (de Cádiz)","volviendo","Intermediate","fill_in_blank","volver","None","None","No","No"," ends_in_er gerundio irregular_verb low_irregularity regular_form volver "
"Hugo ha _____ (de Cádiz)","vuelto","Intermediate","fill_in_blank","volver","None","None","No","No"," ends_in_er irregular_form irregular_verb low_irregularity participio volver "
"⊙ Ahora mismo, ⊙yo _____ (a la ciudad)","vuelvo","Elementary","fill_in_blank","volver","None","None","No","No"," ends_in_er irregular_form irregular_verb low_irregularity presente volver yo "
"⊙ Ahora mismo, ⊙tú _____ (a la ciudad)","vuelves","Elementary","fill_in_blank","volver","None","None","No","No"," ends_in_er irregular_form irregular_verb low_irregularity presente tú tú_vos volver "
"⊙ Ahora mismo, ⊙vos _____ (a la ciudad)","volvés","Elementary","fill_in_blank","volver","None","None","No","No"," ends_in_er irregular_verb low_irregularity presente regular_form tú_vos volver vos "
"⊙ Ahora mismo, ⊙él/ella/usted _____ (a la ciudad)","vuelve","Elementary","fill_in_blank","volver","None","None","No","No"," ends_in_er irregular_form irregular_verb low_irregularity presente volver él_ella_usted "
"⊙ Ahora mismo, ⊙nosotros _____ (a la ciudad)","volvemos","Elementary","fill_in_blank","volver","None","None","No","No"," ends_in_er irregular_verb low_irregularity nosotros presente regular_form volver "
"⊙ Ahora mismo, ⊙vosotros _____ (a la ciudad)","volvéis","Elementary","fill_in_blank","volver","None","None","No","No"," ends_in_er irregular_verb low_irregularity presente regular_form volver vosotros "
"⊙ Ahora mismo, ⊙ellos/ellas/ustedes _____ (a la ciudad)","vuelven","Elementary","fill_in_blank","volver","None","None","No","No"," ellos_ellas_ustedes ends_in_er irregular_form irregular_verb low_irregularity presente volver "
"⇠ En esa época, a menudo, ⇠yo _____ (a la ciudad)","volvía","Intermediate","fill_in_blank","volver","None","None","No","No"," ends_in_er imperfecto irregular_verb low_irregularity regular_form volver yo "
"⇠ En esa época, a menudo, ⇠tú/vos _____ (a la ciudad)","volvías","Intermediate","fill_in_blank","volver","None","None","No","No"," ends_in_er imperfecto irregular_verb low_irregularity regular_form tú_vos volver "
"⇠ En esa época, a menudo, ⇠él/ella/usted _____ (a la ciudad)","volvía","Intermediate","fill_in_blank","volver","None","None","No","No"," ends_in_er imperfecto irregular_verb low_irregularity regular_form volver él_ella_usted "
"⇠ En esa época, a menudo, ⇠nosotros _____ (a la ciudad)","volvíamos","Intermediate","fill_in_blank","volver","None","None","No","No"," ends_in_er imperfecto irregular_verb low_irregularity nosotros regular_form volver "
"⇠ En esa época, a menudo, ⇠vosotros _____ (a la ciudad)","volvíais","Intermediate","fill_in_blank","volver","None","None","No","No"," ends_in_er imperfecto irregular_verb low_irregularity regular_form volver vosotros "
"⇠ En esa época, a menudo, ⇠ellos/ellas/ustedes _____ (a la ciudad)","volvían","Intermediate","fill_in_blank","volver","None","None","No","No"," ellos_ellas_ustedes ends_in_er imperfecto irregular_verb low_irregularity regular_form volver "
"↧ En aquel momento ↧yo _____ (a la ciudad)","volví","Intermediate","fill_in_blank","volver","None","None","No","No"," ends_in_er indefinido irregular_verb low_irregularity regular_form volver yo "
"↧ En aquel momento ↧tú/vos _____ (a la ciudad)","volviste","Intermediate","fill_in_blank","volver","None","None","No","No"," ends_in_er indefinido irregular_verb low_irregularity regular_form tú_vos volver "
"↧ En aquel momento ↧él/ella/usted _____ (a la ciudad)","volvió","Intermediate","fill_in_blank","volver","None","None","No","No"," dicho ends_in_er in_the_wild indefinido irregular_verb low_irregularity regular_form volver él_ella_usted "
"↧ En aquel momento ↧nosotros _____ (a la ciudad)","volvimos","Intermediate","fill_in_blank","volver","None","None","No","No"," ends_in_er indefinido irregular_verb low_irregularity nosotros regular_form volver "
"↧ En aquel momento ↧vosotros _____ (a la ciudad)","volvisteis","Intermediate","fill_in_blank","volver","None","None","No","No"," ends_in_er indefinido irregular_verb low_irregularity regular_form volver vosotros "
"↧ En aquel momento ↧ellos/ellas/ustedes _____ (a la ciudad)","volvieron","Intermediate","fill_in_blank","volver","None","None","No","No"," ellos_ellas_ustedes ends_in_er indefinido irregular_verb low_irregularity regular_form volver "
"→ En el futuro, →yo _____ (a la ciudad)","volveré","Intermediate","fill_in_blank","volver","None","None","No","No"," ends_in_er futuro irregular_verb low_irregularity regular_form volver yo "
"→ En el futuro, →tú/vos _____ (a la ciudad)","volverás","Intermediate","fill_in_blank","volver","None","None","No","No"," ends_in_er futuro irregular_verb low_irregularity regular_form tú_vos volver "
"→ En el futuro, →él/ella/usted _____ (a la ciudad)","volverá","Intermediate","fill_in_blank","volver","None","None","No","No"," ends_in_er futuro irregular_verb low_irregularity regular_form volver él_ella_usted "
"→ En el futuro, →nosotros _____ (a la ciudad)","volveremos","Intermediate","fill_in_blank","volver","None","None","No","No"," ends_in_er futuro irregular_verb low_irregularity nosotros regular_form volver "
"→ En el futuro, →vosotros _____ (a la ciudad)","volveréis","Intermediate","fill_in_blank","volver","None","None","No","No"," ends_in_er futuro irregular_verb low_irregularity regular_form volver vosotros "
"→ En el futuro, →ellos/ellas/ustedes _____ (a la ciudad)","volverán","Intermediate","fill_in_blank","volver","None","None","No","No"," ellos_ellas_ustedes ends_in_er futuro irregular_verb low_irregularity regular_form volver "
"… Si ocurriese esto, …yo _____ (a la ciudad)","volvería","Intermediate","fill_in_blank","volver","None","None","No","No"," condicional ends_in_er irregular_verb low_irregularity regular_form volver yo "
"… Si sucediera esto, …tú/vos _____ (a la ciudad)","volverías","Intermediate","fill_in_blank","volver","None","None","No","No"," condicional ends_in_er irregular_verb low_irregularity regular_form tú_vos volver "
"… Si acaeciera algo, …él/ella/usted _____ (a la ciudad)","volvería","Intermediate","fill_in_blank","volver","None","None","No","No"," condicional ends_in_er irregular_verb low_irregularity regular_form volver él_ella_usted "
"… Si pasara algo, …nosotros _____ (a la ciudad)","volveríamos","Intermediate","fill_in_blank","volver","None","None","No","No"," condicional ends_in_er irregular_verb low_irregularity nosotros regular_form volver "
"… Si aconteciese esto, …vosotros _____ (a la ciudad)","volveríais","Intermediate","fill_in_blank","volver","None","None","No","No"," condicional ends_in_er irregular_verb low_irregularity regular_form volver vosotros "
"… Si se produjera esto, …ellos/ellas/ustedes _____ (a la ciudad)","volverían","Intermediate","fill_in_blank","volver","None","None","No","No"," condicional ellos_ellas_ustedes ends_in_er irregular_verb low_irregularity regular_form volver "
"〰 Resulta divertido que 〰yo _____ (a la ciudad)","vuelva","Elementary","fill_in_blank","volver","None","None","No","No"," ends_in_er irregular_form irregular_verb low_irregularity subjuntivo_presente volver yo "
"〰 Resulta divertido que 〰tú/vos _____ (a la ciudad)","vuelvas","Elementary","fill_in_blank","volver","None","None","No","No"," ends_in_er irregular_form irregular_verb low_irregularity subjuntivo_presente tú_vos volver "
"〰 Resulta divertido que 〰él/ella/usted _____ (a la ciudad)","vuelva","Elementary","fill_in_blank","volver","None","None","No","No"," ends_in_er irregular_form irregular_verb low_irregularity subjuntivo_presente volver él_ella_usted "
"〰 Resulta divertido que 〰nosotros _____ (a la ciudad)","volvamos","Elementary","fill_in_blank","volver","None","None","No","No"," ends_in_er irregular_verb low_irregularity nosotros regular_form subjuntivo_presente volver "
"〰 Resulta divertido que 〰vosotros _____ (a la ciudad)","volváis","Elementary","fill_in_blank","volver","None","None","No","No"," ends_in_er irregular_verb low_irregularity regular_form subjuntivo_presente volver vosotros "
"〰 Resulta divertido que 〰ellos/ellas/ustedes _____ (a la ciudad)","vuelvan","Elementary","fill_in_blank","volver","None","None","No","No"," ellos_ellas_ustedes ends_in_er irregular_form irregular_verb low_irregularity subjuntivo_presente volver "
"↫ Fue sorprendente que ↫yo _____ (a la ciudad)","volviera | volviese","Advanced","fill_in_blank","volver","None","None","No","No"," ends_in_er irregular_verb low_irregularity regular_form subjuntivo_pasado volver yo "
"↫ Fue sorprendente que ↫tú/vos _____ (a la ciudad)","volvieras | volvieses","Advanced","fill_in_blank","volver","None","None","No","No"," ends_in_er irregular_verb low_irregularity regular_form subjuntivo_pasado tú_vos volver "
"↫ Fue sorprendente que ↫él/ella/usted _____ (a la ciudad)","volviera | volviese","Advanced","fill_in_blank","volver","None","None","No","No"," ends_in_er irregular_verb low_irregularity regular_form subjuntivo_pasado volver él_ella_usted "
"↫ Fue sorprendente que ↫nosotros _____ (a la ciudad)","volviéramos | volviésemos","Advanced","fill_in_blank","volver","None","None","No","No"," ends_in_er irregular_verb low_irregularity nosotros regular_form subjuntivo_pasado volver "
"↫ Fue sorprendente que ↫vosotros _____ (a la ciudad)","volvierais | volvieseis","Advanced","fill_in_blank","volver","None","None","No","No"," ends_in_er irregular_verb low_irregularity regular_form subjuntivo_pasado volver vosotros "
"↫ Fue sorprendente que ↫ellos/ellas/ustedes _____ (a la ciudad)","volvieran | volviesen","Advanced","fill_in_blank","volver","None","None","No","No"," ellos_ellas_ustedes ends_in_er irregular_verb low_irregularity regular_form subjuntivo_pasado volver "
"Hombre, por favor,¡ _____ , ya !(tú)","vuelve","Intermediate","fill_in_blank","volver","None","None","No","No"," ends_in_er imperativo irregular_form irregular_verb low_irregularity tú tú_vos volver "
"Hombre, por favor,¡ _____ , ya !(vos)","volvé","Intermediate","fill_in_blank","volver","None","None","No","No"," ends_in_er imperativo irregular_verb low_irregularity regular_form tú_vos volver vos "
"Mujer, por favor,¡ no _____ !(tú/vos)","vuelvas","Intermediate","fill_in_blank","volver","None","None","No","No"," ends_in_er imperativo irregular_form irregular_verb low_irregularity negative_imperativo tú_vos volver "
"Señora, por favor,¡ (que) _____ , ya !(él/ella/usted)","vuelva","Intermediate","fill_in_blank","volver","None","None","No","No"," ends_in_er imperativo irregular_form irregular_verb low_irregularity volver él_ella_usted "
"Vámonos equipo, por favor,¡ (que) _____ , ya !(nosotros)","volvamos","Intermediate","fill_in_blank","volver","None","None","No","No"," ends_in_er imperativo irregular_verb low_irregularity nosotros regular_form volver "
"Tú y tú, por favor,¡ _____ , ya !(vosotros)","volved","Intermediate","fill_in_blank","volver","None","None","No","No"," ends_in_er imperativo irregular_verb low_irregularity regular_form volver vosotros "
"Señores, por favor,¡ (que) _____ , ya ! (ellos/ellas/ustedes)","vuelvan","Intermediate","fill_in_blank","volver","None","None","No","No"," ellos_ellas_ustedes ends_in_er imperativo irregular_form irregular_verb low_irregularity volver "
"↬ Si en un dudoso futuro ↬yo _____ allí, ¡suerte!","volviere","Advanced","fill_in_blank","volver","None","None","No","No"," ends_in_er irregular_verb low_irregularity regular_form subjuntivo_futuro volver yo "
"↬ Si en un dudoso futuro ↬tú/vos _____ allí, ¡suerte!","volvieres","Advanced","fill_in_blank","volver","None","None","No","No"," ends_in_er irregular_verb low_irregularity regular_form subjuntivo_futuro tú_vos volver "
"↬ Si en un dudoso futuro ↬él/ella/usted _____ allí, ¡suerte!","volviere","Advanced","fill_in_blank","volver","None","None","No","No"," ends_in_er irregular_verb low_irregularity regular_form subjuntivo_futuro volver él_ella_usted "
"↬ Si en un dudoso futuro ↬nosotros _____ allí, ¡suerte!","volviéremos","Advanced","fill_in_blank","volver","None","None","No","No"," ends_in_er irregular_verb low_irregularity nosotros regular_form subjuntivo_futuro volver "
"↬ Si en un dudoso futuro ↬vosotros _____ allí, ¡suerte!","volviereis","Advanced","fill_in_blank","volver","None","None","No","No"," ends_in_er irregular_verb low_irregularity regular_form subjuntivo_futuro volver vosotros "
"↬ Si en un dudoso futuro ↬ellos/ellas/ustedes _____ allí, ¡suerte!","volvieren","Advanced","fill_in_blank","volver","None","None","No","No"," ellos_ellas_ustedes ends_in_er irregular_verb low_irregularity regular_form subjuntivo_futuro volver "
"El verbo enél sientees _____","sentir","Intermediate","fill_in_blank","None","None","None","No","No"," ends_in_ir high_irregularity infinitivo irregular_verb regular_form sentir "
"Mientras estoy estudiando…ella está _____ (los efectos del porro)","sintiendo","Intermediate","fill_in_blank","sentir","None","None","No","No"," ends_in_ir gerundio high_irregularity irregular_form irregular_verb sentir "
"Hugo ha _____ (los efectos del porro)","sentido","Intermediate","fill_in_blank","sentir","None","None","No","No"," ends_in_ir high_irregularity irregular_verb participio regular_form sentir "
"⊙ Ahora mismo, ⊙yo _____ (orgullo)","siento","Elementary","fill_in_blank","sentir","None","None","No","No"," ends_in_ir high_irregularity irregular_form irregular_verb presente sentir yo "
"⊙ Ahora mismo, ⊙tú _____ (orgullo)","sientes","Elementary","fill_in_blank","sentir","None","None","No","No"," ends_in_ir high_irregularity irregular_form irregular_verb presente sentir tú tú_vos "
"⊙ Ahora mismo, ⊙vos _____ (orgullo)","sentís","Elementary","fill_in_blank","sentir","None","None","No","No"," ends_in_ir high_irregularity irregular_verb presente regular_form sentir tú_vos vos "
"⊙ Ahora mismo, ⊙él/ella/usted _____ (orgullo)","siente","Elementary","fill_in_blank","sentir","None","None","No","No"," ends_in_ir high_irregularity in_the_wild irregular_form irregular_verb presente refrán sentir él_ella_usted "
"⊙ Ahora mismo, ⊙nosotros _____ (orgullo)","sentimos","Elementary","fill_in_blank","sentir","None","None","No","No"," ends_in_ir high_irregularity irregular_verb nosotros presente regular_form sentir "
"⊙ Ahora mismo, ⊙vosotros _____ (orgullo)","sentís","Elementary","fill_in_blank","sentir","None","None","No","No"," ends_in_ir high_irregularity irregular_verb presente regular_form sentir vosotros "
"⊙ Ahora mismo, ⊙ellos/ellas/ustedes _____ (orgullo)","sienten","Elementary","fill_in_blank","sentir","None","None","No","No"," ellos_ellas_ustedes ends_in_ir high_irregularity irregular_form irregular_verb presente sentir "
"⇠ En esa época, a menudo, ⇠yo _____ (orgullo)","sentía","Intermediate","fill_in_blank","sentir","None","None","No","No"," ends_in_ir high_irregularity imperfecto irregular_verb regular_form sentir yo "
"⇠ En esa época, a menudo, ⇠tú/vos _____ (orgullo)","sentías","Intermediate","fill_in_blank","sentir","None","None","No","No"," ends_in_ir high_irregularity imperfecto irregular_verb regular_form sentir tú_vos "
"⇠ En esa época, a menudo, ⇠él/ella/usted _____ (orgullo)","sentía","Intermediate","fill_in_blank","sentir","None","None","No","No"," ends_in_ir high_irregularity imperfecto irregular_verb regular_form sentir él_ella_usted "
"⇠ En esa época, a menudo, ⇠nosotros _____ (orgullo)","sentíamos","Intermediate","fill_in_blank","sentir","None","None","No","No"," ends_in_ir high_irregularity imperfecto irregular_verb nosotros regular_form sentir "
"⇠ En esa época, a menudo, ⇠vosotros _____ (orgullo)","sentíais","Intermediate","fill_in_blank","sentir","None","None","No","No"," ends_in_ir high_irregularity imperfecto irregular_verb regular_form sentir vosotros "
"⇠ En esa época, a menudo, ⇠ellos/ellas/ustedes _____ (orgullo)","sentían","Intermediate","fill_in_blank","sentir","None","None","No","No"," ellos_ellas_ustedes ends_in_ir high_irregularity imperfecto irregular_verb regular_form sentir "
"↧ En aquel momento ↧yo _____ (orgullo)","sentí","Intermediate","fill_in_blank","sentir","None","None","No","No"," ends_in_ir high_irregularity indefinido irregular_verb regular_form sentir yo "
"↧ En aquel momento ↧tú/vos _____ (orgullo)","sentiste","Intermediate","fill_in_blank","sentir","None","None","No","No"," ends_in_ir high_irregularity indefinido irregular_verb regular_form sentir tú_vos "
"↧ En aquel momento ↧él/ella/usted _____ (orgullo)","sintió","Intermediate","fill_in_blank","sentir","None","None","No","No"," ends_in_ir high_irregularity indefinido irregular_form irregular_verb sentir él_ella_usted "
"↧ En aquel momento ↧nosotros _____ (orgullo)","sentimos","Intermediate","fill_in_blank","sentir","None","None","No","No"," ends_in_ir high_irregularity indefinido irregular_verb nosotros regular_form sentir "
"↧ En aquel momento ↧vosotros _____ (orgullo)","sentisteis","Intermediate","fill_in_blank","sentir","None","None","No","No"," ends_in_ir high_irregularity indefinido irregular_verb regular_form sentir vosotros "
"↧ En aquel momento ↧ellos/ellas/ustedes _____ (orgullo)","sintieron","Intermediate","fill_in_blank","sentir","None","None","No","No"," ellos_ellas_ustedes ends_in_ir high_irregularity indefinido irregular_form irregular_verb sentir "
"→ En el futuro, →yo _____ (orgullo)","sentiré","Intermediate","fill_in_blank","sentir","None","None","No","No"," ends_in_ir futuro high_irregularity irregular_verb regular_form sentir yo "
"→ En el futuro, →tú/vos _____ (orgullo)","sentirás","Intermediate","fill_in_blank","sentir","None","None","No","No"," ends_in_ir futuro high_irregularity irregular_verb regular_form sentir tú_vos "
"→ En el futuro, →él/ella/usted _____ (orgullo)","sentirá","Intermediate","fill_in_blank","sentir","None","None","No","No"," ends_in_ir futuro high_irregularity irregular_verb regular_form sentir él_ella_usted "
"→ En el futuro, →nosotros _____ (orgullo)","sentiremos","Intermediate","fill_in_blank","sentir","None","None","No","No"," ends_in_ir futuro high_irregularity irregular_verb nosotros regular_form sentir "
"→ En el futuro, →vosotros _____ (orgullo)","sentiréis","Intermediate","fill_in_blank","sentir","None","None","No","No"," ends_in_ir futuro high_irregularity irregular_verb regular_form sentir vosotros "
"→ En el futuro, →ellos/ellas/ustedes _____ (orgullo)","sentirán","Intermediate","fill_in_blank","sentir","None","None","No","No"," ellos_ellas_ustedes ends_in_ir futuro high_irregularity irregular_verb regular_form sentir "
"… Si ocurriese esto, …yo _____ (orgullo)","sentiría","Intermediate","fill_in_blank","sentir","None","None","No","No"," condicional ends_in_ir high_irregularity irregular_verb regular_form sentir yo "
"… Si sucediera esto, …tú/vos _____ (orgullo)","sentirías","Intermediate","fill_in_blank","sentir","None","None","No","No"," condicional ends_in_ir high_irregularity irregular_verb regular_form sentir tú_vos "
"… Si acaeciera algo, …él/ella/usted _____ (orgullo)","sentiría","Intermediate","fill_in_blank","sentir","None","None","No","No"," condicional ends_in_ir high_irregularity irregular_verb regular_form sentir él_ella_usted "
"… Si pasara algo, …nosotros _____ (orgullo)","sentiríamos","Intermediate","fill_in_blank","sentir","None","None","No","No"," condicional ends_in_ir high_irregularity irregular_verb nosotros regular_form sentir "
"… Si aconteciese esto, …vosotros _____ (orgullo)","sentiríais","Intermediate","fill_in_blank","sentir","None","None","No","No"," condicional ends_in_ir high_irregularity irregular_verb regular_form sentir vosotros "
"… Si se produjera esto, …ellos/ellas/ustedes _____ (orgullo)","sentirían","Intermediate","fill_in_blank","sentir","None","None","No","No"," condicional ellos_ellas_ustedes ends_in_ir high_irregularity irregular_verb regular_form sentir "
"〰 Resulta divertido que 〰yo _____ (orgullo)","sienta","Elementary","fill_in_blank","sentir","None","None","No","No"," ends_in_ir high_irregularity irregular_form irregular_verb sentir subjuntivo_presente yo "
"〰 Resulta divertido que 〰tú/vos _____ (orgullo)","sientas","Elementary","fill_in_blank","sentir","None","None","No","No"," ends_in_ir high_irregularity irregular_form irregular_verb sentir subjuntivo_presente tú_vos "
"〰 Resulta divertido que 〰él/ella/usted _____ (orgullo)","sienta","Elementary","fill_in_blank","sentir","None","None","No","No"," ends_in_ir high_irregularity irregular_form irregular_verb sentir subjuntivo_presente él_ella_usted "
"〰 Resulta divertido que 〰nosotros _____ (orgullo)","sintamos","Elementary","fill_in_blank","sentir","None","None","No","No"," ends_in_ir high_irregularity irregular_form irregular_verb nosotros sentir subjuntivo_presente "
"〰 Resulta divertido que 〰vosotros _____ (orgullo)","sintáis","Elementary","fill_in_blank","sentir","None","None","No","No"," ends_in_ir high_irregularity irregular_form irregular_verb sentir subjuntivo_presente vosotros "
"〰 Resulta divertido que 〰ellos/ellas/ustedes _____ (orgullo)","sientan","Elementary","fill_in_blank","sentir","None","None","No","No"," ellos_ellas_ustedes ends_in_ir high_irregularity irregular_form irregular_verb sentir subjuntivo_presente "
"↫ Fue sorprendente que ↫yo _____ (orgullo)","sintiera | sintiese","Advanced","fill_in_blank","sentir","None","None","No","No"," ends_in_ir high_irregularity irregular_form irregular_verb sentir subjuntivo_pasado yo "
"↫ Fue sorprendente que ↫tú/vos _____ (orgullo)","sintieras | sintieses","Advanced","fill_in_blank","sentir","None","None","No","No"," ends_in_ir high_irregularity irregular_form irregular_verb sentir subjuntivo_pasado tú_vos "
"↫ Fue sorprendente que ↫él/ella/usted _____ (orgullo)","sintiera | sintiese","Advanced","fill_in_blank","sentir","None","None","No","No"," ends_in_ir high_irregularity irregular_form irregular_verb sentir subjuntivo_pasado él_ella_usted "
"↫ Fue sorprendente que ↫nosotros _____ (orgullo)","sintiéramos | sintiésemos","Advanced","fill_in_blank","sentir","None","None","No","No"," ends_in_ir high_irregularity irregular_form irregular_verb nosotros sentir subjuntivo_pasado "
"↫ Fue sorprendente que ↫vosotros _____ (orgullo)","sintierais | sintieseis","Advanced","fill_in_blank","sentir","None","None","No","No"," ends_in_ir high_irregularity irregular_form irregular_verb sentir subjuntivo_pasado vosotros "
"↫ Fue sorprendente que ↫ellos/ellas/ustedes _____ (orgullo)","sintieran | sintiesen","Advanced","fill_in_blank","sentir","None","None","No","No"," ellos_ellas_ustedes ends_in_ir high_irregularity irregular_form irregular_verb sentir subjuntivo_pasado "
"Hombre, por favor,¡ _____ (remordimiento), ya !(tú)","siente","Intermediate","fill_in_blank","sentir","None","None","No","No"," ends_in_ir high_irregularity imperativo irregular_form irregular_verb sentir tú tú_vos "
"Hombre, por favor,¡ _____ (remordimiento), ya !(vos)","sentí","Intermediate","fill_in_blank","sentir","None","None","No","No"," ends_in_ir high_irregularity imperativo irregular_verb regular_form sentir tú_vos vos "
"Mujer, por favor,¡ no _____ (remordimiento) !(tú/vos)","sientas","Intermediate","fill_in_blank","sentir","None","None","No","No"," ends_in_ir high_irregularity imperativo irregular_form irregular_verb negative_imperativo sentir tú_vos "
"Señora, por favor,¡ (que) _____ (remordimiento), ya !(él/ella/usted)","sienta","Intermediate","fill_in_blank","sentir","None","None","No","No"," ends_in_ir high_irregularity imperativo irregular_form irregular_verb sentir él_ella_usted "
"Vámonos equipo, por favor,¡ (que) _____ (remordimiento), ya !(nosotros)","sintamos","Intermediate","fill_in_blank","sentir","None","None","No","No"," ends_in_ir high_irregularity imperativo irregular_form irregular_verb nosotros sentir "
"Tú y tú, por favor,¡ _____ (remordimiento), ya !(vosotros)","sentid","Intermediate","fill_in_blank","sentir","None","None","No","No"," ends_in_ir high_irregularity imperativo irregular_verb regular_form sentir vosotros "
"Señores, por favor,¡ (que) _____ (remordimiento), ya ! (ellos/ellas/ustedes)","sientan","Intermediate","fill_in_blank","sentir","None","None","No","No"," ellos_ellas_ustedes ends_in_ir high_irregularity imperativo irregular_form irregular_verb sentir "
"↬ Si en un dudoso futuro ↬yo lo _____, ¡suerte!","sintiere","Advanced","fill_in_blank","sentir","None","None","No","No"," ends_in_ir high_irregularity irregular_form irregular_verb sentir subjuntivo_futuro yo "
"↬ Si en un dudoso futuro ↬tú/vos lo _____, ¡suerte!","sintieres","Advanced","fill_in_blank","sentir","None","None","No","No"," ends_in_ir high_irregularity irregular_form irregular_verb sentir subjuntivo_futuro tú_vos "
"↬ Si en un dudoso futuro ↬él/ella/usted lo _____, ¡suerte!","sintiere","Advanced","fill_in_blank","sentir","None","None","No","No"," ends_in_ir high_irregularity irregular_form irregular_verb sentir subjuntivo_futuro él_ella_usted "
"↬ Si en un dudoso futuro ↬nosotros lo _____, ¡suerte!","sintiéremos","Advanced","fill_in_blank","sentir","None","None","No","No"," ends_in_ir high_irregularity irregular_form irregular_verb nosotros sentir subjuntivo_futuro "
"↬ Si en un dudoso futuro ↬vosotros lo _____, ¡suerte!","sintiereis","Advanced","fill_in_blank","sentir","None","None","No","No"," ends_in_ir high_irregularity irregular_form irregular_verb sentir subjuntivo_futuro vosotros "
"↬ Si en un dudoso futuro ↬ellos/ellas/ustedes lo _____, ¡suerte!","sintieren","Advanced","fill_in_blank","sentir","None","None","No","No"," ellos_ellas_ustedes ends_in_ir high_irregularity irregular_form irregular_verb sentir subjuntivo_futuro "
"El verbo enél producees _____","producir","Intermediate","fill_in_blank","None","None","None","No","No"," ends_in_ir high_irregularity infinitivo irregular_verb producir regular_form "
"Mientras estoy estudiando…ella está _____ (sonidos)","produciendo","Intermediate","fill_in_blank","producir","None","None","No","No"," ends_in_ir gerundio high_irregularity irregular_verb producir regular_form "
"Hugo ha _____ (obras estupendas)","producido","Intermediate","fill_in_blank","producir","None","None","No","No"," ends_in_ir high_irregularity irregular_verb participio producir regular_form "
"⊙ Ahora mismo, ⊙yo _____ (sonidos)","produzco","Elementary","fill_in_blank","producir","None","None","No","No"," ends_in_ir high_irregularity irregular_form irregular_verb presente producir yo "
"⊙ Ahora mismo, ⊙tú _____ (sonidos)","produces","Elementary","fill_in_blank","producir","None","None","No","No"," ends_in_ir high_irregularity irregular_verb presente producir regular_form tú tú_vos "
"⊙ Ahora mismo, ⊙vos _____ (sonidos)","producís","Elementary","fill_in_blank","producir","None","None","No","No"," ends_in_ir high_irregularity irregular_verb presente producir regular_form tú_vos vos "
"⊙ Ahora mismo, ⊙él/ella/usted _____ (sonidos)","produce","Elementary","fill_in_blank","producir","None","None","No","No"," ends_in_ir high_irregularity irregular_verb presente producir regular_form él_ella_usted "
"⊙ Ahora mismo, ⊙nosotros _____ (sonidos)","producimos","Elementary","fill_in_blank","producir","None","None","No","No"," ends_in_ir high_irregularity irregular_verb nosotros presente producir regular_form "
"⊙ Ahora mismo, ⊙vosotros _____ (sonidos)","producís","Elementary","fill_in_blank","producir","None","None","No","No"," ends_in_ir high_irregularity irregular_verb presente producir regular_form vosotros "
"⊙ Ahora mismo, ⊙ellos/ellas/ustedes _____ (sonidos)","producen","Elementary","fill_in_blank","producir","None","None","No","No"," ellos_ellas_ustedes ends_in_ir high_irregularity irregular_verb presente producir regular_form "
"⇠ En esa época, a menudo, ⇠yo _____ (textos)","producía","Intermediate","fill_in_blank","producir","None","None","No","No"," ends_in_ir high_irregularity imperfecto irregular_verb producir regular_form yo "
"⇠ En esa época, a menudo, ⇠tú/vos _____ (textos)","producías","Intermediate","fill_in_blank","producir","None","None","No","No"," ends_in_ir high_irregularity imperfecto irregular_verb producir regular_form tú_vos "
"⇠ En esa época, a menudo, ⇠él/ella/usted _____ (textos)","producía","Intermediate","fill_in_blank","producir","None","None","No","No"," ends_in_ir high_irregularity imperfecto irregular_verb producir regular_form él_ella_usted "
"⇠ En esa época, a menudo, ⇠nosotros _____ (textos)","producíamos","Intermediate","fill_in_blank","producir","None","None","No","No"," ends_in_ir high_irregularity imperfecto irregular_verb nosotros producir regular_form "
"⇠ En esa época, a menudo, ⇠vosotros _____ (textos)","producíais","Intermediate","fill_in_blank","producir","None","None","No","No"," ends_in_ir high_irregularity imperfecto irregular_verb producir regular_form vosotros "
"⇠ En esa época, a menudo, ⇠ellos/ellas/ustedes _____ (textos)","producían","Intermediate","fill_in_blank","producir","None","None","No","No"," ellos_ellas_ustedes ends_in_ir high_irregularity imperfecto irregular_verb producir regular_form "
"↧ En aquel momento ↧yo _____ (sonidos)","produje","Intermediate","fill_in_blank","producir","None","None","No","No"," ends_in_ir high_irregularity indefinido irregular_form irregular_verb producir yo "
"↧ En aquel momento ↧tú/vos _____ (sonidos)","produjiste","Intermediate","fill_in_blank","producir","None","None","No","No"," ends_in_ir high_irregularity indefinido irregular_form irregular_verb producir tú_vos "
"↧ En aquel momento ↧él/ella/usted _____ (sonidos)","produjo","Intermediate","fill_in_blank","producir","None","None","No","No"," ends_in_ir high_irregularity indefinido irregular_form irregular_verb producir él_ella_usted "
"↧ En aquel momento ↧nosotros _____ (sonidos)","produjimos","Intermediate","fill_in_blank","producir","None","None","No","No"," ends_in_ir high_irregularity in_the_wild indefinido irregular_form irregular_verb modismo nosotros producir "
"↧ En aquel momento ↧vosotros _____ (sonidos)","produjisteis","Intermediate","fill_in_blank","producir","None","None","No","No"," ends_in_ir high_irregularity indefinido irregular_form irregular_verb producir vosotros "
"↧ En aquel momento ↧ellos/ellas/ustedes _____ (sonidos)","produjeron","Intermediate","fill_in_blank","producir","None","None","No","No"," ellos_ellas_ustedes ends_in_ir high_irregularity indefinido irregular_form irregular_verb producir "
"→ En el futuro, →yo _____ (documentales)","produciré","Intermediate","fill_in_blank","producir","None","None","No","No"," ends_in_ir futuro high_irregularity irregular_verb producir regular_form yo "
"→ En el futuro, →tú/vos _____ (documentales)","producirás","Intermediate","fill_in_blank","producir","None","None","No","No"," ends_in_ir futuro high_irregularity irregular_verb producir regular_form tú_vos "
"→ En el futuro, →él/ella/usted _____ (documentales)","producirá","Intermediate","fill_in_blank","producir","None","None","No","No"," ends_in_ir futuro high_irregularity irregular_verb producir regular_form él_ella_usted "
"→ En el futuro, →nosotros _____ (documentales)","produciremos","Intermediate","fill_in_blank","producir","None","None","No","No"," ends_in_ir futuro high_irregularity irregular_verb nosotros producir regular_form "
"→ En el futuro, →vosotros _____ (documentales)","produciréis","Intermediate","fill_in_blank","producir","None","None","No","No"," ends_in_ir futuro high_irregularity irregular_verb producir regular_form vosotros "
"→ En el futuro, →ellos/ellas/ustedes _____ (documentales)","producirán","Intermediate","fill_in_blank","producir","None","None","No","No"," ellos_ellas_ustedes ends_in_ir futuro high_irregularity irregular_verb producir regular_form "
"… Si ocurriese esto, …yo _____ (anticuerpos)","produciría","Intermediate","fill_in_blank","producir","None","None","No","No"," condicional ends_in_ir high_irregularity irregular_verb producir regular_form yo "
"… Si sucediera esto, …tú/vos _____ (anticuerpos)","producirías","Intermediate","fill_in_blank","producir","None","None","No","No"," condicional ends_in_ir high_irregularity irregular_verb producir regular_form tú_vos "
"… Si acaeciera algo, …él/ella/usted _____ (anticuerpos)","produciría","Intermediate","fill_in_blank","producir","None","None","No","No"," condicional ends_in_ir high_irregularity irregular_verb producir regular_form él_ella_usted "
"… Si pasara algo, …nosotros _____ (anticuerpos)","produciríamos","Intermediate","fill_in_blank","producir","None","None","No","No"," condicional ends_in_ir high_irregularity irregular_verb nosotros producir regular_form "
"… Si aconteciese esto, …vosotros _____ (anticuerpos)","produciríais","Intermediate","fill_in_blank","producir","None","None","No","No"," condicional ends_in_ir high_irregularity irregular_verb producir regular_form vosotros "
"… Si se produjera esto, …ellos/ellas/ustedes _____ (anticuerpos)","producirían","Intermediate","fill_in_blank","producir","None","None","No","No"," condicional ellos_ellas_ustedes ends_in_ir high_irregularity irregular_verb producir regular_form "
"〰 Resulta divertido que 〰yo _____ (sonidos)","produzca","Elementary","fill_in_blank","producir","None","None","No","No"," ends_in_ir high_irregularity irregular_form irregular_verb producir subjuntivo_presente yo "
"〰 Resulta divertido que 〰tú/vos _____ (sonidos)","produzcas","Elementary","fill_in_blank","producir","None","None","No","No"," ends_in_ir high_irregularity irregular_form irregular_verb producir subjuntivo_presente tú_vos "
"〰 Resulta divertido que 〰él/ella/usted _____ (sonidos)","produzca","Elementary","fill_in_blank","producir","None","None","No","No"," ends_in_ir high_irregularity irregular_form irregular_verb producir subjuntivo_presente él_ella_usted "
"〰 Resulta divertido que 〰nosotros _____ (sonidos)","produzcamos","Elementary","fill_in_blank","producir","None","None","No","No"," ends_in_ir high_irregularity irregular_form irregular_verb nosotros producir subjuntivo_presente "
"〰 Resulta divertido que 〰vosotros _____ (sonidos)","produzcáis","Elementary","fill_in_blank","producir","None","None","No","No"," ends_in_ir high_irregularity irregular_form irregular_verb producir subjuntivo_presente vosotros "
"〰 Resulta divertido que 〰ellos/ellas/ustedes _____ (sonidos)","produzcan","Elementary","fill_in_blank","producir","None","None","No","No"," ellos_ellas_ustedes ends_in_ir high_irregularity irregular_form irregular_verb producir subjuntivo_presente "
"↫ Fue sorprendente que ↫yo _____ (sonidos)","produjera | produjese","Advanced","fill_in_blank","producir","None","None","No","No"," ends_in_ir high_irregularity irregular_form irregular_verb producir subjuntivo_pasado yo "
"↫ Fue sorprendente que ↫tú/vos _____ (sonidos)","produjeras | produjeses","Advanced","fill_in_blank","producir","None","None","No","No"," ends_in_ir high_irregularity irregular_form irregular_verb producir subjuntivo_pasado tú_vos "
"↫ Fue sorprendente que ↫él/ella/usted _____ (sonidos)","produjera | produjese","Advanced","fill_in_blank","producir","None","None","No","No"," ends_in_ir high_irregularity irregular_form irregular_verb producir subjuntivo_pasado él_ella_usted "
"↫ Fue sorprendente que ↫nosotros _____ (sonidos)","produjéramos | produjésemos","Advanced","fill_in_blank","producir","None","None","No","No"," ends_in_ir high_irregularity irregular_form irregular_verb nosotros producir subjuntivo_pasado "
"↫ Fue sorprendente que ↫vosotros _____ (sonidos)","produjerais | produjeseis","Advanced","fill_in_blank","producir","None","None","No","No"," ends_in_ir high_irregularity irregular_form irregular_verb producir subjuntivo_pasado vosotros "
"↫ Fue sorprendente que ↫ellos/ellas/ustedes _____ (sonidos)","produjeran | produjesen","Advanced","fill_in_blank","producir","None","None","No","No"," ellos_ellas_ustedes ends_in_ir high_irregularity irregular_form irregular_verb producir subjuntivo_pasado "
"Hombre, por favor,¡ _____ (ruido), ya !(tú)","produce","Intermediate","fill_in_blank","producir","None","None","No","No"," ends_in_ir high_irregularity imperativo irregular_verb producir regular_form tú tú_vos "
"Hombre, por favor,¡ _____ (ruido), ya !(vos)","producí","Intermediate","fill_in_blank","producir","None","None","No","No"," ends_in_ir high_irregularity imperativo irregular_verb producir regular_form tú_vos vos "
"Mujer, por favor,¡ no _____ (ruido) !(tú/vos)","produzcas","Intermediate","fill_in_blank","producir","None","None","No","No"," ends_in_ir high_irregularity imperativo irregular_form irregular_verb negative_imperativo producir tú_vos "
"Señora, por favor,¡ (que) _____ (ruido), ya !(él/ella/usted)","produzca","Intermediate","fill_in_blank","producir","None","None","No","No"," ends_in_ir high_irregularity imperativo irregular_form irregular_verb producir él_ella_usted "
"Vámonos equipo, por favor,¡ (que) _____ (ruido), ya !(nosotros)","produzcamos","Intermediate","fill_in_blank","producir","None","None","No","No"," ends_in_ir high_irregularity imperativo irregular_form irregular_verb nosotros producir "
"Tú y tú, por favor,¡ _____ (ruido), ya !(vosotros)","producid","Intermediate","fill_in_blank","producir","None","None","No","No"," ends_in_ir high_irregularity imperativo irregular_verb producir regular_form vosotros "
"Señores, por favor,¡ (que) _____ (ruido), ya ! (ellos/ellas/ustedes)","produzcan","Intermediate","fill_in_blank","producir","None","None","No","No"," ellos_ellas_ustedes ends_in_ir high_irregularity imperativo irregular_form irregular_verb producir "
"↬ Si en un dudoso futuro ↬yo lo _____, ¡suerte!","produjere","Advanced","fill_in_blank","producir","None","None","No","No"," ends_in_ir high_irregularity irregular_form irregular_verb producir subjuntivo_futuro yo "
"↬ Si en un dudoso futuro ↬tú/vos lo _____, ¡suerte!","produjeres","Advanced","fill_in_blank","producir","None","None","No","No"," ends_in_ir high_irregularity irregular_form irregular_verb producir subjuntivo_futuro tú_vos "
"↬ Si en un dudoso futuro ↬él/ella/usted lo _____, ¡suerte!","produjere","Advanced","fill_in_blank","producir","None","None","No","No"," ends_in_ir high_irregularity irregular_form irregular_verb producir subjuntivo_futuro él_ella_usted "
"↬ Si en un dudoso futuro ↬nosotros lo _____, ¡suerte!","produjéremos","Advanced","fill_in_blank","producir","None","None","No","No"," ends_in_ir high_irregularity irregular_form irregular_verb nosotros producir subjuntivo_futuro "
"↬ Si en un dudoso futuro ↬vosotros lo _____, ¡suerte!","produjereis","Advanced","fill_in_blank","producir","None","None","No","No"," ends_in_ir high_irregularity irregular_form irregular_verb producir subjuntivo_futuro vosotros "
"↬ Si en un dudoso futuro ↬ellos/ellas/ustedes lo _____, ¡suerte!","produjeren","Advanced","fill_in_blank","producir","None","None","No","No"," ellos_ellas_ustedes ends_in_ir high_irregularity irregular_form irregular_verb producir subjuntivo_futuro "
"El verbo enél buscaes _____","buscar","Intermediate","fill_in_blank","None","None","None","No","No"," buscar ends_in_ar in_the_wild infinitivo modismo regular_form regular_verb "
"Mientras estoy estudiando…ella está _____ (el billete)","buscando","Intermediate","fill_in_blank","buscar","None","None","No","No"," buscar ends_in_ar gerundio in_the_wild modismo regular_form regular_verb "
"Hugo ha _____ (el billete)","buscado","Intermediate","fill_in_blank","buscar","None","None","No","No"," buscar ends_in_ar participio regular_form regular_verb "
"⊙ Ahora mismo, ⊙yo _____ (ideas)","busco","Elementary","fill_in_blank","buscar","None","None","No","No"," buscar ends_in_ar presente regular_form regular_verb yo "
"⊙ Ahora mismo, ⊙tú _____ (ideas)","buscas","Elementary","fill_in_blank","buscar","None","None","No","No"," buscar ends_in_ar presente regular_form regular_verb tú tú_vos "
"⊙ Ahora mismo, ⊙vos _____ (ideas)","buscás","Elementary","fill_in_blank","buscar","None","None","No","No"," buscar ends_in_ar presente regular_form regular_verb tú_vos vos "
"⊙ Ahora mismo, ⊙él/ella/usted _____ (ideas)","busca","Elementary","fill_in_blank","buscar","None","None","No","No"," buscar ends_in_ar presente regular_form regular_verb él_ella_usted "
"⊙ Ahora mismo, ⊙nosotros _____ (ideas)","buscamos","Elementary","fill_in_blank","buscar","None","None","No","No"," buscar ends_in_ar nosotros presente regular_form regular_verb "
"⊙ Ahora mismo, ⊙vosotros _____ (ideas)","buscáis","Elementary","fill_in_blank","buscar","None","None","No","No"," buscar ends_in_ar presente regular_form regular_verb vosotros "
"⊙ Ahora mismo, ⊙ellos/ellas/ustedes _____ (ideas)","buscan","Elementary","fill_in_blank","buscar","None","None","No","No"," buscar ellos_ellas_ustedes ends_in_ar presente regular_form regular_verb "
"⇠ En esa época, a menudo, ⇠yo _____ (ideas)","buscaba","Intermediate","fill_in_blank","buscar","None","None","No","No"," buscar ends_in_ar imperfecto regular_form regular_verb yo "
"⇠ En esa época, a menudo, ⇠tú/vos _____ (ideas)","buscabas","Intermediate","fill_in_blank","buscar","None","None","No","No"," buscar ends_in_ar imperfecto regular_form regular_verb tú_vos "
"⇠ En esa época, a menudo, ⇠él/ella/usted _____ (ideas)","buscaba","Intermediate","fill_in_blank","buscar","None","None","No","No"," buscar ends_in_ar imperfecto regular_form regular_verb él_ella_usted "
"⇠ En esa época, a menudo, ⇠nosotros _____ (ideas)","buscábamos","Intermediate","fill_in_blank","buscar","None","None","No","No"," buscar ends_in_ar imperfecto nosotros regular_form regular_verb "
"⇠ En esa época, a menudo, ⇠vosotros _____ (ideas)","buscabais","Intermediate","fill_in_blank","buscar","None","None","No","No"," buscar ends_in_ar imperfecto regular_form regular_verb vosotros "
"⇠ En esa época, a menudo, ⇠ellos/ellas/ustedes _____ (ideas)","buscaban","Intermediate","fill_in_blank","buscar","None","None","No","No"," buscar ellos_ellas_ustedes ends_in_ar imperfecto regular_form regular_verb "
"↧ En aquel momento ↧yo _____ (ideas)","busqué","Intermediate","fill_in_blank","buscar","None","None","No","No"," buscar ends_in_ar indefinido regular_form regular_spelling_change regular_verb yo "
"↧ En aquel momento ↧tú/vos _____ (ideas)","buscaste","Intermediate","fill_in_blank","buscar","None","None","No","No"," buscar ends_in_ar indefinido regular_form regular_verb tú_vos "
"↧ En aquel momento ↧él/ella/usted _____ (ideas)","buscó","Intermediate","fill_in_blank","buscar","None","None","No","No"," buscar ends_in_ar in_the_wild indefinido modismo regular_form regular_verb él_ella_usted "
"↧ En aquel momento ↧nosotros _____ (ideas)","buscamos","Intermediate","fill_in_blank","buscar","None","None","No","No"," buscar ends_in_ar indefinido nosotros regular_form regular_verb "
"↧ En aquel momento ↧vosotros _____ (ideas)","buscasteis","Intermediate","fill_in_blank","buscar","None","None","No","No"," buscar ends_in_ar indefinido regular_form regular_verb vosotros "
"↧ En aquel momento ↧ellos/ellas/ustedes _____ (ideas)","buscaron","Intermediate","fill_in_blank","buscar","None","None","No","No"," buscar ellos_ellas_ustedes ends_in_ar indefinido regular_form regular_verb "
"→ En el futuro, →yo _____ (ideas)","buscaré","Intermediate","fill_in_blank","buscar","None","None","No","No"," buscar ends_in_ar futuro regular_form regular_verb yo "
"→ En el futuro, →tú/vos _____ (ideas)","buscarás","Intermediate","fill_in_blank","buscar","None","None","No","No"," buscar ends_in_ar futuro regular_form regular_verb tú_vos "
"→ En el futuro, →él/ella/usted _____ (ideas)","buscará","Intermediate","fill_in_blank","buscar","None","None","No","No"," buscar ends_in_ar futuro regular_form regular_verb él_ella_usted "
"→ En el futuro, →nosotros _____ (ideas)","buscaremos","Intermediate","fill_in_blank","buscar","None","None","No","No"," buscar ends_in_ar futuro nosotros regular_form regular_verb "
"→ En el futuro, →vosotros _____ (ideas)","buscaréis","Intermediate","fill_in_blank","buscar","None","None","No","No"," buscar ends_in_ar futuro regular_form regular_verb vosotros "
"→ En el futuro, →ellos/ellas/ustedes _____ (ideas)","buscarán","Intermediate","fill_in_blank","buscar","None","None","No","No"," buscar ellos_ellas_ustedes ends_in_ar futuro regular_form regular_verb "
"… Si ocurriese esto, …yo _____ (ideas)","buscaría","Intermediate","fill_in_blank","buscar","None","None","No","No"," buscar condicional ends_in_ar regular_form regular_verb yo "
"… Si sucediera esto, …tú/vos _____ (ideas)","buscarías","Intermediate","fill_in_blank","buscar","None","None","No","No"," buscar condicional ends_in_ar regular_form regular_verb tú_vos "
"… Si acaeciera algo, …él/ella/usted _____ (ideas)","buscaría","Intermediate","fill_in_blank","buscar","None","None","No","No"," buscar condicional ends_in_ar regular_form regular_verb él_ella_usted "
"… Si pasara algo, …nosotros _____ (ideas)","buscaríamos","Intermediate","fill_in_blank","buscar","None","None","No","No"," buscar condicional ends_in_ar nosotros regular_form regular_verb "
"… Si aconteciese esto, …vosotros _____ (ideas)","buscaríais","Intermediate","fill_in_blank","buscar","None","None","No","No"," buscar condicional ends_in_ar regular_form regular_verb vosotros "
"… Si se produjera esto, …ellos/ellas/ustedes _____ (ideas)","buscarían","Intermediate","fill_in_blank","buscar","None","None","No","No"," buscar condicional ellos_ellas_ustedes ends_in_ar regular_form regular_verb "
"〰 Resulta divertido que 〰yo _____ (ideas)","busque","Elementary","fill_in_blank","buscar","None","None","No","No"," buscar ends_in_ar regular_form regular_spelling_change regular_verb subjuntivo_presente yo "
"〰 Resulta divertido que 〰tú/vos _____ (ideas)","busques","Elementary","fill_in_blank","buscar","None","None","No","No"," buscar ends_in_ar in_the_wild modismo regular_form regular_spelling_change regular_verb subjuntivo_presente tú_vos "
"〰 Resulta divertido que 〰él/ella/usted _____ (ideas)","busque","Elementary","fill_in_blank","buscar","None","None","No","No"," buscar ends_in_ar in_the_wild refrán regular_form regular_spelling_change regular_verb subjuntivo_presente él_ella_usted "
"〰 Resulta divertido que 〰nosotros _____ (ideas)","busquemos","Elementary","fill_in_blank","buscar","None","None","No","No"," buscar ends_in_ar in_the_wild modismo nosotros regular_form regular_spelling_change regular_verb subjuntivo_presente "
"〰 Resulta divertido que 〰vosotros _____ (ideas)","busquéis","Elementary","fill_in_blank","buscar","None","None","No","No"," buscar ends_in_ar regular_form regular_spelling_change regular_verb subjuntivo_presente vosotros "
"〰 Resulta divertido que 〰ellos/ellas/ustedes _____ (ideas)","busquen","Elementary","fill_in_blank","buscar","None","None","No","No"," buscar ellos_ellas_ustedes ends_in_ar regular_form regular_spelling_change regular_verb subjuntivo_presente "
"↫ Fue sorprendente que ↫yo _____ (ideas)","buscara | buscase","Advanced","fill_in_blank","buscar","None","None","No","No"," buscar ends_in_ar regular_form regular_verb subjuntivo_pasado yo "
"↫ Fue sorprendente que ↫tú/vos _____ (ideas)","buscaras | buscases","Advanced","fill_in_blank","buscar","None","None","No","No"," buscar ends_in_ar regular_form regular_verb subjuntivo_pasado tú_vos "
"↫ Fue sorprendente que ↫él/ella/usted _____ (ideas)","buscara | buscase","Advanced","fill_in_blank","buscar","None","None","No","No"," buscar ends_in_ar regular_form regular_verb subjuntivo_pasado él_ella_usted "
"↫ Fue sorprendente que ↫nosotros _____ (ideas)","buscáramos | buscásemos","Advanced","fill_in_blank","buscar","None","None","No","No"," buscar ends_in_ar nosotros regular_form regular_verb subjuntivo_pasado "
"↫ Fue sorprendente que ↫vosotros _____ (ideas)","buscarais | buscaseis","Advanced","fill_in_blank","buscar","None","None","No","No"," buscar ends_in_ar regular_form regular_verb subjuntivo_pasado vosotros "
"↫ Fue sorprendente que ↫ellos/ellas/ustedes _____ (ideas)","buscaran | buscasen","Advanced","fill_in_blank","buscar","None","None","No","No"," buscar ellos_ellas_ustedes ends_in_ar regular_form regular_verb subjuntivo_pasado "
"Hombre, por favor,¡ _____ (ideas), ya !(tú)","busca","Intermediate","fill_in_blank","buscar","None","None","No","No"," buscar ends_in_ar imperativo regular_form regular_verb tú tú_vos "
"Hombre, por favor,¡ _____ (ideas), ya !(vos)","buscá","Intermediate","fill_in_blank","buscar","None","None","No","No"," buscar ends_in_ar imperativo regular_form regular_verb tú_vos vos "
"Mujer, por favor,¡ no _____ (más ideas) !(tú/vos)","busques","Intermediate","fill_in_blank","buscar","None","None","No","No"," buscar ends_in_ar imperativo in_the_wild modismo negative_imperativo regular_form regular_spelling_change regular_verb tú_vos "
"Señora, por favor,¡ (que) _____ (ideas), ya !(él/ella/usted)","busque","Intermediate","fill_in_blank","buscar","None","None","No","No"," buscar ends_in_ar imperativo regular_form regular_spelling_change regular_verb él_ella_usted "
"Vámonos equipo, por favor,¡ (que) _____ (ideas), ya !(nosotros)","busquemos","Intermediate","fill_in_blank","buscar","None","None","No","No"," buscar ends_in_ar imperativo nosotros regular_form regular_spelling_change regular_verb "
"Tú y tú, por favor,¡ _____ (ideas), ya !(vosotros)","buscad","Intermediate","fill_in_blank","buscar","None","None","No","No"," buscar ends_in_ar imperativo regular_form regular_verb vosotros "
"Señores, por favor,¡ (que) _____ (ideas), ya ! (ellos/ellas/ustedes)","busquen","Intermediate","fill_in_blank","buscar","None","None","No","No"," buscar ellos_ellas_ustedes ends_in_ar imperativo regular_form regular_spelling_change regular_verb "
"↬ Si en un dudoso futuro ↬yo lo _____, ¡suerte!","buscare","Advanced","fill_in_blank","buscar","None","None","No","No"," buscar ends_in_ar regular_form regular_verb subjuntivo_futuro yo "
"↬ Si en un dudoso futuro ↬tú/vos lo _____, ¡suerte!","buscares","Advanced","fill_in_blank","buscar","None","None","No","No"," buscar ends_in_ar regular_form regular_verb subjuntivo_futuro tú_vos "
"↬ Si en un dudoso futuro ↬él/ella/usted lo _____, ¡suerte!","buscare","Advanced","fill_in_blank","buscar","None","None","No","No"," buscar ends_in_ar regular_form regular_verb subjuntivo_futuro él_ella_usted "
"↬ Si en un dudoso futuro ↬nosotros lo _____, ¡suerte!","buscáremos","Advanced","fill_in_blank","buscar","None","None","No","No"," buscar ends_in_ar nosotros regular_form regular_verb subjuntivo_futuro "
"↬ Si en un dudoso futuro ↬vosotros lo _____, ¡suerte!","buscareis","Advanced","fill_in_blank","buscar","None","None","No","No"," buscar ends_in_ar regular_form regular_verb subjuntivo_futuro vosotros "
"↬ Si en un dudoso futuro ↬ellos/ellas/ustedes lo _____, ¡suerte!","buscaren","Advanced","fill_in_blank","buscar","None","None","No","No"," buscar ellos_ellas_ustedes ends_in_ar regular_form regular_verb subjuntivo_futuro "
"El verbo enél oyees _____","oír","Intermediate","fill_in_blank","None","None","None","No","No"," ends_in_ír in_the_wild infinitivo irregular_verb moderate_irregularity oír refrán regular_form "
"Mientras estoy estudiando…ella está _____ (rumores acerca de mí)","oyendo","Intermediate","fill_in_blank","oír","None","None","No","No"," ends_in_ír gerundio irregular_verb moderate_irregularity oír regular_form regular_spelling_change "
"Hugo ha _____ (rumores)","oído","Intermediate","fill_in_blank","oír","None","None","No","No"," ends_in_ír irregular_verb moderate_irregularity oír participio regular_form regular_spelling_change "
"⊙ Ahora mismo, ⊙yo _____ (rumores)","oigo","Elementary","fill_in_blank","oír","None","None","No","No"," ends_in_ír irregular_form irregular_verb moderate_irregularity oír presente yo "
"⊙ Ahora mismo, ⊙tú _____ (rumores)","oyes","Elementary","fill_in_blank","oír","None","None","No","No"," dicho ends_in_ír in_the_wild irregular_form irregular_verb moderate_irregularity oír presente tú tú_vos "
"⊙ Ahora mismo, ⊙vos _____ (rumores)","oís","Elementary","fill_in_blank","oír","None","None","No","No"," ends_in_ír irregular_verb moderate_irregularity oír presente regular_form tú_vos vos "
"⊙ Ahora mismo, ⊙él/ella/usted _____ (rumores)","oye","Elementary","fill_in_blank","oír","None","None","No","No"," dicho ends_in_ír in_the_wild irregular_form irregular_verb moderate_irregularity oír presente él_ella_usted "
"⊙ Ahora mismo, ⊙nosotros _____ (rumores)","oímos","Elementary","fill_in_blank","oír","None","None","No","No"," ends_in_ír irregular_verb moderate_irregularity nosotros oír presente regular_form "
"⊙ Ahora mismo, ⊙vosotros _____ (rumores)","oís","Elementary","fill_in_blank","oír","None","None","No","No"," ends_in_ír irregular_verb moderate_irregularity oír presente regular_form vosotros "
"⊙ Ahora mismo, ⊙ellos/ellas/ustedes _____ (rumores)","oyen","Elementary","fill_in_blank","oír","None","None","No","No"," ellos_ellas_ustedes ends_in_ír irregular_form irregular_verb moderate_irregularity oír presente "
"⇠ En esa época, a menudo, ⇠yo _____ (rumores)","oía","Intermediate","fill_in_blank","oír","None","None","No","No"," ends_in_ír imperfecto irregular_verb moderate_irregularity oír regular_form yo "
"⇠ En esa época, a menudo, ⇠tú/vos _____ (rumores)","oías","Intermediate","fill_in_blank","oír","None","None","No","No"," ends_in_ír imperfecto irregular_verb moderate_irregularity oír regular_form tú_vos "
"⇠ En esa época, a menudo, ⇠él/ella/usted _____ (rumores)","oía","Intermediate","fill_in_blank","oír","None","None","No","No"," ends_in_ír imperfecto in_the_wild irregular_verb moderate_irregularity modismo oír regular_form él_ella_usted "
"⇠ En esa época, a menudo, ⇠nosotros _____ (rumores)","oíamos","Intermediate","fill_in_blank","oír","None","None","No","No"," ends_in_ír imperfecto irregular_verb moderate_irregularity nosotros oír regular_form "
"⇠ En esa época, a menudo, ⇠vosotros _____ (rumores)","oíais","Intermediate","fill_in_blank","oír","None","None","No","No"," ends_in_ír imperfecto irregular_verb moderate_irregularity oír regular_form vosotros "
"⇠ En esa época, a menudo, ⇠ellos/ellas/ustedes _____ (rumores)","oían","Intermediate","fill_in_blank","oír","None","None","No","No"," ellos_ellas_ustedes ends_in_ír imperfecto irregular_verb moderate_irregularity oír regular_form "
"↧ En aquel momento ↧yo _____ (rumores)","oí","Intermediate","fill_in_blank","oír","None","None","No","No"," ends_in_ír indefinido irregular_verb moderate_irregularity oír regular_form yo "
"↧ En aquel momento ↧tú/vos _____ (rumores)","oíste","Intermediate","fill_in_blank","oír","None","None","No","No"," ends_in_ír indefinido irregular_verb moderate_irregularity oír regular_form regular_spelling_change tú_vos "
"↧ En aquel momento ↧él/ella/usted _____ (rumores)","oyó","Intermediate","fill_in_blank","oír","None","None","No","No"," ends_in_ír indefinido irregular_verb moderate_irregularity oír regular_form regular_spelling_change él_ella_usted "
"↧ En aquel momento ↧nosotros _____ (rumores)","oímos","Intermediate","fill_in_blank","oír","None","None","No","No"," ends_in_ír indefinido irregular_verb moderate_irregularity nosotros oír regular_form regular_spelling_change "
"↧ En aquel momento ↧vosotros _____ (rumores)","oísteis","Intermediate","fill_in_blank","oír","None","None","No","No"," ends_in_ír indefinido irregular_verb moderate_irregularity oír regular_form vosotros "
"↧ En aquel momento ↧ellos/ellas/ustedes _____ (rumores)","oyeron","Intermediate","fill_in_blank","oír","None","None","No","No"," ellos_ellas_ustedes ends_in_ír indefinido irregular_verb moderate_irregularity oír regular_form regular_spelling_change "
"→ En el futuro, →yo _____ (rumores)","oiré","Intermediate","fill_in_blank","oír","None","None","No","No"," ends_in_ír futuro irregular_verb moderate_irregularity oír regular_form yo "
"→ En el futuro, →tú/vos _____ (rumores)","oirás","Intermediate","fill_in_blank","oír","None","None","No","No"," ends_in_ír futuro irregular_verb moderate_irregularity oír regular_form tú_vos "
"→ En el futuro, →él/ella/usted _____ (rumores)","oirá","Intermediate","fill_in_blank","oír","None","None","No","No"," ends_in_ír futuro irregular_verb moderate_irregularity oír regular_form él_ella_usted "
"→ En el futuro, →nosotros _____ (rumores)","oiremos","Intermediate","fill_in_blank","oír","None","None","No","No"," ends_in_ír futuro irregular_verb moderate_irregularity nosotros oír regular_form "
"→ En el futuro, →vosotros _____ (rumores)","oiréis","Intermediate","fill_in_blank","oír","None","None","No","No"," ends_in_ír futuro irregular_verb moderate_irregularity oír regular_form vosotros "
"→ En el futuro, →ellos/ellas/ustedes _____ (rumores)","oirán","Intermediate","fill_in_blank","oír","None","None","No","No"," ellos_ellas_ustedes ends_in_ír futuro irregular_verb moderate_irregularity oír regular_form "
"… Si ocurriese esto, …yo _____ (rumores)","oiría","Intermediate","fill_in_blank","oír","None","None","No","No"," condicional ends_in_ír irregular_verb moderate_irregularity oír regular_form yo "
"… Si sucediera esto, …tú/vos _____ (rumores)","oirías","Intermediate","fill_in_blank","oír","None","None","No","No"," condicional ends_in_ír irregular_verb moderate_irregularity oír regular_form tú_vos "
"… Si acaeciera algo, …él/ella/usted _____ (rumores)","oiría","Intermediate","fill_in_blank","oír","None","None","No","No"," condicional ends_in_ír irregular_verb moderate_irregularity oír regular_form él_ella_usted "
"… Si pasara algo, …nosotros _____ (rumores)","oiríamos","Intermediate","fill_in_blank","oír","None","None","No","No"," condicional ends_in_ír irregular_verb moderate_irregularity nosotros oír regular_form "
"… Si aconteciese esto, …vosotros _____ (rumores)","oiríais","Intermediate","fill_in_blank","oír","None","None","No","No"," condicional ends_in_ír irregular_verb moderate_irregularity oír regular_form vosotros "
"… Si se produjera esto, …ellos/ellas/ustedes _____ (rumores)","oirían","Intermediate","fill_in_blank","oír","None","None","No","No"," condicional ellos_ellas_ustedes ends_in_ír irregular_verb moderate_irregularity oír regular_form "
"〰 Resulta divertido que 〰yo _____ (rumores)","oiga","Elementary","fill_in_blank","oír","None","None","No","No"," ends_in_ír irregular_form irregular_verb moderate_irregularity oír subjuntivo_presente yo "
"〰 Resulta divertido que 〰tú/vos _____ (rumores)","oigas","Elementary","fill_in_blank","oír","None","None","No","No"," ends_in_ír irregular_form irregular_verb moderate_irregularity oír subjuntivo_presente tú_vos "
"〰 Resulta divertido que 〰él/ella/usted _____ (rumores)","oiga","Elementary","fill_in_blank","oír","None","None","No","No"," ends_in_ír irregular_form irregular_verb moderate_irregularity oír subjuntivo_presente él_ella_usted "
"〰 Resulta divertido que 〰nosotros _____ (rumores)","oigamos","Elementary","fill_in_blank","oír","None","None","No","No"," ends_in_ír irregular_form irregular_verb moderate_irregularity nosotros oír subjuntivo_presente "
"〰 Resulta divertido que 〰vosotros _____ (rumores)","oigáis","Elementary","fill_in_blank","oír","None","None","No","No"," ends_in_ír irregular_form irregular_verb moderate_irregularity oír subjuntivo_presente vosotros "
"〰 Resulta divertido que 〰ellos/ellas/ustedes _____ (rumores)","oigan","Elementary","fill_in_blank","oír","None","None","No","No"," ellos_ellas_ustedes ends_in_ír irregular_form irregular_verb moderate_irregularity oír subjuntivo_presente "
"↫ Fue sorprendente que ↫yo _____ (rumores)","oyera | oyese","Advanced","fill_in_blank","oír","None","None","No","No"," ends_in_ír irregular_verb moderate_irregularity oír regular_form regular_spelling_change subjuntivo_pasado yo "
"↫ Fue sorprendente que ↫tú/vos _____ (rumores)","oyeras | oyeses","Advanced","fill_in_blank","oír","None","None","No","No"," ends_in_ír irregular_verb moderate_irregularity oír regular_form regular_spelling_change subjuntivo_pasado tú_vos "
"↫ Fue sorprendente que ↫él/ella/usted _____ (rumores)","oyera | oyese","Advanced","fill_in_blank","oír","None","None","No","No"," ends_in_ír irregular_verb moderate_irregularity oír regular_form regular_spelling_change subjuntivo_pasado él_ella_usted "
"↫ Fue sorprendente que ↫nosotros _____ (rumores)","oyéramos | oyésemos","Advanced","fill_in_blank","oír","None","None","No","No"," ends_in_ír irregular_verb moderate_irregularity nosotros oír regular_form regular_spelling_change subjuntivo_pasado "
"↫ Fue sorprendente que ↫vosotros _____ (rumores)","oyerais | oyeseis","Advanced","fill_in_blank","oír","None","None","No","No"," ends_in_ír irregular_verb moderate_irregularity oír regular_form regular_spelling_change subjuntivo_pasado vosotros "
"↫ Fue sorprendente que ↫ellos/ellas/ustedes _____ (rumores)","oyeran | oyesen","Advanced","fill_in_blank","oír","None","None","No","No"," ellos_ellas_ustedes ends_in_ír irregular_verb moderate_irregularity oír regular_form regular_spelling_change subjuntivo_pasado "
"Hombre, por favor,¡ _____ (de qué se trata), ya !(tú)","oye","Intermediate","fill_in_blank","oír","None","None","No","No"," ends_in_ír imperativo irregular_verb moderate_irregularity oír regular_form regular_spelling_change tú tú_vos "
"Hombre, por favor,¡ _____ (de qué se trata), ya !(vos)","oí","Intermediate","fill_in_blank","oír","None","None","No","No"," ends_in_ír imperativo irregular_verb moderate_irregularity oír regular_form tú_vos vos "
"Mujer, por favor,¡ no _____ (sus excusas) !(tú/vos)","oigas","Intermediate","fill_in_blank","oír","None","None","No","No"," ends_in_ír imperativo irregular_form irregular_verb moderate_irregularity negative_imperativo oír tú_vos "
"Señora, por favor,¡ (que) _____ (de qué se trata), ya !(él/ella/usted)","oiga","Intermediate","fill_in_blank","oír","None","None","No","No"," ends_in_ír imperativo irregular_form irregular_verb moderate_irregularity oír él_ella_usted "
"Vámonos equipo, por favor,¡ (que) _____ (de qué se trata), ya !(nosotros)","oigamos","Intermediate","fill_in_blank","oír","None","None","No","No"," ends_in_ír imperativo irregular_form irregular_verb moderate_irregularity nosotros oír "
"Tú y tú, por favor,¡ _____ (de qué se trata), ya !(vosotros)","oíd","Intermediate","fill_in_blank","oír","None","None","No","No"," ends_in_ír imperativo irregular_verb moderate_irregularity oír regular_form regular_spelling_change vosotros "
"Señores, por favor,¡ (que) _____ (de qué se trata), ya ! (ellos/ellas/ustedes)","oigan","Intermediate","fill_in_blank","oír","None","None","No","No"," ellos_ellas_ustedes ends_in_ír imperativo irregular_form irregular_verb moderate_irregularity oír "
"↬ Si en un dudoso futuro ↬yo lo _____, ¡suerte!","oyere","Advanced","fill_in_blank","oír","None","None","No","No"," ends_in_ír irregular_verb moderate_irregularity oír regular_form regular_spelling_change subjuntivo_futuro yo "
"↬ Si en un dudoso futuro ↬tú/vos lo _____, ¡suerte!","oyeres","Advanced","fill_in_blank","oír","None","None","No","No"," ends_in_ír irregular_verb moderate_irregularity oír regular_form regular_spelling_change subjuntivo_futuro tú_vos "
"↬ Si en un dudoso futuro ↬él/ella/usted lo _____, ¡suerte!","oyere","Advanced","fill_in_blank","oír","None","None","No","No"," ends_in_ír irregular_verb moderate_irregularity oír regular_form regular_spelling_change subjuntivo_futuro él_ella_usted "
"↬ Si en un dudoso futuro ↬nosotros lo _____, ¡suerte!","oyéremos","Advanced","fill_in_blank","oír","None","None","No","No"," ends_in_ír irregular_verb moderate_irregularity nosotros oír regular_form regular_spelling_change subjuntivo_futuro "
"↬ Si en un dudoso futuro ↬vosotros lo _____, ¡suerte!","oyereis","Advanced","fill_in_blank","oír","None","None","No","No"," ends_in_ír irregular_verb moderate_irregularity oír regular_form regular_spelling_change subjuntivo_futuro vosotros "
"↬ Si en un dudoso futuro ↬ellos/ellas/ustedes lo _____, ¡suerte!","oyeren","Advanced","fill_in_blank","oír","None","None","No","No"," ellos_ellas_ustedes ends_in_ír irregular_verb moderate_irregularity oír regular_form regular_spelling_change subjuntivo_futuro "
"El verbo enél entiendees _____","entender","Intermediate","fill_in_blank","None","None","None","No","No"," ends_in_er entender infinitivo irregular_verb low_irregularity regular_form "
"Mientras estoy estudiando…ella no está _____ (mis esfuerzos)","entendiendo","Intermediate","fill_in_blank","entender","None","None","No","No"," ends_in_er entender gerundio irregular_verb low_irregularity regular_form "
"Hugo ha _____ (sus intenciones)","entendido","Intermediate","fill_in_blank","entender","None","None","No","No"," ends_in_er entender irregular_verb low_irregularity participio regular_form "
"⊙ Ahora mismo, ⊙yo _____ (los motivos de Carlos)","entiendo","Elementary","fill_in_blank","entender","None","None","No","No"," ends_in_er entender irregular_form irregular_verb low_irregularity presente yo "
"⊙ Ahora mismo, ⊙tú _____ (los motivos de Carlos)","entiendes","Elementary","fill_in_blank","entender","None","None","No","No"," ends_in_er entender irregular_form irregular_verb low_irregularity presente tú tú_vos "
"⊙ Ahora mismo, ⊙vos _____ (los motivos de Carlos)","entendés","Elementary","fill_in_blank","entender","None","None","No","No"," ends_in_er entender irregular_verb low_irregularity presente regular_form tú_vos vos "
"⊙ Ahora mismo, ⊙él/ella/usted _____ (los motivos de Carlos)","entiende","Elementary","fill_in_blank","entender","None","None","No","No"," ends_in_er entender irregular_form irregular_verb low_irregularity presente él_ella_usted "
"⊙ Ahora mismo, ⊙nosotros _____ (los motivos de Carlos)","entendemos","Elementary","fill_in_blank","entender","None","None","No","No"," ends_in_er entender irregular_verb low_irregularity nosotros presente regular_form "
"⊙ Ahora mismo, ⊙vosotros _____ (los motivos de Carlos)","entendéis","Elementary","fill_in_blank","entender","None","None","No","No"," ends_in_er entender irregular_verb low_irregularity presente regular_form vosotros "
"⊙ Ahora mismo, ⊙ellos/ellas/ustedes _____ (los motivos de Carlos)","entienden","Elementary","fill_in_blank","entender","None","None","No","No"," ellos_ellas_ustedes ends_in_er entender irregular_form irregular_verb low_irregularity presente "
"⇠ En esa época, a menudo, ⇠yo _____ (los motivos de Carlos)","entendía","Intermediate","fill_in_blank","entender","None","None","No","No"," ends_in_er entender imperfecto irregular_verb low_irregularity regular_form yo "
"⇠ En esa época, a menudo, ⇠tú/vos _____ (los motivos de Carlos)","entendías","Intermediate","fill_in_blank","entender","None","None","No","No"," ends_in_er entender imperfecto irregular_verb low_irregularity regular_form tú_vos "
"⇠ En esa época, a menudo, ⇠él/ella/usted _____ (los motivos de Carlos)","entendía","Intermediate","fill_in_blank","entender","None","None","No","No"," ends_in_er entender imperfecto irregular_verb low_irregularity regular_form él_ella_usted "
"⇠ En esa época, a menudo, ⇠nosotros _____ (los motivos de Carlos)","entendíamos","Intermediate","fill_in_blank","entender","None","None","No","No"," ends_in_er entender imperfecto irregular_verb low_irregularity nosotros regular_form "
"⇠ En esa época, a menudo, ⇠vosotros _____ (los motivos de Carlos)","entendíais","Intermediate","fill_in_blank","entender","None","None","No","No"," ends_in_er entender imperfecto irregular_verb low_irregularity regular_form vosotros "
"⇠ En esa época, a menudo, ⇠ellos/ellas/ustedes _____ (los motivos de Carlos)","entendían","Intermediate","fill_in_blank","entender","None","None","No","No"," ellos_ellas_ustedes ends_in_er entender imperfecto irregular_verb low_irregularity regular_form "
"↧ En aquel momento ↧yo _____ (los motivos de Carlos)","entendí","Intermediate","fill_in_blank","entender","None","None","No","No"," ends_in_er entender indefinido irregular_verb low_irregularity regular_form yo "
"↧ En aquel momento ↧tú/vos _____ (los motivos de Carlos)","entendiste","Intermediate","fill_in_blank","entender","None","None","No","No"," ends_in_er entender indefinido irregular_verb low_irregularity regular_form tú_vos "
"↧ En aquel momento ↧él/ella/usted _____ (los motivos de Carlos)","entendió","Intermediate","fill_in_blank","entender","None","None","No","No"," ends_in_er entender indefinido irregular_verb low_irregularity regular_form él_ella_usted "
"↧ En aquel momento ↧nosotros _____ (los motivos de Carlos)","entendimos","Intermediate","fill_in_blank","entender","None","None","No","No"," ends_in_er entender indefinido irregular_verb low_irregularity nosotros regular_form "
"↧ En aquel momento ↧vosotros _____ (los motivos de Carlos)","entendisteis","Intermediate","fill_in_blank","entender","None","None","No","No"," ends_in_er entender indefinido irregular_verb low_irregularity regular_form vosotros "
"↧ En aquel momento ↧ellos/ellas/ustedes _____ (los motivos de Carlos)","entendieron","Intermediate","fill_in_blank","entender","None","None","No","No"," ellos_ellas_ustedes ends_in_er entender indefinido irregular_verb low_irregularity regular_form "
"→ En el futuro, →yo _____ (los motivos de Carlos)","entenderé","Intermediate","fill_in_blank","entender","None","None","No","No"," ends_in_er entender futuro irregular_verb low_irregularity regular_form yo "
"→ En el futuro, →tú/vos _____ (los motivos de Carlos)","entenderás","Intermediate","fill_in_blank","entender","None","None","No","No"," ends_in_er entender futuro irregular_verb low_irregularity regular_form tú_vos "
"→ En el futuro, →él/ella/usted _____ (los motivos de Carlos)","entenderá","Intermediate","fill_in_blank","entender","None","None","No","No"," ends_in_er entender futuro irregular_verb low_irregularity regular_form él_ella_usted "
"→ En el futuro, →nosotros _____ (los motivos de Carlos)","entenderemos","Intermediate","fill_in_blank","entender","None","None","No","No"," ends_in_er entender futuro irregular_verb low_irregularity nosotros regular_form "
"→ En el futuro, →vosotros _____ (los motivos de Carlos)","entenderéis","Intermediate","fill_in_blank","entender","None","None","No","No"," ends_in_er entender futuro irregular_verb low_irregularity regular_form vosotros "
"→ En el futuro, →ellos/ellas/ustedes _____ (los motivos de Carlos)","entenderán","Intermediate","fill_in_blank","entender","None","None","No","No"," ellos_ellas_ustedes ends_in_er entender futuro irregular_verb low_irregularity regular_form "
"… Si ocurriese esto, …yo _____ (los motivos de Carlos)","entendería","Intermediate","fill_in_blank","entender","None","None","No","No"," condicional ends_in_er entender irregular_verb low_irregularity regular_form yo "
"… Si sucediera esto, …tú/vos _____ (los motivos de Carlos)","entenderías","Intermediate","fill_in_blank","entender","None","None","No","No"," condicional ends_in_er entender irregular_verb low_irregularity regular_form tú_vos "
"… Si acaeciera algo, …él/ella/usted _____ (los motivos de Carlos)","entendería","Intermediate","fill_in_blank","entender","None","None","No","No"," condicional ends_in_er entender irregular_verb low_irregularity regular_form él_ella_usted "
"… Si pasara algo, …nosotros _____ (los motivos de Carlos)","entenderíamos","Intermediate","fill_in_blank","entender","None","None","No","No"," condicional ends_in_er entender irregular_verb low_irregularity nosotros regular_form "
"… Si aconteciese esto, …vosotros _____ (los motivos de Carlos)","entenderíais","Intermediate","fill_in_blank","entender","None","None","No","No"," condicional ends_in_er entender irregular_verb low_irregularity regular_form vosotros "
"… Si se produjera esto, …ellos/ellas/ustedes _____ (los motivos de Carlos)","entenderían","Intermediate","fill_in_blank","entender","None","None","No","No"," condicional ellos_ellas_ustedes ends_in_er entender irregular_verb low_irregularity regular_form "
"〰 Resulta divertido que 〰yo _____ (los motivos de Carlos)","entienda","Elementary","fill_in_blank","entender","None","None","No","No"," ends_in_er entender irregular_form irregular_verb low_irregularity subjuntivo_presente yo "
"〰 Resulta divertido que 〰tú/vos _____ (los motivos de Carlos)","entiendas","Elementary","fill_in_blank","entender","None","None","No","No"," dicho ends_in_er entender in_the_wild irregular_form irregular_verb low_irregularity subjuntivo_presente tú_vos "
"〰 Resulta divertido que 〰él/ella/usted _____ (los motivos de Carlos)","entienda","Elementary","fill_in_blank","entender","None","None","No","No"," ends_in_er entender irregular_form irregular_verb low_irregularity subjuntivo_presente él_ella_usted "
"〰 Resulta divertido que 〰nosotros _____ (los motivos de Carlos)","entendamos","Elementary","fill_in_blank","entender","None","None","No","No"," ends_in_er entender irregular_verb low_irregularity nosotros regular_form subjuntivo_presente "
"〰 Resulta divertido que 〰vosotros _____ (los motivos de Carlos)","entendáis","Elementary","fill_in_blank","entender","None","None","No","No"," ends_in_er entender irregular_verb low_irregularity regular_form subjuntivo_presente vosotros "
"〰 Resulta divertido que 〰ellos/ellas/ustedes _____ (los motivos de Carlos)","entiendan","Elementary","fill_in_blank","entender","None","None","No","No"," ellos_ellas_ustedes ends_in_er entender irregular_form irregular_verb low_irregularity subjuntivo_presente "
"↫ Fue sorprendente que ↫yo _____ (los motivos de Carlos)","entendiera | entendiese","Advanced","fill_in_blank","entender","None","None","No","No"," ends_in_er entender irregular_verb low_irregularity regular_form subjuntivo_pasado yo "
"↫ Fue sorprendente que ↫tú/vos _____ (los motivos de Carlos)","entendieras | entendieses","Advanced","fill_in_blank","entender","None","None","No","No"," ends_in_er entender irregular_verb low_irregularity regular_form subjuntivo_pasado tú_vos "
"↫ Fue sorprendente que ↫él/ella/usted _____ (los motivos de Carlos)","entendiera | entendiese","Advanced","fill_in_blank","entender","None","None","No","No"," ends_in_er entender irregular_verb low_irregularity regular_form subjuntivo_pasado él_ella_usted "
"↫ Fue sorprendente que ↫nosotros _____ (los motivos de Carlos)","entendiéramos | entendiésemos","Advanced","fill_in_blank","entender","None","None","No","No"," ends_in_er entender irregular_verb low_irregularity nosotros regular_form subjuntivo_pasado "
"↫ Fue sorprendente que ↫vosotros _____ (los motivos de Carlos)","entendierais | entendieseis","Advanced","fill_in_blank","entender","None","None","No","No"," ends_in_er entender irregular_verb low_irregularity regular_form subjuntivo_pasado vosotros "
"↫ Fue sorprendente que ↫ellos/ellas/ustedes _____ (los motivos de Carlos)","entendieran | entendiesen","Advanced","fill_in_blank","entender","None","None","No","No"," ellos_ellas_ustedes ends_in_er entender irregular_verb low_irregularity regular_form subjuntivo_pasado "
"Hombre, por favor,¡ _____ (de qué se trata), ya !(tú)","entiende","Intermediate","fill_in_blank","entender","None","None","No","No"," ends_in_er entender imperativo irregular_form irregular_verb low_irregularity tú tú_vos "
"Hombre, por favor,¡ _____ (de qué se trata), ya !(vos)","entendé","Intermediate","fill_in_blank","entender","None","None","No","No"," ends_in_er entender imperativo irregular_verb low_irregularity regular_form tú_vos vos "
"Mujer, por favor,¡ no _____ (cosas tan inutiles) !(tú/vos)","entiendas","Intermediate","fill_in_blank","entender","None","None","No","No"," dicho ends_in_er entender imperativo in_the_wild irregular_form irregular_verb low_irregularity negative_imperativo tú_vos "
"Señora, por favor,¡ (que) _____ (de qué se trata), ya !(él/ella/usted)","entienda","Intermediate","fill_in_blank","entender","None","None","No","No"," ends_in_er entender imperativo irregular_form irregular_verb low_irregularity él_ella_usted "
"Vámonos equipo, por favor,¡ (que) _____ (de qué se trata), ya !(nosotros)","entendamos","Intermediate","fill_in_blank","entender","None","None","No","No"," ends_in_er entender imperativo irregular_verb low_irregularity nosotros regular_form "
"Tú y tú, por favor,¡ _____ (de qué se trata), ya !(vosotros)","entended","Intermediate","fill_in_blank","entender","None","None","No","No"," ends_in_er entender imperativo irregular_verb low_irregularity regular_form vosotros "
"Señores, por favor,¡ (que) _____ (de qué se trata), ya ! (ellos/ellas/ustedes)","entiendan","Intermediate","fill_in_blank","entender","None","None","No","No"," ellos_ellas_ustedes ends_in_er entender imperativo irregular_form irregular_verb low_irregularity "
"↬ Si en un dudoso futuro ↬yo lo _____, ¡suerte!","entendiere","Advanced","fill_in_blank","entender","None","None","No","No"," ends_in_er entender irregular_verb low_irregularity regular_form subjuntivo_futuro yo "
"↬ Si en un dudoso futuro ↬tú/vos lo _____, ¡suerte!","entendieres","Advanced","fill_in_blank","entender","None","None","No","No"," ends_in_er entender irregular_verb low_irregularity regular_form subjuntivo_futuro tú_vos "
"↬ Si en un dudoso futuro ↬él/ella/usted lo _____, ¡suerte!","entendiere","Advanced","fill_in_blank","entender","None","None","No","No"," ends_in_er entender irregular_verb low_irregularity regular_form subjuntivo_futuro él_ella_usted "
"↬ Si en un dudoso futuro ↬nosotros lo _____, ¡suerte!","entendiéremos","Advanced","fill_in_blank","entender","None","None","No","No"," ends_in_er entender irregular_verb low_irregularity nosotros regular_form subjuntivo_futuro "
"↬ Si en un dudoso futuro ↬vosotros lo _____, ¡suerte!","entendiereis","Advanced","fill_in_blank","entender","None","None","No","No"," ends_in_er entender irregular_verb low_irregularity regular_form subjuntivo_futuro vosotros "
"↬ Si en un dudoso futuro ↬ellos/ellas/ustedes lo _____, ¡suerte!","entendieren","Advanced","fill_in_blank","entender","None","None","No","No"," ellos_ellas_ustedes ends_in_er entender irregular_verb low_irregularity regular_form subjuntivo_futuro "
"El verbo enél muerees _____","morir","Intermediate","fill_in_blank","None","None","None","No","No"," dicho ends_in_ir high_irregularity in_the_wild infinitivo irregular_verb morir regular_form "
"Mientras estoy estudiando…ella está _____ (de hambre)","muriendo","Intermediate","fill_in_blank","morir","None","None","No","No"," ends_in_ir gerundio high_irregularity irregular_form irregular_verb morir "
"Hugo ha _____ (de causas naturales)","muerto","Intermediate","fill_in_blank","morir","None","None","No","No"," ends_in_ir high_irregularity in_the_wild irregular_form irregular_verb morir participio refrán "
"⊙ Ahora mismo, ⊙yo _____ (de miedo)","muero","Elementary","fill_in_blank","morir","None","None","No","No"," ends_in_ir high_irregularity irregular_form irregular_verb morir presente yo "
"⊙ Ahora mismo, ⊙tú _____ (de miedo)","mueres","Elementary","fill_in_blank","morir","None","None","No","No"," ends_in_ir high_irregularity irregular_form irregular_verb morir presente tú tú_vos "
"⊙ Ahora mismo, ⊙vos _____ (de miedo)","morís","Elementary","fill_in_blank","morir","None","None","No","No"," ends_in_ir high_irregularity irregular_verb morir presente regular_form tú_vos vos "
"⊙ Ahora mismo, ⊙él/ella/usted _____ (de miedo)","muere","Elementary","fill_in_blank","morir","None","None","No","No"," ends_in_ir high_irregularity in_the_wild irregular_form irregular_verb morir presente refrán él_ella_usted "
"⊙ Ahora mismo, ⊙nosotros _____ (de miedo)","morimos","Elementary","fill_in_blank","morir","None","None","No","No"," ends_in_ir high_irregularity irregular_verb morir nosotros presente regular_form "
"⊙ Ahora mismo, ⊙vosotros _____ (de miedo)","morís","Elementary","fill_in_blank","morir","None","None","No","No"," ends_in_ir high_irregularity irregular_verb morir presente regular_form vosotros "
"⊙ Ahora mismo, ⊙ellos/ellas/ustedes _____ (de miedo)","mueren","Elementary","fill_in_blank","morir","None","None","No","No"," ellos_ellas_ustedes ends_in_ir high_irregularity irregular_form irregular_verb morir presente "
"⇠ En esa época, a menudo, ⇠yo _____ (de hambre)","moría","Intermediate","fill_in_blank","morir","None","None","No","No"," ends_in_ir high_irregularity imperfecto irregular_verb morir regular_form yo "
"⇠ En esa época, a menudo, ⇠tú/vos _____ (de hambre)","morías","Intermediate","fill_in_blank","morir","None","None","No","No"," ends_in_ir high_irregularity imperfecto irregular_verb morir regular_form tú_vos "
"⇠ En esa época, a menudo, ⇠él/ella/usted _____ (de hambre)","moría","Intermediate","fill_in_blank","morir","None","None","No","No"," ends_in_ir high_irregularity imperfecto irregular_verb morir regular_form él_ella_usted "
"⇠ En esa época, a menudo, ⇠nosotros _____ (de hambre)","moríamos","Intermediate","fill_in_blank","morir","None","None","No","No"," ends_in_ir high_irregularity imperfecto irregular_verb morir nosotros regular_form "
"⇠ En esa época, a menudo, ⇠vosotros _____ (de hambre)","moríais","Intermediate","fill_in_blank","morir","None","None","No","No"," ends_in_ir high_irregularity imperfecto irregular_verb morir regular_form vosotros "
"⇠ En esa época, a menudo, ⇠ellos/ellas/ustedes _____ (de hambre)","morían","Intermediate","fill_in_blank","morir","None","None","No","No"," ellos_ellas_ustedes ends_in_ir high_irregularity imperfecto irregular_verb morir regular_form "
"↧ En aquel momento ↧yo _____ (de miedo)","morí","Intermediate","fill_in_blank","morir","None","None","No","No"," ends_in_ir high_irregularity indefinido irregular_verb morir regular_form yo "
"↧ En aquel momento ↧tú/vos _____ (de miedo)","moriste","Intermediate","fill_in_blank","morir","None","None","No","No"," ends_in_ir high_irregularity indefinido irregular_verb morir regular_form tú_vos "
"↧ En aquel momento ↧él/ella/usted _____ (de miedo)","murió","Intermediate","fill_in_blank","morir","None","None","No","No"," ends_in_ir high_irregularity in_the_wild indefinido irregular_form irregular_verb morir refrán él_ella_usted "
"↧ En aquel momento ↧nosotros _____ (de miedo)","morimos","Intermediate","fill_in_blank","morir","None","None","No","No"," ends_in_ir high_irregularity indefinido irregular_verb morir nosotros regular_form "
"↧ En aquel momento ↧vosotros _____ (de miedo)","moristeis","Intermediate","fill_in_blank","morir","None","None","No","No"," ends_in_ir high_irregularity indefinido irregular_verb morir regular_form vosotros "
"↧ En aquel momento ↧ellos/ellas/ustedes _____ (de miedo)","murieron","Intermediate","fill_in_blank","morir","None","None","No","No"," ellos_ellas_ustedes ends_in_ir high_irregularity indefinido irregular_form irregular_verb morir "
"→ En el futuro, →yo _____ (de miedo)","moriré","Intermediate","fill_in_blank","morir","None","None","No","No"," ends_in_ir futuro high_irregularity irregular_verb morir regular_form yo "
"→ En el futuro, →tú/vos _____ (de miedo)","morirás","Intermediate","fill_in_blank","morir","None","None","No","No"," ends_in_ir futuro high_irregularity irregular_verb morir regular_form tú_vos "
"→ En el futuro, →él/ella/usted _____ (de miedo)","morirá","Intermediate","fill_in_blank","morir","None","None","No","No"," ends_in_ir futuro high_irregularity irregular_verb morir regular_form él_ella_usted "
"→ En el futuro, →nosotros _____ (de miedo)","moriremos","Intermediate","fill_in_blank","morir","None","None","No","No"," ends_in_ir futuro high_irregularity in_the_wild irregular_verb modismo morir nosotros regular_form "
"→ En el futuro, →vosotros _____ (de miedo)","moriréis","Intermediate","fill_in_blank","morir","None","None","No","No"," ends_in_ir futuro high_irregularity irregular_verb morir regular_form vosotros "
"→ En el futuro, →ellos/ellas/ustedes _____ (de miedo)","morirán","Intermediate","fill_in_blank","morir","None","None","No","No"," ellos_ellas_ustedes ends_in_ir futuro high_irregularity irregular_verb morir regular_form "
"… Si ocurriese esto, …yo _____ (de miedo)","moriría","Intermediate","fill_in_blank","morir","None","None","No","No"," condicional ends_in_ir high_irregularity irregular_verb morir regular_form yo "
"… Si sucediera esto, …tú/vos _____ (de miedo)","morirías","Intermediate","fill_in_blank","morir","None","None","No","No"," condicional ends_in_ir high_irregularity irregular_verb morir regular_form tú_vos "
"… Si acaeciera algo, …él/ella/usted _____ (de miedo)","moriría","Intermediate","fill_in_blank","morir","None","None","No","No"," condicional ends_in_ir high_irregularity irregular_verb morir regular_form él_ella_usted "
"… Si pasara algo, …nosotros _____ (de miedo)","moriríamos","Intermediate","fill_in_blank","morir","None","None","No","No"," condicional ends_in_ir high_irregularity irregular_verb morir nosotros regular_form "
"… Si aconteciese esto, …vosotros _____ (de miedo)","moriríais","Intermediate","fill_in_blank","morir","None","None","No","No"," condicional ends_in_ir high_irregularity irregular_verb morir regular_form vosotros "
"… Si se produjera esto, …ellos/ellas/ustedes _____ (de miedo)","morirían","Intermediate","fill_in_blank","morir","None","None","No","No"," condicional ellos_ellas_ustedes ends_in_ir high_irregularity irregular_verb morir regular_form "
"〰 Resulta divertido que 〰yo _____ (de miedo)","muera","Elementary","fill_in_blank","morir","None","None","No","No"," ends_in_ir high_irregularity irregular_form irregular_verb morir subjuntivo_presente yo "
"〰 Resulta divertido que 〰tú/vos _____ (de miedo)","mueras","Elementary","fill_in_blank","morir","None","None","No","No"," ends_in_ir high_irregularity in_the_wild irregular_form irregular_verb morir refrán subjuntivo_presente tú_vos "
"〰 Resulta divertido que 〰él/ella/usted _____ (de miedo)","muera","Elementary","fill_in_blank","morir","None","None","No","No"," ends_in_ir high_irregularity irregular_form irregular_verb morir subjuntivo_presente él_ella_usted "
"〰 Resulta divertido que 〰nosotros _____ (de miedo)","muramos","Elementary","fill_in_blank","morir","None","None","No","No"," ends_in_ir high_irregularity irregular_form irregular_verb morir nosotros subjuntivo_presente "
"〰 Resulta divertido que 〰vosotros _____ (de miedo)","muráis","Elementary","fill_in_blank","morir","None","None","No","No"," ends_in_ir high_irregularity irregular_form irregular_verb morir subjuntivo_presente vosotros "
"〰 Resulta divertido que 〰ellos/ellas/ustedes _____ (de miedo)","mueran","Elementary","fill_in_blank","morir","None","None","No","No"," ellos_ellas_ustedes ends_in_ir high_irregularity irregular_form irregular_verb morir subjuntivo_presente "
"↫ Fue sorprendente que ↫yo _____ (de miedo)","muriera | muriese","Advanced","fill_in_blank","morir","None","None","No","No"," ends_in_ir high_irregularity irregular_form irregular_verb morir subjuntivo_pasado yo "
"↫ Fue sorprendente que ↫tú/vos _____ (de miedo)","murieras | murieses","Advanced","fill_in_blank","morir","None","None","No","No"," ends_in_ir high_irregularity irregular_form irregular_verb morir subjuntivo_pasado tú_vos "
"↫ Fue sorprendente que ↫él/ella/usted _____ (de miedo)","muriera | muriese","Advanced","fill_in_blank","morir","None","None","No","No"," ends_in_ir high_irregularity irregular_form irregular_verb morir subjuntivo_pasado él_ella_usted "
"↫ Fue sorprendente que ↫nosotros _____ (de miedo)","muriéramos | muriésemos","Advanced","fill_in_blank","morir","None","None","No","No"," ends_in_ir high_irregularity irregular_form irregular_verb morir nosotros subjuntivo_pasado "
"↫ Fue sorprendente que ↫vosotros _____ (de miedo)","murierais | murieseis","Advanced","fill_in_blank","morir","None","None","No","No"," ends_in_ir high_irregularity irregular_form irregular_verb morir subjuntivo_pasado vosotros "
"↫ Fue sorprendente que ↫ellos/ellas/ustedes _____ (de miedo)","murieran | muriesen","Advanced","fill_in_blank","morir","None","None","No","No"," ellos_ellas_ustedes ends_in_ir high_irregularity irregular_form irregular_verb morir subjuntivo_pasado "
"Hombre, por favor,¡ _____ (de vergüenza), ya !(tú)","muere","Intermediate","fill_in_blank","morir","None","None","No","No"," ends_in_ir high_irregularity imperativo irregular_form irregular_verb morir tú tú_vos "
"Hombre, por favor,¡ _____ (de vergüenza), ya !(vos)","morí","Intermediate","fill_in_blank","morir","None","None","No","No"," ends_in_ir high_irregularity imperativo irregular_verb morir regular_form tú_vos vos "
"Mujer, por favor,¡ no _____ (de hambre) !(tú/vos)","mueras","Intermediate","fill_in_blank","morir","None","None","No","No"," ends_in_ir high_irregularity imperativo in_the_wild irregular_form irregular_verb morir negative_imperativo refrán tú_vos "
"Señora, por favor,¡ (que) _____ (de vergüenza), ya !(él/ella/usted)","muera","Intermediate","fill_in_blank","morir","None","None","No","No"," ends_in_ir high_irregularity imperativo irregular_form irregular_verb morir él_ella_usted "
"Vámonos equipo, por favor,¡ (que) _____ (de vergüenza), ya !(nosotros)","muramos","Intermediate","fill_in_blank","morir","None","None","No","No"," ends_in_ir high_irregularity imperativo irregular_form irregular_verb morir nosotros "
"Tú y tú, por favor,¡ _____ (de vergüenza), ya !(vosotros)","morid","Intermediate","fill_in_blank","morir","None","None","No","No"," ends_in_ir high_irregularity imperativo irregular_verb morir regular_form vosotros "
"Señores, por favor,¡ (que) _____ (de vergüenza), ya ! (ellos/ellas/ustedes)","mueran","Intermediate","fill_in_blank","morir","None","None","No","No"," ellos_ellas_ustedes ends_in_ir high_irregularity imperativo irregular_form irregular_verb morir "
"↬ Si en un dudoso futuro ↬yo _____ así, ¡suerte!","muriere","Advanced","fill_in_blank","morir","None","None","No","No"," ends_in_ir high_irregularity irregular_form irregular_verb morir subjuntivo_futuro yo "
"↬ Si en un dudoso futuro ↬tú/vos _____ así, ¡suerte!","murieres","Advanced","fill_in_blank","morir","None","None","No","No"," ends_in_ir high_irregularity irregular_form irregular_verb morir subjuntivo_futuro tú_vos "
"↬ Si en un dudoso futuro ↬él/ella/usted _____ así, ¡suerte!","muriere","Advanced","fill_in_blank","morir","None","None","No","No"," ends_in_ir high_irregularity irregular_form irregular_verb morir subjuntivo_futuro él_ella_usted "
"↬ Si en un dudoso futuro ↬nosotros _____ así, ¡suerte!","muriéremos","Advanced","fill_in_blank","morir","None","None","No","No"," ends_in_ir high_irregularity irregular_form irregular_verb morir nosotros subjuntivo_futuro "
"↬ Si en un dudoso futuro ↬vosotros _____ así, ¡suerte!","muriereis","Advanced","fill_in_blank","morir","None","None","No","No"," ends_in_ir high_irregularity irregular_form irregular_verb morir subjuntivo_futuro vosotros "
"↬ Si en un dudoso futuro ↬ellos/ellas/ustedes _____ así, ¡suerte!","murieren","Advanced","fill_in_blank","morir","None","None","No","No"," ellos_ellas_ustedes ends_in_ir high_irregularity irregular_form irregular_verb morir subjuntivo_futuro "
"El verbo enél caees _____","caer","Intermediate","fill_in_blank","None","None","None","No","No"," caer ends_in_er in_the_wild infinitivo irregular_verb low_irregularity modismo regular_form "
"Mientras estoy estudiando…ella está _____ (de sueño)","cayendo","Intermediate","fill_in_blank","caer","None","None","No","No"," caer ends_in_er gerundio irregular_verb low_irregularity regular_form regular_spelling_change "
"Hugo ha _____ (de sueño)","caído","Intermediate","fill_in_blank","caer","None","None","No","No"," caer ends_in_er in_the_wild irregular_form irregular_verb low_irregularity participio refrán "
"⊙ Ahora mismo, ⊙yo _____ (de sueño)","caigo","Elementary","fill_in_blank","caer","None","None","No","No"," caer ends_in_er in_the_wild irregular_form irregular_verb low_irregularity modismo presente yo "
"⊙ Ahora mismo, ⊙tú _____ (de sueño)","caes","Elementary","fill_in_blank","caer","None","None","No","No"," caer ends_in_er irregular_verb low_irregularity presente regular_form tú tú_vos "
"⊙ Ahora mismo, ⊙vos _____ (de sueño)","caés","Elementary","fill_in_blank","caer","None","None","No","No"," caer ends_in_er irregular_verb low_irregularity presente regular_form tú_vos vos "
"⊙ Ahora mismo, ⊙él/ella/usted _____ (de sueño)","cae","Elementary","fill_in_blank","caer","None","None","No","No"," caer ends_in_er in_the_wild irregular_verb low_irregularity modismo presente regular_form él_ella_usted "
"⊙ Ahora mismo, ⊙nosotros _____ (de sueño)","caemos","Elementary","fill_in_blank","caer","None","None","No","No"," caer ends_in_er irregular_verb low_irregularity nosotros presente regular_form "
"⊙ Ahora mismo, ⊙vosotros _____ (de sueño)","caéis","Elementary","fill_in_blank","caer","None","None","No","No"," caer ends_in_er irregular_verb low_irregularity presente regular_form vosotros "
"⊙ Ahora mismo, ⊙ellos/ellas/ustedes _____ (de sueño)","caen","Elementary","fill_in_blank","caer","None","None","No","No"," caer ellos_ellas_ustedes ends_in_er in_the_wild irregular_verb low_irregularity modismo presente regular_form "
"⇠ En esa época, a menudo, ⇠yo _____ (de sueño)","caía","Intermediate","fill_in_blank","caer","None","None","No","No"," caer ends_in_er imperfecto irregular_verb low_irregularity regular_form yo "
"⇠ En esa época, a menudo, ⇠tú/vos _____ (de sueño)","caías","Intermediate","fill_in_blank","caer","None","None","No","No"," caer ends_in_er imperfecto irregular_verb low_irregularity regular_form tú_vos "
"⇠ En esa época, a menudo, ⇠él/ella/usted _____ (de sueño)","caía","Intermediate","fill_in_blank","caer","None","None","No","No"," caer ends_in_er imperfecto irregular_verb low_irregularity regular_form él_ella_usted "
"⇠ En esa época, a menudo, ⇠nosotros _____ (de sueño)","caíamos","Intermediate","fill_in_blank","caer","None","None","No","No"," caer ends_in_er imperfecto irregular_verb low_irregularity nosotros regular_form "
"⇠ En esa época, a menudo, ⇠vosotros _____ (de sueño)","caíais","Intermediate","fill_in_blank","caer","None","None","No","No"," caer ends_in_er imperfecto irregular_verb low_irregularity regular_form vosotros "
"⇠ En esa época, a menudo, ⇠ellos/ellas/ustedes _____ (de sueño)","caían","Intermediate","fill_in_blank","caer","None","None","No","No"," caer ellos_ellas_ustedes ends_in_er imperfecto irregular_verb low_irregularity regular_form "
"↧ En aquel momento ↧yo _____ (de sueño)","caí","Intermediate","fill_in_blank","caer","None","None","No","No"," caer ends_in_er indefinido irregular_verb low_irregularity regular_form yo "
"↧ En aquel momento ↧tú/vos _____ (de sueño)","caíste","Intermediate","fill_in_blank","caer","None","None","No","No"," caer ends_in_er indefinido irregular_verb low_irregularity regular_form regular_spelling_change tú_vos "
"↧ En aquel momento ↧él/ella/usted _____ (de sueño)","cayó","Intermediate","fill_in_blank","caer","None","None","No","No"," caer dicho ends_in_er in_the_wild indefinido irregular_verb low_irregularity regular_form regular_spelling_change él_ella_usted "
"↧ En aquel momento ↧nosotros _____ (de sueño)","caímos","Intermediate","fill_in_blank","caer","None","None","No","No"," caer ends_in_er indefinido irregular_verb low_irregularity nosotros regular_form regular_spelling_change "
"↧ En aquel momento ↧vosotros _____ (de sueño)","caísteis","Intermediate","fill_in_blank","caer","None","None","No","No"," caer ends_in_er indefinido irregular_verb low_irregularity regular_form regular_spelling_change vosotros "
"↧ En aquel momento ↧ellos/ellas/ustedes _____ (de sueño)","cayeron","Intermediate","fill_in_blank","caer","None","None","No","No"," caer ellos_ellas_ustedes ends_in_er indefinido irregular_verb low_irregularity regular_form regular_spelling_change "
"→ En el futuro, →yo _____ (de sueño)","caeré","Intermediate","fill_in_blank","caer","None","None","No","No"," caer ends_in_er futuro irregular_verb low_irregularity regular_form yo "
"→ En el futuro, →tú/vos _____ (de sueño)","caerás","Intermediate","fill_in_blank","caer","None","None","No","No"," caer ends_in_er futuro irregular_verb low_irregularity regular_form tú_vos "
"→ En el futuro, →él/ella/usted _____ (de sueño)","caerá","Intermediate","fill_in_blank","caer","None","None","No","No"," caer dicho ends_in_er futuro in_the_wild irregular_verb low_irregularity regular_form él_ella_usted "
"→ En el futuro, →nosotros _____ (de sueño)","caeremos","Intermediate","fill_in_blank","caer","None","None","No","No"," caer ends_in_er futuro irregular_verb low_irregularity nosotros regular_form "
"→ En el futuro, →vosotros _____ (de sueño)","caeréis","Intermediate","fill_in_blank","caer","None","None","No","No"," caer ends_in_er futuro irregular_verb low_irregularity regular_form vosotros "
"→ En el futuro, →ellos/ellas/ustedes _____ (de sueño)","caerán","Intermediate","fill_in_blank","caer","None","None","No","No"," caer ellos_ellas_ustedes ends_in_er futuro irregular_verb low_irregularity regular_form "
"… Si ocurriese esto, …yo _____ (de sueño)","caería","Intermediate","fill_in_blank","caer","None","None","No","No"," caer condicional ends_in_er irregular_verb low_irregularity regular_form yo "
"… Si sucediera esto, …tú/vos _____ (de sueño)","caerías","Intermediate","fill_in_blank","caer","None","None","No","No"," caer condicional ends_in_er irregular_verb low_irregularity regular_form tú_vos "
"… Si acaeciera algo, …él/ella/usted _____ (de sueño)","caería","Intermediate","fill_in_blank","caer","None","None","No","No"," caer condicional ends_in_er in_the_wild irregular_verb low_irregularity modismo regular_form él_ella_usted "
"… Si pasara algo, …nosotros _____ (de sueño)","caeríamos","Intermediate","fill_in_blank","caer","None","None","No","No"," caer condicional ends_in_er irregular_verb low_irregularity nosotros regular_form "
"… Si aconteciese esto, …vosotros _____ (de sueño)","caeríais","Intermediate","fill_in_blank","caer","None","None","No","No"," caer condicional ends_in_er irregular_verb low_irregularity regular_form vosotros "
"… Si se produjera esto, …ellos/ellas/ustedes _____ (de sueño)","caerían","Intermediate","fill_in_blank","caer","None","None","No","No"," caer condicional ellos_ellas_ustedes ends_in_er irregular_verb low_irregularity regular_form "
"〰 Resulta divertido que 〰yo _____ (de sueño)","caiga","Elementary","fill_in_blank","caer","None","None","No","No"," caer ends_in_er irregular_form irregular_verb low_irregularity subjuntivo_presente yo "
"〰 Resulta divertido que 〰tú/vos _____ (de sueño)","caigas","Elementary","fill_in_blank","caer","None","None","No","No"," caer ends_in_er irregular_form irregular_verb low_irregularity subjuntivo_presente tú_vos "
"〰 Resulta divertido que 〰él/ella/usted _____ (de sueño)","caiga","Elementary","fill_in_blank","caer","None","None","No","No"," caer ends_in_er irregular_form irregular_verb low_irregularity subjuntivo_presente él_ella_usted "
"〰 Resulta divertido que 〰nosotros _____ (de sueño)","caigamos","Elementary","fill_in_blank","caer","None","None","No","No"," caer ends_in_er irregular_form irregular_verb low_irregularity nosotros subjuntivo_presente "
"〰 Resulta divertido que 〰vosotros _____ (de sueño)","caigáis","Elementary","fill_in_blank","caer","None","None","No","No"," caer ends_in_er irregular_form irregular_verb low_irregularity subjuntivo_presente vosotros "
"〰 Resulta divertido que 〰ellos/ellas/ustedes _____ (de sueño)","caigan","Elementary","fill_in_blank","caer","None","None","No","No"," caer ellos_ellas_ustedes ends_in_er irregular_form irregular_verb low_irregularity subjuntivo_presente "
"↫ Fue sorprendente que ↫yo _____ (de sueño)","cayera | cayese","Advanced","fill_in_blank","caer","None","None","No","No"," caer ends_in_er irregular_verb low_irregularity regular_form regular_spelling_change subjuntivo_pasado yo "
"↫ Fue sorprendente que ↫tú/vos _____ (de sueño)","cayeras | cayeses","Advanced","fill_in_blank","caer","None","None","No","No"," caer ends_in_er irregular_verb low_irregularity regular_form regular_spelling_change subjuntivo_pasado tú_vos "
"↫ Fue sorprendente que ↫él/ella/usted _____ (de sueño)","cayera | cayese","Advanced","fill_in_blank","caer","None","None","No","No"," caer ends_in_er irregular_verb low_irregularity regular_form regular_spelling_change subjuntivo_pasado él_ella_usted "
"↫ Fue sorprendente que ↫nosotros _____ (de sueño)","cayéramos | cayésemos","Advanced","fill_in_blank","caer","None","None","No","No"," caer ends_in_er irregular_verb low_irregularity nosotros regular_form regular_spelling_change subjuntivo_pasado "
"↫ Fue sorprendente que ↫vosotros _____ (de sueño)","cayerais | cayeseis","Advanced","fill_in_blank","caer","None","None","No","No"," caer ends_in_er irregular_verb low_irregularity regular_form regular_spelling_change subjuntivo_pasado vosotros "
"↫ Fue sorprendente que ↫ellos/ellas/ustedes _____ (de sueño)","cayeran | cayesen","Advanced","fill_in_blank","caer","None","None","No","No"," caer ellos_ellas_ustedes ends_in_er irregular_verb low_irregularity regular_form regular_spelling_change subjuntivo_pasado "
"Hombre, por favor,¡ _____ (en la cuenta), ya !(tú)","cae","Intermediate","fill_in_blank","caer","None","None","No","No"," caer ends_in_er imperativo irregular_verb low_irregularity regular_form tú tú_vos "
"Hombre, por favor,¡ _____ (en la cuenta), ya !(vos)","caé","Intermediate","fill_in_blank","caer","None","None","No","No"," caer ends_in_er imperativo irregular_verb low_irregularity regular_form tú_vos vos "
"Mujer, por favor,¡ no _____ (de sorpresa) !(tú/vos)","caigas","Intermediate","fill_in_blank","caer","None","None","No","No"," caer ends_in_er imperativo irregular_form irregular_verb low_irregularity negative_imperativo tú_vos "
"Señora, por favor,¡ (que) _____ (en la cuenta), ya !(él/ella/usted)","caiga","Intermediate","fill_in_blank","caer","None","None","No","No"," caer ends_in_er imperativo irregular_form irregular_verb low_irregularity él_ella_usted "
"Vámonos equipo, por favor,¡ (que) _____ (en la cuenta), ya !(nosotros)","caigamos","Intermediate","fill_in_blank","caer","None","None","No","No"," caer ends_in_er imperativo irregular_form irregular_verb low_irregularity nosotros "
"Tú y tú, por favor,¡ _____ (en la cuenta), ya !(vosotros)","caed","Intermediate","fill_in_blank","caer","None","None","No","No"," caer ends_in_er imperativo irregular_verb low_irregularity regular_form vosotros "
"Señores, por favor,¡ (que) _____ (en la cuenta), ya ! (ellos/ellas/ustedes)","caigan","Intermediate","fill_in_blank","caer","None","None","No","No"," caer ellos_ellas_ustedes ends_in_er imperativo irregular_form irregular_verb low_irregularity "
"↬ Si en un dudoso futuro ↬yo _____ así, ¡suerte!","cayere","Advanced","fill_in_blank","caer","None","None","No","No"," caer ends_in_er irregular_verb low_irregularity regular_form regular_spelling_change subjuntivo_futuro yo "
"↬ Si en un dudoso futuro ↬tú/vos _____ así, ¡suerte!","cayeres","Advanced","fill_in_blank","caer","None","None","No","No"," caer ends_in_er irregular_verb low_irregularity regular_form regular_spelling_change subjuntivo_futuro tú_vos "
"↬ Si en un dudoso futuro ↬él/ella/usted _____ así, ¡suerte!","cayere","Advanced","fill_in_blank","caer","None","None","No","No"," caer ends_in_er irregular_verb low_irregularity regular_form regular_spelling_change subjuntivo_futuro él_ella_usted "
"↬ Si en un dudoso futuro ↬nosotros _____ así, ¡suerte!","cayéremos","Advanced","fill_in_blank","caer","None","None","No","No"," caer ends_in_er irregular_verb low_irregularity nosotros regular_form regular_spelling_change subjuntivo_futuro "
"↬ Si en un dudoso futuro ↬vosotros _____ así, ¡suerte!","cayereis","Advanced","fill_in_blank","caer","None","None","No","No"," caer ends_in_er irregular_verb low_irregularity regular_form regular_spelling_change subjuntivo_futuro vosotros "
"↬ Si en un dudoso futuro ↬ellos/ellas/ustedes _____ así, ¡suerte!","cayeren","Advanced","fill_in_blank","caer","None","None","No","No"," caer ellos_ellas_ustedes ends_in_er irregular_verb low_irregularity regular_form regular_spelling_change subjuntivo_futuro "
"El verbo enél juegaes _____","jugar","Intermediate","fill_in_blank","None","None","None","No","No"," ends_in_ar infinitivo irregular_verb jugar low_irregularity regular_form "
"Mientras estoy estudiando…ella está _____ (con el gato)","jugando","Intermediate","fill_in_blank","jugar","None","None","No","No"," ends_in_ar gerundio in_the_wild irregular_verb jugar low_irregularity refrán regular_form "
"Hugo ha _____ (con el gato)","jugado","Intermediate","fill_in_blank","jugar","None","None","No","No"," ends_in_ar irregular_verb jugar low_irregularity participio regular_form "
"⊙ Ahora mismo, ⊙yo _____ (con el gato)","juego","Elementary","fill_in_blank","jugar","None","None","No","No"," ends_in_ar irregular_form irregular_verb jugar low_irregularity presente yo "
"⊙ Ahora mismo, ⊙tú _____ (con el gato)","juegas","Elementary","fill_in_blank","jugar","None","None","No","No"," ends_in_ar irregular_form irregular_verb jugar low_irregularity presente tú tú_vos "
"⊙ Ahora mismo, ⊙vos _____ (con el gato)","jugás","Elementary","fill_in_blank","jugar","None","None","No","No"," ends_in_ar irregular_verb jugar low_irregularity presente regular_form tú_vos vos "
"⊙ Ahora mismo, ⊙él/ella/usted _____ (con el gato)","juega","Elementary","fill_in_blank","jugar","None","None","No","No"," ends_in_ar in_the_wild irregular_form irregular_verb jugar low_irregularity presente refrán él_ella_usted "
"⊙ Ahora mismo, ⊙nosotros _____ (con el gato)","jugamos","Elementary","fill_in_blank","jugar","None","None","No","No"," ends_in_ar irregular_verb jugar low_irregularity nosotros presente regular_form "
"⊙ Ahora mismo, ⊙vosotros _____ (con el gato)","jugáis","Elementary","fill_in_blank","jugar","None","None","No","No"," ends_in_ar irregular_verb jugar low_irregularity presente regular_form vosotros "
"⊙ Ahora mismo, ⊙ellos/ellas/ustedes _____ (con el gato)","juegan","Elementary","fill_in_blank","jugar","None","None","No","No"," ellos_ellas_ustedes ends_in_ar irregular_form irregular_verb jugar low_irregularity presente "
"⇠ En esa época, a menudo, ⇠yo _____ (con el gato)","jugaba","Intermediate","fill_in_blank","jugar","None","None","No","No"," ends_in_ar imperfecto irregular_verb jugar low_irregularity regular_form yo "
"⇠ En esa época, a menudo, ⇠tú/vos _____ (con el gato)","jugabas","Intermediate","fill_in_blank","jugar","None","None","No","No"," ends_in_ar imperfecto irregular_verb jugar low_irregularity regular_form tú_vos "
"⇠ En esa época, a menudo, ⇠él/ella/usted _____ (con el gato)","jugaba","Intermediate","fill_in_blank","jugar","None","None","No","No"," ends_in_ar imperfecto in_the_wild irregular_verb jugar low_irregularity modismo regular_form él_ella_usted "
"⇠ En esa época, a menudo, ⇠nosotros _____ (con el gato)","jugábamos","Intermediate","fill_in_blank","jugar","None","None","No","No"," ends_in_ar imperfecto irregular_verb jugar low_irregularity nosotros regular_form "
"⇠ En esa época, a menudo, ⇠vosotros _____ (con el gato)","jugabais","Intermediate","fill_in_blank","jugar","None","None","No","No"," ends_in_ar imperfecto irregular_verb jugar low_irregularity regular_form vosotros "
"⇠ En esa época, a menudo, ⇠ellos/ellas/ustedes _____ (con el gato)","jugaban","Intermediate","fill_in_blank","jugar","None","None","No","No"," ellos_ellas_ustedes ends_in_ar imperfecto irregular_verb jugar low_irregularity regular_form "
"↧ En aquel momento ↧yo _____ (con el gato)","jugué","Intermediate","fill_in_blank","jugar","None","None","No","No"," ends_in_ar indefinido irregular_verb jugar low_irregularity regular_form regular_spelling_change yo "
"↧ En aquel momento ↧tú/vos _____ (con el gato)","jugaste","Intermediate","fill_in_blank","jugar","None","None","No","No"," ends_in_ar indefinido irregular_verb jugar low_irregularity regular_form tú_vos "
"↧ En aquel momento ↧él/ella/usted _____ (con el gato)","jugó","Intermediate","fill_in_blank","jugar","None","None","No","No"," ends_in_ar in_the_wild indefinido irregular_verb jugar low_irregularity refrán regular_form él_ella_usted "
"↧ En aquel momento ↧nosotros _____ (con el gato)","jugamos","Intermediate","fill_in_blank","jugar","None","None","No","No"," ends_in_ar indefinido irregular_verb jugar low_irregularity nosotros regular_form "
"↧ En aquel momento ↧vosotros _____ (con el gato)","jugasteis","Intermediate","fill_in_blank","jugar","None","None","No","No"," ends_in_ar indefinido irregular_verb jugar low_irregularity regular_form vosotros "
"↧ En aquel momento ↧ellos/ellas/ustedes _____ (con el gato)","jugaron","Intermediate","fill_in_blank","jugar","None","None","No","No"," ellos_ellas_ustedes ends_in_ar in_the_wild indefinido irregular_verb jugar low_irregularity modismo regular_form "
"→ En el futuro, →yo _____ (al ajedrez)","jugaré","Intermediate","fill_in_blank","jugar","None","None","No","No"," ends_in_ar futuro irregular_verb jugar low_irregularity regular_form yo "
"→ En el futuro, →tú/vos _____ (al ajedrez)","jugarás","Intermediate","fill_in_blank","jugar","None","None","No","No"," ends_in_ar futuro irregular_verb jugar low_irregularity regular_form tú_vos "
"→ En el futuro, →él/ella/usted _____ (al ajedrez)","jugará","Intermediate","fill_in_blank","jugar","None","None","No","No"," ends_in_ar futuro in_the_wild irregular_verb jugar low_irregularity refrán regular_form él_ella_usted "
"→ En el futuro, →nosotros _____ (al ajedrez)","jugaremos","Intermediate","fill_in_blank","jugar","None","None","No","No"," ends_in_ar futuro irregular_verb jugar low_irregularity nosotros regular_form "
"→ En el futuro, →vosotros _____ (al ajedrez)","jugaréis","Intermediate","fill_in_blank","jugar","None","None","No","No"," ends_in_ar futuro irregular_verb jugar low_irregularity regular_form vosotros "
"→ En el futuro, →ellos/ellas/ustedes _____ (al ajedrez)","jugarán","Intermediate","fill_in_blank","jugar","None","None","No","No"," ellos_ellas_ustedes ends_in_ar futuro irregular_verb jugar low_irregularity regular_form "
"… Si ocurriese esto, …yo _____ (con el gato)","jugaría","Intermediate","fill_in_blank","jugar","None","None","No","No"," condicional ends_in_ar irregular_verb jugar low_irregularity regular_form yo "
"… Si sucediera esto, …tú/vos _____ (con el gato)","jugarías","Intermediate","fill_in_blank","jugar","None","None","No","No"," condicional ends_in_ar irregular_verb jugar low_irregularity regular_form tú_vos "
"… Si acaeciera algo, …él/ella/usted _____ (con el gato)","jugaría","Intermediate","fill_in_blank","jugar","None","None","No","No"," condicional ends_in_ar irregular_verb jugar low_irregularity regular_form él_ella_usted "
"… Si pasara algo, …nosotros _____ (con el gato)","jugaríamos","Intermediate","fill_in_blank","jugar","None","None","No","No"," condicional ends_in_ar irregular_verb jugar low_irregularity nosotros regular_form "
"… Si aconteciese esto, …vosotros _____ (con el gato)","jugaríais","Intermediate","fill_in_blank","jugar","None","None","No","No"," condicional ends_in_ar irregular_verb jugar low_irregularity regular_form vosotros "
"… Si se produjera esto, …ellos/ellas/ustedes _____ (con el gato)","jugarían","Intermediate","fill_in_blank","jugar","None","None","No","No"," condicional ellos_ellas_ustedes ends_in_ar irregular_verb jugar low_irregularity regular_form "
"〰 Resulta divertido que 〰yo _____ (con el gato)","juegue","Elementary","fill_in_blank","jugar","None","None","No","No"," ends_in_ar irregular_form irregular_verb jugar low_irregularity subjuntivo_presente yo "
"〰 Resulta divertido que 〰tú/vos _____ (con el gato)","juegues","Elementary","fill_in_blank","jugar","None","None","No","No"," ends_in_ar irregular_form irregular_verb jugar low_irregularity subjuntivo_presente tú_vos "
"〰 Resulta divertido que 〰él/ella/usted _____ (con el gato)","juegue","Elementary","fill_in_blank","jugar","None","None","No","No"," ends_in_ar irregular_form irregular_verb jugar low_irregularity subjuntivo_presente él_ella_usted "
"〰 Resulta divertido que 〰nosotros _____ (con el gato)","juguemos","Elementary","fill_in_blank","jugar","None","None","No","No"," ends_in_ar irregular_verb jugar low_irregularity nosotros regular_form regular_spelling_change subjuntivo_presente "
"〰 Resulta divertido que 〰vosotros _____ (con el gato)","juguéis","Elementary","fill_in_blank","jugar","None","None","No","No"," ends_in_ar irregular_verb jugar low_irregularity regular_form regular_spelling_change subjuntivo_presente vosotros "
"〰 Resulta divertido que 〰ellos/ellas/ustedes _____ (con el gato)","jueguen","Elementary","fill_in_blank","jugar","None","None","No","No"," ellos_ellas_ustedes ends_in_ar irregular_form irregular_verb jugar low_irregularity subjuntivo_presente "
"↫ Fue sorprendente que ↫yo _____ (al ajedrez)","jugara | jugase","Advanced","fill_in_blank","jugar","None","None","No","No"," ends_in_ar irregular_verb jugar low_irregularity regular_form subjuntivo_pasado yo "
"↫ Fue sorprendente que ↫tú/vos _____ (al ajedrez)","jugaras | jugases","Advanced","fill_in_blank","jugar","None","None","No","No"," ends_in_ar irregular_verb jugar low_irregularity regular_form subjuntivo_pasado tú_vos "
"↫ Fue sorprendente que ↫él/ella/usted _____ (al ajedrez)","jugara | jugase","Advanced","fill_in_blank","jugar","None","None","No","No"," ends_in_ar irregular_verb jugar low_irregularity regular_form subjuntivo_pasado él_ella_usted "
"↫ Fue sorprendente que ↫nosotros _____ (al ajedrez)","jugáramos | jugásemos","Advanced","fill_in_blank","jugar","None","None","No","No"," ends_in_ar irregular_verb jugar low_irregularity nosotros regular_form subjuntivo_pasado "
"↫ Fue sorprendente que ↫vosotros _____ (al ajedrez)","jugarais | jugaseis","Advanced","fill_in_blank","jugar","None","None","No","No"," ends_in_ar irregular_verb jugar low_irregularity regular_form subjuntivo_pasado vosotros "
"↫ Fue sorprendente que ↫ellos/ellas/ustedes _____ (al ajedrez)","jugaran | jugasen","Advanced","fill_in_blank","jugar","None","None","No","No"," ellos_ellas_ustedes ends_in_ar irregular_verb jugar low_irregularity regular_form subjuntivo_pasado "
"Hombre, por favor,¡ _____ (al ajedrez), ya !(tú)","juega","Intermediate","fill_in_blank","jugar","None","None","No","No"," ends_in_ar imperativo in_the_wild irregular_form irregular_verb jugar low_irregularity refrán tú tú_vos "
"Hombre, por favor,¡ _____ (al ajedrez), ya !(vos)","jugá","Intermediate","fill_in_blank","jugar","None","None","No","No"," ends_in_ar imperativo irregular_verb jugar low_irregularity regular_form tú_vos vos "
"Mujer, por favor,¡ no _____ (sin mí) !(tú/vos)","juegues","Intermediate","fill_in_blank","jugar","None","None","No","No"," ends_in_ar imperativo irregular_form irregular_verb jugar low_irregularity negative_imperativo tú_vos "
"Señora, por favor,¡ (que) _____ (al ajedrez), ya !(él/ella/usted)","juegue","Intermediate","fill_in_blank","jugar","None","None","No","No"," ends_in_ar imperativo irregular_form irregular_verb jugar low_irregularity él_ella_usted "
"Vámonos equipo, por favor,¡ (que) _____ (al ajedrez), ya !(nosotros)","juguemos","Intermediate","fill_in_blank","jugar","None","None","No","No"," ends_in_ar imperativo irregular_verb jugar low_irregularity nosotros regular_form regular_spelling_change "
"Tú y tú, por favor,¡ _____ (al ajedrez), ya !(vosotros)","jugad","Intermediate","fill_in_blank","jugar","None","None","No","No"," ends_in_ar imperativo irregular_verb jugar low_irregularity regular_form vosotros "
"Señores, por favor,¡ (que) _____ (al ajedrez), ya ! (ellos/ellas/ustedes)","jueguen","Intermediate","fill_in_blank","jugar","None","None","No","No"," ellos_ellas_ustedes ends_in_ar imperativo irregular_form irregular_verb jugar low_irregularity "
"↬ Si en un dudoso futuro ↬yo _____ así, ¡suerte!","jugare","Advanced","fill_in_blank","jugar","None","None","No","No"," ends_in_ar irregular_verb jugar low_irregularity regular_form subjuntivo_futuro yo "
"↬ Si en un dudoso futuro ↬tú/vos _____ así, ¡suerte!","jugares","Advanced","fill_in_blank","jugar","None","None","No","No"," ends_in_ar irregular_verb jugar low_irregularity regular_form subjuntivo_futuro tú_vos "
"↬ Si en un dudoso futuro ↬él/ella/usted _____ así, ¡suerte!","jugare","Advanced","fill_in_blank","jugar","None","None","No","No"," ends_in_ar irregular_verb jugar low_irregularity regular_form subjuntivo_futuro él_ella_usted "
"↬ Si en un dudoso futuro ↬nosotros _____ así, ¡suerte!","jugáremos","Advanced","fill_in_blank","jugar","None","None","No","No"," ends_in_ar irregular_verb jugar low_irregularity nosotros regular_form subjuntivo_futuro "
"↬ Si en un dudoso futuro ↬vosotros _____ así, ¡suerte!","jugareis","Advanced","fill_in_blank","jugar","None","None","No","No"," ends_in_ar irregular_verb jugar low_irregularity regular_form subjuntivo_futuro vosotros "
"↬ Si en un dudoso futuro ↬ellos/ellas/ustedes _____ así, ¡suerte!","jugaren","Advanced","fill_in_blank","jugar","None","None","No","No"," ellos_ellas_ustedes ends_in_ar irregular_verb jugar low_irregularity regular_form subjuntivo_futuro "
"El verbo enél eligees _____","elegir","Intermediate","fill_in_blank","None","None","None","No","No"," dicho elegir ends_in_ir high_irregularity in_the_wild infinitivo irregular_verb regular_form "
"Mientras estoy estudiando…ella está _____ (nuestra próxima destinación)","eligiendo","Intermediate","fill_in_blank","elegir","None","None","No","No"," elegir ends_in_ir gerundio high_irregularity irregular_form irregular_verb "
"Hugo ha _____ (una carrera)","elegido | electo","Intermediate","fill_in_blank","elegir","None","None","No","No"," elegir ends_in_ir high_irregularity irregular_form irregular_verb participio "
"⊙ Ahora mismo, ⊙yo _____ (destinaciones exóticas)","elijo","Elementary","fill_in_blank","elegir","None","None","No","No"," elegir ends_in_ir high_irregularity irregular_form irregular_verb presente yo "
"⊙ Ahora mismo, ⊙tú _____ (destinaciones exóticas)","eliges","Elementary","fill_in_blank","elegir","None","None","No","No"," elegir ends_in_ir high_irregularity irregular_form irregular_verb presente tú tú_vos "
"⊙ Ahora mismo, ⊙vos _____ (destinaciones exóticas)","elegís","Elementary","fill_in_blank","elegir","None","None","No","No"," elegir ends_in_ir high_irregularity irregular_verb presente regular_form tú_vos vos "
"⊙ Ahora mismo, ⊙él/ella/usted _____ (destinaciones exóticas)","elige","Elementary","fill_in_blank","elegir","None","None","No","No"," elegir ends_in_ir high_irregularity in_the_wild irregular_form irregular_verb presente refrán él_ella_usted "
"⊙ Ahora mismo, ⊙nosotros _____ (destinaciones exóticas)","elegimos","Elementary","fill_in_blank","elegir","None","None","No","No"," elegir ends_in_ir high_irregularity irregular_verb nosotros presente regular_form "
"⊙ Ahora mismo, ⊙vosotros _____ (destinaciones exóticas)","elegís","Elementary","fill_in_blank","elegir","None","None","No","No"," elegir ends_in_ir high_irregularity irregular_verb presente regular_form vosotros "
"⊙ Ahora mismo, ⊙ellos/ellas/ustedes _____ (destinaciones exóticas)","eligen","Elementary","fill_in_blank","elegir","None","None","No","No"," elegir ellos_ellas_ustedes ends_in_ir high_irregularity irregular_form irregular_verb presente "
"⇠ En esa época, a menudo, ⇠yo _____ (destinaciones exóticas)","elegía","Intermediate","fill_in_blank","elegir","None","None","No","No"," elegir ends_in_ir high_irregularity imperfecto irregular_verb regular_form yo "
"⇠ En esa época, a menudo, ⇠tú/vos _____ (destinaciones exóticas)","elegías","Intermediate","fill_in_blank","elegir","None","None","No","No"," elegir ends_in_ir high_irregularity imperfecto irregular_verb regular_form tú_vos "
"⇠ En esa época, a menudo, ⇠él/ella/usted _____ (destinaciones exóticas)","elegía","Intermediate","fill_in_blank","elegir","None","None","No","No"," elegir ends_in_ir high_irregularity imperfecto irregular_verb regular_form él_ella_usted "
"⇠ En esa época, a menudo, ⇠nosotros _____ (destinaciones exóticas)","elegíamos","Intermediate","fill_in_blank","elegir","None","None","No","No"," elegir ends_in_ir high_irregularity imperfecto irregular_verb nosotros regular_form "
"⇠ En esa época, a menudo, ⇠vosotros _____ (destinaciones exóticas)","elegíais","Intermediate","fill_in_blank","elegir","None","None","No","No"," elegir ends_in_ir high_irregularity imperfecto irregular_verb regular_form vosotros "
"⇠ En esa época, a menudo, ⇠ellos/ellas/ustedes _____ (destinaciones exóticas)","elegían","Intermediate","fill_in_blank","elegir","None","None","No","No"," elegir ellos_ellas_ustedes ends_in_ir high_irregularity imperfecto irregular_verb regular_form "
"↧ En aquel momento ↧yo _____ (destinaciones exóticas)","elegí","Intermediate","fill_in_blank","elegir","None","None","No","No"," elegir ends_in_ir high_irregularity indefinido irregular_verb regular_form yo "
"↧ En aquel momento ↧tú/vos _____ (destinaciones exóticas)","elegiste","Intermediate","fill_in_blank","elegir","None","None","No","No"," elegir ends_in_ir high_irregularity indefinido irregular_verb regular_form tú_vos "
"↧ En aquel momento ↧él/ella/usted _____ (destinaciones exóticas)","eligió","Intermediate","fill_in_blank","elegir","None","None","No","No"," elegir ends_in_ir high_irregularity indefinido irregular_form irregular_verb él_ella_usted "
"↧ En aquel momento ↧nosotros _____ (destinaciones exóticas)","elegimos","Intermediate","fill_in_blank","elegir","None","None","No","No"," elegir ends_in_ir high_irregularity indefinido irregular_verb nosotros regular_form "
"↧ En aquel momento ↧vosotros _____ (destinaciones exóticas)","elegisteis","Intermediate","fill_in_blank","elegir","None","None","No","No"," elegir ends_in_ir high_irregularity indefinido irregular_verb regular_form vosotros "
"↧ En aquel momento ↧ellos/ellas/ustedes _____ (destinaciones exóticas)","eligieron","Intermediate","fill_in_blank","elegir","None","None","No","No"," elegir ellos_ellas_ustedes ends_in_ir high_irregularity indefinido irregular_form irregular_verb "
"→ En el futuro, →yo _____ (destinaciones exóticas)","elegiré","Intermediate","fill_in_blank","elegir","None","None","No","No"," elegir ends_in_ir futuro high_irregularity irregular_verb regular_form yo "
"→ En el futuro, →tú/vos _____ (destinaciones exóticas)","elegirás","Intermediate","fill_in_blank","elegir","None","None","No","No"," elegir ends_in_ir futuro high_irregularity irregular_verb regular_form tú_vos "
"→ En el futuro, →él/ella/usted _____ (destinaciones exóticas)","elegirá","Intermediate","fill_in_blank","elegir","None","None","No","No"," elegir ends_in_ir futuro high_irregularity irregular_verb regular_form él_ella_usted "
"→ En el futuro, →nosotros _____ (destinaciones exóticas)","elegiremos","Intermediate","fill_in_blank","elegir","None","None","No","No"," elegir ends_in_ir futuro high_irregularity irregular_verb nosotros regular_form "
"→ En el futuro, →vosotros _____ (destinaciones exóticas)","elegiréis","Intermediate","fill_in_blank","elegir","None","None","No","No"," elegir ends_in_ir futuro high_irregularity irregular_verb regular_form vosotros "
"→ En el futuro, →ellos/ellas/ustedes _____ (destinaciones exóticas)","elegirán","Intermediate","fill_in_blank","elegir","None","None","No","No"," elegir ellos_ellas_ustedes ends_in_ir futuro high_irregularity irregular_verb regular_form "
"… Si ocurriese esto, …yo _____ (destinaciones exóticas)","elegiría","Intermediate","fill_in_blank","elegir","None","None","No","No"," condicional elegir ends_in_ir high_irregularity irregular_verb regular_form yo "
"… Si sucediera esto, …tú/vos _____ (destinaciones exóticas)","elegirías","Intermediate","fill_in_blank","elegir","None","None","No","No"," condicional elegir ends_in_ir high_irregularity irregular_verb regular_form tú_vos "
"… Si acaeciera algo, …él/ella/usted _____ (destinaciones exóticas)","elegiría","Intermediate","fill_in_blank","elegir","None","None","No","No"," condicional elegir ends_in_ir high_irregularity irregular_verb regular_form él_ella_usted "
"… Si pasara algo, …nosotros _____ (destinaciones exóticas)","elegiríamos","Intermediate","fill_in_blank","elegir","None","None","No","No"," condicional elegir ends_in_ir high_irregularity irregular_verb nosotros regular_form "
"… Si aconteciese esto, …vosotros _____ (destinaciones exóticas)","elegiríais","Intermediate","fill_in_blank","elegir","None","None","No","No"," condicional elegir ends_in_ir high_irregularity irregular_verb regular_form vosotros "
"… Si se produjera esto, …ellos/ellas/ustedes _____ (destinaciones exóticas)","elegirían","Intermediate","fill_in_blank","elegir","None","None","No","No"," condicional elegir ellos_ellas_ustedes ends_in_ir high_irregularity irregular_verb regular_form "
"〰 Resulta divertido que 〰yo _____ (destinaciones exóticas)","elija","Elementary","fill_in_blank","elegir","None","None","No","No"," elegir ends_in_ir high_irregularity irregular_form irregular_verb subjuntivo_presente yo "
"〰 Resulta divertido que 〰tú/vos _____ (destinaciones exóticas)","elijas","Elementary","fill_in_blank","elegir","None","None","No","No"," elegir ends_in_ir high_irregularity irregular_form irregular_verb subjuntivo_presente tú_vos "
"〰 Resulta divertido que 〰él/ella/usted _____ (destinaciones exóticas)","elija","Elementary","fill_in_blank","elegir","None","None","No","No"," elegir ends_in_ir high_irregularity irregular_form irregular_verb subjuntivo_presente él_ella_usted "
"〰 Resulta divertido que 〰nosotros _____ (destinaciones exóticas)","elijamos","Elementary","fill_in_blank","elegir","None","None","No","No"," elegir ends_in_ir high_irregularity irregular_form irregular_verb nosotros subjuntivo_presente "
"〰 Resulta divertido que 〰vosotros _____ (destinaciones exóticas)","elijáis","Elementary","fill_in_blank","elegir","None","None","No","No"," elegir ends_in_ir high_irregularity irregular_form irregular_verb subjuntivo_presente vosotros "
"〰 Resulta divertido que 〰ellos/ellas/ustedes _____ (destinaciones exóticas)","elijan","Elementary","fill_in_blank","elegir","None","None","No","No"," elegir ellos_ellas_ustedes ends_in_ir high_irregularity irregular_form irregular_verb subjuntivo_presente "
"↫ Fue sorprendente que ↫yo _____ (destinaciones exóticas)","eligiera | eligiese","Advanced","fill_in_blank","elegir","None","None","No","No"," elegir ends_in_ir high_irregularity irregular_form irregular_verb subjuntivo_pasado yo "
"↫ Fue sorprendente que ↫tú/vos _____ (destinaciones exóticas)","eligieras | eligieses","Advanced","fill_in_blank","elegir","None","None","No","No"," elegir ends_in_ir high_irregularity irregular_form irregular_verb subjuntivo_pasado tú_vos "
"↫ Fue sorprendente que ↫él/ella/usted _____ (destinaciones exóticas)","eligiera | eligiese","Advanced","fill_in_blank","elegir","None","None","No","No"," elegir ends_in_ir high_irregularity irregular_form irregular_verb subjuntivo_pasado él_ella_usted "
"↫ Fue sorprendente que ↫nosotros _____ (destinaciones exóticas)","eligiéramos | eligiésemos","Advanced","fill_in_blank","elegir","None","None","No","No"," elegir ends_in_ir high_irregularity irregular_form irregular_verb nosotros subjuntivo_pasado "
"↫ Fue sorprendente que ↫vosotros _____ (destinaciones exóticas)","eligierais | eligieseis","Advanced","fill_in_blank","elegir","None","None","No","No"," elegir ends_in_ir high_irregularity irregular_form irregular_verb subjuntivo_pasado vosotros "
"↫ Fue sorprendente que ↫ellos/ellas/ustedes _____ (destinaciones exóticas)","eligieran | eligiesen","Advanced","fill_in_blank","elegir","None","None","No","No"," elegir ellos_ellas_ustedes ends_in_ir high_irregularity irregular_form irregular_verb subjuntivo_pasado "
"Hombre, por favor,¡ _____ (esta opción), ya !(tú)","elige","Intermediate","fill_in_blank","elegir","None","None","No","No"," elegir ends_in_ir high_irregularity imperativo irregular_form irregular_verb tú tú_vos "
"Hombre, por favor,¡ _____ (esta opción), ya !(vos)","elegí","Intermediate","fill_in_blank","elegir","None","None","No","No"," elegir ends_in_ir high_irregularity imperativo irregular_verb regular_form tú_vos vos "
"Mujer, por favor,¡ no _____ (esta opción) !(tú/vos)","elijas","Intermediate","fill_in_blank","elegir","None","None","No","No"," elegir ends_in_ir high_irregularity imperativo irregular_form irregular_verb negative_imperativo tú_vos "
"Señora, por favor,¡ (que) _____ (esta opción), ya !(él/ella/usted)","elija","Intermediate","fill_in_blank","elegir","None","None","No","No"," elegir ends_in_ir high_irregularity imperativo irregular_form irregular_verb él_ella_usted "
"Vámonos equipo, por favor,¡ (que) _____ (esta opción), ya !(nosotros)","elijamos","Intermediate","fill_in_blank","elegir","None","None","No","No"," elegir ends_in_ir high_irregularity imperativo irregular_form irregular_verb nosotros "
"Tú y tú, por favor,¡ _____ (esta opción), ya !(vosotros)","elegid","Intermediate","fill_in_blank","elegir","None","None","No","No"," elegir ends_in_ir high_irregularity imperativo irregular_verb regular_form vosotros "
"Señores, por favor,¡ (que) _____ (esta opción), ya ! (ellos/ellas/ustedes)","elijan","Intermediate","fill_in_blank","elegir","None","None","No","No"," elegir ellos_ellas_ustedes ends_in_ir high_irregularity imperativo irregular_form irregular_verb "
"↬ Si en un dudoso futuro ↬yo lo _____, ¡suerte!","eligiere","Advanced","fill_in_blank","elegir","None","None","No","No"," elegir ends_in_ir high_irregularity irregular_form irregular_verb subjuntivo_futuro yo "
"↬ Si en un dudoso futuro ↬tú/vos lo _____, ¡suerte!","eligieres","Advanced","fill_in_blank","elegir","None","None","No","No"," elegir ends_in_ir high_irregularity irregular_form irregular_verb subjuntivo_futuro tú_vos "
"↬ Si en un dudoso futuro ↬él/ella/usted lo _____, ¡suerte!","eligiere","Advanced","fill_in_blank","elegir","None","None","No","No"," elegir ends_in_ir high_irregularity irregular_form irregular_verb subjuntivo_futuro él_ella_usted "
"↬ Si en un dudoso futuro ↬nosotros lo _____, ¡suerte!","eligiéremos","Advanced","fill_in_blank","elegir","None","None","No","No"," elegir ends_in_ir high_irregularity irregular_form irregular_verb nosotros subjuntivo_futuro "
"↬ Si en un dudoso futuro ↬vosotros lo _____, ¡suerte!","eligiereis","Advanced","fill_in_blank","elegir","None","None","No","No"," elegir ends_in_ir high_irregularity irregular_form irregular_verb subjuntivo_futuro vosotros "
"↬ Si en un dudoso futuro ↬ellos/ellas/ustedes lo _____, ¡suerte!","eligieren","Advanced","fill_in_blank","elegir","None","None","No","No"," elegir ellos_ellas_ustedes ends_in_ir high_irregularity irregular_form irregular_verb subjuntivo_futuro "
"El verbo enél traees _____","traer","Intermediate","fill_in_blank","None","None","None","No","No"," ends_in_er high_irregularity infinitivo irregular_verb regular_form traer "
"Mientras estoy estudiando…ella está _____ (a su amiga a casa)","trayendo","Intermediate","fill_in_blank","traer","None","None","No","No"," ends_in_er gerundio high_irregularity irregular_verb regular_form regular_spelling_change traer "
"Hugo ha _____ (a su amiga a casa)","traído","Intermediate","fill_in_blank","traer","None","None","No","No"," ends_in_er high_irregularity irregular_form irregular_verb participio traer "
"⊙ Ahora mismo, ⊙yo _____ (fruta)","traigo","Elementary","fill_in_blank","traer","None","None","No","No"," ends_in_er high_irregularity irregular_form irregular_verb presente traer yo "
"⊙ Ahora mismo, ⊙tú _____ (fruta)","traes","Elementary","fill_in_blank","traer","None","None","No","No"," ends_in_er high_irregularity irregular_verb presente regular_form traer tú tú_vos "
"⊙ Ahora mismo, ⊙vos _____ (fruta)","traés","Elementary","fill_in_blank","traer","None","None","No","No"," ends_in_er high_irregularity irregular_verb presente regular_form traer tú_vos vos "
"⊙ Ahora mismo, ⊙él/ella/usted _____ (fruta)","trae","Elementary","fill_in_blank","traer","None","None","No","No"," ends_in_er high_irregularity in_the_wild irregular_verb modismo presente regular_form traer él_ella_usted "
"⊙ Ahora mismo, ⊙nosotros _____ (fruta)","traemos","Elementary","fill_in_blank","traer","None","None","No","No"," ends_in_er high_irregularity irregular_verb nosotros presente regular_form traer "
"⊙ Ahora mismo, ⊙vosotros _____ (fruta)","traéis","Elementary","fill_in_blank","traer","None","None","No","No"," ends_in_er high_irregularity irregular_verb presente regular_form traer vosotros "
"⊙ Ahora mismo, ⊙ellos/ellas/ustedes _____ (fruta)","traen","Elementary","fill_in_blank","traer","None","None","No","No"," ellos_ellas_ustedes ends_in_er high_irregularity irregular_verb presente regular_form traer "
"⇠ En esa época, a menudo, ⇠yo _____ (fruta)","traía","Intermediate","fill_in_blank","traer","None","None","No","No"," ends_in_er high_irregularity imperfecto irregular_verb regular_form traer yo "
"⇠ En esa época, a menudo, ⇠tú/vos _____ (fruta)","traías","Intermediate","fill_in_blank","traer","None","None","No","No"," ends_in_er high_irregularity imperfecto irregular_verb regular_form traer tú_vos "
"⇠ En esa época, a menudo, ⇠él/ella/usted _____ (fruta)","traía","Intermediate","fill_in_blank","traer","None","None","No","No"," ends_in_er high_irregularity imperfecto irregular_verb regular_form traer él_ella_usted "
"⇠ En esa época, a menudo, ⇠nosotros _____ (fruta)","traíamos","Intermediate","fill_in_blank","traer","None","None","No","No"," ends_in_er high_irregularity imperfecto irregular_verb nosotros regular_form traer "
"⇠ En esa época, a menudo, ⇠vosotros _____ (fruta)","traíais","Intermediate","fill_in_blank","traer","None","None","No","No"," ends_in_er high_irregularity imperfecto irregular_verb regular_form traer vosotros "
"⇠ En esa época, a menudo, ⇠ellos/ellas/ustedes _____ (fruta)","traían","Intermediate","fill_in_blank","traer","None","None","No","No"," ellos_ellas_ustedes ends_in_er high_irregularity imperfecto irregular_verb regular_form traer "
"↧ En aquel momento ↧yo _____ (fruta)","traje","Intermediate","fill_in_blank","traer","None","None","No","No"," ends_in_er high_irregularity indefinido irregular_form irregular_verb traer yo "
"↧ En aquel momento ↧tú/vos _____ (fruta)","trajiste","Intermediate","fill_in_blank","traer","None","None","No","No"," ends_in_er high_irregularity indefinido irregular_form irregular_verb traer tú_vos "
"↧ En aquel momento ↧él/ella/usted _____ (fruta)","trajo","Intermediate","fill_in_blank","traer","None","None","No","No"," ends_in_er high_irregularity indefinido irregular_form irregular_verb traer él_ella_usted "
"↧ En aquel momento ↧nosotros _____ (fruta)","trajimos","Intermediate","fill_in_blank","traer","None","None","No","No"," ends_in_er high_irregularity indefinido irregular_form irregular_verb nosotros traer "
"↧ En aquel momento ↧vosotros _____ (fruta)","trajisteis","Intermediate","fill_in_blank","traer","None","None","No","No"," ends_in_er high_irregularity indefinido irregular_form irregular_verb traer vosotros "
"↧ En aquel momento ↧ellos/ellas/ustedes _____ (fruta)","trajeron","Intermediate","fill_in_blank","traer","None","None","No","No"," ellos_ellas_ustedes ends_in_er high_irregularity indefinido irregular_form irregular_verb traer "
"→ En el futuro, →yo _____ (fruta)","traeré","Intermediate","fill_in_blank","traer","None","None","No","No"," ends_in_er futuro high_irregularity irregular_verb regular_form traer yo "
"→ En el futuro, →tú/vos _____ (fruta)","traerás","Intermediate","fill_in_blank","traer","None","None","No","No"," ends_in_er futuro high_irregularity irregular_verb regular_form traer tú_vos "
"→ En el futuro, →él/ella/usted _____ (fruta)","traerá","Intermediate","fill_in_blank","traer","None","None","No","No"," ends_in_er futuro high_irregularity irregular_verb regular_form traer él_ella_usted "
"→ En el futuro, →nosotros _____ (fruta)","traeremos","Intermediate","fill_in_blank","traer","None","None","No","No"," ends_in_er futuro high_irregularity irregular_verb nosotros regular_form traer "
"→ En el futuro, →vosotros _____ (fruta)","traeréis","Intermediate","fill_in_blank","traer","None","None","No","No"," ends_in_er futuro high_irregularity irregular_verb regular_form traer vosotros "
"→ En el futuro, →ellos/ellas/ustedes _____ (fruta)","traerán","Intermediate","fill_in_blank","traer","None","None","No","No"," ellos_ellas_ustedes ends_in_er futuro high_irregularity irregular_verb regular_form traer "
"… Si ocurriese esto, …yo _____ (fruta)","traería","Intermediate","fill_in_blank","traer","None","None","No","No"," condicional ends_in_er high_irregularity irregular_verb regular_form traer yo "
"… Si sucediera esto, …tú/vos _____ (fruta)","traerías","Intermediate","fill_in_blank","traer","None","None","No","No"," condicional ends_in_er high_irregularity irregular_verb regular_form traer tú_vos "
"… Si acaeciera algo, …él/ella/usted _____ (fruta)","traería","Intermediate","fill_in_blank","traer","None","None","No","No"," condicional ends_in_er high_irregularity irregular_verb regular_form traer él_ella_usted "
"… Si pasara algo, …nosotros _____ (fruta)","traeríamos","Intermediate","fill_in_blank","traer","None","None","No","No"," condicional ends_in_er high_irregularity irregular_verb nosotros regular_form traer "
"… Si aconteciese esto, …vosotros _____ (fruta)","traeríais","Intermediate","fill_in_blank","traer","None","None","No","No"," condicional ends_in_er high_irregularity irregular_verb regular_form traer vosotros "
"… Si se produjera esto, …ellos/ellas/ustedes _____ (fruta)","traerían","Intermediate","fill_in_blank","traer","None","None","No","No"," condicional ellos_ellas_ustedes ends_in_er high_irregularity irregular_verb regular_form traer "
"〰 Resulta divertido que 〰yo _____ (fruta)","traiga","Elementary","fill_in_blank","traer","None","None","No","No"," ends_in_er high_irregularity irregular_form irregular_verb subjuntivo_presente traer yo "
"〰 Resulta divertido que 〰tú/vos _____ (fruta)","traigas","Elementary","fill_in_blank","traer","None","None","No","No"," ends_in_er high_irregularity irregular_form irregular_verb subjuntivo_presente traer tú_vos "
"〰 Resulta divertido que 〰él/ella/usted _____ (fruta)","traiga","Elementary","fill_in_blank","traer","None","None","No","No"," ends_in_er high_irregularity irregular_form irregular_verb subjuntivo_presente traer él_ella_usted "
"〰 Resulta divertido que 〰nosotros _____ (fruta)","traigamos","Elementary","fill_in_blank","traer","None","None","No","No"," ends_in_er high_irregularity irregular_form irregular_verb nosotros subjuntivo_presente traer "
"〰 Resulta divertido que 〰vosotros _____ (fruta)","traigáis","Elementary","fill_in_blank","traer","None","None","No","No"," ends_in_er high_irregularity irregular_form irregular_verb subjuntivo_presente traer vosotros "
"〰 Resulta divertido que 〰ellos/ellas/ustedes _____ (fruta)","traigan","Elementary","fill_in_blank","traer","None","None","No","No"," ellos_ellas_ustedes ends_in_er high_irregularity irregular_form irregular_verb subjuntivo_presente traer "
"↫ Fue sorprendente que ↫yo _____ (fruta)","trajera | trajese","Advanced","fill_in_blank","traer","None","None","No","No"," ends_in_er high_irregularity irregular_form irregular_verb subjuntivo_pasado traer yo "
"↫ Fue sorprendente que ↫tú/vos _____ (fruta)","trajeras | trajeses","Advanced","fill_in_blank","traer","None","None","No","No"," ends_in_er high_irregularity irregular_form irregular_verb subjuntivo_pasado traer tú_vos "
"↫ Fue sorprendente que ↫él/ella/usted _____ (fruta)","trajera | trajese","Advanced","fill_in_blank","traer","None","None","No","No"," ends_in_er high_irregularity irregular_form irregular_verb subjuntivo_pasado traer él_ella_usted "
"↫ Fue sorprendente que ↫nosotros _____ (fruta)","trajéramos | trajésemos","Advanced","fill_in_blank","traer","None","None","No","No"," ends_in_er high_irregularity irregular_form irregular_verb nosotros subjuntivo_pasado traer "
"↫ Fue sorprendente que ↫vosotros _____ (fruta)","trajerais | trajeseis","Advanced","fill_in_blank","traer","None","None","No","No"," ends_in_er high_irregularity irregular_form irregular_verb subjuntivo_pasado traer vosotros "
"↫ Fue sorprendente que ↫ellos/ellas/ustedes _____ (fruta)","trajeran | trajesen","Advanced","fill_in_blank","traer","None","None","No","No"," ellos_ellas_ustedes ends_in_er high_irregularity irregular_form irregular_verb subjuntivo_pasado traer "
"Hombre, por favor,¡ _____ (más fruta), ya !(tú)","trae","Intermediate","fill_in_blank","traer","None","None","No","No"," ends_in_er high_irregularity imperativo irregular_verb regular_form traer tú tú_vos "
"Hombre, por favor,¡ _____ (más fruta), ya !(vos)","traé","Intermediate","fill_in_blank","traer","None","None","No","No"," ends_in_er high_irregularity imperativo irregular_verb regular_form traer tú_vos vos "
"Mujer, por favor,¡ no _____ (más fruta) !(tú/vos)","traigas","Intermediate","fill_in_blank","traer","None","None","No","No"," ends_in_er high_irregularity imperativo irregular_form irregular_verb negative_imperativo traer tú_vos "
"Señora, por favor,¡ (que) _____ (más fruta), ya !(él/ella/usted)","traiga","Intermediate","fill_in_blank","traer","None","None","No","No"," ends_in_er high_irregularity imperativo irregular_form irregular_verb traer él_ella_usted "
"Vámonos equipo, por favor,¡ (que) _____ (más fruta), ya !(nosotros)","traigamos","Intermediate","fill_in_blank","traer","None","None","No","No"," ends_in_er high_irregularity imperativo irregular_form irregular_verb nosotros traer "
"Tú y tú, por favor,¡ _____ (más fruta), ya !(vosotros)","traed","Intermediate","fill_in_blank","traer","None","None","No","No"," ends_in_er high_irregularity imperativo irregular_verb regular_form traer vosotros "
"Señores, por favor,¡ (que) _____ (más fruta), ya ! (ellos/ellas/ustedes)","traigan","Intermediate","fill_in_blank","traer","None","None","No","No"," ellos_ellas_ustedes ends_in_er high_irregularity imperativo irregular_form irregular_verb traer "
"↬ Si en un dudoso futuro ↬yo lo _____, ¡suerte!","trajere","Advanced","fill_in_blank","traer","None","None","No","No"," ends_in_er high_irregularity irregular_form irregular_verb subjuntivo_futuro traer yo "
"↬ Si en un dudoso futuro ↬tú/vos lo _____, ¡suerte!","trajeres","Advanced","fill_in_blank","traer","None","None","No","No"," ends_in_er high_irregularity irregular_form irregular_verb subjuntivo_futuro traer tú_vos "
"↬ Si en un dudoso futuro ↬él/ella/usted lo _____, ¡suerte!","trajere","Advanced","fill_in_blank","traer","None","None","No","No"," ends_in_er high_irregularity irregular_form irregular_verb subjuntivo_futuro traer él_ella_usted "
"↬ Si en un dudoso futuro ↬nosotros lo _____, ¡suerte!","trajéremos","Advanced","fill_in_blank","traer","None","None","No","No"," ends_in_er high_irregularity irregular_form irregular_verb nosotros subjuntivo_futuro traer "
"↬ Si en un dudoso futuro ↬vosotros lo _____, ¡suerte!","trajereis","Advanced","fill_in_blank","traer","None","None","No","No"," ends_in_er high_irregularity irregular_form irregular_verb subjuntivo_futuro traer vosotros "
"↬ Si en un dudoso futuro ↬ellos/ellas/ustedes lo _____, ¡suerte!","trajeren","Advanced","fill_in_blank","traer","None","None","No","No"," ellos_ellas_ustedes ends_in_er high_irregularity irregular_form irregular_verb subjuntivo_futuro traer "
"El verbo enél andaes _____","andar","Intermediate","fill_in_blank","None","None","None","No","No"," andar ends_in_ar in_the_wild infinitivo irregular_verb moderate_irregularity modismo regular_form "
"Mientras estoy estudiando…ella está _____ (por las calles)","andando","Intermediate","fill_in_blank","andar","None","None","No","No"," andar dicho ends_in_ar gerundio in_the_wild irregular_verb moderate_irregularity regular_form "
"Hugo ha _____ (por las calles)","andado","Intermediate","fill_in_blank","andar","None","None","No","No"," andar ends_in_ar in_the_wild irregular_verb moderate_irregularity modismo participio regular_form "
"⊙ Ahora mismo, ⊙yo _____ (por las calles)","ando","Elementary","fill_in_blank","andar","None","None","No","No"," andar ends_in_ar irregular_verb moderate_irregularity presente regular_form yo "
"⊙ Ahora mismo, ⊙tú _____ (por las calles)","andas","Elementary","fill_in_blank","andar","None","None","No","No"," andar ends_in_ar irregular_verb moderate_irregularity presente regular_form tú tú_vos "
"⊙ Ahora mismo, ⊙vos _____ (por las calles)","andás","Elementary","fill_in_blank","andar","None","None","No","No"," andar ends_in_ar irregular_verb moderate_irregularity presente regular_form tú_vos vos "
"⊙ Ahora mismo, ⊙él/ella/usted _____ (por las calles)","anda","Elementary","fill_in_blank","andar","None","None","No","No"," andar ends_in_ar in_the_wild irregular_verb moderate_irregularity modismo presente regular_form él_ella_usted "
"⊙ Ahora mismo, ⊙nosotros _____ (por las calles)","andamos","Elementary","fill_in_blank","andar","None","None","No","No"," andar ends_in_ar irregular_verb moderate_irregularity nosotros presente regular_form "
"⊙ Ahora mismo, ⊙vosotros _____ (por las calles)","andáis","Elementary","fill_in_blank","andar","None","None","No","No"," andar ends_in_ar irregular_verb moderate_irregularity presente regular_form vosotros "
"⊙ Ahora mismo, ⊙ellos/ellas/ustedes _____ (por las calles)","andan","Elementary","fill_in_blank","andar","None","None","No","No"," andar ellos_ellas_ustedes ends_in_ar in_the_wild irregular_verb moderate_irregularity modismo presente regular_form "
"⇠ En esa época, a menudo, ⇠yo _____ (por las calles)","andaba","Intermediate","fill_in_blank","andar","None","None","No","No"," andar ends_in_ar imperfecto irregular_verb moderate_irregularity regular_form yo "
"⇠ En esa época, a menudo, ⇠tú/vos _____ (por las calles)","andabas","Intermediate","fill_in_blank","andar","None","None","No","No"," andar ends_in_ar imperfecto irregular_verb moderate_irregularity regular_form tú_vos "
"⇠ En esa época, a menudo, ⇠él/ella/usted _____ (por las calles)","andaba","Intermediate","fill_in_blank","andar","None","None","No","No"," andar ends_in_ar imperfecto irregular_verb moderate_irregularity regular_form él_ella_usted "
"⇠ En esa época, a menudo, ⇠nosotros _____ (por las calles)","andábamos","Intermediate","fill_in_blank","andar","None","None","No","No"," andar ends_in_ar imperfecto irregular_verb moderate_irregularity nosotros regular_form "
"⇠ En esa época, a menudo, ⇠vosotros _____ (por las calles)","andabais","Intermediate","fill_in_blank","andar","None","None","No","No"," andar ends_in_ar imperfecto irregular_verb moderate_irregularity regular_form vosotros "
"⇠ En esa época, a menudo, ⇠ellos/ellas/ustedes _____ (por las calles)","andaban","Intermediate","fill_in_blank","andar","None","None","No","No"," andar ellos_ellas_ustedes ends_in_ar imperfecto irregular_verb moderate_irregularity regular_form "
"↧ En aquel momento ↧yo _____ (por las calles)","anduve","Intermediate","fill_in_blank","andar","None","None","No","No"," andar ends_in_ar indefinido irregular_form irregular_verb moderate_irregularity yo "
"↧ En aquel momento ↧tú/vos _____ (por las calles)","anduviste","Intermediate","fill_in_blank","andar","None","None","No","No"," andar ends_in_ar indefinido irregular_form irregular_verb moderate_irregularity tú_vos "
"↧ En aquel momento ↧él/ella/usted _____ (por las calles)","anduvo","Intermediate","fill_in_blank","andar","None","None","No","No"," andar ends_in_ar in_the_wild indefinido irregular_form irregular_verb moderate_irregularity modismo él_ella_usted "
"↧ En aquel momento ↧nosotros _____ (por las calles)","anduvimos","Intermediate","fill_in_blank","andar","None","None","No","No"," andar ends_in_ar indefinido irregular_form irregular_verb moderate_irregularity nosotros "
"↧ En aquel momento ↧vosotros _____ (por las calles)","anduvisteis","Intermediate","fill_in_blank","andar","None","None","No","No"," andar ends_in_ar indefinido irregular_form irregular_verb moderate_irregularity vosotros "
"↧ En aquel momento ↧ellos/ellas/ustedes _____ (por las calles)","anduvieron","Intermediate","fill_in_blank","andar","None","None","No","No"," andar ellos_ellas_ustedes ends_in_ar indefinido irregular_form irregular_verb moderate_irregularity "
"→ En el futuro, →yo _____ (por las calles)","andaré","Intermediate","fill_in_blank","andar","None","None","No","No"," andar ends_in_ar futuro in_the_wild irregular_verb moderate_irregularity modismo regular_form yo "
"→ En el futuro, →tú/vos _____ (por las calles)","andarás","Intermediate","fill_in_blank","andar","None","None","No","No"," andar ends_in_ar futuro irregular_verb moderate_irregularity regular_form tú_vos "
"→ En el futuro, →él/ella/usted _____ (por las calles)","andará","Intermediate","fill_in_blank","andar","None","None","No","No"," andar ends_in_ar futuro irregular_verb moderate_irregularity regular_form él_ella_usted "
"→ En el futuro, →nosotros _____ (por las calles)","andaremos","Intermediate","fill_in_blank","andar","None","None","No","No"," andar ends_in_ar futuro irregular_verb moderate_irregularity nosotros regular_form "
"→ En el futuro, →vosotros _____ (por las calles)","andaréis","Intermediate","fill_in_blank","andar","None","None","No","No"," andar ends_in_ar futuro irregular_verb moderate_irregularity regular_form vosotros "
"→ En el futuro, →ellos/ellas/ustedes _____ (por las calles)","andarán","Intermediate","fill_in_blank","andar","None","None","No","No"," andar ellos_ellas_ustedes ends_in_ar futuro irregular_verb moderate_irregularity regular_form "
"… Si ocurriese esto, …yo _____ (por las calles)","andaría","Intermediate","fill_in_blank","andar","None","None","No","No"," andar condicional ends_in_ar irregular_verb moderate_irregularity regular_form yo "
"… Si sucediera esto, …tú/vos _____ (por las calles)","andarías","Intermediate","fill_in_blank","andar","None","None","No","No"," andar condicional ends_in_ar irregular_verb moderate_irregularity regular_form tú_vos "
"… Si acaeciera algo, …él/ella/usted _____ (por las calles)","andaría","Intermediate","fill_in_blank","andar","None","None","No","No"," andar condicional ends_in_ar irregular_verb moderate_irregularity regular_form él_ella_usted "
"… Si pasara algo, …nosotros _____ (por las calles)","andaríamos","Intermediate","fill_in_blank","andar","None","None","No","No"," andar condicional ends_in_ar irregular_verb moderate_irregularity nosotros regular_form "
"… Si aconteciese esto, …vosotros _____ (por las calles)","andaríais","Intermediate","fill_in_blank","andar","None","None","No","No"," andar condicional ends_in_ar irregular_verb moderate_irregularity regular_form vosotros "
"… Si se produjera esto, …ellos/ellas/ustedes _____ (por las calles)","andarían","Intermediate","fill_in_blank","andar","None","None","No","No"," andar condicional ellos_ellas_ustedes ends_in_ar irregular_verb moderate_irregularity regular_form "
"〰 Resulta divertido que 〰yo _____ (por las calles)","ande","Elementary","fill_in_blank","andar","None","None","No","No"," andar ends_in_ar irregular_verb moderate_irregularity regular_form subjuntivo_presente yo "
"〰 Resulta divertido que 〰tú/vos _____ (por las calles)","andes","Elementary","fill_in_blank","andar","None","None","No","No"," andar ends_in_ar irregular_verb moderate_irregularity regular_form subjuntivo_presente tú_vos "
"〰 Resulta divertido que 〰él/ella/usted _____ (por las calles)","ande","Elementary","fill_in_blank","andar","None","None","No","No"," andar ends_in_ar irregular_verb moderate_irregularity regular_form subjuntivo_presente él_ella_usted "
"〰 Resulta divertido que 〰nosotros _____ (por las calles)","andemos","Elementary","fill_in_blank","andar","None","None","No","No"," andar ends_in_ar irregular_verb moderate_irregularity nosotros regular_form subjuntivo_presente "
"〰 Resulta divertido que 〰vosotros _____ (por las calles)","andéis","Elementary","fill_in_blank","andar","None","None","No","No"," andar ends_in_ar irregular_verb moderate_irregularity regular_form subjuntivo_presente vosotros "
"〰 Resulta divertido que 〰ellos/ellas/ustedes _____ (por las calles)","anden","Elementary","fill_in_blank","andar","None","None","No","No"," andar ellos_ellas_ustedes ends_in_ar irregular_verb moderate_irregularity regular_form subjuntivo_presente "
"↫ Fue sorprendente que ↫yo _____ (por las calles)","anduviera | anduviese","Advanced","fill_in_blank","andar","None","None","No","No"," andar ends_in_ar irregular_form irregular_verb moderate_irregularity subjuntivo_pasado yo "
"↫ Fue sorprendente que ↫tú/vos _____ (por las calles)","anduvieras | anduvieses","Advanced","fill_in_blank","andar","None","None","No","No"," andar ends_in_ar irregular_form irregular_verb moderate_irregularity subjuntivo_pasado tú_vos "
"↫ Fue sorprendente que ↫él/ella/usted _____ (por las calles)","anduviera | anduviese","Advanced","fill_in_blank","andar","None","None","No","No"," andar ends_in_ar irregular_form irregular_verb moderate_irregularity subjuntivo_pasado él_ella_usted "
"↫ Fue sorprendente que ↫nosotros _____ (por las calles)","anduviéramos | anduviésemos","Advanced","fill_in_blank","andar","None","None","No","No"," andar ends_in_ar irregular_form irregular_verb moderate_irregularity nosotros subjuntivo_pasado "
"↫ Fue sorprendente que ↫vosotros _____ (por las calles)","anduvierais | anduvieseis","Advanced","fill_in_blank","andar","None","None","No","No"," andar ends_in_ar irregular_form irregular_verb moderate_irregularity subjuntivo_pasado vosotros "
"↫ Fue sorprendente que ↫ellos/ellas/ustedes _____ (por las calles)","anduvieran | anduviesen","Advanced","fill_in_blank","andar","None","None","No","No"," andar ellos_ellas_ustedes ends_in_ar irregular_form irregular_verb moderate_irregularity subjuntivo_pasado "
"Hombre, por favor,¡ _____ (más velozmente), ya !(tú)","anda","Intermediate","fill_in_blank","andar","None","None","No","No"," andar ends_in_ar imperativo irregular_verb moderate_irregularity regular_form tú tú_vos "
"Hombre, por favor,¡ _____ (más velozmente), ya !(vos)","andá","Intermediate","fill_in_blank","andar","None","None","No","No"," andar ends_in_ar imperativo irregular_verb moderate_irregularity regular_form tú_vos vos "
"Mujer, por favor,¡ no _____ (tan velozmente) !(tú/vos)","andes","Intermediate","fill_in_blank","andar","None","None","No","No"," andar ends_in_ar imperativo irregular_verb moderate_irregularity negative_imperativo regular_form tú_vos "
"Señora, por favor,¡ (que) _____ (más velozmente), ya !(él/ella/usted)","ande","Intermediate","fill_in_blank","andar","None","None","No","No"," andar ends_in_ar imperativo irregular_verb moderate_irregularity regular_form él_ella_usted "
"Vámonos equipo, por favor,¡ (que) _____ (más velozmente), ya !(nosotros)","andemos","Intermediate","fill_in_blank","andar","None","None","No","No"," andar ends_in_ar imperativo irregular_verb moderate_irregularity nosotros regular_form "
"Tú y tú, por favor,¡ _____ (más velozmente), ya !(vosotros)","andad","Intermediate","fill_in_blank","andar","None","None","No","No"," andar ends_in_ar imperativo irregular_verb moderate_irregularity regular_form vosotros "
"Señores, por favor,¡ (que) _____ (más velozmente), ya ! (ellos/ellas/ustedes)","anden","Intermediate","fill_in_blank","andar","None","None","No","No"," andar ellos_ellas_ustedes ends_in_ar imperativo irregular_verb moderate_irregularity regular_form "
"↬ Si en un dudoso futuro ↬yo _____ allí, ¡suerte!","anduviere","Advanced","fill_in_blank","andar","None","None","No","No"," andar ends_in_ar irregular_form irregular_verb moderate_irregularity subjuntivo_futuro yo "
"↬ Si en un dudoso futuro ↬tú/vos _____ allí, ¡suerte!","anduvieres","Advanced","fill_in_blank","andar","None","None","No","No"," andar ends_in_ar irregular_form irregular_verb moderate_irregularity subjuntivo_futuro tú_vos "
"↬ Si en un dudoso futuro ↬él/ella/usted _____ allí, ¡suerte!","anduviere","Advanced","fill_in_blank","andar","None","None","No","No"," andar ends_in_ar irregular_form irregular_verb moderate_irregularity subjuntivo_futuro él_ella_usted "
"↬ Si en un dudoso futuro ↬nosotros _____ allí, ¡suerte!","anduviéremos","Advanced","fill_in_blank","andar","None","None","No","No"," andar ends_in_ar irregular_form irregular_verb moderate_irregularity nosotros subjuntivo_futuro "
"↬ Si en un dudoso futuro ↬vosotros _____ allí, ¡suerte!","anduviereis","Advanced","fill_in_blank","andar","None","None","No","No"," andar ends_in_ar irregular_form irregular_verb moderate_irregularity subjuntivo_futuro vosotros "
"↬ Si en un dudoso futuro ↬ellos/ellas/ustedes _____ allí, ¡suerte!","anduvieren","Advanced","fill_in_blank","andar","None","None","No","No"," andar ellos_ellas_ustedes ends_in_ar irregular_form irregular_verb moderate_irregularity subjuntivo_futuro "
"El verbo enél incluyees _____","incluir","Intermediate","fill_in_blank","None","None","None","No","No"," ends_in_ir incluir infinitivo irregular_verb moderate_irregularity regular_form "
"Mientras estoy estudiando…el programa está _____ (desarrollos positivos)","incluyendo","Intermediate","fill_in_blank","incluir","None","None","No","No"," ends_in_ir gerundio incluir irregular_verb moderate_irregularity regular_form regular_spelling_change "
"Hugo ha _____ (el sujeto en el temario)","incluido","Intermediate","fill_in_blank","incluir","None","None","No","No"," ends_in_ir incluir irregular_verb moderate_irregularity participio regular_form "
"⊙ Ahora mismo, ⊙yo _____ (a Sofia en la discusión)","incluyo","Elementary","fill_in_blank","incluir","None","None","No","No"," ends_in_ir incluir irregular_form irregular_verb moderate_irregularity presente yo "
"⊙ Ahora mismo, ⊙tú _____ (a Sofia en la discusión)","incluyes","Elementary","fill_in_blank","incluir","None","None","No","No"," ends_in_ir incluir irregular_form irregular_verb moderate_irregularity presente tú tú_vos "
"⊙ Ahora mismo, ⊙vos _____ (a Sofia en la discusión)","incluís","Elementary","fill_in_blank","incluir","None","None","No","No"," ends_in_ir incluir irregular_verb moderate_irregularity presente regular_form tú_vos vos "
"⊙ Ahora mismo, ⊙él/ella/usted _____ (a Sofia en la discusión)","incluye","Elementary","fill_in_blank","incluir","None","None","No","No"," ends_in_ir incluir irregular_form irregular_verb moderate_irregularity presente él_ella_usted "
"⊙ Ahora mismo, ⊙nosotros _____ (a Sofia en la discusión)","incluimos","Elementary","fill_in_blank","incluir","None","None","No","No"," ends_in_ir incluir irregular_verb moderate_irregularity nosotros presente regular_form "
"⊙ Ahora mismo, ⊙vosotros _____ (a Sofia en la discusión)","incluís","Elementary","fill_in_blank","incluir","None","None","No","No"," ends_in_ir incluir irregular_verb moderate_irregularity presente regular_form vosotros "
"⊙ Ahora mismo, ⊙ellos/ellas/ustedes _____ (a Sofia en la discusión)","incluyen","Elementary","fill_in_blank","incluir","None","None","No","No"," ellos_ellas_ustedes ends_in_ir incluir irregular_form irregular_verb moderate_irregularity presente "
"⇠ En esa época, a menudo, ⇠yo _____ (a Sofia en la discusión)","incluía","Intermediate","fill_in_blank","incluir","None","None","No","No"," ends_in_ir imperfecto incluir irregular_verb moderate_irregularity regular_form yo "
"⇠ En esa época, a menudo, ⇠tú/vos _____ (a Sofia en la discusión)","incluías","Intermediate","fill_in_blank","incluir","None","None","No","No"," ends_in_ir imperfecto incluir irregular_verb moderate_irregularity regular_form tú_vos "
"⇠ En esa época, a menudo, ⇠él/ella/usted _____ (a Sofia en la discusión)","incluía","Intermediate","fill_in_blank","incluir","None","None","No","No"," ends_in_ir imperfecto incluir irregular_verb moderate_irregularity regular_form él_ella_usted "
"⇠ En esa época, a menudo, ⇠nosotros _____ (a Sofia en la discusión)","incluíamos","Intermediate","fill_in_blank","incluir","None","None","No","No"," ends_in_ir imperfecto incluir irregular_verb moderate_irregularity nosotros regular_form "
"⇠ En esa época, a menudo, ⇠vosotros _____ (a Sofia en la discusión)","incluíais","Intermediate","fill_in_blank","incluir","None","None","No","No"," ends_in_ir imperfecto incluir irregular_verb moderate_irregularity regular_form vosotros "
"⇠ En esa época, a menudo, ⇠ellos/ellas/ustedes _____ (a Sofia en la discusión)","incluían","Intermediate","fill_in_blank","incluir","None","None","No","No"," ellos_ellas_ustedes ends_in_ir imperfecto incluir irregular_verb moderate_irregularity regular_form "
"↧ En aquel momento ↧yo _____ (a Sofia en la discusión)","incluí","Intermediate","fill_in_blank","incluir","None","None","No","No"," ends_in_ir incluir indefinido irregular_verb moderate_irregularity regular_form yo "
"↧ En aquel momento ↧tú/vos _____ (a Sofia en la discusión)","incluiste","Intermediate","fill_in_blank","incluir","None","None","No","No"," ends_in_ir incluir indefinido irregular_verb moderate_irregularity regular_form tú_vos "
"↧ En aquel momento ↧él/ella/usted _____ (a Sofia en la discusión)","incluyó","Intermediate","fill_in_blank","incluir","None","None","No","No"," ends_in_ir incluir indefinido irregular_verb moderate_irregularity regular_form regular_spelling_change él_ella_usted "
"↧ En aquel momento ↧nosotros _____ (a Sofia en la discusión)","incluimos","Intermediate","fill_in_blank","incluir","None","None","No","No"," ends_in_ir incluir indefinido irregular_verb moderate_irregularity nosotros regular_form "
"↧ En aquel momento ↧vosotros _____ (a Sofia en la discusión)","incluisteis","Intermediate","fill_in_blank","incluir","None","None","No","No"," ends_in_ir incluir indefinido irregular_verb moderate_irregularity regular_form vosotros "
"↧ En aquel momento ↧ellos/ellas/ustedes _____ (a Sofia en la discusión)","incluyeron","Intermediate","fill_in_blank","incluir","None","None","No","No"," ellos_ellas_ustedes ends_in_ir incluir indefinido irregular_verb moderate_irregularity regular_form regular_spelling_change "
"→ En el futuro, →yo _____ (a Sofia en la discusión)","incluiré","Intermediate","fill_in_blank","incluir","None","None","No","No"," ends_in_ir futuro incluir irregular_verb moderate_irregularity regular_form yo "
"→ En el futuro, →tú/vos _____ (a Sofia en la discusión)","incluirás","Intermediate","fill_in_blank","incluir","None","None","No","No"," ends_in_ir futuro incluir irregular_verb moderate_irregularity regular_form tú_vos "
"→ En el futuro, →él/ella/usted _____ (a Sofia en la discusión)","incluirá","Intermediate","fill_in_blank","incluir","None","None","No","No"," ends_in_ir futuro incluir irregular_verb moderate_irregularity regular_form él_ella_usted "
"→ En el futuro, →nosotros _____ (a Sofia en la discusión)","incluiremos","Intermediate","fill_in_blank","incluir","None","None","No","No"," ends_in_ir futuro incluir irregular_verb moderate_irregularity nosotros regular_form "
"→ En el futuro, →vosotros _____ (a Sofia en la discusión)","incluiréis","Intermediate","fill_in_blank","incluir","None","None","No","No"," ends_in_ir futuro incluir irregular_verb moderate_irregularity regular_form vosotros "
"→ En el futuro, →ellos/ellas/ustedes _____ (a Sofia en la discusión)","incluirán","Intermediate","fill_in_blank","incluir","None","None","No","No"," ellos_ellas_ustedes ends_in_ir futuro incluir irregular_verb moderate_irregularity regular_form "
"… Si ocurriese esto, …yo _____ (a Sofia en la discusión)","incluiría","Intermediate","fill_in_blank","incluir","None","None","No","No"," condicional ends_in_ir incluir irregular_verb moderate_irregularity regular_form yo "
"… Si sucediera esto, …tú/vos _____ (a Sofia en la discusión)","incluirías","Intermediate","fill_in_blank","incluir","None","None","No","No"," condicional ends_in_ir incluir irregular_verb moderate_irregularity regular_form tú_vos "
"… Si acaeciera algo, …él/ella/usted _____ (a Sofia en la discusión)","incluiría","Intermediate","fill_in_blank","incluir","None","None","No","No"," condicional ends_in_ir incluir irregular_verb moderate_irregularity regular_form él_ella_usted "
"… Si pasara algo, …nosotros _____ (a Sofia en la discusión)","incluiríamos","Intermediate","fill_in_blank","incluir","None","None","No","No"," condicional ends_in_ir incluir irregular_verb moderate_irregularity nosotros regular_form "
"… Si aconteciese esto, …vosotros _____ (a Sofia en la discusión)","incluiríais","Intermediate","fill_in_blank","incluir","None","None","No","No"," condicional ends_in_ir incluir irregular_verb moderate_irregularity regular_form vosotros "
"… Si se produjera esto, …ellos/ellas/ustedes _____ (a Sofia en la discusión)","incluirían","Intermediate","fill_in_blank","incluir","None","None","No","No"," condicional ellos_ellas_ustedes ends_in_ir incluir irregular_verb moderate_irregularity regular_form "
"〰 Resulta divertido que 〰yo _____ (a Sofia en la discusión)","incluya","Elementary","fill_in_blank","incluir","None","None","No","No"," ends_in_ir incluir irregular_form irregular_verb moderate_irregularity subjuntivo_presente yo "
"〰 Resulta divertido que 〰tú/vos _____ (a Sofia en la discusión)","incluyas","Elementary","fill_in_blank","incluir","None","None","No","No"," ends_in_ir incluir irregular_form irregular_verb moderate_irregularity subjuntivo_presente tú_vos "
"〰 Resulta divertido que 〰él/ella/usted _____ (a Sofia en la discusión)","incluya","Elementary","fill_in_blank","incluir","None","None","No","No"," ends_in_ir incluir irregular_form irregular_verb moderate_irregularity subjuntivo_presente él_ella_usted "
"〰 Resulta divertido que 〰nosotros _____ (a Sofia en la discusión)","incluyamos","Elementary","fill_in_blank","incluir","None","None","No","No"," ends_in_ir incluir irregular_form irregular_verb moderate_irregularity nosotros subjuntivo_presente "
"〰 Resulta divertido que 〰vosotros _____ (a Sofia en la discusión)","incluyáis","Elementary","fill_in_blank","incluir","None","None","No","No"," ends_in_ir incluir irregular_form irregular_verb moderate_irregularity subjuntivo_presente vosotros "
"〰 Resulta divertido que 〰ellos/ellas/ustedes _____ (a Sofia en la discusión)","incluyan","Elementary","fill_in_blank","incluir","None","None","No","No"," ellos_ellas_ustedes ends_in_ir incluir irregular_form irregular_verb moderate_irregularity subjuntivo_presente "
"↫ Fue sorprendente que ↫yo _____ (a Sofia en la discusión)","incluyera | incluyese","Advanced","fill_in_blank","incluir","None","None","No","No"," ends_in_ir incluir irregular_verb moderate_irregularity regular_form regular_spelling_change subjuntivo_pasado yo "
"↫ Fue sorprendente que ↫tú/vos _____ (a Sofia en la discusión)","incluyeras | incluyeses","Advanced","fill_in_blank","incluir","None","None","No","No"," ends_in_ir incluir irregular_verb moderate_irregularity regular_form regular_spelling_change subjuntivo_pasado tú_vos "
"↫ Fue sorprendente que ↫él/ella/usted _____ (a Sofia en la discusión)","incluyera | incluyese","Advanced","fill_in_blank","incluir","None","None","No","No"," ends_in_ir incluir irregular_verb moderate_irregularity regular_form regular_spelling_change subjuntivo_pasado él_ella_usted "
"↫ Fue sorprendente que ↫nosotros _____ (a Sofia en la discusión)","incluyéramos | incluyésemos","Advanced","fill_in_blank","incluir","None","None","No","No"," ends_in_ir incluir irregular_verb moderate_irregularity nosotros regular_form regular_spelling_change subjuntivo_pasado "
"↫ Fue sorprendente que ↫vosotros _____ (a Sofia en la discusión)","incluyerais | incluyeseis","Advanced","fill_in_blank","incluir","None","None","No","No"," ends_in_ir incluir irregular_verb moderate_irregularity regular_form regular_spelling_change subjuntivo_pasado vosotros "
"↫ Fue sorprendente que ↫ellos/ellas/ustedes _____ (a Sofia en la discusión)","incluyeran | incluyesen","Advanced","fill_in_blank","incluir","None","None","No","No"," ellos_ellas_ustedes ends_in_ir incluir irregular_verb moderate_irregularity regular_form regular_spelling_change subjuntivo_pasado "
"Hombre, por favor,¡ _____ (a Sofia en la decisión), ya !(tú)","incluye","Intermediate","fill_in_blank","incluir","None","None","No","No"," ends_in_ir imperativo incluir irregular_verb moderate_irregularity regular_form regular_spelling_change tú tú_vos "
"Hombre, por favor,¡ _____ (a Sofia en la decisión), ya !(vos)","incluí","Intermediate","fill_in_blank","incluir","None","None","No","No"," ends_in_ir imperativo incluir irregular_verb moderate_irregularity regular_form tú_vos vos "
"Mujer, por favor,¡ no _____ (a Sofia en la decisión) !(tú/vos)","incluyas","Intermediate","fill_in_blank","incluir","None","None","No","No"," ends_in_ir imperativo incluir irregular_form irregular_verb moderate_irregularity negative_imperativo tú_vos "
"Señora, por favor,¡ (que) _____ (a Sofia en la decisión), ya !(él/ella/usted)","incluya","Intermediate","fill_in_blank","incluir","None","None","No","No"," ends_in_ir imperativo incluir irregular_form irregular_verb moderate_irregularity él_ella_usted "
"Vámonos equipo, por favor,¡ (que) _____ (a Sofia en la decisión), ya !(nosotros)","incluyamos","Intermediate","fill_in_blank","incluir","None","None","No","No"," ends_in_ir imperativo incluir irregular_form irregular_verb moderate_irregularity nosotros "
"Tú y tú, por favor,¡ _____ (a Sofia en la decisión), ya !(vosotros)","incluid","Intermediate","fill_in_blank","incluir","None","None","No","No"," ends_in_ir imperativo incluir irregular_verb moderate_irregularity regular_form vosotros "
"Señores, por favor,¡ (que) _____ (a Sofia en la decisión), ya ! (ellos/ellas/ustedes)","incluyan","Intermediate","fill_in_blank","incluir","None","None","No","No"," ellos_ellas_ustedes ends_in_ir imperativo incluir irregular_form irregular_verb moderate_irregularity "
"↬ Si en un dudoso futuro ↬yo lo _____, ¡suerte!","incluyere","Advanced","fill_in_blank","incluir","None","None","No","No"," ends_in_ir incluir irregular_verb moderate_irregularity regular_form regular_spelling_change subjuntivo_futuro yo "
"↬ Si en un dudoso futuro ↬tú/vos lo _____, ¡suerte!","incluyeres","Advanced","fill_in_blank","incluir","None","None","No","No"," ends_in_ir incluir irregular_verb moderate_irregularity regular_form regular_spelling_change subjuntivo_futuro tú_vos "
"↬ Si en un dudoso futuro ↬él/ella/usted lo _____, ¡suerte!","incluyere","Advanced","fill_in_blank","incluir","None","None","No","No"," ends_in_ir incluir irregular_verb moderate_irregularity regular_form regular_spelling_change subjuntivo_futuro él_ella_usted "
"↬ Si en un dudoso futuro ↬nosotros lo _____, ¡suerte!","incluyéremos","Advanced","fill_in_blank","incluir","None","None","No","No"," ends_in_ir incluir irregular_verb moderate_irregularity nosotros regular_form regular_spelling_change subjuntivo_futuro "
"↬ Si en un dudoso futuro ↬vosotros lo _____, ¡suerte!","incluyereis","Advanced","fill_in_blank","incluir","None","None","No","No"," ends_in_ir incluir irregular_verb moderate_irregularity regular_form regular_spelling_change subjuntivo_futuro vosotros "
"↬ Si en un dudoso futuro ↬ellos/ellas/ustedes lo _____, ¡suerte!","incluyeren","Advanced","fill_in_blank","incluir","None","None","No","No"," ellos_ellas_ustedes ends_in_ir incluir irregular_verb moderate_irregularity regular_form regular_spelling_change subjuntivo_futuro "
"El verbo enél valees _____","valer","Intermediate","fill_in_blank","None","None","None","No","No"," ends_in_er infinitivo irregular_verb moderate_irregularity regular_form valer "
"Mientras estoy estudiando…él se está _____ (de mis apuntes)","valiendo","Intermediate","fill_in_blank","valer","None","None","No","No"," ends_in_er gerundio irregular_verb moderate_irregularity regular_form valer "
"Hugo se ha _____ (de mis apuntes)","valido","Intermediate","fill_in_blank","valer","None","None","No","No"," ends_in_er irregular_verb moderate_irregularity participio regular_form valer "
"⊙ Ahora mismo, ⊙yo _____ (poco para los jefes)","valgo","Elementary","fill_in_blank","valer","None","None","No","No"," ends_in_er irregular_form irregular_verb moderate_irregularity presente valer yo "
"⊙ Ahora mismo, ⊙tú _____ (poco para los jefes)","vales","Elementary","fill_in_blank","valer","None","None","No","No"," ends_in_er irregular_verb moderate_irregularity presente regular_form tú tú_vos valer "
"⊙ Ahora mismo, ⊙vos _____ (poco para los jefes)","valés","Elementary","fill_in_blank","valer","None","None","No","No"," ends_in_er irregular_verb moderate_irregularity presente regular_form tú_vos valer vos "
"⊙ Ahora mismo, ⊙él/ella/usted _____ (poco para los jefes)","vale","Elementary","fill_in_blank","valer","None","None","No","No"," ends_in_er in_the_wild irregular_verb moderate_irregularity modismo presente regular_form valer él_ella_usted "
"⊙ Ahora mismo, ⊙nosotros _____ (poco para los jefes)","valemos","Elementary","fill_in_blank","valer","None","None","No","No"," ends_in_er irregular_verb moderate_irregularity nosotros presente regular_form valer "
"⊙ Ahora mismo, ⊙vosotros _____ (poco para los jefes)","valéis","Elementary","fill_in_blank","valer","None","None","No","No"," ends_in_er irregular_verb moderate_irregularity presente regular_form valer vosotros "
"⊙ Ahora mismo, ⊙ellos/ellas/ustedes _____ (poco para los jefes)","valen","Elementary","fill_in_blank","valer","None","None","No","No"," ellos_ellas_ustedes ends_in_er irregular_verb moderate_irregularity presente regular_form valer "
"⇠ En esa época, a menudo, ⇠yo _____ (poco para los jefes)","valía","Intermediate","fill_in_blank","valer","None","None","No","No"," ends_in_er imperfecto irregular_verb moderate_irregularity regular_form valer yo "
"⇠ En esa época, a menudo, ⇠tú/vos _____ (poco para los jefes)","valías","Intermediate","fill_in_blank","valer","None","None","No","No"," ends_in_er imperfecto irregular_verb moderate_irregularity regular_form tú_vos valer "
"⇠ En esa época, a menudo, ⇠él/ella/usted _____ (poco para los jefes)","valía","Intermediate","fill_in_blank","valer","None","None","No","No"," ends_in_er imperfecto irregular_verb moderate_irregularity regular_form valer él_ella_usted "
"⇠ En esa época, a menudo, ⇠nosotros _____ (poco para los jefes)","valíamos","Intermediate","fill_in_blank","valer","None","None","No","No"," ends_in_er imperfecto irregular_verb moderate_irregularity nosotros regular_form valer "
"⇠ En esa época, a menudo, ⇠vosotros _____ (poco para los jefes)","valíais","Intermediate","fill_in_blank","valer","None","None","No","No"," ends_in_er imperfecto irregular_verb moderate_irregularity regular_form valer vosotros "
"⇠ En esa época, a menudo, ⇠ellos/ellas/ustedes _____ (poco para los jefes)","valían","Intermediate","fill_in_blank","valer","None","None","No","No"," ellos_ellas_ustedes ends_in_er imperfecto irregular_verb moderate_irregularity regular_form valer "
"↧ En aquel momento ↧yo _____ (poco para los jefes)","valí","Intermediate","fill_in_blank","valer","None","None","No","No"," ends_in_er indefinido irregular_verb moderate_irregularity regular_form valer yo "
"↧ En aquel momento ↧tú/vos _____ (poco para los jefes)","valiste","Intermediate","fill_in_blank","valer","None","None","No","No"," ends_in_er indefinido irregular_verb moderate_irregularity regular_form tú_vos valer "
"↧ En aquel momento ↧él/ella/usted _____ (poco para los jefes)","valió","Intermediate","fill_in_blank","valer","None","None","No","No"," ends_in_er indefinido irregular_verb moderate_irregularity regular_form valer él_ella_usted "
"↧ En aquel momento ↧nosotros _____ (poco para los jefes)","valimos","Intermediate","fill_in_blank","valer","None","None","No","No"," ends_in_er indefinido irregular_verb moderate_irregularity nosotros regular_form valer "
"↧ En aquel momento ↧vosotros _____ (poco para los jefes)","valisteis","Intermediate","fill_in_blank","valer","None","None","No","No"," ends_in_er indefinido irregular_verb moderate_irregularity regular_form valer vosotros "
"↧ En aquel momento ↧ellos/ellas/ustedes _____ (poco para los jefes)","valieron","Intermediate","fill_in_blank","valer","None","None","No","No"," ellos_ellas_ustedes ends_in_er indefinido irregular_verb moderate_irregularity regular_form valer "
"→ En el futuro, →yo _____ (poco para los jefes)","valdré","Intermediate","fill_in_blank","valer","None","None","No","No"," ends_in_er futuro irregular_form irregular_verb moderate_irregularity valer yo "
"→ En el futuro, →tú/vos _____ (poco para los jefes)","valdrás","Intermediate","fill_in_blank","valer","None","None","No","No"," ends_in_er futuro irregular_form irregular_verb moderate_irregularity tú_vos valer "
"→ En el futuro, →él/ella/usted _____ (poco para los jefes)","valdrá","Intermediate","fill_in_blank","valer","None","None","No","No"," ends_in_er futuro irregular_form irregular_verb moderate_irregularity valer él_ella_usted "
"→ En el futuro, →nosotros _____ (poco para los jefes)","valdremos","Intermediate","fill_in_blank","valer","None","None","No","No"," ends_in_er futuro irregular_form irregular_verb moderate_irregularity nosotros valer "
"→ En el futuro, →vosotros _____ (poco para los jefes)","valdréis","Intermediate","fill_in_blank","valer","None","None","No","No"," ends_in_er futuro irregular_form irregular_verb moderate_irregularity valer vosotros "
"→ En el futuro, →ellos/ellas/ustedes _____ (poco para los jefes)","valdrán","Intermediate","fill_in_blank","valer","None","None","No","No"," ellos_ellas_ustedes ends_in_er futuro irregular_form irregular_verb moderate_irregularity valer "
"… Si ocurriese esto, …yo _____ (poco para los jefes)","valdría","Intermediate","fill_in_blank","valer","None","None","No","No"," condicional ends_in_er irregular_form irregular_verb moderate_irregularity valer yo "
"… Si sucediera esto, …tú/vos _____ (poco para los jefes)","valdrías","Intermediate","fill_in_blank","valer","None","None","No","No"," condicional ends_in_er irregular_form irregular_verb moderate_irregularity tú_vos valer "
"… Si acaeciera algo, …él/ella/usted _____ (poco para los jefes)","valdría","Intermediate","fill_in_blank","valer","None","None","No","No"," condicional ends_in_er irregular_form irregular_verb moderate_irregularity valer él_ella_usted "
"… Si pasara algo, …nosotros _____ (poco para los jefes)","valdríamos","Intermediate","fill_in_blank","valer","None","None","No","No"," condicional ends_in_er irregular_form irregular_verb moderate_irregularity nosotros valer "
"… Si aconteciese esto, …vosotros _____ (poco para los jefes)","valdríais","Intermediate","fill_in_blank","valer","None","None","No","No"," condicional ends_in_er irregular_form irregular_verb moderate_irregularity valer vosotros "
"… Si se produjera esto, …ellos/ellas/ustedes _____ (poco para los jefes)","valdrían","Intermediate","fill_in_blank","valer","None","None","No","No"," condicional ellos_ellas_ustedes ends_in_er irregular_form irregular_verb moderate_irregularity valer "
"〰 Resulta divertido que 〰yo _____ (poco para los jefes)","valga","Elementary","fill_in_blank","valer","None","None","No","No"," ends_in_er irregular_form irregular_verb moderate_irregularity subjuntivo_presente valer yo "
"〰 Resulta divertido que 〰tú/vos _____ (poco para los jefes)","valgas","Elementary","fill_in_blank","valer","None","None","No","No"," ends_in_er irregular_form irregular_verb moderate_irregularity subjuntivo_presente tú_vos valer "
"〰 Resulta divertido que 〰él/ella/usted _____ (poco para los jefes)","valga","Elementary","fill_in_blank","valer","None","None","No","No"," ends_in_er in_the_wild irregular_form irregular_verb moderate_irregularity modismo subjuntivo_presente valer él_ella_usted "
"〰 Resulta divertido que 〰nosotros _____ (poco para los jefes)","valgamos","Elementary","fill_in_blank","valer","None","None","No","No"," ends_in_er irregular_form irregular_verb moderate_irregularity nosotros subjuntivo_presente valer "
"〰 Resulta divertido que 〰vosotros _____ (poco para los jefes)","valgáis","Elementary","fill_in_blank","valer","None","None","No","No"," ends_in_er irregular_form irregular_verb moderate_irregularity subjuntivo_presente valer vosotros "
"〰 Resulta divertido que 〰ellos/ellas/ustedes _____ (poco para los jefes)","valgan","Elementary","fill_in_blank","valer","None","None","No","No"," ellos_ellas_ustedes ends_in_er irregular_form irregular_verb moderate_irregularity subjuntivo_presente valer "
"↫ Fue sorprendente que ↫yo _____ (poco para los jefes)","valiera | valiese","Advanced","fill_in_blank","valer","None","None","No","No"," ends_in_er irregular_verb moderate_irregularity regular_form subjuntivo_pasado valer yo "
"↫ Fue sorprendente que ↫tú/vos _____ (poco para los jefes)","valieras | valieses","Advanced","fill_in_blank","valer","None","None","No","No"," ends_in_er irregular_verb moderate_irregularity regular_form subjuntivo_pasado tú_vos valer "
"↫ Fue sorprendente que ↫él/ella/usted _____ (poco para los jefes)","valiera | valiese","Advanced","fill_in_blank","valer","None","None","No","No"," ends_in_er irregular_verb moderate_irregularity regular_form subjuntivo_pasado valer él_ella_usted "
"↫ Fue sorprendente que ↫nosotros _____ (poco para los jefes)","valiéramos | valiésemos","Advanced","fill_in_blank","valer","None","None","No","No"," ends_in_er irregular_verb moderate_irregularity nosotros regular_form subjuntivo_pasado valer "
"↫ Fue sorprendente que ↫vosotros _____ (poco para los jefes)","valierais | valieseis","Advanced","fill_in_blank","valer","None","None","No","No"," ends_in_er irregular_verb moderate_irregularity regular_form subjuntivo_pasado valer vosotros "
"↫ Fue sorprendente que ↫ellos/ellas/ustedes _____ (poco para los jefes)","valieran | valiesen","Advanced","fill_in_blank","valer","None","None","No","No"," ellos_ellas_ustedes ends_in_er irregular_verb moderate_irregularity regular_form subjuntivo_pasado valer "
"Hombre, por favor,¡ _____ (lo que se espera), ya !(tú)","vale","Intermediate","fill_in_blank","valer","None","None","No","No"," ends_in_er imperativo irregular_verb moderate_irregularity regular_form tú tú_vos valer "
"Hombre, por favor,¡ _____ (lo que se espera), ya !(vos)","valé","Intermediate","fill_in_blank","valer","None","None","No","No"," ends_in_er imperativo irregular_verb moderate_irregularity regular_form tú_vos valer vos "
"Mujer, por favor,¡ no _____ (tan poco como piensan) !(tú/vos)","valgas","Intermediate","fill_in_blank","valer","None","None","No","No"," ends_in_er imperativo irregular_form irregular_verb moderate_irregularity negative_imperativo tú_vos valer "
"Señora, por favor,¡ (que) _____ (lo que se espera), ya !(él/ella/usted)","valga","Intermediate","fill_in_blank","valer","None","None","No","No"," ends_in_er imperativo irregular_form irregular_verb moderate_irregularity valer él_ella_usted "
"Vámonos equipo, por favor,¡ (que) _____ (lo que se espera), ya !(nosotros)","valgamos","Intermediate","fill_in_blank","valer","None","None","No","No"," ends_in_er imperativo irregular_form irregular_verb moderate_irregularity nosotros valer "
"Tú y tú, por favor,¡ _____ (lo que se espera), ya !(vosotros)","valed","Intermediate","fill_in_blank","valer","None","None","No","No"," ends_in_er imperativo irregular_verb moderate_irregularity regular_form valer vosotros "
"Señores, por favor,¡ (que) _____ (lo que se espera), ya ! (ellos/ellas/ustedes)","valgan","Intermediate","fill_in_blank","valer","None","None","No","No"," ellos_ellas_ustedes ends_in_er imperativo irregular_form irregular_verb moderate_irregularity valer "
"↬ Si en un dudoso futuro ↬yo lo _____, ¡suerte!","valiere","Advanced","fill_in_blank","valer","None","None","No","No"," ends_in_er irregular_verb moderate_irregularity regular_form subjuntivo_futuro valer yo "
"↬ Si en un dudoso futuro ↬tú/vos lo _____, ¡suerte!","valieres","Advanced","fill_in_blank","valer","None","None","No","No"," ends_in_er irregular_verb moderate_irregularity regular_form subjuntivo_futuro tú_vos valer "
"↬ Si en un dudoso futuro ↬él/ella/usted lo _____, ¡suerte!","valiere","Advanced","fill_in_blank","valer","None","None","No","No"," ends_in_er in_the_wild irregular_verb moderate_irregularity modismo regular_form subjuntivo_futuro valer él_ella_usted "
"↬ Si en un dudoso futuro ↬nosotros lo _____, ¡suerte!","valiéremos","Advanced","fill_in_blank","valer","None","None","No","No"," ends_in_er irregular_verb moderate_irregularity nosotros regular_form subjuntivo_futuro valer "
"↬ Si en un dudoso futuro ↬vosotros lo _____, ¡suerte!","valiereis","Advanced","fill_in_blank","valer","None","None","No","No"," ends_in_er irregular_verb moderate_irregularity regular_form subjuntivo_futuro valer vosotros "
"↬ Si en un dudoso futuro ↬ellos/ellas/ustedes lo _____, ¡suerte!","valieren","Advanced","fill_in_blank","valer","None","None","No","No"," ellos_ellas_ustedes ends_in_er irregular_verb moderate_irregularity regular_form subjuntivo_futuro valer "
"El verbo enél reúnees _____","reunir","Intermediate","fill_in_blank","None","None","None","No","No"," ends_in_ir in_the_wild infinitivo irregular_verb low_irregularity modismo regular_form reunir "
"Mientras estoy estudiando…ella se está _____ (con sus colegas)","reuniendo","Intermediate","fill_in_blank","reunir","None","None","No","No"," ends_in_ir gerundio irregular_verb low_irregularity regular_form reunir "
"Hugo se ha _____ (con sus colegas)","reunido","Intermediate","fill_in_blank","reunir","None","None","No","No"," ends_in_ir irregular_verb low_irregularity participio regular_form reunir "
"⊙ Ahora mismo, ⊙yo _____ (a los amigos)","reúno","Elementary","fill_in_blank","reunir","None","None","No","No"," ends_in_ir irregular_form irregular_verb low_irregularity presente reunir yo "
"⊙ Ahora mismo, ⊙tú _____ (a los amigos)","reúnes","Elementary","fill_in_blank","reunir","None","None","No","No"," ends_in_ir irregular_form irregular_verb low_irregularity presente reunir tú tú_vos "
"⊙ Ahora mismo, ⊙vos _____ (a los amigos)","reunís","Elementary","fill_in_blank","reunir","None","None","No","No"," ends_in_ir irregular_verb low_irregularity presente regular_form reunir tú_vos vos "
"⊙ Ahora mismo, ⊙él/ella/usted _____ (a los amigos)","reúne","Elementary","fill_in_blank","reunir","None","None","No","No"," ends_in_ir in_the_wild irregular_form irregular_verb low_irregularity modismo presente reunir él_ella_usted "
"⊙ Ahora mismo, ⊙nosotros _____ (a los amigos)","reunimos","Elementary","fill_in_blank","reunir","None","None","No","No"," ends_in_ir irregular_verb low_irregularity nosotros presente regular_form reunir "
"⊙ Ahora mismo, ⊙vosotros _____ (a los amigos)","reunís","Elementary","fill_in_blank","reunir","None","None","No","No"," ends_in_ir irregular_verb low_irregularity presente regular_form reunir vosotros "
"⊙ Ahora mismo, ⊙ellos/ellas/ustedes _____ (a los amigos)","reúnen","Elementary","fill_in_blank","reunir","None","None","No","No"," ellos_ellas_ustedes ends_in_ir irregular_form irregular_verb low_irregularity presente reunir "
"⇠ En esa época, a menudo, ⇠yo _____ (a los amigos)","reunía","Intermediate","fill_in_blank","reunir","None","None","No","No"," ends_in_ir imperfecto irregular_verb low_irregularity regular_form reunir yo "
"⇠ En esa época, a menudo, ⇠tú/vos _____ (a los amigos)","reunías","Intermediate","fill_in_blank","reunir","None","None","No","No"," ends_in_ir imperfecto irregular_verb low_irregularity regular_form reunir tú_vos "
"⇠ En esa época, a menudo, ⇠él/ella/usted _____ (a los amigos)","reunía","Intermediate","fill_in_blank","reunir","None","None","No","No"," ends_in_ir imperfecto irregular_verb low_irregularity regular_form reunir él_ella_usted "
"⇠ En esa época, a menudo, ⇠nosotros _____ (a los amigos)","reuníamos","Intermediate","fill_in_blank","reunir","None","None","No","No"," ends_in_ir imperfecto irregular_verb low_irregularity nosotros regular_form reunir "
"⇠ En esa época, a menudo, ⇠vosotros _____ (a los amigos)","reuníais","Intermediate","fill_in_blank","reunir","None","None","No","No"," ends_in_ir imperfecto irregular_verb low_irregularity regular_form reunir vosotros "
"⇠ En esa época, a menudo, ⇠ellos/ellas/ustedes _____ (a los amigos)","reunían","Intermediate","fill_in_blank","reunir","None","None","No","No"," ellos_ellas_ustedes ends_in_ir imperfecto irregular_verb low_irregularity regular_form reunir "
"↧ En aquel momento ↧yo _____ (a los amigos)","reuní","Intermediate","fill_in_blank","reunir","None","None","No","No"," ends_in_ir indefinido irregular_verb low_irregularity regular_form reunir yo "
"↧ En aquel momento ↧tú/vos _____ (a los amigos)","reuniste","Intermediate","fill_in_blank","reunir","None","None","No","No"," ends_in_ir indefinido irregular_verb low_irregularity regular_form reunir tú_vos "
"↧ En aquel momento ↧él/ella/usted _____ (a los amigos)","reunió","Intermediate","fill_in_blank","reunir","None","None","No","No"," ends_in_ir indefinido irregular_verb low_irregularity regular_form reunir él_ella_usted "
"↧ En aquel momento ↧nosotros _____ (a los amigos)","reunimos","Intermediate","fill_in_blank","reunir","None","None","No","No"," ends_in_ir indefinido irregular_verb low_irregularity nosotros regular_form reunir "
"↧ En aquel momento ↧vosotros _____ (a los amigos)","reunisteis","Intermediate","fill_in_blank","reunir","None","None","No","No"," ends_in_ir indefinido irregular_verb low_irregularity regular_form reunir vosotros "
"↧ En aquel momento ↧ellos/ellas/ustedes _____ (a los amigos)","reunieron","Intermediate","fill_in_blank","reunir","None","None","No","No"," ellos_ellas_ustedes ends_in_ir indefinido irregular_verb low_irregularity regular_form reunir "
"→ En el futuro, →yo _____ (a los amigos)","reuniré","Intermediate","fill_in_blank","reunir","None","None","No","No"," ends_in_ir futuro irregular_verb low_irregularity regular_form reunir yo "
"→ En el futuro, →tú/vos _____ (a los amigos)","reunirás","Intermediate","fill_in_blank","reunir","None","None","No","No"," ends_in_ir futuro irregular_verb low_irregularity regular_form reunir tú_vos "
"→ En el futuro, →él/ella/usted _____ (a los amigos)","reunirá","Intermediate","fill_in_blank","reunir","None","None","No","No"," ends_in_ir futuro irregular_verb low_irregularity regular_form reunir él_ella_usted "
"→ En el futuro, →nosotros _____ (a los amigos)","reuniremos","Intermediate","fill_in_blank","reunir","None","None","No","No"," ends_in_ir futuro irregular_verb low_irregularity nosotros regular_form reunir "
"→ En el futuro, →vosotros _____ (a los amigos)","reuniréis","Intermediate","fill_in_blank","reunir","None","None","No","No"," ends_in_ir futuro irregular_verb low_irregularity regular_form reunir vosotros "
"→ En el futuro, →ellos/ellas/ustedes _____ (a los amigos)","reunirán","Intermediate","fill_in_blank","reunir","None","None","No","No"," ellos_ellas_ustedes ends_in_ir futuro irregular_verb low_irregularity regular_form reunir "
"… Si ocurriese esto, …yo _____ (a los amigos)","reuniría","Intermediate","fill_in_blank","reunir","None","None","No","No"," condicional ends_in_ir irregular_verb low_irregularity regular_form reunir yo "
"… Si sucediera esto, …tú/vos _____ (a los amigos)","reunirías","Intermediate","fill_in_blank","reunir","None","None","No","No"," condicional ends_in_ir irregular_verb low_irregularity regular_form reunir tú_vos "
"… Si acaeciera algo, …él/ella/usted _____ (a los amigos)","reuniría","Intermediate","fill_in_blank","reunir","None","None","No","No"," condicional ends_in_ir irregular_verb low_irregularity regular_form reunir él_ella_usted "
"… Si pasara algo, …nosotros _____ (a los amigos)","reuniríamos","Intermediate","fill_in_blank","reunir","None","None","No","No"," condicional ends_in_ir irregular_verb low_irregularity nosotros regular_form reunir "
"… Si aconteciese esto, …vosotros _____ (a los amigos)","reuniríais","Intermediate","fill_in_blank","reunir","None","None","No","No"," condicional ends_in_ir irregular_verb low_irregularity regular_form reunir vosotros "
"… Si se produjera esto, …ellos/ellas/ustedes _____ (a los amigos)","reunirían","Intermediate","fill_in_blank","reunir","None","None","No","No"," condicional ellos_ellas_ustedes ends_in_ir irregular_verb low_irregularity regular_form reunir "
"〰 Resulta divertido que 〰yo _____ (a los amigos)","reúna","Elementary","fill_in_blank","reunir","None","None","No","No"," ends_in_ir irregular_form irregular_verb low_irregularity reunir subjuntivo_presente yo "
"〰 Resulta divertido que 〰tú/vos _____ (a los amigos)","reúnas","Elementary","fill_in_blank","reunir","None","None","No","No"," ends_in_ir irregular_form irregular_verb low_irregularity reunir subjuntivo_presente tú_vos "
"〰 Resulta divertido que 〰él/ella/usted _____ (a los amigos)","reúna","Elementary","fill_in_blank","reunir","None","None","No","No"," ends_in_ir irregular_form irregular_verb low_irregularity reunir subjuntivo_presente él_ella_usted "
"〰 Resulta divertido que 〰nosotros _____ (a los amigos)","reunamos","Elementary","fill_in_blank","reunir","None","None","No","No"," ends_in_ir irregular_verb low_irregularity nosotros regular_form reunir subjuntivo_presente "
"〰 Resulta divertido que 〰vosotros _____ (a los amigos)","reunáis","Elementary","fill_in_blank","reunir","None","None","No","No"," ends_in_ir irregular_verb low_irregularity regular_form reunir subjuntivo_presente vosotros "
"〰 Resulta divertido que 〰ellos/ellas/ustedes _____ (a los amigos)","reúnan","Elementary","fill_in_blank","reunir","None","None","No","No"," ellos_ellas_ustedes ends_in_ir irregular_form irregular_verb low_irregularity reunir subjuntivo_presente "
"↫ Fue sorprendente que ↫yo _____ (a los amigos)","reuniera | reuniese","Advanced","fill_in_blank","reunir","None","None","No","No"," ends_in_ir irregular_verb low_irregularity regular_form reunir subjuntivo_pasado yo "
"↫ Fue sorprendente que ↫tú/vos _____ (a los amigos)","reunieras | reunieses","Advanced","fill_in_blank","reunir","None","None","No","No"," ends_in_ir irregular_verb low_irregularity regular_form reunir subjuntivo_pasado tú_vos "
"↫ Fue sorprendente que ↫él/ella/usted _____ (a los amigos)","reuniera | reuniese","Advanced","fill_in_blank","reunir","None","None","No","No"," ends_in_ir irregular_verb low_irregularity regular_form reunir subjuntivo_pasado él_ella_usted "
"↫ Fue sorprendente que ↫nosotros _____ (a los amigos)","reuniéramos | reuniésemos","Advanced","fill_in_blank","reunir","None","None","No","No"," ends_in_ir irregular_verb low_irregularity nosotros regular_form reunir subjuntivo_pasado "
"↫ Fue sorprendente que ↫vosotros _____ (a los amigos)","reunierais | reunieseis","Advanced","fill_in_blank","reunir","None","None","No","No"," ends_in_ir irregular_verb low_irregularity regular_form reunir subjuntivo_pasado vosotros "
"↫ Fue sorprendente que ↫ellos/ellas/ustedes _____ (a los amigos)","reunieran | reuniesen","Advanced","fill_in_blank","reunir","None","None","No","No"," ellos_ellas_ustedes ends_in_ir irregular_verb low_irregularity regular_form reunir subjuntivo_pasado "
"Hombre, por favor,¡ _____ (a los familiares), ya !(tú)","reúne","Intermediate","fill_in_blank","reunir","None","None","No","No"," ends_in_ir imperativo irregular_form irregular_verb low_irregularity reunir tú tú_vos "
"Hombre, por favor,¡ _____ (a los familiares), ya !(vos)","reuní","Intermediate","fill_in_blank","reunir","None","None","No","No"," ends_in_ir imperativo irregular_verb low_irregularity regular_form reunir tú_vos vos "
"Mujer, por favor,¡ no _____ (a los familiares) !(tú/vos)","reúnas","Intermediate","fill_in_blank","reunir","None","None","No","No"," ends_in_ir imperativo irregular_form irregular_verb low_irregularity negative_imperativo reunir tú_vos "
"Señora, por favor,¡ (que) _____ (a los familiares), ya !(él/ella/usted)","reúna","Intermediate","fill_in_blank","reunir","None","None","No","No"," ends_in_ir imperativo irregular_form irregular_verb low_irregularity reunir él_ella_usted "
"Vámonos equipo, por favor,¡ (que) _____ (a los familiares), ya !(nosotros)","reunamos","Intermediate","fill_in_blank","reunir","None","None","No","No"," ends_in_ir imperativo irregular_verb low_irregularity nosotros regular_form reunir "
"Tú y tú, por favor,¡ _____ (a los familiares), ya !(vosotros)","reunid","Intermediate","fill_in_blank","reunir","None","None","No","No"," ends_in_ir imperativo irregular_verb low_irregularity regular_form reunir vosotros "
"Señores, por favor,¡ (que) _____ (a los familiares), ya ! (ellos/ellas/ustedes)","reúnan","Intermediate","fill_in_blank","reunir","None","None","No","No"," ellos_ellas_ustedes ends_in_ir imperativo irregular_form irregular_verb low_irregularity reunir "
"↬ Si en un dudoso futuro ↬yo lo _____, ¡suerte!","reuniere","Advanced","fill_in_blank","reunir","None","None","No","No"," ends_in_ir irregular_verb low_irregularity regular_form reunir subjuntivo_futuro yo "
"↬ Si en un dudoso futuro ↬tú/vos lo _____, ¡suerte!","reunieres","Advanced","fill_in_blank","reunir","None","None","No","No"," ends_in_ir irregular_verb low_irregularity regular_form reunir subjuntivo_futuro tú_vos "
"↬ Si en un dudoso futuro ↬él/ella/usted lo _____, ¡suerte!","reuniere","Advanced","fill_in_blank","reunir","None","None","No","No"," ends_in_ir irregular_verb low_irregularity regular_form reunir subjuntivo_futuro él_ella_usted "
"↬ Si en un dudoso futuro ↬nosotros lo _____, ¡suerte!","reuniéremos","Advanced","fill_in_blank","reunir","None","None","No","No"," ends_in_ir irregular_verb low_irregularity nosotros regular_form reunir subjuntivo_futuro "
"↬ Si en un dudoso futuro ↬vosotros lo _____, ¡suerte!","reuniereis","Advanced","fill_in_blank","reunir","None","None","No","No"," ends_in_ir irregular_verb low_irregularity regular_form reunir subjuntivo_futuro vosotros "
"↬ Si en un dudoso futuro ↬ellos/ellas/ustedes lo _____, ¡suerte!","reunieren","Advanced","fill_in_blank","reunir","None","None","No","No"," ellos_ellas_ustedes ends_in_ir irregular_verb low_irregularity regular_form reunir subjuntivo_futuro "
"El verbo enél actúaes _____","actuar","Intermediate","fill_in_blank","None","None","None","No","No"," actuar dicho ends_in_ar in_the_wild infinitivo irregular_verb low_irregularity regular_form "
"Mientras estoy estudiando…ella está _____ (en el teatro)","actuando","Intermediate","fill_in_blank","actuar","None","None","No","No"," actuar ends_in_ar gerundio irregular_verb low_irregularity regular_form "
"Hugo ha _____ (en el teatro)","actuado","Intermediate","fill_in_blank","actuar","None","None","No","No"," actuar ends_in_ar irregular_verb low_irregularity participio regular_form "
"⊙ Ahora mismo, ⊙yo _____ (en el teatro)","actúo","Elementary","fill_in_blank","actuar","None","None","No","No"," actuar ends_in_ar irregular_form irregular_verb low_irregularity presente yo "
"⊙ Ahora mismo, ⊙tú _____ (en el teatro)","actúas","Elementary","fill_in_blank","actuar","None","None","No","No"," actuar ends_in_ar irregular_form irregular_verb low_irregularity presente tú tú_vos "
"⊙ Ahora mismo, ⊙vos _____ (en el teatro)","actuás","Elementary","fill_in_blank","actuar","None","None","No","No"," actuar ends_in_ar irregular_verb low_irregularity presente regular_form tú_vos vos "
"⊙ Ahora mismo, ⊙él/ella/usted _____ (en el teatro)","actúa","Elementary","fill_in_blank","actuar","None","None","No","No"," actuar ends_in_ar irregular_form irregular_verb low_irregularity presente él_ella_usted "
"⊙ Ahora mismo, ⊙nosotros _____ (en el teatro)","actuamos","Elementary","fill_in_blank","actuar","None","None","No","No"," actuar ends_in_ar irregular_verb low_irregularity nosotros presente regular_form "
"⊙ Ahora mismo, ⊙vosotros _____ (en el teatro)","actuáis","Elementary","fill_in_blank","actuar","None","None","No","No"," actuar ends_in_ar irregular_verb low_irregularity presente regular_form vosotros "
"⊙ Ahora mismo, ⊙ellos/ellas/ustedes _____ (en el teatro)","actúan","Elementary","fill_in_blank","actuar","None","None","No","No"," actuar ellos_ellas_ustedes ends_in_ar in_the_wild irregular_form irregular_verb low_irregularity modismo presente "
"⇠ En esa época, a menudo, ⇠yo _____ (en el teatro)","actuaba","Intermediate","fill_in_blank","actuar","None","None","No","No"," actuar ends_in_ar imperfecto irregular_verb low_irregularity regular_form yo "
"⇠ En esa época, a menudo, ⇠tú/vos _____ (en el teatro)","actuabas","Intermediate","fill_in_blank","actuar","None","None","No","No"," actuar ends_in_ar imperfecto irregular_verb low_irregularity regular_form tú_vos "
"⇠ En esa época, a menudo, ⇠él/ella/usted _____ (en el teatro)","actuaba","Intermediate","fill_in_blank","actuar","None","None","No","No"," actuar ends_in_ar imperfecto irregular_verb low_irregularity regular_form él_ella_usted "
"⇠ En esa época, a menudo, ⇠nosotros _____ (en el teatro)","actuábamos","Intermediate","fill_in_blank","actuar","None","None","No","No"," actuar ends_in_ar imperfecto irregular_verb low_irregularity nosotros regular_form "
"⇠ En esa época, a menudo, ⇠vosotros _____ (en el teatro)","actuabais","Intermediate","fill_in_blank","actuar","None","None","No","No"," actuar ends_in_ar imperfecto irregular_verb low_irregularity regular_form vosotros "
"⇠ En esa época, a menudo, ⇠ellos/ellas/ustedes _____ (en el teatro)","actuaban","Intermediate","fill_in_blank","actuar","None","None","No","No"," actuar ellos_ellas_ustedes ends_in_ar imperfecto irregular_verb low_irregularity regular_form "
"↧ En aquel momento ↧yo _____ (en el teatro)","actué","Intermediate","fill_in_blank","actuar","None","None","No","No"," actuar ends_in_ar indefinido irregular_verb low_irregularity regular_form yo "
"↧ En aquel momento ↧tú/vos _____ (en el teatro)","actuaste","Intermediate","fill_in_blank","actuar","None","None","No","No"," actuar ends_in_ar indefinido irregular_verb low_irregularity regular_form tú_vos "
"↧ En aquel momento ↧él/ella/usted _____ (en el teatro)","actuó","Intermediate","fill_in_blank","actuar","None","None","No","No"," actuar ends_in_ar in_the_wild indefinido irregular_verb low_irregularity modismo regular_form él_ella_usted "
"↧ En aquel momento ↧nosotros _____ (en el teatro)","actuamos","Intermediate","fill_in_blank","actuar","None","None","No","No"," actuar ends_in_ar indefinido irregular_verb low_irregularity nosotros regular_form "
"↧ En aquel momento ↧vosotros _____ (en el teatro)","actuasteis","Intermediate","fill_in_blank","actuar","None","None","No","No"," actuar ends_in_ar indefinido irregular_verb low_irregularity regular_form vosotros "
"↧ En aquel momento ↧ellos/ellas/ustedes _____ (en el teatro)","actuaron","Intermediate","fill_in_blank","actuar","None","None","No","No"," actuar ellos_ellas_ustedes ends_in_ar indefinido irregular_verb low_irregularity regular_form "
"→ En el futuro, →yo _____ (en el teatro)","actuaré","Intermediate","fill_in_blank","actuar","None","None","No","No"," actuar ends_in_ar futuro in_the_wild irregular_verb low_irregularity modismo regular_form yo "
"→ En el futuro, →tú/vos _____ (en el teatro)","actuarás","Intermediate","fill_in_blank","actuar","None","None","No","No"," actuar ends_in_ar futuro irregular_verb low_irregularity regular_form tú_vos "
"→ En el futuro, →él/ella/usted _____ (en el teatro)","actuará","Intermediate","fill_in_blank","actuar","None","None","No","No"," actuar ends_in_ar futuro irregular_verb low_irregularity regular_form él_ella_usted "
"→ En el futuro, →nosotros _____ (en el teatro)","actuaremos","Intermediate","fill_in_blank","actuar","None","None","No","No"," actuar ends_in_ar futuro irregular_verb low_irregularity nosotros regular_form "
"→ En el futuro, →vosotros _____ (en el teatro)","actuaréis","Intermediate","fill_in_blank","actuar","None","None","No","No"," actuar ends_in_ar futuro irregular_verb low_irregularity regular_form vosotros "
"→ En el futuro, →ellos/ellas/ustedes _____ (en el teatro)","actuarán","Intermediate","fill_in_blank","actuar","None","None","No","No"," actuar ellos_ellas_ustedes ends_in_ar futuro irregular_verb low_irregularity regular_form "
"… Si ocurriese esto, …yo _____ (en el teatro)","actuaría","Intermediate","fill_in_blank","actuar","None","None","No","No"," actuar condicional ends_in_ar irregular_verb low_irregularity regular_form yo "
"… Si sucediera esto, …tú/vos _____ (en el teatro)","actuarías","Intermediate","fill_in_blank","actuar","None","None","No","No"," actuar condicional ends_in_ar irregular_verb low_irregularity regular_form tú_vos "
"… Si acaeciera algo, …él/ella/usted _____ (en el teatro)","actuaría","Intermediate","fill_in_blank","actuar","None","None","No","No"," actuar condicional ends_in_ar irregular_verb low_irregularity regular_form él_ella_usted "
"… Si pasara algo, …nosotros _____ (en el teatro)","actuaríamos","Intermediate","fill_in_blank","actuar","None","None","No","No"," actuar condicional ends_in_ar irregular_verb low_irregularity nosotros regular_form "
"… Si aconteciese esto, …vosotros _____ (en el teatro)","actuaríais","Intermediate","fill_in_blank","actuar","None","None","No","No"," actuar condicional ends_in_ar irregular_verb low_irregularity regular_form vosotros "
"… Si se produjera esto, …ellos/ellas/ustedes _____ (en el teatro)","actuarían","Intermediate","fill_in_blank","actuar","None","None","No","No"," actuar condicional ellos_ellas_ustedes ends_in_ar irregular_verb low_irregularity regular_form "
"〰 Resulta divertido que 〰yo _____ (en el teatro)","actúe","Elementary","fill_in_blank","actuar","None","None","No","No"," actuar ends_in_ar irregular_form irregular_verb low_irregularity subjuntivo_presente yo "
"〰 Resulta divertido que 〰tú/vos _____ (en el teatro)","actúes","Elementary","fill_in_blank","actuar","None","None","No","No"," actuar ends_in_ar irregular_form irregular_verb low_irregularity subjuntivo_presente tú_vos "
"〰 Resulta divertido que 〰él/ella/usted _____ (en el teatro)","actúe","Elementary","fill_in_blank","actuar","None","None","No","No"," actuar ends_in_ar irregular_form irregular_verb low_irregularity subjuntivo_presente él_ella_usted "
"〰 Resulta divertido que 〰nosotros _____ (en el teatro)","actuemos","Elementary","fill_in_blank","actuar","None","None","No","No"," actuar ends_in_ar irregular_verb low_irregularity nosotros regular_form subjuntivo_presente "
"〰 Resulta divertido que 〰vosotros _____ (en el teatro)","actuéis","Elementary","fill_in_blank","actuar","None","None","No","No"," actuar ends_in_ar irregular_verb low_irregularity regular_form subjuntivo_presente vosotros "
"〰 Resulta divertido que 〰ellos/ellas/ustedes _____ (en el teatro)","actúen","Elementary","fill_in_blank","actuar","None","None","No","No"," actuar ellos_ellas_ustedes ends_in_ar irregular_form irregular_verb low_irregularity subjuntivo_presente "
"↫ Fue sorprendente que ↫yo _____ (en el teatro)","actuara | actuase","Advanced","fill_in_blank","actuar","None","None","No","No"," actuar ends_in_ar irregular_verb low_irregularity regular_form subjuntivo_pasado yo "
"↫ Fue sorprendente que ↫tú/vos _____ (en el teatro)","actuaras | actuases","Advanced","fill_in_blank","actuar","None","None","No","No"," actuar ends_in_ar irregular_verb low_irregularity regular_form subjuntivo_pasado tú_vos "
"↫ Fue sorprendente que ↫él/ella/usted _____ (en el teatro)","actuara | actuase","Advanced","fill_in_blank","actuar","None","None","No","No"," actuar ends_in_ar irregular_verb low_irregularity regular_form subjuntivo_pasado él_ella_usted "
"↫ Fue sorprendente que ↫nosotros _____ (en el teatro)","actuáramos | actuásemos","Advanced","fill_in_blank","actuar","None","None","No","No"," actuar ends_in_ar irregular_verb low_irregularity nosotros regular_form subjuntivo_pasado "
"↫ Fue sorprendente que ↫vosotros _____ (en el teatro)","actuarais | actuaseis","Advanced","fill_in_blank","actuar","None","None","No","No"," actuar ends_in_ar irregular_verb low_irregularity regular_form subjuntivo_pasado vosotros "
"↫ Fue sorprendente que ↫ellos/ellas/ustedes _____ (en el teatro)","actuaran | actuasen","Advanced","fill_in_blank","actuar","None","None","No","No"," actuar ellos_ellas_ustedes ends_in_ar irregular_verb low_irregularity regular_form subjuntivo_pasado "
"Hombre, por favor,¡ _____ (en consecuencia), ya !(tú)","actúa","Intermediate","fill_in_blank","actuar","None","None","No","No"," actuar ends_in_ar imperativo irregular_form irregular_verb low_irregularity tú tú_vos "
"Hombre, por favor,¡ _____ (en consecuencia), ya !(vos)","actuá","Intermediate","fill_in_blank","actuar","None","None","No","No"," actuar ends_in_ar imperativo irregular_verb low_irregularity regular_form tú_vos vos "
"Mujer, por favor,¡ no _____ (tan pronto) !(tú/vos)","actúes","Intermediate","fill_in_blank","actuar","None","None","No","No"," actuar ends_in_ar imperativo irregular_form irregular_verb low_irregularity negative_imperativo tú_vos "
"Señora, por favor,¡ (que) _____ (en consecuencia), ya !(él/ella/usted)","actúe","Intermediate","fill_in_blank","actuar","None","None","No","No"," actuar ends_in_ar imperativo irregular_form irregular_verb low_irregularity él_ella_usted "
"Vámonos equipo, por favor,¡ (que) _____ (en consecuencia), ya !(nosotros)","actuemos","Intermediate","fill_in_blank","actuar","None","None","No","No"," actuar ends_in_ar imperativo irregular_verb low_irregularity nosotros regular_form "
"Tú y tú, por favor,¡ _____ (en consecuencia), ya !(vosotros)","actuad","Intermediate","fill_in_blank","actuar","None","None","No","No"," actuar ends_in_ar imperativo irregular_verb low_irregularity regular_form vosotros "
"Señores, por favor,¡ (que) _____ (en consecuencia), ya ! (ellos/ellas/ustedes)","actúen","Intermediate","fill_in_blank","actuar","None","None","No","No"," actuar ellos_ellas_ustedes ends_in_ar imperativo irregular_form irregular_verb low_irregularity "
"↬ Si en un dudoso futuro ↬yo _____ así, ¡suerte!","actuare","Advanced","fill_in_blank","actuar","None","None","No","No"," actuar ends_in_ar irregular_verb low_irregularity regular_form subjuntivo_futuro yo "
"↬ Si en un dudoso futuro ↬tú/vos _____ así, ¡suerte!","actuares","Advanced","fill_in_blank","actuar","None","None","No","No"," actuar ends_in_ar irregular_verb low_irregularity regular_form subjuntivo_futuro tú_vos "
"↬ Si en un dudoso futuro ↬él/ella/usted _____ así, ¡suerte!","actuare","Advanced","fill_in_blank","actuar","None","None","No","No"," actuar ends_in_ar irregular_verb low_irregularity regular_form subjuntivo_futuro él_ella_usted "
"↬ Si en un dudoso futuro ↬nosotros _____ así, ¡suerte!","actuáremos","Advanced","fill_in_blank","actuar","None","None","No","No"," actuar ends_in_ar irregular_verb low_irregularity nosotros regular_form subjuntivo_futuro "
"↬ Si en un dudoso futuro ↬vosotros _____ así, ¡suerte!","actuareis","Advanced","fill_in_blank","actuar","None","None","No","No"," actuar ends_in_ar irregular_verb low_irregularity regular_form subjuntivo_futuro vosotros "
"↬ Si en un dudoso futuro ↬ellos/ellas/ustedes _____ así, ¡suerte!","actuaren","Advanced","fill_in_blank","actuar","None","None","No","No"," actuar ellos_ellas_ustedes ends_in_ar irregular_verb low_irregularity regular_form subjuntivo_futuro "
"El verbo enél cabees _____","caber","Advanced","fill_in_blank","None","None","None","No","No"," caber ends_in_er extreme_irregularity infinitivo irregular_verb regular_form "
"Mientras estoy estudiando…no está _____ (excepción a mi rutina)","cabiendo","Advanced","fill_in_blank","caber","None","None","No","No"," caber ends_in_er extreme_irregularity gerundio irregular_verb regular_form "
"Hugo no ha _____ (en el coche)","cabido","Advanced","fill_in_blank","caber","None","None","No","No"," caber ends_in_er extreme_irregularity irregular_verb participio regular_form "
"⊙ Ahora mismo, ⊙yo _____ (en el coche)","quepo","Elementary","fill_in_blank","caber","None","None","No","No"," caber ends_in_er extreme_irregularity in_the_wild irregular_form irregular_verb modismo presente yo "
"⊙ Ahora mismo, ⊙tú _____ (en el coche)","cabes","Elementary","fill_in_blank","caber","None","None","No","No"," caber ends_in_er extreme_irregularity irregular_verb presente regular_form tú tú_vos "
"⊙ Ahora mismo, ⊙vos _____ (en el coche)","cabés","Elementary","fill_in_blank","caber","None","None","No","No"," caber ends_in_er extreme_irregularity irregular_verb presente regular_form tú_vos vos "
"⊙ Ahora mismo, ⊙él/ella/usted _____ (en el coche)","cabe","Elementary","fill_in_blank","caber","None","None","No","No"," caber ends_in_er extreme_irregularity in_the_wild irregular_verb modismo presente regular_form él_ella_usted "
"⊙ Ahora mismo, ⊙nosotros _____ (en el coche)","cabemos","Elementary","fill_in_blank","caber","None","None","No","No"," caber ends_in_er extreme_irregularity irregular_verb nosotros presente regular_form "
"⊙ Ahora mismo, ⊙vosotros _____ (en el coche)","cabéis","Elementary","fill_in_blank","caber","None","None","No","No"," caber ends_in_er extreme_irregularity irregular_verb presente regular_form vosotros "
"⊙ Ahora mismo, ⊙ellos/ellas/ustedes _____ (en el coche)","caben","Elementary","fill_in_blank","caber","None","None","No","No"," caber ellos_ellas_ustedes ends_in_er extreme_irregularity irregular_verb presente regular_form "
"⇠ En esa época, a menudo, ⇠yo _____ (en el coche)","cabía","Advanced","fill_in_blank","caber","None","None","No","No"," caber ends_in_er extreme_irregularity imperfecto irregular_verb regular_form yo "
"⇠ En esa época, a menudo, ⇠tú/vos _____ (en el coche)","cabías","Advanced","fill_in_blank","caber","None","None","No","No"," caber ends_in_er extreme_irregularity imperfecto irregular_verb regular_form tú_vos "
"⇠ En esa época, a menudo, ⇠él/ella/usted _____ (en el coche)","cabía","Advanced","fill_in_blank","caber","None","None","No","No"," caber ends_in_er extreme_irregularity imperfecto in_the_wild irregular_verb modismo regular_form él_ella_usted "
"⇠ En esa época, a menudo, ⇠nosotros _____ (en el coche)","cabíamos","Advanced","fill_in_blank","caber","None","None","No","No"," caber ends_in_er extreme_irregularity imperfecto irregular_verb nosotros regular_form "
"⇠ En esa época, a menudo, ⇠vosotros _____ (en el coche)","cabíais","Advanced","fill_in_blank","caber","None","None","No","No"," caber ends_in_er extreme_irregularity imperfecto irregular_verb regular_form vosotros "
"⇠ En esa época, a menudo, ⇠ellos/ellas/ustedes _____ (en el coche)","cabían","Advanced","fill_in_blank","caber","None","None","No","No"," caber ellos_ellas_ustedes ends_in_er extreme_irregularity imperfecto irregular_verb regular_form "
"↧ En aquel momento ↧yo _____ (en el coche)","cupe","Advanced","fill_in_blank","caber","None","None","No","No"," caber ends_in_er extreme_irregularity indefinido irregular_form irregular_verb yo "
"↧ En aquel momento ↧tú/vos _____ (en el coche)","cupiste","Advanced","fill_in_blank","caber","None","None","No","No"," caber ends_in_er extreme_irregularity indefinido irregular_form irregular_verb tú_vos "
"↧ En aquel momento ↧él/ella/usted _____ (en el coche)","cupo","Advanced","fill_in_blank","caber","None","None","No","No"," caber ends_in_er extreme_irregularity indefinido irregular_form irregular_verb él_ella_usted "
"↧ En aquel momento ↧nosotros _____ (en el coche)","cupimos","Advanced","fill_in_blank","caber","None","None","No","No"," caber ends_in_er extreme_irregularity indefinido irregular_form irregular_verb nosotros "
"↧ En aquel momento ↧vosotros _____ (en el coche)","cupisteis","Advanced","fill_in_blank","caber","None","None","No","No"," caber ends_in_er extreme_irregularity indefinido irregular_form irregular_verb vosotros "
"↧ En aquel momento ↧ellos/ellas/ustedes _____ (en el coche)","cupieron","Advanced","fill_in_blank","caber","None","None","No","No"," caber ellos_ellas_ustedes ends_in_er extreme_irregularity indefinido irregular_form irregular_verb "
"→ En el futuro, →yo _____ (en esta ropa)","cabré","Advanced","fill_in_blank","caber","None","None","No","No"," caber ends_in_er extreme_irregularity futuro irregular_form irregular_verb yo "
"→ En el futuro, →tú/vos _____ (en esta ropa)","cabrás","Advanced","fill_in_blank","caber","None","None","No","No"," caber ends_in_er extreme_irregularity futuro irregular_form irregular_verb tú_vos "
"→ En el futuro, →él/ella/usted _____ (en esta ropa)","cabrá","Advanced","fill_in_blank","caber","None","None","No","No"," caber ends_in_er extreme_irregularity futuro irregular_form irregular_verb él_ella_usted "
"→ En el futuro, →nosotros _____ (en esta ropa)","cabremos","Advanced","fill_in_blank","caber","None","None","No","No"," caber ends_in_er extreme_irregularity futuro irregular_form irregular_verb nosotros "
"→ En el futuro, →vosotros _____ (en esta ropa)","cabréis","Advanced","fill_in_blank","caber","None","None","No","No"," caber ends_in_er extreme_irregularity futuro irregular_form irregular_verb vosotros "
"→ En el futuro, →ellos/ellas/ustedes _____ (en esta ropa)","cabrán","Advanced","fill_in_blank","caber","None","None","No","No"," caber ellos_ellas_ustedes ends_in_er extreme_irregularity futuro irregular_form irregular_verb "
"… Si ocurriese esto, …yo _____ (en el coche)","cabría","Advanced","fill_in_blank","caber","None","None","No","No"," caber condicional ends_in_er extreme_irregularity irregular_form irregular_verb yo "
"… Si sucediera esto, …tú/vos _____ (en el coche)","cabrías","Advanced","fill_in_blank","caber","None","None","No","No"," caber condicional ends_in_er extreme_irregularity irregular_form irregular_verb tú_vos "
"… Si acaeciera algo, …él/ella/usted _____ (en el coche)","cabría","Advanced","fill_in_blank","caber","None","None","No","No"," caber condicional ends_in_er extreme_irregularity irregular_form irregular_verb él_ella_usted "
"… Si pasara algo, …nosotros _____ (en el coche)","cabríamos","Advanced","fill_in_blank","caber","None","None","No","No"," caber condicional ends_in_er extreme_irregularity irregular_form irregular_verb nosotros "
"… Si aconteciese esto, …vosotros _____ (en el coche)","cabríais","Advanced","fill_in_blank","caber","None","None","No","No"," caber condicional ends_in_er extreme_irregularity irregular_form irregular_verb vosotros "
"… Si se produjera esto, …ellos/ellas/ustedes _____ (en el coche)","cabrían","Advanced","fill_in_blank","caber","None","None","No","No"," caber condicional ellos_ellas_ustedes ends_in_er extreme_irregularity irregular_form irregular_verb "
"〰 Resulta divertido que 〰yo _____ (en el coche)","quepa","Elementary","fill_in_blank","caber","None","None","No","No"," caber ends_in_er extreme_irregularity irregular_form irregular_verb subjuntivo_presente yo "
"〰 Resulta divertido que 〰tú/vos _____ (en el coche)","quepas","Elementary","fill_in_blank","caber","None","None","No","No"," caber ends_in_er extreme_irregularity irregular_form irregular_verb subjuntivo_presente tú_vos "
"〰 Resulta divertido que 〰él/ella/usted _____ (en el coche)","quepa","Elementary","fill_in_blank","caber","None","None","No","No"," caber ends_in_er extreme_irregularity in_the_wild irregular_form irregular_verb refrán subjuntivo_presente él_ella_usted "
"〰 Resulta divertido que 〰nosotros _____ (en el coche)","quepamos","Elementary","fill_in_blank","caber","None","None","No","No"," caber ends_in_er extreme_irregularity irregular_form irregular_verb nosotros subjuntivo_presente "
"〰 Resulta divertido que 〰vosotros _____ (en el coche)","quepáis","Elementary","fill_in_blank","caber","None","None","No","No"," caber ends_in_er extreme_irregularity irregular_form irregular_verb subjuntivo_presente vosotros "
"〰 Resulta divertido que 〰ellos/ellas/ustedes _____ (en el coche)","quepan","Elementary","fill_in_blank","caber","None","None","No","No"," caber ellos_ellas_ustedes ends_in_er extreme_irregularity irregular_form irregular_verb subjuntivo_presente "
"↫ Fue sorprendente que ↫yo _____ (en el coche)","cupiera | cupiese","Advanced","fill_in_blank","caber","None","None","No","No"," caber ends_in_er extreme_irregularity irregular_form irregular_verb subjuntivo_pasado yo "
"↫ Fue sorprendente que ↫tú/vos _____ (en el coche)","cupieras | cupieses","Advanced","fill_in_blank","caber","None","None","No","No"," caber ends_in_er extreme_irregularity irregular_form irregular_verb subjuntivo_pasado tú_vos "
"↫ Fue sorprendente que ↫él/ella/usted _____ (en el coche)","cupiera | cupiese","Advanced","fill_in_blank","caber","None","None","No","No"," caber ends_in_er extreme_irregularity irregular_form irregular_verb subjuntivo_pasado él_ella_usted "
"↫ Fue sorprendente que ↫nosotros _____ (en el coche)","cupiéramos | cupiésemos","Advanced","fill_in_blank","caber","None","None","No","No"," caber ends_in_er extreme_irregularity irregular_form irregular_verb nosotros subjuntivo_pasado "
"↫ Fue sorprendente que ↫vosotros _____ (en el coche)","cupierais | cupieseis","Advanced","fill_in_blank","caber","None","None","No","No"," caber ends_in_er extreme_irregularity irregular_form irregular_verb subjuntivo_pasado vosotros "
"↫ Fue sorprendente que ↫ellos/ellas/ustedes _____ (en el coche)","cupieran | cupiesen","Advanced","fill_in_blank","caber","None","None","No","No"," caber ellos_ellas_ustedes ends_in_er extreme_irregularity irregular_form irregular_verb subjuntivo_pasado "
"Hombre, por favor,¡ _____ (en estos pantalones dentro de un mes) !(tú)","cabe","Advanced","fill_in_blank","caber","None","None","No","No"," caber ends_in_er extreme_irregularity imperativo irregular_verb regular_form tú tú_vos "
"Hombre, por favor,¡ _____ (en estos pantalones dentro de un mes) !(vos)","cabé","Advanced","fill_in_blank","caber","None","None","No","No"," caber ends_in_er extreme_irregularity imperativo irregular_verb regular_form tú_vos vos "
"Mujer, por favor,¡ no _____ (en las maniobras del jefe) !(tú/vos)","quepas","Advanced","fill_in_blank","caber","None","None","No","No"," caber ends_in_er extreme_irregularity imperativo irregular_form irregular_verb negative_imperativo tú_vos "
"Señora, por favor,¡ (que) _____ (en estos pantalones dentro de un mes) !(él/ella/usted)","quepa","Advanced","fill_in_blank","caber","None","None","No","No"," caber ends_in_er extreme_irregularity imperativo irregular_form irregular_verb él_ella_usted "
"Vámonos equipo, por favor,¡ (que) _____ (en estos pantalones dentro de un mes) !(nosotros)","quepamos","Advanced","fill_in_blank","caber","None","None","No","No"," caber ends_in_er extreme_irregularity imperativo irregular_form irregular_verb nosotros "
"Tú y tú, por favor,¡ _____ (en estos pantalones dentro de un mes) !(vosotros)","cabed","Advanced","fill_in_blank","caber","None","None","No","No"," caber ends_in_er extreme_irregularity imperativo irregular_verb regular_form vosotros "
"Señores, por favor,¡ (que) _____ (en estos pantalones dentro de un mes) ! (ellos/ellas/ustedes)","quepan","Advanced","fill_in_blank","caber","None","None","No","No"," caber ellos_ellas_ustedes ends_in_er extreme_irregularity imperativo irregular_form irregular_verb "
"↬ Si en un dudoso futuro ↬yo _____ así, ¡suerte!","cupiere","Advanced","fill_in_blank","caber","None","None","No","No"," caber ends_in_er extreme_irregularity irregular_form irregular_verb subjuntivo_futuro yo "
"↬ Si en un dudoso futuro ↬tú/vos _____ así, ¡suerte!","cupieres","Advanced","fill_in_blank","caber","None","None","No","No"," caber ends_in_er extreme_irregularity irregular_form irregular_verb subjuntivo_futuro tú_vos "
"↬ Si en un dudoso futuro ↬él/ella/usted _____ así, ¡suerte!","cupiere","Advanced","fill_in_blank","caber","None","None","No","No"," caber ends_in_er extreme_irregularity irregular_form irregular_verb subjuntivo_futuro él_ella_usted "
"↬ Si en un dudoso futuro ↬nosotros _____ así, ¡suerte!","cupiéremos","Advanced","fill_in_blank","caber","None","None","No","No"," caber ends_in_er extreme_irregularity irregular_form irregular_verb nosotros subjuntivo_futuro "
"↬ Si en un dudoso futuro ↬vosotros _____ así, ¡suerte!","cupiereis","Advanced","fill_in_blank","caber","None","None","No","No"," caber ends_in_er extreme_irregularity irregular_form irregular_verb subjuntivo_futuro vosotros "
"↬ Si en un dudoso futuro ↬ellos/ellas/ustedes _____ así, ¡suerte!","cupieren","Advanced","fill_in_blank","caber","None","None","No","No"," caber ellos_ellas_ustedes ends_in_er extreme_irregularity irregular_form irregular_verb subjuntivo_futuro "
"El verbo enél envíaes _____","enviar","Intermediate","fill_in_blank","None","None","None","No","No"," ends_in_ar enviar infinitivo irregular_verb low_irregularity regular_form "
"Mientras estoy estudiando…ella está _____ (cartas)","enviando","Intermediate","fill_in_blank","enviar","None","None","No","No"," ends_in_ar enviar gerundio irregular_verb low_irregularity regular_form "
"Hugo ha _____ (cartas)","enviado","Intermediate","fill_in_blank","enviar","None","None","No","No"," ends_in_ar enviar irregular_verb low_irregularity participio regular_form "
"⊙ Ahora mismo, ⊙yo _____ (cartas)","envío","Elementary","fill_in_blank","enviar","None","None","No","No"," ends_in_ar enviar irregular_form irregular_verb low_irregularity presente yo "
"⊙ Ahora mismo, ⊙tú _____ (cartas)","envías","Elementary","fill_in_blank","enviar","None","None","No","No"," ends_in_ar enviar irregular_form irregular_verb low_irregularity presente tú tú_vos "
"⊙ Ahora mismo, ⊙vos _____ (cartas)","enviás","Elementary","fill_in_blank","enviar","None","None","No","No"," ends_in_ar enviar irregular_verb low_irregularity presente regular_form tú_vos vos "
"⊙ Ahora mismo, ⊙él/ella/usted _____ (cartas)","envía","Elementary","fill_in_blank","enviar","None","None","No","No"," ends_in_ar enviar irregular_form irregular_verb low_irregularity presente él_ella_usted "
"⊙ Ahora mismo, ⊙nosotros _____ (cartas)","enviamos","Elementary","fill_in_blank","enviar","None","None","No","No"," ends_in_ar enviar irregular_verb low_irregularity nosotros presente regular_form "
"⊙ Ahora mismo, ⊙vosotros _____ (cartas)","enviáis","Elementary","fill_in_blank","enviar","None","None","No","No"," ends_in_ar enviar irregular_verb low_irregularity presente regular_form vosotros "
"⊙ Ahora mismo, ⊙ellos/ellas/ustedes _____ (cartas)","envían","Elementary","fill_in_blank","enviar","None","None","No","No"," ellos_ellas_ustedes ends_in_ar enviar irregular_form irregular_verb low_irregularity presente "
"⇠ En esa época, a menudo, ⇠yo _____ (cartas)","enviaba","Intermediate","fill_in_blank","enviar","None","None","No","No"," ends_in_ar enviar imperfecto irregular_verb low_irregularity regular_form yo "
"⇠ En esa época, a menudo, ⇠tú/vos _____ (cartas)","enviabas","Intermediate","fill_in_blank","enviar","None","None","No","No"," ends_in_ar enviar imperfecto irregular_verb low_irregularity regular_form tú_vos "
"⇠ En esa época, a menudo, ⇠él/ella/usted _____ (cartas)","enviaba","Intermediate","fill_in_blank","enviar","None","None","No","No"," ends_in_ar enviar imperfecto irregular_verb low_irregularity regular_form él_ella_usted "
"⇠ En esa época, a menudo, ⇠nosotros _____ (cartas)","enviábamos","Intermediate","fill_in_blank","enviar","None","None","No","No"," ends_in_ar enviar imperfecto irregular_verb low_irregularity nosotros regular_form "
"⇠ En esa época, a menudo, ⇠vosotros _____ (cartas)","enviabais","Intermediate","fill_in_blank","enviar","None","None","No","No"," ends_in_ar enviar imperfecto irregular_verb low_irregularity regular_form vosotros "
"⇠ En esa época, a menudo, ⇠ellos/ellas/ustedes _____ (cartas)","enviaban","Intermediate","fill_in_blank","enviar","None","None","No","No"," ellos_ellas_ustedes ends_in_ar enviar imperfecto irregular_verb low_irregularity regular_form "
"↧ En aquel momento ↧yo _____ (cartas)","envié","Intermediate","fill_in_blank","enviar","None","None","No","No"," ends_in_ar enviar indefinido irregular_verb low_irregularity regular_form yo "
"↧ En aquel momento ↧tú/vos _____ (cartas)","enviaste","Intermediate","fill_in_blank","enviar","None","None","No","No"," ends_in_ar enviar indefinido irregular_verb low_irregularity regular_form tú_vos "
"↧ En aquel momento ↧él/ella/usted _____ (cartas)","envió","Intermediate","fill_in_blank","enviar","None","None","No","No"," ends_in_ar enviar in_the_wild indefinido irregular_verb low_irregularity modismo regular_form él_ella_usted "
"↧ En aquel momento ↧nosotros _____ (cartas)","enviamos","Intermediate","fill_in_blank","enviar","None","None","No","No"," ends_in_ar enviar indefinido irregular_verb low_irregularity nosotros regular_form "
"↧ En aquel momento ↧vosotros _____ (cartas)","enviasteis","Intermediate","fill_in_blank","enviar","None","None","No","No"," ends_in_ar enviar indefinido irregular_verb low_irregularity regular_form vosotros "
"↧ En aquel momento ↧ellos/ellas/ustedes _____ (cartas)","enviaron","Intermediate","fill_in_blank","enviar","None","None","No","No"," ellos_ellas_ustedes ends_in_ar enviar in_the_wild indefinido irregular_verb low_irregularity modismo regular_form "
"→ En el futuro, →yo _____ (cartas)","enviaré","Intermediate","fill_in_blank","enviar","None","None","No","No"," ends_in_ar enviar futuro irregular_verb low_irregularity regular_form yo "
"→ En el futuro, →tú/vos _____ (cartas)","enviarás","Intermediate","fill_in_blank","enviar","None","None","No","No"," ends_in_ar enviar futuro irregular_verb low_irregularity regular_form tú_vos "
"→ En el futuro, →él/ella/usted _____ (cartas)","enviará","Intermediate","fill_in_blank","enviar","None","None","No","No"," ends_in_ar enviar futuro irregular_verb low_irregularity regular_form él_ella_usted "
"→ En el futuro, →nosotros _____ (cartas)","enviaremos","Intermediate","fill_in_blank","enviar","None","None","No","No"," ends_in_ar enviar futuro irregular_verb low_irregularity nosotros regular_form "
"→ En el futuro, →vosotros _____ (cartas)","enviaréis","Intermediate","fill_in_blank","enviar","None","None","No","No"," ends_in_ar enviar futuro irregular_verb low_irregularity regular_form vosotros "
"→ En el futuro, →ellos/ellas/ustedes _____ (cartas)","enviarán","Intermediate","fill_in_blank","enviar","None","None","No","No"," ellos_ellas_ustedes ends_in_ar enviar futuro irregular_verb low_irregularity regular_form "
"… Si ocurriese esto, …yo _____ (cartas)","enviaría","Intermediate","fill_in_blank","enviar","None","None","No","No"," condicional ends_in_ar enviar irregular_verb low_irregularity regular_form yo "
"… Si sucediera esto, …tú/vos _____ (cartas)","enviarías","Intermediate","fill_in_blank","enviar","None","None","No","No"," condicional ends_in_ar enviar irregular_verb low_irregularity regular_form tú_vos "
"… Si acaeciera algo, …él/ella/usted _____ (cartas)","enviaría","Intermediate","fill_in_blank","enviar","None","None","No","No"," condicional ends_in_ar enviar irregular_verb low_irregularity regular_form él_ella_usted "
"… Si pasara algo, …nosotros _____ (cartas)","enviaríamos","Intermediate","fill_in_blank","enviar","None","None","No","No"," condicional ends_in_ar enviar irregular_verb low_irregularity nosotros regular_form "
"… Si aconteciese esto, …vosotros _____ (cartas)","enviaríais","Intermediate","fill_in_blank","enviar","None","None","No","No"," condicional ends_in_ar enviar irregular_verb low_irregularity regular_form vosotros "
"… Si se produjera esto, …ellos/ellas/ustedes _____ (cartas)","enviarían","Intermediate","fill_in_blank","enviar","None","None","No","No"," condicional ellos_ellas_ustedes ends_in_ar enviar irregular_verb low_irregularity regular_form "
"〰 Resulta divertido que 〰yo _____ (cartas)","envíe","Elementary","fill_in_blank","enviar","None","None","No","No"," ends_in_ar enviar irregular_form irregular_verb low_irregularity subjuntivo_presente yo "
"〰 Resulta divertido que 〰tú/vos _____ (cartas)","envíes","Elementary","fill_in_blank","enviar","None","None","No","No"," ends_in_ar enviar irregular_form irregular_verb low_irregularity subjuntivo_presente tú_vos "
"〰 Resulta divertido que 〰él/ella/usted _____ (cartas)","envíe","Elementary","fill_in_blank","enviar","None","None","No","No"," ends_in_ar enviar irregular_form irregular_verb low_irregularity subjuntivo_presente él_ella_usted "
"〰 Resulta divertido que 〰nosotros _____ (cartas)","enviemos","Elementary","fill_in_blank","enviar","None","None","No","No"," ends_in_ar enviar irregular_verb low_irregularity nosotros regular_form subjuntivo_presente "
"〰 Resulta divertido que 〰vosotros _____ (cartas)","enviéis","Elementary","fill_in_blank","enviar","None","None","No","No"," ends_in_ar enviar irregular_verb low_irregularity regular_form subjuntivo_presente vosotros "
"〰 Resulta divertido que 〰ellos/ellas/ustedes _____ (cartas)","envíen","Elementary","fill_in_blank","enviar","None","None","No","No"," ellos_ellas_ustedes ends_in_ar enviar irregular_form irregular_verb low_irregularity subjuntivo_presente "
"↫ Fue sorprendente que ↫yo _____ (cartas)","enviara | enviase","Advanced","fill_in_blank","enviar","None","None","No","No"," ends_in_ar enviar irregular_verb low_irregularity regular_form subjuntivo_pasado yo "
"↫ Fue sorprendente que ↫tú/vos _____ (cartas)","enviaras | enviases","Advanced","fill_in_blank","enviar","None","None","No","No"," ends_in_ar enviar irregular_verb low_irregularity regular_form subjuntivo_pasado tú_vos "
"↫ Fue sorprendente que ↫él/ella/usted _____ (cartas)","enviara | enviase","Advanced","fill_in_blank","enviar","None","None","No","No"," ends_in_ar enviar irregular_verb low_irregularity regular_form subjuntivo_pasado él_ella_usted "
"↫ Fue sorprendente que ↫nosotros _____ (cartas)","enviáramos | enviásemos","Advanced","fill_in_blank","enviar","None","None","No","No"," ends_in_ar enviar irregular_verb low_irregularity nosotros regular_form subjuntivo_pasado "
"↫ Fue sorprendente que ↫vosotros _____ (cartas)","enviarais | enviaseis","Advanced","fill_in_blank","enviar","None","None","No","No"," ends_in_ar enviar irregular_verb low_irregularity regular_form subjuntivo_pasado vosotros "
"↫ Fue sorprendente que ↫ellos/ellas/ustedes _____ (cartas)","enviaran | enviasen","Advanced","fill_in_blank","enviar","None","None","No","No"," ellos_ellas_ustedes ends_in_ar enviar irregular_verb low_irregularity regular_form subjuntivo_pasado "
"Hombre, por favor,¡ _____ (las cartas), ya !(tú)","envía","Intermediate","fill_in_blank","enviar","None","None","No","No"," ends_in_ar enviar imperativo irregular_form irregular_verb low_irregularity tú tú_vos "
"Hombre, por favor,¡ _____ (las cartas), ya !(vos)","enviá","Intermediate","fill_in_blank","enviar","None","None","No","No"," ends_in_ar enviar imperativo irregular_verb low_irregularity regular_form tú_vos vos "
"Mujer, por favor,¡ no _____ (las cartas) !(tú/vos)","envíes","Intermediate","fill_in_blank","enviar","None","None","No","No"," ends_in_ar enviar imperativo irregular_form irregular_verb low_irregularity negative_imperativo tú_vos "
"Señora, por favor,¡ (que) _____ (las cartas), ya !(él/ella/usted)","envíe","Intermediate","fill_in_blank","enviar","None","None","No","No"," ends_in_ar enviar imperativo irregular_form irregular_verb low_irregularity él_ella_usted "
"Vámonos equipo, por favor,¡ (que) _____ (las cartas), ya !(nosotros)","enviemos","Intermediate","fill_in_blank","enviar","None","None","No","No"," ends_in_ar enviar imperativo irregular_verb low_irregularity nosotros regular_form "
"Tú y tú, por favor,¡ _____ (las cartas), ya !(vosotros)","enviad","Intermediate","fill_in_blank","enviar","None","None","No","No"," ends_in_ar enviar imperativo irregular_verb low_irregularity regular_form vosotros "
"Señores, por favor,¡ (que) _____ (las cartas), ya ! (ellos/ellas/ustedes)","envíen","Intermediate","fill_in_blank","enviar","None","None","No","No"," ellos_ellas_ustedes ends_in_ar enviar imperativo irregular_form irregular_verb low_irregularity "
"↬ Si en un dudoso futuro ↬yo lo _____, ¡suerte!","enviare","Advanced","fill_in_blank","enviar","None","None","No","No"," ends_in_ar enviar irregular_verb low_irregularity regular_form subjuntivo_futuro yo "
"↬ Si en un dudoso futuro ↬tú/vos lo _____, ¡suerte!","enviares","Advanced","fill_in_blank","enviar","None","None","No","No"," ends_in_ar enviar irregular_verb low_irregularity regular_form subjuntivo_futuro tú_vos "
"↬ Si en un dudoso futuro ↬él/ella/usted lo _____, ¡suerte!","enviare","Advanced","fill_in_blank","enviar","None","None","No","No"," ends_in_ar enviar irregular_verb low_irregularity regular_form subjuntivo_futuro él_ella_usted "
"↬ Si en un dudoso futuro ↬nosotros lo _____, ¡suerte!","enviáremos","Advanced","fill_in_blank","enviar","None","None","No","No"," ends_in_ar enviar irregular_verb low_irregularity nosotros regular_form subjuntivo_futuro "
"↬ Si en un dudoso futuro ↬vosotros lo _____, ¡suerte!","enviareis","Advanced","fill_in_blank","enviar","None","None","No","No"," ends_in_ar enviar irregular_verb low_irregularity regular_form subjuntivo_futuro vosotros "
"↬ Si en un dudoso futuro ↬ellos/ellas/ustedes lo _____, ¡suerte!","enviaren","Advanced","fill_in_blank","enviar","None","None","No","No"," ellos_ellas_ustedes ends_in_ar enviar irregular_verb low_irregularity regular_form subjuntivo_futuro "
"El verbo enél adquierees _____","adquirir","Intermediate","fill_in_blank","None","None","None","No","No"," adquirir ends_in_ir in_the_wild infinitivo irregular_verb low_irregularity refrán regular_form "
"Mientras estoy estudiando…ella está _____ (libros)","adquiriendo","Intermediate","fill_in_blank","adquirir","None","None","No","No"," adquirir ends_in_ir gerundio irregular_verb low_irregularity regular_form "
"Hugo ha _____ (libros)","adquirido","Intermediate","fill_in_blank","adquirir","None","None","No","No"," adquirir ends_in_ir irregular_verb low_irregularity participio regular_form "
"⊙ Ahora mismo, ⊙yo _____ (libros)","adquiero","Elementary","fill_in_blank","adquirir","None","None","No","No"," adquirir ends_in_ir irregular_form irregular_verb low_irregularity presente yo "
"⊙ Ahora mismo, ⊙tú _____ (libros)","adquieres","Elementary","fill_in_blank","adquirir","None","None","No","No"," adquirir ends_in_ir irregular_form irregular_verb low_irregularity presente tú tú_vos "
"⊙ Ahora mismo, ⊙vos _____ (libros)","adquirís","Elementary","fill_in_blank","adquirir","None","None","No","No"," adquirir ends_in_ir irregular_verb low_irregularity presente regular_form tú_vos vos "
"⊙ Ahora mismo, ⊙él/ella/usted _____ (libros)","adquiere","Elementary","fill_in_blank","adquirir","None","None","No","No"," adquirir ends_in_ir irregular_form irregular_verb low_irregularity presente él_ella_usted "
"⊙ Ahora mismo, ⊙nosotros _____ (libros)","adquirimos","Elementary","fill_in_blank","adquirir","None","None","No","No"," adquirir ends_in_ir irregular_verb low_irregularity nosotros presente regular_form "
"⊙ Ahora mismo, ⊙vosotros _____ (libros)","adquirís","Elementary","fill_in_blank","adquirir","None","None","No","No"," adquirir ends_in_ir irregular_verb low_irregularity presente regular_form vosotros "
"⊙ Ahora mismo, ⊙ellos/ellas/ustedes _____ (libros)","adquieren","Elementary","fill_in_blank","adquirir","None","None","No","No"," adquirir ellos_ellas_ustedes ends_in_ir irregular_form irregular_verb low_irregularity presente "
"⇠ En esa época, a menudo, ⇠yo _____ (libros)","adquiría","Intermediate","fill_in_blank","adquirir","None","None","No","No"," adquirir ends_in_ir imperfecto irregular_verb low_irregularity regular_form yo "
"⇠ En esa época, a menudo, ⇠tú/vos _____ (libros)","adquirías","Intermediate","fill_in_blank","adquirir","None","None","No","No"," adquirir ends_in_ir imperfecto irregular_verb low_irregularity regular_form tú_vos "
"⇠ En esa época, a menudo, ⇠él/ella/usted _____ (libros)","adquiría","Intermediate","fill_in_blank","adquirir","None","None","No","No"," adquirir ends_in_ir imperfecto irregular_verb low_irregularity regular_form él_ella_usted "
"⇠ En esa época, a menudo, ⇠nosotros _____ (libros)","adquiríamos","Intermediate","fill_in_blank","adquirir","None","None","No","No"," adquirir ends_in_ir imperfecto irregular_verb low_irregularity nosotros regular_form "
"⇠ En esa época, a menudo, ⇠vosotros _____ (libros)","adquiríais","Intermediate","fill_in_blank","adquirir","None","None","No","No"," adquirir ends_in_ir imperfecto irregular_verb low_irregularity regular_form vosotros "
"⇠ En esa época, a menudo, ⇠ellos/ellas/ustedes _____ (libros)","adquirían","Intermediate","fill_in_blank","adquirir","None","None","No","No"," adquirir ellos_ellas_ustedes ends_in_ir imperfecto irregular_verb low_irregularity regular_form "
"↧ En aquel momento ↧yo _____ (libros)","adquirí","Intermediate","fill_in_blank","adquirir","None","None","No","No"," adquirir ends_in_ir indefinido irregular_verb low_irregularity regular_form yo "
"↧ En aquel momento ↧tú/vos _____ (libros)","adquiriste","Intermediate","fill_in_blank","adquirir","None","None","No","No"," adquirir ends_in_ir indefinido irregular_verb low_irregularity regular_form tú_vos "
"↧ En aquel momento ↧él/ella/usted _____ (libros)","adquirió","Intermediate","fill_in_blank","adquirir","None","None","No","No"," adquirir ends_in_ir indefinido irregular_verb low_irregularity regular_form él_ella_usted "
"↧ En aquel momento ↧nosotros _____ (libros)","adquirimos","Intermediate","fill_in_blank","adquirir","None","None","No","No"," adquirir ends_in_ir indefinido irregular_verb low_irregularity nosotros regular_form "
"↧ En aquel momento ↧vosotros _____ (libros)","adquiristeis","Intermediate","fill_in_blank","adquirir","None","None","No","No"," adquirir ends_in_ir indefinido irregular_verb low_irregularity regular_form vosotros "
"↧ En aquel momento ↧ellos/ellas/ustedes _____ (libros)","adquirieron","Intermediate","fill_in_blank","adquirir","None","None","No","No"," adquirir ellos_ellas_ustedes ends_in_ir indefinido irregular_verb low_irregularity regular_form "
"→ En el futuro, →yo _____ (libros)","adquiriré","Intermediate","fill_in_blank","adquirir","None","None","No","No"," adquirir ends_in_ir futuro irregular_verb low_irregularity regular_form yo "
"→ En el futuro, →tú/vos _____ (libros)","adquirirás","Intermediate","fill_in_blank","adquirir","None","None","No","No"," adquirir ends_in_ir futuro irregular_verb low_irregularity regular_form tú_vos "
"→ En el futuro, →él/ella/usted _____ (libros)","adquirirá","Intermediate","fill_in_blank","adquirir","None","None","No","No"," adquirir ends_in_ir futuro irregular_verb low_irregularity regular_form él_ella_usted "
"→ En el futuro, →nosotros _____ (libros)","adquiriremos","Intermediate","fill_in_blank","adquirir","None","None","No","No"," adquirir ends_in_ir futuro irregular_verb low_irregularity nosotros regular_form "
"→ En el futuro, →vosotros _____ (libros)","adquiriréis","Intermediate","fill_in_blank","adquirir","None","None","No","No"," adquirir ends_in_ir futuro irregular_verb low_irregularity regular_form vosotros "
"→ En el futuro, →ellos/ellas/ustedes _____ (libros)","adquirirán","Intermediate","fill_in_blank","adquirir","None","None","No","No"," adquirir ellos_ellas_ustedes ends_in_ir futuro irregular_verb low_irregularity regular_form "
"… Si ocurriese esto, …yo _____ (libros)","adquiriría","Intermediate","fill_in_blank","adquirir","None","None","No","No"," adquirir condicional ends_in_ir irregular_verb low_irregularity regular_form yo "
"… Si sucediera esto, …tú/vos _____ (libros)","adquirirías","Intermediate","fill_in_blank","adquirir","None","None","No","No"," adquirir condicional ends_in_ir irregular_verb low_irregularity regular_form tú_vos "
"… Si acaeciera algo, …él/ella/usted _____ (libros)","adquiriría","Intermediate","fill_in_blank","adquirir","None","None","No","No"," adquirir condicional ends_in_ir irregular_verb low_irregularity regular_form él_ella_usted "
"… Si pasara algo, …nosotros _____ (libros)","adquiriríamos","Intermediate","fill_in_blank","adquirir","None","None","No","No"," adquirir condicional ends_in_ir irregular_verb low_irregularity nosotros regular_form "
"… Si aconteciese esto, …vosotros _____ (libros)","adquiriríais","Intermediate","fill_in_blank","adquirir","None","None","No","No"," adquirir condicional ends_in_ir irregular_verb low_irregularity regular_form vosotros "
"… Si se produjera esto, …ellos/ellas/ustedes _____ (libros)","adquirirían","Intermediate","fill_in_blank","adquirir","None","None","No","No"," adquirir condicional ellos_ellas_ustedes ends_in_ir irregular_verb low_irregularity regular_form "
"〰 Resulta divertido que 〰yo _____ (libros)","adquiera","Elementary","fill_in_blank","adquirir","None","None","No","No"," adquirir ends_in_ir irregular_form irregular_verb low_irregularity subjuntivo_presente yo "
"〰 Resulta divertido que 〰tú/vos _____ (libros)","adquieras","Elementary","fill_in_blank","adquirir","None","None","No","No"," adquirir ends_in_ir irregular_form irregular_verb low_irregularity subjuntivo_presente tú_vos "
"〰 Resulta divertido que 〰él/ella/usted _____ (libros)","adquiera","Elementary","fill_in_blank","adquirir","None","None","No","No"," adquirir ends_in_ir irregular_form irregular_verb low_irregularity subjuntivo_presente él_ella_usted "
"〰 Resulta divertido que 〰nosotros _____ (libros)","adquiramos","Elementary","fill_in_blank","adquirir","None","None","No","No"," adquirir ends_in_ir irregular_verb low_irregularity nosotros regular_form subjuntivo_presente "
"〰 Resulta divertido que 〰vosotros _____ (libros)","adquiráis","Elementary","fill_in_blank","adquirir","None","None","No","No"," adquirir ends_in_ir irregular_verb low_irregularity regular_form subjuntivo_presente vosotros "
"〰 Resulta divertido que 〰ellos/ellas/ustedes _____ (libros)","adquieran","Elementary","fill_in_blank","adquirir","None","None","No","No"," adquirir ellos_ellas_ustedes ends_in_ir irregular_form irregular_verb low_irregularity subjuntivo_presente "
"↫ Fue sorprendente que ↫yo _____ (libros)","adquiriera | adquiriese","Advanced","fill_in_blank","adquirir","None","None","No","No"," adquirir ends_in_ir irregular_verb low_irregularity regular_form subjuntivo_pasado yo "
"↫ Fue sorprendente que ↫tú/vos _____ (libros)","adquirieras | adquirieses","Advanced","fill_in_blank","adquirir","None","None","No","No"," adquirir ends_in_ir irregular_verb low_irregularity regular_form subjuntivo_pasado tú_vos "
"↫ Fue sorprendente que ↫él/ella/usted _____ (libros)","adquiriera | adquiriese","Advanced","fill_in_blank","adquirir","None","None","No","No"," adquirir ends_in_ir irregular_verb low_irregularity regular_form subjuntivo_pasado él_ella_usted "
"↫ Fue sorprendente que ↫nosotros _____ (libros)","adquiriéramos | adquiriésemos","Advanced","fill_in_blank","adquirir","None","None","No","No"," adquirir ends_in_ir irregular_verb low_irregularity nosotros regular_form subjuntivo_pasado "
"↫ Fue sorprendente que ↫vosotros _____ (libros)","adquirierais | adquirieseis","Advanced","fill_in_blank","adquirir","None","None","No","No"," adquirir ends_in_ir irregular_verb low_irregularity regular_form subjuntivo_pasado vosotros "
"↫ Fue sorprendente que ↫ellos/ellas/ustedes _____ (libros)","adquirieran | adquiriesen","Advanced","fill_in_blank","adquirir","None","None","No","No"," adquirir ellos_ellas_ustedes ends_in_ir irregular_verb low_irregularity regular_form subjuntivo_pasado "
"Hombre, por favor,¡ _____ (más libros), ya !(tú)","adquiere","Intermediate","fill_in_blank","adquirir","None","None","No","No"," adquirir ends_in_ir imperativo irregular_form irregular_verb low_irregularity tú tú_vos "
"Hombre, por favor,¡ _____ (más libros), ya !(vos)","adquirí","Intermediate","fill_in_blank","adquirir","None","None","No","No"," adquirir ends_in_ir imperativo irregular_verb low_irregularity regular_form tú_vos vos "
"Mujer, por favor,¡ no _____ (más libros) !(tú/vos)","adquieras","Intermediate","fill_in_blank","adquirir","None","None","No","No"," adquirir ends_in_ir imperativo irregular_form irregular_verb low_irregularity negative_imperativo tú_vos "
"Señora, por favor,¡ (que) _____ (más libros), ya !(él/ella/usted)","adquiera","Intermediate","fill_in_blank","adquirir","None","None","No","No"," adquirir ends_in_ir imperativo irregular_form irregular_verb low_irregularity él_ella_usted "
"Vámonos equipo, por favor,¡ (que) _____ (más libros), ya !(nosotros)","adquiramos","Intermediate","fill_in_blank","adquirir","None","None","No","No"," adquirir ends_in_ir imperativo irregular_verb low_irregularity nosotros regular_form "
"Tú y tú, por favor,¡ _____ (más libros), ya !(vosotros)","adquirid","Intermediate","fill_in_blank","adquirir","None","None","No","No"," adquirir ends_in_ir imperativo irregular_verb low_irregularity regular_form vosotros "
"Señores, por favor,¡ (que) _____ (más libros), ya ! (ellos/ellas/ustedes)","adquieran","Intermediate","fill_in_blank","adquirir","None","None","No","No"," adquirir ellos_ellas_ustedes ends_in_ir imperativo irregular_form irregular_verb low_irregularity "
"↬ Si en un dudoso futuro ↬yo lo _____, ¡suerte!","adquiriere","Advanced","fill_in_blank","adquirir","None","None","No","No"," adquirir ends_in_ir irregular_verb low_irregularity regular_form subjuntivo_futuro yo "
"↬ Si en un dudoso futuro ↬tú/vos lo _____, ¡suerte!","adquirieres","Advanced","fill_in_blank","adquirir","None","None","No","No"," adquirir ends_in_ir irregular_verb low_irregularity regular_form subjuntivo_futuro tú_vos "
"↬ Si en un dudoso futuro ↬él/ella/usted lo _____, ¡suerte!","adquiriere","Advanced","fill_in_blank","adquirir","None","None","No","No"," adquirir ends_in_ir irregular_verb low_irregularity regular_form subjuntivo_futuro él_ella_usted "
"↬ Si en un dudoso futuro ↬nosotros lo _____, ¡suerte!","adquiriéremos","Advanced","fill_in_blank","adquirir","None","None","No","No"," adquirir ends_in_ir irregular_verb low_irregularity nosotros regular_form subjuntivo_futuro "
"↬ Si en un dudoso futuro ↬vosotros lo _____, ¡suerte!","adquiriereis","Advanced","fill_in_blank","adquirir","None","None","No","No"," adquirir ends_in_ir irregular_verb low_irregularity regular_form subjuntivo_futuro vosotros "
"↬ Si en un dudoso futuro ↬ellos/ellas/ustedes lo _____, ¡suerte!","adquirieren","Advanced","fill_in_blank","adquirir","None","None","No","No"," adquirir ellos_ellas_ustedes ends_in_ir irregular_verb low_irregularity regular_form subjuntivo_futuro "
"El verbo enél cogees _____","coger","Intermediate","fill_in_blank","None","None","None","No","No"," coger ends_in_er infinitivo regular_form regular_verb "
"Mientras estoy estudiando…ella me está _____ (cariño)","cogiendo","Intermediate","fill_in_blank","coger","None","None","No","No"," coger ends_in_er gerundio regular_form regular_verb "
"Hugo le ha _____ (cariño)","cogido","Intermediate","fill_in_blank","coger","None","None","No","No"," coger ends_in_er participio regular_form regular_verb "
"⊙ Ahora mismo, ⊙yo _____ (el tren)","cojo","Elementary","fill_in_blank","coger","None","None","No","No"," coger ends_in_er presente regular_form regular_spelling_change regular_verb yo "
"⊙ Ahora mismo, ⊙tú _____ (el tren)","coges","Elementary","fill_in_blank","coger","None","None","No","No"," coger ends_in_er in_the_wild presente refrán regular_form regular_verb tú tú_vos "
"⊙ Ahora mismo, ⊙vos _____ (el tren)","cogés","Elementary","fill_in_blank","coger","None","None","No","No"," coger ends_in_er presente regular_form regular_verb tú_vos vos "
"⊙ Ahora mismo, ⊙él/ella/usted _____ (el tren)","coge","Elementary","fill_in_blank","coger","None","None","No","No"," coger ends_in_er presente regular_form regular_verb él_ella_usted "
"⊙ Ahora mismo, ⊙nosotros _____ (el tren)","cogemos","Elementary","fill_in_blank","coger","None","None","No","No"," coger ends_in_er nosotros presente regular_form regular_verb "
"⊙ Ahora mismo, ⊙vosotros _____ (el tren)","cogéis","Elementary","fill_in_blank","coger","None","None","No","No"," coger ends_in_er presente regular_form regular_verb vosotros "
"⊙ Ahora mismo, ⊙ellos/ellas/ustedes _____ (el tren)","cogen","Elementary","fill_in_blank","coger","None","None","No","No"," coger ellos_ellas_ustedes ends_in_er in_the_wild presente refrán regular_form regular_verb "
"⇠ En esa época, a menudo, ⇠yo _____ (el tren)","cogía","Intermediate","fill_in_blank","coger","None","None","No","No"," coger ends_in_er imperfecto regular_form regular_verb yo "
"⇠ En esa época, a menudo, ⇠tú/vos _____ (el tren)","cogías","Intermediate","fill_in_blank","coger","None","None","No","No"," coger ends_in_er imperfecto regular_form regular_verb tú_vos "
"⇠ En esa época, a menudo, ⇠él/ella/usted _____ (el tren)","cogía","Intermediate","fill_in_blank","coger","None","None","No","No"," coger ends_in_er imperfecto regular_form regular_verb él_ella_usted "
"⇠ En esa época, a menudo, ⇠nosotros _____ (el tren)","cogíamos","Intermediate","fill_in_blank","coger","None","None","No","No"," coger ends_in_er imperfecto nosotros regular_form regular_verb "
"⇠ En esa época, a menudo, ⇠vosotros _____ (el tren)","cogíais","Intermediate","fill_in_blank","coger","None","None","No","No"," coger ends_in_er imperfecto regular_form regular_verb vosotros "
"⇠ En esa época, a menudo, ⇠ellos/ellas/ustedes _____ (el tren)","cogían","Intermediate","fill_in_blank","coger","None","None","No","No"," coger ellos_ellas_ustedes ends_in_er imperfecto regular_form regular_verb "
"↧ En aquel momento ↧yo _____ (el tren)","cogí","Intermediate","fill_in_blank","coger","None","None","No","No"," coger ends_in_er indefinido regular_form regular_verb yo "
"↧ En aquel momento ↧tú/vos _____ (el tren)","cogiste","Intermediate","fill_in_blank","coger","None","None","No","No"," coger ends_in_er indefinido regular_form regular_verb tú_vos "
"↧ En aquel momento ↧él/ella/usted _____ (el tren)","cogió","Intermediate","fill_in_blank","coger","None","None","No","No"," coger ends_in_er in_the_wild indefinido modismo regular_form regular_verb él_ella_usted "
"↧ En aquel momento ↧nosotros _____ (el tren)","cogimos","Intermediate","fill_in_blank","coger","None","None","No","No"," coger ends_in_er indefinido nosotros regular_form regular_verb "
"↧ En aquel momento ↧vosotros _____ (el tren)","cogisteis","Intermediate","fill_in_blank","coger","None","None","No","No"," coger ends_in_er indefinido regular_form regular_verb vosotros "
"↧ En aquel momento ↧ellos/ellas/ustedes _____ (el tren)","cogieron","Intermediate","fill_in_blank","coger","None","None","No","No"," coger ellos_ellas_ustedes ends_in_er indefinido regular_form regular_verb "
"→ En el futuro, →yo _____ (el tren)","cogeré","Intermediate","fill_in_blank","coger","None","None","No","No"," coger ends_in_er futuro regular_form regular_verb yo "
"→ En el futuro, →tú/vos _____ (el tren)","cogerás","Intermediate","fill_in_blank","coger","None","None","No","No"," coger ends_in_er futuro regular_form regular_verb tú_vos "
"→ En el futuro, →él/ella/usted _____ (el tren)","cogerá","Intermediate","fill_in_blank","coger","None","None","No","No"," coger ends_in_er futuro regular_form regular_verb él_ella_usted "
"→ En el futuro, →nosotros _____ (el tren)","cogeremos","Intermediate","fill_in_blank","coger","None","None","No","No"," coger ends_in_er futuro nosotros regular_form regular_verb "
"→ En el futuro, →vosotros _____ (el tren)","cogeréis","Intermediate","fill_in_blank","coger","None","None","No","No"," coger ends_in_er futuro regular_form regular_verb vosotros "
"→ En el futuro, →ellos/ellas/ustedes _____ (el tren)","cogerán","Intermediate","fill_in_blank","coger","None","None","No","No"," coger ellos_ellas_ustedes ends_in_er futuro regular_form regular_verb "
"… Si ocurriese esto, …yo _____ (el tren)","cogería","Intermediate","fill_in_blank","coger","None","None","No","No"," coger condicional ends_in_er regular_form regular_verb yo "
"… Si sucediera esto, …tú/vos _____ (el tren)","cogerías","Intermediate","fill_in_blank","coger","None","None","No","No"," coger condicional ends_in_er regular_form regular_verb tú_vos "
"… Si acaeciera algo, …él/ella/usted _____ (el tren)","cogería","Intermediate","fill_in_blank","coger","None","None","No","No"," coger condicional ends_in_er regular_form regular_verb él_ella_usted "
"… Si pasara algo, …nosotros _____ (el tren)","cogeríamos","Intermediate","fill_in_blank","coger","None","None","No","No"," coger condicional ends_in_er nosotros regular_form regular_verb "
"… Si aconteciese esto, …vosotros _____ (el tren)","cogeríais","Intermediate","fill_in_blank","coger","None","None","No","No"," coger condicional ends_in_er regular_form regular_verb vosotros "
"… Si se produjera esto, …ellos/ellas/ustedes _____ (el tren)","cogerían","Intermediate","fill_in_blank","coger","None","None","No","No"," coger condicional ellos_ellas_ustedes ends_in_er regular_form regular_verb "
"〰 Resulta divertido que 〰yo _____ (el tren)","coja","Elementary","fill_in_blank","coger","None","None","No","No"," coger ends_in_er regular_form regular_spelling_change regular_verb subjuntivo_presente yo "
"〰 Resulta divertido que 〰tú/vos _____ (el tren)","cojas","Elementary","fill_in_blank","coger","None","None","No","No"," coger ends_in_er regular_form regular_spelling_change regular_verb subjuntivo_presente tú_vos "
"〰 Resulta divertido que 〰él/ella/usted _____ (el tren)","coja","Elementary","fill_in_blank","coger","None","None","No","No"," coger ends_in_er regular_form regular_spelling_change regular_verb subjuntivo_presente él_ella_usted "
"〰 Resulta divertido que 〰nosotros _____ (el tren)","cojamos","Elementary","fill_in_blank","coger","None","None","No","No"," coger ends_in_er nosotros regular_form regular_spelling_change regular_verb subjuntivo_presente "
"〰 Resulta divertido que 〰vosotros _____ (el tren)","cojáis","Elementary","fill_in_blank","coger","None","None","No","No"," coger ends_in_er regular_form regular_spelling_change regular_verb subjuntivo_presente vosotros "
"〰 Resulta divertido que 〰ellos/ellas/ustedes _____ (el tren)","cojan","Elementary","fill_in_blank","coger","None","None","No","No"," coger ellos_ellas_ustedes ends_in_er regular_form regular_spelling_change regular_verb subjuntivo_presente "
"↫ Fue sorprendente que ↫yo _____ (el tren)","cogiera | cogiese","Advanced","fill_in_blank","coger","None","None","No","No"," coger ends_in_er regular_form regular_verb subjuntivo_pasado yo "
"↫ Fue sorprendente que ↫tú/vos _____ (el tren)","cogieras | cogieses","Advanced","fill_in_blank","coger","None","None","No","No"," coger ends_in_er regular_form regular_verb subjuntivo_pasado tú_vos "
"↫ Fue sorprendente que ↫él/ella/usted _____ (el tren)","cogiera | cogiese","Advanced","fill_in_blank","coger","None","None","No","No"," coger ends_in_er regular_form regular_verb subjuntivo_pasado él_ella_usted "
"↫ Fue sorprendente que ↫nosotros _____ (el tren)","cogiéramos | cogiésemos","Advanced","fill_in_blank","coger","None","None","No","No"," coger ends_in_er nosotros regular_form regular_verb subjuntivo_pasado "
"↫ Fue sorprendente que ↫vosotros _____ (el tren)","cogierais | cogieseis","Advanced","fill_in_blank","coger","None","None","No","No"," coger ends_in_er regular_form regular_verb subjuntivo_pasado vosotros "
"↫ Fue sorprendente que ↫ellos/ellas/ustedes _____ (el tren)","cogieran | cogiesen","Advanced","fill_in_blank","coger","None","None","No","No"," coger ellos_ellas_ustedes ends_in_er regular_form regular_verb subjuntivo_pasado "
"Hombre, por favor,¡ _____ (el tren), ya !(tú)","coge","Intermediate","fill_in_blank","coger","None","None","No","No"," coger ends_in_er imperativo regular_form regular_verb tú tú_vos "
"Hombre, por favor,¡ _____ (el tren), ya !(vos)","cogé","Intermediate","fill_in_blank","coger","None","None","No","No"," coger ends_in_er imperativo regular_form regular_verb tú_vos vos "
"Mujer, por favor,¡ no _____ (el tren) !(tú/vos)","cojas","Intermediate","fill_in_blank","coger","None","None","No","No"," coger ends_in_er imperativo negative_imperativo regular_form regular_spelling_change regular_verb tú_vos "
"Señora, por favor,¡ (que) _____ (el tren), ya !(él/ella/usted)","coja","Intermediate","fill_in_blank","coger","None","None","No","No"," coger ends_in_er imperativo regular_form regular_spelling_change regular_verb él_ella_usted "
"Vámonos equipo, por favor,¡ (que) _____ (el tren), ya !(nosotros)","cojamos","Intermediate","fill_in_blank","coger","None","None","No","No"," coger ends_in_er imperativo nosotros regular_form regular_spelling_change regular_verb "
"Tú y tú, por favor,¡ _____ (el tren), ya !(vosotros)","coged","Intermediate","fill_in_blank","coger","None","None","No","No"," coger ends_in_er imperativo regular_form regular_verb vosotros "
"Señores, por favor,¡ (que) _____ (el tren), ya ! (ellos/ellas/ustedes)","cojan","Intermediate","fill_in_blank","coger","None","None","No","No"," coger ellos_ellas_ustedes ends_in_er imperativo regular_form regular_spelling_change regular_verb "
"↬ Si en un dudoso futuro ↬yo lo _____, ¡suerte!","cogiere","Advanced","fill_in_blank","coger","None","None","No","No"," coger ends_in_er regular_form regular_verb subjuntivo_futuro yo "
"↬ Si en un dudoso futuro ↬tú/vos lo _____, ¡suerte!","cogieres","Advanced","fill_in_blank","coger","None","None","No","No"," coger ends_in_er regular_form regular_verb subjuntivo_futuro tú_vos "
"↬ Si en un dudoso futuro ↬él/ella/usted lo _____, ¡suerte!","cogiere","Advanced","fill_in_blank","coger","None","None","No","No"," coger ends_in_er regular_form regular_verb subjuntivo_futuro él_ella_usted "
"↬ Si en un dudoso futuro ↬nosotros lo _____, ¡suerte!","cogiéremos","Advanced","fill_in_blank","coger","None","None","No","No"," coger ends_in_er nosotros regular_form regular_verb subjuntivo_futuro "
"↬ Si en un dudoso futuro ↬vosotros lo _____, ¡suerte!","cogiereis","Advanced","fill_in_blank","coger","None","None","No","No"," coger ends_in_er regular_form regular_verb subjuntivo_futuro vosotros "
"↬ Si en un dudoso futuro ↬ellos/ellas/ustedes lo _____, ¡suerte!","cogieren","Advanced","fill_in_blank","coger","None","None","No","No"," coger ellos_ellas_ustedes ends_in_er regular_form regular_verb subjuntivo_futuro "
"El verbo enél sonríees _____","sonreír","Intermediate","fill_in_blank","None","None","None","No","No"," ends_in_ír high_irregularity infinitivo irregular_verb regular_form sonreír "
"Mientras estoy estudiando…ella está _____ (al gato)","sonriendo","Intermediate","fill_in_blank","sonreír","None","None","No","No"," ends_in_ír gerundio high_irregularity irregular_form irregular_verb sonreír "
"Hugo ha _____ (al gato)","sonreído","Intermediate","fill_in_blank","sonreír","None","None","No","No"," ends_in_ír high_irregularity irregular_verb participio regular_form regular_spelling_change sonreír "
"⊙ Ahora mismo, ⊙yo _____ (socarronamente)","sonrío","Elementary","fill_in_blank","sonreír","None","None","No","No"," dicho ends_in_ír high_irregularity in_the_wild irregular_form irregular_verb presente sonreír yo "
"⊙ Ahora mismo, ⊙tú _____ (socarronamente)","sonríes","Elementary","fill_in_blank","sonreír","None","None","No","No"," ends_in_ír high_irregularity irregular_form irregular_verb presente sonreír tú tú_vos "
"⊙ Ahora mismo, ⊙vos _____ (socarronamente)","sonreís","Elementary","fill_in_blank","sonreír","None","None","No","No"," ends_in_ír high_irregularity irregular_verb presente regular_form sonreír tú_vos vos "
"⊙ Ahora mismo, ⊙él/ella/usted _____ (socarronamente)","sonríe","Elementary","fill_in_blank","sonreír","None","None","No","No"," ends_in_ír high_irregularity irregular_form irregular_verb presente sonreír él_ella_usted "
"⊙ Ahora mismo, ⊙nosotros _____ (socarronamente)","sonreímos","Elementary","fill_in_blank","sonreír","None","None","No","No"," ends_in_ír high_irregularity irregular_verb nosotros presente regular_form sonreír "
"⊙ Ahora mismo, ⊙vosotros _____ (socarronamente)","sonreís","Elementary","fill_in_blank","sonreír","None","None","No","No"," ends_in_ír high_irregularity irregular_verb presente regular_form sonreír vosotros "
"⊙ Ahora mismo, ⊙ellos/ellas/ustedes _____ (socarronamente)","sonríen","Elementary","fill_in_blank","sonreír","None","None","No","No"," ellos_ellas_ustedes ends_in_ír high_irregularity irregular_form irregular_verb presente sonreír "
"⇠ En esa época, a menudo, ⇠yo _____ (socarronamente)","sonreía","Intermediate","fill_in_blank","sonreír","None","None","No","No"," ends_in_ír high_irregularity imperfecto irregular_verb regular_form sonreír yo "
"⇠ En esa época, a menudo, ⇠tú/vos _____ (socarronamente)","sonreías","Intermediate","fill_in_blank","sonreír","None","None","No","No"," ends_in_ír high_irregularity imperfecto irregular_verb regular_form sonreír tú_vos "
"⇠ En esa época, a menudo, ⇠él/ella/usted _____ (socarronamente)","sonreía","Intermediate","fill_in_blank","sonreír","None","None","No","No"," ends_in_ír high_irregularity imperfecto irregular_verb regular_form sonreír él_ella_usted "
"⇠ En esa época, a menudo, ⇠nosotros _____ (socarronamente)","sonreíamos","Intermediate","fill_in_blank","sonreír","None","None","No","No"," ends_in_ír high_irregularity imperfecto irregular_verb nosotros regular_form sonreír "
"⇠ En esa época, a menudo, ⇠vosotros _____ (socarronamente)","sonreíais","Intermediate","fill_in_blank","sonreír","None","None","No","No"," ends_in_ír high_irregularity imperfecto irregular_verb regular_form sonreír vosotros "
"⇠ En esa época, a menudo, ⇠ellos/ellas/ustedes _____ (socarronamente)","sonreían","Intermediate","fill_in_blank","sonreír","None","None","No","No"," ellos_ellas_ustedes ends_in_ír high_irregularity imperfecto irregular_verb regular_form sonreír "
"↧ En aquel momento ↧yo _____ (socarronamente)","sonreí","Intermediate","fill_in_blank","sonreír","None","None","No","No"," ends_in_ír high_irregularity indefinido irregular_verb regular_form sonreír yo "
"↧ En aquel momento ↧tú/vos _____ (socarronamente)","sonreíste","Intermediate","fill_in_blank","sonreír","None","None","No","No"," ends_in_ír high_irregularity indefinido irregular_verb regular_form regular_spelling_change sonreír tú_vos "
"↧ En aquel momento ↧él/ella/usted _____ (socarronamente)","sonrió","Intermediate","fill_in_blank","sonreír","None","None","No","No"," ends_in_ír high_irregularity in_the_wild indefinido irregular_form irregular_verb modismo sonreír él_ella_usted "
"↧ En aquel momento ↧nosotros _____ (socarronamente)","sonreímos","Intermediate","fill_in_blank","sonreír","None","None","No","No"," ends_in_ír high_irregularity indefinido irregular_verb nosotros regular_form regular_spelling_change sonreír "
"↧ En aquel momento ↧vosotros _____ (socarronamente)","sonreísteis","Intermediate","fill_in_blank","sonreír","None","None","No","No"," ends_in_ír high_irregularity indefinido irregular_verb regular_form sonreír vosotros "
"↧ En aquel momento ↧ellos/ellas/ustedes _____ (socarronamente)","sonrieron","Intermediate","fill_in_blank","sonreír","None","None","No","No"," ellos_ellas_ustedes ends_in_ír high_irregularity indefinido irregular_form irregular_verb sonreír "
"→ En el futuro, →yo _____ (socarronamente)","sonreiré","Intermediate","fill_in_blank","sonreír","None","None","No","No"," ends_in_ír futuro high_irregularity irregular_verb regular_form sonreír yo "
"→ En el futuro, →tú/vos _____ (socarronamente)","sonreirás","Intermediate","fill_in_blank","sonreír","None","None","No","No"," ends_in_ír futuro high_irregularity irregular_verb regular_form sonreír tú_vos "
"→ En el futuro, →él/ella/usted _____ (socarronamente)","sonreirá","Intermediate","fill_in_blank","sonreír","None","None","No","No"," ends_in_ír futuro high_irregularity irregular_verb regular_form sonreír él_ella_usted "
"→ En el futuro, →nosotros _____ (socarronamente)","sonreiremos","Intermediate","fill_in_blank","sonreír","None","None","No","No"," ends_in_ír futuro high_irregularity irregular_verb nosotros regular_form sonreír "
"→ En el futuro, →vosotros _____ (socarronamente)","sonreiréis","Intermediate","fill_in_blank","sonreír","None","None","No","No"," ends_in_ír futuro high_irregularity irregular_verb regular_form sonreír vosotros "
"→ En el futuro, →ellos/ellas/ustedes _____ (socarronamente)","sonreirán","Intermediate","fill_in_blank","sonreír","None","None","No","No"," ellos_ellas_ustedes ends_in_ír futuro high_irregularity irregular_verb regular_form sonreír "
"… Si ocurriese esto, …yo _____ (socarronamente)","sonreiría","Intermediate","fill_in_blank","sonreír","None","None","No","No"," condicional ends_in_ír high_irregularity irregular_verb regular_form sonreír yo "
"… Si sucediera esto, …tú/vos _____ (socarronamente)","sonreirías","Intermediate","fill_in_blank","sonreír","None","None","No","No"," condicional ends_in_ír high_irregularity irregular_verb regular_form sonreír tú_vos "
"… Si acaeciera algo, …él/ella/usted _____ (socarronamente)","sonreiría","Intermediate","fill_in_blank","sonreír","None","None","No","No"," condicional ends_in_ír high_irregularity irregular_verb regular_form sonreír él_ella_usted "
"… Si pasara algo, …nosotros _____ (socarronamente)","sonreiríamos","Intermediate","fill_in_blank","sonreír","None","None","No","No"," condicional ends_in_ír high_irregularity irregular_verb nosotros regular_form sonreír "
"… Si aconteciese esto, …vosotros _____ (socarronamente)","sonreiríais","Intermediate","fill_in_blank","sonreír","None","None","No","No"," condicional ends_in_ír high_irregularity irregular_verb regular_form sonreír vosotros "
"… Si se produjera esto, …ellos/ellas/ustedes _____ (socarronamente)","sonreirían","Intermediate","fill_in_blank","sonreír","None","None","No","No"," condicional ellos_ellas_ustedes ends_in_ír high_irregularity irregular_verb regular_form sonreír "
"〰 Resulta divertido que 〰yo _____ (socarronamente)","sonría","Elementary","fill_in_blank","sonreír","None","None","No","No"," ends_in_ír high_irregularity irregular_form irregular_verb sonreír subjuntivo_presente yo "
"〰 Resulta divertido que 〰tú/vos _____ (socarronamente)","sonrías","Elementary","fill_in_blank","sonreír","None","None","No","No"," ends_in_ír high_irregularity irregular_form irregular_verb sonreír subjuntivo_presente tú_vos "
"〰 Resulta divertido que 〰él/ella/usted _____ (socarronamente)","sonría","Elementary","fill_in_blank","sonreír","None","None","No","No"," ends_in_ír high_irregularity irregular_form irregular_verb sonreír subjuntivo_presente él_ella_usted "
"〰 Resulta divertido que 〰nosotros _____ (socarronamente)","sonriamos","Elementary","fill_in_blank","sonreír","None","None","No","No"," ends_in_ír high_irregularity irregular_form irregular_verb nosotros sonreír subjuntivo_presente "
"〰 Resulta divertido que 〰vosotros _____ (socarronamente)","sonriáis","Elementary","fill_in_blank","sonreír","None","None","No","No"," ends_in_ír high_irregularity irregular_form irregular_verb sonreír subjuntivo_presente vosotros "
"〰 Resulta divertido que 〰ellos/ellas/ustedes _____ (socarronamente)","sonrían","Elementary","fill_in_blank","sonreír","None","None","No","No"," ellos_ellas_ustedes ends_in_ír high_irregularity irregular_form irregular_verb sonreír subjuntivo_presente "
"↫ Fue sorprendente que ↫yo _____ (socarronamente)","sonriera | sonriese","Advanced","fill_in_blank","sonreír","None","None","No","No"," ends_in_ír high_irregularity irregular_form irregular_verb sonreír subjuntivo_pasado yo "
"↫ Fue sorprendente que ↫tú/vos _____ (socarronamente)","sonrieras | sonrieses","Advanced","fill_in_blank","sonreír","None","None","No","No"," ends_in_ír high_irregularity irregular_form irregular_verb sonreír subjuntivo_pasado tú_vos "
"↫ Fue sorprendente que ↫él/ella/usted _____ (socarronamente)","sonriera | sonriese","Advanced","fill_in_blank","sonreír","None","None","No","No"," ends_in_ír high_irregularity irregular_form irregular_verb sonreír subjuntivo_pasado él_ella_usted "
"↫ Fue sorprendente que ↫nosotros _____ (socarronamente)","sonriéramos | sonriésemos","Advanced","fill_in_blank","sonreír","None","None","No","No"," ends_in_ír high_irregularity irregular_form irregular_verb nosotros sonreír subjuntivo_pasado "
"↫ Fue sorprendente que ↫vosotros _____ (socarronamente)","sonrierais | sonrieseis","Advanced","fill_in_blank","sonreír","None","None","No","No"," ends_in_ír high_irregularity irregular_form irregular_verb sonreír subjuntivo_pasado vosotros "
"↫ Fue sorprendente que ↫ellos/ellas/ustedes _____ (socarronamente)","sonrieran | sonriesen","Advanced","fill_in_blank","sonreír","None","None","No","No"," ellos_ellas_ustedes ends_in_ír high_irregularity irregular_form irregular_verb sonreír subjuntivo_pasado "
"Hombre, por favor,¡ _____ , ya !(tú)","sonríe","Intermediate","fill_in_blank","sonreír","None","None","No","No"," ends_in_ír high_irregularity imperativo irregular_form irregular_verb sonreír tú tú_vos "
"Hombre, por favor,¡ _____ , ya !(vos)","sonreí","Intermediate","fill_in_blank","sonreír","None","None","No","No"," ends_in_ír high_irregularity imperativo irregular_verb regular_form sonreír tú_vos vos "
"Mujer, por favor,¡ no _____ !(tú/vos)","sonrías","Intermediate","fill_in_blank","sonreír","None","None","No","No"," ends_in_ír high_irregularity imperativo irregular_form irregular_verb negative_imperativo sonreír tú_vos "
"Señora, por favor,¡ (que) _____ , ya !(él/ella/usted)","sonría","Intermediate","fill_in_blank","sonreír","None","None","No","No"," ends_in_ír high_irregularity imperativo irregular_form irregular_verb sonreír él_ella_usted "
"Vámonos equipo, por favor,¡ (que) _____ , ya !(nosotros)","sonriamos","Intermediate","fill_in_blank","sonreír","None","None","No","No"," ends_in_ír high_irregularity imperativo irregular_form irregular_verb nosotros sonreír "
"Tú y tú, por favor,¡ _____ , ya !(vosotros)","sonreíd","Intermediate","fill_in_blank","sonreír","None","None","No","No"," ends_in_ír high_irregularity imperativo irregular_verb regular_form regular_spelling_change sonreír vosotros "
"Señores, por favor,¡ (que) _____ , ya ! (ellos/ellas/ustedes)","sonrían","Intermediate","fill_in_blank","sonreír","None","None","No","No"," ellos_ellas_ustedes ends_in_ír high_irregularity imperativo irregular_form irregular_verb sonreír "
"↬ Si en un dudoso futuro ↬yo _____ así, ¡suerte!","sonriere","Advanced","fill_in_blank","sonreír","None","None","No","No"," ends_in_ír high_irregularity irregular_form irregular_verb sonreír subjuntivo_futuro yo "
"↬ Si en un dudoso futuro ↬tú/vos _____ así, ¡suerte!","sonrieres","Advanced","fill_in_blank","sonreír","None","None","No","No"," ends_in_ír high_irregularity irregular_form irregular_verb sonreír subjuntivo_futuro tú_vos "
"↬ Si en un dudoso futuro ↬él/ella/usted _____ así, ¡suerte!","sonriere","Advanced","fill_in_blank","sonreír","None","None","No","No"," ends_in_ír high_irregularity irregular_form irregular_verb sonreír subjuntivo_futuro él_ella_usted "
"↬ Si en un dudoso futuro ↬nosotros _____ así, ¡suerte!","sonriéremos","Advanced","fill_in_blank","sonreír","None","None","No","No"," ends_in_ír high_irregularity irregular_form irregular_verb nosotros sonreír subjuntivo_futuro "
"↬ Si en un dudoso futuro ↬vosotros _____ así, ¡suerte!","sonriereis","Advanced","fill_in_blank","sonreír","None","None","No","No"," ends_in_ír high_irregularity irregular_form irregular_verb sonreír subjuntivo_futuro vosotros "
"↬ Si en un dudoso futuro ↬ellos/ellas/ustedes _____ así, ¡suerte!","sonrieren","Advanced","fill_in_blank","sonreír","None","None","No","No"," ellos_ellas_ustedes ends_in_ír high_irregularity irregular_form irregular_verb sonreír subjuntivo_futuro "
"El verbo enél prohíbees _____","prohibir","Intermediate","fill_in_blank","None","None","None","No","No"," ends_in_ir infinitivo prohibir regular_form regular_verb "
"Mientras estoy estudiando…ella está _____ (a los niños que entren)","prohibiendo","Intermediate","fill_in_blank","prohibir","None","None","No","No"," ends_in_ir gerundio prohibir regular_form regular_verb "
"Hugo ha _____ (a los niños que entren)","prohibido","Intermediate","fill_in_blank","prohibir","None","None","No","No"," ends_in_ir participio prohibir regular_form regular_verb "
"⊙ Ahora mismo, ⊙yo _____ (a los niños que griten)","prohíbo","Elementary","fill_in_blank","prohibir","None","None","No","No"," ends_in_ir presente prohibir regular_form regular_spelling_change regular_verb yo "
"⊙ Ahora mismo, ⊙tú _____ (a los niños que griten)","prohíbes","Elementary","fill_in_blank","prohibir","None","None","No","No"," ends_in_ir presente prohibir regular_form regular_spelling_change regular_verb tú tú_vos "
"⊙ Ahora mismo, ⊙vos _____ (a los niños que griten)","prohibís","Elementary","fill_in_blank","prohibir","None","None","No","No"," ends_in_ir presente prohibir regular_form regular_verb tú_vos vos "
"⊙ Ahora mismo, ⊙él/ella/usted _____ (a los niños que griten)","prohíbe","Elementary","fill_in_blank","prohibir","None","None","No","No"," ends_in_ir presente prohibir regular_form regular_spelling_change regular_verb él_ella_usted "
"⊙ Ahora mismo, ⊙nosotros _____ (a los niños que griten)","prohibimos","Elementary","fill_in_blank","prohibir","None","None","No","No"," ends_in_ir nosotros presente prohibir regular_form regular_verb "
"⊙ Ahora mismo, ⊙vosotros _____ (a los niños que griten)","prohibís","Elementary","fill_in_blank","prohibir","None","None","No","No"," ends_in_ir presente prohibir regular_form regular_verb vosotros "
"⊙ Ahora mismo, ⊙ellos/ellas/ustedes _____ (a los niños que griten)","prohíben","Elementary","fill_in_blank","prohibir","None","None","No","No"," ellos_ellas_ustedes ends_in_ir presente prohibir regular_form regular_spelling_change regular_verb "
"⇠ En esa época, a menudo, ⇠yo _____ (a los niños que gritaran)","prohibía","Intermediate","fill_in_blank","prohibir","None","None","No","No"," ends_in_ir imperfecto prohibir regular_form regular_verb yo "
"⇠ En esa época, a menudo, ⇠tú/vos _____ (a los niños que gritaran)","prohibías","Intermediate","fill_in_blank","prohibir","None","None","No","No"," ends_in_ir imperfecto prohibir regular_form regular_verb tú_vos "
"⇠ En esa época, a menudo, ⇠él/ella/usted _____ (a los niños que gritaran)","prohibía","Intermediate","fill_in_blank","prohibir","None","None","No","No"," ends_in_ir imperfecto prohibir regular_form regular_verb él_ella_usted "
"⇠ En esa época, a menudo, ⇠nosotros _____ (a los niños que gritaran)","prohibíamos","Intermediate","fill_in_blank","prohibir","None","None","No","No"," ends_in_ir imperfecto nosotros prohibir regular_form regular_verb "
"⇠ En esa época, a menudo, ⇠vosotros _____ (a los niños que gritaran)","prohibíais","Intermediate","fill_in_blank","prohibir","None","None","No","No"," ends_in_ir imperfecto prohibir regular_form regular_verb vosotros "
"⇠ En esa época, a menudo, ⇠ellos/ellas/ustedes _____ (a los niños que gritaran)","prohibían","Intermediate","fill_in_blank","prohibir","None","None","No","No"," ellos_ellas_ustedes ends_in_ir imperfecto prohibir regular_form regular_verb "
"↧ En aquel momento ↧yo _____ (a los niños que gritaran)","prohibí","Intermediate","fill_in_blank","prohibir","None","None","No","No"," ends_in_ir indefinido prohibir regular_form regular_verb yo "
"↧ En aquel momento ↧tú/vos _____ (a los niños que gritaran)","prohibiste","Intermediate","fill_in_blank","prohibir","None","None","No","No"," ends_in_ir indefinido prohibir regular_form regular_verb tú_vos "
"↧ En aquel momento ↧él/ella/usted _____ (a los niños que gritaran)","prohibió","Intermediate","fill_in_blank","prohibir","None","None","No","No"," ends_in_ir indefinido prohibir regular_form regular_verb él_ella_usted "
"↧ En aquel momento ↧nosotros _____ (a los niños que gritaran)","prohibimos","Intermediate","fill_in_blank","prohibir","None","None","No","No"," ends_in_ir indefinido nosotros prohibir regular_form regular_verb "
"↧ En aquel momento ↧vosotros _____ (a los niños que gritaran)","prohibisteis","Intermediate","fill_in_blank","prohibir","None","None","No","No"," ends_in_ir indefinido prohibir regular_form regular_verb vosotros "
"↧ En aquel momento ↧ellos/ellas/ustedes _____ (a los niños que gritaran)","prohibieron","Intermediate","fill_in_blank","prohibir","None","None","No","No"," ellos_ellas_ustedes ends_in_ir indefinido prohibir regular_form regular_verb "
"→ En el futuro, →yo _____ (a los niños que griten)","prohibiré","Intermediate","fill_in_blank","prohibir","None","None","No","No"," ends_in_ir futuro prohibir regular_form regular_verb yo "
"→ En el futuro, →tú/vos _____ (a los niños que griten)","prohibirás","Intermediate","fill_in_blank","prohibir","None","None","No","No"," ends_in_ir futuro prohibir regular_form regular_verb tú_vos "
"→ En el futuro, →él/ella/usted _____ (a los niños que griten)","prohibirá","Intermediate","fill_in_blank","prohibir","None","None","No","No"," ends_in_ir futuro prohibir regular_form regular_verb él_ella_usted "
"→ En el futuro, →nosotros _____ (a los niños que griten)","prohibiremos","Intermediate","fill_in_blank","prohibir","None","None","No","No"," ends_in_ir futuro nosotros prohibir regular_form regular_verb "
"→ En el futuro, →vosotros _____ (a los niños que griten)","prohibiréis","Intermediate","fill_in_blank","prohibir","None","None","No","No"," ends_in_ir futuro prohibir regular_form regular_verb vosotros "
"→ En el futuro, →ellos/ellas/ustedes _____ (a los niños que griten)","prohibirán","Intermediate","fill_in_blank","prohibir","None","None","No","No"," ellos_ellas_ustedes ends_in_ir futuro prohibir regular_form regular_verb "
"… Si ocurriese esto, …yo _____ (a los niños que griten)","prohibiría","Intermediate","fill_in_blank","prohibir","None","None","No","No"," condicional ends_in_ir prohibir regular_form regular_verb yo "
"… Si sucediera esto, …tú/vos _____ (a los niños que griten)","prohibirías","Intermediate","fill_in_blank","prohibir","None","None","No","No"," condicional ends_in_ir prohibir regular_form regular_verb tú_vos "
"… Si acaeciera algo, …él/ella/usted _____ (a los niños que griten)","prohibiría","Intermediate","fill_in_blank","prohibir","None","None","No","No"," condicional ends_in_ir prohibir regular_form regular_verb él_ella_usted "
"… Si pasara algo, …nosotros _____ (a los niños que griten)","prohibiríamos","Intermediate","fill_in_blank","prohibir","None","None","No","No"," condicional ends_in_ir nosotros prohibir regular_form regular_verb "
"… Si aconteciese esto, …vosotros _____ (a los niños que griten)","prohibiríais","Intermediate","fill_in_blank","prohibir","None","None","No","No"," condicional ends_in_ir prohibir regular_form regular_verb vosotros "
"… Si se produjera esto, …ellos/ellas/ustedes _____ (a los niños que griten)","prohibirían","Intermediate","fill_in_blank","prohibir","None","None","No","No"," condicional ellos_ellas_ustedes ends_in_ir prohibir regular_form regular_verb "
"〰 Resulta divertido que 〰yo _____ (a los niños que griten)","prohíba","Elementary","fill_in_blank","prohibir","None","None","No","No"," ends_in_ir prohibir regular_form regular_spelling_change regular_verb subjuntivo_presente yo "
"〰 Resulta divertido que 〰tú/vos _____ (a los niños que griten)","prohíbas","Elementary","fill_in_blank","prohibir","None","None","No","No"," ends_in_ir prohibir regular_form regular_spelling_change regular_verb subjuntivo_presente tú_vos "
"〰 Resulta divertido que 〰él/ella/usted _____ (a los niños que griten)","prohíba","Elementary","fill_in_blank","prohibir","None","None","No","No"," ends_in_ir prohibir regular_form regular_spelling_change regular_verb subjuntivo_presente él_ella_usted "
"〰 Resulta divertido que 〰nosotros _____ (a los niños que griten)","prohibamos","Elementary","fill_in_blank","prohibir","None","None","No","No"," ends_in_ir nosotros prohibir regular_form regular_verb subjuntivo_presente "
"〰 Resulta divertido que 〰vosotros _____ (a los niños que griten)","prohibáis","Elementary","fill_in_blank","prohibir","None","None","No","No"," ends_in_ir prohibir regular_form regular_verb subjuntivo_presente vosotros "
"〰 Resulta divertido que 〰ellos/ellas/ustedes _____ (a los niños que griten)","prohíban","Elementary","fill_in_blank","prohibir","None","None","No","No"," ellos_ellas_ustedes ends_in_ir prohibir regular_form regular_spelling_change regular_verb subjuntivo_presente "
"↫ Fue sorprendente que ↫yo _____ (a los niños que gritaran)","prohibiera | prohibiese","Advanced","fill_in_blank","prohibir","None","None","No","No"," ends_in_ir prohibir regular_form regular_verb subjuntivo_pasado yo "
"↫ Fue sorprendente que ↫tú/vos _____ (a los niños que gritaran)","prohibieras | prohibieses","Advanced","fill_in_blank","prohibir","None","None","No","No"," ends_in_ir prohibir regular_form regular_verb subjuntivo_pasado tú_vos "
"↫ Fue sorprendente que ↫él/ella/usted _____ (a los niños que gritaran)","prohibiera | prohibiese","Advanced","fill_in_blank","prohibir","None","None","No","No"," ends_in_ir prohibir regular_form regular_verb subjuntivo_pasado él_ella_usted "
"↫ Fue sorprendente que ↫nosotros _____ (a los niños que gritaran)","prohibiéramos | prohibiésemos","Advanced","fill_in_blank","prohibir","None","None","No","No"," ends_in_ir nosotros prohibir regular_form regular_verb subjuntivo_pasado "
"↫ Fue sorprendente que ↫vosotros _____ (a los niños que gritaran)","prohibierais | prohibieseis","Advanced","fill_in_blank","prohibir","None","None","No","No"," ends_in_ir prohibir regular_form regular_verb subjuntivo_pasado vosotros "
"↫ Fue sorprendente que ↫ellos/ellas/ustedes _____ (a los niños que gritaran)","prohibieran | prohibiesen","Advanced","fill_in_blank","prohibir","None","None","No","No"," ellos_ellas_ustedes ends_in_ir prohibir regular_form regular_verb subjuntivo_pasado "
"Hombre, por favor,¡ _____ (a los niños que griten), ya !(tú)","prohíbe","Intermediate","fill_in_blank","prohibir","None","None","No","No"," ends_in_ir imperativo prohibir regular_form regular_spelling_change regular_verb tú tú_vos "
"Hombre, por favor,¡ _____ (a los niños que griten), ya !(vos)","prohibí","Intermediate","fill_in_blank","prohibir","None","None","No","No"," ends_in_ir imperativo prohibir regular_form regular_verb tú_vos vos "
"Mujer, por favor,¡ no _____ (a los niños que griten) !(tú/vos)","prohíbas","Intermediate","fill_in_blank","prohibir","None","None","No","No"," ends_in_ir imperativo negative_imperativo prohibir regular_form regular_spelling_change regular_verb tú_vos "
"Señora, por favor,¡ (que) _____ (a los niños que griten), ya !(él/ella/usted)","prohíba","Intermediate","fill_in_blank","prohibir","None","None","No","No"," ends_in_ir imperativo prohibir regular_form regular_spelling_change regular_verb él_ella_usted "
"Vámonos equipo, por favor,¡ (que) _____ (a los niños que griten), ya !(nosotros)","prohibamos","Intermediate","fill_in_blank","prohibir","None","None","No","No"," ends_in_ir imperativo nosotros prohibir regular_form regular_verb "
"Tú y tú, por favor,¡ _____ (a los niños que griten), ya !(vosotros)","prohibid","Intermediate","fill_in_blank","prohibir","None","None","No","No"," ends_in_ir imperativo prohibir regular_form regular_verb vosotros "
"Señores, por favor,¡ (que) _____ (a los niños que griten), ya ! (ellos/ellas/ustedes)","prohíban","Intermediate","fill_in_blank","prohibir","None","None","No","No"," ellos_ellas_ustedes ends_in_ir imperativo prohibir regular_form regular_spelling_change regular_verb "
"↬ Si en un dudoso futuro ↬yo lo _____, ¡suerte!","prohibiere","Advanced","fill_in_blank","prohibir","None","None","No","No"," ends_in_ir prohibir regular_form regular_verb subjuntivo_futuro yo "
"↬ Si en un dudoso futuro ↬tú/vos lo _____, ¡suerte!","prohibieres","Advanced","fill_in_blank","prohibir","None","None","No","No"," ends_in_ir prohibir regular_form regular_verb subjuntivo_futuro tú_vos "
"↬ Si en un dudoso futuro ↬él/ella/usted lo _____, ¡suerte!","prohibiere","Advanced","fill_in_blank","prohibir","None","None","No","No"," ends_in_ir prohibir regular_form regular_verb subjuntivo_futuro él_ella_usted "
"↬ Si en un dudoso futuro ↬nosotros lo _____, ¡suerte!","prohibiéremos","Advanced","fill_in_blank","prohibir","None","None","No","No"," ends_in_ir nosotros prohibir regular_form regular_verb subjuntivo_futuro "
"↬ Si en un dudoso futuro ↬vosotros lo _____, ¡suerte!","prohibiereis","Advanced","fill_in_blank","prohibir","None","None","No","No"," ends_in_ir prohibir regular_form regular_verb subjuntivo_futuro vosotros "
"↬ Si en un dudoso futuro ↬ellos/ellas/ustedes lo _____, ¡suerte!","prohibieren","Advanced","fill_in_blank","prohibir","None","None","No","No"," ellos_ellas_ustedes ends_in_ir prohibir regular_form regular_verb subjuntivo_futuro "
"El verbo enél huelees _____","oler","Intermediate","fill_in_blank","None","None","None","No","No"," ends_in_er infinitivo irregular_verb low_irregularity oler regular_form "
"Mientras estoy estudiando…ella está _____ (el humo del porro del vecino)","oliendo","Intermediate","fill_in_blank","oler","None","None","No","No"," ends_in_er gerundio irregular_verb low_irregularity oler regular_form "
"Hugo ha _____ (el humo del porro del vecino)","olido","Intermediate","fill_in_blank","oler","None","None","No","No"," ends_in_er irregular_verb low_irregularity oler participio regular_form "
"⊙ Ahora mismo, ⊙yo _____ (la basura)","huelo","Elementary","fill_in_blank","oler","None","None","No","No"," ends_in_er irregular_form irregular_verb low_irregularity oler presente yo "
"⊙ Ahora mismo, ⊙tú _____ (la basura)","hueles","Elementary","fill_in_blank","oler","None","None","No","No"," ends_in_er irregular_form irregular_verb low_irregularity oler presente tú tú_vos "
"⊙ Ahora mismo, ⊙vos _____ (la basura)","olés","Elementary","fill_in_blank","oler","None","None","No","No"," ends_in_er irregular_verb low_irregularity oler presente regular_form tú_vos vos "
"⊙ Ahora mismo, ⊙él/ella/usted _____ (la basura)","huele","Elementary","fill_in_blank","oler","None","None","No","No"," ends_in_er in_the_wild irregular_form irregular_verb low_irregularity modismo oler presente él_ella_usted "
"⊙ Ahora mismo, ⊙nosotros _____ (la basura)","olemos","Elementary","fill_in_blank","oler","None","None","No","No"," ends_in_er irregular_verb low_irregularity nosotros oler presente regular_form "
"⊙ Ahora mismo, ⊙vosotros _____ (la basura)","oléis","Elementary","fill_in_blank","oler","None","None","No","No"," ends_in_er irregular_verb low_irregularity oler presente regular_form vosotros "
"⊙ Ahora mismo, ⊙ellos/ellas/ustedes _____ (la basura)","huelen","Elementary","fill_in_blank","oler","None","None","No","No"," ellos_ellas_ustedes ends_in_er in_the_wild irregular_form irregular_verb low_irregularity oler presente refrán "
"⇠ En esa época, a menudo, ⇠yo _____ (la basura)","olía","Intermediate","fill_in_blank","oler","None","None","No","No"," ends_in_er imperfecto irregular_verb low_irregularity oler regular_form yo "
"⇠ En esa época, a menudo, ⇠tú/vos _____ (la basura)","olías","Intermediate","fill_in_blank","oler","None","None","No","No"," ends_in_er imperfecto irregular_verb low_irregularity oler regular_form tú_vos "
"⇠ En esa época, a menudo, ⇠él/ella/usted _____ (la basura)","olía","Intermediate","fill_in_blank","oler","None","None","No","No"," ends_in_er imperfecto in_the_wild irregular_verb low_irregularity modismo oler regular_form él_ella_usted "
"⇠ En esa época, a menudo, ⇠nosotros _____ (la basura)","olíamos","Intermediate","fill_in_blank","oler","None","None","No","No"," ends_in_er imperfecto irregular_verb low_irregularity nosotros oler regular_form "
"⇠ En esa época, a menudo, ⇠vosotros _____ (la basura)","olíais","Intermediate","fill_in_blank","oler","None","None","No","No"," ends_in_er imperfecto irregular_verb low_irregularity oler regular_form vosotros "
"⇠ En esa época, a menudo, ⇠ellos/ellas/ustedes _____ (la basura)","olían","Intermediate","fill_in_blank","oler","None","None","No","No"," ellos_ellas_ustedes ends_in_er imperfecto irregular_verb low_irregularity oler regular_form "
"↧ En aquel momento ↧yo _____ (la basura)","olí","Intermediate","fill_in_blank","oler","None","None","No","No"," ends_in_er indefinido irregular_verb low_irregularity oler regular_form yo "
"↧ En aquel momento ↧tú/vos _____ (la basura)","oliste","Intermediate","fill_in_blank","oler","None","None","No","No"," ends_in_er indefinido irregular_verb low_irregularity oler regular_form tú_vos "
"↧ En aquel momento ↧él/ella/usted _____ (la basura)","olió","Intermediate","fill_in_blank","oler","None","None","No","No"," ends_in_er indefinido irregular_verb low_irregularity oler regular_form él_ella_usted "
"↧ En aquel momento ↧nosotros _____ (la basura)","olimos","Intermediate","fill_in_blank","oler","None","None","No","No"," ends_in_er indefinido irregular_verb low_irregularity nosotros oler regular_form "
"↧ En aquel momento ↧vosotros _____ (la basura)","olisteis","Intermediate","fill_in_blank","oler","None","None","No","No"," ends_in_er indefinido irregular_verb low_irregularity oler regular_form vosotros "
"↧ En aquel momento ↧ellos/ellas/ustedes _____ (la basura)","olieron","Intermediate","fill_in_blank","oler","None","None","No","No"," ellos_ellas_ustedes ends_in_er indefinido irregular_verb low_irregularity oler regular_form "
"→ En el futuro, →yo _____ (la basura)","oleré","Intermediate","fill_in_blank","oler","None","None","No","No"," ends_in_er futuro irregular_verb low_irregularity oler regular_form yo "
"→ En el futuro, →tú/vos _____ (la basura)","olerás","Intermediate","fill_in_blank","oler","None","None","No","No"," ends_in_er futuro irregular_verb low_irregularity oler regular_form tú_vos "
"→ En el futuro, →él/ella/usted _____ (la basura)","olerá","Intermediate","fill_in_blank","oler","None","None","No","No"," ends_in_er futuro irregular_verb low_irregularity oler regular_form él_ella_usted "
"→ En el futuro, →nosotros _____ (la basura)","oleremos","Intermediate","fill_in_blank","oler","None","None","No","No"," ends_in_er futuro irregular_verb low_irregularity nosotros oler regular_form "
"→ En el futuro, →vosotros _____ (la basura)","oleréis","Intermediate","fill_in_blank","oler","None","None","No","No"," ends_in_er futuro irregular_verb low_irregularity oler regular_form vosotros "
"→ En el futuro, →ellos/ellas/ustedes _____ (la basura)","olerán","Intermediate","fill_in_blank","oler","None","None","No","No"," ellos_ellas_ustedes ends_in_er futuro irregular_verb low_irregularity oler regular_form "
"… Si ocurriese esto, …yo _____ (la basura)","olería","Intermediate","fill_in_blank","oler","None","None","No","No"," condicional ends_in_er irregular_verb low_irregularity oler regular_form yo "
"… Si sucediera esto, …tú/vos _____ (la basura)","olerías","Intermediate","fill_in_blank","oler","None","None","No","No"," condicional ends_in_er irregular_verb low_irregularity oler regular_form tú_vos "
"… Si acaeciera algo, …él/ella/usted _____ (la basura)","olería","Intermediate","fill_in_blank","oler","None","None","No","No"," condicional ends_in_er irregular_verb low_irregularity oler regular_form él_ella_usted "
"… Si pasara algo, …nosotros _____ (la basura)","oleríamos","Intermediate","fill_in_blank","oler","None","None","No","No"," condicional ends_in_er irregular_verb low_irregularity nosotros oler regular_form "
"… Si aconteciese esto, …vosotros _____ (la basura)","oleríais","Intermediate","fill_in_blank","oler","None","None","No","No"," condicional ends_in_er irregular_verb low_irregularity oler regular_form vosotros "
"… Si se produjera esto, …ellos/ellas/ustedes _____ (la basura)","olerían","Intermediate","fill_in_blank","oler","None","None","No","No"," condicional ellos_ellas_ustedes ends_in_er irregular_verb low_irregularity oler regular_form "
"〰 Resulta divertido que 〰yo _____ (la basura)","huela","Elementary","fill_in_blank","oler","None","None","No","No"," ends_in_er irregular_form irregular_verb low_irregularity oler subjuntivo_presente yo "
"〰 Resulta divertido que 〰tú/vos _____ (la basura)","huelas","Elementary","fill_in_blank","oler","None","None","No","No"," ends_in_er irregular_form irregular_verb low_irregularity oler subjuntivo_presente tú_vos "
"〰 Resulta divertido que 〰él/ella/usted _____ (la basura)","huela","Elementary","fill_in_blank","oler","None","None","No","No"," ends_in_er irregular_form irregular_verb low_irregularity oler subjuntivo_presente él_ella_usted "
"〰 Resulta divertido que 〰nosotros _____ (la basura)","olamos","Elementary","fill_in_blank","oler","None","None","No","No"," ends_in_er irregular_verb low_irregularity nosotros oler regular_form subjuntivo_presente "
"〰 Resulta divertido que 〰vosotros _____ (la basura)","oláis","Elementary","fill_in_blank","oler","None","None","No","No"," ends_in_er irregular_verb low_irregularity oler regular_form subjuntivo_presente vosotros "
"〰 Resulta divertido que 〰ellos/ellas/ustedes _____ (la basura)","huelan","Elementary","fill_in_blank","oler","None","None","No","No"," ellos_ellas_ustedes ends_in_er irregular_form irregular_verb low_irregularity oler subjuntivo_presente "
"↫ Fue sorprendente que ↫yo _____ (la basura)","oliera | oliese","Advanced","fill_in_blank","oler","None","None","No","No"," ends_in_er irregular_verb low_irregularity oler regular_form subjuntivo_pasado yo "
"↫ Fue sorprendente que ↫tú/vos _____ (la basura)","olieras | olieses","Advanced","fill_in_blank","oler","None","None","No","No"," ends_in_er irregular_verb low_irregularity oler regular_form subjuntivo_pasado tú_vos "
"↫ Fue sorprendente que ↫él/ella/usted _____ (la basura)","oliera | oliese","Advanced","fill_in_blank","oler","None","None","No","No"," ends_in_er irregular_verb low_irregularity oler regular_form subjuntivo_pasado él_ella_usted "
"↫ Fue sorprendente que ↫nosotros _____ (la basura)","oliéramos | oliésemos","Advanced","fill_in_blank","oler","None","None","No","No"," ends_in_er irregular_verb low_irregularity nosotros oler regular_form subjuntivo_pasado "
"↫ Fue sorprendente que ↫vosotros _____ (la basura)","olierais | olieseis","Advanced","fill_in_blank","oler","None","None","No","No"," ends_in_er irregular_verb low_irregularity oler regular_form subjuntivo_pasado vosotros "
"↫ Fue sorprendente que ↫ellos/ellas/ustedes _____ (la basura)","olieran | oliesen","Advanced","fill_in_blank","oler","None","None","No","No"," ellos_ellas_ustedes ends_in_er irregular_verb low_irregularity oler regular_form subjuntivo_pasado "
"Hombre, por favor,¡ _____ (la basura), ya !(tú)","huele","Intermediate","fill_in_blank","oler","None","None","No","No"," ends_in_er imperativo irregular_form irregular_verb low_irregularity oler tú tú_vos "
"Hombre, por favor,¡ _____ (la basura), ya !(vos)","olé","Intermediate","fill_in_blank","oler","None","None","No","No"," ends_in_er imperativo irregular_verb low_irregularity oler regular_form tú_vos vos "
"Mujer, por favor,¡ no _____ (la basura) !(tú/vos)","huelas","Intermediate","fill_in_blank","oler","None","None","No","No"," ends_in_er imperativo irregular_form irregular_verb low_irregularity negative_imperativo oler tú_vos "
"Señora, por favor,¡ (que) _____ (la basura), ya !(él/ella/usted)","huela","Intermediate","fill_in_blank","oler","None","None","No","No"," ends_in_er imperativo irregular_form irregular_verb low_irregularity oler él_ella_usted "
"Vámonos equipo, por favor,¡ (que) _____ (la basura), ya !(nosotros)","olamos","Intermediate","fill_in_blank","oler","None","None","No","No"," ends_in_er imperativo irregular_verb low_irregularity nosotros oler regular_form "
"Tú y tú, por favor,¡ _____ (la basura), ya !(vosotros)","oled","Intermediate","fill_in_blank","oler","None","None","No","No"," ends_in_er imperativo irregular_verb low_irregularity oler regular_form vosotros "
"Señores, por favor,¡ (que) _____ (la basura), ya ! (ellos/ellas/ustedes)","huelan","Intermediate","fill_in_blank","oler","None","None","No","No"," ellos_ellas_ustedes ends_in_er imperativo irregular_form irregular_verb low_irregularity oler "
"↬ Si en un dudoso futuro ↬yo lo _____, ¡suerte!","oliere","Advanced","fill_in_blank","oler","None","None","No","No"," ends_in_er irregular_verb low_irregularity oler regular_form subjuntivo_futuro yo "
"↬ Si en un dudoso futuro ↬tú/vos lo _____, ¡suerte!","olieres","Advanced","fill_in_blank","oler","None","None","No","No"," ends_in_er irregular_verb low_irregularity oler regular_form subjuntivo_futuro tú_vos "
"↬ Si en un dudoso futuro ↬él/ella/usted lo _____, ¡suerte!","oliere","Advanced","fill_in_blank","oler","None","None","No","No"," ends_in_er irregular_verb low_irregularity oler regular_form subjuntivo_futuro él_ella_usted "
"↬ Si en un dudoso futuro ↬nosotros lo _____, ¡suerte!","oliéremos","Advanced","fill_in_blank","oler","None","None","No","No"," ends_in_er irregular_verb low_irregularity nosotros oler regular_form subjuntivo_futuro "
"↬ Si en un dudoso futuro ↬vosotros lo _____, ¡suerte!","oliereis","Advanced","fill_in_blank","oler","None","None","No","No"," ends_in_er irregular_verb low_irregularity oler regular_form subjuntivo_futuro vosotros "
"↬ Si en un dudoso futuro ↬ellos/ellas/ustedes lo _____, ¡suerte!","olieren","Advanced","fill_in_blank","oler","None","None","No","No"," ellos_ellas_ustedes ends_in_er irregular_verb low_irregularity oler regular_form subjuntivo_futuro "
"El verbo enél asees _____","asir","Intermediate","fill_in_blank","None","None","None","No","No"," asir ends_in_ir infinitivo irregular_verb low_irregularity regular_form "
"Mientras estoy estudiando…ella está _____ (trabajos aleatorios)","asiendo","Intermediate","fill_in_blank","asir","None","None","No","No"," asir ends_in_ir gerundio irregular_verb low_irregularity regular_form "
"Hugo ha _____ (la taza)","asido","Intermediate","fill_in_blank","asir","None","None","No","No"," asir ends_in_ir irregular_verb low_irregularity participio regular_form "
"⊙ Ahora mismo, ⊙yo _____ (la cuerda)","asgo","Elementary","fill_in_blank","asir","None","None","No","No"," asir ends_in_ir irregular_form irregular_verb low_irregularity presente yo "
"⊙ Ahora mismo, ⊙tú _____ (la cuerda)","ases","Elementary","fill_in_blank","asir","None","None","No","No"," asir ends_in_ir irregular_verb low_irregularity presente regular_form tú tú_vos "
"⊙ Ahora mismo, ⊙vos _____ (la cuerda)","asís","Elementary","fill_in_blank","asir","None","None","No","No"," asir ends_in_ir irregular_verb low_irregularity presente regular_form tú_vos vos "
"⊙ Ahora mismo, ⊙él/ella/usted _____ (la cuerda)","ase","Elementary","fill_in_blank","asir","None","None","No","No"," asir ends_in_ir irregular_verb low_irregularity presente regular_form él_ella_usted "
"⊙ Ahora mismo, ⊙nosotros _____ (la cuerda)","asimos","Elementary","fill_in_blank","asir","None","None","No","No"," asir ends_in_ir irregular_verb low_irregularity nosotros presente regular_form "
"⊙ Ahora mismo, ⊙vosotros _____ (la cuerda)","asís","Elementary","fill_in_blank","asir","None","None","No","No"," asir ends_in_ir irregular_verb low_irregularity presente regular_form vosotros "
"⊙ Ahora mismo, ⊙ellos/ellas/ustedes _____ (la cuerda)","asen","Elementary","fill_in_blank","asir","None","None","No","No"," asir ellos_ellas_ustedes ends_in_ir irregular_verb low_irregularity presente regular_form "
"⇠ En esa época, a menudo, ⇠yo _____ (la cuerda)","asía","Intermediate","fill_in_blank","asir","None","None","No","No"," asir ends_in_ir imperfecto irregular_verb low_irregularity regular_form yo "
"⇠ En esa época, a menudo, ⇠tú/vos _____ (la cuerda)","asías","Intermediate","fill_in_blank","asir","None","None","No","No"," asir ends_in_ir imperfecto irregular_verb low_irregularity regular_form tú_vos "
"⇠ En esa época, a menudo, ⇠él/ella/usted _____ (la cuerda)","asía","Intermediate","fill_in_blank","asir","None","None","No","No"," asir ends_in_ir imperfecto irregular_verb low_irregularity regular_form él_ella_usted "
"⇠ En esa época, a menudo, ⇠nosotros _____ (la cuerda)","asíamos","Intermediate","fill_in_blank","asir","None","None","No","No"," asir ends_in_ir imperfecto irregular_verb low_irregularity nosotros regular_form "
"⇠ En esa época, a menudo, ⇠vosotros _____ (la cuerda)","asíais","Intermediate","fill_in_blank","asir","None","None","No","No"," asir ends_in_ir imperfecto irregular_verb low_irregularity regular_form vosotros "
"⇠ En esa época, a menudo, ⇠ellos/ellas/ustedes _____ (la cuerda)","asían","Intermediate","fill_in_blank","asir","None","None","No","No"," asir ellos_ellas_ustedes ends_in_ir imperfecto irregular_verb low_irregularity regular_form "
"↧ En aquel momento ↧yo _____ (la cuerda)","así","Intermediate","fill_in_blank","asir","None","None","No","No"," asir ends_in_ir in_the_wild indefinido irregular_verb low_irregularity modismo regular_form yo "
"↧ En aquel momento ↧tú/vos _____ (la cuerda)","asiste","Intermediate","fill_in_blank","asir","None","None","No","No"," asir ends_in_ir in_the_wild indefinido irregular_verb low_irregularity modismo regular_form tú_vos "
"↧ En aquel momento ↧él/ella/usted _____ (la cuerda)","asió","Intermediate","fill_in_blank","asir","None","None","No","No"," asir ends_in_ir indefinido irregular_verb low_irregularity regular_form él_ella_usted "
"↧ En aquel momento ↧nosotros _____ (la cuerda)","asimos","Intermediate","fill_in_blank","asir","None","None","No","No"," asir ends_in_ir indefinido irregular_verb low_irregularity nosotros regular_form "
"↧ En aquel momento ↧vosotros _____ (la cuerda)","asisteis","Intermediate","fill_in_blank","asir","None","None","No","No"," asir ends_in_ir indefinido irregular_verb low_irregularity regular_form vosotros "
"↧ En aquel momento ↧ellos/ellas/ustedes _____ (la cuerda)","asieron","Intermediate","fill_in_blank","asir","None","None","No","No"," asir ellos_ellas_ustedes ends_in_ir indefinido irregular_verb low_irregularity regular_form "
"→ En el futuro, →yo _____ (la cuerda)","asiré","Intermediate","fill_in_blank","asir","None","None","No","No"," asir ends_in_ir futuro irregular_verb low_irregularity regular_form yo "
"→ En el futuro, →tú/vos _____ (la cuerda)","asirás","Intermediate","fill_in_blank","asir","None","None","No","No"," asir ends_in_ir futuro irregular_verb low_irregularity regular_form tú_vos "
"→ En el futuro, →él/ella/usted _____ (la cuerda)","asirá","Intermediate","fill_in_blank","asir","None","None","No","No"," asir ends_in_ir futuro irregular_verb low_irregularity regular_form él_ella_usted "
"→ En el futuro, →nosotros _____ (la cuerda)","asiremos","Intermediate","fill_in_blank","asir","None","None","No","No"," asir ends_in_ir futuro irregular_verb low_irregularity nosotros regular_form "
"→ En el futuro, →vosotros _____ (la cuerda)","asiréis","Intermediate","fill_in_blank","asir","None","None","No","No"," asir ends_in_ir futuro irregular_verb low_irregularity regular_form vosotros "
"→ En el futuro, →ellos/ellas/ustedes _____ (la cuerda)","asirán","Intermediate","fill_in_blank","asir","None","None","No","No"," asir ellos_ellas_ustedes ends_in_ir futuro irregular_verb low_irregularity regular_form "
"… Si ocurriese esto, …yo _____ (la cuerda)","asiría","Intermediate","fill_in_blank","asir","None","None","No","No"," asir condicional ends_in_ir irregular_verb low_irregularity regular_form yo "
"… Si sucediera esto, …tú/vos _____ (la cuerda)","asirías","Intermediate","fill_in_blank","asir","None","None","No","No"," asir condicional ends_in_ir irregular_verb low_irregularity regular_form tú_vos "
"… Si acaeciera algo, …él/ella/usted _____ (la cuerda)","asiría","Intermediate","fill_in_blank","asir","None","None","No","No"," asir condicional ends_in_ir irregular_verb low_irregularity regular_form él_ella_usted "
"… Si pasara algo, …nosotros _____ (la cuerda)","asiríamos","Intermediate","fill_in_blank","asir","None","None","No","No"," asir condicional ends_in_ir irregular_verb low_irregularity nosotros regular_form "
"… Si aconteciese esto, …vosotros _____ (la cuerda)","asiríais","Intermediate","fill_in_blank","asir","None","None","No","No"," asir condicional ends_in_ir irregular_verb low_irregularity regular_form vosotros "
"… Si se produjera esto, …ellos/ellas/ustedes _____ (la cuerda)","asirían","Intermediate","fill_in_blank","asir","None","None","No","No"," asir condicional ellos_ellas_ustedes ends_in_ir irregular_verb low_irregularity regular_form "
"〰 Resulta divertido que 〰yo _____ (la cuerda)","asga","Elementary","fill_in_blank","asir","None","None","No","No"," asir ends_in_ir irregular_form irregular_verb low_irregularity subjuntivo_presente yo "
"〰 Resulta divertido que 〰tú/vos _____ (la cuerda)","asgas","Elementary","fill_in_blank","asir","None","None","No","No"," asir ends_in_ir irregular_form irregular_verb low_irregularity subjuntivo_presente tú_vos "
"〰 Resulta divertido que 〰él/ella/usted _____ (la cuerda)","asga","Elementary","fill_in_blank","asir","None","None","No","No"," asir ends_in_ir irregular_form irregular_verb low_irregularity subjuntivo_presente él_ella_usted "
"〰 Resulta divertido que 〰nosotros _____ (la cuerda)","asgamos","Elementary","fill_in_blank","asir","None","None","No","No"," asir ends_in_ir irregular_form irregular_verb low_irregularity nosotros subjuntivo_presente "
"〰 Resulta divertido que 〰vosotros _____ (la cuerda)","asgáis","Elementary","fill_in_blank","asir","None","None","No","No"," asir ends_in_ir irregular_form irregular_verb low_irregularity subjuntivo_presente vosotros "
"〰 Resulta divertido que 〰ellos/ellas/ustedes _____ (la cuerda)","asgan","Elementary","fill_in_blank","asir","None","None","No","No"," asir ellos_ellas_ustedes ends_in_ir irregular_form irregular_verb low_irregularity subjuntivo_presente "
"↫ Fue sorprendente que ↫yo _____ (la cuerda)","asiera | asiese","Advanced","fill_in_blank","asir","None","None","No","No"," asir ends_in_ir irregular_verb low_irregularity regular_form subjuntivo_pasado yo "
"↫ Fue sorprendente que ↫tú/vos _____ (la cuerda)","asieras | asieses","Advanced","fill_in_blank","asir","None","None","No","No"," asir ends_in_ir irregular_verb low_irregularity regular_form subjuntivo_pasado tú_vos "
"↫ Fue sorprendente que ↫él/ella/usted _____ (la cuerda)","asiera | asiese","Advanced","fill_in_blank","asir","None","None","No","No"," asir ends_in_ir irregular_verb low_irregularity regular_form subjuntivo_pasado él_ella_usted "
"↫ Fue sorprendente que ↫nosotros _____ (la cuerda)","asiéramos | asiésemos","Advanced","fill_in_blank","asir","None","None","No","No"," asir ends_in_ir irregular_verb low_irregularity nosotros regular_form subjuntivo_pasado "
"↫ Fue sorprendente que ↫vosotros _____ (la cuerda)","asierais | asieseis","Advanced","fill_in_blank","asir","None","None","No","No"," asir ends_in_ir irregular_verb low_irregularity regular_form subjuntivo_pasado vosotros "
"↫ Fue sorprendente que ↫ellos/ellas/ustedes _____ (la cuerda)","asieran | asiesen","Advanced","fill_in_blank","asir","None","None","No","No"," asir ellos_ellas_ustedes ends_in_ir irregular_verb low_irregularity regular_form subjuntivo_pasado "
"Hombre, por favor,¡ _____ (la cuerda), ya !(tú)","ase","Intermediate","fill_in_blank","asir","None","None","No","No"," asir ends_in_ir imperativo irregular_verb low_irregularity regular_form tú tú_vos "
"Hombre, por favor,¡ _____ (la cuerda), ya !(vos)","así","Intermediate","fill_in_blank","asir","None","None","No","No"," asir ends_in_ir imperativo irregular_verb low_irregularity regular_form tú_vos vos "
"Mujer, por favor,¡ no _____ (la cuerda) !(tú/vos)","asgas","Intermediate","fill_in_blank","asir","None","None","No","No"," asir ends_in_ir imperativo irregular_form irregular_verb low_irregularity negative_imperativo tú_vos "
"Señora, por favor,¡ (que) _____ (la cuerda), ya !(él/ella/usted)","asga","Intermediate","fill_in_blank","asir","None","None","No","No"," asir ends_in_ir imperativo irregular_form irregular_verb low_irregularity él_ella_usted "
"Vámonos equipo, por favor,¡ (que) _____ (la cuerda), ya !(nosotros)","asgamos","Intermediate","fill_in_blank","asir","None","None","No","No"," asir ends_in_ir imperativo irregular_form irregular_verb low_irregularity nosotros "
"Tú y tú, por favor,¡ _____ (la cuerda), ya !(vosotros)","asid","Intermediate","fill_in_blank","asir","None","None","No","No"," asir ends_in_ir imperativo irregular_verb low_irregularity regular_form vosotros "
"Señores, por favor,¡ (que) _____ (la cuerda), ya ! (ellos/ellas/ustedes)","asgan","Intermediate","fill_in_blank","asir","None","None","No","No"," asir ellos_ellas_ustedes ends_in_ir imperativo irregular_form irregular_verb low_irregularity "
"↬ Si en un dudoso futuro ↬yo lo _____, ¡suerte!","asiere","Advanced","fill_in_blank","asir","None","None","No","No"," asir ends_in_ir irregular_verb low_irregularity regular_form subjuntivo_futuro yo "
"↬ Si en un dudoso futuro ↬tú/vos lo _____, ¡suerte!","asieres","Advanced","fill_in_blank","asir","None","None","No","No"," asir ends_in_ir irregular_verb low_irregularity regular_form subjuntivo_futuro tú_vos "
"↬ Si en un dudoso futuro ↬él/ella/usted lo _____, ¡suerte!","asiere","Advanced","fill_in_blank","asir","None","None","No","No"," asir ends_in_ir irregular_verb low_irregularity regular_form subjuntivo_futuro él_ella_usted "
"↬ Si en un dudoso futuro ↬nosotros lo _____, ¡suerte!","asiéremos","Advanced","fill_in_blank","asir","None","None","No","No"," asir ends_in_ir irregular_verb low_irregularity nosotros regular_form subjuntivo_futuro "
"↬ Si en un dudoso futuro ↬vosotros lo _____, ¡suerte!","asiereis","Advanced","fill_in_blank","asir","None","None","No","No"," asir ends_in_ir irregular_verb low_irregularity regular_form subjuntivo_futuro vosotros "
"↬ Si en un dudoso futuro ↬ellos/ellas/ustedes lo _____, ¡suerte!","asieren","Advanced","fill_in_blank","asir","None","None","No","No"," asir ellos_ellas_ustedes ends_in_ir irregular_verb low_irregularity regular_form subjuntivo_futuro "
"El verbo enél lucees _____","lucir","Intermediate","fill_in_blank","None","None","None","No","No"," ends_in_ir infinitivo irregular_verb low_irregularity lucir regular_form "
"Mientras estoy estudiando…ella está _____ (su colección)","luciendo","Intermediate","fill_in_blank","lucir","None","None","No","No"," ends_in_ir gerundio irregular_verb low_irregularity lucir regular_form "
"Hugo ha _____ (su colección)","lucido","Intermediate","fill_in_blank","lucir","None","None","No","No"," ends_in_ir irregular_verb low_irregularity lucir participio regular_form "
"⊙ Ahora mismo, ⊙yo _____ (feliz)","luzco","Elementary","fill_in_blank","lucir","None","None","No","No"," ends_in_ir irregular_form irregular_verb low_irregularity lucir presente yo "
"⊙ Ahora mismo, ⊙tú _____ (feliz)","luces","Elementary","fill_in_blank","lucir","None","None","No","No"," ends_in_ir irregular_verb low_irregularity lucir presente regular_form tú tú_vos "
"⊙ Ahora mismo, ⊙vos _____ (feliz)","lucís","Elementary","fill_in_blank","lucir","None","None","No","No"," ends_in_ir irregular_verb low_irregularity lucir presente regular_form tú_vos vos "
"⊙ Ahora mismo, ⊙él/ella/usted _____ (feliz)","luce","Elementary","fill_in_blank","lucir","None","None","No","No"," dicho ends_in_ir in_the_wild irregular_verb low_irregularity lucir presente regular_form él_ella_usted "
"⊙ Ahora mismo, ⊙nosotros _____ (felices)","lucimos","Elementary","fill_in_blank","lucir","None","None","No","No"," ends_in_ir irregular_verb low_irregularity lucir nosotros presente regular_form "
"⊙ Ahora mismo, ⊙vosotros _____ (felices)","lucís","Elementary","fill_in_blank","lucir","None","None","No","No"," ends_in_ir irregular_verb low_irregularity lucir presente regular_form vosotros "
"⊙ Ahora mismo, ⊙ellos/ellas/ustedes _____ (felices)","lucen","Elementary","fill_in_blank","lucir","None","None","No","No"," ellos_ellas_ustedes ends_in_ir irregular_verb low_irregularity lucir presente regular_form "
"⇠ En esa época, a menudo, ⇠yo _____ (feliz)","lucía","Intermediate","fill_in_blank","lucir","None","None","No","No"," ends_in_ir imperfecto irregular_verb low_irregularity lucir regular_form yo "
"⇠ En esa época, a menudo, ⇠tú/vos _____ (feliz)","lucías","Intermediate","fill_in_blank","lucir","None","None","No","No"," ends_in_ir imperfecto irregular_verb low_irregularity lucir regular_form tú_vos "
"⇠ En esa época, a menudo, ⇠él/ella/usted _____ (feliz)","lucía","Intermediate","fill_in_blank","lucir","None","None","No","No"," ends_in_ir imperfecto in_the_wild irregular_verb low_irregularity lucir refrán regular_form él_ella_usted "
"⇠ En esa época, a menudo, ⇠nosotros _____ (felices)","lucíamos","Intermediate","fill_in_blank","lucir","None","None","No","No"," ends_in_ir imperfecto irregular_verb low_irregularity lucir nosotros regular_form "
"⇠ En esa época, a menudo, ⇠vosotros _____ (felices)","lucíais","Intermediate","fill_in_blank","lucir","None","None","No","No"," ends_in_ir imperfecto irregular_verb low_irregularity lucir regular_form vosotros "
"⇠ En esa época, a menudo, ⇠ellos/ellas/ustedes _____ (felices)","lucían","Intermediate","fill_in_blank","lucir","None","None","No","No"," ellos_ellas_ustedes ends_in_ir imperfecto irregular_verb low_irregularity lucir regular_form "
"↧ En aquel momento ↧yo _____ (feliz)","lucí","Intermediate","fill_in_blank","lucir","None","None","No","No"," ends_in_ir indefinido irregular_verb low_irregularity lucir regular_form yo "
"↧ En aquel momento ↧tú/vos _____ (feliz)","luciste","Intermediate","fill_in_blank","lucir","None","None","No","No"," ends_in_ir indefinido irregular_verb low_irregularity lucir regular_form tú_vos "
"↧ En aquel momento ↧él/ella/usted _____ (feliz)","lució","Intermediate","fill_in_blank","lucir","None","None","No","No"," ends_in_ir indefinido irregular_verb low_irregularity lucir regular_form él_ella_usted "
"↧ En aquel momento ↧nosotros _____ (felices)","lucimos","Intermediate","fill_in_blank","lucir","None","None","No","No"," ends_in_ir indefinido irregular_verb low_irregularity lucir nosotros regular_form "
"↧ En aquel momento ↧vosotros _____ (felices)","lucisteis","Intermediate","fill_in_blank","lucir","None","None","No","No"," ends_in_ir indefinido irregular_verb low_irregularity lucir regular_form vosotros "
"↧ En aquel momento ↧ellos/ellas/ustedes _____ (felices)","lucieron","Intermediate","fill_in_blank","lucir","None","None","No","No"," ellos_ellas_ustedes ends_in_ir indefinido irregular_verb low_irregularity lucir regular_form "
"→ En el futuro, →yo _____ (feliz)","luciré","Intermediate","fill_in_blank","lucir","None","None","No","No"," ends_in_ir futuro irregular_verb low_irregularity lucir regular_form yo "
"→ En el futuro, →tú/vos _____ (feliz)","lucirás","Intermediate","fill_in_blank","lucir","None","None","No","No"," ends_in_ir futuro irregular_verb low_irregularity lucir regular_form tú_vos "
"→ En el futuro, →él/ella/usted _____ (feliz)","lucirá","Intermediate","fill_in_blank","lucir","None","None","No","No"," ends_in_ir futuro irregular_verb low_irregularity lucir regular_form él_ella_usted "
"→ En el futuro, →nosotros _____ (felices)","luciremos","Intermediate","fill_in_blank","lucir","None","None","No","No"," ends_in_ir futuro irregular_verb low_irregularity lucir nosotros regular_form "
"→ En el futuro, →vosotros _____ (felices)","luciréis","Intermediate","fill_in_blank","lucir","None","None","No","No"," ends_in_ir futuro irregular_verb low_irregularity lucir regular_form vosotros "
"→ En el futuro, →ellos/ellas/ustedes _____ (felices)","lucirán","Intermediate","fill_in_blank","lucir","None","None","No","No"," ellos_ellas_ustedes ends_in_ir futuro irregular_verb low_irregularity lucir regular_form "
"… Si ocurriese esto, …yo _____ (feliz)","luciría","Intermediate","fill_in_blank","lucir","None","None","No","No"," condicional ends_in_ir irregular_verb low_irregularity lucir regular_form yo "
"… Si sucediera esto, …tú/vos _____ (feliz)","lucirías","Intermediate","fill_in_blank","lucir","None","None","No","No"," condicional ends_in_ir irregular_verb low_irregularity lucir regular_form tú_vos "
"… Si acaeciera algo, …él/ella/usted _____ (feliz)","luciría","Intermediate","fill_in_blank","lucir","None","None","No","No"," condicional ends_in_ir irregular_verb low_irregularity lucir regular_form él_ella_usted "
"… Si pasara algo, …nosotros _____ (felices)","luciríamos","Intermediate","fill_in_blank","lucir","None","None","No","No"," condicional ends_in_ir irregular_verb low_irregularity lucir nosotros regular_form "
"… Si aconteciese esto, …vosotros _____ (felices)","luciríais","Intermediate","fill_in_blank","lucir","None","None","No","No"," condicional ends_in_ir irregular_verb low_irregularity lucir regular_form vosotros "
"… Si se produjera esto, …ellos/ellas/ustedes _____ (felices)","lucirían","Intermediate","fill_in_blank","lucir","None","None","No","No"," condicional ellos_ellas_ustedes ends_in_ir irregular_verb low_irregularity lucir regular_form "
"〰 Resulta divertido que 〰yo _____ (feliz)","luzca","Elementary","fill_in_blank","lucir","None","None","No","No"," ends_in_ir irregular_form irregular_verb low_irregularity lucir subjuntivo_presente yo "
"〰 Resulta divertido que 〰tú/vos _____ (feliz)","luzcas","Elementary","fill_in_blank","lucir","None","None","No","No"," ends_in_ir irregular_form irregular_verb low_irregularity lucir subjuntivo_presente tú_vos "
"〰 Resulta divertido que 〰él/ella/usted _____ (feliz)","luzca","Elementary","fill_in_blank","lucir","None","None","No","No"," ends_in_ir irregular_form irregular_verb low_irregularity lucir subjuntivo_presente él_ella_usted "
"〰 Resulta divertido que 〰nosotros _____ (felices)","luzcamos","Elementary","fill_in_blank","lucir","None","None","No","No"," ends_in_ir irregular_form irregular_verb low_irregularity lucir nosotros subjuntivo_presente "
"〰 Resulta divertido que 〰vosotros _____ (felices)","luzcáis","Elementary","fill_in_blank","lucir","None","None","No","No"," ends_in_ir irregular_form irregular_verb low_irregularity lucir subjuntivo_presente vosotros "
"〰 Resulta divertido que 〰ellos/ellas/ustedes _____ (felices)","luzcan","Elementary","fill_in_blank","lucir","None","None","No","No"," ellos_ellas_ustedes ends_in_ir irregular_form irregular_verb low_irregularity lucir subjuntivo_presente "
"↫ Fue sorprendente que ↫yo _____ (feliz)","luciera | luciese","Advanced","fill_in_blank","lucir","None","None","No","No"," ends_in_ir irregular_verb low_irregularity lucir regular_form subjuntivo_pasado yo "
"↫ Fue sorprendente que ↫tú/vos _____ (feliz)","lucieras | lucieses","Advanced","fill_in_blank","lucir","None","None","No","No"," ends_in_ir irregular_verb low_irregularity lucir regular_form subjuntivo_pasado tú_vos "
"↫ Fue sorprendente que ↫él/ella/usted _____ (feliz)","luciera | luciese","Advanced","fill_in_blank","lucir","None","None","No","No"," ends_in_ir irregular_verb low_irregularity lucir regular_form subjuntivo_pasado él_ella_usted "
"↫ Fue sorprendente que ↫nosotros _____ (felices)","luciéramos | luciésemos","Advanced","fill_in_blank","lucir","None","None","No","No"," ends_in_ir irregular_verb low_irregularity lucir nosotros regular_form subjuntivo_pasado "
"↫ Fue sorprendente que ↫vosotros _____ (felices)","lucierais | lucieseis","Advanced","fill_in_blank","lucir","None","None","No","No"," ends_in_ir irregular_verb low_irregularity lucir regular_form subjuntivo_pasado vosotros "
"↫ Fue sorprendente que ↫ellos/ellas/ustedes _____ (felices)","lucieran | luciesen","Advanced","fill_in_blank","lucir","None","None","No","No"," ellos_ellas_ustedes ends_in_ir irregular_verb low_irregularity lucir regular_form subjuntivo_pasado "
"Hombre, por favor,¡ _____ (feliz), ya !(tú)","luce","Intermediate","fill_in_blank","lucir","None","None","No","No"," ends_in_ir imperativo irregular_verb low_irregularity lucir regular_form tú tú_vos "
"Hombre, por favor,¡ _____ (feliz), ya !(vos)","lucí","Intermediate","fill_in_blank","lucir","None","None","No","No"," ends_in_ir imperativo irregular_verb low_irregularity lucir regular_form tú_vos vos "
"Mujer, por favor,¡ no _____ (infeliz) !(tú/vos)","luzcas","Intermediate","fill_in_blank","lucir","None","None","No","No"," ends_in_ir imperativo irregular_form irregular_verb low_irregularity lucir negative_imperativo tú_vos "
"Señora, por favor,¡ (que) _____ (feliz), ya !(él/ella/usted)","luzca","Intermediate","fill_in_blank","lucir","None","None","No","No"," ends_in_ir imperativo irregular_form irregular_verb low_irregularity lucir él_ella_usted "
"Vámonos equipo, por favor,¡ (que) _____ (felices), ya !(nosotros)","luzcamos","Intermediate","fill_in_blank","lucir","None","None","No","No"," ends_in_ir imperativo irregular_form irregular_verb low_irregularity lucir nosotros "
"Tú y tú, por favor,¡ _____ (felices), ya !(vosotros)","lucid","Intermediate","fill_in_blank","lucir","None","None","No","No"," ends_in_ir imperativo irregular_verb low_irregularity lucir regular_form vosotros "
"Señores, por favor,¡ (que) _____ (felices), ya ! (ellos/ellas/ustedes)","luzcan","Intermediate","fill_in_blank","lucir","None","None","No","No"," ellos_ellas_ustedes ends_in_ir imperativo irregular_form irregular_verb low_irregularity lucir "
"↬ Si en un dudoso futuro ↬yo _____ así, ¡suerte!","luciere","Advanced","fill_in_blank","lucir","None","None","No","No"," ends_in_ir irregular_verb low_irregularity lucir regular_form subjuntivo_futuro yo "
"↬ Si en un dudoso futuro ↬tú/vos _____ así, ¡suerte!","lucieres","Advanced","fill_in_blank","lucir","None","None","No","No"," ends_in_ir irregular_verb low_irregularity lucir regular_form subjuntivo_futuro tú_vos "
"↬ Si en un dudoso futuro ↬él/ella/usted _____ así, ¡suerte!","luciere","Advanced","fill_in_blank","lucir","None","None","No","No"," ends_in_ir irregular_verb low_irregularity lucir regular_form subjuntivo_futuro él_ella_usted "
"↬ Si en un dudoso futuro ↬nosotros _____ así, ¡suerte!","luciéremos","Advanced","fill_in_blank","lucir","None","None","No","No"," ends_in_ir irregular_verb low_irregularity lucir nosotros regular_form subjuntivo_futuro "
"↬ Si en un dudoso futuro ↬vosotros _____ así, ¡suerte!","luciereis","Advanced","fill_in_blank","lucir","None","None","No","No"," ends_in_ir irregular_verb low_irregularity lucir regular_form subjuntivo_futuro vosotros "
"↬ Si en un dudoso futuro ↬ellos/ellas/ustedes _____ así, ¡suerte!","lucieren","Advanced","fill_in_blank","lucir","None","None","No","No"," ellos_ellas_ustedes ends_in_ir irregular_verb low_irregularity lucir regular_form subjuntivo_futuro "
"El verbo enél aíslaes _____","aislar","Intermediate","fill_in_blank","None","None","None","No","No"," aislar ends_in_ar infinitivo irregular_verb low_irregularity regular_form "
"Mientras estoy estudiando…ella está _____ (a los hijos)","aislando","Intermediate","fill_in_blank","aislar","None","None","No","No"," aislar ends_in_ar gerundio irregular_verb low_irregularity regular_form "
"Hugo ha _____ (a los hijos)","aislado","Intermediate","fill_in_blank","aislar","None","None","No","No"," aislar ends_in_ar irregular_verb low_irregularity participio regular_form "
"⊙ Ahora mismo, ⊙yo _____ (a los niños)","aíslo","Elementary","fill_in_blank","aislar","None","None","No","No"," aislar ends_in_ar irregular_form irregular_verb low_irregularity presente yo "
"⊙ Ahora mismo, ⊙tú _____ (a los niños)","aíslas","Elementary","fill_in_blank","aislar","None","None","No","No"," aislar ends_in_ar irregular_form irregular_verb low_irregularity presente tú tú_vos "
"⊙ Ahora mismo, ⊙vos _____ (a los niños)","aislás","Elementary","fill_in_blank","aislar","None","None","No","No"," aislar ends_in_ar irregular_verb low_irregularity presente regular_form tú_vos vos "
"⊙ Ahora mismo, ⊙él/ella/usted _____ (a los niños)","aísla","Elementary","fill_in_blank","aislar","None","None","No","No"," aislar ends_in_ar irregular_form irregular_verb low_irregularity presente él_ella_usted "
"⊙ Ahora mismo, ⊙nosotros _____ (a los niños)","aislamos","Elementary","fill_in_blank","aislar","None","None","No","No"," aislar ends_in_ar irregular_verb low_irregularity nosotros presente regular_form "
"⊙ Ahora mismo, ⊙vosotros _____ (a los niños)","aisláis","Elementary","fill_in_blank","aislar","None","None","No","No"," aislar ends_in_ar irregular_verb low_irregularity presente regular_form vosotros "
"⊙ Ahora mismo, ⊙ellos/ellas/ustedes _____ (a los niños)","aíslan","Elementary","fill_in_blank","aislar","None","None","No","No"," aislar ellos_ellas_ustedes ends_in_ar irregular_form irregular_verb low_irregularity presente "
"⇠ En esa época, a menudo, ⇠yo _____ (a los niños)","aislaba","Intermediate","fill_in_blank","aislar","None","None","No","No"," aislar ends_in_ar imperfecto irregular_verb low_irregularity regular_form yo "
"⇠ En esa época, a menudo, ⇠tú/vos _____ (a los niños)","aislabas","Intermediate","fill_in_blank","aislar","None","None","No","No"," aislar ends_in_ar imperfecto irregular_verb low_irregularity regular_form tú_vos "
"⇠ En esa época, a menudo, ⇠él/ella/usted _____ (a los niños)","aislaba","Intermediate","fill_in_blank","aislar","None","None","No","No"," aislar ends_in_ar imperfecto irregular_verb low_irregularity regular_form él_ella_usted "
"⇠ En esa época, a menudo, ⇠nosotros _____ (a los niños)","aislábamos","Intermediate","fill_in_blank","aislar","None","None","No","No"," aislar ends_in_ar imperfecto irregular_verb low_irregularity nosotros regular_form "
"⇠ En esa época, a menudo, ⇠vosotros _____ (a los niños)","aislabais","Intermediate","fill_in_blank","aislar","None","None","No","No"," aislar ends_in_ar imperfecto irregular_verb low_irregularity regular_form vosotros "
"⇠ En esa época, a menudo, ⇠ellos/ellas/ustedes _____ (a los niños)","aislaban","Intermediate","fill_in_blank","aislar","None","None","No","No"," aislar ellos_ellas_ustedes ends_in_ar imperfecto irregular_verb low_irregularity regular_form "
"↧ En aquel momento ↧yo _____ (a los niños)","aislé","Intermediate","fill_in_blank","aislar","None","None","No","No"," aislar ends_in_ar indefinido irregular_verb low_irregularity regular_form yo "
"↧ En aquel momento ↧tú/vos _____ (a los niños)","aislaste","Intermediate","fill_in_blank","aislar","None","None","No","No"," aislar ends_in_ar indefinido irregular_verb low_irregularity regular_form tú_vos "
"↧ En aquel momento ↧él/ella/usted _____ (a los niños)","aisló","Intermediate","fill_in_blank","aislar","None","None","No","No"," aislar ends_in_ar indefinido irregular_verb low_irregularity regular_form él_ella_usted "
"↧ En aquel momento ↧nosotros _____ (a los niños)","aislamos","Intermediate","fill_in_blank","aislar","None","None","No","No"," aislar ends_in_ar indefinido irregular_verb low_irregularity nosotros regular_form "
"↧ En aquel momento ↧vosotros _____ (a los niños)","aislasteis","Intermediate","fill_in_blank","aislar","None","None","No","No"," aislar ends_in_ar indefinido irregular_verb low_irregularity regular_form vosotros "
"↧ En aquel momento ↧ellos/ellas/ustedes _____ (a los niños)","aislaron","Intermediate","fill_in_blank","aislar","None","None","No","No"," aislar ellos_ellas_ustedes ends_in_ar indefinido irregular_verb low_irregularity regular_form "
"→ En el futuro, →yo _____ (a los niños)","aislaré","Intermediate","fill_in_blank","aislar","None","None","No","No"," aislar ends_in_ar futuro irregular_verb low_irregularity regular_form yo "
"→ En el futuro, →tú/vos _____ (a los niños)","aislarás","Intermediate","fill_in_blank","aislar","None","None","No","No"," aislar ends_in_ar futuro irregular_verb low_irregularity regular_form tú_vos "
"→ En el futuro, →él/ella/usted _____ (a los niños)","aislará","Intermediate","fill_in_blank","aislar","None","None","No","No"," aislar ends_in_ar futuro irregular_verb low_irregularity regular_form él_ella_usted "
"→ En el futuro, →nosotros _____ (a los niños)","aislaremos","Intermediate","fill_in_blank","aislar","None","None","No","No"," aislar ends_in_ar futuro irregular_verb low_irregularity nosotros regular_form "
"→ En el futuro, →vosotros _____ (a los niños)","aislaréis","Intermediate","fill_in_blank","aislar","None","None","No","No"," aislar ends_in_ar futuro irregular_verb low_irregularity regular_form vosotros "
"→ En el futuro, →ellos/ellas/ustedes _____ (a los niños)","aislarán","Intermediate","fill_in_blank","aislar","None","None","No","No"," aislar ellos_ellas_ustedes ends_in_ar futuro irregular_verb low_irregularity regular_form "
"… Si ocurriese esto, …yo _____ (a los niños)","aislaría","Intermediate","fill_in_blank","aislar","None","None","No","No"," aislar condicional ends_in_ar irregular_verb low_irregularity regular_form yo "
"… Si sucediera esto, …tú/vos _____ (a los niños)","aislarías","Intermediate","fill_in_blank","aislar","None","None","No","No"," aislar condicional ends_in_ar irregular_verb low_irregularity regular_form tú_vos "
"… Si acaeciera algo, …él/ella/usted _____ (a los niños)","aislaría","Intermediate","fill_in_blank","aislar","None","None","No","No"," aislar condicional ends_in_ar irregular_verb low_irregularity regular_form él_ella_usted "
"… Si pasara algo, …nosotros _____ (a los niños)","aislaríamos","Intermediate","fill_in_blank","aislar","None","None","No","No"," aislar condicional ends_in_ar irregular_verb low_irregularity nosotros regular_form "
"… Si aconteciese esto, …vosotros _____ (a los niños)","aislaríais","Intermediate","fill_in_blank","aislar","None","None","No","No"," aislar condicional ends_in_ar irregular_verb low_irregularity regular_form vosotros "
"… Si se produjera esto, …ellos/ellas/ustedes _____ (a los niños)","aislarían","Intermediate","fill_in_blank","aislar","None","None","No","No"," aislar condicional ellos_ellas_ustedes ends_in_ar irregular_verb low_irregularity regular_form "
"〰 Resulta divertido que 〰yo _____ (a los niños)","aísle","Elementary","fill_in_blank","aislar","None","None","No","No"," aislar ends_in_ar irregular_form irregular_verb low_irregularity subjuntivo_presente yo "
"〰 Resulta divertido que 〰tú/vos _____ (a los niños)","aísles","Elementary","fill_in_blank","aislar","None","None","No","No"," aislar ends_in_ar irregular_form irregular_verb low_irregularity subjuntivo_presente tú_vos "
"〰 Resulta divertido que 〰él/ella/usted _____ (a los niños)","aísle","Elementary","fill_in_blank","aislar","None","None","No","No"," aislar ends_in_ar irregular_form irregular_verb low_irregularity subjuntivo_presente él_ella_usted "
"〰 Resulta divertido que 〰nosotros _____ (a los niños)","aislemos","Elementary","fill_in_blank","aislar","None","None","No","No"," aislar ends_in_ar irregular_verb low_irregularity nosotros regular_form subjuntivo_presente "
"〰 Resulta divertido que 〰vosotros _____ (a los niños)","aisléis","Elementary","fill_in_blank","aislar","None","None","No","No"," aislar ends_in_ar irregular_verb low_irregularity regular_form subjuntivo_presente vosotros "
"〰 Resulta divertido que 〰ellos/ellas/ustedes _____ (a los niños)","aíslen","Elementary","fill_in_blank","aislar","None","None","No","No"," aislar ellos_ellas_ustedes ends_in_ar irregular_form irregular_verb low_irregularity subjuntivo_presente "
"↫ Fue sorprendente que ↫yo _____ (a los niños)","aislara | aislase","Advanced","fill_in_blank","aislar","None","None","No","No"," aislar ends_in_ar irregular_verb low_irregularity regular_form subjuntivo_pasado yo "
"↫ Fue sorprendente que ↫tú/vos _____ (a los niños)","aislaras | aislases","Advanced","fill_in_blank","aislar","None","None","No","No"," aislar ends_in_ar irregular_verb low_irregularity regular_form subjuntivo_pasado tú_vos "
"↫ Fue sorprendente que ↫él/ella/usted _____ (a los niños)","aislara | aislase","Advanced","fill_in_blank","aislar","None","None","No","No"," aislar ends_in_ar irregular_verb low_irregularity regular_form subjuntivo_pasado él_ella_usted "
"↫ Fue sorprendente que ↫nosotros _____ (a los niños)","aisláramos | aislásemos","Advanced","fill_in_blank","aislar","None","None","No","No"," aislar ends_in_ar irregular_verb low_irregularity nosotros regular_form subjuntivo_pasado "
"↫ Fue sorprendente que ↫vosotros _____ (a los niños)","aislarais | aislaseis","Advanced","fill_in_blank","aislar","None","None","No","No"," aislar ends_in_ar irregular_verb low_irregularity regular_form subjuntivo_pasado vosotros "
"↫ Fue sorprendente que ↫ellos/ellas/ustedes _____ (a los niños)","aislaran | aislasen","Advanced","fill_in_blank","aislar","None","None","No","No"," aislar ellos_ellas_ustedes ends_in_ar irregular_verb low_irregularity regular_form subjuntivo_pasado "
"Hombre, por favor,¡ _____ (a los niños), ya !(tú)","aísla","Intermediate","fill_in_blank","aislar","None","None","No","No"," aislar ends_in_ar imperativo irregular_form irregular_verb low_irregularity tú tú_vos "
"Hombre, por favor,¡ _____ (a los niños), ya !(vos)","aislá","Intermediate","fill_in_blank","aislar","None","None","No","No"," aislar ends_in_ar imperativo irregular_verb low_irregularity regular_form tú_vos vos "
"Mujer, por favor,¡ no _____ (a los niños) !(tú/vos)","aísles","Intermediate","fill_in_blank","aislar","None","None","No","No"," aislar ends_in_ar imperativo irregular_form irregular_verb low_irregularity negative_imperativo tú_vos "
"Señora, por favor,¡ (que) _____ (a los niños), ya !(él/ella/usted)","aísle","Intermediate","fill_in_blank","aislar","None","None","No","No"," aislar ends_in_ar imperativo irregular_form irregular_verb low_irregularity él_ella_usted "
"Vámonos equipo, por favor,¡ (que) _____ (a los niños), ya !(nosotros)","aislemos","Intermediate","fill_in_blank","aislar","None","None","No","No"," aislar ends_in_ar imperativo irregular_verb low_irregularity nosotros regular_form "
"Tú y tú, por favor,¡ _____ (a los niños), ya !(vosotros)","aislad","Intermediate","fill_in_blank","aislar","None","None","No","No"," aislar ends_in_ar imperativo irregular_verb low_irregularity regular_form vosotros "
"Señores, por favor,¡ (que) _____ (a los niños), ya ! (ellos/ellas/ustedes)","aíslen","Intermediate","fill_in_blank","aislar","None","None","No","No"," aislar ellos_ellas_ustedes ends_in_ar imperativo irregular_form irregular_verb low_irregularity "
"↬ Si en un dudoso futuro ↬yo lo _____, ¡suerte!","aislare","Advanced","fill_in_blank","aislar","None","None","No","No"," aislar ends_in_ar irregular_verb low_irregularity regular_form subjuntivo_futuro yo "
"↬ Si en un dudoso futuro ↬tú/vos lo _____, ¡suerte!","aislares","Advanced","fill_in_blank","aislar","None","None","No","No"," aislar ends_in_ar irregular_verb low_irregularity regular_form subjuntivo_futuro tú_vos "
"↬ Si en un dudoso futuro ↬él/ella/usted lo _____, ¡suerte!","aislare","Advanced","fill_in_blank","aislar","None","None","No","No"," aislar ends_in_ar irregular_verb low_irregularity regular_form subjuntivo_futuro él_ella_usted "
"↬ Si en un dudoso futuro ↬nosotros lo _____, ¡suerte!","aisláremos","Advanced","fill_in_blank","aislar","None","None","No","No"," aislar ends_in_ar irregular_verb low_irregularity nosotros regular_form subjuntivo_futuro "
"↬ Si en un dudoso futuro ↬vosotros lo _____, ¡suerte!","aislareis","Advanced","fill_in_blank","aislar","None","None","No","No"," aislar ends_in_ar irregular_verb low_irregularity regular_form subjuntivo_futuro vosotros "
"↬ Si en un dudoso futuro ↬ellos/ellas/ustedes lo _____, ¡suerte!","aislaren","Advanced","fill_in_blank","aislar","None","None","No","No"," aislar ellos_ellas_ustedes ends_in_ar irregular_verb low_irregularity regular_form subjuntivo_futuro "
"El verbo enél adecua | adecúaes _____","adecuar","Intermediate","fill_in_blank","None","None","None","No","No"," adecuar ends_in_ar infinitivo irregular_verb low_irregularity regular_form "
"Mientras estoy estudiando…ella se está _____ (a la situación)","adecuando","Intermediate","fill_in_blank","adecuar","None","None","No","No"," adecuar ends_in_ar gerundio irregular_verb low_irregularity regular_form "
"Hugo se ha _____ (a la situación)","adecuado","Intermediate","fill_in_blank","adecuar","None","None","No","No"," adecuar ends_in_ar irregular_verb low_irregularity participio regular_form "
"⊙ Ahora mismo, ⊙yo _____ (la velocidad al tráfico)","adecuo | adecúo","Elementary","fill_in_blank","adecuar","None","None","No","No"," adecuar ends_in_ar irregular_form irregular_verb low_irregularity presente yo "
"⊙ Ahora mismo, ⊙tú _____ (la velocidad al tráfico)","adecuas | adecúas","Elementary","fill_in_blank","adecuar","None","None","No","No"," adecuar ends_in_ar irregular_form irregular_verb low_irregularity presente tú tú_vos "
"⊙ Ahora mismo, ⊙vos _____ (la velocidad al tráfico)","adecuás","Elementary","fill_in_blank","adecuar","None","None","No","No"," adecuar ends_in_ar irregular_verb low_irregularity presente regular_form tú_vos vos "
"⊙ Ahora mismo, ⊙él/ella/usted _____ (la velocidad al tráfico)","adecua | adecúa","Elementary","fill_in_blank","adecuar","None","None","No","No"," adecuar ends_in_ar irregular_form irregular_verb low_irregularity presente él_ella_usted "
"⊙ Ahora mismo, ⊙nosotros _____ (la velocidad al tráfico)","adecuamos","Elementary","fill_in_blank","adecuar","None","None","No","No"," adecuar ends_in_ar irregular_verb low_irregularity nosotros presente regular_form "
"⊙ Ahora mismo, ⊙vosotros _____ (la velocidad al tráfico)","adecuáis","Elementary","fill_in_blank","adecuar","None","None","No","No"," adecuar ends_in_ar irregular_verb low_irregularity presente regular_form vosotros "
"⊙ Ahora mismo, ⊙ellos/ellas/ustedes _____ (la velocidad al tráfico)","adecuan | adecúan","Elementary","fill_in_blank","adecuar","None","None","No","No"," adecuar ellos_ellas_ustedes ends_in_ar irregular_form irregular_verb low_irregularity presente "
"⇠ En esa época, a menudo, ⇠yo _____ (la velocidad al tráfico)","adecuaba","Intermediate","fill_in_blank","adecuar","None","None","No","No"," adecuar ends_in_ar imperfecto irregular_verb low_irregularity regular_form yo "
"⇠ En esa época, a menudo, ⇠tú/vos _____ (la velocidad al tráfico)","adecuabas","Intermediate","fill_in_blank","adecuar","None","None","No","No"," adecuar ends_in_ar imperfecto irregular_verb low_irregularity regular_form tú_vos "
"⇠ En esa época, a menudo, ⇠él/ella/usted _____ (la velocidad al tráfico)","adecuaba","Intermediate","fill_in_blank","adecuar","None","None","No","No"," adecuar ends_in_ar imperfecto irregular_verb low_irregularity regular_form él_ella_usted "
"⇠ En esa época, a menudo, ⇠nosotros _____ (la velocidad al tráfico)","adecuábamos","Intermediate","fill_in_blank","adecuar","None","None","No","No"," adecuar ends_in_ar imperfecto irregular_verb low_irregularity nosotros regular_form "
"⇠ En esa época, a menudo, ⇠vosotros _____ (la velocidad al tráfico)","adecuabais","Intermediate","fill_in_blank","adecuar","None","None","No","No"," adecuar ends_in_ar imperfecto irregular_verb low_irregularity regular_form vosotros "
"⇠ En esa época, a menudo, ⇠ellos/ellas/ustedes _____ (la velocidad al tráfico)","adecuaban","Intermediate","fill_in_blank","adecuar","None","None","No","No"," adecuar ellos_ellas_ustedes ends_in_ar imperfecto irregular_verb low_irregularity regular_form "
"↧ En aquel momento ↧yo _____ (la velocidad al tráfico)","adecué","Intermediate","fill_in_blank","adecuar","None","None","No","No"," adecuar ends_in_ar indefinido irregular_verb low_irregularity regular_form yo "
"↧ En aquel momento ↧tú/vos _____ (la velocidad al tráfico)","adecuaste","Intermediate","fill_in_blank","adecuar","None","None","No","No"," adecuar ends_in_ar indefinido irregular_verb low_irregularity regular_form tú_vos "
"↧ En aquel momento ↧él/ella/usted _____ (la velocidad al tráfico)","adecuó","Intermediate","fill_in_blank","adecuar","None","None","No","No"," adecuar ends_in_ar indefinido irregular_verb low_irregularity regular_form él_ella_usted "
"↧ En aquel momento ↧nosotros _____ (la velocidad al tráfico)","adecuamos","Intermediate","fill_in_blank","adecuar","None","None","No","No"," adecuar ends_in_ar indefinido irregular_verb low_irregularity nosotros regular_form "
"↧ En aquel momento ↧vosotros _____ (la velocidad al tráfico)","adecuasteis","Intermediate","fill_in_blank","adecuar","None","None","No","No"," adecuar ends_in_ar indefinido irregular_verb low_irregularity regular_form vosotros "
"↧ En aquel momento ↧ellos/ellas/ustedes _____ (la velocidad al tráfico)","adecuaron","Intermediate","fill_in_blank","adecuar","None","None","No","No"," adecuar ellos_ellas_ustedes ends_in_ar indefinido irregular_verb low_irregularity regular_form "
"→ En el futuro, →yo _____ (la velocidad al tráfico)","adecuaré","Intermediate","fill_in_blank","adecuar","None","None","No","No"," adecuar ends_in_ar futuro irregular_verb low_irregularity regular_form yo "
"→ En el futuro, →tú/vos _____ (la velocidad al tráfico)","adecuarás","Intermediate","fill_in_blank","adecuar","None","None","No","No"," adecuar ends_in_ar futuro irregular_verb low_irregularity regular_form tú_vos "
"→ En el futuro, →él/ella/usted _____ (la velocidad al tráfico)","adecuará","Intermediate","fill_in_blank","adecuar","None","None","No","No"," adecuar ends_in_ar futuro irregular_verb low_irregularity regular_form él_ella_usted "
"→ En el futuro, →nosotros _____ (la velocidad al tráfico)","adecuaremos","Intermediate","fill_in_blank","adecuar","None","None","No","No"," adecuar ends_in_ar futuro irregular_verb low_irregularity nosotros regular_form "
"→ En el futuro, →vosotros _____ (la velocidad al tráfico)","adecuaréis","Intermediate","fill_in_blank","adecuar","None","None","No","No"," adecuar ends_in_ar futuro irregular_verb low_irregularity regular_form vosotros "
"→ En el futuro, →ellos/ellas/ustedes _____ (la velocidad al tráfico)","adecuarán","Intermediate","fill_in_blank","adecuar","None","None","No","No"," adecuar ellos_ellas_ustedes ends_in_ar futuro irregular_verb low_irregularity regular_form "
"… Si ocurriese esto, …yo _____ (la velocidad al tráfico)","adecuaría","Intermediate","fill_in_blank","adecuar","None","None","No","No"," adecuar condicional ends_in_ar irregular_verb low_irregularity regular_form yo "
"… Si sucediera esto, …tú/vos _____ (la velocidad al tráfico)","adecuarías","Intermediate","fill_in_blank","adecuar","None","None","No","No"," adecuar condicional ends_in_ar irregular_verb low_irregularity regular_form tú_vos "
"… Si acaeciera algo, …él/ella/usted _____ (la velocidad al tráfico)","adecuaría","Intermediate","fill_in_blank","adecuar","None","None","No","No"," adecuar condicional ends_in_ar irregular_verb low_irregularity regular_form él_ella_usted "
"… Si pasara algo, …nosotros _____ (la velocidad al tráfico)","adecuaríamos","Intermediate","fill_in_blank","adecuar","None","None","No","No"," adecuar condicional ends_in_ar irregular_verb low_irregularity nosotros regular_form "
"… Si aconteciese esto, …vosotros _____ (la velocidad al tráfico)","adecuaríais","Intermediate","fill_in_blank","adecuar","None","None","No","No"," adecuar condicional ends_in_ar irregular_verb low_irregularity regular_form vosotros "
"… Si se produjera esto, …ellos/ellas/ustedes _____ (la velocidad al tráfico)","adecuarían","Intermediate","fill_in_blank","adecuar","None","None","No","No"," adecuar condicional ellos_ellas_ustedes ends_in_ar irregular_verb low_irregularity regular_form "
"〰 Resulta divertido que 〰yo _____ (la velocidad al tráfico)","adecue | adecúe","Elementary","fill_in_blank","adecuar","None","None","No","No"," adecuar ends_in_ar irregular_form irregular_verb low_irregularity subjuntivo_presente yo "
"〰 Resulta divertido que 〰tú/vos _____ (la velocidad al tráfico)","adecues | adecúes","Elementary","fill_in_blank","adecuar","None","None","No","No"," adecuar ends_in_ar irregular_form irregular_verb low_irregularity subjuntivo_presente tú_vos "
"〰 Resulta divertido que 〰él/ella/usted _____ (la velocidad al tráfico)","adecue | adecúe","Elementary","fill_in_blank","adecuar","None","None","No","No"," adecuar ends_in_ar irregular_form irregular_verb low_irregularity subjuntivo_presente él_ella_usted "
"〰 Resulta divertido que 〰nosotros _____ (la velocidad al tráfico)","adecuemos","Elementary","fill_in_blank","adecuar","None","None","No","No"," adecuar ends_in_ar irregular_verb low_irregularity nosotros regular_form subjuntivo_presente "
"〰 Resulta divertido que 〰vosotros _____ (la velocidad al tráfico)","adecuéis","Elementary","fill_in_blank","adecuar","None","None","No","No"," adecuar ends_in_ar irregular_verb low_irregularity regular_form subjuntivo_presente vosotros "
"〰 Resulta divertido que 〰ellos/ellas/ustedes _____ (la velocidad al tráfico)","adecuen | adecúen","Elementary","fill_in_blank","adecuar","None","None","No","No"," adecuar ellos_ellas_ustedes ends_in_ar irregular_form irregular_verb low_irregularity subjuntivo_presente "
"↫ Fue sorprendente que ↫yo _____ (la velocidad al tráfico)","adecuara | adecuase","Advanced","fill_in_blank","adecuar","None","None","No","No"," adecuar ends_in_ar irregular_verb low_irregularity regular_form subjuntivo_pasado yo "
"↫ Fue sorprendente que ↫tú/vos _____ (la velocidad al tráfico)","adecuaras | adecuases","Advanced","fill_in_blank","adecuar","None","None","No","No"," adecuar ends_in_ar irregular_verb low_irregularity regular_form subjuntivo_pasado tú_vos "
"↫ Fue sorprendente que ↫él/ella/usted _____ (la velocidad al tráfico)","adecuara | adecuase","Advanced","fill_in_blank","adecuar","None","None","No","No"," adecuar ends_in_ar irregular_verb low_irregularity regular_form subjuntivo_pasado él_ella_usted "
"↫ Fue sorprendente que ↫nosotros _____ (la velocidad al tráfico)","adecuáramos | adecuásemos","Advanced","fill_in_blank","adecuar","None","None","No","No"," adecuar ends_in_ar irregular_verb low_irregularity nosotros regular_form subjuntivo_pasado "
"↫ Fue sorprendente que ↫vosotros _____ (la velocidad al tráfico)","adecuarais | adecuaseis","Advanced","fill_in_blank","adecuar","None","None","No","No"," adecuar ends_in_ar irregular_verb low_irregularity regular_form subjuntivo_pasado vosotros "
"↫ Fue sorprendente que ↫ellos/ellas/ustedes _____ (la velocidad al tráfico)","adecuaran | adecuasen","Advanced","fill_in_blank","adecuar","None","None","No","No"," adecuar ellos_ellas_ustedes ends_in_ar irregular_verb low_irregularity regular_form subjuntivo_pasado "
"Hombre, por favor,¡ _____ (la velocidad al tráfico), ya !(tú)","adecua | adecúa","Intermediate","fill_in_blank","adecuar","None","None","No","No"," adecuar ends_in_ar imperativo irregular_form irregular_verb low_irregularity tú tú_vos "
"Hombre, por favor,¡ _____ (la velocidad al tráfico), ya !(vos)","adecuá","Intermediate","fill_in_blank","adecuar","None","None","No","No"," adecuar ends_in_ar imperativo irregular_verb low_irregularity regular_form tú_vos vos "
"Mujer, por favor,¡ no _____ (el precio a sus deseos) !(tú/vos)","adecues | adecúes","Intermediate","fill_in_blank","adecuar","None","None","No","No"," adecuar ends_in_ar imperativo irregular_form irregular_verb low_irregularity negative_imperativo tú_vos "
"Señora, por favor,¡ (que) _____ (la velocidad al tráfico), ya !(él/ella/usted)","adecue | adecúe","Intermediate","fill_in_blank","adecuar","None","None","No","No"," adecuar ends_in_ar imperativo irregular_form irregular_verb low_irregularity él_ella_usted "
"Vámonos equipo, por favor,¡ (que) _____ (la velocidad al tráfico), ya !(nosotros)","adecuemos","Intermediate","fill_in_blank","adecuar","None","None","No","No"," adecuar ends_in_ar imperativo irregular_verb low_irregularity nosotros regular_form "
"Tú y tú, por favor,¡ _____ (la velocidad al tráfico), ya !(vosotros)","adecuad","Intermediate","fill_in_blank","adecuar","None","None","No","No"," adecuar ends_in_ar imperativo irregular_verb low_irregularity regular_form vosotros "
"Señores, por favor,¡ (que) _____ (la velocidad al tráfico), ya ! (ellos/ellas/ustedes)","adecuen | adecúen","Intermediate","fill_in_blank","adecuar","None","None","No","No"," adecuar ellos_ellas_ustedes ends_in_ar imperativo irregular_form irregular_verb low_irregularity "
"↬ Si en un dudoso futuro ↬yo lo _____, ¡suerte!","adecuare","Advanced","fill_in_blank","adecuar","None","None","No","No"," adecuar ends_in_ar irregular_verb low_irregularity regular_form subjuntivo_futuro yo "
"↬ Si en un dudoso futuro ↬tú/vos lo _____, ¡suerte!","adecuares","Advanced","fill_in_blank","adecuar","None","None","No","No"," adecuar ends_in_ar irregular_verb low_irregularity regular_form subjuntivo_futuro tú_vos "
"↬ Si en un dudoso futuro ↬él/ella/usted lo _____, ¡suerte!","adecuare","Advanced","fill_in_blank","adecuar","None","None","No","No"," adecuar ends_in_ar irregular_verb low_irregularity regular_form subjuntivo_futuro él_ella_usted "
"↬ Si en un dudoso futuro ↬nosotros lo _____, ¡suerte!","adecuáremos","Advanced","fill_in_blank","adecuar","None","None","No","No"," adecuar ends_in_ar irregular_verb low_irregularity nosotros regular_form subjuntivo_futuro "
"↬ Si en un dudoso futuro ↬vosotros lo _____, ¡suerte!","adecuareis","Advanced","fill_in_blank","adecuar","None","None","No","No"," adecuar ends_in_ar irregular_verb low_irregularity regular_form subjuntivo_futuro vosotros "
"↬ Si en un dudoso futuro ↬ellos/ellas/ustedes lo _____, ¡suerte!","adecuaren","Advanced","fill_in_blank","adecuar","None","None","No","No"," adecuar ellos_ellas_ustedes ends_in_ar irregular_verb low_irregularity regular_form subjuntivo_futuro "
"El verbo enél averiguaes _____","averiguar","Intermediate","fill_in_blank","None","None","None","No","No"," averiguar ends_in_ar infinitivo irregular_verb low_irregularity regular_form "
"Mientras estoy estudiando…ella está _____ (lo de su tío)","averiguando","Intermediate","fill_in_blank","averiguar","None","None","No","No"," averiguar ends_in_ar gerundio irregular_verb low_irregularity regular_form "
"Hugo ha _____ (lo de su tía)","averiguado","Intermediate","fill_in_blank","averiguar","None","None","No","No"," averiguar ends_in_ar irregular_verb low_irregularity participio regular_form "
"⊙ Ahora mismo, ⊙yo _____ (los cálculos)","averiguo","Elementary","fill_in_blank","averiguar","None","None","No","No"," averiguar ends_in_ar irregular_verb low_irregularity presente regular_form yo "
"⊙ Ahora mismo, ⊙tú _____ (los cálculos)","averiguas","Elementary","fill_in_blank","averiguar","None","None","No","No"," averiguar ends_in_ar irregular_verb low_irregularity presente regular_form tú tú_vos "
"⊙ Ahora mismo, ⊙vos _____ (los cálculos)","averiguás","Elementary","fill_in_blank","averiguar","None","None","No","No"," averiguar ends_in_ar irregular_verb low_irregularity presente regular_form tú_vos vos "
"⊙ Ahora mismo, ⊙él/ella/usted _____ (los cálculos)","averigua","Elementary","fill_in_blank","averiguar","None","None","No","No"," averiguar ends_in_ar irregular_verb low_irregularity presente regular_form él_ella_usted "
"⊙ Ahora mismo, ⊙nosotros _____ (los cálculos)","averiguamos","Elementary","fill_in_blank","averiguar","None","None","No","No"," averiguar ends_in_ar irregular_verb low_irregularity nosotros presente regular_form "
"⊙ Ahora mismo, ⊙vosotros _____ (los cálculos)","averiguáis","Elementary","fill_in_blank","averiguar","None","None","No","No"," averiguar ends_in_ar irregular_verb low_irregularity presente regular_form vosotros "
"⊙ Ahora mismo, ⊙ellos/ellas/ustedes _____ (los cálculos)","averiguan","Elementary","fill_in_blank","averiguar","None","None","No","No"," averiguar ellos_ellas_ustedes ends_in_ar irregular_verb low_irregularity presente regular_form "
"⇠ En esa época, a menudo, ⇠yo _____ (los cálculos)","averiguaba","Intermediate","fill_in_blank","averiguar","None","None","No","No"," averiguar ends_in_ar imperfecto irregular_verb low_irregularity regular_form yo "
"⇠ En esa época, a menudo, ⇠tú/vos _____ (los cálculos)","averiguabas","Intermediate","fill_in_blank","averiguar","None","None","No","No"," averiguar ends_in_ar imperfecto irregular_verb low_irregularity regular_form tú_vos "
"⇠ En esa época, a menudo, ⇠él/ella/usted _____ (los cálculos)","averiguaba","Intermediate","fill_in_blank","averiguar","None","None","No","No"," averiguar ends_in_ar imperfecto irregular_verb low_irregularity regular_form él_ella_usted "
"⇠ En esa época, a menudo, ⇠nosotros _____ (los cálculos)","averiguábamos","Intermediate","fill_in_blank","averiguar","None","None","No","No"," averiguar ends_in_ar imperfecto irregular_verb low_irregularity nosotros regular_form "
"⇠ En esa época, a menudo, ⇠vosotros _____ (los cálculos)","averiguabais","Intermediate","fill_in_blank","averiguar","None","None","No","No"," averiguar ends_in_ar imperfecto irregular_verb low_irregularity regular_form vosotros "
"⇠ En esa época, a menudo, ⇠ellos/ellas/ustedes _____ (los cálculos)","averiguaban","Intermediate","fill_in_blank","averiguar","None","None","No","No"," averiguar ellos_ellas_ustedes ends_in_ar imperfecto irregular_verb low_irregularity regular_form "
"↧ En aquel momento ↧yo _____ (los cálculos)","averigüé","Intermediate","fill_in_blank","averiguar","None","None","No","No"," averiguar ends_in_ar indefinido irregular_verb low_irregularity regular_form regular_spelling_change yo "
"↧ En aquel momento ↧tú/vos _____ (los cálculos)","averiguaste","Intermediate","fill_in_blank","averiguar","None","None","No","No"," averiguar ends_in_ar indefinido irregular_verb low_irregularity regular_form tú_vos "
"↧ En aquel momento ↧él/ella/usted _____ (los cálculos)","averiguó","Intermediate","fill_in_blank","averiguar","None","None","No","No"," averiguar ends_in_ar indefinido irregular_verb low_irregularity regular_form él_ella_usted "
"↧ En aquel momento ↧nosotros _____ (los cálculos)","averiguamos","Intermediate","fill_in_blank","averiguar","None","None","No","No"," averiguar ends_in_ar indefinido irregular_verb low_irregularity nosotros regular_form "
"↧ En aquel momento ↧vosotros _____ (los cálculos)","averiguasteis","Intermediate","fill_in_blank","averiguar","None","None","No","No"," averiguar ends_in_ar indefinido irregular_verb low_irregularity regular_form vosotros "
"↧ En aquel momento ↧ellos/ellas/ustedes _____ (los cálculos)","averiguaron","Intermediate","fill_in_blank","averiguar","None","None","No","No"," averiguar ellos_ellas_ustedes ends_in_ar indefinido irregular_verb low_irregularity regular_form "
"→ En el futuro, →yo _____ (los cálculos)","averiguaré","Intermediate","fill_in_blank","averiguar","None","None","No","No"," averiguar ends_in_ar futuro irregular_verb low_irregularity regular_form yo "
"→ En el futuro, →tú/vos _____ (los cálculos)","averiguarás","Intermediate","fill_in_blank","averiguar","None","None","No","No"," averiguar ends_in_ar futuro irregular_verb low_irregularity regular_form tú_vos "
"→ En el futuro, →él/ella/usted _____ (los cálculos)","averiguará","Intermediate","fill_in_blank","averiguar","None","None","No","No"," averiguar ends_in_ar futuro irregular_verb low_irregularity regular_form él_ella_usted "
"→ En el futuro, →nosotros _____ (los cálculos)","averiguaremos","Intermediate","fill_in_blank","averiguar","None","None","No","No"," averiguar ends_in_ar futuro irregular_verb low_irregularity nosotros regular_form "
"→ En el futuro, →vosotros _____ (los cálculos)","averiguaréis","Intermediate","fill_in_blank","averiguar","None","None","No","No"," averiguar ends_in_ar futuro irregular_verb low_irregularity regular_form vosotros "
"→ En el futuro, →ellos/ellas/ustedes _____ (los cálculos)","averiguarán","Intermediate","fill_in_blank","averiguar","None","None","No","No"," averiguar ellos_ellas_ustedes ends_in_ar futuro irregular_verb low_irregularity regular_form "
"… Si ocurriese esto, …yo _____ (los cálculos)","averiguaría","Intermediate","fill_in_blank","averiguar","None","None","No","No"," averiguar condicional ends_in_ar irregular_verb low_irregularity regular_form yo "
"… Si sucediera esto, …tú/vos _____ (los cálculos)","averiguarías","Intermediate","fill_in_blank","averiguar","None","None","No","No"," averiguar condicional ends_in_ar irregular_verb low_irregularity regular_form tú_vos "
"… Si acaeciera algo, …él/ella/usted _____ (los cálculos)","averiguaría","Intermediate","fill_in_blank","averiguar","None","None","No","No"," averiguar condicional ends_in_ar irregular_verb low_irregularity regular_form él_ella_usted "
"… Si pasara algo, …nosotros _____ (los cálculos)","averiguaríamos","Intermediate","fill_in_blank","averiguar","None","None","No","No"," averiguar condicional ends_in_ar irregular_verb low_irregularity nosotros regular_form "
"… Si aconteciese esto, …vosotros _____ (los cálculos)","averiguaríais","Intermediate","fill_in_blank","averiguar","None","None","No","No"," averiguar condicional ends_in_ar irregular_verb low_irregularity regular_form vosotros "
"… Si se produjera esto, …ellos/ellas/ustedes _____ (los cálculos)","averiguarían","Intermediate","fill_in_blank","averiguar","None","None","No","No"," averiguar condicional ellos_ellas_ustedes ends_in_ar irregular_verb low_irregularity regular_form "
"〰 Resulta divertido que 〰yo _____ (los cálculos)","averigüe","Elementary","fill_in_blank","averiguar","None","None","No","No"," averiguar ends_in_ar irregular_verb low_irregularity regular_form regular_spelling_change subjuntivo_presente yo "
"〰 Resulta divertido que 〰tú/vos _____ (los cálculos)","averigües","Elementary","fill_in_blank","averiguar","None","None","No","No"," averiguar ends_in_ar irregular_verb low_irregularity regular_form regular_spelling_change subjuntivo_presente tú_vos "
"〰 Resulta divertido que 〰él/ella/usted _____ (los cálculos)","averigüe","Elementary","fill_in_blank","averiguar","None","None","No","No"," averiguar ends_in_ar irregular_form irregular_verb low_irregularity subjuntivo_presente él_ella_usted "
"〰 Resulta divertido que 〰nosotros _____ (los cálculos)","averigüemos","Elementary","fill_in_blank","averiguar","None","None","No","No"," averiguar ends_in_ar irregular_verb low_irregularity nosotros regular_form regular_spelling_change subjuntivo_presente "
"〰 Resulta divertido que 〰vosotros _____ (los cálculos)","averigüéis","Elementary","fill_in_blank","averiguar","None","None","No","No"," averiguar ends_in_ar irregular_verb low_irregularity regular_form regular_spelling_change subjuntivo_presente vosotros "
"〰 Resulta divertido que 〰ellos/ellas/ustedes _____ (los cálculos)","averigüen","Elementary","fill_in_blank","averiguar","None","None","No","No"," averiguar ellos_ellas_ustedes ends_in_ar irregular_verb low_irregularity regular_form regular_spelling_change subjuntivo_presente "
"↫ Fue sorprendente que ↫yo _____ (los cálculos)","averiguara | averiguase","Advanced","fill_in_blank","averiguar","None","None","No","No"," averiguar ends_in_ar irregular_verb low_irregularity regular_form subjuntivo_pasado yo "
"↫ Fue sorprendente que ↫tú/vos _____ (los cálculos)","averiguaras | averiguases","Advanced","fill_in_blank","averiguar","None","None","No","No"," averiguar ends_in_ar irregular_verb low_irregularity regular_form subjuntivo_pasado tú_vos "
"↫ Fue sorprendente que ↫él/ella/usted _____ (los cálculos)","averiguara | averiguase","Advanced","fill_in_blank","averiguar","None","None","No","No"," averiguar ends_in_ar irregular_verb low_irregularity regular_form subjuntivo_pasado él_ella_usted "
"↫ Fue sorprendente que ↫nosotros _____ (los cálculos)","averiguáramos | averiguásemos","Advanced","fill_in_blank","averiguar","None","None","No","No"," averiguar ends_in_ar irregular_verb low_irregularity nosotros regular_form subjuntivo_pasado "
"↫ Fue sorprendente que ↫vosotros _____ (los cálculos)","averiguarais | averiguaseis","Advanced","fill_in_blank","averiguar","None","None","No","No"," averiguar ends_in_ar irregular_verb low_irregularity regular_form subjuntivo_pasado vosotros "
"↫ Fue sorprendente que ↫ellos/ellas/ustedes _____ (los cálculos)","averiguaran | averiguasen","Advanced","fill_in_blank","averiguar","None","None","No","No"," averiguar ellos_ellas_ustedes ends_in_ar irregular_verb low_irregularity regular_form subjuntivo_pasado "
"Hombre, por favor,¡ _____ (los cálculos), ya !(tú)","averigua","Intermediate","fill_in_blank","averiguar","None","None","No","No"," averiguar ends_in_ar imperativo irregular_verb low_irregularity regular_form tú tú_vos "
"Hombre, por favor,¡ _____ (los cálculos), ya !(vos)","averiguá","Intermediate","fill_in_blank","averiguar","None","None","No","No"," averiguar ends_in_ar imperativo irregular_verb low_irregularity regular_form tú_vos vos "
"Mujer, por favor,¡ no _____ (lo se su tío) !(tú/vos)","averigües","Intermediate","fill_in_blank","averiguar","None","None","No","No"," averiguar ends_in_ar imperativo irregular_verb low_irregularity negative_imperativo regular_form regular_spelling_change tú_vos "
"Señora, por favor,¡ (que) _____ (los cálculos), ya !(él/ella/usted)","averigüe","Intermediate","fill_in_blank","averiguar","None","None","No","No"," averiguar ends_in_ar imperativo irregular_verb low_irregularity regular_form regular_spelling_change él_ella_usted "
"Vámonos equipo, por favor,¡ (que) _____ (los cálculos), ya !(nosotros)","averigüemos","Intermediate","fill_in_blank","averiguar","None","None","No","No"," averiguar ends_in_ar imperativo irregular_verb low_irregularity nosotros regular_form regular_spelling_change "
"Tú y tú, por favor,¡ _____ (los cálculos), ya !(vosotros)","averiguad","Intermediate","fill_in_blank","averiguar","None","None","No","No"," averiguar ends_in_ar imperativo irregular_verb low_irregularity regular_form vosotros "
"Señores, por favor,¡ (que) _____ (los cálculos), ya ! (ellos/ellas/ustedes)","averigüen","Intermediate","fill_in_blank","averiguar","None","None","No","No"," averiguar ellos_ellas_ustedes ends_in_ar imperativo irregular_verb low_irregularity regular_form regular_spelling_change "
"↬ Si en un dudoso futuro ↬yo lo _____, ¡suerte!","averiguare","Advanced","fill_in_blank","averiguar","None","None","No","No"," averiguar ends_in_ar irregular_verb low_irregularity regular_form subjuntivo_futuro yo "
"↬ Si en un dudoso futuro ↬tú/vos lo _____, ¡suerte!","averiguares","Advanced","fill_in_blank","averiguar","None","None","No","No"," averiguar ends_in_ar irregular_verb low_irregularity regular_form subjuntivo_futuro tú_vos "
"↬ Si en un dudoso futuro ↬él/ella/usted lo _____, ¡suerte!","averiguare","Advanced","fill_in_blank","averiguar","None","None","No","No"," averiguar ends_in_ar irregular_verb low_irregularity regular_form subjuntivo_futuro él_ella_usted "
"↬ Si en un dudoso futuro ↬nosotros lo _____, ¡suerte!","averiguáremos","Advanced","fill_in_blank","averiguar","None","None","No","No"," averiguar ends_in_ar irregular_verb low_irregularity nosotros regular_form subjuntivo_futuro "
"↬ Si en un dudoso futuro ↬vosotros lo _____, ¡suerte!","averiguareis","Advanced","fill_in_blank","averiguar","None","None","No","No"," averiguar ends_in_ar irregular_verb low_irregularity regular_form subjuntivo_futuro vosotros "
"↬ Si en un dudoso futuro ↬ellos/ellas/ustedes lo _____, ¡suerte!","averiguaren","Advanced","fill_in_blank","averiguar","None","None","No","No"," averiguar ellos_ellas_ustedes ends_in_ar irregular_verb low_irregularity regular_form subjuntivo_futuro "
"El verbo enél bendicees _____","bendecir","Intermediate","fill_in_blank","None","None","None","No","No"," bendecir ends_in_ir high_irregularity infinitivo irregular_verb regular_form "
"Mientras estoy estudiando…ella está _____ (el silencio)","bendiciendo","Intermediate","fill_in_blank","bendecir","None","None","No","No"," bendecir ends_in_ir gerundio high_irregularity irregular_form irregular_verb "
"Hugo ha _____ (la oportunidad de descansar)","bendecido | bendito","Intermediate","fill_in_blank","bendecir","None","None","No","No"," bendecir ends_in_ir high_irregularity irregular_form irregular_verb participio "
"⊙ Ahora mismo, ⊙yo _____ (la buena suerte)","bendigo","Elementary","fill_in_blank","bendecir","None","None","No","No"," bendecir ends_in_ir high_irregularity irregular_form irregular_verb presente yo "
"⊙ Ahora mismo, ⊙tú _____ (la buena suerte)","bendices","Elementary","fill_in_blank","bendecir","None","None","No","No"," bendecir ends_in_ir high_irregularity irregular_form irregular_verb presente tú tú_vos "
"⊙ Ahora mismo, ⊙vos _____ (la buena suerte)","bendecís","Elementary","fill_in_blank","bendecir","None","None","No","No"," bendecir ends_in_ir high_irregularity irregular_verb presente regular_form tú_vos vos "
"⊙ Ahora mismo, ⊙él/ella/usted _____ (la buena suerte)","bendice","Elementary","fill_in_blank","bendecir","None","None","No","No"," bendecir ends_in_ir high_irregularity irregular_form irregular_verb presente él_ella_usted "
"⊙ Ahora mismo, ⊙nosotros _____ (la buena suerte)","bendecimos","Elementary","fill_in_blank","bendecir","None","None","No","No"," bendecir ends_in_ir high_irregularity irregular_verb nosotros presente regular_form "
"⊙ Ahora mismo, ⊙vosotros _____ (la buena suerte)","bendecís","Elementary","fill_in_blank","bendecir","None","None","No","No"," bendecir ends_in_ir high_irregularity irregular_verb presente regular_form vosotros "
"⊙ Ahora mismo, ⊙ellos/ellas/ustedes _____ (la buena suerte)","bendicen","Elementary","fill_in_blank","bendecir","None","None","No","No"," bendecir ellos_ellas_ustedes ends_in_ir high_irregularity in_the_wild irregular_form irregular_verb presente refrán "
"⇠ En esa época, a menudo, ⇠yo _____ (la buena suerte)","bendecía","Intermediate","fill_in_blank","bendecir","None","None","No","No"," bendecir ends_in_ir high_irregularity imperfecto irregular_verb regular_form yo "
"⇠ En esa época, a menudo, ⇠tú/vos _____ (la buena suerte)","bendecías","Intermediate","fill_in_blank","bendecir","None","None","No","No"," bendecir ends_in_ir high_irregularity imperfecto irregular_verb regular_form tú_vos "
"⇠ En esa época, a menudo, ⇠él/ella/usted _____ (la buena suerte)","bendecía","Intermediate","fill_in_blank","bendecir","None","None","No","No"," bendecir ends_in_ir high_irregularity imperfecto irregular_verb regular_form él_ella_usted "
"⇠ En esa época, a menudo, ⇠nosotros _____ (la buena suerte)","bendecíamos","Intermediate","fill_in_blank","bendecir","None","None","No","No"," bendecir ends_in_ir high_irregularity imperfecto irregular_verb nosotros regular_form "
"⇠ En esa época, a menudo, ⇠vosotros _____ (la buena suerte)","bendecíais","Intermediate","fill_in_blank","bendecir","None","None","No","No"," bendecir ends_in_ir high_irregularity imperfecto irregular_verb regular_form vosotros "
"⇠ En esa época, a menudo, ⇠ellos/ellas/ustedes _____ (la buena suerte)","bendecían","Intermediate","fill_in_blank","bendecir","None","None","No","No"," bendecir ellos_ellas_ustedes ends_in_ir high_irregularity imperfecto irregular_verb regular_form "
"↧ En aquel momento ↧yo _____ (la buena suerte)","bendije","Intermediate","fill_in_blank","bendecir","None","None","No","No"," bendecir ends_in_ir high_irregularity indefinido irregular_form irregular_verb yo "
"↧ En aquel momento ↧tú/vos _____ (la buena suerte)","bendijiste","Intermediate","fill_in_blank","bendecir","None","None","No","No"," bendecir ends_in_ir high_irregularity indefinido irregular_form irregular_verb tú_vos "
"↧ En aquel momento ↧él/ella/usted _____ (la buena suerte)","bendijo","Intermediate","fill_in_blank","bendecir","None","None","No","No"," bendecir ends_in_ir high_irregularity indefinido irregular_form irregular_verb él_ella_usted "
"↧ En aquel momento ↧nosotros _____ (la buena suerte)","bendijimos","Intermediate","fill_in_blank","bendecir","None","None","No","No"," bendecir ends_in_ir high_irregularity indefinido irregular_form irregular_verb nosotros "
"↧ En aquel momento ↧vosotros _____ (la buena suerte)","bendijisteis","Intermediate","fill_in_blank","bendecir","None","None","No","No"," bendecir ends_in_ir high_irregularity indefinido irregular_form irregular_verb vosotros "
"↧ En aquel momento ↧ellos/ellas/ustedes _____ (la buena suerte)","bendijeron","Intermediate","fill_in_blank","bendecir","None","None","No","No"," bendecir ellos_ellas_ustedes ends_in_ir high_irregularity indefinido irregular_form irregular_verb "
"→ En el futuro, →yo _____ (la buena suerte)","bendeciré","Intermediate","fill_in_blank","bendecir","None","None","No","No"," bendecir ends_in_ir futuro high_irregularity irregular_verb regular_form yo "
"→ En el futuro, →tú/vos _____ (la buena suerte)","bendecirás","Intermediate","fill_in_blank","bendecir","None","None","No","No"," bendecir ends_in_ir futuro high_irregularity irregular_verb regular_form tú_vos "
"→ En el futuro, →él/ella/usted _____ (la buena suerte)","bendecirá","Intermediate","fill_in_blank","bendecir","None","None","No","No"," bendecir ends_in_ir futuro high_irregularity irregular_verb regular_form él_ella_usted "
"→ En el futuro, →nosotros _____ (la buena suerte)","bendeciremos","Intermediate","fill_in_blank","bendecir","None","None","No","No"," bendecir ends_in_ir futuro high_irregularity irregular_verb nosotros regular_form "
"→ En el futuro, →vosotros _____ (la buena suerte)","bendeciréis","Intermediate","fill_in_blank","bendecir","None","None","No","No"," bendecir ends_in_ir futuro high_irregularity irregular_verb regular_form vosotros "
"→ En el futuro, →ellos/ellas/ustedes _____ (la buena suerte)","bendecirán","Intermediate","fill_in_blank","bendecir","None","None","No","No"," bendecir ellos_ellas_ustedes ends_in_ir futuro high_irregularity irregular_verb regular_form "
"… Si ocurriese esto, …yo _____ (la buena suerte)","bendeciría","Intermediate","fill_in_blank","bendecir","None","None","No","No"," bendecir condicional ends_in_ir high_irregularity irregular_verb regular_form yo "
"… Si sucediera esto, …tú/vos _____ (la buena suerte)","bendecirías","Intermediate","fill_in_blank","bendecir","None","None","No","No"," bendecir condicional ends_in_ir high_irregularity irregular_verb regular_form tú_vos "
"… Si acaeciera algo, …él/ella/usted _____ (la buena suerte)","bendeciría","Intermediate","fill_in_blank","bendecir","None","None","No","No"," bendecir condicional ends_in_ir high_irregularity irregular_verb regular_form él_ella_usted "
"… Si pasara algo, …nosotros _____ (la buena suerte)","bendeciríamos","Intermediate","fill_in_blank","bendecir","None","None","No","No"," bendecir condicional ends_in_ir high_irregularity irregular_verb nosotros regular_form "
"… Si aconteciese esto, …vosotros _____ (la buena suerte)","bendeciríais","Intermediate","fill_in_blank","bendecir","None","None","No","No"," bendecir condicional ends_in_ir high_irregularity irregular_verb regular_form vosotros "
"… Si se produjera esto, …ellos/ellas/ustedes _____ (la buena suerte)","bendecirían","Intermediate","fill_in_blank","bendecir","None","None","No","No"," bendecir condicional ellos_ellas_ustedes ends_in_ir high_irregularity irregular_verb regular_form "
"〰 Resulta divertido que 〰yo _____ (la buena suerte)","bendiga","Elementary","fill_in_blank","bendecir","None","None","No","No"," bendecir ends_in_ir high_irregularity irregular_form irregular_verb subjuntivo_presente yo "
"〰 Resulta divertido que 〰tú/vos _____ (la buena suerte)","bendigas","Elementary","fill_in_blank","bendecir","None","None","No","No"," bendecir ends_in_ir high_irregularity irregular_form irregular_verb subjuntivo_presente tú_vos "
"〰 Resulta divertido que 〰él/ella/usted _____ (la buena suerte)","bendiga","Elementary","fill_in_blank","bendecir","None","None","No","No"," bendecir ends_in_ir high_irregularity irregular_form irregular_verb subjuntivo_presente él_ella_usted "
"〰 Resulta divertido que 〰nosotros _____ (la buena suerte)","bendigamos","Elementary","fill_in_blank","bendecir","None","None","No","No"," bendecir ends_in_ir high_irregularity irregular_form irregular_verb nosotros subjuntivo_presente "
"〰 Resulta divertido que 〰vosotros _____ (la buena suerte)","bendigáis","Elementary","fill_in_blank","bendecir","None","None","No","No"," bendecir ends_in_ir high_irregularity irregular_form irregular_verb subjuntivo_presente vosotros "
"〰 Resulta divertido que 〰ellos/ellas/ustedes _____ (la buena suerte)","bendigan","Elementary","fill_in_blank","bendecir","None","None","No","No"," bendecir ellos_ellas_ustedes ends_in_ir high_irregularity irregular_form irregular_verb subjuntivo_presente "
"↫ Fue sorprendente que ↫yo _____ (la buena suerte)","bendijera | bendijese","Advanced","fill_in_blank","bendecir","None","None","No","No"," bendecir ends_in_ir high_irregularity irregular_form irregular_verb subjuntivo_pasado yo "
"↫ Fue sorprendente que ↫tú/vos _____ (la buena suerte)","bendijeras | bendijeses","Advanced","fill_in_blank","bendecir","None","None","No","No"," bendecir ends_in_ir high_irregularity irregular_form irregular_verb subjuntivo_pasado tú_vos "
"↫ Fue sorprendente que ↫él/ella/usted _____ (la buena suerte)","bendijera | bendijese","Advanced","fill_in_blank","bendecir","None","None","No","No"," bendecir ends_in_ir high_irregularity irregular_form irregular_verb subjuntivo_pasado él_ella_usted "
"↫ Fue sorprendente que ↫nosotros _____ (la buena suerte)","bendijéramos | bendijésemos","Advanced","fill_in_blank","bendecir","None","None","No","No"," bendecir ends_in_ir high_irregularity irregular_form irregular_verb nosotros subjuntivo_pasado "
"↫ Fue sorprendente que ↫vosotros _____ (la buena suerte)","bendijerais | bendijeseis","Advanced","fill_in_blank","bendecir","None","None","No","No"," bendecir ends_in_ir high_irregularity irregular_form irregular_verb subjuntivo_pasado vosotros "
"↫ Fue sorprendente que ↫ellos/ellas/ustedes _____ (la buena suerte)","bendijeran | bendijesen","Advanced","fill_in_blank","bendecir","None","None","No","No"," bendecir ellos_ellas_ustedes ends_in_ir high_irregularity irregular_form irregular_verb subjuntivo_pasado "
"Hombre, por favor,¡ _____ (la buena suerte) !(tú)","bendice","Intermediate","fill_in_blank","bendecir","None","None","No","No"," bendecir ends_in_ir high_irregularity imperativo irregular_form irregular_verb tú tú_vos "
"Hombre, por favor,¡ _____ (la buena suerte) !(vos)","bendecí","Intermediate","fill_in_blank","bendecir","None","None","No","No"," bendecir ends_in_ir high_irregularity imperativo irregular_verb regular_form tú_vos vos "
"Mujer, por favor,¡ no _____ (la buena suerte) !(tú/vos)","bendigas","Intermediate","fill_in_blank","bendecir","None","None","No","No"," bendecir ends_in_ir high_irregularity imperativo irregular_form irregular_verb negative_imperativo tú_vos "
"Señora, por favor,¡ (que) _____ (la buena suerte) !(él/ella/usted)","bendiga","Intermediate","fill_in_blank","bendecir","None","None","No","No"," bendecir ends_in_ir high_irregularity imperativo irregular_form irregular_verb él_ella_usted "
"Vámonos equipo, por favor,¡ (que) _____ (la buena suerte) !(nosotros)","bendigamos","Intermediate","fill_in_blank","bendecir","None","None","No","No"," bendecir ends_in_ir high_irregularity imperativo irregular_form irregular_verb nosotros "
"Tú y tú, por favor,¡ _____ (la buena suerte) !(vosotros)","bendecid","Intermediate","fill_in_blank","bendecir","None","None","No","No"," bendecir ends_in_ir high_irregularity imperativo irregular_verb regular_form vosotros "
"Señores, por favor,¡ (que) _____ (la buena suerte) ! (ellos/ellas/ustedes)","bendigan","Intermediate","fill_in_blank","bendecir","None","None","No","No"," bendecir ellos_ellas_ustedes ends_in_ir high_irregularity imperativo irregular_form irregular_verb "
"↬ Si en un dudoso futuro ↬yo lo _____, ¡suerte!","bendijere","Advanced","fill_in_blank","bendecir","None","None","No","No"," bendecir ends_in_ir high_irregularity irregular_form irregular_verb subjuntivo_futuro yo "
"↬ Si en un dudoso futuro ↬tú/vos lo _____, ¡suerte!","bendijeres","Advanced","fill_in_blank","bendecir","None","None","No","No"," bendecir ends_in_ir high_irregularity irregular_form irregular_verb subjuntivo_futuro tú_vos "
"↬ Si en un dudoso futuro ↬él/ella/usted lo _____, ¡suerte!","bendijere","Advanced","fill_in_blank","bendecir","None","None","No","No"," bendecir ends_in_ir high_irregularity irregular_form irregular_verb subjuntivo_futuro él_ella_usted "
"↬ Si en un dudoso futuro ↬nosotros lo _____, ¡suerte!","bendijéremos","Advanced","fill_in_blank","bendecir","None","None","No","No"," bendecir ends_in_ir high_irregularity irregular_form irregular_verb nosotros subjuntivo_futuro "
"↬ Si en un dudoso futuro ↬vosotros lo _____, ¡suerte!","bendijereis","Advanced","fill_in_blank","bendecir","None","None","No","No"," bendecir ends_in_ir high_irregularity irregular_form irregular_verb subjuntivo_futuro vosotros "
"↬ Si en un dudoso futuro ↬ellos/ellas/ustedes lo _____, ¡suerte!","bendijeren","Advanced","fill_in_blank","bendecir","None","None","No","No"," bendecir ellos_ellas_ustedes ends_in_ir high_irregularity irregular_form irregular_verb subjuntivo_futuro "
"El verbo enél complacees _____","complacer","Intermediate","fill_in_blank","None","None","None","No","No"," complacer ends_in_er in_the_wild infinitivo irregular_verb moderate_irregularity modismo regular_form "
"Mientras estoy estudiando…ella está _____ (al dueño)","complaciendo","Intermediate","fill_in_blank","complacer","None","None","No","No"," complacer ends_in_er gerundio irregular_verb moderate_irregularity regular_form "
"Hugo ha _____ (al dueño)","complacido","Intermediate","fill_in_blank","complacer","None","None","No","No"," complacer ends_in_er irregular_verb moderate_irregularity participio regular_form "
"⊙ Ahora mismo, ⊙yo _____ (al dueño)","complazco","Elementary","fill_in_blank","complacer","None","None","No","No"," complacer ends_in_er irregular_form irregular_verb moderate_irregularity presente yo "
"⊙ Ahora mismo, ⊙tú _____ (al dueño)","complaces","Elementary","fill_in_blank","complacer","None","None","No","No"," complacer ends_in_er irregular_verb moderate_irregularity presente regular_form tú tú_vos "
"⊙ Ahora mismo, ⊙vos _____ (al dueño)","complacés","Elementary","fill_in_blank","complacer","None","None","No","No"," complacer ends_in_er irregular_verb moderate_irregularity presente regular_form tú_vos vos "
"⊙ Ahora mismo, ⊙él/ella/usted _____ (al dueño)","complace","Elementary","fill_in_blank","complacer","None","None","No","No"," complacer ends_in_er in_the_wild irregular_verb moderate_irregularity modismo presente regular_form él_ella_usted "
"⊙ Ahora mismo, ⊙nosotros _____ (al dueño)","complacemos","Elementary","fill_in_blank","complacer","None","None","No","No"," complacer ends_in_er irregular_verb moderate_irregularity nosotros presente regular_form "
"⊙ Ahora mismo, ⊙vosotros _____ (al dueño)","complacéis","Elementary","fill_in_blank","complacer","None","None","No","No"," complacer ends_in_er irregular_verb moderate_irregularity presente regular_form vosotros "
"⊙ Ahora mismo, ⊙ellos/ellas/ustedes _____ (al dueño)","complacen","Elementary","fill_in_blank","complacer","None","None","No","No"," complacer ellos_ellas_ustedes ends_in_er irregular_verb moderate_irregularity presente regular_form "
"⇠ En esa época, a menudo, ⇠yo _____ (al dueño)","complacía","Intermediate","fill_in_blank","complacer","None","None","No","No"," complacer ends_in_er imperfecto irregular_verb moderate_irregularity regular_form yo "
"⇠ En esa época, a menudo, ⇠tú/vos _____ (al dueño)","complacías","Intermediate","fill_in_blank","complacer","None","None","No","No"," complacer ends_in_er imperfecto irregular_verb moderate_irregularity regular_form tú_vos "
"⇠ En esa época, a menudo, ⇠él/ella/usted _____ (al dueño)","complacía","Intermediate","fill_in_blank","complacer","None","None","No","No"," complacer ends_in_er imperfecto irregular_verb moderate_irregularity regular_form él_ella_usted "
"⇠ En esa época, a menudo, ⇠nosotros _____ (al dueño)","complacíamos","Intermediate","fill_in_blank","complacer","None","None","No","No"," complacer ends_in_er imperfecto irregular_verb moderate_irregularity nosotros regular_form "
"⇠ En esa época, a menudo, ⇠vosotros _____ (al dueño)","complacíais","Intermediate","fill_in_blank","complacer","None","None","No","No"," complacer ends_in_er imperfecto irregular_verb moderate_irregularity regular_form vosotros "
"⇠ En esa época, a menudo, ⇠ellos/ellas/ustedes _____ (al dueño)","complacían","Intermediate","fill_in_blank","complacer","None","None","No","No"," complacer ellos_ellas_ustedes ends_in_er imperfecto irregular_verb moderate_irregularity regular_form "
"↧ En aquel momento ↧yo _____ (al dueño)","complací","Intermediate","fill_in_blank","complacer","None","None","No","No"," complacer ends_in_er indefinido irregular_verb moderate_irregularity regular_form yo "
"↧ En aquel momento ↧tú/vos _____ (al dueño)","complaciste","Intermediate","fill_in_blank","complacer","None","None","No","No"," complacer ends_in_er indefinido irregular_verb moderate_irregularity regular_form tú_vos "
"↧ En aquel momento ↧él/ella/usted _____ (al dueño)","complació | complugo","Intermediate","fill_in_blank","complacer","None","None","No","No"," complacer ends_in_er indefinido irregular_form irregular_verb moderate_irregularity él_ella_usted "
"↧ En aquel momento ↧nosotros _____ (al dueño)","complacimos","Intermediate","fill_in_blank","complacer","None","None","No","No"," complacer ends_in_er indefinido irregular_verb moderate_irregularity nosotros regular_form "
"↧ En aquel momento ↧vosotros _____ (al dueño)","complacisteis","Intermediate","fill_in_blank","complacer","None","None","No","No"," complacer ends_in_er indefinido irregular_verb moderate_irregularity regular_form vosotros "
"↧ En aquel momento ↧ellos/ellas/ustedes _____ (al dueño)","complacieron","Intermediate","fill_in_blank","complacer","None","None","No","No"," complacer ellos_ellas_ustedes ends_in_er indefinido irregular_verb moderate_irregularity regular_form "
"→ En el futuro, →yo _____ (al dueño)","complaceré","Intermediate","fill_in_blank","complacer","None","None","No","No"," complacer ends_in_er futuro irregular_verb moderate_irregularity regular_form yo "
"→ En el futuro, →tú/vos _____ (al dueño)","complacerás","Intermediate","fill_in_blank","complacer","None","None","No","No"," complacer ends_in_er futuro irregular_verb moderate_irregularity regular_form tú_vos "
"→ En el futuro, →él/ella/usted _____ (al dueño)","complacerá","Intermediate","fill_in_blank","complacer","None","None","No","No"," complacer ends_in_er futuro irregular_verb moderate_irregularity regular_form él_ella_usted "
"→ En el futuro, →nosotros _____ (al dueño)","complaceremos","Intermediate","fill_in_blank","complacer","None","None","No","No"," complacer ends_in_er futuro irregular_verb moderate_irregularity nosotros regular_form "
"→ En el futuro, →vosotros _____ (al dueño)","complaceréis","Intermediate","fill_in_blank","complacer","None","None","No","No"," complacer ends_in_er futuro irregular_verb moderate_irregularity regular_form vosotros "
"→ En el futuro, →ellos/ellas/ustedes _____ (al dueño)","complacerán","Intermediate","fill_in_blank","complacer","None","None","No","No"," complacer ellos_ellas_ustedes ends_in_er futuro irregular_verb moderate_irregularity regular_form "
"… Si ocurriese esto, …yo _____ (al dueño)","complacería","Intermediate","fill_in_blank","complacer","None","None","No","No"," complacer condicional ends_in_er irregular_verb moderate_irregularity regular_form yo "
"… Si sucediera esto, …tú/vos _____ (al dueño)","complacerías","Intermediate","fill_in_blank","complacer","None","None","No","No"," complacer condicional ends_in_er irregular_verb moderate_irregularity regular_form tú_vos "
"… Si acaeciera algo, …él/ella/usted _____ (al dueño)","complacería","Intermediate","fill_in_blank","complacer","None","None","No","No"," complacer condicional ends_in_er irregular_verb moderate_irregularity regular_form él_ella_usted "
"… Si pasara algo, …nosotros _____ (al dueño)","complaceríamos","Intermediate","fill_in_blank","complacer","None","None","No","No"," complacer condicional ends_in_er irregular_verb moderate_irregularity nosotros regular_form "
"… Si aconteciese esto, …vosotros _____ (al dueño)","complaceríais","Intermediate","fill_in_blank","complacer","None","None","No","No"," complacer condicional ends_in_er irregular_verb moderate_irregularity regular_form vosotros "
"… Si se produjera esto, …ellos/ellas/ustedes _____ (al dueño)","complacerían","Intermediate","fill_in_blank","complacer","None","None","No","No"," complacer condicional ellos_ellas_ustedes ends_in_er irregular_verb moderate_irregularity regular_form "
"〰 Resulta divertido que 〰yo _____ (al dueño)","complazca","Elementary","fill_in_blank","complacer","None","None","No","No"," complacer ends_in_er irregular_form irregular_verb moderate_irregularity subjuntivo_presente yo "
"〰 Resulta divertido que 〰tú/vos _____ (al dueño)","complazcas","Elementary","fill_in_blank","complacer","None","None","No","No"," complacer ends_in_er irregular_form irregular_verb moderate_irregularity subjuntivo_presente tú_vos "
"〰 Resulta divertido que 〰él/ella/usted _____ (al dueño)","complazca","Elementary","fill_in_blank","complacer","None","None","No","No"," complacer ends_in_er irregular_form irregular_verb moderate_irregularity subjuntivo_presente él_ella_usted "
"〰 Resulta divertido que 〰nosotros _____ (al dueño)","complazcamos","Elementary","fill_in_blank","complacer","None","None","No","No"," complacer ends_in_er irregular_form irregular_verb moderate_irregularity nosotros subjuntivo_presente "
"〰 Resulta divertido que 〰vosotros _____ (al dueño)","complazcáis","Elementary","fill_in_blank","complacer","None","None","No","No"," complacer ends_in_er irregular_form irregular_verb moderate_irregularity subjuntivo_presente vosotros "
"〰 Resulta divertido que 〰ellos/ellas/ustedes _____ (al dueño)","complazcan","Elementary","fill_in_blank","complacer","None","None","No","No"," complacer ellos_ellas_ustedes ends_in_er irregular_form irregular_verb moderate_irregularity subjuntivo_presente "
"↫ Fue sorprendente que ↫yo _____ (al dueño)","complaciera | complaciese","Advanced","fill_in_blank","complacer","None","None","No","No"," complacer ends_in_er irregular_verb moderate_irregularity regular_form subjuntivo_pasado yo "
"↫ Fue sorprendente que ↫tú/vos _____ (al dueño)","complacieras | complacieses","Advanced","fill_in_blank","complacer","None","None","No","No"," complacer ends_in_er irregular_verb moderate_irregularity regular_form subjuntivo_pasado tú_vos "
"↫ Fue sorprendente que ↫él/ella/usted _____ (al dueño)","complaciera | complaciese | compluguiera | compluguiese","Advanced","fill_in_blank","complacer","None","None","No","No"," complacer ends_in_er irregular_form irregular_verb moderate_irregularity subjuntivo_pasado él_ella_usted "
"↫ Fue sorprendente que ↫nosotros _____ (al dueño)","complaciéramos | complaciésemos","Advanced","fill_in_blank","complacer","None","None","No","No"," complacer ends_in_er irregular_verb moderate_irregularity nosotros regular_form subjuntivo_pasado "
"↫ Fue sorprendente que ↫vosotros _____ (al dueño)","complacierais | complacieseis","Advanced","fill_in_blank","complacer","None","None","No","No"," complacer ends_in_er irregular_verb moderate_irregularity regular_form subjuntivo_pasado vosotros "
"↫ Fue sorprendente que ↫ellos/ellas/ustedes _____ (al dueño)","complacieran | complaciesen","Advanced","fill_in_blank","complacer","None","None","No","No"," complacer ellos_ellas_ustedes ends_in_er irregular_verb moderate_irregularity regular_form subjuntivo_pasado "
"Hombre, por favor,¡ _____ (al dueño), ya !(tú)","complace","Intermediate","fill_in_blank","complacer","None","None","No","No"," complacer ends_in_er imperativo irregular_verb moderate_irregularity regular_form tú tú_vos "
"Hombre, por favor,¡ _____ (al dueño), ya !(vos)","complacé","Intermediate","fill_in_blank","complacer","None","None","No","No"," complacer ends_in_er imperativo irregular_verb moderate_irregularity regular_form tú_vos vos "
"Mujer, por favor,¡ no _____ (al dueño) !(tú/vos)","complazcas","Intermediate","fill_in_blank","complacer","None","None","No","No"," complacer ends_in_er imperativo irregular_form irregular_verb moderate_irregularity negative_imperativo tú_vos "
"Señora, por favor,¡ (que) _____ (al dueño), ya !(él/ella/usted)","complazca","Intermediate","fill_in_blank","complacer","None","None","No","No"," complacer ends_in_er imperativo irregular_form irregular_verb moderate_irregularity él_ella_usted "
"Vámonos equipo, por favor,¡ (que) _____ (al dueño), ya !(nosotros)","complazcamos","Intermediate","fill_in_blank","complacer","None","None","No","No"," complacer ends_in_er imperativo irregular_form irregular_verb moderate_irregularity nosotros "
"Tú y tú, por favor,¡ _____ (al dueño), ya !(vosotros)","complaced","Intermediate","fill_in_blank","complacer","None","None","No","No"," complacer ends_in_er imperativo irregular_verb moderate_irregularity regular_form vosotros "
"Señores, por favor,¡ (que) _____ (al dueño), ya ! (ellos/ellas/ustedes)","complazcan","Intermediate","fill_in_blank","complacer","None","None","No","No"," complacer ellos_ellas_ustedes ends_in_er imperativo irregular_form irregular_verb moderate_irregularity "
"↬ Si en un dudoso futuro ↬yo le _____, ¡suerte!","complaciere","Advanced","fill_in_blank","complacer","None","None","No","No"," complacer ends_in_er irregular_verb moderate_irregularity regular_form subjuntivo_futuro yo "
"↬ Si en un dudoso futuro ↬tú/vos le _____, ¡suerte!","complacieres","Advanced","fill_in_blank","complacer","None","None","No","No"," complacer ends_in_er irregular_verb moderate_irregularity regular_form subjuntivo_futuro tú_vos "
"↬ Si en un dudoso futuro ↬él/ella/usted le _____, ¡suerte!","complaciere | compluguiere","Advanced","fill_in_blank","complacer","None","None","No","No"," complacer ends_in_er irregular_form irregular_verb moderate_irregularity subjuntivo_futuro él_ella_usted "
"↬ Si en un dudoso futuro ↬nosotros le _____, ¡suerte!","complaciéremos","Advanced","fill_in_blank","complacer","None","None","No","No"," complacer ends_in_er irregular_verb moderate_irregularity nosotros regular_form subjuntivo_futuro "
"↬ Si en un dudoso futuro ↬vosotros le _____, ¡suerte!","complaciereis","Advanced","fill_in_blank","complacer","None","None","No","No"," complacer ends_in_er irregular_verb moderate_irregularity regular_form subjuntivo_futuro vosotros "
"↬ Si en un dudoso futuro ↬ellos/ellas/ustedes le _____, ¡suerte!","complacieren","Advanced","fill_in_blank","complacer","None","None","No","No"," complacer ellos_ellas_ustedes ends_in_er irregular_verb moderate_irregularity regular_form subjuntivo_futuro "
"El verbo enél pudrees _____","pudrir","Intermediate","fill_in_blank","None","None","None","No","No"," ends_in_ir high_irregularity infinitivo irregular_verb pudrir regular_form "
"Mientras estoy estudiando…la pera está _____","pudriendo","Intermediate","fill_in_blank","pudrir","None","None","No","No"," ends_in_ir gerundio high_irregularity irregular_verb pudrir regular_form "
"Hugo ha _____ (al profesor)","podrido","Intermediate","fill_in_blank","pudrir","None","None","No","No"," ends_in_ir high_irregularity irregular_form irregular_verb participio pudrir "
"⊙ Ahora mismo, ⊙yo _____ (al profesor)","pudro","Elementary","fill_in_blank","pudrir","None","None","No","No"," ends_in_ir high_irregularity irregular_verb presente pudrir regular_form yo "
"⊙ Ahora mismo, ⊙tú _____ (al profesor)","pudres","Elementary","fill_in_blank","pudrir","None","None","No","No"," ends_in_ir high_irregularity irregular_verb presente pudrir regular_form tú tú_vos "
"⊙ Ahora mismo, ⊙vos _____ (al profesor)","pudrís","Elementary","fill_in_blank","pudrir","None","None","No","No"," ends_in_ir high_irregularity irregular_verb presente pudrir regular_form tú_vos vos "
"⊙ Ahora mismo, ⊙él/ella/usted _____ (al profesor)","pudre","Elementary","fill_in_blank","pudrir","None","None","No","No"," ends_in_ir high_irregularity in_the_wild irregular_verb presente pudrir refrán regular_form él_ella_usted "
"⊙ Ahora mismo, ⊙nosotros _____ (al profesor)","pudrimos | podrimos","Elementary","fill_in_blank","pudrir","None","None","No","No"," ends_in_ir high_irregularity irregular_form irregular_verb nosotros presente pudrir "
"⊙ Ahora mismo, ⊙vosotros _____ (al profesor)","pudrís | podrís","Elementary","fill_in_blank","pudrir","None","None","No","No"," ends_in_ir high_irregularity irregular_form irregular_verb presente pudrir vosotros "
"⊙ Ahora mismo, ⊙ellos/ellas/ustedes _____ (al profesor)","pudren","Elementary","fill_in_blank","pudrir","None","None","No","No"," ellos_ellas_ustedes ends_in_ir high_irregularity irregular_verb presente pudrir regular_form "
"⇠ En esa época, a menudo, ⇠yo _____ (al profesor)","pudría | podría","Intermediate","fill_in_blank","pudrir","None","None","No","No"," ends_in_ir high_irregularity imperfecto irregular_form irregular_verb pudrir yo "
"⇠ En esa época, a menudo, ⇠tú/vos _____ (al profesor)","pudrías | podrías","Intermediate","fill_in_blank","pudrir","None","None","No","No"," ends_in_ir high_irregularity imperfecto irregular_form irregular_verb pudrir tú_vos "
"⇠ En esa época, a menudo, ⇠él/ella/usted _____ (al profesor)","pudría | podría","Intermediate","fill_in_blank","pudrir","None","None","No","No"," ends_in_ir high_irregularity imperfecto irregular_form irregular_verb pudrir él_ella_usted "
"⇠ En esa época, a menudo, ⇠nosotros _____ (al profesor)","pudríamos | podríamos","Intermediate","fill_in_blank","pudrir","None","None","No","No"," ends_in_ir high_irregularity imperfecto irregular_form irregular_verb nosotros pudrir "
"⇠ En esa época, a menudo, ⇠vosotros _____ (al profesor)","pudríais | podríais","Intermediate","fill_in_blank","pudrir","None","None","No","No"," ends_in_ir high_irregularity imperfecto irregular_form irregular_verb pudrir vosotros "
"⇠ En esa época, a menudo, ⇠ellos/ellas/ustedes _____ (al profesor)","pudrían | podrían","Intermediate","fill_in_blank","pudrir","None","None","No","No"," ellos_ellas_ustedes ends_in_ir high_irregularity imperfecto irregular_form irregular_verb pudrir "
"↧ En aquel momento ↧yo _____ (al profesor)","pudrí | podrí","Intermediate","fill_in_blank","pudrir","None","None","No","No"," ends_in_ir high_irregularity indefinido irregular_form irregular_verb pudrir yo "
"↧ En aquel momento ↧tú/vos _____ (al profesor)","pudriste | podriste","Intermediate","fill_in_blank","pudrir","None","None","No","No"," ends_in_ir high_irregularity indefinido irregular_form irregular_verb pudrir tú_vos "
"↧ En aquel momento ↧él/ella/usted _____ (al profesor)","pudrió | podrió","Intermediate","fill_in_blank","pudrir","None","None","No","No"," ends_in_ir high_irregularity indefinido irregular_form irregular_verb pudrir él_ella_usted "
"↧ En aquel momento ↧nosotros _____ (al profesor)","pudrimos | podrimos","Intermediate","fill_in_blank","pudrir","None","None","No","No"," ends_in_ir high_irregularity indefinido irregular_form irregular_verb nosotros pudrir "
"↧ En aquel momento ↧vosotros _____ (al profesor)","pudristeis | podristeis","Intermediate","fill_in_blank","pudrir","None","None","No","No"," ends_in_ir high_irregularity indefinido irregular_form irregular_verb pudrir vosotros "
"↧ En aquel momento ↧ellos/ellas/ustedes _____ (al profesor)","pudrieron | podrieron","Intermediate","fill_in_blank","pudrir","None","None","No","No"," ellos_ellas_ustedes ends_in_ir high_irregularity indefinido irregular_form irregular_verb pudrir "
"→ En el futuro, →yo _____ (al profesor)","pudriré | podriré","Intermediate","fill_in_blank","pudrir","None","None","No","No"," ends_in_ir futuro high_irregularity irregular_form irregular_verb pudrir yo "
"→ En el futuro, →tú/vos _____ (al profesor)","pudrirás | podrirás","Intermediate","fill_in_blank","pudrir","None","None","No","No"," ends_in_ir futuro high_irregularity irregular_form irregular_verb pudrir tú_vos "
"→ En el futuro, →él/ella/usted _____ (al profesor)","pudrirá | podrirá","Intermediate","fill_in_blank","pudrir","None","None","No","No"," ends_in_ir futuro high_irregularity irregular_form irregular_verb pudrir él_ella_usted "
"→ En el futuro, →nosotros _____ (al profesor)","pudriremos | podriremos","Intermediate","fill_in_blank","pudrir","None","None","No","No"," ends_in_ir futuro high_irregularity irregular_form irregular_verb nosotros pudrir "
"→ En el futuro, →vosotros _____ (al profesor)","pudriréis | podriréis","Intermediate","fill_in_blank","pudrir","None","None","No","No"," ends_in_ir futuro high_irregularity irregular_form irregular_verb pudrir vosotros "
"→ En el futuro, →ellos/ellas/ustedes _____ (al profesor)","pudrirán | podrirán","Intermediate","fill_in_blank","pudrir","None","None","No","No"," ellos_ellas_ustedes ends_in_ir futuro high_irregularity irregular_form irregular_verb pudrir "
"… Si ocurriese esto, …yo _____ (al profesor)","pudriría | podriría","Intermediate","fill_in_blank","pudrir","None","None","No","No"," condicional ends_in_ir high_irregularity irregular_form irregular_verb pudrir yo "
"… Si sucediera esto, …tú/vos _____ (al profesor)","pudrirías | podrirías","Intermediate","fill_in_blank","pudrir","None","None","No","No"," condicional ends_in_ir high_irregularity irregular_form irregular_verb pudrir tú_vos "
"… Si acaeciera algo, …él/ella/usted _____ (al profesor)","pudriría | podriría","Intermediate","fill_in_blank","pudrir","None","None","No","No"," condicional ends_in_ir high_irregularity irregular_form irregular_verb pudrir él_ella_usted "
"… Si pasara algo, …nosotros _____ (al profesor)","pudriríamos | podriríamos","Intermediate","fill_in_blank","pudrir","None","None","No","No"," condicional ends_in_ir high_irregularity irregular_form irregular_verb nosotros pudrir "
"… Si aconteciese esto, …vosotros _____ (al profesor)","pudriríais | podriríais","Intermediate","fill_in_blank","pudrir","None","None","No","No"," condicional ends_in_ir high_irregularity irregular_form irregular_verb pudrir vosotros "
"… Si se produjera esto, …ellos/ellas/ustedes _____ (al profesor)","pudrirían | podrirían","Intermediate","fill_in_blank","pudrir","None","None","No","No"," condicional ellos_ellas_ustedes ends_in_ir high_irregularity irregular_form irregular_verb pudrir "
"〰 Resulta divertido que 〰yo _____ (al profesor)","pudra","Elementary","fill_in_blank","pudrir","None","None","No","No"," ends_in_ir high_irregularity irregular_verb pudrir regular_form subjuntivo_presente yo "
"〰 Resulta divertido que 〰tú/vos _____ (al profesor)","pudras","Elementary","fill_in_blank","pudrir","None","None","No","No"," ends_in_ir high_irregularity irregular_verb pudrir regular_form subjuntivo_presente tú_vos "
"〰 Resulta divertido que 〰él/ella/usted _____ (al profesor)","pudra","Elementary","fill_in_blank","pudrir","None","None","No","No"," ends_in_ir high_irregularity irregular_verb pudrir regular_form subjuntivo_presente él_ella_usted "
"〰 Resulta divertido que 〰nosotros _____ (al profesor)","pudramos","Elementary","fill_in_blank","pudrir","None","None","No","No"," ends_in_ir high_irregularity irregular_verb nosotros pudrir regular_form subjuntivo_presente "
"〰 Resulta divertido que 〰vosotros _____ (al profesor)","pudráis","Elementary","fill_in_blank","pudrir","None","None","No","No"," ends_in_ir high_irregularity irregular_verb pudrir regular_form subjuntivo_presente vosotros "
"〰 Resulta divertido que 〰ellos/ellas/ustedes _____ (al profesor)","pudran","Elementary","fill_in_blank","pudrir","None","None","No","No"," ellos_ellas_ustedes ends_in_ir high_irregularity irregular_verb pudrir regular_form subjuntivo_presente "
"↫ Fue sorprendente que ↫yo _____ (al profesor)","pudriera | pudriese","Advanced","fill_in_blank","pudrir","None","None","No","No"," ends_in_ir high_irregularity irregular_verb pudrir regular_form subjuntivo_pasado yo "
"↫ Fue sorprendente que ↫tú/vos _____ (al profesor)","pudrieras | pudrieses","Advanced","fill_in_blank","pudrir","None","None","No","No"," ends_in_ir high_irregularity irregular_verb pudrir regular_form subjuntivo_pasado tú_vos "
"↫ Fue sorprendente que ↫él/ella/usted _____ (al profesor)","pudriera | pudriese","Advanced","fill_in_blank","pudrir","None","None","No","No"," ends_in_ir high_irregularity irregular_verb pudrir regular_form subjuntivo_pasado él_ella_usted "
"↫ Fue sorprendente que ↫nosotros _____ (al profesor)","pudriéramos | pudriésemos","Advanced","fill_in_blank","pudrir","None","None","No","No"," ends_in_ir high_irregularity irregular_verb nosotros pudrir regular_form subjuntivo_pasado "
"↫ Fue sorprendente que ↫vosotros _____ (al profesor)","pudrierais | pudrieseis","Advanced","fill_in_blank","pudrir","None","None","No","No"," ends_in_ir high_irregularity irregular_verb pudrir regular_form subjuntivo_pasado vosotros "
"↫ Fue sorprendente que ↫ellos/ellas/ustedes _____ (al profesor)","pudrieran | pudriesen","Advanced","fill_in_blank","pudrir","None","None","No","No"," ellos_ellas_ustedes ends_in_ir high_irregularity irregular_verb pudrir regular_form subjuntivo_pasado "
"Hombre, por favor,¡ _____ (al profesor), ya !(tú)","pudre","Intermediate","fill_in_blank","pudrir","None","None","No","No"," ends_in_ir high_irregularity imperativo irregular_verb pudrir regular_form tú tú_vos "
"Hombre, por favor,¡ _____ (al profesor), ya !(vos)","pudrí | podrí","Intermediate","fill_in_blank","pudrir","None","None","No","No"," ends_in_ir high_irregularity imperativo irregular_form irregular_verb pudrir tú_vos vos "
"Mujer, por favor,¡ no _____ (al profesor) !(tú/vos)","pudras","Intermediate","fill_in_blank","pudrir","None","None","No","No"," ends_in_ir high_irregularity imperativo irregular_verb negative_imperativo pudrir regular_form tú_vos "
"Señora, por favor,¡ (que) _____ (al profesor), ya !(él/ella/usted)","pudra","Intermediate","fill_in_blank","pudrir","None","None","No","No"," ends_in_ir high_irregularity imperativo in_the_wild irregular_verb modismo pudrir regular_form él_ella_usted "
"Vámonos equipo, por favor,¡ (que) _____ (al profesor), ya !(nosotros)","pudramos","Intermediate","fill_in_blank","pudrir","None","None","No","No"," ends_in_ir high_irregularity imperativo irregular_verb nosotros pudrir regular_form "
"Tú y tú, por favor,¡ _____ (al profesor), ya !(vosotros)","pudrid | podrid","Intermediate","fill_in_blank","pudrir","None","None","No","No"," ends_in_ir high_irregularity imperativo irregular_form irregular_verb pudrir vosotros "
"Señores, por favor,¡ (que) _____ (al profesor), ya ! (ellos/ellas/ustedes)","pudran","Intermediate","fill_in_blank","pudrir","None","None","No","No"," ellos_ellas_ustedes ends_in_ir high_irregularity imperativo irregular_verb pudrir regular_form "
"↬ Si en un dudoso futuro ↬yo _____ así, ¡suerte!","pudriere","Advanced","fill_in_blank","pudrir","None","None","No","No"," ends_in_ir high_irregularity irregular_verb pudrir regular_form subjuntivo_futuro yo "
"↬ Si en un dudoso futuro ↬tú/vos _____ así, ¡suerte!","pudrieres","Advanced","fill_in_blank","pudrir","None","None","No","No"," ends_in_ir high_irregularity irregular_verb pudrir regular_form subjuntivo_futuro tú_vos "
"↬ Si en un dudoso futuro ↬él/ella/usted _____ así, ¡suerte!","pudriere","Advanced","fill_in_blank","pudrir","None","None","No","No"," ends_in_ir high_irregularity irregular_verb pudrir regular_form subjuntivo_futuro él_ella_usted "
"↬ Si en un dudoso futuro ↬nosotros _____ así, ¡suerte!","pudriéremos","Advanced","fill_in_blank","pudrir","None","None","No","No"," ends_in_ir high_irregularity irregular_verb nosotros pudrir regular_form subjuntivo_futuro "
"↬ Si en un dudoso futuro ↬vosotros _____ así, ¡suerte!","pudriereis","Advanced","fill_in_blank","pudrir","None","None","No","No"," ends_in_ir high_irregularity irregular_verb pudrir regular_form subjuntivo_futuro vosotros "
"↬ Si en un dudoso futuro ↬ellos/ellas/ustedes _____ así, ¡suerte!","pudrieren","Advanced","fill_in_blank","pudrir","None","None","No","No"," ellos_ellas_ustedes ends_in_ir high_irregularity irregular_verb pudrir regular_form subjuntivo_futuro "
"El verbo enél predicees _____","predecir","Advanced","fill_in_blank","None","None","None","No","No"," ends_in_ir extreme_irregularity in_the_wild infinitivo irregular_verb predecir refrán regular_form "
"Mientras estoy estudiando…ella está _____ (mi éxito)","prediciendo","Advanced","fill_in_blank","predecir","None","None","No","No"," ends_in_ir extreme_irregularity gerundio irregular_form irregular_verb predecir "
"Hugo ha _____ (el éxito de Susana)","predicho","Advanced","fill_in_blank","predecir","None","None","No","No"," ends_in_ir extreme_irregularity irregular_form irregular_verb participio predecir "
"⊙ Ahora mismo, ⊙yo _____ (las victorias del equipo)","predigo","Elementary","fill_in_blank","predecir","None","None","No","No"," ends_in_ir extreme_irregularity irregular_form irregular_verb predecir presente yo "
"⊙ Ahora mismo, ⊙tú _____ (las victorias del equipo)","predices","Elementary","fill_in_blank","predecir","None","None","No","No"," ends_in_ir extreme_irregularity in_the_wild irregular_form irregular_verb predecir presente refrán tú tú_vos "
"⊙ Ahora mismo, ⊙vos _____ (las victorias del equipo)","predecís","Elementary","fill_in_blank","predecir","None","None","No","No"," ends_in_ir extreme_irregularity irregular_verb predecir presente regular_form tú_vos vos "
"⊙ Ahora mismo, ⊙él/ella/usted _____ (las victorias del equipo)","predice","Elementary","fill_in_blank","predecir","None","None","No","No"," ends_in_ir extreme_irregularity irregular_form irregular_verb predecir presente él_ella_usted "
"⊙ Ahora mismo, ⊙nosotros _____ (las victorias del equipo)","predecimos","Elementary","fill_in_blank","predecir","None","None","No","No"," ends_in_ir extreme_irregularity irregular_verb nosotros predecir presente regular_form "
"⊙ Ahora mismo, ⊙vosotros _____ (las victorias del equipo)","predecís","Elementary","fill_in_blank","predecir","None","None","No","No"," ends_in_ir extreme_irregularity irregular_verb predecir presente regular_form vosotros "
"⊙ Ahora mismo, ⊙ellos/ellas/ustedes _____ (las victorias del equipo)","predicen","Elementary","fill_in_blank","predecir","None","None","No","No"," ellos_ellas_ustedes ends_in_ir extreme_irregularity irregular_form irregular_verb predecir presente "
"⇠ En esa época, a menudo, ⇠yo _____ (las victorias del equipo)","predecía","Advanced","fill_in_blank","predecir","None","None","No","No"," ends_in_ir extreme_irregularity imperfecto irregular_verb predecir regular_form yo "
"⇠ En esa época, a menudo, ⇠tú/vos _____ (las victorias del equipo)","predecías","Advanced","fill_in_blank","predecir","None","None","No","No"," ends_in_ir extreme_irregularity imperfecto irregular_verb predecir regular_form tú_vos "
"⇠ En esa época, a menudo, ⇠él/ella/usted _____ (las victorias del equipo)","predecía","Advanced","fill_in_blank","predecir","None","None","No","No"," ends_in_ir extreme_irregularity imperfecto irregular_verb predecir regular_form él_ella_usted "
"⇠ En esa época, a menudo, ⇠nosotros _____ (las victorias del equipo)","predecíamos","Advanced","fill_in_blank","predecir","None","None","No","No"," ends_in_ir extreme_irregularity imperfecto irregular_verb nosotros predecir regular_form "
"⇠ En esa época, a menudo, ⇠vosotros _____ (las victorias del equipo)","predecíais","Advanced","fill_in_blank","predecir","None","None","No","No"," ends_in_ir extreme_irregularity imperfecto irregular_verb predecir regular_form vosotros "
"⇠ En esa época, a menudo, ⇠ellos/ellas/ustedes _____ (las victorias del equipo)","predecían","Advanced","fill_in_blank","predecir","None","None","No","No"," ellos_ellas_ustedes ends_in_ir extreme_irregularity imperfecto irregular_verb predecir regular_form "
"↧ En aquel momento ↧yo _____ (las victorias del equipo)","predije","Advanced","fill_in_blank","predecir","None","None","No","No"," ends_in_ir extreme_irregularity indefinido irregular_form irregular_verb predecir yo "
"↧ En aquel momento ↧tú/vos _____ (las victorias del equipo)","predijiste","Advanced","fill_in_blank","predecir","None","None","No","No"," ends_in_ir extreme_irregularity indefinido irregular_form irregular_verb predecir tú_vos "
"↧ En aquel momento ↧él/ella/usted _____ (las victorias del equipo)","predijo","Advanced","fill_in_blank","predecir","None","None","No","No"," ends_in_ir extreme_irregularity indefinido irregular_form irregular_verb predecir él_ella_usted "
"↧ En aquel momento ↧nosotros _____ (las victorias del equipo)","predijimos","Advanced","fill_in_blank","predecir","None","None","No","No"," ends_in_ir extreme_irregularity indefinido irregular_form irregular_verb nosotros predecir "
"↧ En aquel momento ↧vosotros _____ (las victorias del equipo)","predijisteis","Advanced","fill_in_blank","predecir","None","None","No","No"," ends_in_ir extreme_irregularity indefinido irregular_form irregular_verb predecir vosotros "
"↧ En aquel momento ↧ellos/ellas/ustedes _____ (las victorias del equipo)","predijeron","Advanced","fill_in_blank","predecir","None","None","No","No"," ellos_ellas_ustedes ends_in_ir extreme_irregularity indefinido irregular_form irregular_verb predecir "
"→ En el futuro, →yo _____ (las victorias del equipo)","predeciré | prediré","Advanced","fill_in_blank","predecir","None","None","No","No"," ends_in_ir extreme_irregularity futuro irregular_form irregular_verb predecir yo "
"→ En el futuro, →tú/vos _____ (las victorias del equipo)","predecirás | predirás","Advanced","fill_in_blank","predecir","None","None","No","No"," ends_in_ir extreme_irregularity futuro irregular_form irregular_verb predecir tú_vos "
"→ En el futuro, →él/ella/usted _____ (las victorias del equipo)","predecirá | predirá","Advanced","fill_in_blank","predecir","None","None","No","No"," ends_in_ir extreme_irregularity futuro irregular_form irregular_verb predecir él_ella_usted "
"→ En el futuro, →nosotros _____ (las victorias del equipo)","predeciremos | prediremos","Advanced","fill_in_blank","predecir","None","None","No","No"," ends_in_ir extreme_irregularity futuro irregular_form irregular_verb nosotros predecir "
"→ En el futuro, →vosotros _____ (las victorias del equipo)","predeciréis | prediréis","Advanced","fill_in_blank","predecir","None","None","No","No"," ends_in_ir extreme_irregularity futuro irregular_form irregular_verb predecir vosotros "
"→ En el futuro, →ellos/ellas/ustedes _____ (las victorias del equipo)","predecirán | predirán","Advanced","fill_in_blank","predecir","None","None","No","No"," ellos_ellas_ustedes ends_in_ir extreme_irregularity futuro irregular_form irregular_verb predecir "
"… Si ocurriese esto, …yo _____ (las victorias del equipo)","predeciría | prediría","Advanced","fill_in_blank","predecir","None","None","No","No"," condicional ends_in_ir extreme_irregularity irregular_form irregular_verb predecir yo "
"… Si sucediera esto, …tú/vos _____ (las victorias del equipo)","predecirías | predirías","Advanced","fill_in_blank","predecir","None","None","No","No"," condicional ends_in_ir extreme_irregularity irregular_form irregular_verb predecir tú_vos "
"… Si acaeciera algo, …él/ella/usted _____ (las victorias del equipo)","predeciría | prediría","Advanced","fill_in_blank","predecir","None","None","No","No"," condicional ends_in_ir extreme_irregularity irregular_form irregular_verb predecir él_ella_usted "
"… Si pasara algo, …nosotros _____ (las victorias del equipo)","predeciríamos | prediríamos","Advanced","fill_in_blank","predecir","None","None","No","No"," condicional ends_in_ir extreme_irregularity irregular_form irregular_verb nosotros predecir "
"… Si aconteciese esto, …vosotros _____ (las victorias del equipo)","predeciríais | prediríais","Advanced","fill_in_blank","predecir","None","None","No","No"," condicional ends_in_ir extreme_irregularity irregular_form irregular_verb predecir vosotros "
"… Si se produjera esto, …ellos/ellas/ustedes _____ (las victorias del equipo)","predecirían | predirían","Advanced","fill_in_blank","predecir","None","None","No","No"," condicional ellos_ellas_ustedes ends_in_ir extreme_irregularity irregular_form irregular_verb predecir "
"〰 Resulta divertido que 〰yo _____ (las victorias del equipo)","prediga","Elementary","fill_in_blank","predecir","None","None","No","No"," ends_in_ir extreme_irregularity irregular_form irregular_verb predecir subjuntivo_presente yo "
"〰 Resulta divertido que 〰tú/vos _____ (las victorias del equipo)","predigas","Elementary","fill_in_blank","predecir","None","None","No","No"," ends_in_ir extreme_irregularity irregular_form irregular_verb predecir subjuntivo_presente tú_vos "
"〰 Resulta divertido que 〰él/ella/usted _____ (las victorias del equipo)","prediga","Elementary","fill_in_blank","predecir","None","None","No","No"," ends_in_ir extreme_irregularity irregular_form irregular_verb predecir subjuntivo_presente él_ella_usted "
"〰 Resulta divertido que 〰nosotros _____ (las victorias del equipo)","predigamos","Elementary","fill_in_blank","predecir","None","None","No","No"," ends_in_ir extreme_irregularity irregular_form irregular_verb nosotros predecir subjuntivo_presente "
"〰 Resulta divertido que 〰vosotros _____ (las victorias del equipo)","predigáis","Elementary","fill_in_blank","predecir","None","None","No","No"," ends_in_ir extreme_irregularity irregular_form irregular_verb predecir subjuntivo_presente vosotros "
"〰 Resulta divertido que 〰ellos/ellas/ustedes _____ (las victorias del equipo)","predigan","Elementary","fill_in_blank","predecir","None","None","No","No"," ellos_ellas_ustedes ends_in_ir extreme_irregularity irregular_form irregular_verb predecir subjuntivo_presente "
"↫ Fue sorprendente que ↫yo _____ (las victorias del equipo)","predijera | predijese","Advanced","fill_in_blank","predecir","None","None","No","No"," ends_in_ir extreme_irregularity irregular_form irregular_verb predecir subjuntivo_pasado yo "
"↫ Fue sorprendente que ↫tú/vos _____ (las victorias del equipo)","predijeras | predijeses","Advanced","fill_in_blank","predecir","None","None","No","No"," ends_in_ir extreme_irregularity irregular_form irregular_verb predecir subjuntivo_pasado tú_vos "
"↫ Fue sorprendente que ↫él/ella/usted _____ (las victorias del equipo)","predijera | predijese","Advanced","fill_in_blank","predecir","None","None","No","No"," ends_in_ir extreme_irregularity irregular_form irregular_verb predecir subjuntivo_pasado él_ella_usted "
"↫ Fue sorprendente que ↫nosotros _____ (las victorias del equipo)","predijéramos | predijésemos","Advanced","fill_in_blank","predecir","None","None","No","No"," ends_in_ir extreme_irregularity irregular_form irregular_verb nosotros predecir subjuntivo_pasado "
"↫ Fue sorprendente que ↫vosotros _____ (las victorias del equipo)","predijerais | predijeseis","Advanced","fill_in_blank","predecir","None","None","No","No"," ends_in_ir extreme_irregularity irregular_form irregular_verb predecir subjuntivo_pasado vosotros "
"↫ Fue sorprendente que ↫ellos/ellas/ustedes _____ (las victorias del equipo)","predijeran | predijesen","Advanced","fill_in_blank","predecir","None","None","No","No"," ellos_ellas_ustedes ends_in_ir extreme_irregularity irregular_form irregular_verb predecir subjuntivo_pasado "
"Hombre, por favor,¡ _____ (el resultado), ya !(tú)","predice","Advanced","fill_in_blank","predecir","None","None","No","No"," ends_in_ir extreme_irregularity imperativo irregular_form irregular_verb predecir tú tú_vos "
"Hombre, por favor,¡ _____ (el resultado), ya !(vos)","predecí","Advanced","fill_in_blank","predecir","None","None","No","No"," ends_in_ir extreme_irregularity imperativo irregular_verb predecir regular_form tú_vos vos "
"Mujer, por favor,¡ no _____ (su derrota) !(tú/vos)","predigas","Advanced","fill_in_blank","predecir","None","None","No","No"," ends_in_ir extreme_irregularity imperativo irregular_form irregular_verb negative_imperativo predecir tú_vos "
"Señora, por favor,¡ (que) _____ (el resultado), ya !(él/ella/usted)","prediga","Advanced","fill_in_blank","predecir","None","None","No","No"," ends_in_ir extreme_irregularity imperativo irregular_form irregular_verb predecir él_ella_usted "
"Vámonos equipo, por favor,¡ (que) _____ (el resultado), ya !(nosotros)","predigamos","Advanced","fill_in_blank","predecir","None","None","No","No"," ends_in_ir extreme_irregularity imperativo irregular_form irregular_verb nosotros predecir "
"Tú y tú, por favor,¡ _____ (el resultado), ya !(vosotros)","predecid","Advanced","fill_in_blank","predecir","None","None","No","No"," ends_in_ir extreme_irregularity imperativo irregular_verb predecir regular_form vosotros "
"Señores, por favor,¡ (que) _____ (el resultado), ya ! (ellos/ellas/ustedes)","predigan","Advanced","fill_in_blank","predecir","None","None","No","No"," ellos_ellas_ustedes ends_in_ir extreme_irregularity imperativo irregular_form irregular_verb predecir "
"↬ Si en un dudoso futuro ↬yo lo _____, ¡suerte!","predijere","Advanced","fill_in_blank","predecir","None","None","No","No"," ends_in_ir extreme_irregularity irregular_form irregular_verb predecir subjuntivo_futuro yo "
"↬ Si en un dudoso futuro ↬tú/vos lo _____, ¡suerte!","predijeres","Advanced","fill_in_blank","predecir","None","None","No","No"," ends_in_ir extreme_irregularity irregular_form irregular_verb predecir subjuntivo_futuro tú_vos "
"↬ Si en un dudoso futuro ↬él/ella/usted lo _____, ¡suerte!","predijere","Advanced","fill_in_blank","predecir","None","None","No","No"," ends_in_ir extreme_irregularity irregular_form irregular_verb predecir subjuntivo_futuro él_ella_usted "
"↬ Si en un dudoso futuro ↬nosotros lo _____, ¡suerte!","predijéremos","Advanced","fill_in_blank","predecir","None","None","No","No"," ends_in_ir extreme_irregularity irregular_form irregular_verb nosotros predecir subjuntivo_futuro "
"↬ Si en un dudoso futuro ↬vosotros lo _____, ¡suerte!","predijereis","Advanced","fill_in_blank","predecir","None","None","No","No"," ends_in_ir extreme_irregularity irregular_form irregular_verb predecir subjuntivo_futuro vosotros "
"↬ Si en un dudoso futuro ↬ellos/ellas/ustedes lo _____, ¡suerte!","predijeren","Advanced","fill_in_blank","predecir","None","None","No","No"," ellos_ellas_ustedes ends_in_ir extreme_irregularity irregular_form irregular_verb predecir subjuntivo_futuro "
"El verbo enél yacees _____","yacer","Intermediate","fill_in_blank","None","None","None","No","No"," ends_in_er infinitivo irregular_verb low_irregularity regular_form yacer "
"Mientras estoy estudiando…ella está _____ (en el sofá)","yaciendo","Intermediate","fill_in_blank","yacer","None","None","No","No"," ends_in_er gerundio irregular_verb low_irregularity regular_form yacer "
"Hugo ha _____ (en el sofá)","yacido","Intermediate","fill_in_blank","yacer","None","None","No","No"," ends_in_er irregular_verb low_irregularity participio regular_form yacer "
"⊙ Ahora mismo, ⊙yo _____ (en el sofá)","yazco | yazgo | yago","Elementary","fill_in_blank","yacer","None","None","No","No"," ends_in_er irregular_form irregular_verb low_irregularity presente yacer yo "
"⊙ Ahora mismo, ⊙tú _____ (en el sofá)","yaces","Elementary","fill_in_blank","yacer","None","None","No","No"," ends_in_er irregular_verb low_irregularity presente regular_form tú tú_vos yacer "
"⊙ Ahora mismo, ⊙vos _____ (en el sofá)","yacés","Elementary","fill_in_blank","yacer","None","None","No","No"," ends_in_er irregular_verb low_irregularity presente regular_form tú_vos vos yacer "
"⊙ Ahora mismo, ⊙él/ella/usted _____ (en el sofá)","yace","Elementary","fill_in_blank","yacer","None","None","No","No"," ends_in_er irregular_verb low_irregularity presente regular_form yacer él_ella_usted "
"⊙ Ahora mismo, ⊙nosotros _____ (en el sofá)","yacemos","Elementary","fill_in_blank","yacer","None","None","No","No"," ends_in_er irregular_verb low_irregularity nosotros presente regular_form yacer "
"⊙ Ahora mismo, ⊙vosotros _____ (en el sofá)","yacéis","Elementary","fill_in_blank","yacer","None","None","No","No"," ends_in_er irregular_verb low_irregularity presente regular_form vosotros yacer "
"⊙ Ahora mismo, ⊙ellos/ellas/ustedes _____ (en el sofá)","yacen","Elementary","fill_in_blank","yacer","None","None","No","No"," ellos_ellas_ustedes ends_in_er irregular_verb low_irregularity presente regular_form yacer "
"⇠ En esa época, a menudo, ⇠yo _____ (en el sofá)","yacía","Intermediate","fill_in_blank","yacer","None","None","No","No"," ends_in_er imperfecto irregular_verb low_irregularity regular_form yacer yo "
"⇠ En esa época, a menudo, ⇠tú/vos _____ (en el sofá)","yacías","Intermediate","fill_in_blank","yacer","None","None","No","No"," ends_in_er imperfecto irregular_verb low_irregularity regular_form tú_vos yacer "
"⇠ En esa época, a menudo, ⇠él/ella/usted _____ (en el sofá)","yacía","Intermediate","fill_in_blank","yacer","None","None","No","No"," ends_in_er imperfecto irregular_verb low_irregularity regular_form yacer él_ella_usted "
"⇠ En esa época, a menudo, ⇠nosotros _____ (en el sofá)","yacíamos","Intermediate","fill_in_blank","yacer","None","None","No","No"," ends_in_er imperfecto irregular_verb low_irregularity nosotros regular_form yacer "
"⇠ En esa época, a menudo, ⇠vosotros _____ (en el sofá)","yacíais","Intermediate","fill_in_blank","yacer","None","None","No","No"," ends_in_er imperfecto irregular_verb low_irregularity regular_form vosotros yacer "
"⇠ En esa época, a menudo, ⇠ellos/ellas/ustedes _____ (en el sofá)","yacían","Intermediate","fill_in_blank","yacer","None","None","No","No"," ellos_ellas_ustedes ends_in_er imperfecto irregular_verb low_irregularity regular_form yacer "
"↧ En aquel momento ↧yo _____ (en el sofá)","yací","Intermediate","fill_in_blank","yacer","None","None","No","No"," ends_in_er indefinido irregular_verb low_irregularity regular_form yacer yo "
"↧ En aquel momento ↧tú/vos _____ (en el sofá)","yaciste","Intermediate","fill_in_blank","yacer","None","None","No","No"," ends_in_er indefinido irregular_verb low_irregularity regular_form tú_vos yacer "
"↧ En aquel momento ↧él/ella/usted _____ (en el sofá)","yació","Intermediate","fill_in_blank","yacer","None","None","No","No"," ends_in_er indefinido irregular_verb low_irregularity regular_form yacer él_ella_usted "
"↧ En aquel momento ↧nosotros _____ (en el sofá)","yacimos","Intermediate","fill_in_blank","yacer","None","None","No","No"," ends_in_er indefinido irregular_verb low_irregularity nosotros regular_form yacer "
"↧ En aquel momento ↧vosotros _____ (en el sofá)","yacisteis","Intermediate","fill_in_blank","yacer","None","None","No","No"," ends_in_er indefinido irregular_verb low_irregularity regular_form vosotros yacer "
"↧ En aquel momento ↧ellos/ellas/ustedes _____ (en el sofá)","yacieron","Intermediate","fill_in_blank","yacer","None","None","No","No"," ellos_ellas_ustedes ends_in_er indefinido irregular_verb low_irregularity regular_form yacer "
"→ En el futuro, →yo _____ (en el sofá)","yaceré","Intermediate","fill_in_blank","yacer","None","None","No","No"," ends_in_er futuro irregular_verb low_irregularity regular_form yacer yo "
"→ En el futuro, →tú/vos _____ (en el sofá)","yacerás","Intermediate","fill_in_blank","yacer","None","None","No","No"," ends_in_er futuro irregular_verb low_irregularity regular_form tú_vos yacer "
"→ En el futuro, →él/ella/usted _____ (en el sofá)","yacerá","Intermediate","fill_in_blank","yacer","None","None","No","No"," ends_in_er futuro irregular_verb low_irregularity regular_form yacer él_ella_usted "
"→ En el futuro, →nosotros _____ (en el sofá)","yaceremos","Intermediate","fill_in_blank","yacer","None","None","No","No"," ends_in_er futuro irregular_verb low_irregularity nosotros regular_form yacer "
"→ En el futuro, →vosotros _____ (en el sofá)","yaceréis","Intermediate","fill_in_blank","yacer","None","None","No","No"," ends_in_er futuro irregular_verb low_irregularity regular_form vosotros yacer "
"→ En el futuro, →ellos/ellas/ustedes _____ (en el sofá)","yacerán","Intermediate","fill_in_blank","yacer","None","None","No","No"," ellos_ellas_ustedes ends_in_er futuro irregular_verb low_irregularity regular_form yacer "
"… Si ocurriese esto, …yo _____ (en el sofá)","yacería","Intermediate","fill_in_blank","yacer","None","None","No","No"," condicional ends_in_er irregular_verb low_irregularity regular_form yacer yo "
"… Si sucediera esto, …tú/vos _____ (en el sofá)","yacerías","Intermediate","fill_in_blank","yacer","None","None","No","No"," condicional ends_in_er irregular_verb low_irregularity regular_form tú_vos yacer "
"… Si acaeciera algo, …él/ella/usted _____ (en el sofá)","yacería","Intermediate","fill_in_blank","yacer","None","None","No","No"," condicional ends_in_er irregular_verb low_irregularity regular_form yacer él_ella_usted "
"… Si pasara algo, …nosotros _____ (en el sofá)","yaceríamos","Intermediate","fill_in_blank","yacer","None","None","No","No"," condicional ends_in_er irregular_verb low_irregularity nosotros regular_form yacer "
"… Si aconteciese esto, …vosotros _____ (en el sofá)","yaceríais","Intermediate","fill_in_blank","yacer","None","None","No","No"," condicional ends_in_er irregular_verb low_irregularity regular_form vosotros yacer "
"… Si se produjera esto, …ellos/ellas/ustedes _____ (en el sofá)","yacerían","Intermediate","fill_in_blank","yacer","None","None","No","No"," condicional ellos_ellas_ustedes ends_in_er irregular_verb low_irregularity regular_form yacer "
"〰 Resulta divertido que 〰yo _____ (en el sofá)","yazca | yazga | yaga","Elementary","fill_in_blank","yacer","None","None","No","No"," ends_in_er irregular_form irregular_verb low_irregularity subjuntivo_presente yacer yo "
"〰 Resulta divertido que 〰tú/vos _____ (en el sofá)","yazcas | yazgas | yagas","Elementary","fill_in_blank","yacer","None","None","No","No"," ends_in_er irregular_form irregular_verb low_irregularity subjuntivo_presente tú_vos yacer "
"〰 Resulta divertido que 〰él/ella/usted _____ (en el sofá)","yazca | yazga | yaga","Elementary","fill_in_blank","yacer","None","None","No","No"," ends_in_er irregular_form irregular_verb low_irregularity subjuntivo_presente yacer él_ella_usted "
"〰 Resulta divertido que 〰nosotros _____ (en el sofá)","yazcamos | yazgamos | yagamos","Elementary","fill_in_blank","yacer","None","None","No","No"," ends_in_er irregular_form irregular_verb low_irregularity nosotros subjuntivo_presente yacer "
"〰 Resulta divertido que 〰vosotros _____ (en el sofá)","yazcáis | yazgáis | yagáis","Elementary","fill_in_blank","yacer","None","None","No","No"," ends_in_er irregular_form irregular_verb low_irregularity subjuntivo_presente vosotros yacer "
"〰 Resulta divertido que 〰ellos/ellas/ustedes _____ (en el sofá)","yazcan | yazgan | yagan","Elementary","fill_in_blank","yacer","None","None","No","No"," ellos_ellas_ustedes ends_in_er irregular_form irregular_verb low_irregularity subjuntivo_presente yacer "
"↫ Fue sorprendente que ↫yo _____ (en el sofá)","yaciera | yaciese","Advanced","fill_in_blank","yacer","None","None","No","No"," ends_in_er irregular_verb low_irregularity regular_form subjuntivo_pasado yacer yo "
"↫ Fue sorprendente que ↫tú/vos _____ (en el sofá)","yacieras | yacieses","Advanced","fill_in_blank","yacer","None","None","No","No"," ends_in_er irregular_verb low_irregularity regular_form subjuntivo_pasado tú_vos yacer "
"↫ Fue sorprendente que ↫él/ella/usted _____ (en el sofá)","yaciera | yaciese","Advanced","fill_in_blank","yacer","None","None","No","No"," ends_in_er irregular_verb low_irregularity regular_form subjuntivo_pasado yacer él_ella_usted "
"↫ Fue sorprendente que ↫nosotros _____ (en el sofá)","yaciéramos | yaciésemos","Advanced","fill_in_blank","yacer","None","None","No","No"," ends_in_er irregular_verb low_irregularity nosotros regular_form subjuntivo_pasado yacer "
"↫ Fue sorprendente que ↫vosotros _____ (en el sofá)","yacierais | yacieseis","Advanced","fill_in_blank","yacer","None","None","No","No"," ends_in_er irregular_verb low_irregularity regular_form subjuntivo_pasado vosotros yacer "
"↫ Fue sorprendente que ↫ellos/ellas/ustedes _____ (en el sofá)","yacieran | yaciesen","Advanced","fill_in_blank","yacer","None","None","No","No"," ellos_ellas_ustedes ends_in_er irregular_verb low_irregularity regular_form subjuntivo_pasado yacer "
"Hombre, por favor,¡ _____ (en el sofá), ya !(tú)","yace | yaz","Intermediate","fill_in_blank","yacer","None","None","No","No"," ends_in_er imperativo irregular_form irregular_verb low_irregularity tú tú_vos yacer "
"Hombre, por favor,¡ _____ (en el sofá), ya !(vos)","yacé","Intermediate","fill_in_blank","yacer","None","None","No","No"," ends_in_er imperativo irregular_verb low_irregularity regular_form tú_vos vos yacer "
"Mujer, por favor,¡ no _____ (en el sofá) !(tú/vos)","yazcas | yazgas | yagas","Intermediate","fill_in_blank","yacer","None","None","No","No"," ends_in_er imperativo irregular_form irregular_verb low_irregularity negative_imperativo tú_vos yacer "
"Señora, por favor,¡ (que) _____ (en el sofá), ya !(él/ella/usted)","yazca | yazga | yaga","Intermediate","fill_in_blank","yacer","None","None","No","No"," ends_in_er imperativo irregular_form irregular_verb low_irregularity yacer él_ella_usted "
"Vámonos equipo, por favor,¡ (que) _____ (en el sofá), ya !(nosotros)","yazcamos | yazgamos | yagamos","Intermediate","fill_in_blank","yacer","None","None","No","No"," ends_in_er imperativo irregular_form irregular_verb low_irregularity nosotros yacer "
"Tú y tú, por favor,¡ _____ (en el sofá), ya !(vosotros)","yaced","Intermediate","fill_in_blank","yacer","None","None","No","No"," ends_in_er imperativo irregular_verb low_irregularity regular_form vosotros yacer "
"Señores, por favor,¡ (que) _____ (en el sofá), ya ! (ellos/ellas/ustedes)","yazcan | yazgan | yagan","Intermediate","fill_in_blank","yacer","None","None","No","No"," ellos_ellas_ustedes ends_in_er imperativo irregular_form irregular_verb low_irregularity yacer "
"↬ Si en un dudoso futuro ↬yo _____ allí, ¡suerte!","yaciere","Advanced","fill_in_blank","yacer","None","None","No","No"," ends_in_er irregular_verb low_irregularity regular_form subjuntivo_futuro yacer yo "
"↬ Si en un dudoso futuro ↬tú/vos _____ allí, ¡suerte!","yacieres","Advanced","fill_in_blank","yacer","None","None","No","No"," ends_in_er irregular_verb low_irregularity regular_form subjuntivo_futuro tú_vos yacer "
"↬ Si en un dudoso futuro ↬él/ella/usted _____ allí, ¡suerte!","yaciere","Advanced","fill_in_blank","yacer","None","None","No","No"," ends_in_er irregular_verb low_irregularity regular_form subjuntivo_futuro yacer él_ella_usted "
"↬ Si en un dudoso futuro ↬nosotros _____ allí, ¡suerte!","yaciéremos","Advanced","fill_in_blank","yacer","None","None","No","No"," ends_in_er irregular_verb low_irregularity nosotros regular_form subjuntivo_futuro yacer "
"↬ Si en un dudoso futuro ↬vosotros _____ allí, ¡suerte!","yaciereis","Advanced","fill_in_blank","yacer","None","None","No","No"," ends_in_er irregular_verb low_irregularity regular_form subjuntivo_futuro vosotros yacer "
"↬ Si en un dudoso futuro ↬ellos/ellas/ustedes _____ allí, ¡suerte!","yacieren","Advanced","fill_in_blank","yacer","None","None","No","No"," ellos_ellas_ustedes ends_in_er irregular_verb low_irregularity regular_form subjuntivo_futuro yacer "
"El verbo enél yergue | irguees _____","erguir","Intermediate","fill_in_blank","None","None","None","No","No"," ends_in_ir erguir high_irregularity infinitivo irregular_verb regular_form "
"Mientras estoy estudiando…ella está _____ (un edificio)","irguiendo","Intermediate","fill_in_blank","erguir","None","None","No","No"," ends_in_ir erguir gerundio high_irregularity irregular_form irregular_verb "
"Hugo ha _____ (un edificio)","erguido","Intermediate","fill_in_blank","erguir","None","None","No","No"," ends_in_ir erguir high_irregularity irregular_verb participio regular_form "
"⊙ Ahora mismo, ⊙yo _____ (la cabeza)","yergo | irgo","Elementary","fill_in_blank","erguir","None","None","No","No"," ends_in_ir erguir high_irregularity irregular_form irregular_verb presente yo "
"⊙ Ahora mismo, ⊙tú _____ (la cabeza)","yergues | irgues","Elementary","fill_in_blank","erguir","None","None","No","No"," ends_in_ir erguir high_irregularity irregular_form irregular_verb presente tú tú_vos "
"⊙ Ahora mismo, ⊙vos _____ (la cabeza)","erguís","Elementary","fill_in_blank","erguir","None","None","No","No"," ends_in_ir erguir high_irregularity irregular_verb presente regular_form tú_vos vos "
"⊙ Ahora mismo, ⊙él/ella/usted _____ (la cabeza)","yergue | irgue","Elementary","fill_in_blank","erguir","None","None","No","No"," ends_in_ir erguir high_irregularity in_the_wild irregular_form irregular_verb modismo presente él_ella_usted "
"⊙ Ahora mismo, ⊙nosotros _____ (la cabeza)","erguimos","Elementary","fill_in_blank","erguir","None","None","No","No"," ends_in_ir erguir high_irregularity irregular_verb nosotros presente regular_form "
"⊙ Ahora mismo, ⊙vosotros _____ (la cabeza)","erguís","Elementary","fill_in_blank","erguir","None","None","No","No"," ends_in_ir erguir high_irregularity irregular_verb presente regular_form vosotros "
"⊙ Ahora mismo, ⊙ellos/ellas/ustedes _____ (la cabeza)","yerguen | irguen","Elementary","fill_in_blank","erguir","None","None","No","No"," ellos_ellas_ustedes ends_in_ir erguir high_irregularity irregular_form irregular_verb presente "
"⇠ En esa época, a menudo, ⇠yo _____ (la cabeza)","erguía","Intermediate","fill_in_blank","erguir","None","None","No","No"," ends_in_ir erguir high_irregularity imperfecto irregular_verb regular_form yo "
"⇠ En esa época, a menudo, ⇠tú/vos _____ (la cabeza)","erguías","Intermediate","fill_in_blank","erguir","None","None","No","No"," ends_in_ir erguir high_irregularity imperfecto irregular_verb regular_form tú_vos "
"⇠ En esa época, a menudo, ⇠él/ella/usted _____ (la cabeza)","erguía","Intermediate","fill_in_blank","erguir","None","None","No","No"," ends_in_ir erguir high_irregularity imperfecto irregular_verb regular_form él_ella_usted "
"⇠ En esa época, a menudo, ⇠nosotros _____ (la cabeza)","erguíamos","Intermediate","fill_in_blank","erguir","None","None","No","No"," ends_in_ir erguir high_irregularity imperfecto irregular_verb nosotros regular_form "
"⇠ En esa época, a menudo, ⇠vosotros _____ (la cabeza)","erguíais","Intermediate","fill_in_blank","erguir","None","None","No","No"," ends_in_ir erguir high_irregularity imperfecto irregular_verb regular_form vosotros "
"⇠ En esa época, a menudo, ⇠ellos/ellas/ustedes _____ (la cabeza)","erguían","Intermediate","fill_in_blank","erguir","None","None","No","No"," ellos_ellas_ustedes ends_in_ir erguir high_irregularity imperfecto irregular_verb regular_form "
"↧ En aquel momento ↧yo _____ (la cabeza)","erguí","Intermediate","fill_in_blank","erguir","None","None","No","No"," ends_in_ir erguir high_irregularity indefinido irregular_verb regular_form yo "
"↧ En aquel momento ↧tú/vos _____ (la cabeza)","erguiste","Intermediate","fill_in_blank","erguir","None","None","No","No"," ends_in_ir erguir high_irregularity indefinido irregular_verb regular_form tú_vos "
"↧ En aquel momento ↧él/ella/usted _____ (la cabeza)","irguió","Intermediate","fill_in_blank","erguir","None","None","No","No"," ends_in_ir erguir high_irregularity indefinido irregular_form irregular_verb él_ella_usted "
"↧ En aquel momento ↧nosotros _____ (la cabeza)","erguimos","Intermediate","fill_in_blank","erguir","None","None","No","No"," ends_in_ir erguir high_irregularity indefinido irregular_verb nosotros regular_form "
"↧ En aquel momento ↧vosotros _____ (la cabeza)","erguisteis","Intermediate","fill_in_blank","erguir","None","None","No","No"," ends_in_ir erguir high_irregularity indefinido irregular_verb regular_form vosotros "
"↧ En aquel momento ↧ellos/ellas/ustedes _____ (la cabeza)","irguieron","Intermediate","fill_in_blank","erguir","None","None","No","No"," ellos_ellas_ustedes ends_in_ir erguir high_irregularity indefinido irregular_form irregular_verb "
"→ En el futuro, →yo _____ (la cabeza)","erguiré","Intermediate","fill_in_blank","erguir","None","None","No","No"," ends_in_ir erguir futuro high_irregularity irregular_verb regular_form yo "
"→ En el futuro, →tú/vos _____ (la cabeza)","erguirás","Intermediate","fill_in_blank","erguir","None","None","No","No"," ends_in_ir erguir futuro high_irregularity irregular_verb regular_form tú_vos "
"→ En el futuro, →él/ella/usted _____ (la cabeza)","erguirá","Intermediate","fill_in_blank","erguir","None","None","No","No"," ends_in_ir erguir futuro high_irregularity irregular_verb regular_form él_ella_usted "
"→ En el futuro, →nosotros _____ (la cabeza)","erguiremos","Intermediate","fill_in_blank","erguir","None","None","No","No"," ends_in_ir erguir futuro high_irregularity irregular_verb nosotros regular_form "
"→ En el futuro, →vosotros _____ (la cabeza)","erguiréis","Intermediate","fill_in_blank","erguir","None","None","No","No"," ends_in_ir erguir futuro high_irregularity irregular_verb regular_form vosotros "
"→ En el futuro, →ellos/ellas/ustedes _____ (la cabeza)","erguirán","Intermediate","fill_in_blank","erguir","None","None","No","No"," ellos_ellas_ustedes ends_in_ir erguir futuro high_irregularity irregular_verb regular_form "
"… Si ocurriese esto, …yo _____ (la cabeza)","erguiría","Intermediate","fill_in_blank","erguir","None","None","No","No"," condicional ends_in_ir erguir high_irregularity irregular_verb regular_form yo "
"… Si sucediera esto, …tú/vos _____ (la cabeza)","erguirías","Intermediate","fill_in_blank","erguir","None","None","No","No"," condicional ends_in_ir erguir high_irregularity irregular_verb regular_form tú_vos "
"… Si acaeciera algo, …él/ella/usted _____ (la cabeza)","erguiría","Intermediate","fill_in_blank","erguir","None","None","No","No"," condicional ends_in_ir erguir high_irregularity irregular_verb regular_form él_ella_usted "
"… Si pasara algo, …nosotros _____ (la cabeza)","erguiríamos","Intermediate","fill_in_blank","erguir","None","None","No","No"," condicional ends_in_ir erguir high_irregularity irregular_verb nosotros regular_form "
"… Si aconteciese esto, …vosotros _____ (la cabeza)","erguiríais","Intermediate","fill_in_blank","erguir","None","None","No","No"," condicional ends_in_ir erguir high_irregularity irregular_verb regular_form vosotros "
"… Si se produjera esto, …ellos/ellas/ustedes _____ (la cabeza)","erguirían","Intermediate","fill_in_blank","erguir","None","None","No","No"," condicional ellos_ellas_ustedes ends_in_ir erguir high_irregularity irregular_verb regular_form "
"〰 Resulta divertido que 〰yo _____ (la cabeza)","yerga | irga","Elementary","fill_in_blank","erguir","None","None","No","No"," ends_in_ir erguir high_irregularity irregular_form irregular_verb subjuntivo_presente yo "
"〰 Resulta divertido que 〰tú/vos _____ (la cabeza)","yergas | irgas","Elementary","fill_in_blank","erguir","None","None","No","No"," ends_in_ir erguir high_irregularity irregular_form irregular_verb subjuntivo_presente tú_vos "
"〰 Resulta divertido que 〰él/ella/usted _____ (la cabeza)","yerga | irga","Elementary","fill_in_blank","erguir","None","None","No","No"," ends_in_ir erguir high_irregularity irregular_form irregular_verb subjuntivo_presente él_ella_usted "
"〰 Resulta divertido que 〰nosotros _____ (la cabeza)","irgamos | yergamos","Elementary","fill_in_blank","erguir","None","None","No","No"," ends_in_ir erguir high_irregularity irregular_form irregular_verb nosotros subjuntivo_presente "
"〰 Resulta divertido que 〰vosotros _____ (la cabeza)","irgáis | yergáis","Elementary","fill_in_blank","erguir","None","None","No","No"," ends_in_ir erguir high_irregularity irregular_form irregular_verb subjuntivo_presente vosotros "
"〰 Resulta divertido que 〰ellos/ellas/ustedes _____ (la cabeza)","yergan | irgan","Elementary","fill_in_blank","erguir","None","None","No","No"," ellos_ellas_ustedes ends_in_ir erguir high_irregularity irregular_form irregular_verb subjuntivo_presente "
"↫ Fue sorprendente que ↫yo _____ (la cabeza)","irguiera | irguiese","Advanced","fill_in_blank","erguir","None","None","No","No"," ends_in_ir erguir high_irregularity irregular_form irregular_verb subjuntivo_pasado yo "
"↫ Fue sorprendente que ↫tú/vos _____ (la cabeza)","irguieras | irguieses","Advanced","fill_in_blank","erguir","None","None","No","No"," ends_in_ir erguir high_irregularity irregular_form irregular_verb subjuntivo_pasado tú_vos "
"↫ Fue sorprendente que ↫él/ella/usted _____ (la cabeza)","irguiera | irguiese","Advanced","fill_in_blank","erguir","None","None","No","No"," ends_in_ir erguir high_irregularity irregular_form irregular_verb subjuntivo_pasado él_ella_usted "
"↫ Fue sorprendente que ↫nosotros _____ (la cabeza)","irguiéramos | irguiésemos","Advanced","fill_in_blank","erguir","None","None","No","No"," ends_in_ir erguir high_irregularity irregular_form irregular_verb nosotros subjuntivo_pasado "
"↫ Fue sorprendente que ↫vosotros _____ (la cabeza)","irguierais | irguieseis","Advanced","fill_in_blank","erguir","None","None","No","No"," ends_in_ir erguir high_irregularity irregular_form irregular_verb subjuntivo_pasado vosotros "
"↫ Fue sorprendente que ↫ellos/ellas/ustedes _____ (la cabeza)","irguieran | irguiesen","Advanced","fill_in_blank","erguir","None","None","No","No"," ellos_ellas_ustedes ends_in_ir erguir high_irregularity irregular_form irregular_verb subjuntivo_pasado "
"Hombre, por favor,¡ _____ (la cabeza), ya !(tú)","yergue | irgue","Intermediate","fill_in_blank","erguir","None","None","No","No"," ends_in_ir erguir high_irregularity imperativo irregular_form irregular_verb tú tú_vos "
"Hombre, por favor,¡ _____ (la cabeza), ya !(vos)","erguí","Intermediate","fill_in_blank","erguir","None","None","No","No"," ends_in_ir erguir high_irregularity imperativo irregular_verb regular_form tú_vos vos "
"Mujer, por favor,¡ no _____ (la cabeza) !(tú/vos)","yergas | irgas","Intermediate","fill_in_blank","erguir","None","None","No","No"," ends_in_ir erguir high_irregularity imperativo irregular_form irregular_verb negative_imperativo tú_vos "
"Señora, por favor,¡ (que) _____ (la cabeza), ya !(él/ella/usted)","yerga | irga","Intermediate","fill_in_blank","erguir","None","None","No","No"," ends_in_ir erguir high_irregularity imperativo irregular_form irregular_verb él_ella_usted "
"Vámonos equipo, por favor,¡ (que) _____ (la cabeza), ya !(nosotros)","irgamos | yergamos","Intermediate","fill_in_blank","erguir","None","None","No","No"," ends_in_ir erguir high_irregularity imperativo irregular_form irregular_verb nosotros "
"Tú y tú, por favor,¡ _____ (la cabeza), ya !(vosotros)","erguid","Intermediate","fill_in_blank","erguir","None","None","No","No"," ends_in_ir erguir high_irregularity imperativo irregular_verb regular_form vosotros "
"Señores, por favor,¡ (que) _____ (la cabeza), ya ! (ellos/ellas/ustedes)","yergan | irgan","Intermediate","fill_in_blank","erguir","None","None","No","No"," ellos_ellas_ustedes ends_in_ir erguir high_irregularity imperativo irregular_form irregular_verb "
"↬ Si en un dudoso futuro ↬yo lo _____, ¡suerte!","irguiere","Advanced","fill_in_blank","erguir","None","None","No","No"," ends_in_ir erguir high_irregularity irregular_form irregular_verb subjuntivo_futuro yo "
"↬ Si en un dudoso futuro ↬tú/vos lo _____, ¡suerte!","irguieres","Advanced","fill_in_blank","erguir","None","None","No","No"," ends_in_ir erguir high_irregularity irregular_form irregular_verb subjuntivo_futuro tú_vos "
"↬ Si en un dudoso futuro ↬él/ella/usted lo _____, ¡suerte!","irguiere","Advanced","fill_in_blank","erguir","None","None","No","No"," ends_in_ir erguir high_irregularity irregular_form irregular_verb subjuntivo_futuro él_ella_usted "
"↬ Si en un dudoso futuro ↬nosotros lo _____, ¡suerte!","irguiéremos","Advanced","fill_in_blank","erguir","None","None","No","No"," ends_in_ir erguir high_irregularity irregular_form irregular_verb nosotros subjuntivo_futuro "
"↬ Si en un dudoso futuro ↬vosotros lo _____, ¡suerte!","irguiereis","Advanced","fill_in_blank","erguir","None","None","No","No"," ends_in_ir erguir high_irregularity irregular_form irregular_verb subjuntivo_futuro vosotros "
"↬ Si en un dudoso futuro ↬ellos/ellas/ustedes lo _____, ¡suerte!","irguieren","Advanced","fill_in_blank","erguir","None","None","No","No"," ellos_ellas_ustedes ends_in_ir erguir high_irregularity irregular_form irregular_verb subjuntivo_futuro "
"El verbo enél aúnaes _____","aunar","Intermediate","fill_in_blank","None","None","None","No","No"," aunar ends_in_ar infinitivo irregular_verb low_irregularity regular_form "
"Mientras estoy estudiando…la comunidad se está _____","aunando","Intermediate","fill_in_blank","aunar","None","None","No","No"," aunar ends_in_ar gerundio irregular_verb low_irregularity regular_form "
"Hugo ha _____ (el equipo en torno a su propuesta)","aunado","Intermediate","fill_in_blank","aunar","None","None","No","No"," aunar ends_in_ar irregular_verb low_irregularity participio regular_form "
"⊙ Ahora mismo, ⊙yo _____ (las voluntades de todos)","aúno","Elementary","fill_in_blank","aunar","None","None","No","No"," aunar ends_in_ar irregular_form irregular_verb low_irregularity presente yo "
"⊙ Ahora mismo, ⊙tú _____ (las voluntades de todos)","aúnas","Elementary","fill_in_blank","aunar","None","None","No","No"," aunar ends_in_ar irregular_form irregular_verb low_irregularity presente tú tú_vos "
"⊙ Ahora mismo, ⊙vos _____ (las voluntades de todos)","aunás","Elementary","fill_in_blank","aunar","None","None","No","No"," aunar ends_in_ar irregular_verb low_irregularity presente regular_form tú_vos vos "
"⊙ Ahora mismo, ⊙él/ella/usted _____ (las voluntades de todos)","aúna","Elementary","fill_in_blank","aunar","None","None","No","No"," aunar ends_in_ar irregular_form irregular_verb low_irregularity presente él_ella_usted "
"⊙ Ahora mismo, ⊙nosotros _____ (las voluntades de todos)","aunamos","Elementary","fill_in_blank","aunar","None","None","No","No"," aunar ends_in_ar in_the_wild irregular_verb low_irregularity modismo nosotros presente regular_form "
"⊙ Ahora mismo, ⊙vosotros _____ (las voluntades de todos)","aunáis","Elementary","fill_in_blank","aunar","None","None","No","No"," aunar ends_in_ar irregular_verb low_irregularity presente regular_form vosotros "
"⊙ Ahora mismo, ⊙ellos/ellas/ustedes _____ (las voluntades de todos)","aúnan","Elementary","fill_in_blank","aunar","None","None","No","No"," aunar ellos_ellas_ustedes ends_in_ar irregular_form irregular_verb low_irregularity presente "
"⇠ En esa época, a menudo, ⇠yo _____ (las voluntades de todos)","aunaba","Intermediate","fill_in_blank","aunar","None","None","No","No"," aunar ends_in_ar imperfecto irregular_verb low_irregularity regular_form yo "
"⇠ En esa época, a menudo, ⇠tú/vos _____ (las voluntades de todos)","aunabas","Intermediate","fill_in_blank","aunar","None","None","No","No"," aunar ends_in_ar imperfecto irregular_verb low_irregularity regular_form tú_vos "
"⇠ En esa época, a menudo, ⇠él/ella/usted _____ (las voluntades de todos)","aunaba","Intermediate","fill_in_blank","aunar","None","None","No","No"," aunar ends_in_ar imperfecto irregular_verb low_irregularity regular_form él_ella_usted "
"⇠ En esa época, a menudo, ⇠nosotros _____ (las voluntades de todos)","aunábamos","Intermediate","fill_in_blank","aunar","None","None","No","No"," aunar ends_in_ar imperfecto irregular_verb low_irregularity nosotros regular_form "
"⇠ En esa época, a menudo, ⇠vosotros _____ (las voluntades de todos)","aunabais","Intermediate","fill_in_blank","aunar","None","None","No","No"," aunar ends_in_ar imperfecto irregular_verb low_irregularity regular_form vosotros "
"⇠ En esa época, a menudo, ⇠ellos/ellas/ustedes _____ (las voluntades de todos)","aunaban","Intermediate","fill_in_blank","aunar","None","None","No","No"," aunar ellos_ellas_ustedes ends_in_ar imperfecto irregular_verb low_irregularity regular_form "
"↧ En aquel momento ↧yo _____ (las voluntades de todos)","auné","Intermediate","fill_in_blank","aunar","None","None","No","No"," aunar ends_in_ar indefinido irregular_verb low_irregularity regular_form yo "
"↧ En aquel momento ↧tú/vos _____ (las voluntades de todos)","aunaste","Intermediate","fill_in_blank","aunar","None","None","No","No"," aunar ends_in_ar indefinido irregular_verb low_irregularity regular_form tú_vos "
"↧ En aquel momento ↧él/ella/usted _____ (las voluntades de todos)","aunó","Intermediate","fill_in_blank","aunar","None","None","No","No"," aunar ends_in_ar indefinido irregular_verb low_irregularity regular_form él_ella_usted "
"↧ En aquel momento ↧nosotros _____ (las voluntades de todos)","aunamos","Intermediate","fill_in_blank","aunar","None","None","No","No"," aunar ends_in_ar indefinido irregular_verb low_irregularity nosotros regular_form "
"↧ En aquel momento ↧vosotros _____ (las voluntades de todos)","aunasteis","Intermediate","fill_in_blank","aunar","None","None","No","No"," aunar ends_in_ar indefinido irregular_verb low_irregularity regular_form vosotros "
"↧ En aquel momento ↧ellos/ellas/ustedes _____ (las voluntades de todos)","aunaron","Intermediate","fill_in_blank","aunar","None","None","No","No"," aunar ellos_ellas_ustedes ends_in_ar indefinido irregular_verb low_irregularity regular_form "
"→ En el futuro, →yo _____ (las voluntades de todos)","aunaré","Intermediate","fill_in_blank","aunar","None","None","No","No"," aunar ends_in_ar futuro irregular_verb low_irregularity regular_form yo "
"→ En el futuro, →tú/vos _____ (las voluntades de todos)","aunarás","Intermediate","fill_in_blank","aunar","None","None","No","No"," aunar ends_in_ar futuro irregular_verb low_irregularity regular_form tú_vos "
"→ En el futuro, →él/ella/usted _____ (las voluntades de todos)","aunará","Intermediate","fill_in_blank","aunar","None","None","No","No"," aunar ends_in_ar futuro irregular_verb low_irregularity regular_form él_ella_usted "
"→ En el futuro, →nosotros _____ (las voluntades de todos)","aunaremos","Intermediate","fill_in_blank","aunar","None","None","No","No"," aunar ends_in_ar futuro irregular_verb low_irregularity nosotros regular_form "
"→ En el futuro, →vosotros _____ (las voluntades de todos)","aunaréis","Intermediate","fill_in_blank","aunar","None","None","No","No"," aunar ends_in_ar futuro irregular_verb low_irregularity regular_form vosotros "
"→ En el futuro, →ellos/ellas/ustedes _____ (las voluntades de todos)","aunarán","Intermediate","fill_in_blank","aunar","None","None","No","No"," aunar ellos_ellas_ustedes ends_in_ar futuro irregular_verb low_irregularity regular_form "
"… Si ocurriese esto, …yo _____ (las voluntades de todos)","aunaría","Intermediate","fill_in_blank","aunar","None","None","No","No"," aunar condicional ends_in_ar irregular_verb low_irregularity regular_form yo "
"… Si sucediera esto, …tú/vos _____ (las voluntades de todos)","aunarías","Intermediate","fill_in_blank","aunar","None","None","No","No"," aunar condicional ends_in_ar irregular_verb low_irregularity regular_form tú_vos "
"… Si acaeciera algo, …él/ella/usted _____ (las voluntades de todos)","aunaría","Intermediate","fill_in_blank","aunar","None","None","No","No"," aunar condicional ends_in_ar irregular_verb low_irregularity regular_form él_ella_usted "
"… Si pasara algo, …nosotros _____ (las voluntades de todos)","aunaríamos","Intermediate","fill_in_blank","aunar","None","None","No","No"," aunar condicional ends_in_ar irregular_verb low_irregularity nosotros regular_form "
"… Si aconteciese esto, …vosotros _____ (las voluntades de todos)","aunaríais","Intermediate","fill_in_blank","aunar","None","None","No","No"," aunar condicional ends_in_ar irregular_verb low_irregularity regular_form vosotros "
"… Si se produjera esto, …ellos/ellas/ustedes _____ (las voluntades de todos)","aunarían","Intermediate","fill_in_blank","aunar","None","None","No","No"," aunar condicional ellos_ellas_ustedes ends_in_ar irregular_verb low_irregularity regular_form "
"〰 Resulta divertido que 〰yo _____ (las voluntades de todos)","aúne","Elementary","fill_in_blank","aunar","None","None","No","No"," aunar ends_in_ar irregular_form irregular_verb low_irregularity subjuntivo_presente yo "
"〰 Resulta divertido que 〰tú/vos _____ (las voluntades de todos)","aúnes","Elementary","fill_in_blank","aunar","None","None","No","No"," aunar ends_in_ar irregular_form irregular_verb low_irregularity subjuntivo_presente tú_vos "
"〰 Resulta divertido que 〰él/ella/usted _____ (las voluntades de todos)","aúne","Elementary","fill_in_blank","aunar","None","None","No","No"," aunar ends_in_ar irregular_form irregular_verb low_irregularity subjuntivo_presente él_ella_usted "
"〰 Resulta divertido que 〰nosotros _____ (las voluntades de todos)","aunemos","Elementary","fill_in_blank","aunar","None","None","No","No"," aunar ends_in_ar irregular_verb low_irregularity nosotros regular_form subjuntivo_presente "
"〰 Resulta divertido que 〰vosotros _____ (las voluntades de todos)","aunéis","Elementary","fill_in_blank","aunar","None","None","No","No"," aunar ends_in_ar irregular_verb low_irregularity regular_form subjuntivo_presente vosotros "
"〰 Resulta divertido que 〰ellos/ellas/ustedes _____ (las voluntades de todos)","aúnen","Elementary","fill_in_blank","aunar","None","None","No","No"," aunar ellos_ellas_ustedes ends_in_ar irregular_form irregular_verb low_irregularity subjuntivo_presente "
"↫ Fue sorprendente que ↫yo _____ (las voluntades de todos)","aunara | aunase","Advanced","fill_in_blank","aunar","None","None","No","No"," aunar ends_in_ar irregular_verb low_irregularity regular_form subjuntivo_pasado yo "
"↫ Fue sorprendente que ↫tú/vos _____ (las voluntades de todos)","aunaras | aunases","Advanced","fill_in_blank","aunar","None","None","No","No"," aunar ends_in_ar irregular_verb low_irregularity regular_form subjuntivo_pasado tú_vos "
"↫ Fue sorprendente que ↫él/ella/usted _____ (las voluntades de todos)","aunara | aunase","Advanced","fill_in_blank","aunar","None","None","No","No"," aunar ends_in_ar irregular_verb low_irregularity regular_form subjuntivo_pasado él_ella_usted "
"↫ Fue sorprendente que ↫nosotros _____ (las voluntades de todos)","aunáramos | aunásemos","Advanced","fill_in_blank","aunar","None","None","No","No"," aunar ends_in_ar irregular_verb low_irregularity nosotros regular_form subjuntivo_pasado "
"↫ Fue sorprendente que ↫vosotros _____ (las voluntades de todos)","aunarais | aunaseis","Advanced","fill_in_blank","aunar","None","None","No","No"," aunar ends_in_ar irregular_verb low_irregularity regular_form subjuntivo_pasado vosotros "
"↫ Fue sorprendente que ↫ellos/ellas/ustedes _____ (las voluntades de todos)","aunaran | aunasen","Advanced","fill_in_blank","aunar","None","None","No","No"," aunar ellos_ellas_ustedes ends_in_ar irregular_verb low_irregularity regular_form subjuntivo_pasado "
"Hombre, por favor,¡ _____ (las voluntades de todos), ya !(tú)","aúna","Intermediate","fill_in_blank","aunar","None","None","No","No"," aunar ends_in_ar imperativo irregular_form irregular_verb low_irregularity tú tú_vos "
"Hombre, por favor,¡ _____ (las voluntades de todos), ya !(vos)","auná","Intermediate","fill_in_blank","aunar","None","None","No","No"," aunar ends_in_ar imperativo irregular_verb low_irregularity regular_form tú_vos vos "
"Mujer, por favor,¡ no _____ (a los empleados en contra tuya) !(tú/vos)","aúnes","Intermediate","fill_in_blank","aunar","None","None","No","No"," aunar ends_in_ar imperativo irregular_form irregular_verb low_irregularity negative_imperativo tú_vos "
"Señora, por favor,¡ (que) _____ (las voluntades de todos), ya !(él/ella/usted)","aúne","Intermediate","fill_in_blank","aunar","None","None","No","No"," aunar ends_in_ar imperativo irregular_form irregular_verb low_irregularity él_ella_usted "
"Vámonos equipo, por favor,¡ (que) _____ (las voluntades de todos), ya !(nosotros)","aunemos","Intermediate","fill_in_blank","aunar","None","None","No","No"," aunar ends_in_ar imperativo irregular_verb low_irregularity nosotros regular_form "
"Tú y tú, por favor,¡ _____ (las voluntades de todos), ya !(vosotros)","aunad","Intermediate","fill_in_blank","aunar","None","None","No","No"," aunar ends_in_ar imperativo irregular_verb low_irregularity regular_form vosotros "
"Señores, por favor,¡ (que) _____ (las voluntades de todos), ya ! (ellos/ellas/ustedes)","aúnen","Intermediate","fill_in_blank","aunar","None","None","No","No"," aunar ellos_ellas_ustedes ends_in_ar imperativo irregular_form irregular_verb low_irregularity "
"↬ Si en un dudoso futuro ↬yo lo _____, ¡suerte!","aunare","Advanced","fill_in_blank","aunar","None","None","No","No"," aunar ends_in_ar irregular_verb low_irregularity regular_form subjuntivo_futuro yo "
"↬ Si en un dudoso futuro ↬tú/vos lo _____, ¡suerte!","aunares","Advanced","fill_in_blank","aunar","None","None","No","No"," aunar ends_in_ar irregular_verb low_irregularity regular_form subjuntivo_futuro tú_vos "
"↬ Si en un dudoso futuro ↬él/ella/usted lo _____, ¡suerte!","aunare","Advanced","fill_in_blank","aunar","None","None","No","No"," aunar ends_in_ar irregular_verb low_irregularity regular_form subjuntivo_futuro él_ella_usted "
"↬ Si en un dudoso futuro ↬nosotros lo _____, ¡suerte!","aunáremos","Advanced","fill_in_blank","aunar","None","None","No","No"," aunar ends_in_ar irregular_verb low_irregularity nosotros regular_form subjuntivo_futuro "
"↬ Si en un dudoso futuro ↬vosotros lo _____, ¡suerte!","aunareis","Advanced","fill_in_blank","aunar","None","None","No","No"," aunar ends_in_ar irregular_verb low_irregularity regular_form subjuntivo_futuro vosotros "
"↬ Si en un dudoso futuro ↬ellos/ellas/ustedes lo _____, ¡suerte!","aunaren","Advanced","fill_in_blank","aunar","None","None","No","No"," aunar ellos_ellas_ustedes ends_in_ar irregular_verb low_irregularity regular_form subjuntivo_futuro "
"El verbo enél rehúsaes _____","rehusar","Intermediate","fill_in_blank","None","None","None","No","No"," ends_in_ar infinitivo regular_form regular_verb rehusar "
"Mientras estoy estudiando…ella se está _____ (a comer)","rehusando","Intermediate","fill_in_blank","rehusar","None","None","No","No"," ends_in_ar gerundio regular_form regular_verb rehusar "
"Hugo se ha _____ (a comer)","rehusado","Intermediate","fill_in_blank","rehusar","None","None","No","No"," ends_in_ar participio regular_form regular_verb rehusar "
"⊙ Ahora mismo, ⊙yo _____ (cualquier compromiso)","rehúso","Elementary","fill_in_blank","rehusar","None","None","No","No"," ends_in_ar presente regular_form regular_spelling_change regular_verb rehusar yo "
"⊙ Ahora mismo, ⊙tú _____ (cualquier compromiso)","rehúsas","Elementary","fill_in_blank","rehusar","None","None","No","No"," ends_in_ar presente regular_form regular_spelling_change regular_verb rehusar tú tú_vos "
"⊙ Ahora mismo, ⊙vos _____ (cualquier compromiso)","rehusás","Elementary","fill_in_blank","rehusar","None","None","No","No"," ends_in_ar presente regular_form regular_verb rehusar tú_vos vos "
"⊙ Ahora mismo, ⊙él/ella/usted _____ (cualquier compromiso)","rehúsa","Elementary","fill_in_blank","rehusar","None","None","No","No"," ends_in_ar presente regular_form regular_spelling_change regular_verb rehusar él_ella_usted "
"⊙ Ahora mismo, ⊙nosotros _____ (cualquier compromiso)","rehusamos","Elementary","fill_in_blank","rehusar","None","None","No","No"," ends_in_ar nosotros presente regular_form regular_verb rehusar "
"⊙ Ahora mismo, ⊙vosotros _____ (cualquier compromiso)","rehusáis","Elementary","fill_in_blank","rehusar","None","None","No","No"," ends_in_ar presente regular_form regular_verb rehusar vosotros "
"⊙ Ahora mismo, ⊙ellos/ellas/ustedes _____ (cualquier compromiso)","rehúsan","Elementary","fill_in_blank","rehusar","None","None","No","No"," ellos_ellas_ustedes ends_in_ar presente regular_form regular_spelling_change regular_verb rehusar "
"⇠ En esa época, a menudo, ⇠yo _____ (cualquier compromiso)","rehusaba","Intermediate","fill_in_blank","rehusar","None","None","No","No"," ends_in_ar imperfecto regular_form regular_verb rehusar yo "
"⇠ En esa época, a menudo, ⇠tú/vos _____ (cualquier compromiso)","rehusabas","Intermediate","fill_in_blank","rehusar","None","None","No","No"," ends_in_ar imperfecto regular_form regular_verb rehusar tú_vos "
"⇠ En esa época, a menudo, ⇠él/ella/usted _____ (cualquier compromiso)","rehusaba","Intermediate","fill_in_blank","rehusar","None","None","No","No"," ends_in_ar imperfecto regular_form regular_verb rehusar él_ella_usted "
"⇠ En esa época, a menudo, ⇠nosotros _____ (cualquier compromiso)","rehusábamos","Intermediate","fill_in_blank","rehusar","None","None","No","No"," ends_in_ar imperfecto nosotros regular_form regular_verb rehusar "
"⇠ En esa época, a menudo, ⇠vosotros _____ (cualquier compromiso)","rehusabais","Intermediate","fill_in_blank","rehusar","None","None","No","No"," ends_in_ar imperfecto regular_form regular_verb rehusar vosotros "
"⇠ En esa época, a menudo, ⇠ellos/ellas/ustedes _____ (cualquier compromiso)","rehusaban","Intermediate","fill_in_blank","rehusar","None","None","No","No"," ellos_ellas_ustedes ends_in_ar imperfecto regular_form regular_verb rehusar "
"↧ En aquel momento ↧yo _____ (cualquier compromiso)","rehusé","Intermediate","fill_in_blank","rehusar","None","None","No","No"," ends_in_ar indefinido regular_form regular_verb rehusar yo "
"↧ En aquel momento ↧tú/vos _____ (cualquier compromiso)","rehusaste","Intermediate","fill_in_blank","rehusar","None","None","No","No"," ends_in_ar indefinido regular_form regular_verb rehusar tú_vos "
"↧ En aquel momento ↧él/ella/usted _____ (cualquier compromiso)","rehusó","Intermediate","fill_in_blank","rehusar","None","None","No","No"," ends_in_ar indefinido regular_form regular_verb rehusar él_ella_usted "
"↧ En aquel momento ↧nosotros _____ (cualquier compromiso)","rehusamos","Intermediate","fill_in_blank","rehusar","None","None","No","No"," ends_in_ar indefinido nosotros regular_form regular_verb rehusar "
"↧ En aquel momento ↧vosotros _____ (cualquier compromiso)","rehusasteis","Intermediate","fill_in_blank","rehusar","None","None","No","No"," ends_in_ar indefinido regular_form regular_verb rehusar vosotros "
"↧ En aquel momento ↧ellos/ellas/ustedes _____ (cualquier compromiso)","rehusaron","Intermediate","fill_in_blank","rehusar","None","None","No","No"," ellos_ellas_ustedes ends_in_ar indefinido regular_form regular_verb rehusar "
"→ En el futuro, →yo _____ (cualquier compromiso)","rehusaré","Intermediate","fill_in_blank","rehusar","None","None","No","No"," ends_in_ar futuro regular_form regular_verb rehusar yo "
"→ En el futuro, →tú/vos _____ (cualquier compromiso)","rehusarás","Intermediate","fill_in_blank","rehusar","None","None","No","No"," ends_in_ar futuro regular_form regular_verb rehusar tú_vos "
"→ En el futuro, →él/ella/usted _____ (cualquier compromiso)","rehusará","Intermediate","fill_in_blank","rehusar","None","None","No","No"," ends_in_ar futuro regular_form regular_verb rehusar él_ella_usted "
"→ En el futuro, →nosotros _____ (cualquier compromiso)","rehusaremos","Intermediate","fill_in_blank","rehusar","None","None","No","No"," ends_in_ar futuro nosotros regular_form regular_verb rehusar "
"→ En el futuro, →vosotros _____ (cualquier compromiso)","rehusaréis","Intermediate","fill_in_blank","rehusar","None","None","No","No"," ends_in_ar futuro regular_form regular_verb rehusar vosotros "
"→ En el futuro, →ellos/ellas/ustedes _____ (cualquier compromiso)","rehusarán","Intermediate","fill_in_blank","rehusar","None","None","No","No"," ellos_ellas_ustedes ends_in_ar futuro regular_form regular_verb rehusar "
"… Si ocurriese esto, …yo _____ (cualquier compromiso)","rehusaría","Intermediate","fill_in_blank","rehusar","None","None","No","No"," condicional ends_in_ar regular_form regular_verb rehusar yo "
"… Si sucediera esto, …tú/vos _____ (cualquier compromiso)","rehusarías","Intermediate","fill_in_blank","rehusar","None","None","No","No"," condicional ends_in_ar regular_form regular_verb rehusar tú_vos "
"… Si acaeciera algo, …él/ella/usted _____ (cualquier compromiso)","rehusaría","Intermediate","fill_in_blank","rehusar","None","None","No","No"," condicional ends_in_ar regular_form regular_verb rehusar él_ella_usted "
"… Si pasara algo, …nosotros _____ (cualquier compromiso)","rehusaríamos","Intermediate","fill_in_blank","rehusar","None","None","No","No"," condicional ends_in_ar nosotros regular_form regular_verb rehusar "
"… Si aconteciese esto, …vosotros _____ (cualquier compromiso)","rehusaríais","Intermediate","fill_in_blank","rehusar","None","None","No","No"," condicional ends_in_ar regular_form regular_verb rehusar vosotros "
"… Si se produjera esto, …ellos/ellas/ustedes _____ (cualquier compromiso)","rehusarían","Intermediate","fill_in_blank","rehusar","None","None","No","No"," condicional ellos_ellas_ustedes ends_in_ar regular_form regular_verb rehusar "
"〰 Resulta divertido que 〰yo _____ (cualquier compromiso)","rehúse","Elementary","fill_in_blank","rehusar","None","None","No","No"," ends_in_ar regular_form regular_spelling_change regular_verb rehusar subjuntivo_presente yo "
"〰 Resulta divertido que 〰tú/vos _____ (cualquier compromiso)","rehúses","Elementary","fill_in_blank","rehusar","None","None","No","No"," ends_in_ar regular_form regular_spelling_change regular_verb rehusar subjuntivo_presente tú_vos "
"〰 Resulta divertido que 〰él/ella/usted _____ (cualquier compromiso)","rehúse","Elementary","fill_in_blank","rehusar","None","None","No","No"," ends_in_ar regular_form regular_spelling_change regular_verb rehusar subjuntivo_presente él_ella_usted "
"〰 Resulta divertido que 〰nosotros _____ (cualquier compromiso)","rehusemos","Elementary","fill_in_blank","rehusar","None","None","No","No"," ends_in_ar nosotros regular_form regular_verb rehusar subjuntivo_presente "
"〰 Resulta divertido que 〰vosotros _____ (cualquier compromiso)","rehuséis","Elementary","fill_in_blank","rehusar","None","None","No","No"," ends_in_ar regular_form regular_verb rehusar subjuntivo_presente vosotros "
"〰 Resulta divertido que 〰ellos/ellas/ustedes _____ (cualquier compromiso)","rehúsen","Elementary","fill_in_blank","rehusar","None","None","No","No"," ellos_ellas_ustedes ends_in_ar regular_form regular_spelling_change regular_verb rehusar subjuntivo_presente "
"↫ Fue sorprendente que ↫yo _____ (cualquier compromiso)","rehusara | rehusase","Advanced","fill_in_blank","rehusar","None","None","No","No"," ends_in_ar regular_form regular_verb rehusar subjuntivo_pasado yo "
"↫ Fue sorprendente que ↫tú/vos _____ (cualquier compromiso)","rehusaras | rehusases","Advanced","fill_in_blank","rehusar","None","None","No","No"," ends_in_ar regular_form regular_verb rehusar subjuntivo_pasado tú_vos "
"↫ Fue sorprendente que ↫él/ella/usted _____ (cualquier compromiso)","rehusara | rehusase","Advanced","fill_in_blank","rehusar","None","None","No","No"," ends_in_ar regular_form regular_verb rehusar subjuntivo_pasado él_ella_usted "
"↫ Fue sorprendente que ↫nosotros _____ (cualquier compromiso)","rehusáramos | rehusásemos","Advanced","fill_in_blank","rehusar","None","None","No","No"," ends_in_ar nosotros regular_form regular_verb rehusar subjuntivo_pasado "
"↫ Fue sorprendente que ↫vosotros _____ (cualquier compromiso)","rehusarais | rehusaseis","Advanced","fill_in_blank","rehusar","None","None","No","No"," ends_in_ar regular_form regular_verb rehusar subjuntivo_pasado vosotros "
"↫ Fue sorprendente que ↫ellos/ellas/ustedes _____ (cualquier compromiso)","rehusaran | rehusasen","Advanced","fill_in_blank","rehusar","None","None","No","No"," ellos_ellas_ustedes ends_in_ar regular_form regular_verb rehusar subjuntivo_pasado "
"Hombre, por favor,¡ _____ (cualquier compromiso) !(tú)","rehúsa","Intermediate","fill_in_blank","rehusar","None","None","No","No"," ends_in_ar imperativo regular_form regular_spelling_change regular_verb rehusar tú tú_vos "
"Hombre, por favor,¡ _____ (cualquier compromiso) !(vos)","rehusá","Intermediate","fill_in_blank","rehusar","None","None","No","No"," ends_in_ar imperativo regular_form regular_verb rehusar tú_vos vos "
"Mujer, por favor,¡ no _____ (cualquier compromiso) !(tú/vos)","rehúses","Intermediate","fill_in_blank","rehusar","None","None","No","No"," ends_in_ar imperativo negative_imperativo regular_form regular_spelling_change regular_verb rehusar tú_vos "
"Señora, por favor,¡ (que) _____ (cualquier compromiso) !(él/ella/usted)","rehúse","Intermediate","fill_in_blank","rehusar","None","None","No","No"," ends_in_ar imperativo regular_form regular_spelling_change regular_verb rehusar él_ella_usted "
"Vámonos equipo, por favor,¡ (que) _____ (cualquier compromiso) !(nosotros)","rehusemos","Intermediate","fill_in_blank","rehusar","None","None","No","No"," ends_in_ar imperativo nosotros regular_form regular_verb rehusar "
"Tú y tú, por favor,¡ _____ (cualquier compromiso) !(vosotros)","rehusad","Intermediate","fill_in_blank","rehusar","None","None","No","No"," ends_in_ar imperativo regular_form regular_verb rehusar vosotros "
"Señores, por favor,¡ (que) _____ (cualquier compromiso) ! (ellos/ellas/ustedes)","rehúsen","Intermediate","fill_in_blank","rehusar","None","None","No","No"," ellos_ellas_ustedes ends_in_ar imperativo regular_form regular_spelling_change regular_verb rehusar "
"↬ Si en un dudoso futuro ↬yo lo _____, ¡suerte!","rehusare","Advanced","fill_in_blank","rehusar","None","None","No","No"," ends_in_ar regular_form regular_verb rehusar subjuntivo_futuro yo "
"↬ Si en un dudoso futuro ↬tú/vos lo _____, ¡suerte!","rehusares","Advanced","fill_in_blank","rehusar","None","None","No","No"," ends_in_ar regular_form regular_verb rehusar subjuntivo_futuro tú_vos "
"↬ Si en un dudoso futuro ↬él/ella/usted lo _____, ¡suerte!","rehusare","Advanced","fill_in_blank","rehusar","None","None","No","No"," ends_in_ar regular_form regular_verb rehusar subjuntivo_futuro él_ella_usted "
"↬ Si en un dudoso futuro ↬nosotros lo _____, ¡suerte!","rehusáremos","Advanced","fill_in_blank","rehusar","None","None","No","No"," ends_in_ar nosotros regular_form regular_verb rehusar subjuntivo_futuro "
"↬ Si en un dudoso futuro ↬vosotros lo _____, ¡suerte!","rehusareis","Advanced","fill_in_blank","rehusar","None","None","No","No"," ends_in_ar regular_form regular_verb rehusar subjuntivo_futuro vosotros "
"↬ Si en un dudoso futuro ↬ellos/ellas/ustedes lo _____, ¡suerte!","rehusaren","Advanced","fill_in_blank","rehusar","None","None","No","No"," ellos_ellas_ustedes ends_in_ar regular_form regular_verb rehusar subjuntivo_futuro "
"El verbo enél yerra | erraes _____","errar","Intermediate","fill_in_blank","None","None","None","No","No"," ends_in_ar errar in_the_wild infinitivo irregular_verb low_irregularity refrán regular_form "
"Mientras estoy estudiando…ella está _____ (por las calles)","errando","Intermediate","fill_in_blank","errar","None","None","No","No"," ends_in_ar errar gerundio irregular_verb low_irregularity regular_form "
"Hugo ha _____ (por las calles)","errado","Intermediate","fill_in_blank","errar","None","None","No","No"," ends_in_ar errar irregular_verb low_irregularity participio regular_form "
"⊙ Ahora mismo, ⊙yo _____ (en decir que no)","yerro | erro","Elementary","fill_in_blank","errar","None","None","No","No"," ends_in_ar errar irregular_form irregular_verb low_irregularity presente yo "
"⊙ Ahora mismo, ⊙tú _____ (en decir que no)","yerras | erras","Elementary","fill_in_blank","errar","None","None","No","No"," ends_in_ar errar irregular_form irregular_verb low_irregularity presente tú tú_vos "
"⊙ Ahora mismo, ⊙vos _____ (en decir que no)","errás","Elementary","fill_in_blank","errar","None","None","No","No"," ends_in_ar errar irregular_verb low_irregularity presente regular_form tú_vos vos "
"⊙ Ahora mismo, ⊙él/ella/usted _____ (en decir que no)","yerra | erra","Elementary","fill_in_blank","errar","None","None","No","No"," ends_in_ar errar in_the_wild irregular_form irregular_verb low_irregularity presente refrán él_ella_usted "
"⊙ Ahora mismo, ⊙nosotros _____ (en decir que no)","erramos","Elementary","fill_in_blank","errar","None","None","No","No"," ends_in_ar errar irregular_verb low_irregularity nosotros presente regular_form "
"⊙ Ahora mismo, ⊙vosotros _____ (en decir que no)","erráis","Elementary","fill_in_blank","errar","None","None","No","No"," ends_in_ar errar irregular_verb low_irregularity presente regular_form vosotros "
"⊙ Ahora mismo, ⊙ellos/ellas/ustedes _____ (en decir que no)","yerran | erran","Elementary","fill_in_blank","errar","None","None","No","No"," ellos_ellas_ustedes ends_in_ar errar irregular_form irregular_verb low_irregularity presente "
"⇠ En esa época, a menudo, ⇠yo _____ (por las calles)","erraba","Intermediate","fill_in_blank","errar","None","None","No","No"," ends_in_ar errar imperfecto irregular_verb low_irregularity regular_form yo "
"⇠ En esa época, a menudo, ⇠tú/vos _____ (por las calles)","errabas","Intermediate","fill_in_blank","errar","None","None","No","No"," ends_in_ar errar imperfecto irregular_verb low_irregularity regular_form tú_vos "
"⇠ En esa época, a menudo, ⇠él/ella/usted _____ (por las calles)","erraba","Intermediate","fill_in_blank","errar","None","None","No","No"," ends_in_ar errar imperfecto irregular_verb low_irregularity regular_form él_ella_usted "
"⇠ En esa época, a menudo, ⇠nosotros _____ (por las calles)","errábamos","Intermediate","fill_in_blank","errar","None","None","No","No"," ends_in_ar errar imperfecto irregular_verb low_irregularity nosotros regular_form "
"⇠ En esa época, a menudo, ⇠vosotros _____ (por las calles)","errabais","Intermediate","fill_in_blank","errar","None","None","No","No"," ends_in_ar errar imperfecto irregular_verb low_irregularity regular_form vosotros "
"⇠ En esa época, a menudo, ⇠ellos/ellas/ustedes _____ (por las calles)","erraban","Intermediate","fill_in_blank","errar","None","None","No","No"," ellos_ellas_ustedes ends_in_ar errar imperfecto irregular_verb low_irregularity regular_form "
"↧ En aquel momento ↧yo _____ (en decir que no)","erré","Intermediate","fill_in_blank","errar","None","None","No","No"," ends_in_ar errar in_the_wild indefinido irregular_verb low_irregularity modismo regular_form yo "
"↧ En aquel momento ↧tú/vos _____ (en decir que no)","erraste","Intermediate","fill_in_blank","errar","None","None","No","No"," ends_in_ar errar indefinido irregular_verb low_irregularity regular_form tú_vos "
"↧ En aquel momento ↧él/ella/usted _____ (en decir que no)","erró","Intermediate","fill_in_blank","errar","None","None","No","No"," ends_in_ar errar indefinido irregular_verb low_irregularity regular_form él_ella_usted "
"↧ En aquel momento ↧nosotros _____ (en decir que no)","erramos","Intermediate","fill_in_blank","errar","None","None","No","No"," ends_in_ar errar in_the_wild indefinido irregular_verb low_irregularity modismo nosotros regular_form "
"↧ En aquel momento ↧vosotros _____ (en decir que no)","errasteis","Intermediate","fill_in_blank","errar","None","None","No","No"," ends_in_ar errar indefinido irregular_verb low_irregularity regular_form vosotros "
"↧ En aquel momento ↧ellos/ellas/ustedes _____ (en decir que no)","erraron","Intermediate","fill_in_blank","errar","None","None","No","No"," ellos_ellas_ustedes ends_in_ar errar indefinido irregular_verb low_irregularity regular_form "
"→ En el futuro, →yo _____ (por las calles)","erraré","Intermediate","fill_in_blank","errar","None","None","No","No"," ends_in_ar errar futuro irregular_verb low_irregularity regular_form yo "
"→ En el futuro, →tú/vos _____ (por las calles)","errarás","Intermediate","fill_in_blank","errar","None","None","No","No"," ends_in_ar errar futuro irregular_verb low_irregularity regular_form tú_vos "
"→ En el futuro, →él/ella/usted _____ (por las calles)","errará","Intermediate","fill_in_blank","errar","None","None","No","No"," ends_in_ar errar futuro irregular_verb low_irregularity regular_form él_ella_usted "
"→ En el futuro, →nosotros _____ (por las calles)","erraremos","Intermediate","fill_in_blank","errar","None","None","No","No"," ends_in_ar errar futuro irregular_verb low_irregularity nosotros regular_form "
"→ En el futuro, →vosotros _____ (por las calles)","erraréis","Intermediate","fill_in_blank","errar","None","None","No","No"," ends_in_ar errar futuro irregular_verb low_irregularity regular_form vosotros "
"→ En el futuro, →ellos/ellas/ustedes _____ (por las calles)","errarán","Intermediate","fill_in_blank","errar","None","None","No","No"," ellos_ellas_ustedes ends_in_ar errar futuro irregular_verb low_irregularity regular_form "
"… Si ocurriese esto, …yo _____ (en decir que no)","erraría","Intermediate","fill_in_blank","errar","None","None","No","No"," condicional ends_in_ar errar irregular_verb low_irregularity regular_form yo "
"… Si sucediera esto, …tú/vos _____ (en decir que no)","errarías","Intermediate","fill_in_blank","errar","None","None","No","No"," condicional ends_in_ar errar irregular_verb low_irregularity regular_form tú_vos "
"… Si acaeciera algo, …él/ella/usted _____ (en decir que no)","erraría","Intermediate","fill_in_blank","errar","None","None","No","No"," condicional ends_in_ar errar irregular_verb low_irregularity regular_form él_ella_usted "
"… Si pasara algo, …nosotros _____ (en decir que no)","erraríamos","Intermediate","fill_in_blank","errar","None","None","No","No"," condicional ends_in_ar errar irregular_verb low_irregularity nosotros regular_form "
"… Si aconteciese esto, …vosotros _____ (en decir que no)","erraríais","Intermediate","fill_in_blank","errar","None","None","No","No"," condicional ends_in_ar errar irregular_verb low_irregularity regular_form vosotros "
"… Si se produjera esto, …ellos/ellas/ustedes _____ (en decir que no)","errarían","Intermediate","fill_in_blank","errar","None","None","No","No"," condicional ellos_ellas_ustedes ends_in_ar errar irregular_verb low_irregularity regular_form "
"〰 Resulta divertido que 〰yo _____ (por el campo)","yerre | erre","Elementary","fill_in_blank","errar","None","None","No","No"," ends_in_ar errar irregular_form irregular_verb low_irregularity subjuntivo_presente yo "
"〰 Resulta divertido que 〰tú/vos _____ (por el campo)","yerres | erres","Elementary","fill_in_blank","errar","None","None","No","No"," ends_in_ar errar irregular_form irregular_verb low_irregularity subjuntivo_presente tú_vos "
"〰 Resulta divertido que 〰él/ella/usted _____ (por el campo)","yerre | erre","Elementary","fill_in_blank","errar","None","None","No","No"," ends_in_ar errar irregular_form irregular_verb low_irregularity subjuntivo_presente él_ella_usted "
"〰 Resulta divertido que 〰nosotros _____ (por el campo)","erremos","Elementary","fill_in_blank","errar","None","None","No","No"," ends_in_ar errar irregular_verb low_irregularity nosotros regular_form subjuntivo_presente "
"〰 Resulta divertido que 〰vosotros _____ (por el campo)","erréis","Elementary","fill_in_blank","errar","None","None","No","No"," ends_in_ar errar irregular_verb low_irregularity regular_form subjuntivo_presente vosotros "
"〰 Resulta divertido que 〰ellos/ellas/ustedes _____ (por el campo)","yerren | erren","Elementary","fill_in_blank","errar","None","None","No","No"," ellos_ellas_ustedes ends_in_ar errar irregular_form irregular_verb low_irregularity subjuntivo_presente "
"↫ Fue sorprendente que ↫yo _____ (por el campo)","errara | errase","Advanced","fill_in_blank","errar","None","None","No","No"," ends_in_ar errar irregular_verb low_irregularity regular_form subjuntivo_pasado yo "
"↫ Fue sorprendente que ↫tú/vos _____ (por el campo)","erraras | errases","Advanced","fill_in_blank","errar","None","None","No","No"," ends_in_ar errar irregular_verb low_irregularity regular_form subjuntivo_pasado tú_vos "
"↫ Fue sorprendente que ↫él/ella/usted _____ (por el campo)","errara | errase","Advanced","fill_in_blank","errar","None","None","No","No"," ends_in_ar errar irregular_verb low_irregularity regular_form subjuntivo_pasado él_ella_usted "
"↫ Fue sorprendente que ↫nosotros _____ (por el campo)","erráramos | errásemos","Advanced","fill_in_blank","errar","None","None","No","No"," ends_in_ar errar irregular_verb low_irregularity nosotros regular_form subjuntivo_pasado "
"↫ Fue sorprendente que ↫vosotros _____ (por el campo)","errarais | erraseis","Advanced","fill_in_blank","errar","None","None","No","No"," ends_in_ar errar irregular_verb low_irregularity regular_form subjuntivo_pasado vosotros "
"↫ Fue sorprendente que ↫ellos/ellas/ustedes _____ (por el campo)","erraran | errasen","Advanced","fill_in_blank","errar","None","None","No","No"," ellos_ellas_ustedes ends_in_ar errar irregular_verb low_irregularity regular_form subjuntivo_pasado "
"Hombre, por favor,¡ _____ (por las calles) !(tú)","yerra | erra","Intermediate","fill_in_blank","errar","None","None","No","No"," ends_in_ar errar imperativo irregular_form irregular_verb low_irregularity tú tú_vos "
"Hombre, por favor,¡ _____ (por las calles) !(vos)","errá","Intermediate","fill_in_blank","errar","None","None","No","No"," ends_in_ar errar imperativo irregular_verb low_irregularity regular_form tú_vos vos "
"Mujer, por favor,¡ no _____ (por las calles) !(tú/vos)","yerres | erres","Intermediate","fill_in_blank","errar","None","None","No","No"," ends_in_ar errar imperativo irregular_form irregular_verb low_irregularity negative_imperativo tú_vos "
"Señora, por favor,¡ (que) _____ (por las calles) !(él/ella/usted)","yerre | erre","Intermediate","fill_in_blank","errar","None","None","No","No"," ends_in_ar errar imperativo irregular_form irregular_verb low_irregularity él_ella_usted "
"Vámonos equipo, por favor,¡ (que) _____ (por las calles) !(nosotros)","erremos","Intermediate","fill_in_blank","errar","None","None","No","No"," ends_in_ar errar imperativo irregular_verb low_irregularity nosotros regular_form "
"Tú y tú, por favor,¡ _____ (por las calles) !(vosotros)","errad","Intermediate","fill_in_blank","errar","None","None","No","No"," ends_in_ar errar imperativo irregular_verb low_irregularity regular_form vosotros "
"Señores, por favor,¡ (que) _____ (por las calles) ! (ellos/ellas/ustedes)","yerren | erren","Intermediate","fill_in_blank","errar","None","None","No","No"," ellos_ellas_ustedes ends_in_ar errar imperativo irregular_form irregular_verb low_irregularity "
"↬ Si en un dudoso futuro ↬yo _____ así, ¡suerte!","errare","Advanced","fill_in_blank","errar","None","None","No","No"," ends_in_ar errar irregular_verb low_irregularity regular_form subjuntivo_futuro yo "
"↬ Si en un dudoso futuro ↬tú/vos _____ así, ¡suerte!","errares","Advanced","fill_in_blank","errar","None","None","No","No"," ends_in_ar errar irregular_verb low_irregularity regular_form subjuntivo_futuro tú_vos "
"↬ Si en un dudoso futuro ↬él/ella/usted _____ así, ¡suerte!","errare","Advanced","fill_in_blank","errar","None","None","No","No"," ends_in_ar errar irregular_verb low_irregularity regular_form subjuntivo_futuro él_ella_usted "
"↬ Si en un dudoso futuro ↬nosotros _____ así, ¡suerte!","erráremos","Advanced","fill_in_blank","errar","None","None","No","No"," ends_in_ar errar irregular_verb low_irregularity nosotros regular_form subjuntivo_futuro "
"↬ Si en un dudoso futuro ↬vosotros _____ así, ¡suerte!","errareis","Advanced","fill_in_blank","errar","None","None","No","No"," ends_in_ar errar irregular_verb low_irregularity regular_form subjuntivo_futuro vosotros "
"↬ Si en un dudoso futuro ↬ellos/ellas/ustedes _____ así, ¡suerte!","erraren","Advanced","fill_in_blank","errar","None","None","No","No"," ellos_ellas_ustedes ends_in_ar errar irregular_verb low_irregularity regular_form subjuntivo_futuro "
"El verbo enél engullees _____","engullir","Intermediate","fill_in_blank","None","None","None","No","No"," ends_in_ir engullir infinitivo regular_form regular_verb "
"Mientras estoy estudiando…la pitón está _____ (una rata)","engullendo","Intermediate","fill_in_blank","engullir","None","None","No","No"," ends_in_ir engullir gerundio regular_form regular_spelling_change regular_verb "
"Hugo ha _____ (la torta)","engullido","Intermediate","fill_in_blank","engullir","None","None","No","No"," ends_in_ir engullir participio regular_form regular_verb "
"⊙ Ahora mismo, ⊙yo _____ (plátanos)","engullo","Elementary","fill_in_blank","engullir","None","None","No","No"," ends_in_ir engullir presente regular_form regular_verb yo "
"⊙ Ahora mismo, ⊙tú _____ (plátanos)","engulles","Elementary","fill_in_blank","engullir","None","None","No","No"," ends_in_ir engullir presente regular_form regular_verb tú tú_vos "
"⊙ Ahora mismo, ⊙vos _____ (plátanos)","engullís","Elementary","fill_in_blank","engullir","None","None","No","No"," ends_in_ir engullir presente regular_form regular_verb tú_vos vos "
"⊙ Ahora mismo, ⊙él/ella/usted _____ (plátanos)","engulle","Elementary","fill_in_blank","engullir","None","None","No","No"," ends_in_ir engullir presente regular_form regular_verb él_ella_usted "
"⊙ Ahora mismo, ⊙nosotros _____ (plátanos)","engullimos","Elementary","fill_in_blank","engullir","None","None","No","No"," ends_in_ir engullir nosotros presente regular_form regular_verb "
"⊙ Ahora mismo, ⊙vosotros _____ (plátanos)","engullís","Elementary","fill_in_blank","engullir","None","None","No","No"," ends_in_ir engullir presente regular_form regular_verb vosotros "
"⊙ Ahora mismo, ⊙ellos/ellas/ustedes _____ (plátanos)","engullen","Elementary","fill_in_blank","engullir","None","None","No","No"," ellos_ellas_ustedes ends_in_ir engullir presente regular_form regular_verb "
"⇠ En esa época, a menudo, ⇠yo _____ (plátanos)","engullía","Intermediate","fill_in_blank","engullir","None","None","No","No"," ends_in_ir engullir imperfecto regular_form regular_verb yo "
"⇠ En esa época, a menudo, ⇠tú/vos _____ (plátanos)","engullías","Intermediate","fill_in_blank","engullir","None","None","No","No"," ends_in_ir engullir imperfecto regular_form regular_verb tú_vos "
"⇠ En esa época, a menudo, ⇠él/ella/usted _____ (plátanos)","engullía","Intermediate","fill_in_blank","engullir","None","None","No","No"," ends_in_ir engullir imperfecto regular_form regular_verb él_ella_usted "
"⇠ En esa época, a menudo, ⇠nosotros _____ (plátanos)","engullíamos","Intermediate","fill_in_blank","engullir","None","None","No","No"," ends_in_ir engullir imperfecto nosotros regular_form regular_verb "
"⇠ En esa época, a menudo, ⇠vosotros _____ (plátanos)","engullíais","Intermediate","fill_in_blank","engullir","None","None","No","No"," ends_in_ir engullir imperfecto regular_form regular_verb vosotros "
"⇠ En esa época, a menudo, ⇠ellos/ellas/ustedes _____ (plátanos)","engullían","Intermediate","fill_in_blank","engullir","None","None","No","No"," ellos_ellas_ustedes ends_in_ir engullir imperfecto regular_form regular_verb "
"↧ En aquel momento ↧yo _____ (plátanos)","engullí","Intermediate","fill_in_blank","engullir","None","None","No","No"," ends_in_ir engullir indefinido regular_form regular_verb yo "
"↧ En aquel momento ↧tú/vos _____ (plátanos)","engulliste","Intermediate","fill_in_blank","engullir","None","None","No","No"," ends_in_ir engullir indefinido regular_form regular_verb tú_vos "
"↧ En aquel momento ↧él/ella/usted _____ (plátanos)","engulló","Intermediate","fill_in_blank","engullir","None","None","No","No"," ends_in_ir engullir indefinido regular_form regular_spelling_change regular_verb él_ella_usted "
"↧ En aquel momento ↧nosotros _____ (plátanos)","engullimos","Intermediate","fill_in_blank","engullir","None","None","No","No"," ends_in_ir engullir indefinido nosotros regular_form regular_verb "
"↧ En aquel momento ↧vosotros _____ (plátanos)","engullisteis","Intermediate","fill_in_blank","engullir","None","None","No","No"," ends_in_ir engullir indefinido regular_form regular_verb vosotros "
"↧ En aquel momento ↧ellos/ellas/ustedes _____ (plátanos)","engulleron","Intermediate","fill_in_blank","engullir","None","None","No","No"," ellos_ellas_ustedes ends_in_ir engullir indefinido regular_form regular_spelling_change regular_verb "
"→ En el futuro, →yo _____ (plátanos)","engulliré","Intermediate","fill_in_blank","engullir","None","None","No","No"," ends_in_ir engullir futuro regular_form regular_verb yo "
"→ En el futuro, →tú/vos _____ (plátanos)","engullirás","Intermediate","fill_in_blank","engullir","None","None","No","No"," ends_in_ir engullir futuro regular_form regular_verb tú_vos "
"→ En el futuro, →él/ella/usted _____ (plátanos)","engullirá","Intermediate","fill_in_blank","engullir","None","None","No","No"," ends_in_ir engullir futuro regular_form regular_verb él_ella_usted "
"→ En el futuro, →nosotros _____ (plátanos)","engulliremos","Intermediate","fill_in_blank","engullir","None","None","No","No"," ends_in_ir engullir futuro nosotros regular_form regular_verb "
"→ En el futuro, →vosotros _____ (plátanos)","engulliréis","Intermediate","fill_in_blank","engullir","None","None","No","No"," ends_in_ir engullir futuro regular_form regular_verb vosotros "
"→ En el futuro, →ellos/ellas/ustedes _____ (plátanos)","engullirán","Intermediate","fill_in_blank","engullir","None","None","No","No"," ellos_ellas_ustedes ends_in_ir engullir futuro regular_form regular_verb "
"… Si ocurriese esto, …yo _____ (plátanos)","engulliría","Intermediate","fill_in_blank","engullir","None","None","No","No"," condicional ends_in_ir engullir regular_form regular_verb yo "
"… Si sucediera esto, …tú/vos _____ (plátanos)","engullirías","Intermediate","fill_in_blank","engullir","None","None","No","No"," condicional ends_in_ir engullir regular_form regular_verb tú_vos "
"… Si acaeciera algo, …él/ella/usted _____ (plátanos)","engulliría","Intermediate","fill_in_blank","engullir","None","None","No","No"," condicional ends_in_ir engullir regular_form regular_verb él_ella_usted "
"… Si pasara algo, …nosotros _____ (plátanos)","engulliríamos","Intermediate","fill_in_blank","engullir","None","None","No","No"," condicional ends_in_ir engullir nosotros regular_form regular_verb "
"… Si aconteciese esto, …vosotros _____ (plátanos)","engulliríais","Intermediate","fill_in_blank","engullir","None","None","No","No"," condicional ends_in_ir engullir regular_form regular_verb vosotros "
"… Si se produjera esto, …ellos/ellas/ustedes _____ (plátanos)","engullirían","Intermediate","fill_in_blank","engullir","None","None","No","No"," condicional ellos_ellas_ustedes ends_in_ir engullir regular_form regular_verb "
"〰 Resulta divertido que 〰yo _____ (plátanos)","engulla","Elementary","fill_in_blank","engullir","None","None","No","No"," ends_in_ir engullir regular_form regular_verb subjuntivo_presente yo "
"〰 Resulta divertido que 〰tú/vos _____ (plátanos)","engullas","Elementary","fill_in_blank","engullir","None","None","No","No"," ends_in_ir engullir regular_form regular_verb subjuntivo_presente tú_vos "
"〰 Resulta divertido que 〰él/ella/usted _____ (plátanos)","engulla","Elementary","fill_in_blank","engullir","None","None","No","No"," ends_in_ir engullir regular_form regular_verb subjuntivo_presente él_ella_usted "
"〰 Resulta divertido que 〰nosotros _____ (plátanos)","engullamos","Elementary","fill_in_blank","engullir","None","None","No","No"," ends_in_ir engullir nosotros regular_form regular_verb subjuntivo_presente "
"〰 Resulta divertido que 〰vosotros _____ (plátanos)","engulláis","Elementary","fill_in_blank","engullir","None","None","No","No"," ends_in_ir engullir regular_form regular_verb subjuntivo_presente vosotros "
"〰 Resulta divertido que 〰ellos/ellas/ustedes _____ (plátanos)","engullan","Elementary","fill_in_blank","engullir","None","None","No","No"," ellos_ellas_ustedes ends_in_ir engullir regular_form regular_verb subjuntivo_presente "
"↫ Fue sorprendente que ↫yo _____ (plátanos)","engullera | engullese","Advanced","fill_in_blank","engullir","None","None","No","No"," ends_in_ir engullir regular_form regular_spelling_change regular_verb subjuntivo_pasado yo "
"↫ Fue sorprendente que ↫tú/vos _____ (plátanos)","engulleras | engulleses","Advanced","fill_in_blank","engullir","None","None","No","No"," ends_in_ir engullir regular_form regular_spelling_change regular_verb subjuntivo_pasado tú_vos "
"↫ Fue sorprendente que ↫él/ella/usted _____ (plátanos)","engullera | engullese","Advanced","fill_in_blank","engullir","None","None","No","No"," ends_in_ir engullir regular_form regular_spelling_change regular_verb subjuntivo_pasado él_ella_usted "
"↫ Fue sorprendente que ↫nosotros _____ (plátanos)","engulléramos | engullésemos","Advanced","fill_in_blank","engullir","None","None","No","No"," ends_in_ir engullir nosotros regular_form regular_spelling_change regular_verb subjuntivo_pasado "
"↫ Fue sorprendente que ↫vosotros _____ (plátanos)","engullerais | engulleseis","Advanced","fill_in_blank","engullir","None","None","No","No"," ends_in_ir engullir regular_form regular_spelling_change regular_verb subjuntivo_pasado vosotros "
"↫ Fue sorprendente que ↫ellos/ellas/ustedes _____ (plátanos)","engulleran | engullesen","Advanced","fill_in_blank","engullir","None","None","No","No"," ellos_ellas_ustedes ends_in_ir engullir regular_form regular_spelling_change regular_verb subjuntivo_pasado "
"Hombre, por favor,¡ _____ (el pastel), ya !(tú)","engulle","Intermediate","fill_in_blank","engullir","None","None","No","No"," ends_in_ir engullir imperativo regular_form regular_verb tú tú_vos "
"Hombre, por favor,¡ _____ (el pastel), ya !(vos)","engullí","Intermediate","fill_in_blank","engullir","None","None","No","No"," ends_in_ir engullir imperativo regular_form regular_verb tú_vos vos "
"Mujer, por favor,¡ no _____ (el pastel) !(tú/vos)","engullas","Intermediate","fill_in_blank","engullir","None","None","No","No"," ends_in_ir engullir imperativo negative_imperativo regular_form regular_verb tú_vos "
"Señora, por favor,¡ (que) _____ (el pastel), ya !(él/ella/usted)","engulla","Intermediate","fill_in_blank","engullir","None","None","No","No"," ends_in_ir engullir imperativo regular_form regular_verb él_ella_usted "
"Vámonos equipo, por favor,¡ (que) _____ (el pastel), ya !(nosotros)","engullamos","Intermediate","fill_in_blank","engullir","None","None","No","No"," ends_in_ir engullir imperativo nosotros regular_form regular_verb "
"Tú y tú, por favor,¡ _____ (el pastel), ya !(vosotros)","engullid","Intermediate","fill_in_blank","engullir","None","None","No","No"," ends_in_ir engullir imperativo regular_form regular_verb vosotros "
"Señores, por favor,¡ (que) _____ (el pastel), ya ! (ellos/ellas/ustedes)","engullan","Intermediate","fill_in_blank","engullir","None","None","No","No"," ellos_ellas_ustedes ends_in_ir engullir imperativo regular_form regular_verb "
"↬ Si en un dudoso futuro ↬yo lo _____, ¡suerte!","engullere","Advanced","fill_in_blank","engullir","None","None","No","No"," ends_in_ir engullir regular_form regular_spelling_change regular_verb subjuntivo_futuro yo "
"↬ Si en un dudoso futuro ↬tú/vos lo _____, ¡suerte!","engulleres","Advanced","fill_in_blank","engullir","None","None","No","No"," ends_in_ir engullir regular_form regular_spelling_change regular_verb subjuntivo_futuro tú_vos "
"↬ Si en un dudoso futuro ↬él/ella/usted lo _____, ¡suerte!","engullere","Advanced","fill_in_blank","engullir","None","None","No","No"," ends_in_ir engullir regular_form regular_spelling_change regular_verb subjuntivo_futuro él_ella_usted "
"↬ Si en un dudoso futuro ↬nosotros lo _____, ¡suerte!","engulléremos","Advanced","fill_in_blank","engullir","None","None","No","No"," ends_in_ir engullir nosotros regular_form regular_spelling_change regular_verb subjuntivo_futuro "
"↬ Si en un dudoso futuro ↬vosotros lo _____, ¡suerte!","engullereis","Advanced","fill_in_blank","engullir","None","None","No","No"," ends_in_ir engullir regular_form regular_spelling_change regular_verb subjuntivo_futuro vosotros "
"↬ Si en un dudoso futuro ↬ellos/ellas/ustedes lo _____, ¡suerte!","engulleren","Advanced","fill_in_blank","engullir","None","None","No","No"," ellos_ellas_ustedes ends_in_ir engullir regular_form regular_spelling_change regular_verb subjuntivo_futuro "
"El verbo enél disciernees _____","discernir","Intermediate","fill_in_blank","None","None","None","No","No"," discernir ends_in_ir infinitivo irregular_verb low_irregularity regular_form "
"Mientras estoy estudiando…el público está _____ (una cosa de la otra)","discerniendo","Intermediate","fill_in_blank","discernir","None","None","No","No"," discernir ends_in_ir gerundio irregular_verb low_irregularity regular_form "
"Hugo ha _____ (una cosa de la otra)","discernido","Intermediate","fill_in_blank","discernir","None","None","No","No"," discernir ends_in_ir irregular_verb low_irregularity participio regular_form "
"⊙ Ahora mismo, ⊙yo _____ (una cosa de la otra)","discierno","Elementary","fill_in_blank","discernir","None","None","No","No"," discernir ends_in_ir irregular_form irregular_verb low_irregularity presente yo "
"⊙ Ahora mismo, ⊙tú _____ (una cosa de la otra)","disciernes","Elementary","fill_in_blank","discernir","None","None","No","No"," discernir ends_in_ir irregular_form irregular_verb low_irregularity presente tú tú_vos "
"⊙ Ahora mismo, ⊙vos _____ (una cosa de la otra)","discernís","Elementary","fill_in_blank","discernir","None","None","No","No"," discernir ends_in_ir irregular_verb low_irregularity presente regular_form tú_vos vos "
"⊙ Ahora mismo, ⊙él/ella/usted _____ (una cosa de la otra)","discierne","Elementary","fill_in_blank","discernir","None","None","No","No"," discernir ends_in_ir irregular_form irregular_verb low_irregularity presente él_ella_usted "
"⊙ Ahora mismo, ⊙nosotros _____ (una cosa de la otra)","discernimos","Elementary","fill_in_blank","discernir","None","None","No","No"," discernir ends_in_ir irregular_verb low_irregularity nosotros presente regular_form "
"⊙ Ahora mismo, ⊙vosotros _____ (una cosa de la otra)","discernís","Elementary","fill_in_blank","discernir","None","None","No","No"," discernir ends_in_ir irregular_verb low_irregularity presente regular_form vosotros "
"⊙ Ahora mismo, ⊙ellos/ellas/ustedes _____ (una cosa de la otra)","disciernen","Elementary","fill_in_blank","discernir","None","None","No","No"," discernir ellos_ellas_ustedes ends_in_ir irregular_form irregular_verb low_irregularity presente "
"⇠ En esa época, a menudo, ⇠yo _____ (el bueno del malo)","discernía","Intermediate","fill_in_blank","discernir","None","None","No","No"," discernir ends_in_ir imperfecto irregular_verb low_irregularity regular_form yo "
"⇠ En esa época, a menudo, ⇠tú/vos _____ (el bueno del malo)","discernías","Intermediate","fill_in_blank","discernir","None","None","No","No"," discernir ends_in_ir imperfecto irregular_verb low_irregularity regular_form tú_vos "
"⇠ En esa época, a menudo, ⇠él/ella/usted _____ (el bueno del malo)","discernía","Intermediate","fill_in_blank","discernir","None","None","No","No"," discernir ends_in_ir imperfecto irregular_verb low_irregularity regular_form él_ella_usted "
"⇠ En esa época, a menudo, ⇠nosotros _____ (el bueno del malo)","discerníamos","Intermediate","fill_in_blank","discernir","None","None","No","No"," discernir ends_in_ir imperfecto irregular_verb low_irregularity nosotros regular_form "
"⇠ En esa época, a menudo, ⇠vosotros _____ (el bueno del malo)","discerníais","Intermediate","fill_in_blank","discernir","None","None","No","No"," discernir ends_in_ir imperfecto irregular_verb low_irregularity regular_form vosotros "
"⇠ En esa época, a menudo, ⇠ellos/ellas/ustedes _____ (el bueno del malo)","discernían","Intermediate","fill_in_blank","discernir","None","None","No","No"," discernir ellos_ellas_ustedes ends_in_ir imperfecto irregular_verb low_irregularity regular_form "
"↧ En aquel momento ↧yo _____ (una cosa de la otra)","discerní","Intermediate","fill_in_blank","discernir","None","None","No","No"," discernir ends_in_ir indefinido irregular_verb low_irregularity regular_form yo "
"↧ En aquel momento ↧tú/vos _____ (una cosa de la otra)","discerniste","Intermediate","fill_in_blank","discernir","None","None","No","No"," discernir ends_in_ir indefinido irregular_verb low_irregularity regular_form tú_vos "
"↧ En aquel momento ↧él/ella/usted _____ (una cosa de la otra)","discernió","Intermediate","fill_in_blank","discernir","None","None","No","No"," discernir ends_in_ir indefinido irregular_verb low_irregularity regular_form él_ella_usted "
"↧ En aquel momento ↧nosotros _____ (una cosa de la otra)","discernimos","Intermediate","fill_in_blank","discernir","None","None","No","No"," discernir ends_in_ir indefinido irregular_verb low_irregularity nosotros regular_form "
"↧ En aquel momento ↧vosotros _____ (una cosa de la otra)","discernisteis","Intermediate","fill_in_blank","discernir","None","None","No","No"," discernir ends_in_ir indefinido irregular_verb low_irregularity regular_form vosotros "
"↧ En aquel momento ↧ellos/ellas/ustedes _____ (una cosa de la otra)","discernieron","Intermediate","fill_in_blank","discernir","None","None","No","No"," discernir ellos_ellas_ustedes ends_in_ir indefinido irregular_verb low_irregularity regular_form "
"→ En el futuro, →yo _____ (una cosa de la otra)","discerniré","Intermediate","fill_in_blank","discernir","None","None","No","No"," discernir ends_in_ir futuro irregular_verb low_irregularity regular_form yo "
"→ En el futuro, →tú/vos _____ (una cosa de la otra)","discernirás","Intermediate","fill_in_blank","discernir","None","None","No","No"," discernir ends_in_ir futuro irregular_verb low_irregularity regular_form tú_vos "
"→ En el futuro, →él/ella/usted _____ (una cosa de la otra)","discernirá","Intermediate","fill_in_blank","discernir","None","None","No","No"," discernir ends_in_ir futuro irregular_verb low_irregularity regular_form él_ella_usted "
"→ En el futuro, →nosotros _____ (una cosa de la otra)","discerniremos","Intermediate","fill_in_blank","discernir","None","None","No","No"," discernir ends_in_ir futuro irregular_verb low_irregularity nosotros regular_form "
"→ En el futuro, →vosotros _____ (una cosa de la otra)","discerniréis","Intermediate","fill_in_blank","discernir","None","None","No","No"," discernir ends_in_ir futuro irregular_verb low_irregularity regular_form vosotros "
"→ En el futuro, →ellos/ellas/ustedes _____ (una cosa de la otra)","discernirán","Intermediate","fill_in_blank","discernir","None","None","No","No"," discernir ellos_ellas_ustedes ends_in_ir futuro irregular_verb low_irregularity regular_form "
"… Si ocurriese esto, …yo _____ (una cosa de la otra)","discerniría","Intermediate","fill_in_blank","discernir","None","None","No","No"," condicional discernir ends_in_ir irregular_verb low_irregularity regular_form yo "
"… Si sucediera esto, …tú/vos _____ (una cosa de la otra)","discernirías","Intermediate","fill_in_blank","discernir","None","None","No","No"," condicional discernir ends_in_ir irregular_verb low_irregularity regular_form tú_vos "
"… Si acaeciera algo, …él/ella/usted _____ (una cosa de la otra)","discerniría","Intermediate","fill_in_blank","discernir","None","None","No","No"," condicional discernir ends_in_ir irregular_verb low_irregularity regular_form él_ella_usted "
"… Si pasara algo, …nosotros _____ (una cosa de la otra)","discerniríamos","Intermediate","fill_in_blank","discernir","None","None","No","No"," condicional discernir ends_in_ir irregular_verb low_irregularity nosotros regular_form "
"… Si aconteciese esto, …vosotros _____ (una cosa de la otra)","discerniríais","Intermediate","fill_in_blank","discernir","None","None","No","No"," condicional discernir ends_in_ir irregular_verb low_irregularity regular_form vosotros "
"… Si se produjera esto, …ellos/ellas/ustedes _____ (una cosa de la otra)","discernirían","Intermediate","fill_in_blank","discernir","None","None","No","No"," condicional discernir ellos_ellas_ustedes ends_in_ir irregular_verb low_irregularity regular_form "
"〰 Resulta divertido que 〰yo _____ (una cosa de la otra)","discierna","Elementary","fill_in_blank","discernir","None","None","No","No"," discernir ends_in_ir irregular_form irregular_verb low_irregularity subjuntivo_presente yo "
"〰 Resulta divertido que 〰tú/vos _____ (una cosa de la otra)","disciernas","Elementary","fill_in_blank","discernir","None","None","No","No"," discernir ends_in_ir irregular_form irregular_verb low_irregularity subjuntivo_presente tú_vos "
"〰 Resulta divertido que 〰él/ella/usted _____ (una cosa de la otra)","discierna","Elementary","fill_in_blank","discernir","None","None","No","No"," discernir ends_in_ir irregular_form irregular_verb low_irregularity subjuntivo_presente él_ella_usted "
"〰 Resulta divertido que 〰nosotros _____ (una cosa de la otra)","discernamos","Elementary","fill_in_blank","discernir","None","None","No","No"," discernir ends_in_ir irregular_verb low_irregularity nosotros regular_form subjuntivo_presente "
"〰 Resulta divertido que 〰vosotros _____ (una cosa de la otra)","discernáis","Elementary","fill_in_blank","discernir","None","None","No","No"," discernir ends_in_ir irregular_verb low_irregularity regular_form subjuntivo_presente vosotros "
"〰 Resulta divertido que 〰ellos/ellas/ustedes _____ (una cosa de la otra)","disciernan","Elementary","fill_in_blank","discernir","None","None","No","No"," discernir ellos_ellas_ustedes ends_in_ir irregular_form irregular_verb low_irregularity subjuntivo_presente "
"↫ Fue sorprendente que ↫yo _____ (una cosa de la otra)","discerniera | discerniese","Advanced","fill_in_blank","discernir","None","None","No","No"," discernir ends_in_ir irregular_verb low_irregularity regular_form subjuntivo_pasado yo "
"↫ Fue sorprendente que ↫tú/vos _____ (una cosa de la otra)","discernieras | discernieses","Advanced","fill_in_blank","discernir","None","None","No","No"," discernir ends_in_ir irregular_verb low_irregularity regular_form subjuntivo_pasado tú_vos "
"↫ Fue sorprendente que ↫él/ella/usted _____ (una cosa de la otra)","discerniera | discerniese","Advanced","fill_in_blank","discernir","None","None","No","No"," discernir ends_in_ir irregular_verb low_irregularity regular_form subjuntivo_pasado él_ella_usted "
"↫ Fue sorprendente que ↫nosotros _____ (una cosa de la otra)","discerniéramos | discerniésemos","Advanced","fill_in_blank","discernir","None","None","No","No"," discernir ends_in_ir irregular_verb low_irregularity nosotros regular_form subjuntivo_pasado "
"↫ Fue sorprendente que ↫vosotros _____ (una cosa de la otra)","discernierais | discernieseis","Advanced","fill_in_blank","discernir","None","None","No","No"," discernir ends_in_ir irregular_verb low_irregularity regular_form subjuntivo_pasado vosotros "
"↫ Fue sorprendente que ↫ellos/ellas/ustedes _____ (una cosa de la otra)","discernieran | discerniesen","Advanced","fill_in_blank","discernir","None","None","No","No"," discernir ellos_ellas_ustedes ends_in_ir irregular_verb low_irregularity regular_form subjuntivo_pasado "
"Hombre, por favor,¡ _____ (una cosa de la otra), ya !(tú)","discierne","Intermediate","fill_in_blank","discernir","None","None","No","No"," discernir ends_in_ir imperativo irregular_form irregular_verb low_irregularity tú tú_vos "
"Hombre, por favor,¡ _____ (una cosa de la otra), ya !(vos)","discerní","Intermediate","fill_in_blank","discernir","None","None","No","No"," discernir ends_in_ir imperativo irregular_verb low_irregularity regular_form tú_vos vos "
"Mujer, por favor,¡ no _____ (una cosa de la otra) !(tú/vos)","disciernas","Intermediate","fill_in_blank","discernir","None","None","No","No"," discernir ends_in_ir imperativo irregular_form irregular_verb low_irregularity negative_imperativo tú_vos "
"Señora, por favor,¡ (que) _____ (una cosa de la otra), ya !(él/ella/usted)","discierna","Intermediate","fill_in_blank","discernir","None","None","No","No"," discernir ends_in_ir imperativo irregular_form irregular_verb low_irregularity él_ella_usted "
"Vámonos equipo, por favor,¡ (que) _____ (una cosa de la otra), ya !(nosotros)","discernamos","Intermediate","fill_in_blank","discernir","None","None","No","No"," discernir ends_in_ir imperativo irregular_verb low_irregularity nosotros regular_form "
"Tú y tú, por favor,¡ _____ (una cosa de la otra), ya !(vosotros)","discernid","Intermediate","fill_in_blank","discernir","None","None","No","No"," discernir ends_in_ir imperativo irregular_verb low_irregularity regular_form vosotros "
"Señores, por favor,¡ (que) _____ (una cosa de la otra), ya ! (ellos/ellas/ustedes)","disciernan","Intermediate","fill_in_blank","discernir","None","None","No","No"," discernir ellos_ellas_ustedes ends_in_ir imperativo irregular_form irregular_verb low_irregularity "
"↬ Si en un dudoso futuro ↬yo lo _____, ¡suerte!","discerniere","Advanced","fill_in_blank","discernir","None","None","No","No"," discernir ends_in_ir irregular_verb low_irregularity regular_form subjuntivo_futuro yo "
"↬ Si en un dudoso futuro ↬tú/vos lo _____, ¡suerte!","discernieres","Advanced","fill_in_blank","discernir","None","None","No","No"," discernir ends_in_ir irregular_verb low_irregularity regular_form subjuntivo_futuro tú_vos "
"↬ Si en un dudoso futuro ↬él/ella/usted lo _____, ¡suerte!","discerniere","Advanced","fill_in_blank","discernir","None","None","No","No"," discernir ends_in_ir irregular_verb low_irregularity regular_form subjuntivo_futuro él_ella_usted "
"↬ Si en un dudoso futuro ↬nosotros lo _____, ¡suerte!","discerniéremos","Advanced","fill_in_blank","discernir","None","None","No","No"," discernir ends_in_ir irregular_verb low_irregularity nosotros regular_form subjuntivo_futuro "
"↬ Si en un dudoso futuro ↬vosotros lo _____, ¡suerte!","discerniereis","Advanced","fill_in_blank","discernir","None","None","No","No"," discernir ends_in_ir irregular_verb low_irregularity regular_form subjuntivo_futuro vosotros "
"↬ Si en un dudoso futuro ↬ellos/ellas/ustedes lo _____, ¡suerte!","discernieren","Advanced","fill_in_blank","discernir","None","None","No","No"," discernir ellos_ellas_ustedes ends_in_ir irregular_verb low_irregularity regular_form subjuntivo_futuro "
"El verbo enél gruñees _____","gruñir","Intermediate","fill_in_blank","None","None","None","No","No"," ends_in_ir gruñir infinitivo regular_form regular_verb "
"Mientras estoy estudiando…ella está _____","gruñendo","Intermediate","fill_in_blank","gruñir","None","None","No","No"," ends_in_ir gerundio gruñir regular_form regular_spelling_change regular_verb "
"Hugo ha _____ (de placer)","gruñido","Intermediate","fill_in_blank","gruñir","None","None","No","No"," ends_in_ir gruñir participio regular_form regular_verb "
"⊙ Ahora mismo, ⊙yo _____ (de placer)","gruño","Elementary","fill_in_blank","gruñir","None","None","No","No"," ends_in_ir gruñir presente regular_form regular_verb yo "
"⊙ Ahora mismo, ⊙tú _____ (de placer)","gruñes","Elementary","fill_in_blank","gruñir","None","None","No","No"," ends_in_ir gruñir presente regular_form regular_verb tú tú_vos "
"⊙ Ahora mismo, ⊙vos _____ (de placer)","gruñís","Elementary","fill_in_blank","gruñir","None","None","No","No"," ends_in_ir gruñir presente regular_form regular_verb tú_vos vos "
"⊙ Ahora mismo, ⊙él/ella/usted _____ (de placer)","gruñe","Elementary","fill_in_blank","gruñir","None","None","No","No"," ends_in_ir gruñir in_the_wild modismo presente regular_form regular_verb él_ella_usted "
"⊙ Ahora mismo, ⊙nosotros _____ (de placer)","gruñimos","Elementary","fill_in_blank","gruñir","None","None","No","No"," ends_in_ir gruñir nosotros presente regular_form regular_verb "
"⊙ Ahora mismo, ⊙vosotros _____ (de placer)","gruñís","Elementary","fill_in_blank","gruñir","None","None","No","No"," ends_in_ir gruñir presente regular_form regular_verb vosotros "
"⊙ Ahora mismo, ⊙ellos/ellas/ustedes _____ (de placer)","gruñen","Elementary","fill_in_blank","gruñir","None","None","No","No"," ellos_ellas_ustedes ends_in_ir gruñir presente regular_form regular_verb "
"⇠ En esa época, a menudo, ⇠yo _____ (de placer)","gruñía","Intermediate","fill_in_blank","gruñir","None","None","No","No"," ends_in_ir gruñir imperfecto regular_form regular_verb yo "
"⇠ En esa época, a menudo, ⇠tú/vos _____ (de placer)","gruñías","Intermediate","fill_in_blank","gruñir","None","None","No","No"," ends_in_ir gruñir imperfecto regular_form regular_verb tú_vos "
"⇠ En esa época, a menudo, ⇠él/ella/usted _____ (de placer)","gruñía","Intermediate","fill_in_blank","gruñir","None","None","No","No"," ends_in_ir gruñir imperfecto regular_form regular_verb él_ella_usted "
"⇠ En esa época, a menudo, ⇠nosotros _____ (de placer)","gruñíamos","Intermediate","fill_in_blank","gruñir","None","None","No","No"," ends_in_ir gruñir imperfecto nosotros regular_form regular_verb "
"⇠ En esa época, a menudo, ⇠vosotros _____ (de placer)","gruñíais","Intermediate","fill_in_blank","gruñir","None","None","No","No"," ends_in_ir gruñir imperfecto regular_form regular_verb vosotros "
"⇠ En esa época, a menudo, ⇠ellos/ellas/ustedes _____ (de placer)","gruñían","Intermediate","fill_in_blank","gruñir","None","None","No","No"," ellos_ellas_ustedes ends_in_ir gruñir imperfecto regular_form regular_verb "
"↧ En aquel momento ↧yo _____ (de placer)","gruñí","Intermediate","fill_in_blank","gruñir","None","None","No","No"," ends_in_ir gruñir indefinido regular_form regular_verb yo "
"↧ En aquel momento ↧tú/vos _____ (de placer)","gruñiste","Intermediate","fill_in_blank","gruñir","None","None","No","No"," ends_in_ir gruñir indefinido regular_form regular_verb tú_vos "
"↧ En aquel momento ↧él/ella/usted _____ (de placer)","gruñó","Intermediate","fill_in_blank","gruñir","None","None","No","No"," ends_in_ir gruñir indefinido regular_form regular_spelling_change regular_verb él_ella_usted "
"↧ En aquel momento ↧nosotros _____ (de placer)","gruñimos","Intermediate","fill_in_blank","gruñir","None","None","No","No"," ends_in_ir gruñir indefinido nosotros regular_form regular_verb "
"↧ En aquel momento ↧vosotros _____ (de placer)","gruñisteis","Intermediate","fill_in_blank","gruñir","None","None","No","No"," ends_in_ir gruñir indefinido regular_form regular_verb vosotros "
"↧ En aquel momento ↧ellos/ellas/ustedes _____ (de placer)","gruñeron","Intermediate","fill_in_blank","gruñir","None","None","No","No"," ellos_ellas_ustedes ends_in_ir gruñir indefinido regular_form regular_spelling_change regular_verb "
"→ En el futuro, →yo _____ (de placer)","gruñiré","Intermediate","fill_in_blank","gruñir","None","None","No","No"," ends_in_ir futuro gruñir regular_form regular_verb yo "
"→ En el futuro, →tú/vos _____ (de placer)","gruñirás","Intermediate","fill_in_blank","gruñir","None","None","No","No"," ends_in_ir futuro gruñir regular_form regular_verb tú_vos "
"→ En el futuro, →él/ella/usted _____ (de placer)","gruñirá","Intermediate","fill_in_blank","gruñir","None","None","No","No"," ends_in_ir futuro gruñir regular_form regular_verb él_ella_usted "
"→ En el futuro, →nosotros _____ (de placer)","gruñiremos","Intermediate","fill_in_blank","gruñir","None","None","No","No"," ends_in_ir futuro gruñir nosotros regular_form regular_verb "
"→ En el futuro, →vosotros _____ (de placer)","gruñiréis","Intermediate","fill_in_blank","gruñir","None","None","No","No"," ends_in_ir futuro gruñir regular_form regular_verb vosotros "
"→ En el futuro, →ellos/ellas/ustedes _____ (de placer)","gruñirán","Intermediate","fill_in_blank","gruñir","None","None","No","No"," ellos_ellas_ustedes ends_in_ir futuro gruñir regular_form regular_verb "
"… Si ocurriese esto, …yo _____ (de placer)","gruñiría","Intermediate","fill_in_blank","gruñir","None","None","No","No"," condicional ends_in_ir gruñir regular_form regular_verb yo "
"… Si sucediera esto, …tú/vos _____ (de placer)","gruñirías","Intermediate","fill_in_blank","gruñir","None","None","No","No"," condicional ends_in_ir gruñir regular_form regular_verb tú_vos "
"… Si acaeciera algo, …él/ella/usted _____ (de placer)","gruñiría","Intermediate","fill_in_blank","gruñir","None","None","No","No"," condicional ends_in_ir gruñir regular_form regular_verb él_ella_usted "
"… Si pasara algo, …nosotros _____ (de placer)","gruñiríamos","Intermediate","fill_in_blank","gruñir","None","None","No","No"," condicional ends_in_ir gruñir nosotros regular_form regular_verb "
"… Si aconteciese esto, …vosotros _____ (de placer)","gruñiríais","Intermediate","fill_in_blank","gruñir","None","None","No","No"," condicional ends_in_ir gruñir regular_form regular_verb vosotros "
"… Si se produjera esto, …ellos/ellas/ustedes _____ (de placer)","gruñirían","Intermediate","fill_in_blank","gruñir","None","None","No","No"," condicional ellos_ellas_ustedes ends_in_ir gruñir regular_form regular_verb "
"〰 Resulta divertido que 〰yo _____ (de placer)","gruña","Elementary","fill_in_blank","gruñir","None","None","No","No"," ends_in_ir gruñir regular_form regular_verb subjuntivo_presente yo "
"〰 Resulta divertido que 〰tú/vos _____ (de placer)","gruñas","Elementary","fill_in_blank","gruñir","None","None","No","No"," ends_in_ir gruñir regular_form regular_verb subjuntivo_presente tú_vos "
"〰 Resulta divertido que 〰él/ella/usted _____ (de placer)","gruña","Elementary","fill_in_blank","gruñir","None","None","No","No"," ends_in_ir gruñir regular_form regular_verb subjuntivo_presente él_ella_usted "
"〰 Resulta divertido que 〰nosotros _____ (de placer)","gruñamos","Elementary","fill_in_blank","gruñir","None","None","No","No"," ends_in_ir gruñir nosotros regular_form regular_verb subjuntivo_presente "
"〰 Resulta divertido que 〰vosotros _____ (de placer)","gruñáis","Elementary","fill_in_blank","gruñir","None","None","No","No"," ends_in_ir gruñir regular_form regular_verb subjuntivo_presente vosotros "
"〰 Resulta divertido que 〰ellos/ellas/ustedes _____ (de placer)","gruñan","Elementary","fill_in_blank","gruñir","None","None","No","No"," ellos_ellas_ustedes ends_in_ir gruñir regular_form regular_verb subjuntivo_presente "
"↫ Fue sorprendente que ↫yo _____ (de placer)","gruñera | gruñese","Advanced","fill_in_blank","gruñir","None","None","No","No"," ends_in_ir gruñir regular_form regular_spelling_change regular_verb subjuntivo_pasado yo "
"↫ Fue sorprendente que ↫tú/vos _____ (de placer)","gruñeras | gruñeses","Advanced","fill_in_blank","gruñir","None","None","No","No"," ends_in_ir gruñir regular_form regular_spelling_change regular_verb subjuntivo_pasado tú_vos "
"↫ Fue sorprendente que ↫él/ella/usted _____ (de placer)","gruñera | gruñese","Advanced","fill_in_blank","gruñir","None","None","No","No"," ends_in_ir gruñir regular_form regular_spelling_change regular_verb subjuntivo_pasado él_ella_usted "
"↫ Fue sorprendente que ↫nosotros _____ (de placer)","gruñéramos | gruñésemos","Advanced","fill_in_blank","gruñir","None","None","No","No"," ends_in_ir gruñir nosotros regular_form regular_spelling_change regular_verb subjuntivo_pasado "
"↫ Fue sorprendente que ↫vosotros _____ (de placer)","gruñerais | gruñeseis","Advanced","fill_in_blank","gruñir","None","None","No","No"," ends_in_ir gruñir regular_form regular_spelling_change regular_verb subjuntivo_pasado vosotros "
"↫ Fue sorprendente que ↫ellos/ellas/ustedes _____ (de placer)","gruñeran | gruñesen","Advanced","fill_in_blank","gruñir","None","None","No","No"," ellos_ellas_ustedes ends_in_ir gruñir regular_form regular_spelling_change regular_verb subjuntivo_pasado "
"Hombre, por favor,¡ _____ , ya !(tú)","gruñe","Intermediate","fill_in_blank","gruñir","None","None","No","No"," ends_in_ir gruñir imperativo regular_form regular_verb tú tú_vos "
"Hombre, por favor,¡ _____ , ya !(vos)","gruñí","Intermediate","fill_in_blank","gruñir","None","None","No","No"," ends_in_ir gruñir imperativo regular_form regular_verb tú_vos vos "
"Mujer, por favor,¡ no _____ !(tú/vos)","gruñas","Intermediate","fill_in_blank","gruñir","None","None","No","No"," ends_in_ir gruñir imperativo negative_imperativo regular_form regular_verb tú_vos "
"Señora, por favor,¡ (que) _____ , ya !(él/ella/usted)","gruña","Intermediate","fill_in_blank","gruñir","None","None","No","No"," ends_in_ir gruñir imperativo regular_form regular_verb él_ella_usted "
"Vámonos equipo, por favor,¡ (que) _____ , ya !(nosotros)","gruñamos","Intermediate","fill_in_blank","gruñir","None","None","No","No"," ends_in_ir gruñir imperativo nosotros regular_form regular_verb "
"Tú y tú, por favor,¡ _____ , ya !(vosotros)","gruñid","Intermediate","fill_in_blank","gruñir","None","None","No","No"," ends_in_ir gruñir imperativo regular_form regular_verb vosotros "
"Señores, por favor,¡ (que) _____ , ya ! (ellos/ellas/ustedes)","gruñan","Intermediate","fill_in_blank","gruñir","None","None","No","No"," ellos_ellas_ustedes ends_in_ir gruñir imperativo regular_form regular_verb "
"↬ Si en un dudoso futuro ↬yo _____ así, ¡suerte!","gruñere","Advanced","fill_in_blank","gruñir","None","None","No","No"," ends_in_ir gruñir regular_form regular_spelling_change regular_verb subjuntivo_futuro yo "
"↬ Si en un dudoso futuro ↬tú/vos _____ así, ¡suerte!","gruñeres","Advanced","fill_in_blank","gruñir","None","None","No","No"," ends_in_ir gruñir regular_form regular_spelling_change regular_verb subjuntivo_futuro tú_vos "
"↬ Si en un dudoso futuro ↬él/ella/usted _____ así, ¡suerte!","gruñere","Advanced","fill_in_blank","gruñir","None","None","No","No"," ends_in_ir gruñir regular_form regular_spelling_change regular_verb subjuntivo_futuro él_ella_usted "
"↬ Si en un dudoso futuro ↬nosotros _____ así, ¡suerte!","gruñéremos","Advanced","fill_in_blank","gruñir","None","None","No","No"," ends_in_ir gruñir nosotros regular_form regular_spelling_change regular_verb subjuntivo_futuro "
"↬ Si en un dudoso futuro ↬vosotros _____ así, ¡suerte!","gruñereis","Advanced","fill_in_blank","gruñir","None","None","No","No"," ends_in_ir gruñir regular_form regular_spelling_change regular_verb subjuntivo_futuro vosotros "
"↬ Si en un dudoso futuro ↬ellos/ellas/ustedes _____ así, ¡suerte!","gruñeren","Advanced","fill_in_blank","gruñir","None","None","No","No"," ellos_ellas_ustedes ends_in_ir gruñir regular_form regular_spelling_change regular_verb subjuntivo_futuro "
"El verbo enél se endeudaes _____","endeudarse","Intermediate","fill_in_blank","None","None","None","No","No"," endeudarse ends_in_ar infinitivo pronominal regular_form regular_verb "
"Mientras estoy estudiando…ella está _____","endeudándose","Intermediate","fill_in_blank","endeudarse","None","None","No","No"," endeudarse ends_in_ar gerundio pronominal regular_form regular_verb "
"Hugo se ha _____","endeudado","Intermediate","fill_in_blank","endeudarse","None","None","No","No"," endeudarse ends_in_ar in_the_wild modismo participio pronominal regular_form regular_verb "
"⊙ Ahora mismo, ⊙yo _____","me endeudo","Elementary","fill_in_blank","endeudarse","None","None","No","No"," endeudarse ends_in_ar presente pronominal regular_form regular_verb yo "
"⊙ Ahora mismo, ⊙tú _____","te endeudas","Elementary","fill_in_blank","endeudarse","None","None","No","No"," endeudarse ends_in_ar presente pronominal regular_form regular_verb tú tú_vos "
"⊙ Ahora mismo, ⊙vos _____","te endeudás","Elementary","fill_in_blank","endeudarse","None","None","No","No"," endeudarse ends_in_ar presente pronominal regular_form regular_verb tú_vos vos "
"⊙ Ahora mismo, ⊙él/ella/usted _____","se endeuda","Elementary","fill_in_blank","endeudarse","None","None","No","No"," endeudarse ends_in_ar presente pronominal regular_form regular_verb él_ella_usted "
"⊙ Ahora mismo, ⊙nosotros _____","nos endeudamos","Elementary","fill_in_blank","endeudarse","None","None","No","No"," endeudarse ends_in_ar nosotros presente pronominal regular_form regular_verb "
"⊙ Ahora mismo, ⊙vosotros _____","os endeudáis","Elementary","fill_in_blank","endeudarse","None","None","No","No"," endeudarse ends_in_ar presente pronominal regular_form regular_verb vosotros "
"⊙ Ahora mismo, ⊙ellos/ellas/ustedes _____","se endeudan","Elementary","fill_in_blank","endeudarse","None","None","No","No"," ellos_ellas_ustedes endeudarse ends_in_ar presente pronominal regular_form regular_verb "
"⇠ En esa época, a menudo, ⇠yo _____","me endeudaba","Intermediate","fill_in_blank","endeudarse","None","None","No","No"," endeudarse ends_in_ar imperfecto pronominal regular_form regular_verb yo "
"⇠ En esa época, a menudo, ⇠tú/vos _____","te endeudabas","Intermediate","fill_in_blank","endeudarse","None","None","No","No"," endeudarse ends_in_ar imperfecto pronominal regular_form regular_verb tú_vos "
"⇠ En esa época, a menudo, ⇠él/ella/usted _____","se endeudaba","Intermediate","fill_in_blank","endeudarse","None","None","No","No"," endeudarse ends_in_ar imperfecto pronominal regular_form regular_verb él_ella_usted "
"⇠ En esa época, a menudo, ⇠nosotros _____","nos endeudábamos","Intermediate","fill_in_blank","endeudarse","None","None","No","No"," endeudarse ends_in_ar imperfecto nosotros pronominal regular_form regular_verb "
"⇠ En esa época, a menudo, ⇠vosotros _____","os endeudabais","Intermediate","fill_in_blank","endeudarse","None","None","No","No"," endeudarse ends_in_ar imperfecto pronominal regular_form regular_verb vosotros "
"⇠ En esa época, a menudo, ⇠ellos/ellas/ustedes _____","se endeudaban","Intermediate","fill_in_blank","endeudarse","None","None","No","No"," ellos_ellas_ustedes endeudarse ends_in_ar imperfecto pronominal regular_form regular_verb "
"↧ En aquel momento ↧yo _____","me endeudé","Intermediate","fill_in_blank","endeudarse","None","None","No","No"," endeudarse ends_in_ar indefinido pronominal regular_form regular_verb yo "
"↧ En aquel momento ↧tú/vos _____","te endeudaste","Intermediate","fill_in_blank","endeudarse","None","None","No","No"," endeudarse ends_in_ar indefinido pronominal regular_form regular_verb tú_vos "
"↧ En aquel momento ↧él/ella/usted _____","se endeudó","Intermediate","fill_in_blank","endeudarse","None","None","No","No"," endeudarse ends_in_ar indefinido pronominal regular_form regular_verb él_ella_usted "
"↧ En aquel momento ↧nosotros _____","nos endeudamos","Intermediate","fill_in_blank","endeudarse","None","None","No","No"," endeudarse ends_in_ar indefinido nosotros pronominal regular_form regular_verb "
"↧ En aquel momento ↧vosotros _____","os endeudasteis","Intermediate","fill_in_blank","endeudarse","None","None","No","No"," endeudarse ends_in_ar indefinido pronominal regular_form regular_verb vosotros "
"↧ En aquel momento ↧ellos/ellas/ustedes _____","se endeudaron","Intermediate","fill_in_blank","endeudarse","None","None","No","No"," ellos_ellas_ustedes endeudarse ends_in_ar indefinido pronominal regular_form regular_verb "
"→ En el futuro, →yo _____","me endeudaré","Intermediate","fill_in_blank","endeudarse","None","None","No","No"," endeudarse ends_in_ar futuro pronominal regular_form regular_verb yo "
"→ En el futuro, →tú/vos _____","te endeudarás","Intermediate","fill_in_blank","endeudarse","None","None","No","No"," endeudarse ends_in_ar futuro pronominal regular_form regular_verb tú_vos "
"→ En el futuro, →él/ella/usted _____","se endeudará","Intermediate","fill_in_blank","endeudarse","None","None","No","No"," endeudarse ends_in_ar futuro pronominal regular_form regular_verb él_ella_usted "
"→ En el futuro, →nosotros _____","nos endeudaremos","Intermediate","fill_in_blank","endeudarse","None","None","No","No"," endeudarse ends_in_ar futuro nosotros pronominal regular_form regular_verb "
"→ En el futuro, →vosotros _____","os endeudaréis","Intermediate","fill_in_blank","endeudarse","None","None","No","No"," endeudarse ends_in_ar futuro pronominal regular_form regular_verb vosotros "
"→ En el futuro, →ellos/ellas/ustedes _____","se endeudarán","Intermediate","fill_in_blank","endeudarse","None","None","No","No"," ellos_ellas_ustedes endeudarse ends_in_ar futuro pronominal regular_form regular_verb "
"… Si ocurriese esto, …yo _____","me endeudaría","Intermediate","fill_in_blank","endeudarse","None","None","No","No"," condicional endeudarse ends_in_ar pronominal regular_form regular_verb yo "
"… Si sucediera esto, …tú/vos _____","te endeudarías","Intermediate","fill_in_blank","endeudarse","None","None","No","No"," condicional endeudarse ends_in_ar pronominal regular_form regular_verb tú_vos "
"… Si acaeciera algo, …él/ella/usted _____","se endeudaría","Intermediate","fill_in_blank","endeudarse","None","None","No","No"," condicional endeudarse ends_in_ar pronominal regular_form regular_verb él_ella_usted "
"… Si pasara algo, …nosotros _____","nos endeudaríamos","Intermediate","fill_in_blank","endeudarse","None","None","No","No"," condicional endeudarse ends_in_ar nosotros pronominal regular_form regular_verb "
"… Si aconteciese esto, …vosotros _____","os endeudaríais","Intermediate","fill_in_blank","endeudarse","None","None","No","No"," condicional endeudarse ends_in_ar pronominal regular_form regular_verb vosotros "
"… Si se produjera esto, …ellos/ellas/ustedes _____","se endeudarían","Intermediate","fill_in_blank","endeudarse","None","None","No","No"," condicional ellos_ellas_ustedes endeudarse ends_in_ar pronominal regular_form regular_verb "
"〰 Resulta divertido que 〰yo _____","me endeude","Elementary","fill_in_blank","endeudarse","None","None","No","No"," endeudarse ends_in_ar pronominal regular_form regular_verb subjuntivo_presente yo "
"〰 Resulta divertido que 〰tú/vos _____","te endeudes","Elementary","fill_in_blank","endeudarse","None","None","No","No"," endeudarse ends_in_ar pronominal regular_form regular_verb subjuntivo_presente tú_vos "
"〰 Resulta divertido que 〰él/ella/usted _____","se endeude","Elementary","fill_in_blank","endeudarse","None","None","No","No"," endeudarse ends_in_ar pronominal regular_form regular_verb subjuntivo_presente él_ella_usted "
"〰 Resulta divertido que 〰nosotros _____","nos endeudemos","Elementary","fill_in_blank","endeudarse","None","None","No","No"," endeudarse ends_in_ar nosotros pronominal regular_form regular_verb subjuntivo_presente "
"〰 Resulta divertido que 〰vosotros _____","os endeudéis","Elementary","fill_in_blank","endeudarse","None","None","No","No"," endeudarse ends_in_ar pronominal regular_form regular_verb subjuntivo_presente vosotros "
"〰 Resulta divertido que 〰ellos/ellas/ustedes _____","se endeuden","Elementary","fill_in_blank","endeudarse","None","None","No","No"," ellos_ellas_ustedes endeudarse ends_in_ar pronominal regular_form regular_verb subjuntivo_presente "
"↫ Fue sorprendente que ↫yo _____","me endeudara | me endeudase","Advanced","fill_in_blank","endeudarse","None","None","No","No"," endeudarse ends_in_ar pronominal regular_form regular_verb subjuntivo_pasado yo "
"↫ Fue sorprendente que ↫tú/vos _____","te endeudaras | te endeudases","Advanced","fill_in_blank","endeudarse","None","None","No","No"," endeudarse ends_in_ar pronominal regular_form regular_verb subjuntivo_pasado tú_vos "
"↫ Fue sorprendente que ↫él/ella/usted _____","se endeudara | se endeudase","Advanced","fill_in_blank","endeudarse","None","None","No","No"," endeudarse ends_in_ar pronominal regular_form regular_verb subjuntivo_pasado él_ella_usted "
"↫ Fue sorprendente que ↫nosotros _____","nos endeudáramos | nos endeudásemos","Advanced","fill_in_blank","endeudarse","None","None","No","No"," endeudarse ends_in_ar nosotros pronominal regular_form regular_verb subjuntivo_pasado "
"↫ Fue sorprendente que ↫vosotros _____","os endeudarais | os endeudaseis","Advanced","fill_in_blank","endeudarse","None","None","No","No"," endeudarse ends_in_ar pronominal regular_form regular_verb subjuntivo_pasado vosotros "
"↫ Fue sorprendente que ↫ellos/ellas/ustedes _____","se endeudaran | se endeudasen","Advanced","fill_in_blank","endeudarse","None","None","No","No"," ellos_ellas_ustedes endeudarse ends_in_ar pronominal regular_form regular_verb subjuntivo_pasado "
"Hombre, por favor,¡ _____ , ya !(tú)","endéudate","Intermediate","fill_in_blank","endeudarse","None","None","No","No"," endeudarse ends_in_ar imperativo pronominal regular_form regular_verb tú tú_vos "
"Hombre, por favor,¡ _____ , ya !(vos)","endeudate","Intermediate","fill_in_blank","endeudarse","None","None","No","No"," endeudarse ends_in_ar imperativo pronominal regular_form regular_verb tú_vos vos "
"Mujer, por favor,¡ no _____ !(tú/vos)","te endeudes","Intermediate","fill_in_blank","endeudarse","None","None","No","No"," endeudarse ends_in_ar imperativo negative_imperativo pronominal regular_form regular_verb tú_vos "
"Señora, por favor,¡ _____ , ya !(él/ella/usted)","endéudese","Intermediate","fill_in_blank","endeudarse","None","None","No","No"," endeudarse ends_in_ar imperativo pronominal regular_form regular_verb él_ella_usted "
"Vámonos equipo, por favor,¡ _____ , ya !(nosotros)","endeudémonos","Intermediate","fill_in_blank","endeudarse","None","None","No","No"," endeudarse ends_in_ar imperativo nosotros pronominal regular_form regular_verb "
"Tú y tú, por favor,¡ _____ , ya !(vosotros)","endeudaos","Intermediate","fill_in_blank","endeudarse","None","None","No","No"," endeudarse ends_in_ar imperativo pronominal regular_form regular_verb vosotros "
"Señores, por favor,¡ _____ , ya ! (ellos/ellas/ustedes)","endéudense","Intermediate","fill_in_blank","endeudarse","None","None","No","No"," ellos_ellas_ustedes endeudarse ends_in_ar imperativo pronominal regular_form regular_verb "
"↬ Si en un dudoso futuro ↬yo _____, ¡suerte!","me endeudare","Advanced","fill_in_blank","endeudarse","None","None","No","No"," endeudarse ends_in_ar pronominal regular_form regular_verb subjuntivo_futuro yo "
"↬ Si en un dudoso futuro ↬tú/vos _____, ¡suerte!","te endeudares","Advanced","fill_in_blank","endeudarse","None","None","No","No"," endeudarse ends_in_ar pronominal regular_form regular_verb subjuntivo_futuro tú_vos "
"↬ Si en un dudoso futuro ↬él/ella/usted _____, ¡suerte!","se endeudare","Advanced","fill_in_blank","endeudarse","None","None","No","No"," endeudarse ends_in_ar pronominal regular_form regular_verb subjuntivo_futuro él_ella_usted "
"↬ Si en un dudoso futuro ↬nosotros _____, ¡suerte!","nos endeudáremos","Advanced","fill_in_blank","endeudarse","None","None","No","No"," endeudarse ends_in_ar nosotros pronominal regular_form regular_verb subjuntivo_futuro "
"↬ Si en un dudoso futuro ↬vosotros _____, ¡suerte!","os endeudareis","Advanced","fill_in_blank","endeudarse","None","None","No","No"," endeudarse ends_in_ar pronominal regular_form regular_verb subjuntivo_futuro vosotros "
"↬ Si en un dudoso futuro ↬ellos/ellas/ustedes _____, ¡suerte!","se endeudaren","Advanced","fill_in_blank","endeudarse","None","None","No","No"," ellos_ellas_ustedes endeudarse ends_in_ar pronominal regular_form regular_verb subjuntivo_futuro "
"El verbo enél delinquees _____","delinquir","Intermediate","fill_in_blank","None","None","None","No","No"," delinquir ends_in_ir infinitivo regular_form regular_verb "
"Mientras estoy estudiando…ella está _____","delinquiendo","Intermediate","fill_in_blank","delinquir","None","None","No","No"," delinquir ends_in_ir gerundio regular_form regular_verb "
"Hugo ha _____ (descaradamente)","delinquido","Intermediate","fill_in_blank","delinquir","None","None","No","No"," delinquir ends_in_ir participio regular_form regular_verb "
"⊙ Ahora mismo, ⊙yo _____ (descaradamente)","delinco","Elementary","fill_in_blank","delinquir","None","None","No","No"," delinquir ends_in_ir presente regular_form regular_spelling_change regular_verb yo "
"⊙ Ahora mismo, ⊙tú _____ (descaradamente)","delinques","Elementary","fill_in_blank","delinquir","None","None","No","No"," delinquir ends_in_ir presente regular_form regular_verb tú tú_vos "
"⊙ Ahora mismo, ⊙vos _____ (descaradamente)","delinquís","Elementary","fill_in_blank","delinquir","None","None","No","No"," delinquir ends_in_ir presente regular_form regular_verb tú_vos vos "
"⊙ Ahora mismo, ⊙él/ella/usted _____ (descaradamente)","delinque","Elementary","fill_in_blank","delinquir","None","None","No","No"," delinquir ends_in_ir presente regular_form regular_verb él_ella_usted "
"⊙ Ahora mismo, ⊙nosotros _____ (descaradamente)","delinquimos","Elementary","fill_in_blank","delinquir","None","None","No","No"," delinquir ends_in_ir nosotros presente regular_form regular_verb "
"⊙ Ahora mismo, ⊙vosotros _____ (descaradamente)","delinquís","Elementary","fill_in_blank","delinquir","None","None","No","No"," delinquir ends_in_ir presente regular_form regular_verb vosotros "
"⊙ Ahora mismo, ⊙ellos/ellas/ustedes _____ (descaradamente)","delinquen","Elementary","fill_in_blank","delinquir","None","None","No","No"," delinquir ellos_ellas_ustedes ends_in_ir presente regular_form regular_verb "
"⇠ En esa época, a menudo, ⇠yo _____ (descaradamente)","delinquía","Intermediate","fill_in_blank","delinquir","None","None","No","No"," delinquir ends_in_ir imperfecto regular_form regular_verb yo "
"⇠ En esa época, a menudo, ⇠tú/vos _____ (descaradamente)","delinquías","Intermediate","fill_in_blank","delinquir","None","None","No","No"," delinquir ends_in_ir imperfecto regular_form regular_verb tú_vos "
"⇠ En esa época, a menudo, ⇠él/ella/usted _____ (descaradamente)","delinquía","Intermediate","fill_in_blank","delinquir","None","None","No","No"," delinquir ends_in_ir imperfecto regular_form regular_verb él_ella_usted "
"⇠ En esa época, a menudo, ⇠nosotros _____ (descaradamente)","delinquíamos","Intermediate","fill_in_blank","delinquir","None","None","No","No"," delinquir ends_in_ir imperfecto nosotros regular_form regular_verb "
"⇠ En esa época, a menudo, ⇠vosotros _____ (descaradamente)","delinquíais","Intermediate","fill_in_blank","delinquir","None","None","No","No"," delinquir ends_in_ir imperfecto regular_form regular_verb vosotros "
"⇠ En esa época, a menudo, ⇠ellos/ellas/ustedes _____ (descaradamente)","delinquían","Intermediate","fill_in_blank","delinquir","None","None","No","No"," delinquir ellos_ellas_ustedes ends_in_ir imperfecto regular_form regular_verb "
"↧ En aquel momento ↧yo _____ (descaradamente)","delinquí","Intermediate","fill_in_blank","delinquir","None","None","No","No"," delinquir ends_in_ir indefinido regular_form regular_verb yo "
"↧ En aquel momento ↧tú/vos _____ (descaradamente)","delinquiste","Intermediate","fill_in_blank","delinquir","None","None","No","No"," delinquir ends_in_ir indefinido regular_form regular_verb tú_vos "
"↧ En aquel momento ↧él/ella/usted _____ (descaradamente)","delinquió","Intermediate","fill_in_blank","delinquir","None","None","No","No"," delinquir ends_in_ir indefinido regular_form regular_verb él_ella_usted "
"↧ En aquel momento ↧nosotros _____ (descaradamente)","delinquimos","Intermediate","fill_in_blank","delinquir","None","None","No","No"," delinquir ends_in_ir indefinido nosotros regular_form regular_verb "
"↧ En aquel momento ↧vosotros _____ (descaradamente)","delinquisteis","Intermediate","fill_in_blank","delinquir","None","None","No","No"," delinquir ends_in_ir indefinido regular_form regular_verb vosotros "
"↧ En aquel momento ↧ellos/ellas/ustedes _____ (descaradamente)","delinquieron","Intermediate","fill_in_blank","delinquir","None","None","No","No"," delinquir ellos_ellas_ustedes ends_in_ir indefinido regular_form regular_verb "
"→ En el futuro, →yo _____ (descaradamente)","delinquiré","Intermediate","fill_in_blank","delinquir","None","None","No","No"," delinquir ends_in_ir futuro regular_form regular_verb yo "
"→ En el futuro, →tú/vos _____ (descaradamente)","delinquirás","Intermediate","fill_in_blank","delinquir","None","None","No","No"," delinquir ends_in_ir futuro regular_form regular_verb tú_vos "
"→ En el futuro, →él/ella/usted _____ (descaradamente)","delinquirá","Intermediate","fill_in_blank","delinquir","None","None","No","No"," delinquir ends_in_ir futuro regular_form regular_verb él_ella_usted "
"→ En el futuro, →nosotros _____ (descaradamente)","delinquiremos","Intermediate","fill_in_blank","delinquir","None","None","No","No"," delinquir ends_in_ir futuro nosotros regular_form regular_verb "
"→ En el futuro, →vosotros _____ (descaradamente)","delinquiréis","Intermediate","fill_in_blank","delinquir","None","None","No","No"," delinquir ends_in_ir futuro regular_form regular_verb vosotros "
"→ En el futuro, →ellos/ellas/ustedes _____ (descaradamente)","delinquirán","Intermediate","fill_in_blank","delinquir","None","None","No","No"," delinquir ellos_ellas_ustedes ends_in_ir futuro regular_form regular_verb "
"… Si ocurriese esto, …yo _____ (descaradamente)","delinquiría","Intermediate","fill_in_blank","delinquir","None","None","No","No"," condicional delinquir ends_in_ir regular_form regular_verb yo "
"… Si sucediera esto, …tú/vos _____ (descaradamente)","delinquirías","Intermediate","fill_in_blank","delinquir","None","None","No","No"," condicional delinquir ends_in_ir regular_form regular_verb tú_vos "
"… Si acaeciera algo, …él/ella/usted _____ (descaradamente)","delinquiría","Intermediate","fill_in_blank","delinquir","None","None","No","No"," condicional delinquir ends_in_ir regular_form regular_verb él_ella_usted "
"… Si pasara algo, …nosotros _____ (descaradamente)","delinquiríamos","Intermediate","fill_in_blank","delinquir","None","None","No","No"," condicional delinquir ends_in_ir nosotros regular_form regular_verb "
"… Si aconteciese esto, …vosotros _____ (descaradamente)","delinquiríais","Intermediate","fill_in_blank","delinquir","None","None","No","No"," condicional delinquir ends_in_ir regular_form regular_verb vosotros "
"… Si se produjera esto, …ellos/ellas/ustedes _____ (descaradamente)","delinquirían","Intermediate","fill_in_blank","delinquir","None","None","No","No"," condicional delinquir ellos_ellas_ustedes ends_in_ir regular_form regular_verb "
"〰 Resulta divertido que 〰yo _____ (descaradamente)","delinca","Elementary","fill_in_blank","delinquir","None","None","No","No"," delinquir ends_in_ir regular_form regular_spelling_change regular_verb subjuntivo_presente yo "
"〰 Resulta divertido que 〰tú/vos _____ (descaradamente)","delincas","Elementary","fill_in_blank","delinquir","None","None","No","No"," delinquir ends_in_ir regular_form regular_spelling_change regular_verb subjuntivo_presente tú_vos "
"〰 Resulta divertido que 〰él/ella/usted _____ (descaradamente)","delinca","Elementary","fill_in_blank","delinquir","None","None","No","No"," delinquir ends_in_ir regular_form regular_spelling_change regular_verb subjuntivo_presente él_ella_usted "
"〰 Resulta divertido que 〰nosotros _____ (descaradamente)","delincamos","Elementary","fill_in_blank","delinquir","None","None","No","No"," delinquir ends_in_ir nosotros regular_form regular_spelling_change regular_verb subjuntivo_presente "
"〰 Resulta divertido que 〰vosotros _____ (descaradamente)","delincáis","Elementary","fill_in_blank","delinquir","None","None","No","No"," delinquir ends_in_ir regular_form regular_spelling_change regular_verb subjuntivo_presente vosotros "
"〰 Resulta divertido que 〰ellos/ellas/ustedes _____ (descaradamente)","delincan","Elementary","fill_in_blank","delinquir","None","None","No","No"," delinquir ellos_ellas_ustedes ends_in_ir regular_form regular_spelling_change regular_verb subjuntivo_presente "
"↫ Fue sorprendente que ↫yo _____ (descaradamente)","delinquiera | delinquiese","Advanced","fill_in_blank","delinquir","None","None","No","No"," delinquir ends_in_ir regular_form regular_verb subjuntivo_pasado yo "
"↫ Fue sorprendente que ↫tú/vos _____ (descaradamente)","delinquieras | delinquieses","Advanced","fill_in_blank","delinquir","None","None","No","No"," delinquir ends_in_ir regular_form regular_verb subjuntivo_pasado tú_vos "
"↫ Fue sorprendente que ↫él/ella/usted _____ (descaradamente)","delinquiera | delinquiese","Advanced","fill_in_blank","delinquir","None","None","No","No"," delinquir ends_in_ir regular_form regular_verb subjuntivo_pasado él_ella_usted "
"↫ Fue sorprendente que ↫nosotros _____ (descaradamente)","delinquiéramos | delinquiésemos","Advanced","fill_in_blank","delinquir","None","None","No","No"," delinquir ends_in_ir nosotros regular_form regular_verb subjuntivo_pasado "
"↫ Fue sorprendente que ↫vosotros _____ (descaradamente)","delinquierais | delinquieseis","Advanced","fill_in_blank","delinquir","None","None","No","No"," delinquir ends_in_ir regular_form regular_verb subjuntivo_pasado vosotros "
"↫ Fue sorprendente que ↫ellos/ellas/ustedes _____ (descaradamente)","delinquieran | delinquiesen","Advanced","fill_in_blank","delinquir","None","None","No","No"," delinquir ellos_ellas_ustedes ends_in_ir regular_form regular_verb subjuntivo_pasado "
"Hombre, por favor,¡ _____ (descaradamente), ya !(tú)","delinque","Intermediate","fill_in_blank","delinquir","None","None","No","No"," delinquir ends_in_ir imperativo regular_form regular_verb tú tú_vos "
"Hombre, por favor,¡ _____ (descaradamente), ya !(vos)","delinquí","Intermediate","fill_in_blank","delinquir","None","None","No","No"," delinquir ends_in_ir imperativo regular_form regular_verb tú_vos vos "
"Mujer, por favor,¡ no _____ (descaradamente) !(tú/vos)","delincas","Intermediate","fill_in_blank","delinquir","None","None","No","No"," delinquir ends_in_ir imperativo negative_imperativo regular_form regular_spelling_change regular_verb tú_vos "
"Señora, por favor,¡ (que) _____ (descaradamente), ya !(él/ella/usted)","delinca","Intermediate","fill_in_blank","delinquir","None","None","No","No"," delinquir ends_in_ir imperativo regular_form regular_spelling_change regular_verb él_ella_usted "
"Vámonos equipo, por favor,¡ (que) _____ (descaradamente), ya !(nosotros)","delincamos","Intermediate","fill_in_blank","delinquir","None","None","No","No"," delinquir ends_in_ir imperativo nosotros regular_form regular_spelling_change regular_verb "
"Tú y tú, por favor,¡ _____ (descaradamente), ya !(vosotros)","delinquid","Intermediate","fill_in_blank","delinquir","None","None","No","No"," delinquir ends_in_ir imperativo regular_form regular_verb vosotros "
"Señores, por favor,¡ (que) _____ (descaradamente), ya ! (ellos/ellas/ustedes)","delincan","Intermediate","fill_in_blank","delinquir","None","None","No","No"," delinquir ellos_ellas_ustedes ends_in_ir imperativo regular_form regular_spelling_change regular_verb "
"↬ Si en un dudoso futuro ↬yo _____, ¡suerte!","delinquiere","Advanced","fill_in_blank","delinquir","None","None","No","No"," delinquir ends_in_ir regular_form regular_verb subjuntivo_futuro yo "
"↬ Si en un dudoso futuro ↬tú/vos _____, ¡suerte!","delinquieres","Advanced","fill_in_blank","delinquir","None","None","No","No"," delinquir ends_in_ir regular_form regular_verb subjuntivo_futuro tú_vos "
"↬ Si en un dudoso futuro ↬él/ella/usted _____, ¡suerte!","delinquiere","Advanced","fill_in_blank","delinquir","None","None","No","No"," delinquir ends_in_ir regular_form regular_verb subjuntivo_futuro él_ella_usted "
"↬ Si en un dudoso futuro ↬nosotros _____, ¡suerte!","delinquiéremos","Advanced","fill_in_blank","delinquir","None","None","No","No"," delinquir ends_in_ir nosotros regular_form regular_verb subjuntivo_futuro "
"↬ Si en un dudoso futuro ↬vosotros _____, ¡suerte!","delinquiereis","Advanced","fill_in_blank","delinquir","None","None","No","No"," delinquir ends_in_ir regular_form regular_verb subjuntivo_futuro vosotros "
"↬ Si en un dudoso futuro ↬ellos/ellas/ustedes _____, ¡suerte!","delinquieren","Advanced","fill_in_blank","delinquir","None","None","No","No"," delinquir ellos_ellas_ustedes ends_in_ir regular_form regular_verb subjuntivo_futuro "
"El verbo enél arguyees _____","argüir","Intermediate","fill_in_blank","None","None","None","No","No"," argüir ends_in_ir infinitivo irregular_verb moderate_irregularity regular_form "
"Mientras estoy estudiando…ella está _____ (sobre temas filosóficos)","arguyendo","Intermediate","fill_in_blank","argüir","None","None","No","No"," argüir ends_in_ir gerundio irregular_verb moderate_irregularity regular_form regular_spelling_change "
"Hugo ha _____ (sobre temas filosóficos)","argüido","Intermediate","fill_in_blank","argüir","None","None","No","No"," argüir ends_in_ir irregular_verb moderate_irregularity participio regular_form "
"⊙ Ahora mismo, ⊙yo _____ (a favor de la ley)","arguyo","Elementary","fill_in_blank","argüir","None","None","No","No"," argüir ends_in_ir irregular_form irregular_verb moderate_irregularity presente yo "
"⊙ Ahora mismo, ⊙tú _____ (a favor de la ley)","arguyes","Elementary","fill_in_blank","argüir","None","None","No","No"," argüir ends_in_ir irregular_form irregular_verb moderate_irregularity presente tú tú_vos "
"⊙ Ahora mismo, ⊙vos _____ (a favor de la ley)","argüís","Elementary","fill_in_blank","argüir","None","None","No","No"," argüir ends_in_ir irregular_verb moderate_irregularity presente regular_form tú_vos vos "
"⊙ Ahora mismo, ⊙él/ella/usted _____ (a favor de la ley)","arguye","Elementary","fill_in_blank","argüir","None","None","No","No"," argüir ends_in_ir irregular_form irregular_verb moderate_irregularity presente él_ella_usted "
"⊙ Ahora mismo, ⊙nosotros _____ (a favor de la ley)","argüimos","Elementary","fill_in_blank","argüir","None","None","No","No"," argüir ends_in_ir irregular_verb moderate_irregularity nosotros presente regular_form "
"⊙ Ahora mismo, ⊙vosotros _____ (a favor de la ley)","argüís","Elementary","fill_in_blank","argüir","None","None","No","No"," argüir ends_in_ir irregular_verb moderate_irregularity presente regular_form vosotros "
"⊙ Ahora mismo, ⊙ellos/ellas/ustedes _____ (a favor de la ley)","arguyen","Elementary","fill_in_blank","argüir","None","None","No","No"," argüir ellos_ellas_ustedes ends_in_ir irregular_form irregular_verb moderate_irregularity presente "
"⇠ En esa época, a menudo, ⇠yo _____ (a favor de la ley)","argüía","Intermediate","fill_in_blank","argüir","None","None","No","No"," argüir ends_in_ir imperfecto irregular_verb moderate_irregularity regular_form yo "
"⇠ En esa época, a menudo, ⇠tú/vos _____ (a favor de la ley)","argüías","Intermediate","fill_in_blank","argüir","None","None","No","No"," argüir ends_in_ir imperfecto irregular_verb moderate_irregularity regular_form tú_vos "
"⇠ En esa época, a menudo, ⇠él/ella/usted _____ (a favor de la ley)","argüía","Intermediate","fill_in_blank","argüir","None","None","No","No"," argüir ends_in_ir imperfecto irregular_verb moderate_irregularity regular_form él_ella_usted "
"⇠ En esa época, a menudo, ⇠nosotros _____ (a favor de la ley)","argüíamos","Intermediate","fill_in_blank","argüir","None","None","No","No"," argüir ends_in_ir imperfecto irregular_verb moderate_irregularity nosotros regular_form "
"⇠ En esa época, a menudo, ⇠vosotros _____ (a favor de la ley)","argüíais","Intermediate","fill_in_blank","argüir","None","None","No","No"," argüir ends_in_ir imperfecto irregular_verb moderate_irregularity regular_form vosotros "
"⇠ En esa época, a menudo, ⇠ellos/ellas/ustedes _____ (a favor de la ley)","argüían","Intermediate","fill_in_blank","argüir","None","None","No","No"," argüir ellos_ellas_ustedes ends_in_ir imperfecto irregular_verb moderate_irregularity regular_form "
"↧ En aquel momento ↧yo _____ (a favor de la ley)","argüí","Intermediate","fill_in_blank","argüir","None","None","No","No"," argüir ends_in_ir indefinido irregular_verb moderate_irregularity regular_form yo "
"↧ En aquel momento ↧tú/vos _____ (a favor de la ley)","argüiste","Intermediate","fill_in_blank","argüir","None","None","No","No"," argüir ends_in_ir indefinido irregular_verb moderate_irregularity regular_form tú_vos "
"↧ En aquel momento ↧él/ella/usted _____ (a favor de la ley)","arguyó","Intermediate","fill_in_blank","argüir","None","None","No","No"," argüir ends_in_ir indefinido irregular_verb moderate_irregularity regular_form regular_spelling_change él_ella_usted "
"↧ En aquel momento ↧nosotros _____ (a favor de la ley)","argüimos","Intermediate","fill_in_blank","argüir","None","None","No","No"," argüir ends_in_ir indefinido irregular_verb moderate_irregularity nosotros regular_form "
"↧ En aquel momento ↧vosotros _____ (a favor de la ley)","argüisteis","Intermediate","fill_in_blank","argüir","None","None","No","No"," argüir ends_in_ir indefinido irregular_verb moderate_irregularity regular_form vosotros "
"↧ En aquel momento ↧ellos/ellas/ustedes _____ (a favor de la ley)","arguyeron","Intermediate","fill_in_blank","argüir","None","None","No","No"," argüir ellos_ellas_ustedes ends_in_ir indefinido irregular_verb moderate_irregularity regular_form regular_spelling_change "
"→ En el futuro, →yo _____ (a favor de la ley)","argüiré","Intermediate","fill_in_blank","argüir","None","None","No","No"," argüir ends_in_ir futuro irregular_verb moderate_irregularity regular_form yo "
"→ En el futuro, →tú/vos _____ (a favor de la ley)","argüirás","Intermediate","fill_in_blank","argüir","None","None","No","No"," argüir ends_in_ir futuro irregular_verb moderate_irregularity regular_form tú_vos "
"→ En el futuro, →él/ella/usted _____ (a favor de la ley)","argüirá","Intermediate","fill_in_blank","argüir","None","None","No","No"," argüir ends_in_ir futuro irregular_verb moderate_irregularity regular_form él_ella_usted "
"→ En el futuro, →nosotros _____ (a favor de la ley)","argüiremos","Intermediate","fill_in_blank","argüir","None","None","No","No"," argüir ends_in_ir futuro irregular_verb moderate_irregularity nosotros regular_form "
"→ En el futuro, →vosotros _____ (a favor de la ley)","argüiréis","Intermediate","fill_in_blank","argüir","None","None","No","No"," argüir ends_in_ir futuro irregular_verb moderate_irregularity regular_form vosotros "
"→ En el futuro, →ellos/ellas/ustedes _____ (a favor de la ley)","argüirán","Intermediate","fill_in_blank","argüir","None","None","No","No"," argüir ellos_ellas_ustedes ends_in_ir futuro irregular_verb moderate_irregularity regular_form "
"… Si ocurriese esto, …yo _____ (a favor de la ley)","argüiría","Intermediate","fill_in_blank","argüir","None","None","No","No"," argüir condicional ends_in_ir irregular_verb moderate_irregularity regular_form yo "
"… Si sucediera esto, …tú/vos _____ (a favor de la ley)","argüirías","Intermediate","fill_in_blank","argüir","None","None","No","No"," argüir condicional ends_in_ir irregular_verb moderate_irregularity regular_form tú_vos "
"… Si acaeciera algo, …él/ella/usted _____ (a favor de la ley)","argüiría","Intermediate","fill_in_blank","argüir","None","None","No","No"," argüir condicional ends_in_ir irregular_verb moderate_irregularity regular_form él_ella_usted "
"… Si pasara algo, …nosotros _____ (a favor de la ley)","argüiríamos","Intermediate","fill_in_blank","argüir","None","None","No","No"," argüir condicional ends_in_ir irregular_verb moderate_irregularity nosotros regular_form "
"… Si aconteciese esto, …vosotros _____ (a favor de la ley)","argüiríais","Intermediate","fill_in_blank","argüir","None","None","No","No"," argüir condicional ends_in_ir irregular_verb moderate_irregularity regular_form vosotros "
"… Si se produjera esto, …ellos/ellas/ustedes _____ (a favor de la ley)","argüirían","Intermediate","fill_in_blank","argüir","None","None","No","No"," argüir condicional ellos_ellas_ustedes ends_in_ir irregular_verb moderate_irregularity regular_form "
"〰 Resulta divertido que 〰yo _____ (a favor de la ley)","arguya","Elementary","fill_in_blank","argüir","None","None","No","No"," argüir ends_in_ir irregular_form irregular_verb moderate_irregularity subjuntivo_presente yo "
"〰 Resulta divertido que 〰tú/vos _____ (a favor de la ley)","arguyas","Elementary","fill_in_blank","argüir","None","None","No","No"," argüir ends_in_ir irregular_form irregular_verb moderate_irregularity subjuntivo_presente tú_vos "
"〰 Resulta divertido que 〰él/ella/usted _____ (a favor de la ley)","arguya","Elementary","fill_in_blank","argüir","None","None","No","No"," argüir ends_in_ir irregular_form irregular_verb moderate_irregularity subjuntivo_presente él_ella_usted "
"〰 Resulta divertido que 〰nosotros _____ (a favor de la ley)","arguyamos","Elementary","fill_in_blank","argüir","None","None","No","No"," argüir ends_in_ir irregular_form irregular_verb moderate_irregularity nosotros subjuntivo_presente "
"〰 Resulta divertido que 〰vosotros _____ (a favor de la ley)","arguyáis","Elementary","fill_in_blank","argüir","None","None","No","No"," argüir ends_in_ir irregular_form irregular_verb moderate_irregularity subjuntivo_presente vosotros "
"〰 Resulta divertido que 〰ellos/ellas/ustedes _____ (a favor de la ley)","arguyan","Elementary","fill_in_blank","argüir","None","None","No","No"," argüir ellos_ellas_ustedes ends_in_ir irregular_form irregular_verb moderate_irregularity subjuntivo_presente "
"↫ Fue sorprendente que ↫yo _____ (a favor de la ley)","arguyera | arguyese","Advanced","fill_in_blank","argüir","None","None","No","No"," argüir ends_in_ir irregular_verb moderate_irregularity regular_form regular_spelling_change subjuntivo_pasado yo "
"↫ Fue sorprendente que ↫tú/vos _____ (a favor de la ley)","arguyeras | arguyeses","Advanced","fill_in_blank","argüir","None","None","No","No"," argüir ends_in_ir irregular_verb moderate_irregularity regular_form regular_spelling_change subjuntivo_pasado tú_vos "
"↫ Fue sorprendente que ↫él/ella/usted _____ (a favor de la ley)","arguyera | arguyese","Advanced","fill_in_blank","argüir","None","None","No","No"," argüir ends_in_ir irregular_verb moderate_irregularity regular_form regular_spelling_change subjuntivo_pasado él_ella_usted "
"↫ Fue sorprendente que ↫nosotros _____ (a favor de la ley)","arguyéramos | arguyésemos","Advanced","fill_in_blank","argüir","None","None","No","No"," argüir ends_in_ir irregular_verb moderate_irregularity nosotros regular_form regular_spelling_change subjuntivo_pasado "
"↫ Fue sorprendente que ↫vosotros _____ (a favor de la ley)","arguyerais | arguyeseis","Advanced","fill_in_blank","argüir","None","None","No","No"," argüir ends_in_ir irregular_verb moderate_irregularity regular_form regular_spelling_change subjuntivo_pasado vosotros "
"↫ Fue sorprendente que ↫ellos/ellas/ustedes _____ (a favor de la ley)","arguyeran | arguyesen","Advanced","fill_in_blank","argüir","None","None","No","No"," argüir ellos_ellas_ustedes ends_in_ir irregular_verb moderate_irregularity regular_form regular_spelling_change subjuntivo_pasado "
"Hombre, por favor,¡ _____ (a favor de la ley), ya !(tú)","arguye","Intermediate","fill_in_blank","argüir","None","None","No","No"," argüir ends_in_ir imperativo irregular_form irregular_verb moderate_irregularity tú tú_vos "
"Hombre, por favor,¡ _____ (a favor de la ley), ya !(vos)","argüí","Intermediate","fill_in_blank","argüir","None","None","No","No"," argüir ends_in_ir imperativo irregular_verb moderate_irregularity regular_form tú_vos vos "
"Mujer, por favor,¡ no _____ (a favor de la ley) !(tú/vos)","arguyas","Intermediate","fill_in_blank","argüir","None","None","No","No"," argüir ends_in_ir imperativo irregular_form irregular_verb moderate_irregularity negative_imperativo tú_vos "
"Señora, por favor,¡ (que) _____ (a favor de la ley), ya !(él/ella/usted)","arguya","Intermediate","fill_in_blank","argüir","None","None","No","No"," argüir ends_in_ir imperativo irregular_form irregular_verb moderate_irregularity él_ella_usted "
"Vámonos equipo, por favor,¡ (que) _____ (a favor de la ley), ya !(nosotros)","arguyamos","Intermediate","fill_in_blank","argüir","None","None","No","No"," argüir ends_in_ir imperativo irregular_form irregular_verb moderate_irregularity nosotros "
"Tú y tú, por favor,¡ _____ (a favor de la ley), ya !(vosotros)","argüid","Intermediate","fill_in_blank","argüir","None","None","No","No"," argüir ends_in_ir imperativo irregular_verb moderate_irregularity regular_form vosotros "
"Señores, por favor,¡ (que) _____ (a favor de la ley), ya ! (ellos/ellas/ustedes)","arguyan","Intermediate","fill_in_blank","argüir","None","None","No","No"," argüir ellos_ellas_ustedes ends_in_ir imperativo irregular_form irregular_verb moderate_irregularity "
"↬ Si en un dudoso futuro ↬yo _____ así, ¡suerte!","arguyere","Advanced","fill_in_blank","argüir","None","None","No","No"," argüir ends_in_ir irregular_verb moderate_irregularity regular_form regular_spelling_change subjuntivo_futuro yo "
"↬ Si en un dudoso futuro ↬tú/vos _____ así, ¡suerte!","arguyeres","Advanced","fill_in_blank","argüir","None","None","No","No"," argüir ends_in_ir irregular_verb moderate_irregularity regular_form regular_spelling_change subjuntivo_futuro tú_vos "
"↬ Si en un dudoso futuro ↬él/ella/usted _____ así, ¡suerte!","arguyere","Advanced","fill_in_blank","argüir","None","None","No","No"," argüir ends_in_ir irregular_verb moderate_irregularity regular_form regular_spelling_change subjuntivo_futuro él_ella_usted "
"↬ Si en un dudoso futuro ↬nosotros _____ así, ¡suerte!","arguyéremos","Advanced","fill_in_blank","argüir","None","None","No","No"," argüir ends_in_ir irregular_verb moderate_irregularity nosotros regular_form regular_spelling_change subjuntivo_futuro "
"↬ Si en un dudoso futuro ↬vosotros _____ así, ¡suerte!","arguyereis","Advanced","fill_in_blank","argüir","None","None","No","No"," argüir ends_in_ir irregular_verb moderate_irregularity regular_form regular_spelling_change subjuntivo_futuro vosotros "
"↬ Si en un dudoso futuro ↬ellos/ellas/ustedes _____ así, ¡suerte!","arguyeren","Advanced","fill_in_blank","argüir","None","None","No","No"," argüir ellos_ellas_ustedes ends_in_ir irregular_verb moderate_irregularity regular_form regular_spelling_change subjuntivo_futuro "
"El verbo enél riñees _____","reñir","Intermediate","fill_in_blank","None","None","None","No","No"," ends_in_ir high_irregularity infinitivo irregular_verb regular_form reñir "
"Mientras estoy estudiando…ella está _____ (con su hermana)","riñendo","Intermediate","fill_in_blank","reñir","None","None","No","No"," ends_in_ir gerundio high_irregularity irregular_form irregular_verb reñir "
"Hugo ha _____ (con su hermana)","reñido","Intermediate","fill_in_blank","reñir","None","None","No","No"," ends_in_ir high_irregularity in_the_wild irregular_verb modismo participio regular_form reñir "
"⊙ Ahora mismo, ⊙yo _____ (con Julio)","riño","Elementary","fill_in_blank","reñir","None","None","No","No"," ends_in_ir high_irregularity irregular_form irregular_verb presente reñir yo "
"⊙ Ahora mismo, ⊙tú _____ (con Julio)","riñes","Elementary","fill_in_blank","reñir","None","None","No","No"," ends_in_ir high_irregularity irregular_form irregular_verb presente reñir tú tú_vos "
"⊙ Ahora mismo, ⊙vos _____ (con Julio)","reñís","Elementary","fill_in_blank","reñir","None","None","No","No"," ends_in_ir high_irregularity irregular_verb presente regular_form reñir tú_vos vos "
"⊙ Ahora mismo, ⊙él/ella/usted _____ (con Julio)","riñe","Elementary","fill_in_blank","reñir","None","None","No","No"," ends_in_ir high_irregularity irregular_form irregular_verb presente reñir él_ella_usted "
"⊙ Ahora mismo, ⊙nosotros _____ (con Julio)","reñimos","Elementary","fill_in_blank","reñir","None","None","No","No"," ends_in_ir high_irregularity irregular_verb nosotros presente regular_form reñir "
"⊙ Ahora mismo, ⊙vosotros _____ (con Julio)","reñís","Elementary","fill_in_blank","reñir","None","None","No","No"," ends_in_ir high_irregularity irregular_verb presente regular_form reñir vosotros "
"⊙ Ahora mismo, ⊙ellos/ellas/ustedes _____ (con Julio)","riñen","Elementary","fill_in_blank","reñir","None","None","No","No"," ellos_ellas_ustedes ends_in_ir high_irregularity irregular_form irregular_verb presente reñir "
"⇠ En esa época, a menudo, ⇠yo _____ (con Julio)","reñía","Intermediate","fill_in_blank","reñir","None","None","No","No"," ends_in_ir high_irregularity imperfecto irregular_verb regular_form reñir yo "
"⇠ En esa época, a menudo, ⇠tú/vos _____ (con Julio)","reñías","Intermediate","fill_in_blank","reñir","None","None","No","No"," ends_in_ir high_irregularity imperfecto irregular_verb regular_form reñir tú_vos "
"⇠ En esa época, a menudo, ⇠él/ella/usted _____ (con Julio)","reñía","Intermediate","fill_in_blank","reñir","None","None","No","No"," ends_in_ir high_irregularity imperfecto irregular_verb regular_form reñir él_ella_usted "
"⇠ En esa época, a menudo, ⇠nosotros _____ (con Julio)","reñíamos","Intermediate","fill_in_blank","reñir","None","None","No","No"," ends_in_ir high_irregularity imperfecto irregular_verb nosotros regular_form reñir "
"⇠ En esa época, a menudo, ⇠vosotros _____ (con Julio)","reñíais","Intermediate","fill_in_blank","reñir","None","None","No","No"," ends_in_ir high_irregularity imperfecto irregular_verb regular_form reñir vosotros "
"⇠ En esa época, a menudo, ⇠ellos/ellas/ustedes _____ (con Julio)","reñían","Intermediate","fill_in_blank","reñir","None","None","No","No"," ellos_ellas_ustedes ends_in_ir high_irregularity imperfecto irregular_verb regular_form reñir "
"↧ En aquel momento ↧yo _____ (con Julio)","reñí","Intermediate","fill_in_blank","reñir","None","None","No","No"," ends_in_ir high_irregularity indefinido irregular_verb regular_form reñir yo "
"↧ En aquel momento ↧tú/vos _____ (con Julio)","reñiste","Intermediate","fill_in_blank","reñir","None","None","No","No"," ends_in_ir high_irregularity indefinido irregular_verb regular_form reñir tú_vos "
"↧ En aquel momento ↧él/ella/usted _____ (con Julio)","riñó","Intermediate","fill_in_blank","reñir","None","None","No","No"," ends_in_ir high_irregularity indefinido irregular_form irregular_verb reñir él_ella_usted "
"↧ En aquel momento ↧nosotros _____ (con Julio)","reñimos","Intermediate","fill_in_blank","reñir","None","None","No","No"," ends_in_ir high_irregularity indefinido irregular_verb nosotros regular_form reñir "
"↧ En aquel momento ↧vosotros _____ (con Julio)","reñisteis","Intermediate","fill_in_blank","reñir","None","None","No","No"," ends_in_ir high_irregularity indefinido irregular_verb regular_form reñir vosotros "
"↧ En aquel momento ↧ellos/ellas/ustedes _____ (con Julio)","riñeron","Intermediate","fill_in_blank","reñir","None","None","No","No"," ellos_ellas_ustedes ends_in_ir high_irregularity indefinido irregular_form irregular_verb reñir "
"→ En el futuro, →yo _____ (con Julio)","reñiré","Intermediate","fill_in_blank","reñir","None","None","No","No"," ends_in_ir futuro high_irregularity irregular_verb regular_form reñir yo "
"→ En el futuro, →tú/vos _____ (con Julio)","reñirás","Intermediate","fill_in_blank","reñir","None","None","No","No"," ends_in_ir futuro high_irregularity irregular_verb regular_form reñir tú_vos "
"→ En el futuro, →él/ella/usted _____ (con Julio)","reñirá","Intermediate","fill_in_blank","reñir","None","None","No","No"," ends_in_ir futuro high_irregularity irregular_verb regular_form reñir él_ella_usted "
"→ En el futuro, →nosotros _____ (con Julio)","reñiremos","Intermediate","fill_in_blank","reñir","None","None","No","No"," ends_in_ir futuro high_irregularity irregular_verb nosotros regular_form reñir "
"→ En el futuro, →vosotros _____ (con Julio)","reñiréis","Intermediate","fill_in_blank","reñir","None","None","No","No"," ends_in_ir futuro high_irregularity irregular_verb regular_form reñir vosotros "
"→ En el futuro, →ellos/ellas/ustedes _____ (con Julio)","reñirán","Intermediate","fill_in_blank","reñir","None","None","No","No"," ellos_ellas_ustedes ends_in_ir futuro high_irregularity irregular_verb regular_form reñir "
"… Si ocurriese esto, …yo _____ (con Julio)","reñiría","Intermediate","fill_in_blank","reñir","None","None","No","No"," condicional ends_in_ir high_irregularity irregular_verb regular_form reñir yo "
"… Si sucediera esto, …tú/vos _____ (con Julio)","reñirías","Intermediate","fill_in_blank","reñir","None","None","No","No"," condicional ends_in_ir high_irregularity irregular_verb regular_form reñir tú_vos "
"… Si acaeciera algo, …él/ella/usted _____ (con Julio)","reñiría","Intermediate","fill_in_blank","reñir","None","None","No","No"," condicional ends_in_ir high_irregularity irregular_verb regular_form reñir él_ella_usted "
"… Si pasara algo, …nosotros _____ (con Julio)","reñiríamos","Intermediate","fill_in_blank","reñir","None","None","No","No"," condicional ends_in_ir high_irregularity irregular_verb nosotros regular_form reñir "
"… Si aconteciese esto, …vosotros _____ (con Julio)","reñiríais","Intermediate","fill_in_blank","reñir","None","None","No","No"," condicional ends_in_ir high_irregularity irregular_verb regular_form reñir vosotros "
"… Si se produjera esto, …ellos/ellas/ustedes _____ (con Julio)","reñirían","Intermediate","fill_in_blank","reñir","None","None","No","No"," condicional ellos_ellas_ustedes ends_in_ir high_irregularity irregular_verb regular_form reñir "
"〰 Resulta divertido que 〰yo _____ (con Julio)","riña","Elementary","fill_in_blank","reñir","None","None","No","No"," ends_in_ir high_irregularity irregular_form irregular_verb reñir subjuntivo_presente yo "
"〰 Resulta divertido que 〰tú/vos _____ (con Julio)","riñas","Elementary","fill_in_blank","reñir","None","None","No","No"," ends_in_ir high_irregularity irregular_form irregular_verb reñir subjuntivo_presente tú_vos "
"〰 Resulta divertido que 〰él/ella/usted _____ (con Julio)","riña","Elementary","fill_in_blank","reñir","None","None","No","No"," ends_in_ir high_irregularity irregular_form irregular_verb reñir subjuntivo_presente él_ella_usted "
"〰 Resulta divertido que 〰nosotros _____ (con Julio)","riñamos","Elementary","fill_in_blank","reñir","None","None","No","No"," ends_in_ir high_irregularity irregular_form irregular_verb nosotros reñir subjuntivo_presente "
"〰 Resulta divertido que 〰vosotros _____ (con Julio)","riñáis","Elementary","fill_in_blank","reñir","None","None","No","No"," ends_in_ir high_irregularity irregular_form irregular_verb reñir subjuntivo_presente vosotros "
"〰 Resulta divertido que 〰ellos/ellas/ustedes _____ (con Julio)","riñan","Elementary","fill_in_blank","reñir","None","None","No","No"," ellos_ellas_ustedes ends_in_ir high_irregularity irregular_form irregular_verb reñir subjuntivo_presente "
"↫ Fue sorprendente que ↫yo _____ (con Julio)","riñera | riñese","Advanced","fill_in_blank","reñir","None","None","No","No"," ends_in_ir high_irregularity irregular_form irregular_verb reñir subjuntivo_pasado yo "
"↫ Fue sorprendente que ↫tú/vos _____ (con Julio)","riñeras | riñeses","Advanced","fill_in_blank","reñir","None","None","No","No"," ends_in_ir high_irregularity irregular_form irregular_verb reñir subjuntivo_pasado tú_vos "
"↫ Fue sorprendente que ↫él/ella/usted _____ (con Julio)","riñera | riñese","Advanced","fill_in_blank","reñir","None","None","No","No"," ends_in_ir high_irregularity irregular_form irregular_verb reñir subjuntivo_pasado él_ella_usted "
"↫ Fue sorprendente que ↫nosotros _____ (con Julio)","riñéramos | riñésemos","Advanced","fill_in_blank","reñir","None","None","No","No"," ends_in_ir high_irregularity irregular_form irregular_verb nosotros reñir subjuntivo_pasado "
"↫ Fue sorprendente que ↫vosotros _____ (con Julio)","riñerais | riñeseis","Advanced","fill_in_blank","reñir","None","None","No","No"," ends_in_ir high_irregularity irregular_form irregular_verb reñir subjuntivo_pasado vosotros "
"↫ Fue sorprendente que ↫ellos/ellas/ustedes _____ (con Julio)","riñeran | riñesen","Advanced","fill_in_blank","reñir","None","None","No","No"," ellos_ellas_ustedes ends_in_ir high_irregularity irregular_form irregular_verb reñir subjuntivo_pasado "
"Hombre, por favor,¡ _____ (con el dueño), ya !(tú)","riñe","Intermediate","fill_in_blank","reñir","None","None","No","No"," ends_in_ir high_irregularity imperativo irregular_form irregular_verb reñir tú tú_vos "
"Hombre, por favor,¡ _____ (con el dueño), ya !(vos)","reñí","Intermediate","fill_in_blank","reñir","None","None","No","No"," ends_in_ir high_irregularity imperativo irregular_verb regular_form reñir tú_vos vos "
"Mujer, por favor,¡ no _____ (con el dueño) !(tú/vos)","riñas","Intermediate","fill_in_blank","reñir","None","None","No","No"," ends_in_ir high_irregularity imperativo irregular_form irregular_verb negative_imperativo reñir tú_vos "
"Señora, por favor,¡ (que) _____ (con el dueño), ya !(él/ella/usted)","riña","Intermediate","fill_in_blank","reñir","None","None","No","No"," ends_in_ir high_irregularity imperativo irregular_form irregular_verb reñir él_ella_usted "
"Vámonos equipo, por favor,¡ (que) _____ (con el dueño), ya !(nosotros)","riñamos","Intermediate","fill_in_blank","reñir","None","None","No","No"," ends_in_ir high_irregularity imperativo irregular_form irregular_verb nosotros reñir "
"Tú y tú, por favor,¡ _____ (con el dueño), ya !(vosotros)","reñid","Intermediate","fill_in_blank","reñir","None","None","No","No"," ends_in_ir high_irregularity imperativo irregular_verb regular_form reñir vosotros "
"Señores, por favor,¡ (que) _____ (con el dueño), ya ! (ellos/ellas/ustedes)","riñan","Intermediate","fill_in_blank","reñir","None","None","No","No"," ellos_ellas_ustedes ends_in_ir high_irregularity imperativo irregular_form irregular_verb reñir "
"↬ Si en un dudoso futuro ↬yo _____ así, ¡suerte!","riñere","Advanced","fill_in_blank","reñir","None","None","No","No"," ends_in_ir high_irregularity irregular_form irregular_verb reñir subjuntivo_futuro yo "
"↬ Si en un dudoso futuro ↬tú/vos _____ así, ¡suerte!","riñeres","Advanced","fill_in_blank","reñir","None","None","No","No"," ends_in_ir high_irregularity irregular_form irregular_verb reñir subjuntivo_futuro tú_vos "
"↬ Si en un dudoso futuro ↬él/ella/usted _____ así, ¡suerte!","riñere","Advanced","fill_in_blank","reñir","None","None","No","No"," ends_in_ir high_irregularity irregular_form irregular_verb reñir subjuntivo_futuro él_ella_usted "
"↬ Si en un dudoso futuro ↬nosotros _____ así, ¡suerte!","riñéremos","Advanced","fill_in_blank","reñir","None","None","No","No"," ends_in_ir high_irregularity irregular_form irregular_verb nosotros reñir subjuntivo_futuro "
"↬ Si en un dudoso futuro ↬vosotros _____ así, ¡suerte!","riñereis","Advanced","fill_in_blank","reñir","None","None","No","No"," ends_in_ir high_irregularity irregular_form irregular_verb reñir subjuntivo_futuro vosotros "
"↬ Si en un dudoso futuro ↬ellos/ellas/ustedes _____ así, ¡suerte!","riñeren","Advanced","fill_in_blank","reñir","None","None","No","No"," ellos_ellas_ustedes ends_in_ir high_irregularity irregular_form irregular_verb reñir subjuntivo_futuro "
"El verbo enél corroees _____","corroer","Intermediate","fill_in_blank","None","None","None","No","No"," corroer ends_in_er infinitivo irregular_verb low_irregularity regular_form "
"Mientras estoy estudiando…ella está _____ (mi ánimo)","corroyendo","Intermediate","fill_in_blank","corroer","None","None","No","No"," corroer ends_in_er gerundio irregular_verb low_irregularity regular_form regular_spelling_change "
"Hugo ha _____ (mi ánimo)","corroído","Intermediate","fill_in_blank","corroer","None","None","No","No"," corroer ends_in_er irregular_form irregular_verb low_irregularity participio "
"⊙ Ahora mismo, ⊙yo _____ (las últimas esperanzas de Juan)","corroo | corroigo | corroyo","Elementary","fill_in_blank","corroer","None","None","No","No"," corroer ends_in_er irregular_form irregular_verb low_irregularity presente yo "
"⊙ Ahora mismo, ⊙tú _____ (las últimas esperanzas de Juan)","corroes","Elementary","fill_in_blank","corroer","None","None","No","No"," corroer ends_in_er irregular_verb low_irregularity presente regular_form tú tú_vos "
"⊙ Ahora mismo, ⊙vos _____ (las últimas esperanzas de Juan)","corroés","Elementary","fill_in_blank","corroer","None","None","No","No"," corroer ends_in_er irregular_verb low_irregularity presente regular_form tú_vos vos "
"⊙ Ahora mismo, ⊙él/ella/usted _____ (las últimas esperanzas de Juan)","corroe","Elementary","fill_in_blank","corroer","None","None","No","No"," corroer ends_in_er in_the_wild irregular_verb low_irregularity modismo presente regular_form él_ella_usted "
"⊙ Ahora mismo, ⊙nosotros _____ (las últimas esperanzas de Juan)","corroemos","Elementary","fill_in_blank","corroer","None","None","No","No"," corroer ends_in_er irregular_verb low_irregularity nosotros presente regular_form "
"⊙ Ahora mismo, ⊙vosotros _____ (las últimas esperanzas de Juan)","corroéis","Elementary","fill_in_blank","corroer","None","None","No","No"," corroer ends_in_er irregular_verb low_irregularity presente regular_form vosotros "
"⊙ Ahora mismo, ⊙ellos/ellas/ustedes _____ (las últimas esperanzas de Juan)","corroen","Elementary","fill_in_blank","corroer","None","None","No","No"," corroer ellos_ellas_ustedes ends_in_er irregular_verb low_irregularity presente regular_form "
"⇠ En esa época, a menudo, ⇠yo _____ (las esperanzas de Juan)","corroía","Intermediate","fill_in_blank","corroer","None","None","No","No"," corroer ends_in_er imperfecto irregular_verb low_irregularity regular_form yo "
"⇠ En esa época, a menudo, ⇠tú/vos _____ (las esperanzas de Juan)","corroías","Intermediate","fill_in_blank","corroer","None","None","No","No"," corroer ends_in_er imperfecto irregular_verb low_irregularity regular_form tú_vos "
"⇠ En esa época, a menudo, ⇠él/ella/usted _____ (las esperanzas de Juan)","corroía","Intermediate","fill_in_blank","corroer","None","None","No","No"," corroer ends_in_er imperfecto irregular_verb low_irregularity regular_form él_ella_usted "
"⇠ En esa época, a menudo, ⇠nosotros _____ (las esperanzas de Juan)","corroíamos","Intermediate","fill_in_blank","corroer","None","None","No","No"," corroer ends_in_er imperfecto irregular_verb low_irregularity nosotros regular_form "
"⇠ En esa época, a menudo, ⇠vosotros _____ (las esperanzas de Juan)","corroíais","Intermediate","fill_in_blank","corroer","None","None","No","No"," corroer ends_in_er imperfecto irregular_verb low_irregularity regular_form vosotros "
"⇠ En esa época, a menudo, ⇠ellos/ellas/ustedes _____ (las esperanzas de Juan)","corroían","Intermediate","fill_in_blank","corroer","None","None","No","No"," corroer ellos_ellas_ustedes ends_in_er imperfecto irregular_verb low_irregularity regular_form "
"↧ En aquel momento ↧yo _____ (las últimas esperanzas de Juan)","corroí","Intermediate","fill_in_blank","corroer","None","None","No","No"," corroer ends_in_er indefinido irregular_verb low_irregularity regular_form yo "
"↧ En aquel momento ↧tú/vos _____ (las últimas esperanzas de Juan)","corroíste","Intermediate","fill_in_blank","corroer","None","None","No","No"," corroer ends_in_er indefinido irregular_verb low_irregularity regular_form regular_spelling_change tú_vos "
"↧ En aquel momento ↧él/ella/usted _____ (las últimas esperanzas de Juan)","corroyó","Intermediate","fill_in_blank","corroer","None","None","No","No"," corroer ends_in_er indefinido irregular_verb low_irregularity regular_form regular_spelling_change él_ella_usted "
"↧ En aquel momento ↧nosotros _____ (las últimas esperanzas de Juan)","corroímos","Intermediate","fill_in_blank","corroer","None","None","No","No"," corroer ends_in_er indefinido irregular_verb low_irregularity nosotros regular_form regular_spelling_change "
"↧ En aquel momento ↧vosotros _____ (las últimas esperanzas de Juan)","corroísteis","Intermediate","fill_in_blank","corroer","None","None","No","No"," corroer ends_in_er indefinido irregular_verb low_irregularity regular_form regular_spelling_change vosotros "
"↧ En aquel momento ↧ellos/ellas/ustedes _____ (las últimas esperanzas de Juan)","corroyeron","Intermediate","fill_in_blank","corroer","None","None","No","No"," corroer ellos_ellas_ustedes ends_in_er indefinido irregular_verb low_irregularity regular_form regular_spelling_change "
"→ En el futuro, →yo _____ (las últimas esperanzas de Juan)","corroeré","Intermediate","fill_in_blank","corroer","None","None","No","No"," corroer ends_in_er futuro irregular_verb low_irregularity regular_form yo "
"→ En el futuro, →tú/vos _____ (las últimas esperanzas de Juan)","corroerás","Intermediate","fill_in_blank","corroer","None","None","No","No"," corroer ends_in_er futuro irregular_verb low_irregularity regular_form tú_vos "
"→ En el futuro, →él/ella/usted _____ (las últimas esperanzas de Juan)","corroerá","Intermediate","fill_in_blank","corroer","None","None","No","No"," corroer ends_in_er futuro irregular_verb low_irregularity regular_form él_ella_usted "
"→ En el futuro, →nosotros _____ (las últimas esperanzas de Juan)","corroeremos","Intermediate","fill_in_blank","corroer","None","None","No","No"," corroer ends_in_er futuro irregular_verb low_irregularity nosotros regular_form "
"→ En el futuro, →vosotros _____ (las últimas esperanzas de Juan)","corroeréis","Intermediate","fill_in_blank","corroer","None","None","No","No"," corroer ends_in_er futuro irregular_verb low_irregularity regular_form vosotros "
"→ En el futuro, →ellos/ellas/ustedes _____ (las últimas esperanzas de Juan)","corroerán","Intermediate","fill_in_blank","corroer","None","None","No","No"," corroer ellos_ellas_ustedes ends_in_er futuro irregular_verb low_irregularity regular_form "
"… Si ocurriese esto, …yo _____ (las últimas esperanzas de Juan)","corroería","Intermediate","fill_in_blank","corroer","None","None","No","No"," condicional corroer ends_in_er irregular_verb low_irregularity regular_form yo "
"… Si sucediera esto, …tú/vos _____ (las últimas esperanzas de Juan)","corroerías","Intermediate","fill_in_blank","corroer","None","None","No","No"," condicional corroer ends_in_er irregular_verb low_irregularity regular_form tú_vos "
"… Si acaeciera algo, …él/ella/usted _____ (las últimas esperanzas de Juan)","corroería","Intermediate","fill_in_blank","corroer","None","None","No","No"," condicional corroer ends_in_er irregular_verb low_irregularity regular_form él_ella_usted "
"… Si pasara algo, …nosotros _____ (las últimas esperanzas de Juan)","corroeríamos","Intermediate","fill_in_blank","corroer","None","None","No","No"," condicional corroer ends_in_er irregular_verb low_irregularity nosotros regular_form "
"… Si aconteciese esto, …vosotros _____ (las últimas esperanzas de Juan)","corroeríais","Intermediate","fill_in_blank","corroer","None","None","No","No"," condicional corroer ends_in_er irregular_verb low_irregularity regular_form vosotros "
"… Si se produjera esto, …ellos/ellas/ustedes _____ (las últimas esperanzas de Juan)","corroerían","Intermediate","fill_in_blank","corroer","None","None","No","No"," condicional corroer ellos_ellas_ustedes ends_in_er irregular_verb low_irregularity regular_form "
"〰 Resulta divertido que 〰yo _____ (las últimas esperanzas de Juan)","corroa | corroiga | corroya","Elementary","fill_in_blank","corroer","None","None","No","No"," corroer ends_in_er irregular_form irregular_verb low_irregularity subjuntivo_presente yo "
"〰 Resulta divertido que 〰tú/vos _____ (las últimas esperanzas de Juan)","corroas | corroigas | corroyas","Elementary","fill_in_blank","corroer","None","None","No","No"," corroer ends_in_er irregular_form irregular_verb low_irregularity subjuntivo_presente tú_vos "
"〰 Resulta divertido que 〰él/ella/usted _____ (las últimas esperanzas de Juan)","corroa | corroiga | corroya","Elementary","fill_in_blank","corroer","None","None","No","No"," corroer ends_in_er irregular_form irregular_verb low_irregularity subjuntivo_presente él_ella_usted "
"〰 Resulta divertido que 〰nosotros _____ (las últimas esperanzas de Juan)","corroamos | corroigamos | corroyamos","Elementary","fill_in_blank","corroer","None","None","No","No"," corroer ends_in_er irregular_form irregular_verb low_irregularity nosotros subjuntivo_presente "
"〰 Resulta divertido que 〰vosotros _____ (las últimas esperanzas de Juan)","corroáis | corroigáis | corroyáis","Elementary","fill_in_blank","corroer","None","None","No","No"," corroer ends_in_er irregular_form irregular_verb low_irregularity subjuntivo_presente vosotros "
"〰 Resulta divertido que 〰ellos/ellas/ustedes _____ (las últimas esperanzas de Juan)","corroan | corroigan | corroyan","Elementary","fill_in_blank","corroer","None","None","No","No"," corroer ellos_ellas_ustedes ends_in_er irregular_form irregular_verb low_irregularity subjuntivo_presente "
"↫ Fue sorprendente que ↫yo _____ (las últimas esperanzas de Juan)","corroyera | corroyese","Advanced","fill_in_blank","corroer","None","None","No","No"," corroer ends_in_er irregular_verb low_irregularity regular_form regular_spelling_change subjuntivo_pasado yo "
"↫ Fue sorprendente que ↫tú/vos _____ (las últimas esperanzas de Juan)","corroyeras | corroyeses","Advanced","fill_in_blank","corroer","None","None","No","No"," corroer ends_in_er irregular_verb low_irregularity regular_form regular_spelling_change subjuntivo_pasado tú_vos "
"↫ Fue sorprendente que ↫él/ella/usted _____ (las últimas esperanzas de Juan)","corroyera | corroyese","Advanced","fill_in_blank","corroer","None","None","No","No"," corroer ends_in_er irregular_verb low_irregularity regular_form regular_spelling_change subjuntivo_pasado él_ella_usted "
"↫ Fue sorprendente que ↫nosotros _____ (las últimas esperanzas de Juan)","corroyéramos | corroyésemos","Advanced","fill_in_blank","corroer","None","None","No","No"," corroer ends_in_er irregular_verb low_irregularity nosotros regular_form regular_spelling_change subjuntivo_pasado "
"↫ Fue sorprendente que ↫vosotros _____ (las últimas esperanzas de Juan)","corroyerais | corroyeseis","Advanced","fill_in_blank","corroer","None","None","No","No"," corroer ends_in_er irregular_verb low_irregularity regular_form regular_spelling_change subjuntivo_pasado vosotros "
"↫ Fue sorprendente que ↫ellos/ellas/ustedes _____ (las últimas esperanzas de Juan)","corroyeran | corroyesen","Advanced","fill_in_blank","corroer","None","None","No","No"," corroer ellos_ellas_ustedes ends_in_er irregular_verb low_irregularity regular_form regular_spelling_change subjuntivo_pasado "
"Hombre, por favor,¡ _____ (el ánimo de Juan) !(tú)","corroe","Intermediate","fill_in_blank","corroer","None","None","No","No"," corroer ends_in_er imperativo irregular_verb low_irregularity regular_form tú tú_vos "
"Hombre, por favor,¡ _____ (el ánimo de Juan) !(vos)","corroé","Intermediate","fill_in_blank","corroer","None","None","No","No"," corroer ends_in_er imperativo irregular_verb low_irregularity regular_form tú_vos vos "
"Mujer, por favor,¡ no _____ (el ánimo de Juan) !(tú/vos)","corroas | corroigas | corroyas","Intermediate","fill_in_blank","corroer","None","None","No","No"," corroer ends_in_er imperativo irregular_form irregular_verb low_irregularity negative_imperativo tú_vos "
"Señora, por favor,¡ (que) _____ (el ánimo de Juan) !(él/ella/usted)","corroa | corroiga | corroya","Intermediate","fill_in_blank","corroer","None","None","No","No"," corroer ends_in_er imperativo irregular_form irregular_verb low_irregularity él_ella_usted "
"Vámonos equipo, por favor,¡ (que) _____ (el ánimo de Juan) !(nosotros)","corroamos | corroigamos | corroyamos","Intermediate","fill_in_blank","corroer","None","None","No","No"," corroer ends_in_er imperativo irregular_form irregular_verb low_irregularity nosotros "
"Tú y tú, por favor,¡ _____ (el ánimo de Juan) !(vosotros)","corroed","Intermediate","fill_in_blank","corroer","None","None","No","No"," corroer ends_in_er imperativo irregular_verb low_irregularity regular_form vosotros "
"Señores, por favor,¡ (que) _____ (el ánimo de Juan) ! (ellos/ellas/ustedes)","corroan | corroigan | corroyan","Intermediate","fill_in_blank","corroer","None","None","No","No"," corroer ellos_ellas_ustedes ends_in_er imperativo irregular_form irregular_verb low_irregularity "
"↬ Si en un dudoso futuro ↬yo lo _____, ¡suerte!","corroyere","Advanced","fill_in_blank","corroer","None","None","No","No"," corroer ends_in_er irregular_verb low_irregularity regular_form regular_spelling_change subjuntivo_futuro yo "
"↬ Si en un dudoso futuro ↬tú/vos lo _____, ¡suerte!","corroyeres","Advanced","fill_in_blank","corroer","None","None","No","No"," corroer ends_in_er irregular_verb low_irregularity regular_form regular_spelling_change subjuntivo_futuro tú_vos "
"↬ Si en un dudoso futuro ↬él/ella/usted lo _____, ¡suerte!","corroyere","Advanced","fill_in_blank","corroer","None","None","No","No"," corroer ends_in_er irregular_verb low_irregularity regular_form regular_spelling_change subjuntivo_futuro él_ella_usted "
"↬ Si en un dudoso futuro ↬nosotros lo _____, ¡suerte!","corroyéremos","Advanced","fill_in_blank","corroer","None","None","No","No"," corroer ends_in_er irregular_verb low_irregularity nosotros regular_form regular_spelling_change subjuntivo_futuro "
"↬ Si en un dudoso futuro ↬vosotros lo _____, ¡suerte!","corroyereis","Advanced","fill_in_blank","corroer","None","None","No","No"," corroer ends_in_er irregular_verb low_irregularity regular_form regular_spelling_change subjuntivo_futuro vosotros "
"↬ Si en un dudoso futuro ↬ellos/ellas/ustedes lo _____, ¡suerte!","corroyeren","Advanced","fill_in_blank","corroer","None","None","No","No"," corroer ellos_ellas_ustedes ends_in_er irregular_verb low_irregularity regular_form regular_spelling_change subjuntivo_futuro "
"El verbo enél tañees _____","tañer","Intermediate","fill_in_blank","None","None","None","No","No"," ends_in_er infinitivo regular_form regular_verb tañer "
"Mientras estoy estudiando…ella está _____ (su campana tibetana)","tañendo","Intermediate","fill_in_blank","tañer","None","None","No","No"," ends_in_er gerundio regular_form regular_spelling_change regular_verb tañer "
"Hugo ha _____ (su campana tibetana)","tañido","Intermediate","fill_in_blank","tañer","None","None","No","No"," ends_in_er participio regular_form regular_verb tañer "
"⊙ Ahora mismo, ⊙yo _____ (la guitarra)","taño","Elementary","fill_in_blank","tañer","None","None","No","No"," ends_in_er presente regular_form regular_verb tañer yo "
"⊙ Ahora mismo, ⊙tú _____ (la guitarra)","tañes","Elementary","fill_in_blank","tañer","None","None","No","No"," ends_in_er presente regular_form regular_verb tañer tú tú_vos "
"⊙ Ahora mismo, ⊙vos _____ (la guitarra)","tañés","Elementary","fill_in_blank","tañer","None","None","No","No"," ends_in_er presente regular_form regular_verb tañer tú_vos vos "
"⊙ Ahora mismo, ⊙él/ella/usted _____ (la guitarra)","tañe","Elementary","fill_in_blank","tañer","None","None","No","No"," ends_in_er presente regular_form regular_verb tañer él_ella_usted "
"⊙ Ahora mismo, ⊙nosotros _____ (la guitarra)","tañemos","Elementary","fill_in_blank","tañer","None","None","No","No"," ends_in_er nosotros presente regular_form regular_verb tañer "
"⊙ Ahora mismo, ⊙vosotros _____ (la guitarra)","tañéis","Elementary","fill_in_blank","tañer","None","None","No","No"," ends_in_er presente regular_form regular_verb tañer vosotros "
"⊙ Ahora mismo, ⊙ellos/ellas/ustedes _____ (la guitarra)","tañen","Elementary","fill_in_blank","tañer","None","None","No","No"," ellos_ellas_ustedes ends_in_er presente regular_form regular_verb tañer "
"⇠ En esa época, a menudo, ⇠yo _____ (la guitarra)","tañía","Intermediate","fill_in_blank","tañer","None","None","No","No"," ends_in_er imperfecto regular_form regular_verb tañer yo "
"⇠ En esa época, a menudo, ⇠tú/vos _____ (la guitarra)","tañías","Intermediate","fill_in_blank","tañer","None","None","No","No"," ends_in_er imperfecto regular_form regular_verb tañer tú_vos "
"⇠ En esa época, a menudo, ⇠él/ella/usted _____ (la guitarra)","tañía","Intermediate","fill_in_blank","tañer","None","None","No","No"," ends_in_er imperfecto regular_form regular_verb tañer él_ella_usted "
"⇠ En esa época, a menudo, ⇠nosotros _____ (la guitarra)","tañíamos","Intermediate","fill_in_blank","tañer","None","None","No","No"," ends_in_er imperfecto nosotros regular_form regular_verb tañer "
"⇠ En esa época, a menudo, ⇠vosotros _____ (la guitarra)","tañíais","Intermediate","fill_in_blank","tañer","None","None","No","No"," ends_in_er imperfecto regular_form regular_verb tañer vosotros "
"⇠ En esa época, a menudo, ⇠ellos/ellas/ustedes _____ (la guitarra)","tañían","Intermediate","fill_in_blank","tañer","None","None","No","No"," ellos_ellas_ustedes ends_in_er imperfecto regular_form regular_verb tañer "
"↧ En aquel momento ↧yo _____ (la guitarra)","tañí","Intermediate","fill_in_blank","tañer","None","None","No","No"," ends_in_er indefinido regular_form regular_verb tañer yo "
"↧ En aquel momento ↧tú/vos _____ (la guitarra)","tañiste","Intermediate","fill_in_blank","tañer","None","None","No","No"," ends_in_er indefinido regular_form regular_verb tañer tú_vos "
"↧ En aquel momento ↧él/ella/usted _____ (la guitarra)","tañó","Intermediate","fill_in_blank","tañer","None","None","No","No"," ends_in_er indefinido regular_form regular_spelling_change regular_verb tañer él_ella_usted "
"↧ En aquel momento ↧nosotros _____ (la guitarra)","tañimos","Intermediate","fill_in_blank","tañer","None","None","No","No"," ends_in_er indefinido nosotros regular_form regular_verb tañer "
"↧ En aquel momento ↧vosotros _____ (la guitarra)","tañisteis","Intermediate","fill_in_blank","tañer","None","None","No","No"," ends_in_er indefinido regular_form regular_verb tañer vosotros "
"↧ En aquel momento ↧ellos/ellas/ustedes _____ (la guitarra)","tañeron","Intermediate","fill_in_blank","tañer","None","None","No","No"," ellos_ellas_ustedes ends_in_er indefinido regular_form regular_spelling_change regular_verb tañer "
"→ En el futuro, →yo _____ (la guitarra)","tañeré","Intermediate","fill_in_blank","tañer","None","None","No","No"," ends_in_er futuro regular_form regular_verb tañer yo "
"→ En el futuro, →tú/vos _____ (la guitarra)","tañerás","Intermediate","fill_in_blank","tañer","None","None","No","No"," ends_in_er futuro regular_form regular_verb tañer tú_vos "
"→ En el futuro, →él/ella/usted _____ (la guitarra)","tañerá","Intermediate","fill_in_blank","tañer","None","None","No","No"," ends_in_er futuro regular_form regular_verb tañer él_ella_usted "
"→ En el futuro, →nosotros _____ (la guitarra)","tañeremos","Intermediate","fill_in_blank","tañer","None","None","No","No"," ends_in_er futuro nosotros regular_form regular_verb tañer "
"→ En el futuro, →vosotros _____ (la guitarra)","tañeréis","Intermediate","fill_in_blank","tañer","None","None","No","No"," ends_in_er futuro regular_form regular_verb tañer vosotros "
"→ En el futuro, →ellos/ellas/ustedes _____ (la guitarra)","tañerán","Intermediate","fill_in_blank","tañer","None","None","No","No"," ellos_ellas_ustedes ends_in_er futuro regular_form regular_verb tañer "
"… Si ocurriese esto, …yo _____ (la guitarra)","tañería","Intermediate","fill_in_blank","tañer","None","None","No","No"," condicional ends_in_er regular_form regular_verb tañer yo "
"… Si sucediera esto, …tú/vos _____ (la guitarra)","tañerías","Intermediate","fill_in_blank","tañer","None","None","No","No"," condicional ends_in_er regular_form regular_verb tañer tú_vos "
"… Si acaeciera algo, …él/ella/usted _____ (la guitarra)","tañería","Intermediate","fill_in_blank","tañer","None","None","No","No"," condicional ends_in_er regular_form regular_verb tañer él_ella_usted "
"… Si pasara algo, …nosotros _____ (la guitarra)","tañeríamos","Intermediate","fill_in_blank","tañer","None","None","No","No"," condicional ends_in_er nosotros regular_form regular_verb tañer "
"… Si aconteciese esto, …vosotros _____ (la guitarra)","tañeríais","Intermediate","fill_in_blank","tañer","None","None","No","No"," condicional ends_in_er regular_form regular_verb tañer vosotros "
"… Si se produjera esto, …ellos/ellas/ustedes _____ (la guitarra)","tañerían","Intermediate","fill_in_blank","tañer","None","None","No","No"," condicional ellos_ellas_ustedes ends_in_er regular_form regular_verb tañer "
"〰 Resulta divertido que 〰yo _____ (la guitarra)","taña","Elementary","fill_in_blank","tañer","None","None","No","No"," ends_in_er regular_form regular_verb subjuntivo_presente tañer yo "
"〰 Resulta divertido que 〰tú/vos _____ (la guitarra)","tañas","Elementary","fill_in_blank","tañer","None","None","No","No"," ends_in_er regular_form regular_verb subjuntivo_presente tañer tú_vos "
"〰 Resulta divertido que 〰él/ella/usted _____ (la guitarra)","taña","Elementary","fill_in_blank","tañer","None","None","No","No"," ends_in_er regular_form regular_verb subjuntivo_presente tañer él_ella_usted "
"〰 Resulta divertido que 〰nosotros _____ (la guitarra)","tañamos","Elementary","fill_in_blank","tañer","None","None","No","No"," ends_in_er nosotros regular_form regular_verb subjuntivo_presente tañer "
"〰 Resulta divertido que 〰vosotros _____ (la guitarra)","tañáis","Elementary","fill_in_blank","tañer","None","None","No","No"," ends_in_er regular_form regular_verb subjuntivo_presente tañer vosotros "
"〰 Resulta divertido que 〰ellos/ellas/ustedes _____ (la guitarra)","tañan","Elementary","fill_in_blank","tañer","None","None","No","No"," ellos_ellas_ustedes ends_in_er regular_form regular_verb subjuntivo_presente tañer "
"↫ Fue sorprendente que ↫yo _____ (la guitarra)","tañera | tañese","Advanced","fill_in_blank","tañer","None","None","No","No"," ends_in_er regular_form regular_spelling_change regular_verb subjuntivo_pasado tañer yo "
"↫ Fue sorprendente que ↫tú/vos _____ (la guitarra)","tañeras | tañeses","Advanced","fill_in_blank","tañer","None","None","No","No"," ends_in_er regular_form regular_spelling_change regular_verb subjuntivo_pasado tañer tú_vos "
"↫ Fue sorprendente que ↫él/ella/usted _____ (la guitarra)","tañera | tañese","Advanced","fill_in_blank","tañer","None","None","No","No"," ends_in_er regular_form regular_spelling_change regular_verb subjuntivo_pasado tañer él_ella_usted "
"↫ Fue sorprendente que ↫nosotros _____ (la guitarra)","tañéramos | tañésemos","Advanced","fill_in_blank","tañer","None","None","No","No"," ends_in_er nosotros regular_form regular_spelling_change regular_verb subjuntivo_pasado tañer "
"↫ Fue sorprendente que ↫vosotros _____ (la guitarra)","tañerais | tañeseis","Advanced","fill_in_blank","tañer","None","None","No","No"," ends_in_er regular_form regular_spelling_change regular_verb subjuntivo_pasado tañer vosotros "
"↫ Fue sorprendente que ↫ellos/ellas/ustedes _____ (la guitarra)","tañeran | tañesen","Advanced","fill_in_blank","tañer","None","None","No","No"," ellos_ellas_ustedes ends_in_er regular_form regular_spelling_change regular_verb subjuntivo_pasado tañer "
"Hombre, por favor,¡ _____ (la guitarra), ya !(tú)","tañe","Intermediate","fill_in_blank","tañer","None","None","No","No"," ends_in_er imperativo regular_form regular_verb tañer tú tú_vos "
"Hombre, por favor,¡ _____ (la guitarra), ya !(vos)","tañé","Intermediate","fill_in_blank","tañer","None","None","No","No"," ends_in_er imperativo regular_form regular_verb tañer tú_vos vos "
"Mujer, por favor,¡ no _____ (la guitarra) !(tú/vos)","tañas","Intermediate","fill_in_blank","tañer","None","None","No","No"," ends_in_er imperativo negative_imperativo regular_form regular_verb tañer tú_vos "
"Señora, por favor,¡ (que) _____ (la guitarra), ya !(él/ella/usted)","taña","Intermediate","fill_in_blank","tañer","None","None","No","No"," ends_in_er imperativo regular_form regular_verb tañer él_ella_usted "
"Vámonos equipo, por favor,¡ (que) _____ (la guitarra), ya !(nosotros)","tañamos","Intermediate","fill_in_blank","tañer","None","None","No","No"," ends_in_er imperativo nosotros regular_form regular_verb tañer "
"Tú y tú, por favor,¡ _____ (la guitarra), ya !(vosotros)","tañed","Intermediate","fill_in_blank","tañer","None","None","No","No"," ends_in_er imperativo regular_form regular_verb tañer vosotros "
"Señores, por favor,¡ (que) _____ (la guitarra), ya ! (ellos/ellas/ustedes)","tañan","Intermediate","fill_in_blank","tañer","None","None","No","No"," ellos_ellas_ustedes ends_in_er imperativo regular_form regular_verb tañer "
"↬ Si en un dudoso futuro ↬yo lo _____, ¡suerte!","tañere","Advanced","fill_in_blank","tañer","None","None","No","No"," ends_in_er regular_form regular_spelling_change regular_verb subjuntivo_futuro tañer yo "
"↬ Si en un dudoso futuro ↬tú/vos lo _____, ¡suerte!","tañeres","Advanced","fill_in_blank","tañer","None","None","No","No"," ends_in_er regular_form regular_spelling_change regular_verb subjuntivo_futuro tañer tú_vos "
"↬ Si en un dudoso futuro ↬él/ella/usted lo _____, ¡suerte!","tañere","Advanced","fill_in_blank","tañer","None","None","No","No"," ends_in_er regular_form regular_spelling_change regular_verb subjuntivo_futuro tañer él_ella_usted "
"↬ Si en un dudoso futuro ↬nosotros lo _____, ¡suerte!","tañéremos","Advanced","fill_in_blank","tañer","None","None","No","No"," ends_in_er nosotros regular_form regular_spelling_change regular_verb subjuntivo_futuro tañer "
"↬ Si en un dudoso futuro ↬vosotros lo _____, ¡suerte!","tañereis","Advanced","fill_in_blank","tañer","None","None","No","No"," ends_in_er regular_form regular_spelling_change regular_verb subjuntivo_futuro tañer vosotros "
"↬ Si en un dudoso futuro ↬ellos/ellas/ustedes lo _____, ¡suerte!","tañeren","Advanced","fill_in_blank","tañer","None","None","No","No"," ellos_ellas_ustedes ends_in_er regular_form regular_spelling_change regular_verb subjuntivo_futuro tañer "
"El verbo enél prohíjaes _____","prohijar","Intermediate","fill_in_blank","None","None","None","No","No"," ends_in_ar infinitivo prohijar regular_form regular_verb "
"Mientras estoy estudiando…el público está _____ (el discurso bélico del presidente)","prohijando","Intermediate","fill_in_blank","prohijar","None","None","No","No"," ends_in_ar gerundio prohijar regular_form regular_verb "
"Hugo ha _____ (las teorías de Alfonso)","prohijado","Intermediate","fill_in_blank","prohijar","None","None","No","No"," ends_in_ar participio prohijar regular_form regular_verb "
"⊙ Ahora mismo, ⊙yo _____ (ideas ajenas)","prohíjo","Elementary","fill_in_blank","prohijar","None","None","No","No"," ends_in_ar presente prohijar regular_form regular_spelling_change regular_verb yo "
"⊙ Ahora mismo, ⊙tú _____ (ideas ajenas)","prohíjas","Elementary","fill_in_blank","prohijar","None","None","No","No"," ends_in_ar presente prohijar regular_form regular_spelling_change regular_verb tú tú_vos "
"⊙ Ahora mismo, ⊙vos _____ (ideas ajenas)","prohijás","Elementary","fill_in_blank","prohijar","None","None","No","No"," ends_in_ar presente prohijar regular_form regular_verb tú_vos vos "
"⊙ Ahora mismo, ⊙él/ella/usted _____ (ideas ajenas)","prohíja","Elementary","fill_in_blank","prohijar","None","None","No","No"," ends_in_ar presente prohijar regular_form regular_spelling_change regular_verb él_ella_usted "
"⊙ Ahora mismo, ⊙nosotros _____ (ideas ajenas)","prohijamos","Elementary","fill_in_blank","prohijar","None","None","No","No"," ends_in_ar nosotros presente prohijar regular_form regular_verb "
"⊙ Ahora mismo, ⊙vosotros _____ (ideas ajenas)","prohijáis","Elementary","fill_in_blank","prohijar","None","None","No","No"," ends_in_ar presente prohijar regular_form regular_verb vosotros "
"⊙ Ahora mismo, ⊙ellos/ellas/ustedes _____ (ideas ajenas)","prohíjan","Elementary","fill_in_blank","prohijar","None","None","No","No"," ellos_ellas_ustedes ends_in_ar presente prohijar regular_form regular_spelling_change regular_verb "
"⇠ En esa época, a menudo, ⇠yo _____ (ideas ajenas)","prohijaba","Intermediate","fill_in_blank","prohijar","None","None","No","No"," ends_in_ar imperfecto prohijar regular_form regular_verb yo "
"⇠ En esa época, a menudo, ⇠tú/vos _____ (ideas ajenas)","prohijabas","Intermediate","fill_in_blank","prohijar","None","None","No","No"," ends_in_ar imperfecto prohijar regular_form regular_verb tú_vos "
"⇠ En esa época, a menudo, ⇠él/ella/usted _____ (ideas ajenas)","prohijaba","Intermediate","fill_in_blank","prohijar","None","None","No","No"," ends_in_ar imperfecto prohijar regular_form regular_verb él_ella_usted "
"⇠ En esa época, a menudo, ⇠nosotros _____ (ideas ajenas)","prohijábamos","Intermediate","fill_in_blank","prohijar","None","None","No","No"," ends_in_ar imperfecto nosotros prohijar regular_form regular_verb "
"⇠ En esa época, a menudo, ⇠vosotros _____ (ideas ajenas)","prohijabais","Intermediate","fill_in_blank","prohijar","None","None","No","No"," ends_in_ar imperfecto prohijar regular_form regular_verb vosotros "
"⇠ En esa época, a menudo, ⇠ellos/ellas/ustedes _____ (ideas ajenas)","prohijaban","Intermediate","fill_in_blank","prohijar","None","None","No","No"," ellos_ellas_ustedes ends_in_ar imperfecto prohijar regular_form regular_verb "
"↧ En aquel momento ↧yo _____ (ideas ajenas)","prohijé","Intermediate","fill_in_blank","prohijar","None","None","No","No"," ends_in_ar indefinido prohijar regular_form regular_verb yo "
"↧ En aquel momento ↧tú/vos _____ (ideas ajenas)","prohijaste","Intermediate","fill_in_blank","prohijar","None","None","No","No"," ends_in_ar indefinido prohijar regular_form regular_verb tú_vos "
"↧ En aquel momento ↧él/ella/usted _____ (ideas ajenas)","prohijó","Intermediate","fill_in_blank","prohijar","None","None","No","No"," ends_in_ar indefinido prohijar regular_form regular_verb él_ella_usted "
"↧ En aquel momento ↧nosotros _____ (ideas ajenas)","prohijamos","Intermediate","fill_in_blank","prohijar","None","None","No","No"," ends_in_ar indefinido nosotros prohijar regular_form regular_verb "
"↧ En aquel momento ↧vosotros _____ (ideas ajenas)","prohijasteis","Intermediate","fill_in_blank","prohijar","None","None","No","No"," ends_in_ar indefinido prohijar regular_form regular_verb vosotros "
"↧ En aquel momento ↧ellos/ellas/ustedes _____ (ideas ajenas)","prohijaron","Intermediate","fill_in_blank","prohijar","None","None","No","No"," ellos_ellas_ustedes ends_in_ar indefinido prohijar regular_form regular_verb "
"→ En el futuro, →yo _____ (ideas ajenas)","prohijaré","Intermediate","fill_in_blank","prohijar","None","None","No","No"," ends_in_ar futuro prohijar regular_form regular_verb yo "
"→ En el futuro, →tú/vos _____ (ideas ajenas)","prohijarás","Intermediate","fill_in_blank","prohijar","None","None","No","No"," ends_in_ar futuro prohijar regular_form regular_verb tú_vos "
"→ En el futuro, →él/ella/usted _____ (ideas ajenas)","prohijará","Intermediate","fill_in_blank","prohijar","None","None","No","No"," ends_in_ar futuro prohijar regular_form regular_verb él_ella_usted "
"→ En el futuro, →nosotros _____ (ideas ajenas)","prohijaremos","Intermediate","fill_in_blank","prohijar","None","None","No","No"," ends_in_ar futuro nosotros prohijar regular_form regular_verb "
"→ En el futuro, →vosotros _____ (ideas ajenas)","prohijaréis","Intermediate","fill_in_blank","prohijar","None","None","No","No"," ends_in_ar futuro prohijar regular_form regular_verb vosotros "
"→ En el futuro, →ellos/ellas/ustedes _____ (ideas ajenas)","prohijarán","Intermediate","fill_in_blank","prohijar","None","None","No","No"," ellos_ellas_ustedes ends_in_ar futuro prohijar regular_form regular_verb "
"… Si ocurriese esto, …yo _____ (las teorías de Darwin)","prohijaría","Intermediate","fill_in_blank","prohijar","None","None","No","No"," condicional ends_in_ar prohijar regular_form regular_verb yo "
"… Si sucediera esto, …tú/vos _____ (las teorías de Darwin)","prohijarías","Intermediate","fill_in_blank","prohijar","None","None","No","No"," condicional ends_in_ar prohijar regular_form regular_verb tú_vos "
"… Si acaeciera algo, …él/ella/usted _____ (las teorías de Darwin)","prohijaría","Intermediate","fill_in_blank","prohijar","None","None","No","No"," condicional ends_in_ar prohijar regular_form regular_verb él_ella_usted "
"… Si pasara algo, …nosotros _____ (las teorías de Darwin)","prohijaríamos","Intermediate","fill_in_blank","prohijar","None","None","No","No"," condicional ends_in_ar nosotros prohijar regular_form regular_verb "
"… Si aconteciese esto, …vosotros _____ (las teorías de Darwin)","prohijaríais","Intermediate","fill_in_blank","prohijar","None","None","No","No"," condicional ends_in_ar prohijar regular_form regular_verb vosotros "
"… Si se produjera esto, …ellos/ellas/ustedes _____ (las teorías de Darwin)","prohijarían","Intermediate","fill_in_blank","prohijar","None","None","No","No"," condicional ellos_ellas_ustedes ends_in_ar prohijar regular_form regular_verb "
"〰 Resulta divertido que 〰yo _____ (ideas ajenas)","prohíje","Elementary","fill_in_blank","prohijar","None","None","No","No"," ends_in_ar prohijar regular_form regular_spelling_change regular_verb subjuntivo_presente yo "
"〰 Resulta divertido que 〰tú/vos _____ (ideas ajenas)","prohíjes","Elementary","fill_in_blank","prohijar","None","None","No","No"," ends_in_ar prohijar regular_form regular_spelling_change regular_verb subjuntivo_presente tú_vos "
"〰 Resulta divertido que 〰él/ella/usted _____ (ideas ajenas)","prohíje","Elementary","fill_in_blank","prohijar","None","None","No","No"," ends_in_ar prohijar regular_form regular_spelling_change regular_verb subjuntivo_presente él_ella_usted "
"〰 Resulta divertido que 〰nosotros _____ (ideas ajenas)","prohijemos","Elementary","fill_in_blank","prohijar","None","None","No","No"," ends_in_ar nosotros prohijar regular_form regular_verb subjuntivo_presente "
"〰 Resulta divertido que 〰vosotros _____ (ideas ajenas)","prohijéis","Elementary","fill_in_blank","prohijar","None","None","No","No"," ends_in_ar prohijar regular_form regular_verb subjuntivo_presente vosotros "
"〰 Resulta divertido que 〰ellos/ellas/ustedes _____ (ideas ajenas)","prohíjen","Elementary","fill_in_blank","prohijar","None","None","No","No"," ellos_ellas_ustedes ends_in_ar prohijar regular_form regular_spelling_change regular_verb subjuntivo_presente "
"↫ Fue sorprendente que ↫yo _____ (ideas ajenas)","prohijara | prohijase","Advanced","fill_in_blank","prohijar","None","None","No","No"," ends_in_ar prohijar regular_form regular_verb subjuntivo_pasado yo "
"↫ Fue sorprendente que ↫tú/vos _____ (ideas ajenas)","prohijaras | prohijases","Advanced","fill_in_blank","prohijar","None","None","No","No"," ends_in_ar prohijar regular_form regular_verb subjuntivo_pasado tú_vos "
"↫ Fue sorprendente que ↫él/ella/usted _____ (ideas ajenas)","prohijara | prohijase","Advanced","fill_in_blank","prohijar","None","None","No","No"," ends_in_ar prohijar regular_form regular_verb subjuntivo_pasado él_ella_usted "
"↫ Fue sorprendente que ↫nosotros _____ (ideas ajenas)","prohijáramos | prohijásemos","Advanced","fill_in_blank","prohijar","None","None","No","No"," ends_in_ar nosotros prohijar regular_form regular_verb subjuntivo_pasado "
"↫ Fue sorprendente que ↫vosotros _____ (ideas ajenas)","prohijarais | prohijaseis","Advanced","fill_in_blank","prohijar","None","None","No","No"," ends_in_ar prohijar regular_form regular_verb subjuntivo_pasado vosotros "
"↫ Fue sorprendente que ↫ellos/ellas/ustedes _____ (ideas ajenas)","prohijaran | prohijasen","Advanced","fill_in_blank","prohijar","None","None","No","No"," ellos_ellas_ustedes ends_in_ar prohijar regular_form regular_verb subjuntivo_pasado "
"Hombre, por favor,¡ _____ (estas ideas), ya !(tú)","prohíja","Intermediate","fill_in_blank","prohijar","None","None","No","No"," ends_in_ar imperativo prohijar regular_form regular_spelling_change regular_verb tú tú_vos "
"Hombre, por favor,¡ _____ (estas ideas), ya !(vos)","prohijá","Intermediate","fill_in_blank","prohijar","None","None","No","No"," ends_in_ar imperativo prohijar regular_form regular_verb tú_vos vos "
"Mujer, por favor,¡ no _____ (ideas descabelladas) !(tú/vos)","prohíjes","Intermediate","fill_in_blank","prohijar","None","None","No","No"," ends_in_ar imperativo negative_imperativo prohijar regular_form regular_spelling_change regular_verb tú_vos "
"Señora, por favor,¡ (que) _____ (estas ideas), ya !(él/ella/usted)","prohíje","Intermediate","fill_in_blank","prohijar","None","None","No","No"," ends_in_ar imperativo prohijar regular_form regular_spelling_change regular_verb él_ella_usted "
"Vámonos equipo, por favor,¡ (que) _____ (estas ideas), ya !(nosotros)","prohijemos","Intermediate","fill_in_blank","prohijar","None","None","No","No"," ends_in_ar imperativo nosotros prohijar regular_form regular_verb "
"Tú y tú, por favor,¡ _____ (estas ideas), ya !(vosotros)","prohijad","Intermediate","fill_in_blank","prohijar","None","None","No","No"," ends_in_ar imperativo prohijar regular_form regular_verb vosotros "
"Señores, por favor,¡ (que) _____ (estas ideas), ya ! (ellos/ellas/ustedes)","prohíjen","Intermediate","fill_in_blank","prohijar","None","None","No","No"," ellos_ellas_ustedes ends_in_ar imperativo prohijar regular_form regular_spelling_change regular_verb "
"↬ Si en un dudoso futuro ↬yo lo _____, ¡suerte!","prohijare","Advanced","fill_in_blank","prohijar","None","None","No","No"," ends_in_ar prohijar regular_form regular_verb subjuntivo_futuro yo "
"↬ Si en un dudoso futuro ↬tú/vos lo _____, ¡suerte!","prohijares","Advanced","fill_in_blank","prohijar","None","None","No","No"," ends_in_ar prohijar regular_form regular_verb subjuntivo_futuro tú_vos "
"↬ Si en un dudoso futuro ↬él/ella/usted lo _____, ¡suerte!","prohijare","Advanced","fill_in_blank","prohijar","None","None","No","No"," ends_in_ar prohijar regular_form regular_verb subjuntivo_futuro él_ella_usted "
"↬ Si en un dudoso futuro ↬nosotros lo _____, ¡suerte!","prohijáremos","Advanced","fill_in_blank","prohijar","None","None","No","No"," ends_in_ar nosotros prohijar regular_form regular_verb subjuntivo_futuro "
"↬ Si en un dudoso futuro ↬vosotros lo _____, ¡suerte!","prohijareis","Advanced","fill_in_blank","prohijar","None","None","No","No"," ends_in_ar prohijar regular_form regular_verb subjuntivo_futuro vosotros "
"↬ Si en un dudoso futuro ↬ellos/ellas/ustedes lo _____, ¡suerte!","prohijaren","Advanced","fill_in_blank","prohijar","None","None","No","No"," ellos_ellas_ustedes ends_in_ar prohijar regular_form regular_verb subjuntivo_futuro "
"El verbo enél raees _____","raer","Intermediate","fill_in_blank","None","None","None","No","No"," ends_in_er infinitivo irregular_verb low_irregularity raer regular_form "
"Mientras estoy estudiando…ella está _____ (la idea del viaje de su mente)","rayendo","Intermediate","fill_in_blank","raer","None","None","No","No"," ends_in_er gerundio irregular_verb low_irregularity raer regular_form regular_spelling_change "
"Hugo ha _____ (el recuerdo del viaje de su memoria)","raído","Intermediate","fill_in_blank","raer","None","None","No","No"," ends_in_er irregular_form irregular_verb low_irregularity participio raer "
"⊙ Ahora mismo, ⊙yo _____ (nociones descabelladas de la mente del niño)","raigo | rayo","Elementary","fill_in_blank","raer","None","None","No","No"," ends_in_er irregular_form irregular_verb low_irregularity presente raer yo "
"⊙ Ahora mismo, ⊙tú _____ (nociones descabelladas de la mente del niño)","raes","Elementary","fill_in_blank","raer","None","None","No","No"," ends_in_er irregular_verb low_irregularity presente raer regular_form tú tú_vos "
"⊙ Ahora mismo, ⊙vos _____ (nociones descabelladas de la mente del niño)","raés","Elementary","fill_in_blank","raer","None","None","No","No"," ends_in_er irregular_verb low_irregularity presente raer regular_form tú_vos vos "
"⊙ Ahora mismo, ⊙él/ella/usted _____ (nociones descabelladas de la mente del niño)","rae","Elementary","fill_in_blank","raer","None","None","No","No"," ends_in_er irregular_verb low_irregularity presente raer regular_form él_ella_usted "
"⊙ Ahora mismo, ⊙nosotros _____ (nociones descabelladas de la mente del niño)","raemos","Elementary","fill_in_blank","raer","None","None","No","No"," ends_in_er irregular_verb low_irregularity nosotros presente raer regular_form "
"⊙ Ahora mismo, ⊙vosotros _____ (nociones descabelladas de la mente del niño)","raéis","Elementary","fill_in_blank","raer","None","None","No","No"," ends_in_er irregular_verb low_irregularity presente raer regular_form vosotros "
"⊙ Ahora mismo, ⊙ellos/ellas/ustedes _____ (nociones descabelladas de la mente del niño)","raen","Elementary","fill_in_blank","raer","None","None","No","No"," ellos_ellas_ustedes ends_in_er irregular_verb low_irregularity presente raer regular_form "
"⇠ En esa época, a menudo, ⇠yo _____ (nociones descabelladas de la mente del niño)","raía","Intermediate","fill_in_blank","raer","None","None","No","No"," ends_in_er imperfecto irregular_verb low_irregularity raer regular_form yo "
"⇠ En esa época, a menudo, ⇠tú/vos _____ (nociones descabelladas de la mente del niño)","raías","Intermediate","fill_in_blank","raer","None","None","No","No"," ends_in_er imperfecto irregular_verb low_irregularity raer regular_form tú_vos "
"⇠ En esa época, a menudo, ⇠él/ella/usted _____ (nociones descabelladas de la mente del niño)","raía","Intermediate","fill_in_blank","raer","None","None","No","No"," ends_in_er imperfecto irregular_verb low_irregularity raer regular_form él_ella_usted "
"⇠ En esa época, a menudo, ⇠nosotros _____ (nociones descabelladas de la mente del niño)","raíamos","Intermediate","fill_in_blank","raer","None","None","No","No"," ends_in_er imperfecto irregular_verb low_irregularity nosotros raer regular_form "
"⇠ En esa época, a menudo, ⇠vosotros _____ (nociones descabelladas de la mente del niño)","raíais","Intermediate","fill_in_blank","raer","None","None","No","No"," ends_in_er imperfecto irregular_verb low_irregularity raer regular_form vosotros "
"⇠ En esa época, a menudo, ⇠ellos/ellas/ustedes _____ (nociones descabelladas de la mente del niño)","raían","Intermediate","fill_in_blank","raer","None","None","No","No"," ellos_ellas_ustedes ends_in_er imperfecto irregular_verb low_irregularity raer regular_form "
"↧ En aquel momento ↧yo _____ (nociones descabelladas de la mente del niño)","raí","Intermediate","fill_in_blank","raer","None","None","No","No"," ends_in_er indefinido irregular_verb low_irregularity raer regular_form yo "
"↧ En aquel momento ↧tú/vos _____ (nociones descabelladas de la mente del niño)","raíste","Intermediate","fill_in_blank","raer","None","None","No","No"," ends_in_er indefinido irregular_verb low_irregularity raer regular_form regular_spelling_change tú_vos "
"↧ En aquel momento ↧él/ella/usted _____ (nociones descabelladas de la mente del niño)","rayó","Intermediate","fill_in_blank","raer","None","None","No","No"," ends_in_er indefinido irregular_verb low_irregularity raer regular_form regular_spelling_change él_ella_usted "
"↧ En aquel momento ↧nosotros _____ (nociones descabelladas de la mente del niño)","raímos","Intermediate","fill_in_blank","raer","None","None","No","No"," ends_in_er indefinido irregular_verb low_irregularity nosotros raer regular_form regular_spelling_change "
"↧ En aquel momento ↧vosotros _____ (nociones descabelladas de la mente del niño)","raísteis","Intermediate","fill_in_blank","raer","None","None","No","No"," ends_in_er indefinido irregular_verb low_irregularity raer regular_form regular_spelling_change vosotros "
"↧ En aquel momento ↧ellos/ellas/ustedes _____ (nociones descabelladas de la mente del niño)","rayeron","Intermediate","fill_in_blank","raer","None","None","No","No"," ellos_ellas_ustedes ends_in_er indefinido irregular_verb low_irregularity raer regular_form regular_spelling_change "
"→ En el futuro, →yo _____ (nociones descabelladas de la mente del niño)","raeré","Intermediate","fill_in_blank","raer","None","None","No","No"," ends_in_er futuro irregular_verb low_irregularity raer regular_form yo "
"→ En el futuro, →tú/vos _____ (nociones descabelladas de la mente del niño)","raerás","Intermediate","fill_in_blank","raer","None","None","No","No"," ends_in_er futuro irregular_verb low_irregularity raer regular_form tú_vos "
"→ En el futuro, →él/ella/usted _____ (nociones descabelladas de la mente del niño)","raerá","Intermediate","fill_in_blank","raer","None","None","No","No"," ends_in_er futuro irregular_verb low_irregularity raer regular_form él_ella_usted "
"→ En el futuro, →nosotros _____ (nociones descabelladas de la mente del niño)","raeremos","Intermediate","fill_in_blank","raer","None","None","No","No"," ends_in_er futuro irregular_verb low_irregularity nosotros raer regular_form "
"→ En el futuro, →vosotros _____ (nociones descabelladas de la mente del niño)","raeréis","Intermediate","fill_in_blank","raer","None","None","No","No"," ends_in_er futuro irregular_verb low_irregularity raer regular_form vosotros "
"→ En el futuro, →ellos/ellas/ustedes _____ (nociones descabelladas de la mente del niño)","raerán","Intermediate","fill_in_blank","raer","None","None","No","No"," ellos_ellas_ustedes ends_in_er futuro irregular_verb low_irregularity raer regular_form "
"… Si ocurriese esto, …yo _____ (nociones descabelladas de la mente del niño)","raería","Intermediate","fill_in_blank","raer","None","None","No","No"," condicional ends_in_er irregular_verb low_irregularity raer regular_form yo "
"… Si sucediera esto, …tú/vos _____ (nociones descabelladas de la mente del niño)","raerías","Intermediate","fill_in_blank","raer","None","None","No","No"," condicional ends_in_er irregular_verb low_irregularity raer regular_form tú_vos "
"… Si acaeciera algo, …él/ella/usted _____ (nociones descabelladas de la mente del niño)","raería","Intermediate","fill_in_blank","raer","None","None","No","No"," condicional ends_in_er irregular_verb low_irregularity raer regular_form él_ella_usted "
"… Si pasara algo, …nosotros _____ (nociones descabelladas de la mente del niño)","raeríamos","Intermediate","fill_in_blank","raer","None","None","No","No"," condicional ends_in_er irregular_verb low_irregularity nosotros raer regular_form "
"… Si aconteciese esto, …vosotros _____ (nociones descabelladas de la mente del niño)","raeríais","Intermediate","fill_in_blank","raer","None","None","No","No"," condicional ends_in_er irregular_verb low_irregularity raer regular_form vosotros "
"… Si se produjera esto, …ellos/ellas/ustedes _____ (nociones descabelladas de la mente del niño)","raerían","Intermediate","fill_in_blank","raer","None","None","No","No"," condicional ellos_ellas_ustedes ends_in_er irregular_verb low_irregularity raer regular_form "
"〰 Resulta divertido que 〰yo _____ (nociones descabelladas de la mente del niño)","raiga | raya","Elementary","fill_in_blank","raer","None","None","No","No"," ends_in_er irregular_form irregular_verb low_irregularity raer subjuntivo_presente yo "
"〰 Resulta divertido que 〰tú/vos _____ (nociones descabelladas de la mente del niño)","raigas | rayas","Elementary","fill_in_blank","raer","None","None","No","No"," ends_in_er irregular_form irregular_verb low_irregularity raer subjuntivo_presente tú_vos "
"〰 Resulta divertido que 〰él/ella/usted _____ (nociones descabelladas de la mente del niño)","raiga | raya","Elementary","fill_in_blank","raer","None","None","No","No"," ends_in_er irregular_form irregular_verb low_irregularity raer subjuntivo_presente él_ella_usted "
"〰 Resulta divertido que 〰nosotros _____ (nociones descabelladas de la mente del niño)","raigamos | rayamos","Elementary","fill_in_blank","raer","None","None","No","No"," ends_in_er irregular_form irregular_verb low_irregularity nosotros raer subjuntivo_presente "
"〰 Resulta divertido que 〰vosotros _____ (nociones descabelladas de la mente del niño)","raigáis | rayáis","Elementary","fill_in_blank","raer","None","None","No","No"," ends_in_er irregular_form irregular_verb low_irregularity raer subjuntivo_presente vosotros "
"〰 Resulta divertido que 〰ellos/ellas/ustedes _____ (nociones descabelladas de la mente del niño)","raigan | rayan","Elementary","fill_in_blank","raer","None","None","No","No"," ellos_ellas_ustedes ends_in_er irregular_form irregular_verb low_irregularity raer subjuntivo_presente "
"↫ Fue sorprendente que ↫yo _____ (nociones descabelladas de la mente del niño)","rayera | rayese","Advanced","fill_in_blank","raer","None","None","No","No"," ends_in_er irregular_verb low_irregularity raer regular_form regular_spelling_change subjuntivo_pasado yo "
"↫ Fue sorprendente que ↫tú/vos _____ (nociones descabelladas de la mente del niño)","rayeras | rayeses","Advanced","fill_in_blank","raer","None","None","No","No"," ends_in_er irregular_verb low_irregularity raer regular_form regular_spelling_change subjuntivo_pasado tú_vos "
"↫ Fue sorprendente que ↫él/ella/usted _____ (nociones descabelladas de la mente del niño)","rayera | rayese","Advanced","fill_in_blank","raer","None","None","No","No"," ends_in_er irregular_verb low_irregularity raer regular_form regular_spelling_change subjuntivo_pasado él_ella_usted "
"↫ Fue sorprendente que ↫nosotros _____ (nociones descabelladas de la mente del niño)","rayéramos | rayésemos","Advanced","fill_in_blank","raer","None","None","No","No"," ends_in_er irregular_verb low_irregularity nosotros raer regular_form regular_spelling_change subjuntivo_pasado "
"↫ Fue sorprendente que ↫vosotros _____ (nociones descabelladas de la mente del niño)","rayerais | rayeseis","Advanced","fill_in_blank","raer","None","None","No","No"," ends_in_er irregular_verb low_irregularity raer regular_form regular_spelling_change subjuntivo_pasado vosotros "
"↫ Fue sorprendente que ↫ellos/ellas/ustedes _____ (nociones descabelladas de la mente del niño)","rayeran | rayesen","Advanced","fill_in_blank","raer","None","None","No","No"," ellos_ellas_ustedes ends_in_er irregular_verb low_irregularity raer regular_form regular_spelling_change subjuntivo_pasado "
"Hombre, por favor,¡ _____ (esta noción descabellada de la mente del niño) !(tú)","rae","Intermediate","fill_in_blank","raer","None","None","No","No"," ends_in_er imperativo irregular_verb low_irregularity raer regular_form tú tú_vos "
"Hombre, por favor,¡ _____ (esta noción descabellada de la mente del niño) !(vos)","raé","Intermediate","fill_in_blank","raer","None","None","No","No"," ends_in_er imperativo irregular_verb low_irregularity raer regular_form tú_vos vos "
"Mujer, por favor,¡ no _____ (este recuerdo de su memoria) !(tú/vos)","raigas | rayas","Intermediate","fill_in_blank","raer","None","None","No","No"," ends_in_er imperativo irregular_form irregular_verb low_irregularity negative_imperativo raer tú_vos "
"Señora, por favor,¡ (que) _____ (esta noción descabellada de la mente del niño) !(él/ella/usted)","raiga | raya","Intermediate","fill_in_blank","raer","None","None","No","No"," ends_in_er imperativo irregular_form irregular_verb low_irregularity raer él_ella_usted "
"Vámonos equipo, por favor,¡ (que) _____ (esta noción descabellada de la mente del niño) !(nosotros)","raigamos | rayamos","Intermediate","fill_in_blank","raer","None","None","No","No"," ends_in_er imperativo irregular_form irregular_verb low_irregularity nosotros raer "
"Tú y tú, por favor,¡ _____ (esta noción descabellada de la mente del niño) !(vosotros)","raed","Intermediate","fill_in_blank","raer","None","None","No","No"," ends_in_er imperativo irregular_verb low_irregularity raer regular_form vosotros "
"Señores, por favor,¡ (que) _____ (esta noción descabellada de la mente del niño) ! (ellos/ellas/ustedes)","raigan | rayan","Intermediate","fill_in_blank","raer","None","None","No","No"," ellos_ellas_ustedes ends_in_er imperativo irregular_form irregular_verb low_irregularity raer "
"↬ Si en un dudoso futuro ↬yo lo _____, ¡suerte!","rayere","Advanced","fill_in_blank","raer","None","None","No","No"," ends_in_er irregular_verb low_irregularity raer regular_form regular_spelling_change subjuntivo_futuro yo "
"↬ Si en un dudoso futuro ↬tú/vos lo _____, ¡suerte!","rayeres","Advanced","fill_in_blank","raer","None","None","No","No"," ends_in_er irregular_verb low_irregularity raer regular_form regular_spelling_change subjuntivo_futuro tú_vos "
"↬ Si en un dudoso futuro ↬él/ella/usted lo _____, ¡suerte!","rayere","Advanced","fill_in_blank","raer","None","None","No","No"," ends_in_er irregular_verb low_irregularity raer regular_form regular_spelling_change subjuntivo_futuro él_ella_usted "
"↬ Si en un dudoso futuro ↬nosotros lo _____, ¡suerte!","rayéremos","Advanced","fill_in_blank","raer","None","None","No","No"," ends_in_er irregular_verb low_irregularity nosotros raer regular_form regular_spelling_change subjuntivo_futuro "
"↬ Si en un dudoso futuro ↬vosotros lo _____, ¡suerte!","rayereis","Advanced","fill_in_blank","raer","None","None","No","No"," ends_in_er irregular_verb low_irregularity raer regular_form regular_spelling_change subjuntivo_futuro vosotros "
"↬ Si en un dudoso futuro ↬ellos/ellas/ustedes lo _____, ¡suerte!","rayeren","Advanced","fill_in_blank","raer","None","None","No","No"," ellos_ellas_ustedes ends_in_er irregular_verb low_irregularity raer regular_form regular_spelling_change subjuntivo_futuro "
"El verbo enél europeízaes _____","europeizar","Intermediate","fill_in_blank","None","None","None","No","No"," ends_in_ar europeizar infinitivo irregular_verb low_irregularity regular_form "
"Mientras estoy estudiando…ella está _____ (el ambiente del dormitorio)","europeizando","Intermediate","fill_in_blank","europeizar","None","None","No","No"," ends_in_ar europeizar gerundio irregular_verb low_irregularity regular_form "
"Hugo ha _____ (el sabor del plato)","europeizado","Intermediate","fill_in_blank","europeizar","None","None","No","No"," ends_in_ar europeizar irregular_verb low_irregularity participio regular_form "
"⊙ Ahora mismo, ⊙yo _____ (el sabor del plato)","europeízo","Elementary","fill_in_blank","europeizar","None","None","No","No"," ends_in_ar europeizar irregular_form irregular_verb low_irregularity presente yo "
"⊙ Ahora mismo, ⊙tú _____ (el sabor del plato)","europeízas","Elementary","fill_in_blank","europeizar","None","None","No","No"," ends_in_ar europeizar irregular_form irregular_verb low_irregularity presente tú tú_vos "
"⊙ Ahora mismo, ⊙vos _____ (el sabor del plato)","europeizás","Elementary","fill_in_blank","europeizar","None","None","No","No"," ends_in_ar europeizar irregular_verb low_irregularity presente regular_form tú_vos vos "
"⊙ Ahora mismo, ⊙él/ella/usted _____ (el sabor del plato)","europeíza","Elementary","fill_in_blank","europeizar","None","None","No","No"," ends_in_ar europeizar irregular_form irregular_verb low_irregularity presente él_ella_usted "
"⊙ Ahora mismo, ⊙nosotros _____ (el sabor del plato)","europeizamos","Elementary","fill_in_blank","europeizar","None","None","No","No"," ends_in_ar europeizar irregular_verb low_irregularity nosotros presente regular_form "
"⊙ Ahora mismo, ⊙vosotros _____ (el sabor del plato)","europeizáis","Elementary","fill_in_blank","europeizar","None","None","No","No"," ends_in_ar europeizar irregular_verb low_irregularity presente regular_form vosotros "
"⊙ Ahora mismo, ⊙ellos/ellas/ustedes _____ (el sabor del plato)","europeízan","Elementary","fill_in_blank","europeizar","None","None","No","No"," ellos_ellas_ustedes ends_in_ar europeizar irregular_form irregular_verb low_irregularity presente "
"⇠ En esa época, a menudo, ⇠yo _____ (el sabor de un plato)","europeizaba","Intermediate","fill_in_blank","europeizar","None","None","No","No"," ends_in_ar europeizar imperfecto irregular_verb low_irregularity regular_form yo "
"⇠ En esa época, a menudo, ⇠tú/vos _____ (el sabor de un plato)","europeizabas","Intermediate","fill_in_blank","europeizar","None","None","No","No"," ends_in_ar europeizar imperfecto irregular_verb low_irregularity regular_form tú_vos "
"⇠ En esa época, a menudo, ⇠él/ella/usted _____ (el sabor de un plato)","europeizaba","Intermediate","fill_in_blank","europeizar","None","None","No","No"," ends_in_ar europeizar imperfecto irregular_verb low_irregularity regular_form él_ella_usted "
"⇠ En esa época, a menudo, ⇠nosotros _____ (el sabor de un plato)","europeizábamos","Intermediate","fill_in_blank","europeizar","None","None","No","No"," ends_in_ar europeizar imperfecto irregular_verb low_irregularity nosotros regular_form "
"⇠ En esa época, a menudo, ⇠vosotros _____ (el sabor de un plato)","europeizabais","Intermediate","fill_in_blank","europeizar","None","None","No","No"," ends_in_ar europeizar imperfecto irregular_verb low_irregularity regular_form vosotros "
"⇠ En esa época, a menudo, ⇠ellos/ellas/ustedes _____ (el sabor de un plato)","europeizaban","Intermediate","fill_in_blank","europeizar","None","None","No","No"," ellos_ellas_ustedes ends_in_ar europeizar imperfecto irregular_verb low_irregularity regular_form "
"↧ En aquel momento ↧yo _____ (el sabor del plato)","europeicé","Intermediate","fill_in_blank","europeizar","None","None","No","No"," ends_in_ar europeizar indefinido irregular_verb low_irregularity regular_form regular_spelling_change yo "
"↧ En aquel momento ↧tú/vos _____ (el sabor del plato)","europeizaste","Intermediate","fill_in_blank","europeizar","None","None","No","No"," ends_in_ar europeizar indefinido irregular_verb low_irregularity regular_form tú_vos "
"↧ En aquel momento ↧él/ella/usted _____ (el sabor del plato)","europeizó","Intermediate","fill_in_blank","europeizar","None","None","No","No"," ends_in_ar europeizar indefinido irregular_verb low_irregularity regular_form él_ella_usted "
"↧ En aquel momento ↧nosotros _____ (el sabor del plato)","europeizamos","Intermediate","fill_in_blank","europeizar","None","None","No","No"," ends_in_ar europeizar indefinido irregular_verb low_irregularity nosotros regular_form "
"↧ En aquel momento ↧vosotros _____ (el sabor del plato)","europeizasteis","Intermediate","fill_in_blank","europeizar","None","None","No","No"," ends_in_ar europeizar indefinido irregular_verb low_irregularity regular_form vosotros "
"↧ En aquel momento ↧ellos/ellas/ustedes _____ (el sabor del plato)","europeizaron","Intermediate","fill_in_blank","europeizar","None","None","No","No"," ellos_ellas_ustedes ends_in_ar europeizar indefinido irregular_verb low_irregularity regular_form "
"→ En el futuro, →yo _____ (el sabor del plato)","europeizaré","Intermediate","fill_in_blank","europeizar","None","None","No","No"," ends_in_ar europeizar futuro irregular_verb low_irregularity regular_form yo "
"→ En el futuro, →tú/vos _____ (el sabor del plato)","europeizarás","Intermediate","fill_in_blank","europeizar","None","None","No","No"," ends_in_ar europeizar futuro irregular_verb low_irregularity regular_form tú_vos "
"→ En el futuro, →él/ella/usted _____ (el sabor del plato)","europeizará","Intermediate","fill_in_blank","europeizar","None","None","No","No"," ends_in_ar europeizar futuro irregular_verb low_irregularity regular_form él_ella_usted "
"→ En el futuro, →nosotros _____ (el sabor del plato)","europeizaremos","Intermediate","fill_in_blank","europeizar","None","None","No","No"," ends_in_ar europeizar futuro irregular_verb low_irregularity nosotros regular_form "
"→ En el futuro, →vosotros _____ (el sabor del plato)","europeizaréis","Intermediate","fill_in_blank","europeizar","None","None","No","No"," ends_in_ar europeizar futuro irregular_verb low_irregularity regular_form vosotros "
"→ En el futuro, →ellos/ellas/ustedes _____ (el sabor del plato)","europeizarán","Intermediate","fill_in_blank","europeizar","None","None","No","No"," ellos_ellas_ustedes ends_in_ar europeizar futuro irregular_verb low_irregularity regular_form "
"… Si ocurriese esto, …yo _____ (el sabor del plato)","europeizaría","Intermediate","fill_in_blank","europeizar","None","None","No","No"," condicional ends_in_ar europeizar irregular_verb low_irregularity regular_form yo "
"… Si sucediera esto, …tú/vos _____ (el sabor del plato)","europeizarías","Intermediate","fill_in_blank","europeizar","None","None","No","No"," condicional ends_in_ar europeizar irregular_verb low_irregularity regular_form tú_vos "
"… Si acaeciera algo, …él/ella/usted _____ (el sabor del plato)","europeizaría","Intermediate","fill_in_blank","europeizar","None","None","No","No"," condicional ends_in_ar europeizar irregular_verb low_irregularity regular_form él_ella_usted "
"… Si pasara algo, …nosotros _____ (el sabor del plato)","europeizaríamos","Intermediate","fill_in_blank","europeizar","None","None","No","No"," condicional ends_in_ar europeizar irregular_verb low_irregularity nosotros regular_form "
"… Si aconteciese esto, …vosotros _____ (el sabor del plato)","europeizaríais","Intermediate","fill_in_blank","europeizar","None","None","No","No"," condicional ends_in_ar europeizar irregular_verb low_irregularity regular_form vosotros "
"… Si se produjera esto, …ellos/ellas/ustedes _____ (el sabor del plato)","europeizarían","Intermediate","fill_in_blank","europeizar","None","None","No","No"," condicional ellos_ellas_ustedes ends_in_ar europeizar irregular_verb low_irregularity regular_form "
"〰 Resulta divertido que 〰yo _____ (el sabor del plato)","europeíce","Elementary","fill_in_blank","europeizar","None","None","No","No"," ends_in_ar europeizar irregular_form irregular_verb low_irregularity subjuntivo_presente yo "
"〰 Resulta divertido que 〰tú/vos _____ (el sabor del plato)","europeíces","Elementary","fill_in_blank","europeizar","None","None","No","No"," ends_in_ar europeizar irregular_form irregular_verb low_irregularity subjuntivo_presente tú_vos "
"〰 Resulta divertido que 〰él/ella/usted _____ (el sabor del plato)","europeíce","Elementary","fill_in_blank","europeizar","None","None","No","No"," ends_in_ar europeizar irregular_form irregular_verb low_irregularity subjuntivo_presente él_ella_usted "
"〰 Resulta divertido que 〰nosotros _____ (el sabor del plato)","europeicemos","Elementary","fill_in_blank","europeizar","None","None","No","No"," ends_in_ar europeizar irregular_verb low_irregularity nosotros regular_form regular_spelling_change subjuntivo_presente "
"〰 Resulta divertido que 〰vosotros _____ (el sabor del plato)","europeicéis","Elementary","fill_in_blank","europeizar","None","None","No","No"," ends_in_ar europeizar irregular_verb low_irregularity regular_form regular_spelling_change subjuntivo_presente vosotros "
"〰 Resulta divertido que 〰ellos/ellas/ustedes _____ (el sabor del plato)","europeícen","Elementary","fill_in_blank","europeizar","None","None","No","No"," ellos_ellas_ustedes ends_in_ar europeizar irregular_form irregular_verb low_irregularity subjuntivo_presente "
"↫ Fue sorprendente que ↫yo _____ (el sabor del plato)","europeizara | europeizase","Advanced","fill_in_blank","europeizar","None","None","No","No"," ends_in_ar europeizar irregular_verb low_irregularity regular_form subjuntivo_pasado yo "
"↫ Fue sorprendente que ↫tú/vos _____ (el sabor del plato)","europeizaras | europeizases","Advanced","fill_in_blank","europeizar","None","None","No","No"," ends_in_ar europeizar irregular_verb low_irregularity regular_form subjuntivo_pasado tú_vos "
"↫ Fue sorprendente que ↫él/ella/usted _____ (el sabor del plato)","europeizara | europeizase","Advanced","fill_in_blank","europeizar","None","None","No","No"," ends_in_ar europeizar irregular_verb low_irregularity regular_form subjuntivo_pasado él_ella_usted "
"↫ Fue sorprendente que ↫nosotros _____ (el sabor del plato)","europeizáramos | europeizásemos","Advanced","fill_in_blank","europeizar","None","None","No","No"," ends_in_ar europeizar irregular_verb low_irregularity nosotros regular_form subjuntivo_pasado "
"↫ Fue sorprendente que ↫vosotros _____ (el sabor del plato)","europeizarais | europeizaseis","Advanced","fill_in_blank","europeizar","None","None","No","No"," ends_in_ar europeizar irregular_verb low_irregularity regular_form subjuntivo_pasado vosotros "
"↫ Fue sorprendente que ↫ellos/ellas/ustedes _____ (el sabor del plato)","europeizaran | europeizasen","Advanced","fill_in_blank","europeizar","None","None","No","No"," ellos_ellas_ustedes ends_in_ar europeizar irregular_verb low_irregularity regular_form subjuntivo_pasado "
"Hombre, por favor,¡ _____ (el sabor del plato) !(tú)","europeíza","Intermediate","fill_in_blank","europeizar","None","None","No","No"," ends_in_ar europeizar imperativo irregular_form irregular_verb low_irregularity tú tú_vos "
"Hombre, por favor,¡ _____ (el sabor del plato) !(vos)","europeizá","Intermediate","fill_in_blank","europeizar","None","None","No","No"," ends_in_ar europeizar imperativo irregular_verb low_irregularity regular_form tú_vos vos "
"Mujer, por favor,¡ no _____ (el sabor del plato) !(tú/vos)","europeíces","Intermediate","fill_in_blank","europeizar","None","None","No","No"," ends_in_ar europeizar imperativo irregular_form irregular_verb low_irregularity negative_imperativo tú_vos "
"Señora, por favor,¡ (que) _____ (el sabor del plato) !(él/ella/usted)","europeíce","Intermediate","fill_in_blank","europeizar","None","None","No","No"," ends_in_ar europeizar imperativo irregular_form irregular_verb low_irregularity él_ella_usted "
"Vámonos equipo, por favor,¡ (que) _____ (el sabor del plato) !(nosotros)","europeicemos","Intermediate","fill_in_blank","europeizar","None","None","No","No"," ends_in_ar europeizar imperativo irregular_verb low_irregularity nosotros regular_form regular_spelling_change "
"Tú y tú, por favor,¡ _____ (el sabor del plato) !(vosotros)","europeizad","Intermediate","fill_in_blank","europeizar","None","None","No","No"," ends_in_ar europeizar imperativo irregular_verb low_irregularity regular_form vosotros "
"Señores, por favor,¡ (que) _____ (el sabor del plato) ! (ellos/ellas/ustedes)","europeícen","Intermediate","fill_in_blank","europeizar","None","None","No","No"," ellos_ellas_ustedes ends_in_ar europeizar imperativo irregular_form irregular_verb low_irregularity "
"↬ Si en un dudoso futuro ↬yo lo _____, ¡suerte!","europeizare","Advanced","fill_in_blank","europeizar","None","None","No","No"," ends_in_ar europeizar irregular_verb low_irregularity regular_form subjuntivo_futuro yo "
"↬ Si en un dudoso futuro ↬tú/vos lo _____, ¡suerte!","europeizares","Advanced","fill_in_blank","europeizar","None","None","No","No"," ends_in_ar europeizar irregular_verb low_irregularity regular_form subjuntivo_futuro tú_vos "
"↬ Si en un dudoso futuro ↬él/ella/usted lo _____, ¡suerte!","europeizare","Advanced","fill_in_blank","europeizar","None","None","No","No"," ends_in_ar europeizar irregular_verb low_irregularity regular_form subjuntivo_futuro él_ella_usted "
"↬ Si en un dudoso futuro ↬nosotros lo _____, ¡suerte!","europeizáremos","Advanced","fill_in_blank","europeizar","None","None","No","No"," ends_in_ar europeizar irregular_verb low_irregularity nosotros regular_form subjuntivo_futuro "
"↬ Si en un dudoso futuro ↬vosotros lo _____, ¡suerte!","europeizareis","Advanced","fill_in_blank","europeizar","None","None","No","No"," ends_in_ar europeizar irregular_verb low_irregularity regular_form subjuntivo_futuro vosotros "
"↬ Si en un dudoso futuro ↬ellos/ellas/ustedes lo _____, ¡suerte!","europeizaren","Advanced","fill_in_blank","europeizar","None","None","No","No"," ellos_ellas_ustedes ends_in_ar europeizar irregular_verb low_irregularity regular_form subjuntivo_futuro "
