2025-08-19 11:55:54,416 - INFO - Starting spelling bee data processing...
2025-08-19 11:55:54,416 - INFO - PDF folder: C:\Users\jessi\Projects\skilltree2\src\data\spelling_bee
2025-08-19 11:55:54,416 - INFO - Output folder: C:\Users\jessi\Projects\skilltree2\scripts\spelling_bee\output
2025-08-19 11:55:54,416 - INFO - Found 6 PDF files to process
2025-08-19 11:55:54,416 - INFO - Processing 2020 Words_of_the_Champions.pdf...
2025-08-19 11:55:55,682 - INFO - Processed 10/30 pages from 2020 Words_of_the_Champions.pdf
2025-08-19 11:55:56,010 - INFO - Processed 20/30 pages from 2020 Words_of_the_Champions.pdf
2025-08-19 11:55:56,399 - INFO - Processed 30/30 pages from 2020 Words_of_the_Champions.pdf
2025-08-19 11:55:56,399 - INFO - Cleaned 4358 unique words from 5307 total
2025-08-19 11:55:56,399 - INFO - Processing 2021_Printable_Words of the Champions.pdf...
2025-08-19 11:55:56,836 - INFO - Processed 10/27 pages from 2021_Printable_Words of the Champions.pdf
2025-08-19 11:55:57,132 - INFO - Processed 20/27 pages from 2021_Printable_Words of the Champions.pdf
2025-08-19 11:55:57,397 - INFO - Cleaned 4290 unique words from 5197 total
2025-08-19 11:55:57,398 - INFO - Processing 2022 Words of the Champions_low_ink_printable.pdf...
2025-08-19 11:55:58,581 - INFO - Processed 10/28 pages from 2022 Words of the Champions_low_ink_printable.pdf
2025-08-19 11:55:58,846 - INFO - Processed 20/28 pages from 2022 Words of the Champions_low_ink_printable.pdf
2025-08-19 11:55:59,174 - INFO - Cleaned 4343 unique words from 5305 total
2025-08-19 11:55:59,175 - INFO - Processing 2023_Words_of_the_Champions.pdf...
2025-08-19 11:55:59,434 - INFO - Processed 10/28 pages from 2023_Words_of_the_Champions.pdf
2025-08-19 11:55:59,663 - INFO - Processed 20/28 pages from 2023_Words_of_the_Champions.pdf
2025-08-19 11:55:59,804 - INFO - Cleaned 4367 unique words from 5311 total
2025-08-19 11:55:59,805 - INFO - Processing 2024 Words of the Champions.pdf...
2025-08-19 11:56:00,155 - INFO - Processed 10/58 pages from 2024 Words of the Champions.pdf
2025-08-19 11:56:00,386 - INFO - Processed 20/58 pages from 2024 Words of the Champions.pdf
2025-08-19 11:56:00,590 - INFO - Processed 30/58 pages from 2024 Words of the Champions.pdf
2025-08-19 11:56:00,817 - INFO - Processed 40/58 pages from 2024 Words of the Champions.pdf
2025-08-19 11:56:00,995 - INFO - Processed 50/58 pages from 2024 Words of the Champions.pdf
2025-08-19 11:56:01,253 - INFO - Cleaned 5056 unique words from 8196 total
2025-08-19 11:56:01,253 - INFO - Processing 2025 Words of Champion _1_.pdf...
2025-08-19 11:56:01,617 - INFO - Processed 10/37 pages from 2025 Words of Champion _1_.pdf
2025-08-19 11:56:02,011 - INFO - Processed 20/37 pages from 2025 Words of Champion _1_.pdf
2025-08-19 11:56:02,186 - INFO - Processed 30/37 pages from 2025 Words of Champion _1_.pdf
2025-08-19 11:56:02,278 - INFO - Cleaned 5358 unique words from 9302 total
2025-08-19 11:56:02,278 - INFO - Found 10114 new unique words to process
2025-08-19 11:56:02,278 - INFO - Processing batch 1 (1-100 of 10114)
2025-08-19 11:56:03,901 - WARNING - No definition found for 'duddy', adding to review list
2025-08-19 11:56:05,239 - ERROR - Error processing 'duddy': 'set' object has no attribute 'upper'
2025-08-19 11:56:07,209 - WARNING - No definition found for 'porosity', adding to review list
2025-08-19 11:56:08,479 - INFO - Processed: porosity (Level 4)
2025-08-19 11:56:11,079 - INFO - Processed: release (Level 2)
2025-08-19 11:56:12,852 - WARNING - No definition found for 'decumbiture', adding to review list
2025-08-19 11:56:14,787 - INFO - Processed: decumbiture (Level 3)
2025-08-19 11:56:58,385 - INFO - Starting spelling bee data processing...
2025-08-19 11:56:58,385 - INFO - PDF folder: C:\Users\jessi\Projects\skilltree2\src\data\spelling_bee
2025-08-19 11:56:58,385 - INFO - Output folder: C:\Users\jessi\Projects\skilltree2\scripts\spelling_bee\output
2025-08-19 11:56:58,385 - INFO - Found 6 PDF files to process
2025-08-19 11:56:58,385 - INFO - Processing 2020 Words_of_the_Champions.pdf...
2025-08-19 11:56:59,680 - INFO - Processed 10/30 pages from 2020 Words_of_the_Champions.pdf
2025-08-19 11:57:00,098 - INFO - Processed 20/30 pages from 2020 Words_of_the_Champions.pdf
2025-08-19 11:57:00,472 - INFO - Processed 30/30 pages from 2020 Words_of_the_Champions.pdf
2025-08-19 11:57:00,472 - INFO - Cleaned 4358 unique words from 5307 total
2025-08-19 11:57:00,472 - INFO - Processing 2021_Printable_Words of the Champions.pdf...
2025-08-19 11:57:00,915 - INFO - Processed 10/27 pages from 2021_Printable_Words of the Champions.pdf
2025-08-19 11:57:01,328 - INFO - Processed 20/27 pages from 2021_Printable_Words of the Champions.pdf
2025-08-19 11:57:01,698 - INFO - Cleaned 4290 unique words from 5197 total
2025-08-19 11:57:01,698 - INFO - Processing 2022 Words of the Champions_low_ink_printable.pdf...
2025-08-19 11:57:02,860 - INFO - Processed 10/28 pages from 2022 Words of the Champions_low_ink_printable.pdf
2025-08-19 11:57:03,145 - INFO - Processed 20/28 pages from 2022 Words of the Champions_low_ink_printable.pdf
2025-08-19 11:57:03,489 - INFO - Cleaned 4343 unique words from 5305 total
2025-08-19 11:57:03,489 - INFO - Processing 2023_Words_of_the_Champions.pdf...
2025-08-19 11:57:03,686 - INFO - Processed 10/28 pages from 2023_Words_of_the_Champions.pdf
2025-08-19 11:57:03,903 - INFO - Processed 20/28 pages from 2023_Words_of_the_Champions.pdf
2025-08-19 11:57:04,045 - INFO - Cleaned 4367 unique words from 5311 total
2025-08-19 11:57:04,045 - INFO - Processing 2024 Words of the Champions.pdf...
2025-08-19 11:57:04,422 - INFO - Processed 10/58 pages from 2024 Words of the Champions.pdf
2025-08-19 11:57:04,666 - INFO - Processed 20/58 pages from 2024 Words of the Champions.pdf
2025-08-19 11:57:04,843 - INFO - Processed 30/58 pages from 2024 Words of the Champions.pdf
2025-08-19 11:57:05,054 - INFO - Processed 40/58 pages from 2024 Words of the Champions.pdf
2025-08-19 11:57:05,221 - INFO - Processed 50/58 pages from 2024 Words of the Champions.pdf
2025-08-19 11:57:05,455 - INFO - Cleaned 5056 unique words from 8196 total
2025-08-19 11:57:05,457 - INFO - Processing 2025 Words of Champion _1_.pdf...
2025-08-19 11:57:05,766 - INFO - Processed 10/37 pages from 2025 Words of Champion _1_.pdf
2025-08-19 11:57:06,126 - INFO - Processed 20/37 pages from 2025 Words of Champion _1_.pdf
2025-08-19 11:57:06,298 - INFO - Processed 30/37 pages from 2025 Words of Champion _1_.pdf
2025-08-19 11:57:06,424 - INFO - Cleaned 5358 unique words from 9302 total
2025-08-19 11:57:06,424 - INFO - Found 10114 new unique words to process
2025-08-19 11:57:06,424 - INFO - Processing batch 1 (1-100 of 10114)
2025-08-19 11:57:08,996 - INFO - Processed: tandoori (Level 4)
2025-08-19 11:57:10,312 - WARNING - No definition found for 'carmelite', adding to review list
2025-08-19 11:57:11,578 - INFO - Processed: carmelite (Level 4)
2025-08-19 11:57:12,882 - WARNING - No definition found for 'venenate', adding to review list
2025-08-19 11:57:14,246 - INFO - Processed: venenate (Level 2)
2025-08-19 11:57:17,351 - INFO - Processed: something (Level 4)
2025-08-19 11:57:20,327 - INFO - Processed: guerrilla (Level 1)
2025-08-19 11:57:22,034 - WARNING - No definition found for 'kiltwhirlybird', adding to review list
2025-08-19 11:57:23,321 - INFO - Processed: kiltwhirlybird (Level 5)
2025-08-19 11:57:26,103 - INFO - Processed: sobriety (Level 3)
2025-08-19 11:57:29,384 - INFO - Processed: stalemate (Level 2)
2025-08-19 11:57:33,980 - INFO - Processed: sailors (Level 2)
2025-08-19 11:57:37,041 - INFO - Processed: unsullied (Level 2)
2025-08-19 11:57:38,754 - WARNING - No definition found for 'heterophony', adding to review list
2025-08-19 11:57:40,112 - INFO - Processed: heterophony (Level 4)
2025-08-19 11:57:41,524 - WARNING - No definition found for 'ocelotonyx', adding to review list
2025-08-19 11:57:43,461 - INFO - Processed: ocelotonyx (Level 4)
2025-08-19 11:57:46,318 - INFO - Processed: whimsical (Level 4)
2025-08-19 11:57:49,277 - INFO - Processed: apollo (Level 1)
2025-08-19 11:57:51,704 - INFO - Processed: amazed (Level 1)
2025-08-19 11:57:54,771 - INFO - Processed: deliberately (Level 4)
2025-08-19 11:57:57,472 - INFO - Processed: silicon (Level 2)
2025-08-19 11:58:00,206 - INFO - Processed: there (Level 1)
2025-08-19 11:58:01,513 - WARNING - No definition found for 'rubefacient', adding to review list
2025-08-19 11:58:03,314 - INFO - Processed: rubefacient (Level 4)
2025-08-19 11:58:05,742 - INFO - Processed: quasar (Level 2)
2025-08-19 11:58:09,301 - INFO - Processed: circumflex (Level 4)
2025-08-19 11:58:12,253 - INFO - Processed: parchment (Level 2)
2025-08-19 11:58:15,211 - INFO - Processed: wreckage (Level 4)
2025-08-19 11:58:16,963 - WARNING - No definition found for 'annulmentorganized', adding to review list
2025-08-19 11:58:18,202 - INFO - Processed: annulmentorganized (Level 5)
2025-08-19 11:58:19,585 - WARNING - No definition found for 'poudre', adding to review list
2025-08-19 11:58:20,922 - INFO - Processed: poudre (Level 2)
2025-08-19 11:58:24,627 - INFO - Processed: hydrocortisone (Level 5)
2025-08-19 11:58:27,328 - INFO - Processed: annuity (Level 2)
2025-08-19 11:58:28,538 - WARNING - No definition found for 'panjandrumcatachresis', adding to review list
2025-08-19 11:58:29,747 - INFO - Processed: panjandrumcatachresis (Level 5)
2025-08-19 11:58:32,126 - INFO - Processed: attending (Level 4)
2025-08-19 11:58:35,372 - INFO - Processed: bucatini (Level 3)
2025-08-19 11:58:38,078 - INFO - Processed: excellence (Level 4)
2025-08-19 11:58:39,335 - WARNING - No definition found for 'baucis', adding to review list
2025-08-19 11:58:40,588 - INFO - Processed: baucis (Level 2)
2025-08-19 11:58:43,545 - INFO - Processed: indignant (Level 3)
2025-08-19 11:58:46,734 - INFO - Processed: solstice (Level 4)
2025-08-19 11:58:49,691 - INFO - Processed: humidistat (Level 4)
2025-08-19 11:58:50,972 - WARNING - No definition found for 'visite', adding to review list
2025-08-19 11:58:52,268 - INFO - Processed: visite (Level 1)
2025-08-19 11:58:53,527 - WARNING - No definition found for 'pulitzer', adding to review list
2025-08-19 11:58:54,749 - INFO - Processed: pulitzer (Level 2)
2025-08-19 11:58:57,624 - INFO - Processed: arrested (Level 3)
2025-08-19 11:59:00,691 - INFO - Processed: fission (Level 2)
2025-08-19 11:59:03,209 - INFO - Processed: blue (Level 1)
2025-08-19 11:59:05,686 - INFO - Processed: rationale (Level 1)
2025-08-19 11:59:08,272 - INFO - Processed: later (Level 1)
2025-08-19 11:59:11,487 - INFO - Processed: gods (Level 1)
2025-08-19 11:59:14,058 - INFO - Processed: color (Level 1)
2025-08-19 11:59:17,052 - INFO - Processed: gallop (Level 1)
2025-08-19 11:59:19,856 - INFO - Processed: swale (Level 1)
2025-08-19 11:59:22,509 - INFO - Processed: sausage (Level 2)
2025-08-19 11:59:23,808 - WARNING - No definition found for 'flashbackquonk', adding to review list
2025-08-19 11:59:25,074 - INFO - Processed: flashbackquonk (Level 5)
2025-08-19 11:59:28,506 - INFO - Processed: torsion (Level 2)
2025-08-19 11:59:33,318 - INFO - Processed: arpeggio (Level 4)
2025-08-19 11:59:36,235 - INFO - Processed: hardtack (Level 4)
2025-08-19 11:59:39,117 - INFO - Processed: hyrax (Level 1)
2025-08-19 11:59:40,382 - WARNING - No definition found for 'giddily', adding to review list
2025-08-19 11:59:41,628 - INFO - Processed: giddily (Level 2)
2025-08-19 11:59:44,592 - INFO - Processed: guineas (Level 1)
2025-08-19 11:59:46,356 - WARNING - No definition found for 'legerityvatican', adding to review list
2025-08-19 11:59:47,591 - INFO - Processed: legerityvatican (Level 5)
2025-08-19 11:59:50,591 - INFO - Processed: kinds (Level 1)
2025-08-19 11:59:54,223 - INFO - Processed: vernal (Level 2)
2025-08-19 11:59:55,997 - WARNING - No definition found for 'bossa', adding to review list
2025-08-19 11:59:57,238 - INFO - Processed: bossa (Level 1)
2025-08-19 11:59:59,666 - INFO - Processed: procedure (Level 4)
2025-08-19 12:00:01,437 - WARNING - No definition found for 'adjugate', adding to review list
2025-08-19 12:00:03,581 - INFO - Processed: adjugate (Level 4)
2025-08-19 12:00:06,545 - INFO - Processed: avoid (Level 1)
2025-08-19 12:00:08,266 - WARNING - No definition found for 'oopuhue', adding to review list
2025-08-19 12:00:09,836 - INFO - Processed: oopuhue (Level 2)
2025-08-19 12:00:13,930 - INFO - Processed: tempestuous (Level 4)
2025-08-19 12:00:16,686 - INFO - Processed: honorific (Level 3)
2025-08-19 12:00:18,816 - WARNING - No definition found for 'pampootie', adding to review list
2025-08-19 12:00:20,306 - INFO - Processed: pampootie (Level 4)
2025-08-19 12:00:23,039 - INFO - Processed: subjugate (Level 4)
2025-08-19 12:00:26,966 - INFO - Processed: bungee (Level 2)
2025-08-19 12:00:30,017 - INFO - Processed: prolix (Level 2)
2025-08-19 12:00:34,275 - INFO - Processed: mountain (Level 4)
2025-08-19 12:00:37,247 - INFO - Processed: truncate (Level 3)
2025-08-19 12:00:39,728 - INFO - Processed: finicky (Level 2)
2025-08-19 12:00:42,228 - INFO - Processed: consternation (Level 4)
2025-08-19 12:00:46,042 - INFO - Processed: originally (Level 4)
2025-08-19 12:00:48,161 - WARNING - No definition found for 'aiuy', adding to review list
2025-08-19 12:00:49,416 - INFO - Processed: aiuy (Level 1)
2025-08-19 12:00:51,868 - INFO - Processed: leading (Level 2)
2025-08-19 12:00:53,190 - WARNING - No definition found for 'spiracleformica', adding to review list
2025-08-19 12:00:54,416 - INFO - Processed: spiracleformica (Level 5)
2025-08-19 12:00:58,162 - INFO - Processed: sedge (Level 1)
2025-08-19 12:01:00,220 - WARNING - No definition found for 'albertadifficulty', adding to review list
2025-08-19 12:01:01,450 - INFO - Processed: albertadifficulty (Level 5)
2025-08-19 12:01:04,149 - INFO - Processed: combat (Level 2)
2025-08-19 12:01:07,434 - INFO - Processed: hold (Level 1)
2025-08-19 12:01:10,482 - INFO - Processed: hasten (Level 1)
2025-08-19 12:01:12,964 - INFO - Processed: collision (Level 4)
2025-08-19 12:01:16,283 - INFO - Processed: sundering (Level 1)
2025-08-19 12:01:19,285 - INFO - Processed: truffle (Level 2)
2025-08-19 12:01:21,961 - INFO - Processed: pharmacy (Level 3)
2025-08-19 12:01:24,948 - INFO - Processed: recoup (Level 2)
2025-08-19 12:01:28,185 - INFO - Processed: international (Level 4)
2025-08-19 12:01:29,457 - WARNING - No definition found for 'leewardhurly', adding to review list
2025-08-19 12:01:30,791 - INFO - Processed: leewardhurly (Level 4)
2025-08-19 12:01:33,645 - INFO - Processed: artifice (Level 4)
2025-08-19 12:01:36,157 - INFO - Processed: ormolu (Level 2)
2025-08-19 12:01:38,889 - INFO - Processed: mutter (Level 2)
2025-08-19 12:01:42,734 - INFO - Processed: spectrometer (Level 4)
2025-08-19 12:01:45,251 - INFO - Processed: sport (Level 1)
2025-08-19 12:01:46,462 - WARNING - No definition found for 'awryb', adding to review list
2025-08-19 12:01:47,701 - INFO - Processed: awryb (Level 1)
2025-08-19 12:01:50,434 - INFO - Processed: future (Level 2)
2025-08-19 12:01:53,439 - INFO - Processed: mantra (Level 2)
2025-08-19 12:01:56,455 - INFO - Processed: sculpting (Level 3)
2025-08-19 12:01:59,015 - INFO - Processed: porridge (Level 2)
2025-08-19 12:02:01,968 - INFO - Processed: rebuff (Level 2)
2025-08-19 12:02:03,683 - WARNING - No definition found for 'firbolg', adding to review list
2025-08-19 12:02:04,968 - INFO - Processed: firbolg (Level 2)
2025-08-19 12:02:04,975 - INFO - Checkpoint saved: 100 words
2025-08-19 12:02:04,984 - INFO - Checkpoint saved after batch 1
2025-08-19 12:02:04,984 - INFO - Processing batch 2 (101-200 of 10114)
2025-08-19 12:02:07,677 - INFO - Processed: improve (Level 2)
2025-08-19 12:02:10,648 - INFO - Processed: epaulet (Level 2)
2025-08-19 12:02:13,923 - INFO - Processed: trove (Level 1)
2025-08-19 12:02:16,448 - INFO - Processed: matrimony (Level 4)
2025-08-19 12:02:17,827 - WARNING - No definition found for 'cecidium', adding to review list
2025-08-19 12:02:19,543 - INFO - Processed: cecidium (Level 4)
2025-08-19 12:02:23,189 - INFO - Processed: creating (Level 4)
2025-08-19 12:02:26,678 - INFO - Processed: lebkuchen (Level 4)
2025-08-19 12:02:28,253 - WARNING - No definition found for 'plutonomy', adding to review list
2025-08-19 12:02:29,508 - INFO - Processed: plutonomy (Level 4)
2025-08-19 12:02:30,808 - WARNING - No definition found for 'limburger', adding to review list
2025-08-19 12:02:32,054 - INFO - Processed: limburger (Level 2)
2025-08-19 12:02:33,421 - WARNING - No definition found for 'billingsgate', adding to review list
2025-08-19 12:02:35,037 - INFO - Processed: billingsgate (Level 4)
2025-08-19 12:02:39,238 - INFO - Processed: grew (Level 1)
2025-08-19 12:02:40,970 - WARNING - No definition found for 'tympanumfisticuffs', adding to review list
2025-08-19 12:02:42,224 - INFO - Processed: tympanumfisticuffs (Level 5)
2025-08-19 12:02:43,622 - WARNING - No definition found for 'spellingcleat', adding to review list
2025-08-19 12:02:44,909 - INFO - Processed: spellingcleat (Level 3)
2025-08-19 12:02:48,452 - INFO - Processed: genetic (Level 2)
2025-08-19 12:02:52,435 - INFO - Processed: fires (Level 1)
2025-08-19 12:02:54,977 - INFO - Processed: gastronome (Level 4)
2025-08-19 12:02:57,788 - INFO - Processed: antithesis (Level 4)
2025-08-19 12:03:01,462 - INFO - Processed: statistician (Level 4)
2025-08-19 12:03:03,784 - WARNING - No definition found for 'ostensiblyosteopath', adding to review list
2025-08-19 12:03:05,646 - INFO - Processed: ostensiblyosteopath (Level 5)
2025-08-19 12:03:07,170 - WARNING - No definition found for 'congeniality', adding to review list
2025-08-19 12:03:08,978 - INFO - Processed: congeniality (Level 4)
2025-08-19 12:03:12,131 - INFO - Processed: breeds (Level 2)
2025-08-19 12:03:15,277 - INFO - Processed: rivalry (Level 1)
2025-08-19 12:03:19,500 - INFO - Processed: hydra (Level 1)
2025-08-19 12:03:22,599 - INFO - Processed: ricochet (Level 4)
2025-08-19 12:03:25,335 - INFO - Processed: sometime (Level 4)
2025-08-19 12:03:27,850 - INFO - Processed: audacious (Level 2)
2025-08-19 12:03:32,945 - INFO - Processed: dubiously (Level 2)
2025-08-19 12:03:35,730 - INFO - Processed: nice (Level 1)
2025-08-19 12:03:37,046 - WARNING - No definition found for 'appetiteluggage', adding to review list
2025-08-19 12:03:38,300 - INFO - Processed: appetiteluggage (Level 5)
2025-08-19 12:03:40,776 - INFO - Processed: economy (Level 2)
2025-08-19 12:03:43,915 - INFO - Processed: fundamental (Level 4)
2025-08-19 12:03:47,063 - INFO - Processed: subsistence (Level 4)
2025-08-19 12:03:50,647 - INFO - Processed: borrowed (Level 4)
2025-08-19 12:03:53,072 - INFO - Processed: reasonable (Level 1)
2025-08-19 12:03:54,311 - WARNING - No definition found for 'chefuncte', adding to review list
2025-08-19 12:03:56,936 - INFO - Processed: chefuncte (Level 3)
2025-08-19 12:03:59,447 - WARNING - No definition found for 'yom', adding to review list
2025-08-19 12:04:00,705 - INFO - Processed: yom (Level 1)
2025-08-19 12:04:03,863 - INFO - Processed: phishing (Level 4)
2025-08-19 12:04:06,360 - INFO - Processed: stressed (Level 4)
2025-08-19 12:04:07,715 - WARNING - No definition found for 'spellingstupa', adding to review list
2025-08-19 12:04:09,026 - INFO - Processed: spellingstupa (Level 4)
2025-08-19 12:04:12,858 - INFO - Processed: saturnine (Level 4)
2025-08-19 12:04:15,650 - INFO - Processed: peanut (Level 2)
2025-08-19 12:04:18,627 - INFO - Processed: bailiff (Level 2)
2025-08-19 12:04:21,723 - INFO - Processed: overtly (Level 2)
2025-08-19 12:04:25,393 - INFO - Processed: oldest (Level 2)
2025-08-19 12:04:28,198 - INFO - Processed: cloud (Level 1)
2025-08-19 12:04:29,505 - WARNING - No definition found for 'twinklesnicker', adding to review list
2025-08-19 12:04:30,765 - INFO - Processed: twinklesnicker (Level 5)
2025-08-19 12:04:33,975 - INFO - Processed: presentient (Level 4)
2025-08-19 12:04:36,609 - INFO - Processed: erode (Level 1)
2025-08-19 12:04:40,238 - INFO - Processed: oxyacetylene (Level 4)
2025-08-19 12:04:43,447 - INFO - Processed: syzygy (Level 2)
2025-08-19 12:04:46,020 - INFO - Processed: explanation (Level 2)
2025-08-19 12:04:47,305 - WARNING - No definition found for 'tumultuouscommodore', adding to review list
2025-08-19 12:04:48,705 - INFO - Processed: tumultuouscommodore (Level 5)
2025-08-19 12:04:50,040 - WARNING - No definition found for 'korea', adding to review list
2025-08-19 12:04:51,306 - INFO - Processed: korea (Level 1)
2025-08-19 12:04:53,819 - INFO - Processed: cioppino (Level 4)
2025-08-19 12:04:56,621 - INFO - Processed: echidna (Level 2)
2025-08-19 12:04:59,672 - INFO - Processed: tuffet (Level 2)
2025-08-19 12:05:02,367 - INFO - Processed: carillon (Level 3)
2025-08-19 12:05:04,880 - INFO - Processed: domineering (Level 4)
2025-08-19 12:05:06,164 - WARNING - No definition found for 'aceituna', adding to review list
2025-08-19 12:05:07,425 - INFO - Processed: aceituna (Level 4)
2025-08-19 12:05:10,287 - INFO - Processed: egg (Level 1)
2025-08-19 12:05:13,275 - INFO - Processed: escape (Level 1)
2025-08-19 12:05:16,731 - INFO - Processed: merrier (Level 2)
2025-08-19 12:05:19,666 - INFO - Processed: murmuration (Level 4)
2025-08-19 12:05:22,468 - INFO - Processed: culpa (Level 1)
2025-08-19 12:05:24,946 - INFO - Processed: carriage (Level 4)
2025-08-19 12:05:27,925 - INFO - Processed: apothecary (Level 4)
2025-08-19 12:05:31,051 - INFO - Processed: steppe (Level 2)
2025-08-19 12:05:35,302 - INFO - Processed: invigorating (Level 3)
2025-08-19 12:05:38,099 - INFO - Processed: prefers (Level 2)
2025-08-19 12:05:40,700 - INFO - Processed: repress (Level 2)
2025-08-19 12:05:43,786 - INFO - Processed: eggs (Level 1)
2025-08-19 12:05:45,499 - WARNING - No definition found for 'veritableinterjection', adding to review list
2025-08-19 12:05:47,446 - INFO - Processed: veritableinterjection (Level 5)
2025-08-19 12:05:49,918 - INFO - Processed: polyester (Level 4)
2025-08-19 12:05:52,393 - INFO - Processed: easily (Level 2)
2025-08-19 12:05:55,083 - INFO - Processed: pieces (Level 2)
2025-08-19 12:05:58,494 - INFO - Processed: either (Level 2)
2025-08-19 12:06:01,787 - INFO - Processed: sommelier (Level 1)
2025-08-19 12:06:03,073 - WARNING - No definition found for 'arapahoe', adding to review list
2025-08-19 12:06:04,377 - INFO - Processed: arapahoe (Level 2)
2025-08-19 12:06:07,032 - INFO - Processed: hubris (Level 2)
2025-08-19 12:06:10,264 - INFO - Processed: cacao (Level 1)
2025-08-19 12:06:12,216 - WARNING - No definition found for 'eustress', adding to review list
2025-08-19 12:06:14,074 - INFO - Processed: eustress (Level 4)
2025-08-19 12:06:17,426 - INFO - Processed: blancmange (Level 2)
2025-08-19 12:06:21,290 - INFO - Processed: bayonet (Level 1)
2025-08-19 12:06:22,596 - WARNING - No definition found for 'lisztian', adding to review list
2025-08-19 12:06:23,843 - INFO - Processed: lisztian (Level 1)
2025-08-19 12:06:27,526 - INFO - Processed: shoji (Level 1)
2025-08-19 12:06:29,995 - INFO - Processed: fluke (Level 1)
2025-08-19 12:06:32,476 - INFO - Processed: blurb (Level 1)
2025-08-19 12:06:35,071 - INFO - Processed: taoiseach (Level 4)
2025-08-19 12:06:37,889 - INFO - Processed: film (Level 1)
2025-08-19 12:06:40,800 - INFO - Processed: slakes (Level 2)
2025-08-19 12:06:42,729 - WARNING - No definition found for 'sclaff', adding to review list
2025-08-19 12:06:44,002 - INFO - Processed: sclaff (Level 2)
2025-08-19 12:06:46,793 - INFO - Processed: story (Level 1)
2025-08-19 12:06:49,325 - INFO - Processed: flabbergast (Level 4)
2025-08-19 12:06:52,337 - INFO - Processed: luxuriate (Level 4)
2025-08-19 12:06:54,912 - INFO - Processed: pariah (Level 2)
2025-08-19 12:06:57,352 - INFO - Processed: neuropathy (Level 4)
2025-08-19 12:07:01,105 - INFO - Processed: marine (Level 2)
2025-08-19 12:07:04,271 - INFO - Processed: albums (Level 2)
2025-08-19 12:07:07,687 - INFO - Processed: haplography (Level 4)
2025-08-19 12:07:10,596 - INFO - Processed: cymbals (Level 2)
2025-08-19 12:07:10,612 - INFO - Checkpoint saved: 200 words
2025-08-19 12:07:10,612 - INFO - Checkpoint saved after batch 2
2025-08-19 12:07:10,612 - INFO - Processing batch 3 (201-300 of 10114)
2025-08-19 12:07:13,208 - INFO - Processed: roman (Level 1)
2025-08-19 12:07:16,429 - INFO - Processed: indicates (Level 4)
2025-08-19 12:07:19,181 - INFO - Processed: continent (Level 4)
2025-08-19 12:07:21,653 - INFO - Processed: eagerly (Level 2)
2025-08-19 12:07:24,572 - INFO - Processed: celebrates (Level 4)
2025-08-19 12:07:28,436 - INFO - Processed: admirer (Level 2)
2025-08-19 12:07:31,535 - INFO - Processed: corgi (Level 1)
2025-08-19 12:07:34,975 - INFO - Processed: overtures (Level 4)
2025-08-19 12:07:36,246 - WARNING - No definition found for 'hypogeous', adding to review list
2025-08-19 12:07:37,658 - INFO - Processed: hypogeous (Level 4)
2025-08-19 12:07:42,159 - INFO - Processed: visage (Level 2)
2025-08-19 12:07:44,970 - INFO - Processed: mastiff (Level 2)
2025-08-19 12:07:47,942 - INFO - Processed: cuckoo (Level 2)
2025-08-19 12:07:49,278 - WARNING - No definition found for 'nitratejoinery', adding to review list
2025-08-19 12:07:50,535 - INFO - Processed: nitratejoinery (Level 5)
2025-08-19 12:07:53,500 - INFO - Processed: vestibule (Level 4)
2025-08-19 12:07:57,713 - INFO - Processed: pyramid (Level 2)
2025-08-19 12:08:00,924 - INFO - Processed: jicama (Level 2)
2025-08-19 12:08:03,863 - INFO - Processed: theosophy (Level 4)
2025-08-19 12:08:06,458 - INFO - Processed: history (Level 2)
2025-08-19 12:08:09,643 - INFO - Processed: ethanol (Level 2)
2025-08-19 12:08:12,101 - INFO - Processed: enmity (Level 1)
2025-08-19 12:08:15,293 - INFO - Processed: arrange (Level 1)
2025-08-19 12:08:17,725 - INFO - Processed: deer (Level 1)
2025-08-19 12:08:20,405 - INFO - Processed: contemptuous (Level 4)
2025-08-19 12:08:22,078 - WARNING - No definition found for 'obeisant', adding to review list
2025-08-19 12:08:23,657 - INFO - Processed: obeisant (Level 3)
2025-08-19 12:08:27,028 - INFO - Processed: disinfectant (Level 2)
2025-08-19 12:08:30,139 - INFO - Processed: blacksmith (Level 3)
2025-08-19 12:08:32,971 - INFO - Processed: bet (Level 1)
2025-08-19 12:08:34,417 - WARNING - No definition found for 'spellingthawed', adding to review list
2025-08-19 12:08:35,735 - INFO - Processed: spellingthawed (Level 5)
2025-08-19 12:08:37,411 - WARNING - No definition found for 'thespiansubmersible', adding to review list
2025-08-19 12:08:38,655 - INFO - Processed: thespiansubmersible (Level 5)
2025-08-19 12:08:41,252 - INFO - Processed: furious (Level 2)
2025-08-19 12:08:43,825 - INFO - Processed: midriff (Level 2)
2025-08-19 12:08:45,094 - WARNING - No definition found for 'obediential', adding to review list
2025-08-19 12:08:47,003 - INFO - Processed: obediential (Level 4)
2025-08-19 12:08:51,100 - INFO - Processed: erubescent (Level 4)
2025-08-19 12:08:55,243 - INFO - Processed: demitasse (Level 4)
2025-08-19 12:08:56,627 - WARNING - No definition found for 'struthious', adding to review list
2025-08-19 12:08:58,354 - INFO - Processed: struthious (Level 4)
2025-08-19 12:09:00,420 - WARNING - No definition found for 'yeatsian', adding to review list
2025-08-19 12:09:02,009 - INFO - Processed: yeatsian (Level 2)
2025-08-19 12:09:03,349 - WARNING - No definition found for 'spellingcomestibles', adding to review list
2025-08-19 12:09:04,608 - INFO - Processed: spellingcomestibles (Level 5)
2025-08-19 12:09:06,345 - WARNING - No definition found for 'chopine', adding to review list
2025-08-19 12:09:07,539 - INFO - Processed: chopine (Level 2)
2025-08-19 12:09:10,570 - INFO - Processed: sheetrock (Level 1)
2025-08-19 12:09:13,048 - INFO - Processed: toey (Level 1)
2025-08-19 12:09:14,694 - WARNING - No definition found for 'phil', adding to review list
2025-08-19 12:09:15,953 - INFO - Processed: phil (Level 1)
2025-08-19 12:09:18,437 - INFO - Processed: shah (Level 1)
2025-08-19 12:09:21,089 - INFO - Processed: poisonous (Level 3)
2025-08-19 12:09:24,093 - INFO - Processed: pileus (Level 2)
2025-08-19 12:09:27,280 - INFO - Processed: smoother (Level 4)
2025-08-19 12:09:30,310 - INFO - Processed: bardolatry (Level 1)
2025-08-19 12:09:33,133 - INFO - Processed: livid (Level 1)
2025-08-19 12:09:36,038 - INFO - Processed: ups (Level 1)
2025-08-19 12:09:39,307 - INFO - Processed: upon (Level 1)
2025-08-19 12:09:43,122 - INFO - Processed: diurnal (Level 2)
2025-08-19 12:09:46,603 - INFO - Processed: stagestruck (Level 4)
2025-08-19 12:09:49,154 - INFO - Processed: overseas (Level 3)
2025-08-19 12:09:51,672 - INFO - Processed: modicum (Level 2)
2025-08-19 12:09:55,633 - INFO - Processed: gegenschein (Level 4)
2025-08-19 12:09:59,977 - INFO - Processed: starts (Level 2)
2025-08-19 12:10:01,244 - WARNING - No definition found for 'zocalo', adding to review list
2025-08-19 12:10:02,446 - INFO - Processed: zocalo (Level 2)
2025-08-19 12:10:05,401 - INFO - Processed: espadrille (Level 4)
2025-08-19 12:10:07,880 - INFO - Processed: auditorium (Level 4)
2025-08-19 12:10:11,701 - INFO - Processed: neophyte (Level 4)
2025-08-19 12:10:13,027 - WARNING - No definition found for 'carnitine', adding to review list
2025-08-19 12:10:14,911 - INFO - Processed: carnitine (Level 4)
2025-08-19 12:10:16,202 - WARNING - No definition found for 'mostaccioli', adding to review list
2025-08-19 12:10:17,956 - INFO - Processed: mostaccioli (Level 2)
2025-08-19 12:10:21,590 - INFO - Processed: qwerty (Level 2)
2025-08-19 12:10:25,922 - INFO - Processed: also (Level 1)
2025-08-19 12:10:28,493 - INFO - Processed: daguerreotype (Level 4)
2025-08-19 12:10:31,337 - INFO - Processed: fulcrum (Level 2)
2025-08-19 12:10:34,383 - INFO - Processed: bee (Level 1)
2025-08-19 12:10:37,874 - INFO - Processed: participated (Level 4)
2025-08-19 12:10:42,004 - INFO - Processed: boogie (Level 2)
2025-08-19 12:10:44,544 - INFO - Processed: mandrill (Level 3)
2025-08-19 12:10:49,041 - INFO - Processed: parcel (Level 1)
2025-08-19 12:10:52,762 - INFO - Processed: knows (Level 1)
2025-08-19 12:10:55,763 - INFO - Processed: calibrate (Level 3)
2025-08-19 12:10:58,308 - INFO - Processed: revenant (Level 4)
2025-08-19 12:11:02,975 - INFO - Processed: textbook (Level 4)
2025-08-19 12:11:05,852 - INFO - Processed: perpetual (Level 1)
2025-08-19 12:11:08,571 - INFO - Processed: invoke (Level 2)
2025-08-19 12:11:11,639 - INFO - Processed: desecration (Level 4)
2025-08-19 12:11:12,847 - WARNING - No definition found for 'syndactylism', adding to review list
2025-08-19 12:11:14,435 - INFO - Processed: syndactylism (Level 4)
2025-08-19 12:11:17,815 - INFO - Processed: admiration (Level 4)
2025-08-19 12:11:20,818 - INFO - Processed: reptile (Level 2)
2025-08-19 12:11:22,587 - WARNING - No definition found for 'aughtsaugment', adding to review list
2025-08-19 12:11:23,825 - INFO - Processed: aughtsaugment (Level 4)
2025-08-19 12:11:26,915 - INFO - Processed: twice (Level 1)
2025-08-19 12:11:29,791 - INFO - Processed: kindergarten (Level 3)
2025-08-19 12:11:31,943 - WARNING - No definition found for 'huerta', adding to review list
2025-08-19 12:11:33,213 - INFO - Processed: huerta (Level 2)
2025-08-19 12:11:36,355 - INFO - Processed: ugliness (Level 2)
2025-08-19 12:11:37,641 - WARNING - No definition found for 'typhlology', adding to review list
2025-08-19 12:11:39,366 - INFO - Processed: typhlology (Level 4)
2025-08-19 12:11:42,160 - INFO - Processed: groove (Level 2)
2025-08-19 12:11:45,758 - INFO - Processed: muskeg (Level 2)
2025-08-19 12:11:47,482 - WARNING - No definition found for 'quoijerboa', adding to review list
2025-08-19 12:11:48,725 - INFO - Processed: quoijerboa (Level 4)
2025-08-19 12:11:50,010 - WARNING - No definition found for 'kenningnoun', adding to review list
2025-08-19 12:11:51,314 - INFO - Processed: kenningnoun (Level 4)
2025-08-19 12:11:54,211 - INFO - Processed: eggplant (Level 2)
2025-08-19 12:11:56,958 - INFO - Processed: deposits (Level 4)
2025-08-19 12:11:59,649 - INFO - Processed: carnage (Level 2)
2025-08-19 12:12:02,200 - INFO - Processed: contrapposto (Level 4)
2025-08-19 12:12:06,404 - INFO - Processed: forcefully (Level 3)
2025-08-19 12:12:07,929 - WARNING - No definition found for 'korrigan', adding to review list
2025-08-19 12:12:09,207 - INFO - Processed: korrigan (Level 4)
2025-08-19 12:12:12,244 - INFO - Processed: calcify (Level 2)
2025-08-19 12:12:13,984 - WARNING - No definition found for 'aesopian', adding to review list
2025-08-19 12:12:15,193 - INFO - Processed: aesopian (Level 3)
2025-08-19 12:12:21,000 - INFO - Processed: front (Level 1)
2025-08-19 12:12:24,928 - INFO - Processed: commotion (Level 1)
2025-08-19 12:12:24,959 - INFO - Checkpoint saved: 300 words
2025-08-19 12:12:24,959 - INFO - Checkpoint saved after batch 3
2025-08-19 12:12:24,959 - INFO - Processing batch 4 (301-400 of 10114)
2025-08-19 12:12:26,667 - WARNING - No definition found for 'decumbiture', adding to review list
2025-08-19 12:12:27,907 - INFO - Processed: decumbiture (Level 3)
2025-08-19 12:12:31,011 - INFO - Processed: leadership (Level 4)
2025-08-19 12:12:35,412 - INFO - Processed: cribbage (Level 4)
2025-08-19 12:12:38,380 - INFO - Processed: damson (Level 2)
2025-08-19 12:12:41,332 - INFO - Processed: darnel (Level 2)
2025-08-19 12:12:44,711 - INFO - Processed: millisecond (Level 4)
2025-08-19 12:12:47,502 - INFO - Processed: gorilla (Level 2)
2025-08-19 12:12:50,005 - INFO - Processed: caterpillar (Level 4)
2025-08-19 12:12:52,479 - INFO - Processed: denticulate (Level 4)
2025-08-19 12:12:55,213 - INFO - Processed: tall (Level 1)
2025-08-19 12:12:59,422 - INFO - Processed: sagacious (Level 2)
2025-08-19 12:13:03,338 - INFO - Processed: sensory (Level 2)
2025-08-19 12:13:06,042 - INFO - Processed: true (Level 1)
2025-08-19 12:13:08,698 - INFO - Processed: okapi (Level 1)
2025-08-19 12:13:10,101 - WARNING - No definition found for 'gentilitial', adding to review list
2025-08-19 12:13:12,121 - INFO - Processed: gentilitial (Level 4)
2025-08-19 12:13:14,639 - INFO - Processed: googly (Level 2)
2025-08-19 12:13:17,300 - INFO - Processed: placoderm (Level 4)
2025-08-19 12:13:18,712 - WARNING - No definition found for 'pei', adding to review list
2025-08-19 12:13:19,985 - INFO - Processed: pei (Level 1)
2025-08-19 12:13:21,826 - WARNING - No definition found for 'cadencelions', adding to review list
2025-08-19 12:13:23,082 - INFO - Processed: cadencelions (Level 4)
2025-08-19 12:13:26,088 - INFO - Processed: twisty (Level 1)
2025-08-19 12:13:29,155 - INFO - Processed: rocaille (Level 4)
2025-08-19 12:13:31,720 - INFO - Processed: solitaire (Level 2)
2025-08-19 12:13:34,187 - INFO - Processed: gold (Level 1)
2025-08-19 12:13:35,834 - WARNING - No definition found for 'prima', adding to review list
2025-08-19 12:13:37,140 - INFO - Processed: prima (Level 1)
2025-08-19 12:13:38,384 - WARNING - No definition found for 'heleoplankton', adding to review list
2025-08-19 12:13:39,612 - INFO - Processed: heleoplankton (Level 4)
2025-08-19 12:13:42,154 - INFO - Processed: allegiance (Level 3)
2025-08-19 12:13:44,839 - INFO - Processed: strum (Level 1)
2025-08-19 12:13:46,536 - WARNING - No definition found for 'huapango', adding to review list
2025-08-19 12:13:48,155 - INFO - Processed: huapango (Level 3)
2025-08-19 12:13:50,985 - INFO - Processed: attributive (Level 4)
2025-08-19 12:13:54,967 - INFO - Processed: salmagundi (Level 4)
2025-08-19 12:13:57,941 - INFO - Processed: tolerable (Level 3)
2025-08-19 12:14:01,497 - INFO - Processed: frugivore (Level 4)
2025-08-19 12:14:02,815 - WARNING - No definition found for 'albion', adding to review list
2025-08-19 12:14:04,071 - INFO - Processed: albion (Level 2)
2025-08-19 12:14:08,452 - INFO - Processed: fallacy (Level 2)
2025-08-19 12:14:11,554 - INFO - Processed: elongated (Level 3)
2025-08-19 12:14:14,399 - INFO - Processed: monocle (Level 2)
2025-08-19 12:14:17,995 - INFO - Processed: stenographer (Level 3)
2025-08-19 12:14:21,419 - INFO - Processed: paroxysm (Level 2)
2025-08-19 12:14:22,747 - WARNING - No definition found for 'oebe', adding to review list
2025-08-19 12:14:23,994 - INFO - Processed: oebe (Level 1)
2025-08-19 12:14:26,446 - INFO - Processed: been (Level 1)
2025-08-19 12:14:29,457 - INFO - Processed: weasels (Level 2)
2025-08-19 12:14:32,991 - INFO - Processed: incubator (Level 3)
2025-08-19 12:14:35,727 - INFO - Processed: squire (Level 2)
2025-08-19 12:14:38,695 - INFO - Processed: silhouette (Level 2)
2025-08-19 12:14:41,801 - INFO - Processed: consequences (Level 4)
2025-08-19 12:14:44,307 - INFO - Processed: exhibits (Level 1)
2025-08-19 12:14:46,053 - WARNING - No definition found for 'gistgizzard', adding to review list
2025-08-19 12:14:47,298 - INFO - Processed: gistgizzard (Level 4)
2025-08-19 12:14:50,067 - INFO - Processed: altar (Level 1)
2025-08-19 12:14:52,849 - INFO - Processed: moo (Level 1)
2025-08-19 12:14:54,633 - WARNING - No definition found for 'vancouver', adding to review list
2025-08-19 12:14:55,871 - INFO - Processed: vancouver (Level 2)
2025-08-19 12:14:58,785 - INFO - Processed: ensued (Level 2)
2025-08-19 12:15:01,487 - INFO - Processed: debt (Level 1)
2025-08-19 12:15:04,215 - INFO - Processed: brave (Level 1)
2025-08-19 12:15:06,750 - INFO - Processed: avens (Level 1)
2025-08-19 12:15:10,580 - INFO - Processed: uplift (Level 2)
2025-08-19 12:15:15,778 - INFO - Processed: sinister (Level 2)
2025-08-19 12:15:19,326 - INFO - Processed: ganache (Level 2)
2025-08-19 12:15:22,077 - INFO - Processed: bow (Level 1)
2025-08-19 12:15:24,891 - INFO - Processed: remain (Level 2)
2025-08-19 12:15:27,800 - INFO - Processed: samsara (Level 2)
2025-08-19 12:15:31,324 - INFO - Processed: branch (Level 2)
2025-08-19 12:15:33,817 - INFO - Processed: disdain (Level 2)
2025-08-19 12:15:36,753 - INFO - Processed: scandal (Level 2)
2025-08-19 12:15:40,142 - INFO - Processed: triage (Level 2)
2025-08-19 12:15:43,494 - INFO - Processed: financier (Level 4)
2025-08-19 12:15:46,293 - INFO - Processed: clarion (Level 2)
2025-08-19 12:15:47,621 - WARNING - No definition found for 'avversiera', adding to review list
2025-08-19 12:15:48,844 - INFO - Processed: avversiera (Level 4)
2025-08-19 12:15:52,643 - INFO - Processed: being (Level 1)
2025-08-19 12:15:53,978 - WARNING - No definition found for 'belgravia', adding to review list
2025-08-19 12:15:55,392 - INFO - Processed: belgravia (Level 4)
2025-08-19 12:15:58,329 - INFO - Processed: koji (Level 1)
2025-08-19 12:16:01,079 - INFO - Processed: clemency (Level 4)
2025-08-19 12:16:04,063 - INFO - Processed: bandicoot (Level 4)
2025-08-19 12:16:06,874 - INFO - Processed: garish (Level 2)
2025-08-19 12:16:10,506 - INFO - Processed: cool (Level 1)
2025-08-19 12:16:13,320 - INFO - Processed: inlet (Level 1)
2025-08-19 12:16:16,289 - INFO - Processed: certain (Level 1)
2025-08-19 12:16:18,904 - INFO - Processed: modality (Level 4)
2025-08-19 12:16:22,320 - INFO - Processed: koto (Level 1)
2025-08-19 12:16:25,478 - INFO - Processed: bergamot (Level 2)
2025-08-19 12:16:27,204 - WARNING - No definition found for 'gasthaus', adding to review list
2025-08-19 12:16:29,043 - INFO - Processed: gasthaus (Level 4)
2025-08-19 12:16:31,780 - INFO - Processed: sips (Level 1)
2025-08-19 12:16:36,919 - INFO - Processed: surcharge (Level 4)
2025-08-19 12:16:39,397 - INFO - Processed: dulcet (Level 2)
2025-08-19 12:16:42,399 - INFO - Processed: transducer (Level 4)
2025-08-19 12:16:44,239 - WARNING - No definition found for 'woolsey', adding to review list
2025-08-19 12:16:45,892 - INFO - Processed: woolsey (Level 2)
2025-08-19 12:16:47,573 - WARNING - No definition found for 'mididifficulty', adding to review list
2025-08-19 12:16:48,935 - INFO - Processed: mididifficulty (Level 5)
2025-08-19 12:16:52,304 - INFO - Processed: cum (Level 1)
2025-08-19 12:16:53,856 - WARNING - No definition found for 'pleiades', adding to review list
2025-08-19 12:16:55,114 - INFO - Processed: pleiades (Level 3)
2025-08-19 12:16:57,588 - INFO - Processed: thought (Level 2)
2025-08-19 12:16:58,944 - WARNING - No definition found for 'freneticism', adding to review list
2025-08-19 12:17:00,533 - INFO - Processed: freneticism (Level 4)
2025-08-19 12:17:03,355 - INFO - Processed: raucous (Level 2)
2025-08-19 12:17:06,302 - INFO - Processed: spelled (Level 2)
2025-08-19 12:17:09,398 - INFO - Processed: thicket (Level 2)
2025-08-19 12:17:12,666 - INFO - Processed: musicians (Level 3)
2025-08-19 12:17:15,164 - INFO - Processed: parquet (Level 2)
2025-08-19 12:17:17,031 - WARNING - No definition found for 'turkenriddance', adding to review list
2025-08-19 12:17:18,302 - INFO - Processed: turkenriddance (Level 5)
2025-08-19 12:17:21,374 - INFO - Processed: spare (Level 1)
2025-08-19 12:17:23,657 - WARNING - No definition found for 'sarmentum', adding to review list
2025-08-19 12:17:26,083 - INFO - Processed: sarmentum (Level 4)
2025-08-19 12:17:29,151 - INFO - Processed: ceramics (Level 3)
2025-08-19 12:17:32,797 - INFO - Processed: dramatization (Level 4)
2025-08-19 12:17:32,847 - INFO - Checkpoint saved: 400 words
2025-08-19 12:17:32,847 - INFO - Checkpoint saved after batch 4
2025-08-19 12:17:32,847 - INFO - Processing batch 5 (401-500 of 10114)
2025-08-19 12:17:35,383 - INFO - Processed: transpiration (Level 4)
2025-08-19 12:17:38,053 - INFO - Processed: relish (Level 1)
2025-08-19 12:17:41,009 - INFO - Processed: abattoir (Level 2)
2025-08-19 12:17:47,743 - INFO - Processed: centennial (Level 4)
2025-08-19 12:17:49,296 - WARNING - No definition found for 'undergirdnoun', adding to review list
2025-08-19 12:17:50,525 - INFO - Processed: undergirdnoun (Level 4)
2025-08-19 12:17:53,056 - INFO - Processed: dragoon (Level 2)
2025-08-19 12:17:54,590 - WARNING - No definition found for 'lithophone', adding to review list
2025-08-19 12:17:56,229 - INFO - Processed: lithophone (Level 4)
2025-08-19 12:17:59,553 - INFO - Processed: thurible (Level 3)
2025-08-19 12:18:02,042 - INFO - Processed: club (Level 1)
2025-08-19 12:18:04,854 - INFO - Processed: floor (Level 1)
2025-08-19 12:18:07,610 - INFO - Processed: male (Level 1)
2025-08-19 12:18:10,694 - INFO - Processed: consequent (Level 4)
2025-08-19 12:18:14,163 - INFO - Processed: metadata (Level 2)
2025-08-19 12:18:16,710 - INFO - Processed: gizzard (Level 2)
2025-08-19 12:18:20,233 - INFO - Processed: psalmody (Level 4)
2025-08-19 12:18:21,837 - WARNING - No definition found for 'tintinnabulary', adding to review list
2025-08-19 12:18:23,437 - INFO - Processed: tintinnabulary (Level 5)
2025-08-19 12:18:26,290 - INFO - Processed: napoleon (Level 3)
2025-08-19 12:18:28,703 - INFO - Processed: plastic (Level 1)
2025-08-19 12:18:31,912 - INFO - Processed: smriti (Level 2)
2025-08-19 12:18:33,183 - WARNING - No definition found for 'carnifices', adding to review list
2025-08-19 12:18:34,866 - INFO - Processed: carnifices (Level 4)
2025-08-19 12:18:38,356 - INFO - Processed: anaemic (Level 2)
2025-08-19 12:18:40,795 - INFO - Processed: fou (Level 1)
2025-08-19 12:18:43,655 - INFO - Processed: tiramisu (Level 4)
2025-08-19 12:18:46,581 - INFO - Processed: declamatory (Level 4)
2025-08-19 12:18:57,142 - INFO - Processed: order (Level 1)
2025-08-19 12:18:59,686 - INFO - Processed: trivia (Level 2)
2025-08-19 12:19:02,273 - INFO - Processed: estival (Level 2)
2025-08-19 12:19:06,463 - INFO - Processed: zabaglione (Level 2)
2025-08-19 12:19:09,201 - INFO - Processed: atmospheric (Level 2)
2025-08-19 12:19:10,884 - WARNING - No definition found for 'fribourg', adding to review list
2025-08-19 12:19:12,109 - INFO - Processed: fribourg (Level 3)
2025-08-19 12:19:15,089 - INFO - Processed: ballistic (Level 1)
2025-08-19 12:19:17,541 - INFO - Processed: finally (Level 2)
2025-08-19 12:19:18,842 - WARNING - No definition found for 'votivenoun', adding to review list
2025-08-19 12:19:20,082 - INFO - Processed: votivenoun (Level 4)
2025-08-19 12:19:22,596 - INFO - Processed: plentiful (Level 4)
2025-08-19 12:19:26,321 - INFO - Processed: cayenne (Level 2)
2025-08-19 12:19:29,005 - INFO - Processed: notable (Level 2)
2025-08-19 12:19:31,408 - INFO - Processed: eclipse (Level 2)
2025-08-19 12:19:33,950 - INFO - Processed: outlined (Level 4)
2025-08-19 12:19:35,739 - WARNING - No definition found for 'basaltic', adding to review list
2025-08-19 12:19:37,632 - INFO - Processed: basaltic (Level 3)
2025-08-19 12:19:40,191 - INFO - Processed: yankee (Level 2)
2025-08-19 12:19:42,897 - INFO - Processed: extracurricular (Level 5)
2025-08-19 12:19:45,462 - INFO - Processed: nutrients (Level 2)
2025-08-19 12:19:46,749 - WARNING - No definition found for 'akkum', adding to review list
2025-08-19 12:19:47,978 - INFO - Processed: akkum (Level 1)
2025-08-19 12:19:52,145 - INFO - Processed: path (Level 1)
2025-08-19 12:19:54,774 - INFO - Processed: brands (Level 2)
2025-08-19 12:19:57,498 - INFO - Processed: minnow (Level 1)
2025-08-19 12:19:58,753 - WARNING - No definition found for 'zygotenoun', adding to review list
2025-08-19 12:19:59,998 - INFO - Processed: zygotenoun (Level 3)
2025-08-19 12:20:02,890 - INFO - Processed: filial (Level 2)
2025-08-19 12:20:07,493 - INFO - Processed: flinch (Level 2)
2025-08-19 12:20:09,930 - INFO - Processed: nexus (Level 1)
2025-08-19 12:20:12,657 - INFO - Processed: rise (Level 1)
2025-08-19 12:20:13,991 - WARNING - No definition found for 'capotasto', adding to review list
2025-08-19 12:20:15,922 - INFO - Processed: capotasto (Level 2)
2025-08-19 12:20:20,096 - WARNING - No definition found for 'salinityanalogize', adding to review list
2025-08-19 12:20:21,370 - INFO - Processed: salinityanalogize (Level 5)
2025-08-19 12:20:24,396 - INFO - Processed: muscular (Level 3)
2025-08-19 12:20:25,768 - WARNING - No definition found for 'solitairedishevel', adding to review list
2025-08-19 12:20:27,181 - INFO - Processed: solitairedishevel (Level 5)
2025-08-19 12:20:30,624 - INFO - Processed: experimenting (Level 4)
2025-08-19 12:20:33,641 - INFO - Processed: frabjous (Level 4)
2025-08-19 12:20:36,407 - INFO - Processed: corpus (Level 2)
2025-08-19 12:20:39,470 - INFO - Processed: envoy (Level 1)
2025-08-19 12:20:41,199 - WARNING - No definition found for 'doppler', adding to review list
2025-08-19 12:20:42,472 - INFO - Processed: doppler (Level 2)
2025-08-19 12:20:44,951 - INFO - Processed: sabbatical (Level 4)
2025-08-19 12:20:46,320 - WARNING - No definition found for 'focacciapahoehoe', adding to review list
2025-08-19 12:20:47,561 - INFO - Processed: focacciapahoehoe (Level 5)
2025-08-19 12:20:50,769 - INFO - Processed: jumping (Level 2)
2025-08-19 12:20:53,392 - INFO - Processed: throes (Level 2)
2025-08-19 12:20:54,996 - WARNING - No definition found for 'bloomsbury', adding to review list
2025-08-19 12:20:57,368 - INFO - Processed: bloomsbury (Level 2)
2025-08-19 12:20:59,832 - INFO - Processed: secret (Level 1)
2025-08-19 12:21:02,334 - INFO - Processed: corroborate (Level 4)
2025-08-19 12:21:05,382 - INFO - Processed: flapped (Level 2)
2025-08-19 12:21:06,760 - WARNING - No definition found for 'kyphoplastyaten', adding to review list
2025-08-19 12:21:08,234 - INFO - Processed: kyphoplastyaten (Level 5)
2025-08-19 12:21:11,508 - INFO - Processed: riffraff (Level 4)
2025-08-19 12:21:14,125 - INFO - Processed: beaux (Level 1)
2025-08-19 12:21:17,216 - INFO - Processed: hallucinate (Level 4)
2025-08-19 12:21:21,250 - INFO - Processed: eggcorn (Level 2)
2025-08-19 12:21:24,424 - INFO - Processed: proctors (Level 2)
2025-08-19 12:21:26,828 - INFO - Processed: gorp (Level 1)
2025-08-19 12:21:29,811 - INFO - Processed: brume (Level 1)
2025-08-19 12:21:32,863 - INFO - Processed: harbinger (Level 4)
2025-08-19 12:21:36,520 - INFO - Processed: dodecahedron (Level 4)
2025-08-19 12:21:39,707 - INFO - Processed: knitted (Level 2)
2025-08-19 12:21:42,943 - INFO - Processed: millivolt (Level 2)
2025-08-19 12:21:44,256 - WARNING - No definition found for 'colcannonnoun', adding to review list
2025-08-19 12:21:45,520 - INFO - Processed: colcannonnoun (Level 4)
2025-08-19 12:21:48,406 - INFO - Processed: acuity (Level 2)
2025-08-19 12:21:51,687 - WARNING - No definition found for 'atheneum', adding to review list
2025-08-19 12:21:53,006 - INFO - Processed: atheneum (Level 3)
2025-08-19 12:21:56,104 - INFO - Processed: mean (Level 1)
2025-08-19 12:21:59,146 - INFO - Processed: harangue (Level 4)
2025-08-19 12:22:02,975 - INFO - Processed: usual (Level 1)
2025-08-19 12:22:05,950 - INFO - Processed: epideictic (Level 4)
2025-08-19 12:22:08,511 - INFO - Processed: yawl (Level 1)
2025-08-19 12:22:10,976 - INFO - Processed: barrels (Level 2)
2025-08-19 12:22:14,038 - INFO - Processed: humor (Level 1)
2025-08-19 12:22:16,510 - INFO - Processed: indie (Level 1)
2025-08-19 12:22:19,036 - INFO - Processed: clerisy (Level 2)
2025-08-19 12:22:21,438 - INFO - Processed: rendition (Level 1)
2025-08-19 12:22:23,967 - INFO - Processed: professing (Level 4)
2025-08-19 12:22:25,677 - WARNING - No definition found for 'savoir', adding to review list
2025-08-19 12:22:26,882 - INFO - Processed: savoir (Level 2)
2025-08-19 12:22:28,063 - WARNING - No definition found for 'dunkin', adding to review list
2025-08-19 12:22:29,302 - INFO - Processed: dunkin (Level 2)
2025-08-19 12:22:30,494 - WARNING - No definition found for 'cribble', adding to review list
2025-08-19 12:22:31,719 - INFO - Processed: cribble (Level 2)
2025-08-19 12:22:34,734 - INFO - Processed: pilaster (Level 4)
2025-08-19 12:22:37,731 - INFO - Processed: noumenon (Level 4)
2025-08-19 12:22:40,116 - WARNING - No definition found for 'hennery', adding to review list
2025-08-19 12:22:41,543 - INFO - Processed: hennery (Level 2)
2025-08-19 12:22:41,574 - INFO - Checkpoint saved: 500 words
2025-08-19 12:22:41,574 - INFO - Checkpoint saved after batch 5
2025-08-19 12:22:41,574 - INFO - Processing batch 6 (501-600 of 10114)
2025-08-19 12:22:44,509 - INFO - Processed: contemporary (Level 4)
2025-08-19 12:22:45,800 - WARNING - No definition found for 'binomialbiomimicry', adding to review list
2025-08-19 12:22:47,040 - INFO - Processed: binomialbiomimicry (Level 5)
2025-08-19 12:22:50,095 - INFO - Processed: warden (Level 2)
2025-08-19 12:22:52,896 - INFO - Processed: cat (Level 1)
2025-08-19 12:22:54,635 - WARNING - No definition found for 'flavedo', adding to review list
2025-08-19 12:22:56,724 - INFO - Processed: flavedo (Level 2)
2025-08-19 12:22:59,665 - INFO - Processed: amphoras (Level 3)
2025-08-19 12:23:07,472 - INFO - Processed: sportswear (Level 3)
2025-08-19 12:23:08,761 - WARNING - No definition found for 'ryeland', adding to review list
2025-08-19 12:23:09,972 - INFO - Processed: ryeland (Level 2)
2025-08-19 12:23:15,054 - INFO - Processed: insult (Level 2)
2025-08-19 12:23:16,422 - WARNING - No definition found for 'psammophile', adding to review list
2025-08-19 12:23:18,195 - INFO - Processed: psammophile (Level 4)
2025-08-19 12:23:21,215 - INFO - Processed: humerus (Level 2)
2025-08-19 12:23:24,052 - INFO - Processed: photovoltaic (Level 4)
2025-08-19 12:23:27,332 - INFO - Processed: squeak (Level 2)
2025-08-19 12:23:30,222 - INFO - Processed: extraordinaire (Level 5)
2025-08-19 12:23:33,212 - INFO - Processed: paramountcy (Level 3)
2025-08-19 12:23:35,801 - INFO - Processed: trifle (Level 2)
2025-08-19 12:23:38,859 - INFO - Processed: stigmata (Level 3)
2025-08-19 12:23:41,548 - INFO - Processed: idiosyncratic (Level 4)
2025-08-19 12:23:43,088 - WARNING - No definition found for 'sawan', adding to review list
2025-08-19 12:23:45,192 - INFO - Processed: sawan (Level 1)
2025-08-19 12:23:49,117 - INFO - Processed: espalier (Level 4)
2025-08-19 12:23:51,835 - INFO - Processed: retrograde (Level 4)
2025-08-19 12:23:53,686 - WARNING - No definition found for 'speleothemeuripus', adding to review list
2025-08-19 12:23:54,975 - INFO - Processed: speleothemeuripus (Level 5)
2025-08-19 12:23:56,767 - WARNING - No definition found for 'jutia', adding to review list
2025-08-19 12:23:57,979 - INFO - Processed: jutia (Level 1)
2025-08-19 12:24:00,227 - WARNING - No definition found for 'spellingnautilus', adding to review list
2025-08-19 12:24:01,485 - INFO - Processed: spellingnautilus (Level 5)
2025-08-19 12:24:04,041 - INFO - Processed: cog (Level 1)
2025-08-19 12:24:06,829 - INFO - Processed: habiliments (Level 4)
2025-08-19 12:24:12,829 - INFO - Processed: rude (Level 1)
2025-08-19 12:24:15,361 - INFO - Processed: haphazard (Level 4)
2025-08-19 12:24:18,307 - INFO - Processed: bowyer (Level 2)
2025-08-19 12:24:20,904 - INFO - Processed: gules (Level 1)
2025-08-19 12:24:24,281 - INFO - Processed: megaron (Level 2)
2025-08-19 12:24:25,805 - WARNING - No definition found for 'quantifyredemption', adding to review list
2025-08-19 12:24:27,031 - INFO - Processed: quantifyredemption (Level 5)
2025-08-19 12:24:30,397 - INFO - Processed: frangipane (Level 3)
2025-08-19 12:24:33,679 - INFO - Processed: mendicity (Level 4)
2025-08-19 12:24:36,752 - INFO - Processed: florentine (Level 4)
2025-08-19 12:24:41,764 - INFO - Processed: illuminates (Level 4)
2025-08-19 12:24:44,737 - INFO - Processed: predilection (Level 4)
2025-08-19 12:24:47,540 - INFO - Processed: mentor (Level 2)
2025-08-19 12:24:50,698 - INFO - Processed: scripture (Level 4)
2025-08-19 12:24:54,361 - INFO - Processed: pages (Level 1)
2025-08-19 12:24:57,296 - INFO - Processed: crossed (Level 2)
2025-08-19 12:25:00,555 - INFO - Processed: pallid (Level 2)
2025-08-19 12:25:03,613 - INFO - Processed: several (Level 2)
2025-08-19 12:25:06,602 - INFO - Processed: juice (Level 1)
2025-08-19 12:25:09,120 - INFO - Processed: possible (Level 3)
2025-08-19 12:25:11,774 - INFO - Processed: exception (Level 2)
2025-08-19 12:25:16,205 - INFO - Processed: finch (Level 1)
2025-08-19 12:25:19,118 - INFO - Processed: caroling (Level 1)
2025-08-19 12:25:22,274 - INFO - Processed: turns (Level 1)
2025-08-19 12:25:25,244 - INFO - Processed: mausoleum (Level 3)
2025-08-19 12:25:26,474 - WARNING - No definition found for 'cryptozoa', adding to review list
2025-08-19 12:25:28,456 - INFO - Processed: cryptozoa (Level 4)
2025-08-19 12:25:32,710 - INFO - Processed: megahertz (Level 1)
2025-08-19 12:25:35,392 - INFO - Processed: lounge (Level 1)
2025-08-19 12:25:38,365 - INFO - Processed: genealogical (Level 4)
2025-08-19 12:25:40,091 - WARNING - No definition found for 'habeas', adding to review list
2025-08-19 12:25:42,335 - INFO - Processed: habeas (Level 2)
2025-08-19 12:25:45,257 - INFO - Processed: discombobulate (Level 5)
2025-08-19 12:25:47,885 - INFO - Processed: weevil (Level 1)
2025-08-19 12:25:51,209 - INFO - Processed: ecchymosis (Level 4)
2025-08-19 12:25:53,986 - INFO - Processed: tubular (Level 2)
2025-08-19 12:25:57,824 - INFO - Processed: shimmery (Level 2)
2025-08-19 12:26:00,369 - INFO - Processed: pixels (Level 2)
2025-08-19 12:26:06,440 - INFO - Processed: knight (Level 2)
2025-08-19 12:26:11,326 - INFO - Processed: terrier (Level 2)
2025-08-19 12:26:14,018 - INFO - Processed: interlocutor (Level 4)
2025-08-19 12:26:17,140 - INFO - Processed: redingote (Level 4)
2025-08-19 12:26:19,642 - INFO - Processed: state (Level 1)
2025-08-19 12:26:21,384 - WARNING - No definition found for 'meltedmembership', adding to review list
2025-08-19 12:26:22,610 - INFO - Processed: meltedmembership (Level 5)
2025-08-19 12:26:25,221 - INFO - Processed: dynamite (Level 4)
2025-08-19 12:26:26,977 - WARNING - No definition found for 'piloncillo', adding to review list
2025-08-19 12:26:28,217 - INFO - Processed: piloncillo (Level 4)
2025-08-19 12:26:30,997 - INFO - Processed: conifers (Level 3)
2025-08-19 12:26:32,742 - WARNING - No definition found for 'ecuador', adding to review list
2025-08-19 12:26:34,532 - INFO - Processed: ecuador (Level 2)
2025-08-19 12:26:36,244 - WARNING - No definition found for 'tricenary', adding to review list
2025-08-19 12:26:37,499 - INFO - Processed: tricenary (Level 4)
2025-08-19 12:26:39,223 - WARNING - No definition found for 'proselytizer', adding to review list
2025-08-19 12:26:40,810 - INFO - Processed: proselytizer (Level 4)
2025-08-19 12:26:42,537 - WARNING - No definition found for 'literacydifficulty', adding to review list
2025-08-19 12:26:43,747 - INFO - Processed: literacydifficulty (Level 5)
2025-08-19 12:26:46,294 - INFO - Processed: nato (Level 1)
2025-08-19 12:26:48,816 - INFO - Processed: report (Level 2)
2025-08-19 12:26:51,360 - INFO - Processed: fracas (Level 2)
2025-08-19 12:26:54,419 - INFO - Processed: terminus (Level 4)
2025-08-19 12:26:56,961 - INFO - Processed: kraken (Level 2)
2025-08-19 12:26:59,490 - INFO - Processed: weigh (Level 1)
2025-08-19 12:27:01,205 - WARNING - No definition found for 'tabernacledifficulty', adding to review list
2025-08-19 12:27:02,913 - INFO - Processed: tabernacledifficulty (Level 5)
2025-08-19 12:27:06,141 - INFO - Processed: demurrage (Level 4)
2025-08-19 12:27:07,622 - WARNING - No definition found for 'octuplicate', adding to review list
2025-08-19 12:27:08,825 - INFO - Processed: octuplicate (Level 4)
2025-08-19 12:27:11,247 - INFO - Processed: tasks (Level 1)
2025-08-19 12:27:14,283 - INFO - Processed: fulfillment (Level 4)
2025-08-19 12:27:15,735 - WARNING - No definition found for 'antigua', adding to review list
2025-08-19 12:27:17,177 - INFO - Processed: antigua (Level 2)
2025-08-19 12:27:18,924 - WARNING - No definition found for 'zyzomysadjective', adding to review list
2025-08-19 12:27:20,132 - INFO - Processed: zyzomysadjective (Level 5)
2025-08-19 12:27:23,115 - INFO - Processed: homicide (Level 3)
2025-08-19 12:27:26,035 - INFO - Processed: stoats (Level 2)
2025-08-19 12:27:29,031 - INFO - Processed: hexagonal (Level 3)
2025-08-19 12:27:33,233 - INFO - Processed: local (Level 1)
2025-08-19 12:27:34,397 - WARNING - No definition found for 'addledifficulty', adding to review list
2025-08-19 12:27:35,652 - INFO - Processed: addledifficulty (Level 5)
2025-08-19 12:27:38,119 - INFO - Processed: never (Level 1)
2025-08-19 12:27:41,313 - INFO - Processed: lid (Level 1)
2025-08-19 12:27:43,948 - INFO - Processed: sauna (Level 1)
2025-08-19 12:27:46,521 - INFO - Processed: rapids (Level 2)
2025-08-19 12:27:49,913 - INFO - Processed: burglarious (Level 4)
2025-08-19 12:27:53,040 - INFO - Processed: apex (Level 1)
2025-08-19 12:27:55,791 - INFO - Processed: temerity (Level 3)
2025-08-19 12:27:58,502 - INFO - Processed: resonate (Level 2)
2025-08-19 12:27:58,545 - INFO - Checkpoint saved: 600 words
2025-08-19 12:27:58,546 - INFO - Checkpoint saved after batch 6
2025-08-19 12:27:58,546 - INFO - Processing batch 7 (601-700 of 10114)
2025-08-19 12:28:00,335 - WARNING - No definition found for 'ventail', adding to review list
2025-08-19 12:28:02,394 - INFO - Processed: ventail (Level 2)
2025-08-19 12:28:05,388 - INFO - Processed: mantel (Level 2)
2025-08-19 12:28:07,918 - INFO - Processed: miraculous (Level 4)
2025-08-19 12:28:09,248 - WARNING - No definition found for 'vertere', adding to review list
2025-08-19 12:28:10,493 - INFO - Processed: vertere (Level 2)
2025-08-19 12:28:12,923 - INFO - Processed: low (Level 1)
2025-08-19 12:28:15,650 - INFO - Processed: portion (Level 2)
2025-08-19 12:28:18,630 - INFO - Processed: triton (Level 1)
2025-08-19 12:28:25,946 - INFO - Processed: antennas (Level 1)
2025-08-19 12:28:27,640 - WARNING - No definition found for 'iberian', adding to review list
2025-08-19 12:28:28,846 - INFO - Processed: iberian (Level 2)
2025-08-19 12:28:31,273 - INFO - Processed: scooter (Level 2)
2025-08-19 12:28:34,456 - INFO - Processed: skedaddle (Level 2)
2025-08-19 12:28:37,125 - INFO - Processed: leviathan (Level 4)
2025-08-19 12:28:39,699 - INFO - Processed: sprocket (Level 3)
2025-08-19 12:28:42,211 - INFO - Processed: independent (Level 2)
2025-08-19 12:28:44,912 - INFO - Processed: annual (Level 2)
2025-08-19 12:28:47,944 - INFO - Processed: mambo (Level 1)
2025-08-19 12:28:50,401 - INFO - Processed: sprite (Level 2)
2025-08-19 12:28:52,850 - INFO - Processed: called (Level 2)
2025-08-19 12:28:55,558 - INFO - Processed: belle (Level 1)
2025-08-19 12:28:58,523 - INFO - Processed: echoed (Level 2)
2025-08-19 12:28:59,762 - WARNING - No definition found for 'struthiousstupa', adding to review list
2025-08-19 12:29:00,970 - INFO - Processed: struthiousstupa (Level 5)
2025-08-19 12:29:03,748 - INFO - Processed: operant (Level 2)
2025-08-19 12:29:06,495 - INFO - Processed: bandage (Level 2)
2025-08-19 12:29:08,082 - WARNING - No definition found for 'glareous', adding to review list
2025-08-19 12:29:09,826 - INFO - Processed: glareous (Level 3)
2025-08-19 12:29:12,739 - INFO - Processed: brachiopods (Level 2)
2025-08-19 12:29:14,502 - WARNING - No definition found for 'exiguousexodus', adding to review list
2025-08-19 12:29:17,545 - INFO - Processed: exiguousexodus (Level 5)
2025-08-19 12:29:21,631 - INFO - Processed: educational (Level 4)
2025-08-19 12:29:24,113 - INFO - Processed: plundered (Level 1)
2025-08-19 12:29:26,839 - INFO - Processed: beam (Level 1)
2025-08-19 12:29:29,252 - INFO - Processed: seen (Level 1)
2025-08-19 12:29:32,126 - INFO - Processed: markets (Level 2)
2025-08-19 12:29:35,099 - INFO - Processed: sorry (Level 1)
2025-08-19 12:29:36,385 - WARNING - No definition found for 'giallolino', adding to review list
2025-08-19 12:29:37,593 - INFO - Processed: giallolino (Level 4)
2025-08-19 12:29:40,321 - INFO - Processed: snowy (Level 1)
2025-08-19 12:29:41,599 - WARNING - No definition found for 'blottesque', adding to review list
2025-08-19 12:29:43,198 - INFO - Processed: blottesque (Level 4)
2025-08-19 12:29:45,917 - INFO - Processed: directly (Level 4)
2025-08-19 12:29:47,221 - WARNING - No definition found for 'conestoga', adding to review list
2025-08-19 12:29:48,461 - INFO - Processed: conestoga (Level 4)
2025-08-19 12:29:51,719 - INFO - Processed: caparisoned (Level 4)
2025-08-19 12:29:54,229 - INFO - Processed: disguise (Level 4)
2025-08-19 12:29:56,914 - INFO - Processed: questions (Level 4)
2025-08-19 12:29:59,744 - INFO - Processed: portentous (Level 3)
2025-08-19 12:30:02,744 - INFO - Processed: metaplasia (Level 4)
2025-08-19 12:30:05,286 - INFO - Processed: heroic (Level 2)
2025-08-19 12:30:08,266 - INFO - Processed: famed (Level 1)
2025-08-19 12:30:10,011 - WARNING - No definition found for 'conticent', adding to review list
2025-08-19 12:30:11,866 - INFO - Processed: conticent (Level 4)
2025-08-19 12:30:14,727 - INFO - Processed: implacable (Level 4)
2025-08-19 12:30:17,921 - INFO - Processed: lineage (Level 2)
2025-08-19 12:30:20,300 - INFO - Processed: going (Level 1)
2025-08-19 12:30:22,356 - WARNING - No definition found for 'shrivellimbering', adding to review list
2025-08-19 12:30:23,581 - INFO - Processed: shrivellimbering (Level 5)
2025-08-19 12:30:26,413 - INFO - Processed: malapropism (Level 4)
2025-08-19 12:30:29,213 - INFO - Processed: quiddity (Level 4)
2025-08-19 12:30:31,083 - WARNING - No definition found for 'otacoustic', adding to review list
2025-08-19 12:30:34,094 - INFO - Processed: otacoustic (Level 2)
2025-08-19 12:30:36,814 - INFO - Processed: hours (Level 1)
2025-08-19 12:30:39,912 - INFO - Processed: lullaby (Level 2)
2025-08-19 12:30:41,696 - WARNING - No definition found for 'urgencybifurcate', adding to review list
2025-08-19 12:30:42,990 - INFO - Processed: urgencybifurcate (Level 5)
2025-08-19 12:30:45,709 - INFO - Processed: dependable (Level 2)
2025-08-19 12:30:51,632 - INFO - Processed: bright (Level 2)
2025-08-19 12:30:53,390 - WARNING - No definition found for 'listspage', adding to review list
2025-08-19 12:30:54,645 - INFO - Processed: listspage (Level 4)
2025-08-19 12:30:57,109 - INFO - Processed: seven (Level 1)
2025-08-19 12:30:59,784 - INFO - Processed: map (Level 1)
2025-08-19 12:31:02,351 - INFO - Processed: incompetent (Level 4)
2025-08-19 12:31:06,024 - INFO - Processed: twang (Level 1)
2025-08-19 12:31:08,463 - INFO - Processed: expedition (Level 4)
2025-08-19 12:31:11,765 - INFO - Processed: cute (Level 1)
2025-08-19 12:31:16,118 - INFO - Processed: cubic (Level 1)
2025-08-19 12:31:19,068 - INFO - Processed: sheesh (Level 2)
2025-08-19 12:31:20,782 - WARNING - No definition found for 'agrypniaague', adding to review list
2025-08-19 12:31:21,990 - INFO - Processed: agrypniaague (Level 4)
2025-08-19 12:31:24,537 - INFO - Processed: incinerate (Level 4)
2025-08-19 12:31:28,264 - INFO - Processed: samples (Level 1)
2025-08-19 12:31:30,847 - INFO - Processed: courtiers (Level 2)
2025-08-19 12:31:33,661 - INFO - Processed: colonists (Level 1)
2025-08-19 12:31:34,958 - WARNING - No definition found for 'kimcheemenorahs', adding to review list
2025-08-19 12:31:36,162 - INFO - Processed: kimcheemenorahs (Level 5)
2025-08-19 12:31:39,034 - INFO - Processed: pole (Level 1)
2025-08-19 12:31:41,467 - INFO - Processed: myopic (Level 2)
2025-08-19 12:31:43,255 - WARNING - No definition found for 'tibetan', adding to review list
2025-08-19 12:31:44,513 - INFO - Processed: tibetan (Level 2)
2025-08-19 12:31:47,465 - INFO - Processed: glitterati (Level 3)
2025-08-19 12:31:50,455 - INFO - Processed: jugular (Level 2)
2025-08-19 12:31:54,333 - INFO - Processed: cicatrize (Level 2)
2025-08-19 12:31:56,708 - INFO - Processed: adrift (Level 1)
2025-08-19 12:31:59,273 - INFO - Processed: umbrage (Level 2)
2025-08-19 12:32:01,948 - INFO - Processed: wag (Level 1)
2025-08-19 12:32:04,441 - INFO - Processed: periodically (Level 2)
2025-08-19 12:32:05,714 - WARNING - No definition found for 'wootzy', adding to review list
2025-08-19 12:32:06,967 - INFO - Processed: wootzy (Level 2)
2025-08-19 12:32:08,757 - WARNING - No definition found for 'barnumesque', adding to review list
2025-08-19 12:32:10,017 - INFO - Processed: barnumesque (Level 4)
2025-08-19 12:32:15,235 - INFO - Processed: krypton (Level 2)
2025-08-19 12:32:17,858 - INFO - Processed: cabaletta (Level 3)
2025-08-19 12:32:20,591 - INFO - Processed: attagirl (Level 1)
2025-08-19 12:32:24,183 - WARNING - No definition found for 'ambrosial', adding to review list
2025-08-19 12:32:25,454 - INFO - Processed: ambrosial (Level 4)
2025-08-19 12:32:28,239 - INFO - Processed: chronometer (Level 3)
2025-08-19 12:32:31,314 - INFO - Processed: graticule (Level 4)
2025-08-19 12:32:32,709 - WARNING - No definition found for 'porcelaindeglaciation', adding to review list
2025-08-19 12:32:34,065 - INFO - Processed: porcelaindeglaciation (Level 5)
2025-08-19 12:32:36,826 - INFO - Processed: daughter (Level 2)
2025-08-19 12:32:38,398 - WARNING - No definition found for 'majeure', adding to review list
2025-08-19 12:32:39,622 - INFO - Processed: majeure (Level 2)
2025-08-19 12:32:41,388 - WARNING - No definition found for 'sourcrout', adding to review list
2025-08-19 12:32:42,960 - INFO - Processed: sourcrout (Level 4)
2025-08-19 12:32:45,805 - INFO - Processed: them (Level 1)
2025-08-19 12:32:52,611 - INFO - Processed: cornea (Level 2)
2025-08-19 12:32:55,159 - INFO - Processed: perdition (Level 2)
2025-08-19 12:32:58,231 - INFO - Processed: schism (Level 2)
2025-08-19 12:33:00,716 - WARNING - No definition found for 'tersely', adding to review list
2025-08-19 12:33:02,851 - INFO - Processed: tersely (Level 2)
2025-08-19 12:33:05,373 - INFO - Processed: briny (Level 1)
2025-08-19 12:33:05,420 - INFO - Checkpoint saved: 700 words
2025-08-19 12:33:05,420 - INFO - Checkpoint saved after batch 7
2025-08-19 12:33:05,420 - INFO - Processing batch 8 (701-800 of 10114)
2025-08-19 12:33:07,917 - INFO - Processed: tie (Level 1)
2025-08-19 12:33:10,418 - INFO - Processed: boutonniere (Level 4)
2025-08-19 12:33:13,631 - INFO - Processed: eerily (Level 2)
2025-08-19 12:33:16,636 - INFO - Processed: nominee (Level 2)
2025-08-19 12:33:17,890 - WARNING - No definition found for 'appetitost', adding to review list
2025-08-19 12:33:19,473 - INFO - Processed: appetitost (Level 4)
2025-08-19 12:33:22,485 - INFO - Processed: nominated (Level 4)
2025-08-19 12:33:24,994 - INFO - Processed: boom (Level 1)
2025-08-19 12:33:26,461 - WARNING - No definition found for 'coptic', adding to review list
2025-08-19 12:33:27,877 - INFO - Processed: coptic (Level 2)
2025-08-19 12:33:29,228 - WARNING - No definition found for 'duchypagoda', adding to review list
2025-08-19 12:33:30,488 - INFO - Processed: duchypagoda (Level 3)
2025-08-19 12:33:32,927 - INFO - Processed: pumice (Level 2)
2025-08-19 12:33:35,903 - INFO - Processed: halogens (Level 1)
2025-08-19 12:33:37,224 - WARNING - No definition found for 'dinero', adding to review list
2025-08-19 12:33:38,449 - INFO - Processed: dinero (Level 2)
2025-08-19 12:33:40,072 - WARNING - No definition found for 'rubeus', adding to review list
2025-08-19 12:33:41,823 - INFO - Processed: rubeus (Level 2)
2025-08-19 12:33:45,760 - INFO - Processed: lists (Level 1)
2025-08-19 12:33:48,223 - INFO - Processed: love (Level 1)
2025-08-19 12:33:49,491 - WARNING - No definition found for 'castalia', adding to review list
2025-08-19 12:33:51,094 - INFO - Processed: castalia (Level 4)
2025-08-19 12:33:53,008 - WARNING - No definition found for 'muchacha', adding to review list
2025-08-19 12:33:54,407 - INFO - Processed: muchacha (Level 4)
2025-08-19 12:33:57,752 - INFO - Processed: brocade (Level 2)
2025-08-19 12:34:00,678 - INFO - Processed: spellers (Level 4)
2025-08-19 12:34:03,217 - INFO - Processed: invective (Level 2)
2025-08-19 12:34:05,651 - INFO - Processed: malleable (Level 1)
2025-08-19 12:34:11,364 - INFO - Processed: tiara (Level 1)
2025-08-19 12:34:14,326 - INFO - Processed: litmus (Level 2)
2025-08-19 12:34:16,964 - INFO - Processed: cadaverous (Level 2)
2025-08-19 12:34:18,312 - WARNING - No definition found for 'furnitureambush', adding to review list
2025-08-19 12:34:20,183 - INFO - Processed: furnitureambush (Level 5)
2025-08-19 12:34:23,658 - INFO - Processed: ostriches (Level 2)
2025-08-19 12:34:26,427 - INFO - Processed: superior (Level 3)
2025-08-19 12:34:29,090 - INFO - Processed: reeds (Level 1)
2025-08-19 12:34:31,891 - INFO - Processed: enunciate (Level 2)
2025-08-19 12:34:35,075 - INFO - Processed: oxygenate (Level 3)
2025-08-19 12:34:37,492 - INFO - Processed: perseverance (Level 4)
2025-08-19 12:34:40,085 - INFO - Processed: billiards (Level 3)
2025-08-19 12:34:41,833 - WARNING - No definition found for 'encarnadine', adding to review list
2025-08-19 12:34:43,464 - INFO - Processed: encarnadine (Level 3)
2025-08-19 12:34:45,977 - INFO - Processed: gaff (Level 1)
2025-08-19 12:34:48,485 - INFO - Processed: folding (Level 2)
2025-08-19 12:34:49,664 - WARNING - No definition found for 'bakeryporridge', adding to review list
2025-08-19 12:34:50,883 - INFO - Processed: bakeryporridge (Level 5)
2025-08-19 12:34:52,448 - WARNING - No definition found for 'chanoyu', adding to review list
2025-08-19 12:34:54,067 - INFO - Processed: chanoyu (Level 2)
2025-08-19 12:34:56,494 - INFO - Processed: marked (Level 2)
2025-08-19 12:34:59,845 - INFO - Processed: gyrocopter (Level 2)
2025-08-19 12:35:03,114 - INFO - Processed: superlative (Level 4)
2025-08-19 12:35:05,582 - INFO - Processed: ectoplasm (Level 4)
2025-08-19 12:35:08,547 - INFO - Processed: syllables (Level 3)
2025-08-19 12:35:10,229 - WARNING - No definition found for 'nostrilsthe', adding to review list
2025-08-19 12:35:11,438 - INFO - Processed: nostrilsthe (Level 4)
2025-08-19 12:35:13,767 - WARNING - No definition found for 'basenji', adding to review list
2025-08-19 12:35:16,779 - INFO - Processed: basenji (Level 2)
2025-08-19 12:35:18,499 - WARNING - No definition found for 'jocularity', adding to review list
2025-08-19 12:35:20,329 - INFO - Processed: jocularity (Level 4)
2025-08-19 12:35:22,726 - INFO - Processed: mission (Level 2)
2025-08-19 12:35:25,165 - INFO - Processed: star (Level 1)
2025-08-19 12:35:28,813 - INFO - Processed: jars (Level 1)
2025-08-19 12:35:32,088 - INFO - Processed: broth (Level 1)
2025-08-19 12:35:34,589 - INFO - Processed: holder (Level 2)
2025-08-19 12:35:37,154 - INFO - Processed: open (Level 1)
2025-08-19 12:35:39,691 - INFO - Processed: odiferous (Level 3)
2025-08-19 12:35:43,158 - INFO - Processed: trichinosis (Level 4)
2025-08-19 12:35:46,373 - INFO - Processed: moisture (Level 3)
2025-08-19 12:35:49,059 - INFO - Processed: expressway (Level 3)
2025-08-19 12:35:51,968 - INFO - Processed: verandahs (Level 1)
2025-08-19 12:35:53,256 - WARNING - No definition found for 'seismologist', adding to review list
2025-08-19 12:35:56,484 - INFO - Processed: seismologist (Level 4)
2025-08-19 12:35:57,778 - WARNING - No definition found for 'bisbigliando', adding to review list
2025-08-19 12:35:59,028 - INFO - Processed: bisbigliando (Level 4)
2025-08-19 12:36:01,109 - WARNING - No definition found for 'thrasonical', adding to review list
2025-08-19 12:36:02,824 - INFO - Processed: thrasonical (Level 4)
2025-08-19 12:36:05,865 - INFO - Processed: electrical (Level 3)
2025-08-19 12:36:08,375 - INFO - Processed: legalese (Level 4)
2025-08-19 12:36:11,184 - INFO - Processed: download (Level 4)
2025-08-19 12:36:14,056 - INFO - Processed: surcease (Level 4)
2025-08-19 12:36:17,063 - WARNING - No definition found for 'cacaxte', adding to review list
2025-08-19 12:36:18,582 - INFO - Processed: cacaxte (Level 2)
2025-08-19 12:36:21,053 - INFO - Processed: examen (Level 1)
2025-08-19 12:36:23,742 - INFO - Processed: erroneous (Level 4)
2025-08-19 12:36:24,938 - WARNING - No definition found for 'zdarsky', adding to review list
2025-08-19 12:36:26,176 - INFO - Processed: zdarsky (Level 2)
2025-08-19 12:36:29,362 - WARNING - No definition found for 'harrierdifficulty', adding to review list
2025-08-19 12:36:31,053 - INFO - Processed: harrierdifficulty (Level 5)
2025-08-19 12:36:32,765 - WARNING - No definition found for 'worldmath', adding to review list
2025-08-19 12:36:34,003 - INFO - Processed: worldmath (Level 4)
2025-08-19 12:36:36,945 - INFO - Processed: affluent (Level 4)
2025-08-19 12:36:39,377 - INFO - Processed: vice (Level 1)
2025-08-19 12:36:42,879 - INFO - Processed: gallic (Level 2)
2025-08-19 12:36:48,646 - INFO - Processed: ancient (Level 2)
2025-08-19 12:36:51,227 - INFO - Processed: codswallop (Level 4)
2025-08-19 12:36:54,543 - INFO - Processed: adaptable (Level 3)
2025-08-19 12:36:58,373 - INFO - Processed: crescendo (Level 4)
2025-08-19 12:37:01,357 - INFO - Processed: stricture (Level 4)
2025-08-19 12:37:02,642 - WARNING - No definition found for 'moines', adding to review list
2025-08-19 12:37:04,414 - INFO - Processed: moines (Level 2)
2025-08-19 12:37:06,929 - INFO - Processed: bonobo (Level 2)
2025-08-19 12:37:11,387 - INFO - Processed: scars (Level 1)
2025-08-19 12:37:13,929 - INFO - Processed: organized (Level 4)
2025-08-19 12:37:16,910 - INFO - Processed: misdemeanour (Level 2)
2025-08-19 12:37:19,534 - INFO - Processed: nimble (Level 2)
2025-08-19 12:37:22,490 - INFO - Processed: caravan (Level 2)
2025-08-19 12:37:24,971 - INFO - Processed: malicious (Level 3)
2025-08-19 12:37:27,932 - INFO - Processed: parr (Level 1)
2025-08-19 12:37:30,551 - INFO - Processed: prayers (Level 2)
2025-08-19 12:37:31,918 - WARNING - No definition found for 'acadians', adding to review list
2025-08-19 12:37:33,157 - INFO - Processed: acadians (Level 4)
2025-08-19 12:37:35,802 - INFO - Processed: drape (Level 1)
2025-08-19 12:37:39,450 - INFO - Processed: metropolis (Level 2)
2025-08-19 12:37:42,332 - INFO - Processed: bruxism (Level 2)
2025-08-19 12:37:43,772 - WARNING - No definition found for 'binomialdifficulty', adding to review list
2025-08-19 12:37:45,028 - INFO - Processed: binomialdifficulty (Level 5)
2025-08-19 12:37:46,300 - WARNING - No definition found for 'obviouspulse', adding to review list
2025-08-19 12:37:47,746 - INFO - Processed: obviouspulse (Level 2)
2025-08-19 12:37:50,930 - INFO - Processed: haw (Level 1)
2025-08-19 12:37:53,930 - INFO - Processed: perpetrate (Level 4)
2025-08-19 12:37:56,327 - INFO - Processed: helped (Level 2)
2025-08-19 12:37:59,160 - INFO - Processed: wattles (Level 2)
2025-08-19 12:38:01,687 - INFO - Processed: pomade (Level 2)
2025-08-19 12:38:04,364 - INFO - Processed: commerce (Level 3)
2025-08-19 12:38:07,511 - INFO - Processed: divination (Level 3)
2025-08-19 12:38:07,573 - INFO - Checkpoint saved: 800 words
2025-08-19 12:38:07,573 - INFO - Checkpoint saved after batch 8
2025-08-19 12:38:07,573 - INFO - Processing batch 9 (801-900 of 10114)
2025-08-19 12:38:09,299 - WARNING - No definition found for 'riffraffrestive', adding to review list
2025-08-19 12:38:10,525 - INFO - Processed: riffraffrestive (Level 5)
2025-08-19 12:38:13,047 - INFO - Processed: casualty (Level 4)
2025-08-19 12:38:16,287 - INFO - Processed: teledu (Level 2)
2025-08-19 12:38:19,997 - INFO - Processed: interpellate (Level 4)
2025-08-19 12:38:21,347 - WARNING - No definition found for 'parquetit', adding to review list
2025-08-19 12:38:22,587 - INFO - Processed: parquetit (Level 4)
2025-08-19 12:38:23,872 - WARNING - No definition found for 'sultanate', adding to review list
2025-08-19 12:38:25,097 - INFO - Processed: sultanate (Level 3)
2025-08-19 12:38:28,814 - INFO - Processed: fomentation (Level 4)
2025-08-19 12:38:31,992 - WARNING - No definition found for 'referralaerials', adding to review list
2025-08-19 12:38:33,221 - INFO - Processed: referralaerials (Level 5)
2025-08-19 12:38:35,812 - INFO - Processed: data (Level 1)
2025-08-19 12:38:38,243 - INFO - Processed: infant (Level 2)
2025-08-19 12:38:40,633 - INFO - Processed: gnocchi (Level 2)
2025-08-19 12:38:44,399 - INFO - Processed: highlighted (Level 4)
2025-08-19 12:38:45,674 - WARNING - No definition found for 'menaia', adding to review list
2025-08-19 12:38:46,902 - INFO - Processed: menaia (Level 2)
2025-08-19 12:38:48,095 - WARNING - No definition found for 'dillydally', adding to review list
2025-08-19 12:38:49,387 - INFO - Processed: dillydally (Level 4)
2025-08-19 12:38:51,834 - INFO - Processed: subsequent (Level 4)
2025-08-19 12:38:53,532 - WARNING - No definition found for 'soppiness', adding to review list
2025-08-19 12:38:55,056 - INFO - Processed: soppiness (Level 3)
2025-08-19 12:39:01,544 - INFO - Processed: illustrious (Level 4)
2025-08-19 12:39:06,173 - INFO - Processed: loneliness (Level 2)
2025-08-19 12:39:09,580 - INFO - Processed: triceratops (Level 4)
2025-08-19 12:39:15,348 - INFO - Processed: delivery (Level 1)
2025-08-19 12:39:18,967 - INFO - Processed: hackamore (Level 2)
2025-08-19 12:39:21,486 - INFO - Processed: living (Level 2)
2025-08-19 12:39:23,979 - INFO - Processed: smock (Level 1)
2025-08-19 12:39:25,536 - WARNING - No definition found for 'kuwait', adding to review list
2025-08-19 12:39:26,759 - INFO - Processed: kuwait (Level 2)
2025-08-19 12:39:29,712 - INFO - Processed: laccolith (Level 4)
2025-08-19 12:39:32,172 - INFO - Processed: core (Level 1)
2025-08-19 12:39:34,672 - INFO - Processed: oriole (Level 2)
2025-08-19 12:39:37,433 - INFO - Processed: piercing (Level 4)
2025-08-19 12:39:40,123 - INFO - Processed: transmissibility (Level 5)
2025-08-19 12:39:42,764 - INFO - Processed: affront (Level 2)
2025-08-19 12:39:45,469 - INFO - Processed: keen (Level 1)
2025-08-19 12:39:47,969 - INFO - Processed: gonzo (Level 1)
2025-08-19 12:39:50,802 - INFO - Processed: jerboa (Level 2)
2025-08-19 12:39:54,017 - INFO - Processed: cajole (Level 2)
2025-08-19 12:39:55,259 - WARNING - No definition found for 'critturs', adding to review list
2025-08-19 12:39:56,879 - INFO - Processed: critturs (Level 4)
2025-08-19 12:39:59,471 - INFO - Processed: retroactive (Level 4)
2025-08-19 12:40:01,218 - WARNING - No definition found for 'ahura', adding to review list
2025-08-19 12:40:02,779 - INFO - Processed: ahura (Level 1)
2025-08-19 12:40:07,459 - INFO - Processed: indeed (Level 2)
2025-08-19 12:40:10,243 - INFO - Processed: silk (Level 1)
2025-08-19 12:40:13,178 - INFO - Processed: acrylics (Level 2)
2025-08-19 12:40:16,320 - INFO - Processed: before (Level 2)
2025-08-19 12:40:21,047 - INFO - Processed: vocabularies (Level 3)
2025-08-19 12:40:22,475 - WARNING - No definition found for 'emancipatory', adding to review list
2025-08-19 12:40:24,246 - INFO - Processed: emancipatory (Level 4)
2025-08-19 12:40:27,238 - INFO - Processed: practise (Level 3)
2025-08-19 12:40:28,978 - WARNING - No definition found for 'truckee', adding to review list
2025-08-19 12:40:30,486 - INFO - Processed: truckee (Level 2)
2025-08-19 12:40:33,800 - INFO - Processed: ubiquinone (Level 4)
2025-08-19 12:40:36,783 - INFO - Processed: graywacke (Level 4)
2025-08-19 12:40:39,404 - INFO - Processed: chiffonade (Level 2)
2025-08-19 12:40:42,072 - INFO - Processed: perhaps (Level 2)
2025-08-19 12:40:43,852 - WARNING - No definition found for 'lokelani', adding to review list
2025-08-19 12:40:45,696 - INFO - Processed: lokelani (Level 4)
2025-08-19 12:40:47,665 - WARNING - No definition found for 'pschent', adding to review list
2025-08-19 12:40:49,700 - INFO - Processed: pschent (Level 2)
2025-08-19 12:40:52,159 - INFO - Processed: motto (Level 1)
2025-08-19 12:40:54,773 - INFO - Processed: travails (Level 4)
2025-08-19 12:40:58,970 - INFO - Processed: sultana (Level 2)
2025-08-19 12:41:01,626 - INFO - Processed: wizard (Level 2)
2025-08-19 12:41:04,640 - INFO - Processed: interrogative (Level 4)
2025-08-19 12:41:07,852 - INFO - Processed: saints (Level 2)
2025-08-19 12:41:11,270 - INFO - Processed: carrageenan (Level 4)
2025-08-19 12:41:14,024 - INFO - Processed: competition (Level 4)
2025-08-19 12:41:16,482 - INFO - Processed: botch (Level 1)
2025-08-19 12:41:18,915 - INFO - Processed: health (Level 1)
2025-08-19 12:41:21,857 - INFO - Processed: scrimshaw (Level 1)
2025-08-19 12:41:24,477 - INFO - Processed: permafrost (Level 3)
2025-08-19 12:41:27,087 - INFO - Processed: antechamber (Level 4)
2025-08-19 12:41:29,541 - INFO - Processed: complete (Level 4)
2025-08-19 12:41:32,071 - INFO - Processed: midi (Level 1)
2025-08-19 12:41:33,328 - WARNING - No definition found for 'ananya', adding to review list
2025-08-19 12:41:34,598 - INFO - Processed: ananya (Level 2)
2025-08-19 12:41:37,724 - INFO - Processed: pronounced (Level 4)
2025-08-19 12:41:41,746 - INFO - Processed: sweeten (Level 1)
2025-08-19 12:41:44,257 - INFO - Processed: military (Level 4)
2025-08-19 12:41:46,868 - INFO - Processed: knickerbockers (Level 5)
2025-08-19 12:41:49,680 - INFO - Processed: lurid (Level 1)
2025-08-19 12:41:52,552 - INFO - Processed: fresh (Level 1)
2025-08-19 12:41:55,001 - INFO - Processed: abstruse (Level 2)
2025-08-19 12:41:58,332 - INFO - Processed: flamingoes (Level 2)
2025-08-19 12:41:59,526 - WARNING - No definition found for 'brothash', adding to review list
2025-08-19 12:42:00,752 - INFO - Processed: brothash (Level 1)
2025-08-19 12:42:02,402 - WARNING - No definition found for 'emulsifylorikeet', adding to review list
2025-08-19 12:42:03,643 - INFO - Processed: emulsifylorikeet (Level 5)
2025-08-19 12:42:06,487 - INFO - Processed: camarilla (Level 4)
2025-08-19 12:42:08,888 - INFO - Processed: faced (Level 1)
2025-08-19 12:42:12,606 - INFO - Processed: buttons (Level 2)
2025-08-19 12:42:15,225 - INFO - Processed: exeunt (Level 2)
2025-08-19 12:42:18,339 - INFO - Processed: tectonic (Level 4)
2025-08-19 12:42:20,933 - INFO - Processed: labradoodle (Level 4)
2025-08-19 12:42:22,221 - WARNING - No definition found for 'mountebankallelopathy', adding to review list
2025-08-19 12:42:23,432 - INFO - Processed: mountebankallelopathy (Level 5)
2025-08-19 12:42:26,461 - INFO - Processed: jelly (Level 1)
2025-08-19 12:42:29,780 - INFO - Processed: keratitis (Level 3)
2025-08-19 12:42:32,463 - INFO - Processed: petite (Level 1)
2025-08-19 12:42:35,230 - INFO - Processed: unlike (Level 2)
2025-08-19 12:42:37,667 - INFO - Processed: paucity (Level 2)
2025-08-19 12:42:40,670 - INFO - Processed: inflammable (Level 4)
2025-08-19 12:42:45,884 - INFO - Processed: nonvolatile (Level 4)
2025-08-19 12:42:49,055 - INFO - Processed: anime (Level 1)
2025-08-19 12:42:50,317 - WARNING - No definition found for 'broccolini', adding to review list
2025-08-19 12:42:52,106 - INFO - Processed: broccolini (Level 4)
2025-08-19 12:42:54,560 - INFO - Processed: conduit (Level 2)
2025-08-19 12:42:57,193 - INFO - Processed: aspirate (Level 1)
2025-08-19 12:43:01,092 - INFO - Processed: obloquy (Level 2)
2025-08-19 12:43:03,698 - INFO - Processed: vibrant (Level 2)
2025-08-19 12:43:06,158 - INFO - Processed: really (Level 2)
2025-08-19 12:43:09,379 - INFO - Processed: psychiatrist (Level 3)
2025-08-19 12:43:11,998 - INFO - Processed: duplicitous (Level 4)
2025-08-19 12:43:12,076 - INFO - Checkpoint saved: 900 words
2025-08-19 12:43:12,076 - INFO - Checkpoint saved after batch 9
2025-08-19 12:43:12,076 - INFO - Processing batch 10 (901-1000 of 10114)
2025-08-19 12:43:15,023 - INFO - Processed: ballad (Level 2)
2025-08-19 12:43:17,451 - INFO - Processed: blustery (Level 1)
2025-08-19 12:43:19,176 - WARNING - No definition found for 'ection', adding to review list
2025-08-19 12:43:20,406 - INFO - Processed: ection (Level 2)
2025-08-19 12:43:23,848 - INFO - Processed: hangar (Level 2)
2025-08-19 12:43:26,317 - INFO - Processed: faculty (Level 1)
2025-08-19 12:43:28,818 - INFO - Processed: formed (Level 2)
2025-08-19 12:43:31,245 - INFO - Processed: centuries (Level 4)
2025-08-19 12:43:34,193 - INFO - Processed: olecranon (Level 4)
2025-08-19 12:43:37,706 - INFO - Processed: favourite (Level 3)
2025-08-19 12:43:41,273 - INFO - Processed: importunate (Level 4)
2025-08-19 12:43:42,530 - WARNING - No definition found for 'euroclydon', adding to review list
2025-08-19 12:43:43,769 - INFO - Processed: euroclydon (Level 4)
2025-08-19 12:43:46,959 - INFO - Processed: hebdomadal (Level 4)
2025-08-19 12:43:49,618 - INFO - Processed: porcelain (Level 4)
2025-08-19 12:43:53,281 - INFO - Processed: delinquent (Level 4)
2025-08-19 12:43:54,585 - WARNING - No definition found for 'saeta', adding to review list
2025-08-19 12:43:55,830 - INFO - Processed: saeta (Level 1)
2025-08-19 12:43:59,346 - INFO - Processed: tournedos (Level 4)
2025-08-19 12:44:01,736 - INFO - Processed: sounded (Level 2)
2025-08-19 12:44:05,671 - INFO - Processed: algebraic (Level 4)
2025-08-19 12:44:08,154 - INFO - Processed: junior (Level 2)
2025-08-19 12:44:09,730 - WARNING - No definition found for 'dubuque', adding to review list
2025-08-19 12:44:10,959 - INFO - Processed: dubuque (Level 2)
2025-08-19 12:44:13,531 - INFO - Processed: whakapapa (Level 3)
2025-08-19 12:44:16,542 - INFO - Processed: suffering (Level 4)
2025-08-19 12:44:19,890 - INFO - Processed: minority (Level 2)
2025-08-19 12:44:22,448 - INFO - Processed: thalamus (Level 3)
2025-08-19 12:44:25,327 - INFO - Processed: chimes (Level 1)
2025-08-19 12:44:26,627 - WARNING - No definition found for 'genuflectcinerarium', adding to review list
2025-08-19 12:44:27,821 - INFO - Processed: genuflectcinerarium (Level 5)
2025-08-19 12:44:31,774 - INFO - Processed: biennial (Level 4)
2025-08-19 12:44:34,586 - INFO - Processed: comedienne (Level 3)
2025-08-19 12:44:35,928 - WARNING - No definition found for 'teraigabarit', adding to review list
2025-08-19 12:44:37,138 - INFO - Processed: teraigabarit (Level 3)
2025-08-19 12:44:39,638 - INFO - Processed: coalition (Level 4)
2025-08-19 12:44:40,896 - WARNING - No definition found for 'vizierial', adding to review list
2025-08-19 12:44:42,659 - INFO - Processed: vizierial (Level 4)
2025-08-19 12:44:45,785 - INFO - Processed: especially (Level 4)
2025-08-19 12:44:47,338 - WARNING - No definition found for 'synanthrope', adding to review list
2025-08-19 12:44:49,129 - INFO - Processed: synanthrope (Level 4)
2025-08-19 12:44:51,594 - INFO - Processed: copy (Level 1)
2025-08-19 12:44:54,027 - INFO - Processed: voice (Level 1)
2025-08-19 12:44:55,350 - WARNING - No definition found for 'louisiana', adding to review list
2025-08-19 12:44:56,809 - INFO - Processed: louisiana (Level 1)
2025-08-19 12:44:59,621 - INFO - Processed: truncheon (Level 3)
2025-08-19 12:45:02,421 - INFO - Processed: restaurant (Level 4)
2025-08-19 12:45:04,127 - WARNING - No definition found for 'boycottcalzone', adding to review list
2025-08-19 12:45:05,398 - INFO - Processed: boycottcalzone (Level 5)
2025-08-19 12:45:08,072 - INFO - Processed: roads (Level 1)
2025-08-19 12:45:09,516 - WARNING - No definition found for 'millegrain', adding to review list
2025-08-19 12:45:10,958 - INFO - Processed: millegrain (Level 4)
2025-08-19 12:45:13,643 - INFO - Processed: enormously (Level 4)
2025-08-19 12:45:15,009 - WARNING - No definition found for 'spellingantsy', adding to review list
2025-08-19 12:45:16,222 - INFO - Processed: spellingantsy (Level 3)
2025-08-19 12:45:18,959 - INFO - Processed: talk (Level 1)
2025-08-19 12:45:21,959 - INFO - Processed: vaudeville (Level 4)
2025-08-19 12:45:23,296 - WARNING - No definition found for 'highlandsdifficulty', adding to review list
2025-08-19 12:45:24,581 - INFO - Processed: highlandsdifficulty (Level 5)
2025-08-19 12:45:27,130 - INFO - Processed: mice (Level 1)
2025-08-19 12:45:30,104 - INFO - Processed: vuvuzela (Level 2)
2025-08-19 12:45:32,790 - INFO - Processed: guess (Level 1)
2025-08-19 12:45:34,105 - WARNING - No definition found for 'trovatobeowulf', adding to review list
2025-08-19 12:45:35,363 - INFO - Processed: trovatobeowulf (Level 5)
2025-08-19 12:45:38,109 - INFO - Processed: summoned (Level 4)
2025-08-19 12:45:40,984 - INFO - Processed: complementary (Level 4)
2025-08-19 12:45:43,448 - INFO - Processed: foosball (Level 4)
2025-08-19 12:45:46,139 - INFO - Processed: sole (Level 1)
2025-08-19 12:45:48,543 - INFO - Processed: prepared (Level 4)
2025-08-19 12:45:51,383 - INFO - Processed: cancel (Level 1)
2025-08-19 12:45:52,810 - WARNING - No definition found for 'america', adding to review list
2025-08-19 12:45:54,005 - INFO - Processed: america (Level 2)
2025-08-19 12:45:56,834 - INFO - Processed: roll (Level 1)
2025-08-19 12:46:00,537 - INFO - Processed: gum (Level 1)
2025-08-19 12:46:03,569 - INFO - Processed: left (Level 1)
2025-08-19 12:46:06,036 - INFO - Processed: sugar (Level 1)
2025-08-19 12:46:07,617 - WARNING - No definition found for 'onychitis', adding to review list
2025-08-19 12:46:09,267 - INFO - Processed: onychitis (Level 3)
2025-08-19 12:46:11,956 - INFO - Processed: gently (Level 2)
2025-08-19 12:46:14,630 - INFO - Processed: tatterdemalion (Level 5)
2025-08-19 12:46:17,031 - INFO - Processed: controlled (Level 4)
2025-08-19 12:46:19,533 - INFO - Processed: world (Level 1)
2025-08-19 12:46:22,460 - INFO - Processed: munchkin (Level 4)
2025-08-19 12:46:23,753 - WARNING - No definition found for 'goodnik', adding to review list
2025-08-19 12:46:25,731 - INFO - Processed: goodnik (Level 2)
2025-08-19 12:46:29,333 - INFO - Processed: solidity (Level 3)
2025-08-19 12:46:31,910 - INFO - Processed: process (Level 2)
2025-08-19 12:46:34,523 - INFO - Processed: intubated (Level 3)
2025-08-19 12:46:37,269 - INFO - Processed: board (Level 1)
2025-08-19 12:46:39,766 - INFO - Processed: quorum (Level 2)
2025-08-19 12:46:42,926 - INFO - Processed: pasquinade (Level 1)
2025-08-19 12:46:44,627 - WARNING - No definition found for 'obeisantoeuvre', adding to review list
2025-08-19 12:46:46,320 - INFO - Processed: obeisantoeuvre (Level 5)
2025-08-19 12:46:48,787 - INFO - Processed: plush (Level 1)
2025-08-19 12:46:52,009 - INFO - Processed: sforzando (Level 4)
2025-08-19 12:46:54,710 - INFO - Processed: pendulous (Level 4)
2025-08-19 12:46:56,778 - WARNING - No definition found for 'syndactylismt', adding to review list
2025-08-19 12:46:57,999 - INFO - Processed: syndactylismt (Level 4)
2025-08-19 12:47:00,510 - INFO - Processed: anyone (Level 2)
2025-08-19 12:47:01,810 - WARNING - No definition found for 'rustication', adding to review list
2025-08-19 12:47:03,062 - INFO - Processed: rustication (Level 4)
2025-08-19 12:47:05,559 - INFO - Processed: apogee (Level 2)
2025-08-19 12:47:09,486 - INFO - Processed: nilpotent (Level 1)
2025-08-19 12:47:12,887 - INFO - Processed: stations (Level 4)
2025-08-19 12:47:15,564 - INFO - Processed: largely (Level 2)
2025-08-19 12:47:16,851 - WARNING - No definition found for 'naugahyde', adding to review list
2025-08-19 12:47:18,045 - INFO - Processed: naugahyde (Level 4)
2025-08-19 12:47:21,256 - INFO - Processed: frisson (Level 2)
2025-08-19 12:47:22,619 - WARNING - No definition found for 'kitksan', adding to review list
2025-08-19 12:47:23,862 - INFO - Processed: kitksan (Level 2)
2025-08-19 12:47:26,411 - INFO - Processed: bibliophile (Level 4)
2025-08-19 12:47:29,375 - INFO - Processed: leeway (Level 2)
2025-08-19 12:47:31,755 - INFO - Processed: eel (Level 1)
2025-08-19 12:47:33,508 - WARNING - No definition found for 'doorjamb', adding to review list
2025-08-19 12:47:34,828 - INFO - Processed: doorjamb (Level 3)
2025-08-19 12:47:38,648 - INFO - Processed: shrike (Level 2)
2025-08-19 12:47:39,930 - WARNING - No definition found for 'sagittarius', adding to review list
2025-08-19 12:47:41,176 - INFO - Processed: sagittarius (Level 4)
2025-08-19 12:47:43,730 - INFO - Processed: neaten (Level 2)
2025-08-19 12:47:46,602 - INFO - Processed: domiciled (Level 4)
2025-08-19 12:47:48,456 - WARNING - No definition found for 'resuscitateapprobatory', adding to review list
2025-08-19 12:47:49,857 - INFO - Processed: resuscitateapprobatory (Level 5)
2025-08-19 12:47:52,347 - INFO - Processed: eagle (Level 1)
2025-08-19 12:47:53,789 - WARNING - No definition found for 'cabeza', adding to review list
2025-08-19 12:47:55,043 - INFO - Processed: cabeza (Level 2)
2025-08-19 12:47:58,035 - INFO - Processed: cathedral (Level 4)
2025-08-19 12:47:58,109 - INFO - Checkpoint saved: 1000 words
2025-08-19 12:47:58,110 - INFO - Checkpoint saved after batch 10
2025-08-19 12:47:58,110 - INFO - Processing batch 11 (1001-1100 of 10114)
2025-08-19 12:48:00,810 - INFO - Processed: feign (Level 1)
2025-08-19 12:48:02,612 - WARNING - No definition found for 'cincinnati', adding to review list
2025-08-19 12:48:04,192 - INFO - Processed: cincinnati (Level 4)
2025-08-19 12:48:06,624 - INFO - Processed: primitive (Level 4)
2025-08-19 12:48:09,024 - INFO - Processed: violate (Level 2)
2025-08-19 12:48:11,603 - INFO - Processed: threshold (Level 4)
2025-08-19 12:48:14,536 - INFO - Processed: spaniel (Level 2)
2025-08-19 12:48:17,006 - INFO - Processed: cap (Level 1)
2025-08-19 12:48:20,271 - INFO - Processed: skipped (Level 2)
2025-08-19 12:48:22,899 - INFO - Processed: languages (Level 4)
2025-08-19 12:48:26,159 - INFO - Processed: lost (Level 1)
2025-08-19 12:48:28,897 - INFO - Processed: tussle (Level 2)
2025-08-19 12:48:31,580 - INFO - Processed: tambour (Level 2)
2025-08-19 12:48:34,058 - INFO - Processed: schools (Level 2)
2025-08-19 12:48:36,457 - INFO - Processed: ingredient (Level 4)
2025-08-19 12:48:39,271 - INFO - Processed: hackneyed (Level 4)
2025-08-19 12:48:41,882 - INFO - Processed: dapper (Level 2)
2025-08-19 12:48:44,941 - INFO - Processed: cetology (Level 4)
2025-08-19 12:48:47,399 - INFO - Processed: plunger (Level 2)
2025-08-19 12:48:49,831 - INFO - Processed: throughout (Level 4)
2025-08-19 12:48:53,992 - INFO - Processed: certitude (Level 1)
2025-08-19 12:48:56,683 - INFO - Processed: moratorium (Level 4)
2025-08-19 12:48:59,119 - INFO - Processed: almost (Level 2)
2025-08-19 12:49:01,558 - INFO - Processed: prudence (Level 1)
2025-08-19 12:49:04,129 - INFO - Processed: refectory (Level 2)
2025-08-19 12:49:08,699 - INFO - Processed: forfend (Level 2)
2025-08-19 12:49:11,666 - INFO - Processed: cannonade (Level 1)
2025-08-19 12:49:15,275 - INFO - Processed: astrobleme (Level 4)
2025-08-19 12:49:18,264 - INFO - Processed: sepulchral (Level 4)
2025-08-19 12:49:21,820 - INFO - Processed: icing (Level 1)
2025-08-19 12:49:24,499 - INFO - Processed: dice (Level 1)
2025-08-19 12:49:26,979 - INFO - Processed: surfeit (Level 2)
2025-08-19 12:49:30,010 - INFO - Processed: argot (Level 1)
2025-08-19 12:49:32,921 - INFO - Processed: miles (Level 1)
2025-08-19 12:49:35,653 - INFO - Processed: provision (Level 3)
2025-08-19 12:49:38,192 - INFO - Processed: knitwear (Level 4)
2025-08-19 12:49:40,822 - INFO - Processed: stomach (Level 2)
2025-08-19 12:49:44,418 - INFO - Processed: querulous (Level 1)
2025-08-19 12:49:48,584 - INFO - Processed: insouciance (Level 4)
2025-08-19 12:49:51,129 - INFO - Processed: navigation (Level 3)
2025-08-19 12:49:53,630 - INFO - Processed: colporteur (Level 4)
2025-08-19 12:49:56,115 - INFO - Processed: cladistics (Level 4)
2025-08-19 12:49:59,512 - INFO - Processed: warrior (Level 1)
2025-08-19 12:50:02,789 - INFO - Processed: show (Level 1)
2025-08-19 12:50:05,253 - INFO - Processed: centrifuge (Level 3)
2025-08-19 12:50:07,933 - INFO - Processed: streak (Level 2)
2025-08-19 12:50:09,167 - WARNING - No definition found for 'titration', adding to review list
2025-08-19 12:50:10,442 - INFO - Processed: titration (Level 4)
2025-08-19 12:50:13,577 - INFO - Processed: probably (Level 4)
2025-08-19 12:50:16,579 - WARNING - No definition found for 'spellingapostate', adding to review list
2025-08-19 12:50:17,785 - INFO - Processed: spellingapostate (Level 5)
2025-08-19 12:50:20,445 - INFO - Processed: casa (Level 1)
2025-08-19 12:50:22,857 - INFO - Processed: pinnacle (Level 4)
2025-08-19 12:50:25,398 - INFO - Processed: professionally (Level 5)
2025-08-19 12:50:28,084 - INFO - Processed: seldom (Level 1)
2025-08-19 12:50:30,824 - INFO - Processed: draconian (Level 2)
2025-08-19 12:50:33,310 - INFO - Processed: foresight (Level 3)
2025-08-19 12:50:35,724 - INFO - Processed: upbraid (Level 2)
2025-08-19 12:50:38,837 - INFO - Processed: environments (Level 4)
2025-08-19 12:50:40,545 - WARNING - No definition found for 'lachsschinken', adding to review list
2025-08-19 12:50:41,950 - INFO - Processed: lachsschinken (Level 4)
2025-08-19 12:50:43,211 - WARNING - No definition found for 'wapitiweka', adding to review list
2025-08-19 12:50:44,440 - INFO - Processed: wapitiweka (Level 4)
2025-08-19 12:50:46,946 - INFO - Processed: incited (Level 2)
2025-08-19 12:50:49,392 - INFO - Processed: rostrum (Level 2)
2025-08-19 12:50:53,089 - INFO - Processed: yolks (Level 1)
2025-08-19 12:50:57,117 - INFO - Processed: kiwi (Level 1)
2025-08-19 12:50:59,634 - INFO - Processed: ponytail (Level 2)
2025-08-19 12:51:01,352 - WARNING - No definition found for 'bengal', adding to review list
2025-08-19 12:51:02,584 - INFO - Processed: bengal (Level 2)
2025-08-19 12:51:04,293 - WARNING - No definition found for 'appui', adding to review list
2025-08-19 12:51:05,782 - INFO - Processed: appui (Level 1)
2025-08-19 12:51:07,219 - WARNING - No definition found for 'micellar', adding to review list
2025-08-19 12:51:09,132 - INFO - Processed: micellar (Level 4)
2025-08-19 12:51:11,844 - INFO - Processed: crayfish (Level 3)
2025-08-19 12:51:14,522 - INFO - Processed: phlox (Level 1)
2025-08-19 12:51:15,807 - WARNING - No definition found for 'teutonic', adding to review list
2025-08-19 12:51:17,075 - INFO - Processed: teutonic (Level 4)
2025-08-19 12:51:19,976 - INFO - Processed: die (Level 1)
2025-08-19 12:51:25,457 - INFO - Processed: chalaza (Level 2)
2025-08-19 12:51:27,923 - INFO - Processed: express (Level 2)
2025-08-19 12:51:30,355 - INFO - Processed: times (Level 1)
2025-08-19 12:51:33,841 - INFO - Processed: rococo (Level 2)
2025-08-19 12:51:38,941 - INFO - Processed: synonymous (Level 4)
2025-08-19 12:51:40,895 - WARNING - No definition found for 'mochi', adding to review list
2025-08-19 12:51:42,152 - INFO - Processed: mochi (Level 1)
2025-08-19 12:51:43,418 - WARNING - No definition found for 'pronaoscraquelure', adding to review list
2025-08-19 12:51:44,650 - INFO - Processed: pronaoscraquelure (Level 5)
2025-08-19 12:51:48,379 - INFO - Processed: sidekick (Level 2)
2025-08-19 12:51:49,756 - WARNING - No definition found for 'irish', adding to review list
2025-08-19 12:51:50,979 - INFO - Processed: irish (Level 1)
2025-08-19 12:51:52,248 - WARNING - No definition found for 'marsupialtrefoil', adding to review list
2025-08-19 12:51:53,462 - INFO - Processed: marsupialtrefoil (Level 5)
2025-08-19 12:51:56,000 - INFO - Processed: mandragora (Level 4)
2025-08-19 12:51:59,043 - INFO - Processed: periwinkle (Level 4)
2025-08-19 12:52:01,578 - INFO - Processed: pomeranian (Level 4)
2025-08-19 12:52:04,616 - INFO - Processed: gridiron (Level 4)
2025-08-19 12:52:05,940 - WARNING - No definition found for 'sotto', adding to review list
2025-08-19 12:52:07,182 - INFO - Processed: sotto (Level 1)
2025-08-19 12:52:09,840 - INFO - Processed: check (Level 1)
2025-08-19 12:52:12,266 - INFO - Processed: soporific (Level 2)
2025-08-19 12:52:14,648 - INFO - Processed: profile (Level 1)
2025-08-19 12:52:17,060 - INFO - Processed: works (Level 1)
2025-08-19 12:52:19,471 - INFO - Processed: embrace (Level 2)
2025-08-19 12:52:22,119 - INFO - Processed: transept (Level 2)
2025-08-19 12:52:25,727 - INFO - Processed: lupine (Level 2)
2025-08-19 12:52:28,344 - INFO - Processed: grotto (Level 2)
2025-08-19 12:52:30,831 - INFO - Processed: well (Level 1)
2025-08-19 12:52:32,121 - WARNING - No definition found for 'toxicosis', adding to review list
2025-08-19 12:52:33,854 - INFO - Processed: toxicosis (Level 4)
2025-08-19 12:52:36,694 - INFO - Processed: boxer (Level 1)
2025-08-19 12:52:39,159 - INFO - Processed: scallion (Level 2)
2025-08-19 12:52:41,618 - INFO - Processed: champs (Level 2)
2025-08-19 12:52:44,561 - INFO - Processed: started (Level 2)
2025-08-19 12:52:45,919 - WARNING - No definition found for 'herodotean', adding to review list
2025-08-19 12:52:47,124 - INFO - Processed: herodotean (Level 4)
2025-08-19 12:52:47,187 - INFO - Checkpoint saved: 1100 words
2025-08-19 12:52:47,187 - INFO - Checkpoint saved after batch 11
2025-08-19 12:52:47,187 - INFO - Processing batch 12 (1101-1200 of 10114)
2025-08-19 12:52:50,777 - INFO - Processed: tawny (Level 1)
2025-08-19 12:52:53,614 - INFO - Processed: bouillon (Level 4)
2025-08-19 12:52:55,133 - WARNING - No definition found for 'mano', adding to review list
2025-08-19 12:52:56,453 - INFO - Processed: mano (Level 1)
2025-08-19 12:52:59,436 - INFO - Processed: categorically (Level 4)
2025-08-19 12:53:02,123 - INFO - Processed: proof (Level 1)
2025-08-19 12:53:03,522 - WARNING - No definition found for 'ecstaticcinnamon', adding to review list
2025-08-19 12:53:04,903 - INFO - Processed: ecstaticcinnamon (Level 5)
2025-08-19 12:53:07,921 - INFO - Processed: hijab (Level 1)
2025-08-19 12:53:09,196 - WARNING - No definition found for 'guerite', adding to review list
2025-08-19 12:53:10,426 - INFO - Processed: guerite (Level 2)
2025-08-19 12:53:12,891 - INFO - Processed: harvest (Level 2)
2025-08-19 12:53:15,624 - INFO - Processed: mower (Level 1)
2025-08-19 12:53:18,397 - INFO - Processed: hegemony (Level 4)
2025-08-19 12:53:21,424 - INFO - Processed: paronomasia (Level 4)
2025-08-19 12:53:23,962 - INFO - Processed: parasol (Level 2)
2025-08-19 12:53:27,412 - INFO - Processed: jinx (Level 1)
2025-08-19 12:53:29,824 - INFO - Processed: ahoy (Level 1)
2025-08-19 12:53:34,227 - INFO - Processed: doughnut (Level 3)
2025-08-19 12:53:37,554 - INFO - Processed: embolus (Level 2)
2025-08-19 12:53:38,997 - WARNING - No definition found for 'guapena', adding to review list
2025-08-19 12:53:40,257 - INFO - Processed: guapena (Level 2)
2025-08-19 12:53:42,749 - INFO - Processed: operates (Level 4)
2025-08-19 12:53:45,254 - INFO - Processed: causal (Level 2)
2025-08-19 12:53:47,751 - INFO - Processed: concatenate (Level 4)
2025-08-19 12:53:50,265 - INFO - Processed: pontiff (Level 2)
2025-08-19 12:53:51,535 - WARNING - No definition found for 'incarnadineor', adding to review list
2025-08-19 12:53:52,780 - INFO - Processed: incarnadineor (Level 3)
2025-08-19 12:53:55,524 - INFO - Processed: team (Level 1)
2025-08-19 12:53:58,593 - INFO - Processed: sheathed (Level 2)
2025-08-19 12:54:01,043 - INFO - Processed: needs (Level 1)
2025-08-19 12:54:03,507 - INFO - Processed: toile (Level 1)
2025-08-19 12:54:06,022 - INFO - Processed: coroner (Level 2)
2025-08-19 12:54:08,555 - INFO - Processed: samarium (Level 2)
2025-08-19 12:54:10,986 - INFO - Processed: bauble (Level 2)
2025-08-19 12:54:13,528 - INFO - Processed: paralysis (Level 3)
2025-08-19 12:54:16,020 - INFO - Processed: inclined (Level 2)
2025-08-19 12:54:19,995 - INFO - Processed: ears (Level 1)
2025-08-19 12:54:21,310 - WARNING - No definition found for 'centenarymatrimony', adding to review list
2025-08-19 12:54:22,546 - INFO - Processed: centenarymatrimony (Level 5)
2025-08-19 12:54:23,892 - WARNING - No definition found for 'centennialcertiorari', adding to review list
2025-08-19 12:54:25,128 - INFO - Processed: centennialcertiorari (Level 5)
2025-08-19 12:54:27,813 - INFO - Processed: curtail (Level 2)
2025-08-19 12:54:29,508 - WARNING - No definition found for 'sodaseal', adding to review list
2025-08-19 12:54:30,723 - INFO - Processed: sodaseal (Level 1)
2025-08-19 12:54:33,138 - INFO - Processed: vital (Level 1)
2025-08-19 12:54:35,636 - INFO - Processed: palsy (Level 1)
2025-08-19 12:54:38,816 - INFO - Processed: amid (Level 1)
2025-08-19 12:54:42,383 - INFO - Processed: flailed (Level 2)
2025-08-19 12:54:44,948 - INFO - Processed: primavera (Level 2)
2025-08-19 12:54:47,531 - INFO - Processed: stanchion (Level 3)
2025-08-19 12:54:50,280 - INFO - Processed: vault (Level 1)
2025-08-19 12:54:52,818 - INFO - Processed: receive (Level 2)
2025-08-19 12:54:55,342 - INFO - Processed: occipital (Level 3)
2025-08-19 12:54:56,947 - WARNING - No definition found for 'xerogel', adding to review list
2025-08-19 12:54:58,203 - INFO - Processed: xerogel (Level 2)
2025-08-19 12:54:59,417 - WARNING - No definition found for 'charlotteelation', adding to review list
2025-08-19 12:55:00,625 - INFO - Processed: charlotteelation (Level 5)
2025-08-19 12:55:03,152 - INFO - Processed: botany (Level 2)
2025-08-19 12:55:05,592 - INFO - Processed: verbena (Level 2)
2025-08-19 12:55:08,782 - INFO - Processed: scrambling (Level 1)
2025-08-19 12:55:11,867 - INFO - Processed: passersby (Level 2)
2025-08-19 12:55:14,490 - INFO - Processed: vowel (Level 1)
2025-08-19 12:55:15,742 - WARNING - No definition found for 'amishamnesty', adding to review list
2025-08-19 12:55:16,963 - INFO - Processed: amishamnesty (Level 4)
2025-08-19 12:55:19,474 - INFO - Processed: justiciable (Level 4)
2025-08-19 12:55:21,926 - INFO - Processed: plumbing (Level 1)
2025-08-19 12:55:25,094 - INFO - Processed: provenance (Level 4)
2025-08-19 12:55:26,802 - WARNING - No definition found for 'tremuloustrepanation', adding to review list
2025-08-19 12:55:28,241 - INFO - Processed: tremuloustrepanation (Level 5)
2025-08-19 12:55:31,204 - INFO - Processed: abysmal (Level 2)
2025-08-19 12:55:32,504 - WARNING - No definition found for 'podotheca', adding to review list
2025-08-19 12:55:33,725 - INFO - Processed: podotheca (Level 4)
2025-08-19 12:55:36,412 - INFO - Processed: credence (Level 4)
2025-08-19 12:55:39,110 - INFO - Processed: skimmed (Level 2)
2025-08-19 12:55:42,084 - INFO - Processed: dream (Level 1)
2025-08-19 12:55:43,766 - WARNING - No definition found for 'beix', adding to review list
2025-08-19 12:55:45,884 - INFO - Processed: beix (Level 1)
2025-08-19 12:55:47,211 - WARNING - No definition found for 'logodaedaly', adding to review list
2025-08-19 12:55:49,081 - INFO - Processed: logodaedaly (Level 4)
2025-08-19 12:55:53,139 - INFO - Processed: submerged (Level 3)
2025-08-19 12:55:55,653 - INFO - Processed: agitation (Level 4)
2025-08-19 12:55:58,076 - INFO - Processed: ellipse (Level 2)
2025-08-19 12:56:01,207 - INFO - Processed: chinook (Level 2)
2025-08-19 12:56:02,471 - WARNING - No definition found for 'trigeminalbruja', adding to review list
2025-08-19 12:56:03,770 - INFO - Processed: trigeminalbruja (Level 5)
2025-08-19 12:56:10,761 - INFO - Processed: thyroid (Level 2)
2025-08-19 12:56:14,504 - INFO - Processed: valorous (Level 3)
2025-08-19 12:56:18,009 - INFO - Processed: aforesaid (Level 4)
2025-08-19 12:56:22,346 - INFO - Processed: marimba (Level 2)
2025-08-19 12:56:25,149 - INFO - Processed: subliminal (Level 3)
2025-08-19 12:56:28,614 - INFO - Processed: hodgepodge (Level 4)
2025-08-19 12:56:31,199 - INFO - Processed: infrared (Level 3)
2025-08-19 12:56:33,975 - INFO - Processed: conglomerate (Level 2)
2025-08-19 12:56:36,417 - INFO - Processed: reading (Level 2)
2025-08-19 12:56:37,610 - WARNING - No definition found for 'grandi', adding to review list
2025-08-19 12:56:39,083 - INFO - Processed: grandi (Level 2)
2025-08-19 12:56:41,857 - INFO - Processed: vassal (Level 2)
2025-08-19 12:56:44,351 - INFO - Processed: total (Level 1)
2025-08-19 12:56:45,884 - WARNING - No definition found for 'geiger', adding to review list
2025-08-19 12:56:47,452 - INFO - Processed: geiger (Level 1)
2025-08-19 12:56:49,865 - INFO - Processed: parable (Level 2)
2025-08-19 12:56:51,128 - WARNING - No definition found for 'nuzzer', adding to review list
2025-08-19 12:56:52,705 - INFO - Processed: nuzzer (Level 2)
2025-08-19 12:56:55,742 - INFO - Processed: spotted (Level 2)
2025-08-19 12:56:58,170 - INFO - Processed: jabot (Level 1)
2025-08-19 12:57:00,584 - INFO - Processed: treachery (Level 4)
2025-08-19 12:57:04,020 - INFO - Processed: whydah (Level 2)
2025-08-19 12:57:06,790 - INFO - Processed: polenta (Level 2)
2025-08-19 12:57:09,454 - INFO - Processed: disconcerting (Level 3)
2025-08-19 12:57:11,856 - INFO - Processed: occupancy (Level 3)
2025-08-19 12:57:14,547 - INFO - Processed: doubt (Level 1)
2025-08-19 12:57:17,571 - INFO - Processed: pangs (Level 1)
2025-08-19 12:57:19,173 - WARNING - No definition found for 'bulgogi', adding to review list
2025-08-19 12:57:20,598 - INFO - Processed: bulgogi (Level 2)
2025-08-19 12:57:23,229 - INFO - Processed: watched (Level 2)
2025-08-19 12:57:24,541 - WARNING - No definition found for 'propinquityepidermis', adding to review list
2025-08-19 12:57:25,783 - INFO - Processed: propinquityepidermis (Level 5)
2025-08-19 12:57:28,324 - INFO - Processed: profundity (Level 4)
2025-08-19 12:57:30,972 - INFO - Processed: sewage (Level 2)
2025-08-19 12:57:35,334 - INFO - Processed: masses (Level 2)
2025-08-19 12:57:35,401 - INFO - Checkpoint saved: 1200 words
2025-08-19 12:57:35,401 - INFO - Checkpoint saved after batch 12
2025-08-19 12:57:35,401 - INFO - Processing batch 13 (1201-1300 of 10114)
2025-08-19 12:57:38,069 - INFO - Processed: sit (Level 1)
2025-08-19 12:57:41,048 - INFO - Processed: charred (Level 1)
2025-08-19 12:57:44,170 - INFO - Processed: hamadryad (Level 2)
2025-08-19 12:57:45,473 - WARNING - No definition found for 'derring', adding to review list
2025-08-19 12:57:46,806 - INFO - Processed: derring (Level 2)
2025-08-19 12:57:50,033 - INFO - Processed: gingivitis (Level 4)
2025-08-19 12:57:52,478 - INFO - Processed: yeti (Level 1)
2025-08-19 12:57:55,490 - INFO - Processed: sporadically (Level 3)
2025-08-19 12:57:58,981 - INFO - Processed: vertebrates (Level 4)
2025-08-19 12:58:01,966 - INFO - Processed: dread (Level 1)
2025-08-19 12:58:05,744 - INFO - Processed: petrifying (Level 3)
2025-08-19 12:58:07,478 - WARNING - No definition found for 'eris', adding to review list
2025-08-19 12:58:08,708 - INFO - Processed: eris (Level 1)
2025-08-19 12:58:11,122 - INFO - Processed: tincture (Level 1)
2025-08-19 12:58:13,789 - INFO - Processed: corsage (Level 2)
2025-08-19 12:58:16,777 - INFO - Processed: reagent (Level 2)
2025-08-19 12:58:18,070 - WARNING - No definition found for 'hokus', adding to review list
2025-08-19 12:58:19,337 - INFO - Processed: hokus (Level 1)
2025-08-19 12:58:21,771 - INFO - Processed: ion (Level 1)
2025-08-19 12:58:24,222 - INFO - Processed: foretell (Level 4)
2025-08-19 12:58:28,699 - INFO - Processed: reunion (Level 2)
2025-08-19 12:58:30,652 - WARNING - No definition found for 'jody', adding to review list
2025-08-19 12:58:32,255 - INFO - Processed: jody (Level 1)
2025-08-19 12:58:34,847 - INFO - Processed: mesial (Level 2)
2025-08-19 12:58:37,489 - INFO - Processed: adjure (Level 2)
2025-08-19 12:58:40,426 - INFO - Processed: spider (Level 2)
2025-08-19 12:58:43,452 - INFO - Processed: squadron (Level 1)
2025-08-19 12:58:46,243 - INFO - Processed: metals (Level 2)
2025-08-19 12:58:50,865 - INFO - Processed: dimension (Level 2)
2025-08-19 12:58:53,413 - INFO - Processed: ikebana (Level 2)
2025-08-19 12:58:56,547 - INFO - Processed: notebook (Level 3)
2025-08-19 12:58:57,831 - WARNING - No definition found for 'ranine', adding to review list
2025-08-19 12:58:59,907 - INFO - Processed: ranine (Level 2)
2025-08-19 12:59:02,309 - INFO - Processed: inspired (Level 1)
2025-08-19 12:59:04,895 - INFO - Processed: idiolect (Level 1)
2025-08-19 12:59:06,789 - WARNING - No definition found for 'reimbursable', adding to review list
2025-08-19 12:59:09,287 - INFO - Processed: reimbursable (Level 4)
2025-08-19 12:59:12,069 - INFO - Processed: moorage (Level 2)
2025-08-19 12:59:15,019 - INFO - Processed: tapetum (Level 2)
2025-08-19 12:59:17,705 - INFO - Processed: opus (Level 1)
2025-08-19 12:59:20,157 - INFO - Processed: vestigial (Level 3)
2025-08-19 12:59:22,753 - INFO - Processed: curator (Level 2)
2025-08-19 12:59:24,034 - WARNING - No definition found for 'gurmukhi', adding to review list
2025-08-19 12:59:25,797 - INFO - Processed: gurmukhi (Level 3)
2025-08-19 12:59:27,041 - WARNING - No definition found for 'gerundial', adding to review list
2025-08-19 12:59:28,266 - INFO - Processed: gerundial (Level 1)
2025-08-19 12:59:31,302 - INFO - Processed: effleurage (Level 4)
2025-08-19 12:59:32,656 - WARNING - No definition found for 'aethalium', adding to review list
2025-08-19 12:59:33,912 - INFO - Processed: aethalium (Level 4)
2025-08-19 12:59:35,308 - WARNING - No definition found for 'puerilely', adding to review list
2025-08-19 12:59:36,965 - INFO - Processed: puerilely (Level 3)
2025-08-19 12:59:38,220 - WARNING - No definition found for 'huguenot', adding to review list
2025-08-19 12:59:39,549 - INFO - Processed: huguenot (Level 1)
2025-08-19 12:59:42,068 - INFO - Processed: plopped (Level 2)
2025-08-19 12:59:44,470 - INFO - Processed: commute (Level 2)
2025-08-19 12:59:46,997 - INFO - Processed: anole (Level 1)
2025-08-19 12:59:48,261 - WARNING - No definition found for 'omnilegent', adding to review list
2025-08-19 12:59:49,765 - INFO - Processed: omnilegent (Level 4)
2025-08-19 12:59:52,171 - INFO - Processed: adjutant (Level 2)
2025-08-19 12:59:54,608 - INFO - Processed: originate (Level 3)
2025-08-19 12:59:57,144 - INFO - Processed: alate (Level 1)
2025-08-19 13:00:00,029 - INFO - Processed: hug (Level 1)
2025-08-19 13:00:02,775 - INFO - Processed: into (Level 1)
2025-08-19 13:00:05,387 - INFO - Processed: decimation (Level 4)
2025-08-19 13:00:07,843 - INFO - Processed: ascertain (Level 4)
2025-08-19 13:00:10,849 - INFO - Processed: bounce (Level 2)
2025-08-19 13:00:14,769 - INFO - Processed: toastmaster (Level 4)
2025-08-19 13:00:17,814 - INFO - Processed: scream (Level 2)
2025-08-19 13:00:20,406 - INFO - Processed: dengue (Level 2)
2025-08-19 13:00:23,203 - INFO - Processed: anneal (Level 2)
2025-08-19 13:00:27,206 - INFO - Processed: verve (Level 1)
2025-08-19 13:00:30,019 - INFO - Processed: neck (Level 1)
2025-08-19 13:00:32,714 - INFO - Processed: caique (Level 2)
2025-08-19 13:00:35,164 - INFO - Processed: bestial (Level 1)
2025-08-19 13:00:37,813 - INFO - Processed: sentient (Level 4)
2025-08-19 13:00:40,531 - INFO - Processed: consecutive (Level 4)
2025-08-19 13:00:43,880 - INFO - Processed: ginglymus (Level 4)
2025-08-19 13:00:45,127 - WARNING - No definition found for 'einstein', adding to review list
2025-08-19 13:00:46,335 - INFO - Processed: einstein (Level 4)
2025-08-19 13:00:49,262 - INFO - Processed: holstein (Level 4)
2025-08-19 13:00:51,714 - INFO - Processed: mundane (Level 1)
2025-08-19 13:00:53,587 - WARNING - No definition found for 'subridentethylene', adding to review list
2025-08-19 13:00:54,919 - INFO - Processed: subridentethylene (Level 5)
2025-08-19 13:00:57,980 - INFO - Processed: karma (Level 1)
2025-08-19 13:01:00,454 - INFO - Processed: deprivation (Level 4)
2025-08-19 13:01:01,708 - WARNING - No definition found for 'heleoplanktonpliant', adding to review list
2025-08-19 13:01:02,914 - INFO - Processed: heleoplanktonpliant (Level 5)
2025-08-19 13:01:05,672 - INFO - Processed: emollient (Level 4)
2025-08-19 13:01:08,382 - INFO - Processed: reputation (Level 4)
2025-08-19 13:01:11,670 - INFO - Processed: atonement (Level 4)
2025-08-19 13:01:12,971 - WARNING - No definition found for 'arcturus', adding to review list
2025-08-19 13:01:14,727 - INFO - Processed: arcturus (Level 3)
2025-08-19 13:01:16,122 - WARNING - No definition found for 'cornilycontraction', adding to review list
2025-08-19 13:01:17,379 - INFO - Processed: cornilycontraction (Level 5)
2025-08-19 13:01:19,196 - WARNING - No definition found for 'jesuit', adding to review list
2025-08-19 13:01:21,224 - INFO - Processed: jesuit (Level 2)
2025-08-19 13:01:23,695 - INFO - Processed: inimical (Level 4)
2025-08-19 13:01:29,326 - INFO - Processed: cement (Level 2)
2025-08-19 13:01:31,917 - INFO - Processed: patronymic (Level 4)
2025-08-19 13:01:34,921 - INFO - Processed: bitumen (Level 2)
2025-08-19 13:01:37,471 - INFO - Processed: miasma (Level 2)
2025-08-19 13:01:41,378 - INFO - Processed: reluctant (Level 1)
2025-08-19 13:01:43,845 - INFO - Processed: learn (Level 1)
2025-08-19 13:01:45,029 - WARNING - No definition found for 'greetingdifficulty', adding to review list
2025-08-19 13:01:46,286 - INFO - Processed: greetingdifficulty (Level 5)
2025-08-19 13:01:49,028 - INFO - Processed: idea (Level 1)
2025-08-19 13:01:51,556 - INFO - Processed: torch (Level 1)
2025-08-19 13:01:54,255 - INFO - Processed: amphibian (Level 3)
2025-08-19 13:01:55,532 - WARNING - No definition found for 'princepsprocurement', adding to review list
2025-08-19 13:01:56,777 - INFO - Processed: princepsprocurement (Level 5)
2025-08-19 13:01:59,218 - INFO - Processed: lousy (Level 1)
2025-08-19 13:02:01,752 - INFO - Processed: tungsten (Level 4)
2025-08-19 13:02:03,619 - WARNING - No definition found for 'ganges', adding to review list
2025-08-19 13:02:05,368 - INFO - Processed: ganges (Level 2)
2025-08-19 13:02:08,228 - INFO - Processed: chancellor (Level 4)
2025-08-19 13:02:10,904 - INFO - Processed: expostulate (Level 4)
2025-08-19 13:02:13,617 - INFO - Processed: forbid (Level 2)
2025-08-19 13:02:16,142 - INFO - Processed: escarole (Level 4)
2025-08-19 13:02:20,034 - INFO - Processed: belongs (Level 2)
2025-08-19 13:02:23,101 - INFO - Processed: scrapple (Level 4)
2025-08-19 13:02:25,518 - INFO - Processed: poetry (Level 2)
2025-08-19 13:02:25,612 - INFO - Checkpoint saved: 1300 words
2025-08-19 13:02:25,612 - INFO - Checkpoint saved after batch 13
2025-08-19 13:02:25,612 - INFO - Processing batch 14 (1301-1400 of 10114)
2025-08-19 13:02:26,975 - WARNING - No definition found for 'spellingacharya', adding to review list
2025-08-19 13:02:28,264 - INFO - Processed: spellingacharya (Level 5)
2025-08-19 13:02:30,780 - INFO - Processed: bobcat (Level 1)
2025-08-19 13:02:33,308 - INFO - Processed: jolly (Level 1)
2025-08-19 13:02:36,043 - INFO - Processed: stove (Level 1)
2025-08-19 13:02:37,380 - WARNING - No definition found for 'raptatorial', adding to review list
2025-08-19 13:02:38,666 - INFO - Processed: raptatorial (Level 4)
2025-08-19 13:02:41,260 - INFO - Processed: trembling (Level 1)
2025-08-19 13:02:43,962 - INFO - Processed: mulish (Level 1)
2025-08-19 13:02:46,979 - INFO - Processed: evacuees (Level 4)
2025-08-19 13:02:49,696 - INFO - Processed: tableau (Level 2)
2025-08-19 13:02:52,197 - INFO - Processed: rigorous (Level 4)
2025-08-19 13:02:54,244 - WARNING - No definition found for 'concinnate', adding to review list
2025-08-19 13:02:55,962 - INFO - Processed: concinnate (Level 2)
2025-08-19 13:02:58,624 - INFO - Processed: effigy (Level 2)
2025-08-19 13:02:59,879 - WARNING - No definition found for 'legerity', adding to review list
2025-08-19 13:03:01,566 - INFO - Processed: legerity (Level 4)
2025-08-19 13:03:04,542 - INFO - Processed: sandal (Level 2)
2025-08-19 13:03:07,183 - INFO - Processed: ligament (Level 4)
2025-08-19 13:03:09,787 - INFO - Processed: manger (Level 1)
2025-08-19 13:03:12,266 - INFO - Processed: crisp (Level 1)
2025-08-19 13:03:14,650 - INFO - Processed: lateral (Level 2)
2025-08-19 13:03:17,086 - INFO - Processed: alloy (Level 1)
2025-08-19 13:03:19,532 - INFO - Processed: focus (Level 1)
2025-08-19 13:03:22,837 - INFO - Processed: pekoe (Level 1)
2025-08-19 13:03:25,516 - INFO - Processed: atrophy (Level 2)
2025-08-19 13:03:28,036 - INFO - Processed: kurta (Level 1)
2025-08-19 13:03:29,849 - WARNING - No definition found for 'gabdifficulty', adding to review list
2025-08-19 13:03:31,106 - INFO - Processed: gabdifficulty (Level 4)
2025-08-19 13:03:33,645 - INFO - Processed: evaporation (Level 4)
2025-08-19 13:03:36,279 - INFO - Processed: clothes (Level 2)
2025-08-19 13:03:38,730 - INFO - Processed: wrench (Level 2)
2025-08-19 13:03:41,667 - INFO - Processed: semblance (Level 2)
2025-08-19 13:03:42,989 - WARNING - No definition found for 'paillard', adding to review list
2025-08-19 13:03:44,973 - INFO - Processed: paillard (Level 2)
2025-08-19 13:03:47,420 - INFO - Processed: attitude (Level 4)
2025-08-19 13:03:51,209 - INFO - Processed: notes (Level 1)
2025-08-19 13:03:52,395 - WARNING - No definition found for 'dev', adding to review list
2025-08-19 13:03:53,632 - INFO - Processed: dev (Level 1)
2025-08-19 13:03:56,441 - INFO - Processed: games (Level 1)
2025-08-19 13:03:59,029 - INFO - Processed: academy (Level 2)
2025-08-19 13:04:00,585 - WARNING - No definition found for 'shhh', adding to review list
2025-08-19 13:04:01,899 - INFO - Processed: shhh (Level 1)
2025-08-19 13:04:04,877 - INFO - Processed: welterweight (Level 4)
2025-08-19 13:04:07,886 - INFO - Processed: citronella (Level 3)
2025-08-19 13:04:09,170 - WARNING - No definition found for 'hungary', adding to review list
2025-08-19 13:04:10,435 - INFO - Processed: hungary (Level 2)
2025-08-19 13:04:14,004 - INFO - Processed: mizuna (Level 2)
2025-08-19 13:04:15,275 - WARNING - No definition found for 'pneumatocyst', adding to review list
2025-08-19 13:04:17,186 - INFO - Processed: pneumatocyst (Level 4)
2025-08-19 13:04:19,998 - INFO - Processed: gambol (Level 2)
2025-08-19 13:04:21,223 - WARNING - No definition found for 'polygenous', adding to review list
2025-08-19 13:04:23,111 - INFO - Processed: polygenous (Level 4)
2025-08-19 13:04:24,528 - WARNING - No definition found for 'newfoundland', adding to review list
2025-08-19 13:04:25,872 - INFO - Processed: newfoundland (Level 4)
2025-08-19 13:04:28,343 - INFO - Processed: riddance (Level 4)
2025-08-19 13:04:29,628 - WARNING - No definition found for 'alhambra', adding to review list
2025-08-19 13:04:30,872 - INFO - Processed: alhambra (Level 3)
2025-08-19 13:04:32,213 - WARNING - No definition found for 'latinxua', adding to review list
2025-08-19 13:04:33,429 - INFO - Processed: latinxua (Level 4)
2025-08-19 13:04:36,211 - INFO - Processed: symphony (Level 4)
2025-08-19 13:04:39,236 - INFO - Processed: tetanus (Level 2)
2025-08-19 13:04:41,679 - INFO - Processed: majuscule (Level 4)
2025-08-19 13:04:44,429 - INFO - Processed: top (Level 1)
2025-08-19 13:04:46,098 - WARNING - No definition found for 'epicureanepidermis', adding to review list
2025-08-19 13:04:47,348 - INFO - Processed: epicureanepidermis (Level 5)
2025-08-19 13:04:49,908 - INFO - Processed: tosh (Level 1)
2025-08-19 13:04:53,061 - INFO - Processed: pentameter (Level 4)
2025-08-19 13:04:55,572 - INFO - Processed: curfew (Level 2)
2025-08-19 13:04:58,272 - INFO - Processed: journalism (Level 4)
2025-08-19 13:05:00,828 - INFO - Processed: jacquard (Level 2)
2025-08-19 13:05:03,882 - INFO - Processed: efface (Level 2)
2025-08-19 13:05:06,268 - INFO - Processed: topics (Level 2)
2025-08-19 13:05:09,048 - INFO - Processed: production (Level 4)
2025-08-19 13:05:11,787 - INFO - Processed: nanotechnology (Level 5)
2025-08-19 13:05:14,374 - INFO - Processed: theatre (Level 2)
2025-08-19 13:05:19,144 - INFO - Processed: dessert (Level 2)
2025-08-19 13:05:20,544 - WARNING - No definition found for 'promyshlennik', adding to review list
2025-08-19 13:05:21,808 - INFO - Processed: promyshlennik (Level 4)
2025-08-19 13:05:24,329 - INFO - Processed: disturbed (Level 4)
2025-08-19 13:05:29,708 - INFO - Processed: whether (Level 2)
2025-08-19 13:05:32,288 - INFO - Processed: analepsis (Level 4)
2025-08-19 13:05:34,886 - INFO - Processed: pews (Level 1)
2025-08-19 13:05:38,017 - INFO - Processed: eurythmics (Level 3)
2025-08-19 13:05:40,762 - INFO - Processed: anklet (Level 2)
2025-08-19 13:05:43,740 - INFO - Processed: squalid (Level 2)
2025-08-19 13:05:46,330 - INFO - Processed: gorgon (Level 1)
2025-08-19 13:05:48,814 - INFO - Processed: requisition (Level 4)
2025-08-19 13:05:50,209 - WARNING - No definition found for 'extinctextinguish', adding to review list
2025-08-19 13:05:51,543 - INFO - Processed: extinctextinguish (Level 5)
2025-08-19 13:05:53,329 - WARNING - No definition found for 'glossopetrae', adding to review list
2025-08-19 13:05:54,550 - INFO - Processed: glossopetrae (Level 3)
2025-08-19 13:05:57,231 - INFO - Processed: griot (Level 1)
2025-08-19 13:05:58,581 - WARNING - No definition found for 'parvo', adding to review list
2025-08-19 13:06:00,978 - INFO - Processed: parvo (Level 1)
2025-08-19 13:06:03,844 - INFO - Processed: manteau (Level 1)
2025-08-19 13:06:06,592 - INFO - Processed: irrigation (Level 4)
2025-08-19 13:06:07,792 - WARNING - No definition found for 'arietta', adding to review list
2025-08-19 13:06:09,015 - INFO - Processed: arietta (Level 2)
2025-08-19 13:06:12,103 - INFO - Processed: vegetables (Level 4)
2025-08-19 13:06:14,641 - INFO - Processed: canary (Level 2)
2025-08-19 13:06:17,242 - INFO - Processed: prajna (Level 2)
2025-08-19 13:06:20,018 - INFO - Processed: godspeed (Level 4)
2025-08-19 13:06:23,244 - INFO - Processed: homiletics (Level 4)
2025-08-19 13:06:25,720 - INFO - Processed: crawl (Level 1)
2025-08-19 13:06:28,292 - INFO - Processed: padre (Level 1)
2025-08-19 13:06:31,192 - INFO - Processed: invented (Level 4)
2025-08-19 13:06:32,978 - WARNING - No definition found for 'expatiatexerogel', adding to review list
2025-08-19 13:06:34,278 - INFO - Processed: expatiatexerogel (Level 5)
2025-08-19 13:06:36,802 - INFO - Processed: cups (Level 1)
2025-08-19 13:06:39,487 - INFO - Processed: incendiary (Level 1)
2025-08-19 13:06:40,702 - WARNING - No definition found for 'mumbai', adding to review list
2025-08-19 13:06:43,932 - INFO - Processed: mumbai (Level 2)
2025-08-19 13:06:47,504 - INFO - Processed: biltong (Level 2)
2025-08-19 13:06:48,933 - WARNING - No definition found for 'marathi', adding to review list
2025-08-19 13:06:50,168 - INFO - Processed: marathi (Level 2)
2025-08-19 13:06:52,927 - INFO - Processed: hobbledehoy (Level 4)
2025-08-19 13:06:57,695 - INFO - Processed: tiffany (Level 2)
2025-08-19 13:06:59,035 - WARNING - No definition found for 'sikhism', adding to review list
2025-08-19 13:07:00,323 - INFO - Processed: sikhism (Level 2)
2025-08-19 13:07:03,127 - INFO - Processed: acacia (Level 2)
2025-08-19 13:07:04,443 - WARNING - No definition found for 'umbelliferous', adding to review list
2025-08-19 13:07:05,793 - INFO - Processed: umbelliferous (Level 4)
2025-08-19 13:07:08,784 - INFO - Processed: tutelage (Level 4)
2025-08-19 13:07:11,593 - INFO - Processed: drawers (Level 2)
2025-08-19 13:07:11,688 - INFO - Checkpoint saved: 1400 words
2025-08-19 13:07:11,688 - INFO - Checkpoint saved after batch 14
2025-08-19 13:07:11,688 - INFO - Processing batch 15 (1401-1500 of 10114)
2025-08-19 13:07:14,898 - INFO - Processed: renegotiate (Level 4)
2025-08-19 13:07:17,374 - INFO - Processed: complacency (Level 3)
2025-08-19 13:07:18,696 - WARNING - No definition found for 'popocatepetl', adding to review list
2025-08-19 13:07:20,009 - INFO - Processed: popocatepetl (Level 4)
2025-08-19 13:07:22,498 - INFO - Processed: engulf (Level 2)
2025-08-19 13:07:25,743 - INFO - Processed: guilloche (Level 2)
2025-08-19 13:07:28,440 - INFO - Processed: atomic (Level 2)
2025-08-19 13:07:31,402 - INFO - Processed: toppled (Level 1)
2025-08-19 13:07:32,876 - WARNING - No definition found for 'dunk', adding to review list
2025-08-19 13:07:34,111 - INFO - Processed: dunk (Level 1)
2025-08-19 13:07:37,073 - INFO - Processed: ambient (Level 2)
2025-08-19 13:07:40,319 - INFO - Processed: corral (Level 2)
2025-08-19 13:07:42,745 - INFO - Processed: lisp (Level 1)
2025-08-19 13:07:44,454 - WARNING - No definition found for 'posterityposthumous', adding to review list
2025-08-19 13:07:45,677 - INFO - Processed: posterityposthumous (Level 5)
2025-08-19 13:07:48,702 - INFO - Processed: fortuitous (Level 2)
2025-08-19 13:07:51,601 - INFO - Processed: post (Level 1)
2025-08-19 13:07:53,057 - WARNING - No definition found for 'mell', adding to review list
2025-08-19 13:07:54,328 - INFO - Processed: mell (Level 1)
2025-08-19 13:07:56,755 - INFO - Processed: practice (Level 3)
2025-08-19 13:08:00,205 - INFO - Processed: surety (Level 2)
2025-08-19 13:08:01,873 - WARNING - No definition found for 'siotetro', adding to review list
2025-08-19 13:08:03,758 - INFO - Processed: siotetro (Level 3)
2025-08-19 13:08:06,756 - INFO - Processed: jazzy (Level 1)
2025-08-19 13:08:08,480 - WARNING - No definition found for 'quo', adding to review list
2025-08-19 13:08:09,701 - INFO - Processed: quo (Level 1)
2025-08-19 13:08:12,146 - INFO - Processed: shell (Level 1)
2025-08-19 13:08:13,839 - WARNING - No definition found for 'sfax', adding to review list
2025-08-19 13:08:15,092 - INFO - Processed: sfax (Level 1)
2025-08-19 13:08:17,724 - INFO - Processed: fifth (Level 1)
2025-08-19 13:08:20,467 - INFO - Processed: slang (Level 1)
2025-08-19 13:08:21,832 - WARNING - No definition found for 'sunt', adding to review list
2025-08-19 13:08:23,102 - INFO - Processed: sunt (Level 1)
2025-08-19 13:08:24,376 - WARNING - No definition found for 'chugggged', adding to review list
2025-08-19 13:08:25,623 - INFO - Processed: chugggged (Level 4)
2025-08-19 13:08:28,334 - INFO - Processed: audience (Level 1)
2025-08-19 13:08:31,304 - INFO - Processed: caryatid (Level 4)
2025-08-19 13:08:33,208 - WARNING - No definition found for 'gurdy', adding to review list
2025-08-19 13:08:34,449 - INFO - Processed: gurdy (Level 1)
2025-08-19 13:08:36,876 - INFO - Processed: condemn (Level 2)
2025-08-19 13:08:38,146 - WARNING - No definition found for 'cavalletti', adding to review list
2025-08-19 13:08:39,698 - INFO - Processed: cavalletti (Level 4)
2025-08-19 13:08:43,066 - INFO - Processed: althorn (Level 2)
2025-08-19 13:08:46,607 - INFO - Processed: cauterize (Level 4)
2025-08-19 13:08:47,951 - WARNING - No definition found for 'horologistspeleothem', adding to review list
2025-08-19 13:08:49,197 - INFO - Processed: horologistspeleothem (Level 5)
2025-08-19 13:08:51,655 - INFO - Processed: read (Level 1)
2025-08-19 13:08:54,178 - INFO - Processed: contessa (Level 2)
2025-08-19 13:08:56,842 - INFO - Processed: adduced (Level 2)
2025-08-19 13:08:59,427 - INFO - Processed: crocodile (Level 4)
2025-08-19 13:09:01,905 - INFO - Processed: cognisant (Level 4)
2025-08-19 13:09:04,646 - INFO - Processed: varieties (Level 4)
2025-08-19 13:09:07,718 - INFO - Processed: mistake (Level 2)
2025-08-19 13:09:10,553 - INFO - Processed: flute (Level 1)
2025-08-19 13:09:13,797 - INFO - Processed: ushabti (Level 2)
2025-08-19 13:09:16,199 - INFO - Processed: truly (Level 1)
2025-08-19 13:09:18,811 - INFO - Processed: paradise (Level 3)
2025-08-19 13:09:21,838 - INFO - Processed: cathode (Level 2)
2025-08-19 13:09:24,329 - INFO - Processed: pursuit (Level 2)
2025-08-19 13:09:26,884 - INFO - Processed: desertification (Level 5)
2025-08-19 13:09:29,378 - INFO - Processed: peripheral (Level 4)
2025-08-19 13:09:30,722 - WARNING - No definition found for 'arteryornithology', adding to review list
2025-08-19 13:09:31,960 - INFO - Processed: arteryornithology (Level 5)
2025-08-19 13:09:34,372 - INFO - Processed: cheongsam (Level 3)
2025-08-19 13:09:35,534 - WARNING - No definition found for 'aspish', adding to review list
2025-08-19 13:09:37,148 - INFO - Processed: aspish (Level 2)
2025-08-19 13:09:38,418 - WARNING - No definition found for 'establishmentruminate', adding to review list
2025-08-19 13:09:39,891 - INFO - Processed: establishmentruminate (Level 5)
2025-08-19 13:09:42,584 - INFO - Processed: based (Level 1)
2025-08-19 13:09:45,106 - INFO - Processed: clothing (Level 3)
2025-08-19 13:09:48,148 - INFO - Processed: regales (Level 2)
2025-08-19 13:09:50,648 - INFO - Processed: reverberant (Level 4)
2025-08-19 13:09:51,817 - WARNING - No definition found for 'drewdifficulty', adding to review list
2025-08-19 13:09:53,007 - INFO - Processed: drewdifficulty (Level 5)
2025-08-19 13:09:56,615 - INFO - Processed: devotion (Level 3)
2025-08-19 13:09:57,923 - WARNING - No definition found for 'decumbituremultivalent', adding to review list
2025-08-19 13:09:59,153 - INFO - Processed: decumbituremultivalent (Level 5)
2025-08-19 13:10:01,598 - INFO - Processed: electrode (Level 2)
2025-08-19 13:10:02,867 - WARNING - No definition found for 'gesellschaft', adding to review list
2025-08-19 13:10:04,102 - INFO - Processed: gesellschaft (Level 4)
2025-08-19 13:10:07,426 - INFO - Processed: convulsive (Level 2)
2025-08-19 13:10:10,011 - INFO - Processed: dusk (Level 1)
2025-08-19 13:10:11,470 - WARNING - No definition found for 'fait', adding to review list
2025-08-19 13:10:12,753 - INFO - Processed: fait (Level 1)
2025-08-19 13:10:15,668 - INFO - Processed: reporting (Level 3)
2025-08-19 13:10:17,377 - WARNING - No definition found for 'galahad', adding to review list
2025-08-19 13:10:18,616 - INFO - Processed: galahad (Level 2)
2025-08-19 13:10:21,139 - INFO - Processed: cognizant (Level 4)
2025-08-19 13:10:23,812 - INFO - Processed: group (Level 1)
2025-08-19 13:10:26,296 - INFO - Processed: essential (Level 4)
2025-08-19 13:10:28,849 - INFO - Processed: symmetric (Level 4)
2025-08-19 13:10:31,530 - INFO - Processed: princess (Level 2)
2025-08-19 13:10:37,342 - INFO - Processed: devout (Level 2)
2025-08-19 13:10:40,322 - INFO - Processed: assimilation (Level 4)
2025-08-19 13:10:42,750 - INFO - Processed: third (Level 1)
2025-08-19 13:10:45,273 - INFO - Processed: deglaciation (Level 4)
2025-08-19 13:10:47,813 - WARNING - No definition found for 'aquilineconfucianism', adding to review list
2025-08-19 13:10:50,556 - INFO - Processed: aquilineconfucianism (Level 5)
2025-08-19 13:10:53,268 - INFO - Processed: contemptible (Level 4)
2025-08-19 13:10:55,810 - INFO - Processed: tennis (Level 2)
2025-08-19 13:10:57,119 - WARNING - No definition found for 'libris', adding to review list
2025-08-19 13:10:58,353 - INFO - Processed: libris (Level 2)
2025-08-19 13:11:00,177 - WARNING - No definition found for 'mischievousbionic', adding to review list
2025-08-19 13:11:01,899 - INFO - Processed: mischievousbionic (Level 5)
2025-08-19 13:11:04,818 - INFO - Processed: consanguine (Level 4)
2025-08-19 13:11:07,948 - INFO - Processed: minivan (Level 1)
2025-08-19 13:11:09,392 - WARNING - No definition found for 'resuscitateretina', adding to review list
2025-08-19 13:11:10,676 - INFO - Processed: resuscitateretina (Level 5)
2025-08-19 13:11:13,233 - INFO - Processed: endure (Level 2)
2025-08-19 13:11:14,499 - WARNING - No definition found for 'tichodrome', adding to review list
2025-08-19 13:11:16,037 - INFO - Processed: tichodrome (Level 4)
2025-08-19 13:11:18,465 - INFO - Processed: honeybee (Level 3)
2025-08-19 13:11:19,781 - WARNING - No definition found for 'rescissiblereveille', adding to review list
2025-08-19 13:11:20,987 - INFO - Processed: rescissiblereveille (Level 5)
2025-08-19 13:11:23,384 - INFO - Processed: nacho (Level 1)
2025-08-19 13:11:25,817 - INFO - Processed: please (Level 2)
2025-08-19 13:11:28,868 - INFO - Processed: invasions (Level 2)
2025-08-19 13:11:31,660 - INFO - Processed: patronize (Level 3)
2025-08-19 13:11:34,137 - INFO - Processed: elevator (Level 4)
2025-08-19 13:11:36,596 - INFO - Processed: performance (Level 4)
2025-08-19 13:11:40,203 - INFO - Processed: stevedore (Level 4)
2025-08-19 13:11:41,549 - WARNING - No definition found for 'alleluiatic', adding to review list
2025-08-19 13:11:43,562 - INFO - Processed: alleluiatic (Level 4)
2025-08-19 13:11:45,930 - WARNING - No definition found for 'ojibwa', adding to review list
2025-08-19 13:11:47,206 - INFO - Processed: ojibwa (Level 2)
2025-08-19 13:11:50,073 - INFO - Processed: memorandum (Level 4)
2025-08-19 13:11:53,746 - INFO - Processed: raclette (Level 4)
2025-08-19 13:11:54,983 - WARNING - No definition found for 'boniface', adding to review list
2025-08-19 13:11:56,689 - INFO - Processed: boniface (Level 4)
2025-08-19 13:11:56,783 - INFO - Checkpoint saved: 1500 words
2025-08-19 13:11:56,783 - INFO - Checkpoint saved after batch 15
2025-08-19 13:11:56,783 - INFO - Processing batch 16 (1501-1600 of 10114)
2025-08-19 13:12:00,166 - INFO - Processed: ante (Level 1)
2025-08-19 13:12:02,846 - INFO - Processed: parts (Level 1)
2025-08-19 13:12:05,340 - INFO - Processed: buccal (Level 2)
2025-08-19 13:12:06,607 - WARNING - No definition found for 'catjang', adding to review list
2025-08-19 13:12:08,568 - INFO - Processed: catjang (Level 2)
2025-08-19 13:12:10,745 - WARNING - No definition found for 'risibility', adding to review list
2025-08-19 13:12:12,609 - INFO - Processed: risibility (Level 1)
2025-08-19 13:12:15,977 - INFO - Processed: quinary (Level 2)
2025-08-19 13:12:18,989 - INFO - Processed: scarlatina (Level 4)
2025-08-19 13:12:21,479 - INFO - Processed: par (Level 1)
2025-08-19 13:12:24,001 - INFO - Processed: emulate (Level 2)
2025-08-19 13:12:26,629 - INFO - Processed: larceny (Level 2)
2025-08-19 13:12:31,053 - INFO - Processed: clarinet (Level 4)
2025-08-19 13:12:33,451 - INFO - Processed: transcend (Level 4)
2025-08-19 13:12:34,643 - WARNING - No definition found for 'vue', adding to review list
2025-08-19 13:12:36,416 - INFO - Processed: vue (Level 1)
2025-08-19 13:12:39,755 - INFO - Processed: hessian (Level 2)
2025-08-19 13:12:42,245 - INFO - Processed: umbilical (Level 4)
2025-08-19 13:12:44,656 - INFO - Processed: obfuscate (Level 3)
2025-08-19 13:12:47,168 - INFO - Processed: remorseful (Level 4)
2025-08-19 13:12:48,534 - WARNING - No definition found for 'squawl', adding to review list
2025-08-19 13:12:49,861 - INFO - Processed: squawl (Level 2)
2025-08-19 13:12:52,446 - INFO - Processed: isle (Level 1)
2025-08-19 13:12:55,379 - INFO - Processed: contusion (Level 4)
2025-08-19 13:12:57,810 - INFO - Processed: simple (Level 2)
2025-08-19 13:13:02,485 - INFO - Processed: although (Level 4)
2025-08-19 13:13:05,360 - INFO - Processed: iron (Level 1)
2025-08-19 13:13:08,791 - INFO - Processed: ecotourism (Level 1)
2025-08-19 13:13:13,014 - INFO - Processed: pelisse (Level 2)
2025-08-19 13:13:15,954 - INFO - Processed: telling (Level 2)
2025-08-19 13:13:17,159 - WARNING - No definition found for 'scandinavia', adding to review list
2025-08-19 13:13:18,400 - INFO - Processed: scandinavia (Level 3)
2025-08-19 13:13:19,591 - WARNING - No definition found for 'nicoise', adding to review list
2025-08-19 13:13:20,829 - INFO - Processed: nicoise (Level 2)
2025-08-19 13:13:23,313 - INFO - Processed: yellowfin (Level 2)
2025-08-19 13:13:26,029 - INFO - Processed: volition (Level 4)
2025-08-19 13:13:28,758 - INFO - Processed: connoisseur (Level 4)
2025-08-19 13:13:31,202 - INFO - Processed: expand (Level 2)
2025-08-19 13:13:33,856 - INFO - Processed: admit (Level 1)
2025-08-19 13:13:35,041 - WARNING - No definition found for 'azedarach', adding to review list
2025-08-19 13:13:36,295 - INFO - Processed: azedarach (Level 1)
2025-08-19 13:13:37,598 - WARNING - No definition found for 'grotesqueness', adding to review list
2025-08-19 13:13:38,849 - INFO - Processed: grotesqueness (Level 4)
2025-08-19 13:13:41,467 - INFO - Processed: possess (Level 2)
2025-08-19 13:13:43,894 - INFO - Processed: plague (Level 2)
2025-08-19 13:13:46,942 - INFO - Processed: choreographer (Level 4)
2025-08-19 13:13:49,524 - INFO - Processed: auspices (Level 4)
2025-08-19 13:13:53,282 - INFO - Processed: ossuary (Level 2)
2025-08-19 13:13:55,775 - INFO - Processed: climb (Level 1)
2025-08-19 13:13:58,220 - INFO - Processed: cavity (Level 2)
2025-08-19 13:14:00,806 - INFO - Processed: custard (Level 2)
2025-08-19 13:14:03,173 - INFO - Processed: phlebotomy (Level 4)
2025-08-19 13:14:05,746 - INFO - Processed: renowned (Level 2)
2025-08-19 13:14:08,220 - INFO - Processed: whiskers (Level 2)
2025-08-19 13:14:11,336 - INFO - Processed: upshot (Level 2)
2025-08-19 13:14:14,267 - INFO - Processed: bunions (Level 2)
2025-08-19 13:14:17,166 - INFO - Processed: sure (Level 1)
2025-08-19 13:14:20,993 - INFO - Processed: innards (Level 2)
2025-08-19 13:14:23,654 - INFO - Processed: curve (Level 1)
2025-08-19 13:14:26,161 - INFO - Processed: pusillanimous (Level 2)
2025-08-19 13:14:28,874 - INFO - Processed: emerge (Level 2)
2025-08-19 13:14:31,509 - INFO - Processed: written (Level 2)
2025-08-19 13:14:34,543 - INFO - Processed: might (Level 1)
2025-08-19 13:14:37,053 - INFO - Processed: delta (Level 1)
2025-08-19 13:14:39,781 - INFO - Processed: business (Level 3)
2025-08-19 13:14:42,446 - INFO - Processed: heresy (Level 2)
2025-08-19 13:14:46,409 - INFO - Processed: fluency (Level 2)
2025-08-19 13:14:49,454 - INFO - Processed: scanner (Level 2)
2025-08-19 13:14:52,180 - INFO - Processed: lot (Level 1)
2025-08-19 13:14:54,636 - INFO - Processed: wealthy (Level 2)
2025-08-19 13:14:57,148 - INFO - Processed: chimney (Level 1)
2025-08-19 13:15:00,624 - INFO - Processed: stumped (Level 2)
2025-08-19 13:15:02,049 - WARNING - No definition found for 'motherumbung', adding to review list
2025-08-19 13:15:03,570 - INFO - Processed: motherumbung (Level 4)
2025-08-19 13:15:04,730 - WARNING - No definition found for 'london', adding to review list
2025-08-19 13:15:05,997 - INFO - Processed: london (Level 2)
2025-08-19 13:15:08,523 - INFO - Processed: peaceful (Level 3)
2025-08-19 13:15:11,312 - INFO - Processed: menial (Level 2)
2025-08-19 13:15:14,038 - INFO - Processed: emolument (Level 4)
2025-08-19 13:15:17,016 - INFO - Processed: capsaicin (Level 2)
2025-08-19 13:15:20,214 - INFO - Processed: skeuomorph (Level 3)
2025-08-19 13:15:21,544 - WARNING - No definition found for 'bunsen', adding to review list
2025-08-19 13:15:22,798 - INFO - Processed: bunsen (Level 2)
2025-08-19 13:15:25,297 - INFO - Processed: reprieve (Level 4)
2025-08-19 13:15:27,753 - INFO - Processed: convalesce (Level 1)
2025-08-19 13:15:30,635 - INFO - Processed: pinioned (Level 2)
2025-08-19 13:15:31,935 - WARNING - No definition found for 'romeo', adding to review list
2025-08-19 13:15:33,283 - INFO - Processed: romeo (Level 1)
2025-08-19 13:15:35,900 - INFO - Processed: noctambulist (Level 4)
2025-08-19 13:15:38,708 - INFO - Processed: neologism (Level 1)
2025-08-19 13:15:41,144 - INFO - Processed: tangible (Level 2)
2025-08-19 13:15:43,659 - INFO - Processed: participants (Level 4)
2025-08-19 13:15:46,494 - INFO - Processed: yearn (Level 1)
2025-08-19 13:15:49,440 - INFO - Processed: sabotage (Level 3)
2025-08-19 13:15:51,963 - INFO - Processed: primordial (Level 2)
2025-08-19 13:15:54,486 - INFO - Processed: dietetic (Level 4)
2025-08-19 13:15:55,773 - WARNING - No definition found for 'hydrargyrum', adding to review list
2025-08-19 13:15:56,994 - INFO - Processed: hydrargyrum (Level 2)
2025-08-19 13:15:59,707 - INFO - Processed: verandas (Level 1)
2025-08-19 13:16:01,585 - WARNING - No definition found for 'agrypnia', adding to review list
2025-08-19 13:16:03,403 - INFO - Processed: agrypnia (Level 4)
2025-08-19 13:16:05,832 - INFO - Processed: sieve (Level 1)
2025-08-19 13:16:08,560 - INFO - Processed: city (Level 1)
2025-08-19 13:16:10,338 - WARNING - No definition found for 'yawmeter', adding to review list
2025-08-19 13:16:12,009 - INFO - Processed: yawmeter (Level 4)
2025-08-19 13:16:14,686 - INFO - Processed: inscription (Level 4)
2025-08-19 13:16:17,666 - INFO - Processed: grissino (Level 4)
2025-08-19 13:16:20,158 - INFO - Processed: aspidistra (Level 4)
2025-08-19 13:16:21,472 - WARNING - No definition found for 'inerrancy', adding to review list
2025-08-19 13:16:22,695 - INFO - Processed: inerrancy (Level 4)
2025-08-19 13:16:25,720 - INFO - Processed: bees (Level 1)
2025-08-19 13:16:28,932 - INFO - Processed: accurate (Level 3)
2025-08-19 13:16:31,721 - INFO - Processed: relief (Level 2)
2025-08-19 13:16:35,765 - INFO - Processed: dotted (Level 2)
2025-08-19 13:16:38,301 - INFO - Processed: mutiny (Level 2)
2025-08-19 13:16:39,839 - WARNING - No definition found for 'postural', adding to review list
2025-08-19 13:16:41,081 - INFO - Processed: postural (Level 4)
2025-08-19 13:16:41,192 - INFO - Checkpoint saved: 1600 words
2025-08-19 13:16:41,202 - INFO - Checkpoint saved after batch 16
2025-08-19 13:16:41,202 - INFO - Processing batch 17 (1601-1700 of 10114)
2025-08-19 13:16:42,947 - WARNING - No definition found for 'wootz', adding to review list
2025-08-19 13:16:44,305 - INFO - Processed: wootz (Level 1)
2025-08-19 13:16:46,970 - INFO - Processed: counterclockwise (Level 5)
2025-08-19 13:16:51,655 - INFO - Processed: balsamic (Level 4)
2025-08-19 13:16:54,288 - INFO - Processed: keyboard (Level 4)
2025-08-19 13:16:56,785 - INFO - Processed: shazam (Level 2)
2025-08-19 13:16:58,096 - WARNING - No definition found for 'nescience', adding to review list
2025-08-19 13:16:59,432 - INFO - Processed: nescience (Level 4)
2025-08-19 13:17:03,219 - INFO - Processed: moline (Level 2)
2025-08-19 13:17:04,600 - WARNING - No definition found for 'crockerygauze', adding to review list
2025-08-19 13:17:05,818 - INFO - Processed: crockerygauze (Level 3)
2025-08-19 13:17:08,379 - INFO - Processed: mangonel (Level 4)
2025-08-19 13:17:10,838 - INFO - Processed: surveyed (Level 2)
2025-08-19 13:17:12,094 - WARNING - No definition found for 'recusancy', adding to review list
2025-08-19 13:17:13,711 - INFO - Processed: recusancy (Level 4)
2025-08-19 13:17:16,864 - INFO - Processed: hungrily (Level 3)
2025-08-19 13:17:19,379 - INFO - Processed: coaxing (Level 2)
2025-08-19 13:17:21,964 - INFO - Processed: discoveries (Level 4)
2025-08-19 13:17:24,961 - INFO - Processed: coracle (Level 2)
2025-08-19 13:17:26,321 - WARNING - No definition found for 'senryu', adding to review list
2025-08-19 13:17:27,968 - INFO - Processed: senryu (Level 2)
2025-08-19 13:17:29,258 - WARNING - No definition found for 'grobian', adding to review list
2025-08-19 13:17:30,458 - INFO - Processed: grobian (Level 2)
2025-08-19 13:17:32,997 - INFO - Processed: shortfall (Level 3)
2025-08-19 13:17:35,021 - WARNING - No definition found for 'jai', adding to review list
2025-08-19 13:17:36,415 - INFO - Processed: jai (Level 1)
2025-08-19 13:17:38,026 - WARNING - No definition found for 'rongeur', adding to review list
2025-08-19 13:17:39,285 - INFO - Processed: rongeur (Level 2)
2025-08-19 13:17:42,400 - INFO - Processed: bodhran (Level 1)
2025-08-19 13:17:45,096 - INFO - Processed: slogan (Level 2)
2025-08-19 13:17:48,089 - INFO - Processed: frames (Level 2)
2025-08-19 13:17:50,666 - INFO - Processed: dash (Level 1)
2025-08-19 13:17:53,090 - INFO - Processed: broken (Level 2)
2025-08-19 13:17:54,436 - WARNING - No definition found for 'weald', adding to review list
2025-08-19 13:17:55,676 - INFO - Processed: weald (Level 1)
2025-08-19 13:17:58,105 - INFO - Processed: archives (Level 1)
2025-08-19 13:18:00,894 - INFO - Processed: sitcom (Level 2)
2025-08-19 13:18:05,374 - INFO - Processed: cavalcade (Level 4)
2025-08-19 13:18:08,244 - INFO - Processed: wears (Level 1)
2025-08-19 13:18:11,156 - INFO - Processed: physicists (Level 4)
2025-08-19 13:18:13,633 - INFO - Processed: unfurl (Level 2)
2025-08-19 13:18:16,436 - INFO - Processed: inglenook (Level 4)
2025-08-19 13:18:19,290 - INFO - Processed: islands (Level 2)
2025-08-19 13:18:21,751 - INFO - Processed: bowl (Level 1)
2025-08-19 13:18:24,294 - INFO - Processed: slipshod (Level 1)
2025-08-19 13:18:26,721 - INFO - Processed: pattern (Level 2)
2025-08-19 13:18:32,800 - INFO - Processed: cats (Level 1)
2025-08-19 13:18:35,292 - INFO - Processed: moiety (Level 2)
2025-08-19 13:18:37,988 - INFO - Processed: worse (Level 1)
2025-08-19 13:18:40,729 - INFO - Processed: hard (Level 1)
2025-08-19 13:18:43,535 - INFO - Processed: doxycycline (Level 4)
2025-08-19 13:18:46,135 - INFO - Processed: tinge (Level 1)
2025-08-19 13:18:48,831 - INFO - Processed: element (Level 2)
2025-08-19 13:18:50,171 - WARNING - No definition found for 'tralatitious', adding to review list
2025-08-19 13:18:51,858 - INFO - Processed: tralatitious (Level 3)
2025-08-19 13:18:54,571 - INFO - Processed: pathways (Level 4)
2025-08-19 13:18:57,437 - INFO - Processed: gazette (Level 2)
2025-08-19 13:18:59,926 - INFO - Processed: tabasco (Level 1)
2025-08-19 13:19:02,876 - INFO - Processed: burlap (Level 1)
2025-08-19 13:19:04,189 - WARNING - No definition found for 'spellingdifficulty', adding to review list
2025-08-19 13:19:05,422 - INFO - Processed: spellingdifficulty (Level 5)
2025-08-19 13:19:07,935 - INFO - Processed: detour (Level 2)
2025-08-19 13:19:11,170 - INFO - Processed: policy (Level 2)
2025-08-19 13:19:13,328 - WARNING - No definition found for 'bellatrix', adding to review list
2025-08-19 13:19:14,527 - INFO - Processed: bellatrix (Level 4)
2025-08-19 13:19:17,605 - INFO - Processed: boorish (Level 2)
2025-08-19 13:19:19,280 - WARNING - No definition found for 'quonk', adding to review list
2025-08-19 13:19:20,990 - INFO - Processed: quonk (Level 1)
2025-08-19 13:19:23,616 - INFO - Processed: formation (Level 4)
2025-08-19 13:19:26,804 - INFO - Processed: potion (Level 2)
2025-08-19 13:19:29,420 - INFO - Processed: outcome (Level 2)
2025-08-19 13:19:31,833 - INFO - Processed: ruffian (Level 2)
2025-08-19 13:19:34,500 - INFO - Processed: hypertrophy (Level 4)
2025-08-19 13:19:36,301 - WARNING - No definition found for 'plumassier', adding to review list
2025-08-19 13:19:38,463 - INFO - Processed: plumassier (Level 1)
2025-08-19 13:19:39,716 - WARNING - No definition found for 'flotus', adding to review list
2025-08-19 13:19:40,923 - INFO - Processed: flotus (Level 2)
2025-08-19 13:19:43,768 - INFO - Processed: cringed (Level 2)
2025-08-19 13:19:46,203 - INFO - Processed: tutorial (Level 4)
2025-08-19 13:19:50,327 - INFO - Processed: vanguard (Level 4)
2025-08-19 13:19:52,890 - INFO - Processed: intoxicating (Level 3)
2025-08-19 13:19:55,576 - INFO - Processed: king (Level 1)
2025-08-19 13:19:57,301 - WARNING - No definition found for 'conteur', adding to review list
2025-08-19 13:19:58,540 - INFO - Processed: conteur (Level 2)
2025-08-19 13:20:01,282 - INFO - Processed: benefited (Level 3)
2025-08-19 13:20:04,324 - INFO - Processed: anxiety (Level 2)
2025-08-19 13:20:07,478 - INFO - Processed: impugn (Level 2)
2025-08-19 13:20:09,900 - INFO - Processed: sundae (Level 2)
2025-08-19 13:20:12,845 - INFO - Processed: navigator (Level 2)
2025-08-19 13:20:14,898 - WARNING - No definition found for 'hebrides', adding to review list
2025-08-19 13:20:16,201 - INFO - Processed: hebrides (Level 3)
2025-08-19 13:20:19,443 - INFO - Processed: fisticuffs (Level 3)
2025-08-19 13:20:22,001 - INFO - Processed: perceptible (Level 4)
2025-08-19 13:20:23,236 - WARNING - No definition found for 'hawaiian', adding to review list
2025-08-19 13:20:24,537 - INFO - Processed: hawaiian (Level 4)
2025-08-19 13:20:27,108 - INFO - Processed: tuatara (Level 2)
2025-08-19 13:20:29,805 - INFO - Processed: osmosis (Level 2)
2025-08-19 13:20:32,533 - INFO - Processed: barista (Level 2)
2025-08-19 13:20:36,008 - INFO - Processed: phonetician (Level 4)
2025-08-19 13:20:37,528 - WARNING - No definition found for 'dudley', adding to review list
2025-08-19 13:20:38,797 - INFO - Processed: dudley (Level 2)
2025-08-19 13:20:42,467 - INFO - Processed: rissole (Level 2)
2025-08-19 13:20:44,205 - WARNING - No definition found for 'mooc', adding to review list
2025-08-19 13:20:45,553 - INFO - Processed: mooc (Level 1)
2025-08-19 13:20:48,749 - INFO - Processed: antarctic (Level 1)
2025-08-19 13:20:51,725 - INFO - Processed: hermeneutics (Level 4)
2025-08-19 13:20:54,501 - INFO - Processed: does (Level 1)
2025-08-19 13:20:56,290 - WARNING - No definition found for 'spellingspinosity', adding to review list
2025-08-19 13:20:57,637 - INFO - Processed: spellingspinosity (Level 5)
2025-08-19 13:20:58,921 - WARNING - No definition found for 'dubhe', adding to review list
2025-08-19 13:21:00,204 - INFO - Processed: dubhe (Level 1)
2025-08-19 13:21:01,458 - WARNING - No definition found for 'minestra', adding to review list
2025-08-19 13:21:02,698 - INFO - Processed: minestra (Level 4)
2025-08-19 13:21:05,489 - INFO - Processed: households (Level 4)
2025-08-19 13:21:08,528 - INFO - Processed: definitions (Level 4)
2025-08-19 13:21:12,081 - INFO - Processed: aversion (Level 2)
2025-08-19 13:21:14,486 - INFO - Processed: snivel (Level 2)
2025-08-19 13:21:15,798 - WARNING - No definition found for 'seperadventure', adding to review list
2025-08-19 13:21:17,054 - INFO - Processed: seperadventure (Level 5)
2025-08-19 13:21:19,544 - INFO - Processed: rampage (Level 2)
2025-08-19 13:21:22,146 - INFO - Processed: krewe (Level 1)
2025-08-19 13:21:23,981 - WARNING - No definition found for 'lanolated', adding to review list
2025-08-19 13:21:25,407 - INFO - Processed: lanolated (Level 3)
2025-08-19 13:21:26,688 - WARNING - No definition found for 'nulliusnoun', adding to review list
2025-08-19 13:21:27,892 - INFO - Processed: nulliusnoun (Level 4)
2025-08-19 13:21:30,419 - INFO - Processed: prerogative (Level 4)
2025-08-19 13:21:30,528 - INFO - Checkpoint saved: 1700 words
2025-08-19 13:21:30,528 - INFO - Checkpoint saved after batch 17
2025-08-19 13:21:30,528 - INFO - Processing batch 18 (1701-1800 of 10114)
2025-08-19 13:21:33,006 - INFO - Processed: dedicated (Level 4)
2025-08-19 13:21:35,857 - INFO - Processed: filigree (Level 4)
2025-08-19 13:21:39,210 - WARNING - No definition found for 'cirrhosisbangalore', adding to review list
2025-08-19 13:21:40,420 - INFO - Processed: cirrhosisbangalore (Level 5)
2025-08-19 13:21:42,877 - INFO - Processed: estimate (Level 2)
2025-08-19 13:21:46,937 - INFO - Processed: hook (Level 1)
2025-08-19 13:21:48,661 - WARNING - No definition found for 'spellingcaffeine', adding to review list
2025-08-19 13:21:49,901 - INFO - Processed: spellingcaffeine (Level 5)
2025-08-19 13:21:52,470 - INFO - Processed: largest (Level 2)
2025-08-19 13:21:54,852 - INFO - Processed: successive (Level 4)
2025-08-19 13:21:58,204 - INFO - Processed: red (Level 1)
2025-08-19 13:22:00,044 - WARNING - No definition found for 'agelicism', adding to review list
2025-08-19 13:22:01,289 - INFO - Processed: agelicism (Level 4)
2025-08-19 13:22:03,032 - WARNING - No definition found for 'camarillanidicolous', adding to review list
2025-08-19 13:22:04,314 - INFO - Processed: camarillanidicolous (Level 5)
2025-08-19 13:22:08,063 - INFO - Processed: fragrant (Level 3)
2025-08-19 13:22:09,616 - WARNING - No definition found for 'odin', adding to review list
2025-08-19 13:22:11,401 - INFO - Processed: odin (Level 1)
2025-08-19 13:22:13,299 - WARNING - No definition found for 'languorouslanolated', adding to review list
2025-08-19 13:22:14,534 - INFO - Processed: languorouslanolated (Level 5)
2025-08-19 13:22:17,046 - INFO - Processed: jitney (Level 2)
2025-08-19 13:22:19,552 - INFO - Processed: sambal (Level 2)
2025-08-19 13:22:21,963 - INFO - Processed: coverage (Level 1)
2025-08-19 13:22:24,063 - WARNING - No definition found for 'macedonia', adding to review list
2025-08-19 13:22:25,430 - INFO - Processed: macedonia (Level 3)
2025-08-19 13:22:28,278 - INFO - Processed: caduceus (Level 4)
2025-08-19 13:22:32,388 - INFO - Processed: behold (Level 1)
2025-08-19 13:22:34,062 - WARNING - No definition found for 'wobbulator', adding to review list
2025-08-19 13:22:35,310 - INFO - Processed: wobbulator (Level 4)
2025-08-19 13:22:39,673 - INFO - Processed: dysgraphia (Level 4)
2025-08-19 13:22:42,618 - INFO - Processed: liturgy (Level 2)
2025-08-19 13:22:45,567 - INFO - Processed: weka (Level 1)
2025-08-19 13:22:48,295 - INFO - Processed: let (Level 1)
2025-08-19 13:22:49,465 - WARNING - No definition found for 'competitivelounge', adding to review list
2025-08-19 13:22:51,088 - INFO - Processed: competitivelounge (Level 5)
2025-08-19 13:22:53,903 - INFO - Processed: waiver (Level 2)
2025-08-19 13:22:56,847 - INFO - Processed: jankers (Level 2)
2025-08-19 13:22:58,087 - WARNING - No definition found for 'september', adding to review list
2025-08-19 13:22:59,325 - INFO - Processed: september (Level 4)
2025-08-19 13:23:02,068 - INFO - Processed: usage (Level 1)
2025-08-19 13:23:05,357 - INFO - Processed: eponyms (Level 2)
2025-08-19 13:23:07,990 - INFO - Processed: happenstance (Level 3)
2025-08-19 13:23:10,872 - INFO - Processed: abdomen (Level 2)
2025-08-19 13:23:15,656 - INFO - Processed: recanted (Level 4)
2025-08-19 13:23:18,475 - INFO - Processed: affianced (Level 4)
2025-08-19 13:23:20,920 - INFO - Processed: desolate (Level 4)
2025-08-19 13:23:24,022 - INFO - Processed: harrumph (Level 3)
2025-08-19 13:23:26,859 - WARNING - No definition found for 'jocote', adding to review list
2025-08-19 13:23:28,129 - INFO - Processed: jocote (Level 2)
2025-08-19 13:23:29,433 - WARNING - No definition found for 'coaxation', adding to review list
2025-08-19 13:23:30,636 - INFO - Processed: coaxation (Level 4)
2025-08-19 13:23:34,145 - INFO - Processed: quidnunc (Level 1)
2025-08-19 13:23:37,121 - INFO - Processed: oar (Level 1)
2025-08-19 13:23:40,133 - INFO - Processed: rhubarb (Level 1)
2025-08-19 13:23:43,132 - INFO - Processed: scorpion (Level 3)
2025-08-19 13:23:48,357 - INFO - Processed: caerphilly (Level 4)
2025-08-19 13:23:51,269 - INFO - Processed: delicacy (Level 2)
2025-08-19 13:23:53,835 - INFO - Processed: gaucho (Level 2)
2025-08-19 13:23:56,335 - INFO - Processed: trifecta (Level 1)
2025-08-19 13:23:58,898 - INFO - Processed: giant (Level 1)
2025-08-19 13:24:02,015 - INFO - Processed: gargle (Level 2)
2025-08-19 13:24:03,383 - WARNING - No definition found for 'opponency', adding to review list
2025-08-19 13:24:05,007 - INFO - Processed: opponency (Level 3)
2025-08-19 13:24:07,993 - INFO - Processed: malignant (Level 3)
2025-08-19 13:24:10,496 - INFO - Processed: svengali (Level 4)
2025-08-19 13:24:14,156 - INFO - Processed: impolite (Level 2)
2025-08-19 13:24:17,141 - INFO - Processed: greasy (Level 2)
2025-08-19 13:24:18,881 - WARNING - No definition found for 'abnegationbeguile', adding to review list
2025-08-19 13:24:20,098 - INFO - Processed: abnegationbeguile (Level 5)
2025-08-19 13:24:21,835 - WARNING - No definition found for 'sailage', adding to review list
2025-08-19 13:24:23,364 - INFO - Processed: sailage (Level 2)
2025-08-19 13:24:25,792 - INFO - Processed: tuition (Level 2)
2025-08-19 13:24:28,278 - INFO - Processed: harbour (Level 2)
2025-08-19 13:24:31,058 - INFO - Processed: cartilage (Level 4)
2025-08-19 13:24:34,002 - INFO - Processed: suffused (Level 1)
2025-08-19 13:24:36,805 - INFO - Processed: cream (Level 1)
2025-08-19 13:24:39,741 - INFO - Processed: receptacle (Level 2)
2025-08-19 13:24:41,974 - WARNING - No definition found for 'mullioned', adding to review list
2025-08-19 13:24:43,254 - INFO - Processed: mullioned (Level 3)
2025-08-19 13:24:45,722 - INFO - Processed: sewing (Level 2)
2025-08-19 13:24:48,088 - INFO - Processed: bugaboo (Level 2)
2025-08-19 13:24:51,045 - INFO - Processed: idyllic (Level 2)
2025-08-19 13:24:53,869 - INFO - Processed: duress (Level 2)
2025-08-19 13:24:57,697 - INFO - Processed: nutation (Level 4)
2025-08-19 13:25:00,164 - INFO - Processed: borough (Level 2)
2025-08-19 13:25:02,750 - INFO - Processed: propound (Level 2)
2025-08-19 13:25:05,391 - INFO - Processed: debilitate (Level 4)
2025-08-19 13:25:08,105 - INFO - Processed: urticaria (Level 2)
2025-08-19 13:25:11,134 - INFO - Processed: baptismal (Level 4)
2025-08-19 13:25:12,418 - WARNING - No definition found for 'faire', adding to review list
2025-08-19 13:25:13,643 - INFO - Processed: faire (Level 1)
2025-08-19 13:25:15,097 - WARNING - No definition found for 'lemniscus', adding to review list
2025-08-19 13:25:17,244 - INFO - Processed: lemniscus (Level 4)
2025-08-19 13:25:18,995 - WARNING - No definition found for 'sais', adding to review list
2025-08-19 13:25:20,461 - INFO - Processed: sais (Level 1)
2025-08-19 13:25:23,203 - INFO - Processed: farouche (Level 4)
2025-08-19 13:25:24,469 - WARNING - No definition found for 'collegialityinclement', adding to review list
2025-08-19 13:25:25,664 - INFO - Processed: collegialityinclement (Level 5)
2025-08-19 13:25:29,082 - INFO - Processed: somatotype (Level 4)
2025-08-19 13:25:31,775 - INFO - Processed: membership (Level 3)
2025-08-19 13:25:34,536 - INFO - Processed: boulevardier (Level 4)
2025-08-19 13:25:36,477 - WARNING - No definition found for 'gardenesque', adding to review list
2025-08-19 13:25:38,090 - INFO - Processed: gardenesque (Level 4)
2025-08-19 13:25:41,055 - INFO - Processed: consonant (Level 4)
2025-08-19 13:25:43,859 - INFO - Processed: skip (Level 1)
2025-08-19 13:25:46,412 - INFO - Processed: freight (Level 2)
2025-08-19 13:25:49,908 - INFO - Processed: debunk (Level 2)
2025-08-19 13:25:52,949 - INFO - Processed: primeval (Level 4)
2025-08-19 13:25:54,641 - WARNING - No definition found for 'shute', adding to review list
2025-08-19 13:25:55,913 - INFO - Processed: shute (Level 1)
2025-08-19 13:25:58,354 - INFO - Processed: security (Level 1)
2025-08-19 13:26:01,536 - INFO - Processed: princely (Level 4)
2025-08-19 13:26:04,442 - INFO - Processed: errata (Level 2)
2025-08-19 13:26:06,223 - WARNING - No definition found for 'aretalogy', adding to review list
2025-08-19 13:26:07,461 - INFO - Processed: aretalogy (Level 4)
2025-08-19 13:26:09,965 - INFO - Processed: original (Level 4)
2025-08-19 13:26:12,427 - INFO - Processed: trunk (Level 1)
2025-08-19 13:26:14,982 - INFO - Processed: knack (Level 1)
2025-08-19 13:26:18,418 - INFO - Processed: locavore (Level 4)
2025-08-19 13:26:19,702 - WARNING - No definition found for 'beethovenian', adding to review list
2025-08-19 13:26:21,423 - INFO - Processed: beethovenian (Level 3)
2025-08-19 13:26:23,949 - INFO - Processed: spirulina (Level 4)
2025-08-19 13:26:25,201 - WARNING - No definition found for 'verylast', adding to review list
2025-08-19 13:26:26,487 - INFO - Processed: verylast (Level 2)
2025-08-19 13:26:27,888 - WARNING - No definition found for 'pris', adding to review list
2025-08-19 13:26:31,345 - INFO - Processed: pris (Level 1)
2025-08-19 13:26:31,467 - INFO - Checkpoint saved: 1800 words
2025-08-19 13:26:31,467 - INFO - Checkpoint saved after batch 18
2025-08-19 13:26:31,467 - INFO - Processing batch 19 (1801-1900 of 10114)
2025-08-19 13:26:33,961 - INFO - Processed: prior (Level 1)
2025-08-19 13:26:36,372 - INFO - Processed: sighed (Level 2)
2025-08-19 13:26:38,037 - WARNING - No definition found for 'halifax', adding to review list
2025-08-19 13:26:39,523 - INFO - Processed: halifax (Level 2)
2025-08-19 13:26:41,293 - WARNING - No definition found for 'jahiliya', adding to review list
2025-08-19 13:26:42,939 - INFO - Processed: jahiliya (Level 4)
2025-08-19 13:26:45,431 - INFO - Processed: goosander (Level 3)
2025-08-19 13:26:47,882 - INFO - Processed: circumscribe (Level 2)
2025-08-19 13:26:50,351 - INFO - Processed: jam (Level 1)
2025-08-19 13:26:53,659 - INFO - Processed: glazed (Level 2)
2025-08-19 13:26:56,751 - INFO - Processed: intersection (Level 4)
2025-08-19 13:26:59,850 - INFO - Processed: commits (Level 2)
2025-08-19 13:27:03,017 - INFO - Processed: calenture (Level 4)
2025-08-19 13:27:05,590 - INFO - Processed: zugzwang (Level 4)
2025-08-19 13:27:08,296 - INFO - Processed: crease (Level 2)
2025-08-19 13:27:11,716 - INFO - Processed: electric (Level 4)
2025-08-19 13:27:14,255 - INFO - Processed: tangents (Level 2)
2025-08-19 13:27:15,987 - WARNING - No definition found for 'palamino', adding to review list
2025-08-19 13:27:17,479 - INFO - Processed: palamino (Level 3)
2025-08-19 13:27:21,006 - INFO - Processed: boiserie (Level 4)
2025-08-19 13:27:23,680 - INFO - Processed: wow (Level 1)
2025-08-19 13:27:27,667 - INFO - Processed: following (Level 4)
2025-08-19 13:27:31,193 - INFO - Processed: airwaves (Level 4)
2025-08-19 13:27:32,977 - WARNING - No definition found for 'trillado', adding to review list
2025-08-19 13:27:34,812 - INFO - Processed: trillado (Level 4)
2025-08-19 13:27:37,491 - INFO - Processed: avatar (Level 2)
2025-08-19 13:27:38,809 - WARNING - No definition found for 'budgereegah', adding to review list
2025-08-19 13:27:40,423 - INFO - Processed: budgereegah (Level 3)
2025-08-19 13:27:41,676 - WARNING - No definition found for 'pembroke', adding to review list
2025-08-19 13:27:42,884 - INFO - Processed: pembroke (Level 2)
2025-08-19 13:27:46,115 - INFO - Processed: ataxia (Level 2)
2025-08-19 13:27:49,302 - INFO - Processed: deliquesce (Level 4)
2025-08-19 13:27:51,816 - INFO - Processed: decibels (Level 3)
2025-08-19 13:27:54,230 - INFO - Processed: behind (Level 2)
2025-08-19 13:27:57,247 - INFO - Processed: harmattan (Level 2)
2025-08-19 13:27:58,791 - WARNING - No definition found for 'fineday', adding to review list
2025-08-19 13:28:01,021 - INFO - Processed: fineday (Level 2)
2025-08-19 13:28:02,284 - WARNING - No definition found for 'teneramente', adding to review list
2025-08-19 13:28:03,525 - INFO - Processed: teneramente (Level 4)
2025-08-19 13:28:06,219 - INFO - Processed: recognition (Level 4)
2025-08-19 13:28:07,974 - WARNING - No definition found for 'phobos', adding to review list
2025-08-19 13:28:09,323 - INFO - Processed: phobos (Level 2)
2025-08-19 13:28:12,455 - INFO - Processed: abhorrence (Level 3)
2025-08-19 13:28:15,576 - INFO - Processed: megrims (Level 2)
2025-08-19 13:28:18,257 - INFO - Processed: cheer (Level 1)
2025-08-19 13:28:21,263 - INFO - Processed: ottoman (Level 2)
2025-08-19 13:28:23,678 - INFO - Processed: stall (Level 1)
2025-08-19 13:28:26,218 - INFO - Processed: travel (Level 2)
2025-08-19 13:28:27,527 - WARNING - No definition found for 'ficusagelicism', adding to review list
2025-08-19 13:28:28,762 - INFO - Processed: ficusagelicism (Level 5)
2025-08-19 13:28:30,653 - WARNING - No definition found for 'kitchendifficulty', adding to review list
2025-08-19 13:28:32,109 - INFO - Processed: kitchendifficulty (Level 5)
2025-08-19 13:28:35,152 - INFO - Processed: parochial (Level 4)
2025-08-19 13:28:38,532 - INFO - Processed: poblano (Level 2)
2025-08-19 13:28:41,512 - INFO - Processed: taxicab (Level 2)
2025-08-19 13:28:44,786 - INFO - Processed: symbolizes (Level 4)
2025-08-19 13:28:47,764 - INFO - Processed: dhurrie (Level 2)
2025-08-19 13:28:50,208 - INFO - Processed: calefacient (Level 3)
2025-08-19 13:28:52,730 - INFO - Processed: retinol (Level 2)
2025-08-19 13:28:55,222 - INFO - Processed: wheedling (Level 4)
2025-08-19 13:28:57,720 - INFO - Processed: speller (Level 2)
2025-08-19 13:29:00,292 - INFO - Processed: imposter (Level 1)
2025-08-19 13:29:02,824 - INFO - Processed: hokum (Level 1)
2025-08-19 13:29:05,253 - INFO - Processed: offspring (Level 2)
2025-08-19 13:29:07,733 - INFO - Processed: ointment (Level 4)
2025-08-19 13:29:10,158 - INFO - Processed: giraffe (Level 2)
2025-08-19 13:29:13,119 - INFO - Processed: modesty (Level 2)
2025-08-19 13:29:15,612 - INFO - Processed: gemstone (Level 3)
2025-08-19 13:29:18,150 - INFO - Processed: wreaked (Level 2)
2025-08-19 13:29:20,814 - INFO - Processed: percent (Level 2)
2025-08-19 13:29:23,415 - INFO - Processed: alienate (Level 4)
2025-08-19 13:29:26,634 - INFO - Processed: ingenuous (Level 4)
2025-08-19 13:29:29,057 - INFO - Processed: leave (Level 1)
2025-08-19 13:29:30,329 - WARNING - No definition found for 'versiera', adding to review list
2025-08-19 13:29:31,578 - INFO - Processed: versiera (Level 4)
2025-08-19 13:29:34,685 - INFO - Processed: unabridged (Level 4)
2025-08-19 13:29:36,438 - WARNING - No definition found for 'fatuously', adding to review list
2025-08-19 13:29:37,749 - INFO - Processed: fatuously (Level 4)
2025-08-19 13:29:40,796 - INFO - Processed: diaphanous (Level 4)
2025-08-19 13:29:43,726 - INFO - Processed: apiary (Level 2)
2025-08-19 13:29:47,064 - INFO - Processed: antlers (Level 2)
2025-08-19 13:29:49,821 - INFO - Processed: seventh (Level 2)
2025-08-19 13:29:53,693 - INFO - Processed: lymphoma (Level 3)
2025-08-19 13:29:57,047 - INFO - Processed: files (Level 1)
2025-08-19 13:30:00,025 - INFO - Processed: doubloons (Level 2)
2025-08-19 13:30:02,531 - INFO - Processed: reflects (Level 4)
2025-08-19 13:30:04,993 - INFO - Processed: hand (Level 1)
2025-08-19 13:30:07,969 - INFO - Processed: binary (Level 2)
2025-08-19 13:30:10,465 - INFO - Processed: consecrate (Level 4)
2025-08-19 13:30:11,744 - WARNING - No definition found for 'papeterie', adding to review list
2025-08-19 13:30:13,078 - INFO - Processed: papeterie (Level 2)
2025-08-19 13:30:15,606 - INFO - Processed: gluttonous (Level 4)
2025-08-19 13:30:18,476 - INFO - Processed: drawl (Level 1)
2025-08-19 13:30:20,207 - WARNING - No definition found for 'solemnzealous', adding to review list
2025-08-19 13:30:21,427 - INFO - Processed: solemnzealous (Level 2)
2025-08-19 13:30:23,914 - INFO - Processed: bouquet (Level 2)
2025-08-19 13:30:26,680 - INFO - Processed: mathematical (Level 4)
2025-08-19 13:30:29,648 - INFO - Processed: glittery (Level 3)
2025-08-19 13:30:32,310 - INFO - Processed: talisman (Level 4)
2025-08-19 13:30:33,510 - WARNING - No definition found for 'kwon', adding to review list
2025-08-19 13:30:34,734 - INFO - Processed: kwon (Level 1)
2025-08-19 13:30:37,432 - INFO - Processed: nominal (Level 2)
2025-08-19 13:30:40,440 - INFO - Processed: isms (Level 1)
2025-08-19 13:30:43,731 - INFO - Processed: techie (Level 2)
2025-08-19 13:30:46,413 - INFO - Processed: investigation (Level 2)
2025-08-19 13:30:48,810 - INFO - Processed: manacle (Level 2)
2025-08-19 13:30:50,127 - WARNING - No definition found for 'braeburn', adding to review list
2025-08-19 13:30:51,332 - INFO - Processed: braeburn (Level 4)
2025-08-19 13:30:53,898 - INFO - Processed: otiose (Level 2)
2025-08-19 13:30:56,396 - INFO - Processed: welsh (Level 1)
2025-08-19 13:30:57,697 - WARNING - No definition found for 'avgolemono', adding to review list
2025-08-19 13:30:58,915 - INFO - Processed: avgolemono (Level 4)
2025-08-19 13:31:01,816 - INFO - Processed: morion (Level 2)
2025-08-19 13:31:04,358 - INFO - Processed: juncture (Level 1)
2025-08-19 13:31:07,338 - INFO - Processed: dactylic (Level 4)
2025-08-19 13:31:09,872 - INFO - Processed: distinctive (Level 4)
2025-08-19 13:31:12,288 - INFO - Processed: factoid (Level 2)
2025-08-19 13:31:14,808 - INFO - Processed: kindred (Level 2)
2025-08-19 13:31:14,918 - INFO - Checkpoint saved: 1900 words
2025-08-19 13:31:14,918 - INFO - Checkpoint saved after batch 19
2025-08-19 13:31:14,918 - INFO - Processing batch 20 (1901-2000 of 10114)
2025-08-19 13:31:16,233 - WARNING - No definition found for 'nigeria', adding to review list
2025-08-19 13:31:17,456 - INFO - Processed: nigeria (Level 2)
2025-08-19 13:31:20,174 - INFO - Processed: water (Level 1)
2025-08-19 13:31:23,083 - INFO - Processed: runs (Level 1)
2025-08-19 13:31:25,621 - INFO - Processed: emeritus (Level 4)
2025-08-19 13:31:27,435 - WARNING - No definition found for 'chernobyl', adding to review list
2025-08-19 13:31:28,620 - INFO - Processed: chernobyl (Level 4)
2025-08-19 13:31:31,404 - INFO - Processed: ambiguity (Level 4)
2025-08-19 13:31:34,484 - INFO - Processed: divestiture (Level 4)
2025-08-19 13:31:37,010 - INFO - Processed: firkin (Level 2)
2025-08-19 13:31:38,300 - WARNING - No definition found for 'ozonenoun', adding to review list
2025-08-19 13:31:39,539 - INFO - Processed: ozonenoun (Level 3)
2025-08-19 13:31:41,960 - INFO - Processed: guardian (Level 3)
2025-08-19 13:31:45,605 - INFO - Processed: zaibatsu (Level 4)
2025-08-19 13:31:47,044 - WARNING - No definition found for 'steenkirk', adding to review list
2025-08-19 13:31:48,269 - INFO - Processed: steenkirk (Level 4)
2025-08-19 13:31:49,591 - WARNING - No definition found for 'sangamon', adding to review list
2025-08-19 13:31:50,780 - INFO - Processed: sangamon (Level 4)
2025-08-19 13:31:53,290 - INFO - Processed: integument (Level 4)
2025-08-19 13:31:55,682 - INFO - Processed: criminal (Level 4)
2025-08-19 13:31:58,685 - INFO - Processed: phalanges (Level 3)
2025-08-19 13:32:01,834 - INFO - Processed: fanged (Level 2)
2025-08-19 13:32:04,517 - INFO - Processed: sauerkraut (Level 4)
2025-08-19 13:32:07,487 - INFO - Processed: tautology (Level 2)
2025-08-19 13:32:10,013 - INFO - Processed: include (Level 2)
2025-08-19 13:32:12,426 - INFO - Processed: earmark (Level 2)
2025-08-19 13:32:13,684 - WARNING - No definition found for 'christopher', adding to review list
2025-08-19 13:32:14,893 - INFO - Processed: christopher (Level 2)
2025-08-19 13:32:16,163 - WARNING - No definition found for 'pocus', adding to review list
2025-08-19 13:32:17,392 - INFO - Processed: pocus (Level 1)
2025-08-19 13:32:19,749 - INFO - Processed: straightforward (Level 5)
2025-08-19 13:32:22,195 - INFO - Processed: preamble (Level 1)
2025-08-19 13:32:24,731 - INFO - Processed: confiscated (Level 4)
2025-08-19 13:32:27,424 - INFO - Processed: imperator (Level 4)
2025-08-19 13:32:30,183 - INFO - Processed: complicit (Level 2)
2025-08-19 13:32:32,742 - INFO - Processed: innovator (Level 3)
2025-08-19 13:32:36,245 - INFO - Processed: garniture (Level 4)
2025-08-19 13:32:37,944 - WARNING - No definition found for 'miranda', adding to review list
2025-08-19 13:32:39,243 - INFO - Processed: miranda (Level 2)
2025-08-19 13:32:42,909 - INFO - Processed: joinery (Level 2)
2025-08-19 13:32:45,523 - INFO - Processed: indict (Level 2)
2025-08-19 13:32:48,942 - WARNING - No definition found for 'temerityegress', adding to review list
2025-08-19 13:32:50,163 - INFO - Processed: temerityegress (Level 5)
2025-08-19 13:32:51,420 - WARNING - No definition found for 'pruners', adding to review list
2025-08-19 13:32:52,933 - INFO - Processed: pruners (Level 1)
2025-08-19 13:32:55,367 - INFO - Processed: alpaca (Level 2)
2025-08-19 13:32:59,803 - INFO - Processed: astringent (Level 4)
2025-08-19 13:33:02,462 - INFO - Processed: married (Level 2)
2025-08-19 13:33:04,875 - INFO - Processed: shake (Level 1)
2025-08-19 13:33:07,831 - INFO - Processed: mordant (Level 2)
2025-08-19 13:33:10,714 - INFO - Processed: having (Level 2)
2025-08-19 13:33:13,220 - INFO - Processed: daresay (Level 2)
2025-08-19 13:33:15,790 - INFO - Processed: incarnadine (Level 2)
2025-08-19 13:33:17,090 - WARNING - No definition found for 'surmountable', adding to review list
2025-08-19 13:33:18,303 - INFO - Processed: surmountable (Level 4)
2025-08-19 13:33:20,834 - INFO - Processed: finial (Level 2)
2025-08-19 13:33:22,183 - WARNING - No definition found for 'maryland', adding to review list
2025-08-19 13:33:23,458 - INFO - Processed: maryland (Level 3)
2025-08-19 13:33:26,082 - INFO - Processed: ogre (Level 1)
2025-08-19 13:33:28,713 - INFO - Processed: quiz (Level 1)
2025-08-19 13:33:31,278 - INFO - Processed: candles (Level 1)
2025-08-19 13:33:32,808 - WARNING - No definition found for 'luddite', adding to review list
2025-08-19 13:33:34,626 - INFO - Processed: luddite (Level 2)
2025-08-19 13:33:37,153 - INFO - Processed: occupy (Level 2)
2025-08-19 13:33:39,643 - INFO - Processed: smaller (Level 2)
2025-08-19 13:33:43,521 - INFO - Processed: anhinga (Level 2)
2025-08-19 13:33:46,097 - INFO - Processed: professes (Level 4)
2025-08-19 13:33:49,033 - INFO - Processed: catechism (Level 4)
2025-08-19 13:33:51,749 - INFO - Processed: acoustic (Level 4)
2025-08-19 13:33:53,081 - WARNING - No definition found for 'ministrationsracketeer', adding to review list
2025-08-19 13:33:54,363 - INFO - Processed: ministrationsracketeer (Level 5)
2025-08-19 13:33:56,729 - INFO - Processed: submitted (Level 4)
2025-08-19 13:33:59,426 - INFO - Processed: newton (Level 2)
2025-08-19 13:34:02,528 - INFO - Processed: cultures (Level 4)
2025-08-19 13:34:05,129 - INFO - Processed: benison (Level 2)
2025-08-19 13:34:06,539 - WARNING - No definition found for 'cushag', adding to review list
2025-08-19 13:34:07,746 - INFO - Processed: cushag (Level 2)
2025-08-19 13:34:10,192 - INFO - Processed: district (Level 4)
2025-08-19 13:34:11,366 - WARNING - No definition found for 'disneyfication', adding to review list
2025-08-19 13:34:12,998 - INFO - Processed: disneyfication (Level 5)
2025-08-19 13:34:15,525 - INFO - Processed: suet (Level 1)
2025-08-19 13:34:18,600 - INFO - Processed: centrally (Level 3)
2025-08-19 13:34:20,997 - INFO - Processed: stubborn (Level 3)
2025-08-19 13:34:24,222 - INFO - Processed: crouched (Level 2)
2025-08-19 13:34:27,684 - INFO - Processed: skerrick (Level 3)
2025-08-19 13:34:28,990 - WARNING - No definition found for 'unchristened', adding to review list
2025-08-19 13:34:30,789 - INFO - Processed: unchristened (Level 4)
2025-08-19 13:34:33,206 - INFO - Processed: epsilon (Level 2)
2025-08-19 13:34:36,167 - INFO - Processed: foothills (Level 3)
2025-08-19 13:34:38,623 - INFO - Processed: accent (Level 2)
2025-08-19 13:34:41,610 - INFO - Processed: leash (Level 1)
2025-08-19 13:34:44,156 - INFO - Processed: troop (Level 1)
2025-08-19 13:34:45,452 - WARNING - No definition found for 'upanishads', adding to review list
2025-08-19 13:34:46,659 - INFO - Processed: upanishads (Level 2)
2025-08-19 13:34:49,168 - INFO - Processed: arbitrary (Level 4)
2025-08-19 13:34:51,546 - INFO - Processed: huge (Level 1)
2025-08-19 13:34:53,980 - INFO - Processed: tiff (Level 1)
2025-08-19 13:34:56,510 - INFO - Processed: perquisite (Level 4)
2025-08-19 13:34:58,914 - INFO - Processed: abeyance (Level 3)
2025-08-19 13:35:01,517 - INFO - Processed: yippee (Level 2)
2025-08-19 13:35:06,595 - INFO - Processed: hoarse (Level 2)
2025-08-19 13:35:09,018 - INFO - Processed: spoken (Level 2)
2025-08-19 13:35:11,968 - INFO - Processed: cyclone (Level 2)
2025-08-19 13:35:14,676 - INFO - Processed: proposal (Level 4)
2025-08-19 13:35:19,524 - INFO - Processed: clickbait (Level 4)
2025-08-19 13:35:22,111 - INFO - Processed: obsolete (Level 4)
2025-08-19 13:35:24,658 - INFO - Processed: outer (Level 1)
2025-08-19 13:35:27,092 - INFO - Processed: symmetrical (Level 4)
2025-08-19 13:35:29,782 - INFO - Processed: incunabula (Level 4)
2025-08-19 13:35:32,965 - INFO - Processed: recipe (Level 2)
2025-08-19 13:35:36,224 - INFO - Processed: fetlocks (Level 2)
2025-08-19 13:35:39,783 - INFO - Processed: alphabetically (Level 5)
2025-08-19 13:35:41,025 - WARNING - No definition found for 'elaborative', adding to review list
2025-08-19 13:35:42,414 - INFO - Processed: elaborative (Level 4)
2025-08-19 13:35:45,849 - INFO - Processed: chamberlain (Level 4)
2025-08-19 13:35:48,324 - INFO - Processed: tower (Level 1)
2025-08-19 13:35:50,711 - INFO - Processed: capitalist (Level 4)
2025-08-19 13:35:52,012 - WARNING - No definition found for 'condescendingly', adding to review list
2025-08-19 13:35:53,687 - INFO - Processed: condescendingly (Level 5)
2025-08-19 13:35:56,366 - INFO - Processed: contexts (Level 4)
2025-08-19 13:35:56,472 - INFO - Checkpoint saved: 2000 words
2025-08-19 13:35:56,472 - INFO - Checkpoint saved after batch 20
2025-08-19 13:35:56,472 - INFO - Processing batch 21 (2001-2100 of 10114)
2025-08-19 13:35:57,808 - WARNING - No definition found for 'victorian', adding to review list
2025-08-19 13:35:59,556 - INFO - Processed: victorian (Level 2)
2025-08-19 13:36:00,883 - WARNING - No definition found for 'saturn', adding to review list
2025-08-19 13:36:02,087 - INFO - Processed: saturn (Level 2)
2025-08-19 13:36:05,004 - INFO - Processed: ultimatum (Level 1)
2025-08-19 13:36:07,555 - INFO - Processed: monumental (Level 1)
2025-08-19 13:36:10,083 - INFO - Processed: extremely (Level 1)
2025-08-19 13:36:12,546 - INFO - Processed: pail (Level 1)
2025-08-19 13:36:13,886 - WARNING - No definition found for 'revoir', adding to review list
2025-08-19 13:36:15,801 - INFO - Processed: revoir (Level 2)
2025-08-19 13:36:18,177 - INFO - Processed: portrait (Level 4)
2025-08-19 13:36:21,712 - INFO - Processed: grudgingly (Level 4)
2025-08-19 13:36:24,191 - INFO - Processed: mood (Level 1)
2025-08-19 13:36:25,440 - WARNING - No definition found for 'renitency', adding to review list
2025-08-19 13:36:27,938 - INFO - Processed: renitency (Level 4)
2025-08-19 13:36:30,325 - INFO - Processed: bump (Level 1)
2025-08-19 13:36:31,645 - WARNING - No definition found for 'blastogenesis', adding to review list
2025-08-19 13:36:32,876 - INFO - Processed: blastogenesis (Level 4)
2025-08-19 13:36:35,649 - INFO - Processed: hyssop (Level 2)
2025-08-19 13:36:38,993 - INFO - Processed: lifetime (Level 4)
2025-08-19 13:36:41,448 - INFO - Processed: autism (Level 2)
2025-08-19 13:36:43,888 - INFO - Processed: wagon (Level 1)
2025-08-19 13:36:45,168 - WARNING - No definition found for 'argyria', adding to review list
2025-08-19 13:36:46,915 - INFO - Processed: argyria (Level 1)
2025-08-19 13:36:50,445 - INFO - Processed: manhattan (Level 3)
2025-08-19 13:36:53,189 - WARNING - No definition found for 'brockage', adding to review list
2025-08-19 13:36:54,982 - INFO - Processed: brockage (Level 4)
2025-08-19 13:36:56,245 - WARNING - No definition found for 'forbivorous', adding to review list
2025-08-19 13:36:57,484 - INFO - Processed: forbivorous (Level 4)
2025-08-19 13:36:59,178 - WARNING - No definition found for 'triceratopssandal', adding to review list
2025-08-19 13:37:00,992 - INFO - Processed: triceratopssandal (Level 5)
2025-08-19 13:37:03,860 - INFO - Processed: bonus (Level 1)
2025-08-19 13:37:06,793 - INFO - Processed: generals (Level 4)
2025-08-19 13:37:09,314 - INFO - Processed: agnomen (Level 2)
2025-08-19 13:37:11,763 - INFO - Processed: strange (Level 2)
2025-08-19 13:37:14,361 - INFO - Processed: squabble (Level 4)
2025-08-19 13:37:15,779 - WARNING - No definition found for 'howard', adding to review list
2025-08-19 13:37:17,417 - INFO - Processed: howard (Level 2)
2025-08-19 13:37:20,306 - INFO - Processed: emphysema (Level 4)
2025-08-19 13:37:22,023 - WARNING - No definition found for 'condimentsconference', adding to review list
2025-08-19 13:37:23,249 - INFO - Processed: condimentsconference (Level 5)
2025-08-19 13:37:25,675 - INFO - Processed: flared (Level 2)
2025-08-19 13:37:28,450 - INFO - Processed: quokka (Level 2)
2025-08-19 13:37:31,648 - INFO - Processed: peacenik (Level 4)
2025-08-19 13:37:34,263 - INFO - Processed: antelope (Level 1)
2025-08-19 13:37:35,434 - WARNING - No definition found for 'frockcamcorder', adding to review list
2025-08-19 13:37:36,670 - INFO - Processed: frockcamcorder (Level 5)
2025-08-19 13:37:39,216 - INFO - Processed: discord (Level 2)
2025-08-19 13:37:41,659 - INFO - Processed: bargain (Level 1)
2025-08-19 13:37:44,448 - INFO - Processed: perpetrator (Level 4)
2025-08-19 13:37:46,960 - INFO - Processed: reflect (Level 2)
2025-08-19 13:37:49,405 - INFO - Processed: register (Level 4)
2025-08-19 13:37:51,961 - INFO - Processed: asiago (Level 2)
2025-08-19 13:37:54,702 - INFO - Processed: activists (Level 2)
2025-08-19 13:37:57,414 - INFO - Processed: bumptious (Level 3)
2025-08-19 13:37:58,763 - WARNING - No definition found for 'piraeus', adding to review list
2025-08-19 13:37:59,997 - INFO - Processed: piraeus (Level 2)
2025-08-19 13:38:02,826 - INFO - Processed: south (Level 1)
2025-08-19 13:38:06,558 - INFO - Processed: toccata (Level 2)
2025-08-19 13:38:09,021 - INFO - Processed: droll (Level 1)
2025-08-19 13:38:11,642 - INFO - Processed: tedious (Level 2)
2025-08-19 13:38:14,247 - INFO - Processed: beseech (Level 2)
2025-08-19 13:38:16,899 - INFO - Processed: impertinent (Level 3)
2025-08-19 13:38:19,330 - INFO - Processed: melee (Level 1)
2025-08-19 13:38:22,383 - INFO - Processed: winter (Level 2)
2025-08-19 13:38:25,536 - INFO - Processed: snarl (Level 1)
2025-08-19 13:38:27,242 - WARNING - No definition found for 'accordatura', adding to review list
2025-08-19 13:38:28,928 - INFO - Processed: accordatura (Level 4)
2025-08-19 13:38:30,209 - WARNING - No definition found for 'ited', adding to review list
2025-08-19 13:38:31,449 - INFO - Processed: ited (Level 1)
2025-08-19 13:38:33,879 - INFO - Processed: forbidden (Level 2)
2025-08-19 13:38:36,544 - INFO - Processed: tase (Level 1)
2025-08-19 13:38:39,106 - INFO - Processed: pitch (Level 1)
2025-08-19 13:38:41,565 - INFO - Processed: stipulate (Level 4)
2025-08-19 13:38:44,154 - INFO - Processed: alpinist (Level 2)
2025-08-19 13:38:46,672 - INFO - Processed: posh (Level 1)
2025-08-19 13:38:49,569 - INFO - Processed: second (Level 2)
2025-08-19 13:38:52,854 - INFO - Processed: sporran (Level 2)
2025-08-19 13:38:54,130 - WARNING - No definition found for 'ritziness', adding to review list
2025-08-19 13:38:55,597 - INFO - Processed: ritziness (Level 4)
2025-08-19 13:38:57,298 - WARNING - No definition found for 'endogenousbeefalo', adding to review list
2025-08-19 13:38:58,510 - INFO - Processed: endogenousbeefalo (Level 5)
2025-08-19 13:39:01,991 - INFO - Processed: chicle (Level 2)
2025-08-19 13:39:05,528 - INFO - Processed: barbie (Level 2)
2025-08-19 13:39:07,906 - INFO - Processed: quill (Level 1)
2025-08-19 13:39:10,817 - INFO - Processed: arenaceous (Level 4)
2025-08-19 13:39:13,629 - INFO - Processed: flavored (Level 4)
2025-08-19 13:39:17,150 - INFO - Processed: genome (Level 2)
2025-08-19 13:39:20,467 - INFO - Processed: twitchy (Level 2)
2025-08-19 13:39:22,897 - INFO - Processed: recede (Level 2)
2025-08-19 13:39:25,413 - INFO - Processed: pauper (Level 2)
2025-08-19 13:39:26,729 - WARNING - No definition found for 'allochroous', adding to review list
2025-08-19 13:39:27,950 - INFO - Processed: allochroous (Level 4)
2025-08-19 13:39:31,304 - INFO - Processed: oncoming (Level 2)
2025-08-19 13:39:33,876 - INFO - Processed: private (Level 2)
2025-08-19 13:39:36,273 - INFO - Processed: female (Level 2)
2025-08-19 13:39:38,804 - INFO - Processed: absorptive (Level 1)
2025-08-19 13:39:41,343 - INFO - Processed: flaneur (Level 2)
2025-08-19 13:39:44,251 - INFO - Processed: algae (Level 1)
2025-08-19 13:39:46,816 - INFO - Processed: lustrum (Level 2)
2025-08-19 13:39:49,229 - INFO - Processed: polarized (Level 4)
2025-08-19 13:39:50,897 - WARNING - No definition found for 'inducementdid', adding to review list
2025-08-19 13:39:52,122 - INFO - Processed: inducementdid (Level 4)
2025-08-19 13:39:54,632 - INFO - Processed: mess (Level 1)
2025-08-19 13:39:57,479 - INFO - Processed: unsportsmanlike (Level 5)
2025-08-19 13:39:58,759 - WARNING - No definition found for 'baklawa', adding to review list
2025-08-19 13:39:59,978 - INFO - Processed: baklawa (Level 1)
2025-08-19 13:40:02,390 - INFO - Processed: profusion (Level 2)
2025-08-19 13:40:04,886 - INFO - Processed: marinate (Level 1)
2025-08-19 13:40:07,347 - INFO - Processed: manage (Level 2)
2025-08-19 13:40:09,916 - INFO - Processed: recoil (Level 2)
2025-08-19 13:40:11,283 - WARNING - No definition found for 'affeer', adding to review list
2025-08-19 13:40:12,497 - INFO - Processed: affeer (Level 2)
2025-08-19 13:40:15,386 - INFO - Processed: barked (Level 2)
2025-08-19 13:40:17,847 - INFO - Processed: reciprocity (Level 4)
2025-08-19 13:40:19,153 - WARNING - No definition found for 'ouagadougou', adding to review list
2025-08-19 13:40:20,392 - INFO - Processed: ouagadougou (Level 4)
2025-08-19 13:40:23,080 - INFO - Processed: coulisse (Level 4)
2025-08-19 13:40:24,490 - WARNING - No definition found for 'anabathmoi', adding to review list
2025-08-19 13:40:25,833 - INFO - Processed: anabathmoi (Level 4)
2025-08-19 13:40:28,474 - INFO - Processed: court (Level 1)
2025-08-19 13:40:31,204 - INFO - Processed: cultural (Level 4)
2025-08-19 13:40:32,549 - WARNING - No definition found for 'samoa', adding to review list
2025-08-19 13:40:33,784 - INFO - Processed: samoa (Level 1)
2025-08-19 13:40:33,901 - INFO - Checkpoint saved: 2100 words
2025-08-19 13:40:33,901 - INFO - Checkpoint saved after batch 21
2025-08-19 13:40:33,901 - INFO - Processing batch 22 (2101-2200 of 10114)
2025-08-19 13:40:36,731 - INFO - Processed: haughty (Level 1)
2025-08-19 13:40:38,091 - WARNING - No definition found for 'pepysian', adding to review list
2025-08-19 13:40:39,437 - INFO - Processed: pepysian (Level 3)
2025-08-19 13:40:41,884 - INFO - Processed: animus (Level 2)
2025-08-19 13:40:44,574 - INFO - Processed: gusto (Level 1)
2025-08-19 13:40:47,098 - INFO - Processed: columns (Level 2)
2025-08-19 13:40:48,857 - WARNING - No definition found for 'lutheran', adding to review list
2025-08-19 13:40:50,415 - INFO - Processed: lutheran (Level 2)
2025-08-19 13:40:53,481 - INFO - Processed: amplify (Level 1)
2025-08-19 13:40:56,167 - INFO - Processed: hadith (Level 2)
2025-08-19 13:40:59,183 - INFO - Processed: keyhole (Level 1)
2025-08-19 13:41:02,986 - INFO - Processed: francophone (Level 3)
2025-08-19 13:41:05,597 - INFO - Processed: cell (Level 1)
2025-08-19 13:41:08,142 - INFO - Processed: crux (Level 1)
2025-08-19 13:41:10,667 - INFO - Processed: trace (Level 1)
2025-08-19 13:41:13,238 - INFO - Processed: glazier (Level 2)
2025-08-19 13:41:16,372 - INFO - Processed: moon (Level 1)
2025-08-19 13:41:21,479 - INFO - Processed: cudgel (Level 2)
2025-08-19 13:41:23,921 - INFO - Processed: riparian (Level 2)
2025-08-19 13:41:26,520 - INFO - Processed: redux (Level 1)
2025-08-19 13:41:27,787 - WARNING - No definition found for 'artilleryquotient', adding to review list
2025-08-19 13:41:29,516 - INFO - Processed: artilleryquotient (Level 5)
2025-08-19 13:41:32,685 - INFO - Processed: technicalities (Level 5)
2025-08-19 13:41:35,135 - INFO - Processed: magnificent (Level 2)
2025-08-19 13:41:38,187 - INFO - Processed: puzzles (Level 2)
2025-08-19 13:41:40,655 - INFO - Processed: morose (Level 2)
2025-08-19 13:41:44,169 - INFO - Processed: generation (Level 1)
2025-08-19 13:41:46,156 - WARNING - No definition found for 'glowquick', adding to review list
2025-08-19 13:41:47,413 - INFO - Processed: glowquick (Level 4)
2025-08-19 13:41:49,872 - INFO - Processed: octopus (Level 2)
2025-08-19 13:41:52,553 - INFO - Processed: defense (Level 2)
2025-08-19 13:41:54,970 - INFO - Processed: reindeer (Level 3)
2025-08-19 13:41:57,457 - INFO - Processed: aficionado (Level 4)
2025-08-19 13:41:58,634 - WARNING - No definition found for 'grandeurgraphologist', adding to review list
2025-08-19 13:41:59,840 - INFO - Processed: grandeurgraphologist (Level 5)
2025-08-19 13:42:02,736 - INFO - Processed: intentionally (Level 3)
2025-08-19 13:42:05,311 - INFO - Processed: insulation (Level 3)
2025-08-19 13:42:07,868 - INFO - Processed: tambourine (Level 4)
2025-08-19 13:42:10,316 - INFO - Processed: with (Level 1)
2025-08-19 13:42:12,854 - INFO - Processed: rugby (Level 1)
2025-08-19 13:42:15,420 - INFO - Processed: whisk (Level 1)
2025-08-19 13:42:18,427 - INFO - Processed: grateful (Level 2)
2025-08-19 13:42:22,037 - INFO - Processed: temperature (Level 4)
2025-08-19 13:42:23,349 - WARNING - No definition found for 'ishihara', adding to review list
2025-08-19 13:42:24,605 - INFO - Processed: ishihara (Level 4)
2025-08-19 13:42:27,775 - INFO - Processed: tomahawk (Level 4)
2025-08-19 13:42:30,978 - INFO - Processed: against (Level 2)
2025-08-19 13:42:34,030 - INFO - Processed: worrywart (Level 2)
2025-08-19 13:42:36,570 - INFO - Processed: adzuki (Level 2)
2025-08-19 13:42:37,791 - WARNING - No definition found for 'afficionado', adding to review list
2025-08-19 13:42:39,051 - INFO - Processed: afficionado (Level 4)
2025-08-19 13:42:41,492 - INFO - Processed: timer (Level 1)
2025-08-19 13:42:44,031 - INFO - Processed: voluminous (Level 3)
2025-08-19 13:42:46,424 - INFO - Processed: rumour (Level 2)
2025-08-19 13:42:49,021 - INFO - Processed: diplodocus (Level 2)
2025-08-19 13:42:51,701 - INFO - Processed: outrageous (Level 2)
2025-08-19 13:42:54,148 - INFO - Processed: endowed (Level 2)
2025-08-19 13:42:55,467 - WARNING - No definition found for 'guarnerius', adding to review list
2025-08-19 13:42:56,674 - INFO - Processed: guarnerius (Level 4)
2025-08-19 13:42:59,074 - INFO - Processed: personnel (Level 3)
2025-08-19 13:43:01,684 - INFO - Processed: howdy (Level 1)
2025-08-19 13:43:03,024 - WARNING - No definition found for 'scripps', adding to review list
2025-08-19 13:43:04,229 - INFO - Processed: scripps (Level 2)
2025-08-19 13:43:06,930 - INFO - Processed: thanks (Level 2)
2025-08-19 13:43:08,234 - WARNING - No definition found for 'motrin', adding to review list
2025-08-19 13:43:09,457 - INFO - Processed: motrin (Level 2)
2025-08-19 13:43:12,624 - INFO - Processed: quart (Level 1)
2025-08-19 13:43:15,620 - INFO - Processed: episcopal (Level 4)
2025-08-19 13:43:17,082 - WARNING - No definition found for 'gondwana', adding to review list
2025-08-19 13:43:18,389 - INFO - Processed: gondwana (Level 4)
2025-08-19 13:43:21,685 - INFO - Processed: lairs (Level 1)
2025-08-19 13:43:24,116 - INFO - Processed: basis (Level 1)
2025-08-19 13:43:26,681 - INFO - Processed: mater (Level 1)
2025-08-19 13:43:28,043 - WARNING - No definition found for 'teenagerspeat', adding to review list
2025-08-19 13:43:29,266 - INFO - Processed: teenagerspeat (Level 3)
2025-08-19 13:43:31,694 - INFO - Processed: prioress (Level 2)
2025-08-19 13:43:33,069 - WARNING - No definition found for 'bromidealgae', adding to review list
2025-08-19 13:43:34,310 - INFO - Processed: bromidealgae (Level 2)
2025-08-19 13:43:36,919 - INFO - Processed: shingle (Level 1)
2025-08-19 13:43:39,698 - INFO - Processed: versatile (Level 4)
2025-08-19 13:43:42,440 - INFO - Processed: unanimous (Level 2)
2025-08-19 13:43:43,688 - WARNING - No definition found for 'wantedsprung', adding to review list
2025-08-19 13:43:44,927 - INFO - Processed: wantedsprung (Level 3)
2025-08-19 13:43:47,938 - INFO - Processed: vetiver (Level 2)
2025-08-19 13:43:50,472 - INFO - Processed: carcass (Level 2)
2025-08-19 13:43:53,474 - INFO - Processed: egress (Level 2)
2025-08-19 13:43:56,363 - INFO - Processed: disgorged (Level 2)
2025-08-19 13:43:57,694 - WARNING - No definition found for 'anno', adding to review list
2025-08-19 13:43:58,965 - INFO - Processed: anno (Level 1)
2025-08-19 13:44:01,893 - INFO - Processed: mawkish (Level 2)
2025-08-19 13:44:04,598 - INFO - Processed: equinox (Level 2)
2025-08-19 13:44:07,241 - INFO - Processed: math (Level 1)
2025-08-19 13:44:09,726 - INFO - Processed: biscuit (Level 2)
2025-08-19 13:44:12,177 - INFO - Processed: freedom (Level 2)
2025-08-19 13:44:13,867 - WARNING - No definition found for 'volucrine', adding to review list
2025-08-19 13:44:15,095 - INFO - Processed: volucrine (Level 3)
2025-08-19 13:44:17,888 - INFO - Processed: orca (Level 1)
2025-08-19 13:44:20,465 - INFO - Processed: biology (Level 2)
2025-08-19 13:44:22,941 - INFO - Processed: clowder (Level 2)
2025-08-19 13:44:25,375 - INFO - Processed: news (Level 1)
2025-08-19 13:44:26,610 - WARNING - No definition found for 'egressgeocaching', adding to review list
2025-08-19 13:44:27,853 - INFO - Processed: egressgeocaching (Level 5)
2025-08-19 13:44:32,053 - INFO - Processed: everyone (Level 4)
2025-08-19 13:44:35,667 - INFO - Processed: rug (Level 1)
2025-08-19 13:44:39,571 - INFO - Processed: stared (Level 2)
2025-08-19 13:44:42,824 - INFO - Processed: twisting (Level 4)
2025-08-19 13:44:45,551 - INFO - Processed: trout (Level 1)
2025-08-19 13:44:47,138 - WARNING - No definition found for 'brujaupsilon', adding to review list
2025-08-19 13:44:48,386 - INFO - Processed: brujaupsilon (Level 3)
2025-08-19 13:44:50,826 - INFO - Processed: onus (Level 1)
2025-08-19 13:44:53,458 - INFO - Processed: declared (Level 4)
2025-08-19 13:44:56,185 - INFO - Processed: convictions (Level 3)
2025-08-19 13:44:59,482 - INFO - Processed: sauce (Level 1)
2025-08-19 13:45:01,959 - INFO - Processed: epistolary (Level 2)
2025-08-19 13:45:04,981 - INFO - Processed: banners (Level 2)
2025-08-19 13:45:07,506 - INFO - Processed: cicerone (Level 1)
2025-08-19 13:45:10,008 - INFO - Processed: petticoat (Level 3)
2025-08-19 13:45:11,315 - WARNING - No definition found for 'alexandria', adding to review list
2025-08-19 13:45:13,599 - INFO - Processed: alexandria (Level 4)
2025-08-19 13:45:13,733 - INFO - Checkpoint saved: 2200 words
2025-08-19 13:45:13,734 - INFO - Checkpoint saved after batch 22
2025-08-19 13:45:13,734 - INFO - Processing batch 23 (2201-2300 of 10114)
2025-08-19 13:45:16,480 - INFO - Processed: plaque (Level 2)
2025-08-19 13:45:19,178 - INFO - Processed: imbroglio (Level 1)
2025-08-19 13:45:21,764 - INFO - Processed: standee (Level 2)
2025-08-19 13:45:23,180 - WARNING - No definition found for 'sojourner', adding to review list
2025-08-19 13:45:24,514 - INFO - Processed: sojourner (Level 1)
2025-08-19 13:45:28,093 - INFO - Processed: breathtaking (Level 4)
2025-08-19 13:45:30,604 - INFO - Processed: thaumaturge (Level 3)
2025-08-19 13:45:31,887 - WARNING - No definition found for 'bagwyn', adding to review list
2025-08-19 13:45:33,536 - INFO - Processed: bagwyn (Level 2)
2025-08-19 13:45:36,235 - INFO - Processed: lavishly (Level 4)
2025-08-19 13:45:38,774 - INFO - Processed: bonanza (Level 2)
2025-08-19 13:45:41,468 - INFO - Processed: globular (Level 3)
2025-08-19 13:45:44,029 - INFO - Processed: scintillation (Level 4)
2025-08-19 13:45:46,613 - INFO - Processed: weltschmerz (Level 4)
2025-08-19 13:45:49,253 - INFO - Processed: compass (Level 2)
2025-08-19 13:45:51,965 - INFO - Processed: hunky (Level 1)
2025-08-19 13:45:55,474 - INFO - Processed: levity (Level 2)
2025-08-19 13:45:56,738 - WARNING - No definition found for 'amertoy', adding to review list
2025-08-19 13:45:57,987 - INFO - Processed: amertoy (Level 2)
2025-08-19 13:46:00,506 - INFO - Processed: whelp (Level 1)
2025-08-19 13:46:03,010 - INFO - Processed: bombard (Level 2)
2025-08-19 13:46:06,151 - INFO - Processed: partridge (Level 4)
2025-08-19 13:46:08,782 - INFO - Processed: martial (Level 2)
2025-08-19 13:46:10,030 - WARNING - No definition found for 'scherzoschnecken', adding to review list
2025-08-19 13:46:11,259 - INFO - Processed: scherzoschnecken (Level 5)
2025-08-19 13:46:14,974 - INFO - Processed: busby (Level 1)
2025-08-19 13:46:17,772 - INFO - Processed: census (Level 2)
2025-08-19 13:46:20,623 - INFO - Processed: often (Level 1)
2025-08-19 13:46:23,275 - INFO - Processed: replete (Level 2)
2025-08-19 13:46:26,076 - INFO - Processed: koine (Level 1)
2025-08-19 13:46:28,773 - INFO - Processed: foods (Level 1)
2025-08-19 13:46:32,080 - INFO - Processed: rifle (Level 1)
2025-08-19 13:46:34,927 - INFO - Processed: bread (Level 1)
2025-08-19 13:46:37,877 - INFO - Processed: lurching (Level 2)
2025-08-19 13:46:40,683 - INFO - Processed: word (Level 1)
2025-08-19 13:46:42,504 - WARNING - No definition found for 'leisureleotard', adding to review list
2025-08-19 13:46:43,755 - INFO - Processed: leisureleotard (Level 5)
2025-08-19 13:46:46,781 - INFO - Processed: young (Level 1)
2025-08-19 13:46:49,480 - INFO - Processed: posada (Level 2)
2025-08-19 13:46:51,951 - INFO - Processed: pie (Level 1)
2025-08-19 13:46:54,584 - INFO - Processed: mange (Level 1)
2025-08-19 13:46:58,079 - INFO - Processed: battue (Level 2)
2025-08-19 13:47:00,509 - WARNING - No definition found for 'tinseltown', adding to review list
2025-08-19 13:47:02,324 - INFO - Processed: tinseltown (Level 4)
2025-08-19 13:47:04,823 - INFO - Processed: remonstrance (Level 4)
2025-08-19 13:47:07,607 - INFO - Processed: assistance (Level 1)
2025-08-19 13:47:10,601 - INFO - Processed: thespian (Level 4)
2025-08-19 13:47:15,130 - INFO - Processed: capstan (Level 2)
2025-08-19 13:47:17,589 - INFO - Processed: tout (Level 1)
2025-08-19 13:47:19,329 - WARNING - No definition found for 'trepanation', adding to review list
2025-08-19 13:47:20,567 - INFO - Processed: trepanation (Level 4)
2025-08-19 13:47:22,351 - WARNING - No definition found for 'guidonian', adding to review list
2025-08-19 13:47:23,561 - INFO - Processed: guidonian (Level 4)
2025-08-19 13:47:26,258 - INFO - Processed: these (Level 1)
2025-08-19 13:47:28,762 - INFO - Processed: docket (Level 2)
2025-08-19 13:47:31,348 - INFO - Processed: abscess (Level 2)
2025-08-19 13:47:33,793 - INFO - Processed: diadem (Level 2)
2025-08-19 13:47:35,444 - WARNING - No definition found for 'pompeii', adding to review list
2025-08-19 13:47:36,652 - INFO - Processed: pompeii (Level 2)
2025-08-19 13:47:40,956 - INFO - Processed: riffled (Level 2)
2025-08-19 13:47:44,044 - INFO - Processed: codicil (Level 2)
2025-08-19 13:47:46,754 - INFO - Processed: related (Level 2)
2025-08-19 13:47:48,415 - WARNING - No definition found for 'fructiferous', adding to review list
2025-08-19 13:47:49,700 - INFO - Processed: fructiferous (Level 4)
2025-08-19 13:47:54,228 - INFO - Processed: bespoke (Level 2)
2025-08-19 13:47:57,159 - INFO - Processed: gift (Level 1)
2025-08-19 13:47:59,889 - INFO - Processed: god (Level 1)
2025-08-19 13:48:02,449 - INFO - Processed: amour (Level 1)
2025-08-19 13:48:05,607 - INFO - Processed: frazil (Level 2)
2025-08-19 13:48:09,479 - INFO - Processed: squid (Level 1)
2025-08-19 13:48:11,122 - WARNING - No definition found for 'bernoulli', adding to review list
2025-08-19 13:48:12,359 - INFO - Processed: bernoulli (Level 4)
2025-08-19 13:48:14,810 - INFO - Processed: gosling (Level 1)
2025-08-19 13:48:17,314 - INFO - Processed: performs (Level 3)
2025-08-19 13:48:21,702 - INFO - Processed: veridical (Level 2)
2025-08-19 13:48:24,490 - INFO - Processed: herringbone (Level 4)
2025-08-19 13:48:26,968 - INFO - Processed: heritage (Level 1)
2025-08-19 13:48:29,600 - INFO - Processed: kenning (Level 2)
2025-08-19 13:48:32,247 - INFO - Processed: gravitas (Level 4)
2025-08-19 13:48:35,692 - INFO - Processed: indent (Level 2)
2025-08-19 13:48:38,330 - INFO - Processed: raja (Level 1)
2025-08-19 13:48:39,632 - WARNING - No definition found for 'strigolniki', adding to review list
2025-08-19 13:48:40,867 - INFO - Processed: strigolniki (Level 4)
2025-08-19 13:48:43,984 - INFO - Processed: subtlety (Level 4)
2025-08-19 13:48:48,986 - INFO - Processed: milk (Level 1)
2025-08-19 13:48:51,697 - INFO - Processed: tazza (Level 1)
2025-08-19 13:48:54,835 - INFO - Processed: call (Level 1)
2025-08-19 13:48:57,369 - INFO - Processed: aerosol (Level 2)
2025-08-19 13:49:00,066 - INFO - Processed: replace (Level 2)
2025-08-19 13:49:02,572 - INFO - Processed: heirloom (Level 2)
2025-08-19 13:49:05,189 - INFO - Processed: trek (Level 1)
2025-08-19 13:49:07,681 - INFO - Processed: ignore (Level 2)
2025-08-19 13:49:08,949 - WARNING - No definition found for 'swainsona', adding to review list
2025-08-19 13:49:10,204 - INFO - Processed: swainsona (Level 4)
2025-08-19 13:49:13,134 - INFO - Processed: gaillardia (Level 4)
2025-08-19 13:49:15,579 - INFO - Processed: track (Level 1)
2025-08-19 13:49:18,963 - INFO - Processed: jitterbug (Level 4)
2025-08-19 13:49:21,520 - INFO - Processed: land (Level 1)
2025-08-19 13:49:24,561 - INFO - Processed: croustade (Level 4)
2025-08-19 13:49:25,843 - WARNING - No definition found for 'nuciform', adding to review list
2025-08-19 13:49:27,287 - INFO - Processed: nuciform (Level 4)
2025-08-19 13:49:29,978 - INFO - Processed: diktat (Level 2)
2025-08-19 13:49:32,866 - INFO - Processed: swirled (Level 2)
2025-08-19 13:49:36,296 - INFO - Processed: proportionate (Level 2)
2025-08-19 13:49:39,094 - INFO - Processed: discreetly (Level 4)
2025-08-19 13:49:42,114 - INFO - Processed: epilepsy (Level 3)
2025-08-19 13:49:44,606 - INFO - Processed: media (Level 1)
2025-08-19 13:49:47,910 - INFO - Processed: laugh (Level 1)
2025-08-19 13:49:53,694 - INFO - Processed: bicarbonate (Level 4)
2025-08-19 13:49:56,176 - INFO - Processed: pristine (Level 3)
2025-08-19 13:49:58,817 - INFO - Processed: manifests (Level 4)
2025-08-19 13:50:02,880 - INFO - Processed: pedestals (Level 2)
2025-08-19 13:50:05,601 - INFO - Processed: learning (Level 3)
2025-08-19 13:50:06,825 - WARNING - No definition found for 'lupercaliam', adding to review list
2025-08-19 13:50:08,126 - INFO - Processed: lupercaliam (Level 4)
2025-08-19 13:50:08,312 - INFO - Checkpoint saved: 2300 words
2025-08-19 13:50:08,312 - INFO - Checkpoint saved after batch 23
2025-08-19 13:50:08,312 - INFO - Processing batch 24 (2301-2400 of 10114)
2025-08-19 13:50:09,703 - WARNING - No definition found for 'tikkun', adding to review list
2025-08-19 13:50:10,930 - INFO - Processed: tikkun (Level 2)
2025-08-19 13:50:13,379 - INFO - Processed: journal (Level 2)
2025-08-19 13:50:17,089 - INFO - Processed: muscles (Level 2)
2025-08-19 13:50:20,070 - INFO - Processed: halo (Level 1)
2025-08-19 13:50:22,638 - INFO - Processed: nook (Level 1)
2025-08-19 13:50:25,224 - INFO - Processed: mother (Level 2)
2025-08-19 13:50:26,669 - WARNING - No definition found for 'piminy', adding to review list
2025-08-19 13:50:28,386 - INFO - Processed: piminy (Level 2)
2025-08-19 13:50:32,409 - INFO - Processed: strelitzia (Level 4)
2025-08-19 13:50:35,129 - INFO - Processed: entrepreneur (Level 4)
2025-08-19 13:50:37,572 - INFO - Processed: fourth (Level 2)
2025-08-19 13:50:40,527 - INFO - Processed: treadmill (Level 3)
2025-08-19 13:50:43,746 - INFO - Processed: paschal (Level 2)
2025-08-19 13:50:46,631 - INFO - Processed: infiltrate (Level 4)
2025-08-19 13:50:49,075 - INFO - Processed: pungent (Level 2)
2025-08-19 13:50:50,502 - WARNING - No definition found for 'kjeldahl', adding to review list
2025-08-19 13:50:51,706 - INFO - Processed: kjeldahl (Level 4)
2025-08-19 13:50:54,577 - INFO - Processed: nuance (Level 2)
2025-08-19 13:50:57,882 - INFO - Processed: dappled (Level 2)
2025-08-19 13:51:00,443 - INFO - Processed: arrayed (Level 2)
2025-08-19 13:51:03,069 - INFO - Processed: triduum (Level 2)
2025-08-19 13:51:05,530 - INFO - Processed: incontrovertible (Level 5)
2025-08-19 13:51:06,971 - WARNING - No definition found for 'syntrophism', adding to review list
2025-08-19 13:51:08,729 - INFO - Processed: syntrophism (Level 4)
2025-08-19 13:51:12,389 - INFO - Processed: reply (Level 1)
2025-08-19 13:51:15,122 - INFO - Processed: ragwort (Level 2)
2025-08-19 13:51:17,629 - INFO - Processed: pulley (Level 2)
2025-08-19 13:51:20,170 - INFO - Processed: tribunal (Level 1)
2025-08-19 13:51:24,242 - INFO - Processed: trice (Level 1)
2025-08-19 13:51:25,981 - WARNING - No definition found for 'tokonomaunguiculate', adding to review list
2025-08-19 13:51:27,250 - INFO - Processed: tokonomaunguiculate (Level 5)
2025-08-19 13:51:30,301 - INFO - Processed: worker (Level 2)
2025-08-19 13:51:32,046 - WARNING - No definition found for 'bavarese', adding to review list
2025-08-19 13:51:33,691 - INFO - Processed: bavarese (Level 4)
2025-08-19 13:51:35,386 - WARNING - No definition found for 'naissantadieu', adding to review list
2025-08-19 13:51:36,640 - INFO - Processed: naissantadieu (Level 3)
2025-08-19 13:51:39,427 - INFO - Processed: consortium (Level 2)
2025-08-19 13:51:41,856 - INFO - Processed: trope (Level 1)
2025-08-19 13:51:43,778 - WARNING - No definition found for 'ahuatle', adding to review list
2025-08-19 13:51:45,809 - INFO - Processed: ahuatle (Level 2)
2025-08-19 13:51:47,232 - WARNING - No definition found for 'michel', adding to review list
2025-08-19 13:51:48,470 - INFO - Processed: michel (Level 2)
2025-08-19 13:51:50,965 - INFO - Processed: fed (Level 1)
2025-08-19 13:51:53,516 - INFO - Processed: hollyhock (Level 3)
2025-08-19 13:51:54,864 - WARNING - No definition found for 'allocable', adding to review list
2025-08-19 13:51:56,743 - INFO - Processed: allocable (Level 4)
2025-08-19 13:52:00,115 - INFO - Processed: scree (Level 1)
2025-08-19 13:52:03,028 - INFO - Processed: gadgets (Level 2)
2025-08-19 13:52:05,410 - INFO - Processed: splenetic (Level 4)
2025-08-19 13:52:07,982 - INFO - Processed: reminiscent (Level 4)
2025-08-19 13:52:09,721 - WARNING - No definition found for 'nymphal', adding to review list
2025-08-19 13:52:11,428 - INFO - Processed: nymphal (Level 1)
2025-08-19 13:52:14,109 - INFO - Processed: weave (Level 1)
2025-08-19 13:52:16,624 - INFO - Processed: chess (Level 1)
2025-08-19 13:52:19,266 - INFO - Processed: dolmen (Level 2)
2025-08-19 13:52:22,056 - INFO - Processed: enter (Level 1)
2025-08-19 13:52:24,594 - INFO - Processed: handstand (Level 4)
2025-08-19 13:52:27,605 - INFO - Processed: outlandish (Level 2)
2025-08-19 13:52:29,373 - WARNING - No definition found for 'sinophile', adding to review list
2025-08-19 13:52:30,987 - INFO - Processed: sinophile (Level 2)
2025-08-19 13:52:32,428 - WARNING - No definition found for 'tasmanian', adding to review list
2025-08-19 13:52:33,634 - INFO - Processed: tasmanian (Level 4)
2025-08-19 13:52:36,158 - INFO - Processed: car (Level 1)
2025-08-19 13:52:39,434 - INFO - Processed: steeds (Level 2)
2025-08-19 13:52:41,862 - INFO - Processed: awkwardly (Level 4)
2025-08-19 13:52:44,419 - INFO - Processed: sentinel (Level 3)
2025-08-19 13:52:45,655 - WARNING - No definition found for 'budgerygah', adding to review list
2025-08-19 13:52:46,878 - INFO - Processed: budgerygah (Level 2)
2025-08-19 13:52:49,357 - INFO - Processed: double (Level 2)
2025-08-19 13:52:52,018 - INFO - Processed: scoff (Level 1)
2025-08-19 13:52:54,479 - INFO - Processed: smirk (Level 1)
2025-08-19 13:52:56,972 - INFO - Processed: earth (Level 1)
2025-08-19 13:52:59,477 - INFO - Processed: trough (Level 2)
2025-08-19 13:53:03,677 - INFO - Processed: exodus (Level 2)
2025-08-19 13:53:06,262 - INFO - Processed: over (Level 1)
2025-08-19 13:53:09,194 - INFO - Processed: ben (Level 1)
2025-08-19 13:53:11,717 - INFO - Processed: buoyancy (Level 4)
2025-08-19 13:53:13,038 - WARNING - No definition found for 'facto', adding to review list
2025-08-19 13:53:14,325 - INFO - Processed: facto (Level 1)
2025-08-19 13:53:16,717 - INFO - Processed: coming (Level 2)
2025-08-19 13:53:19,269 - INFO - Processed: suture (Level 2)
2025-08-19 13:53:21,799 - INFO - Processed: admonition (Level 4)
2025-08-19 13:53:24,348 - INFO - Processed: chalcolithic (Level 4)
2025-08-19 13:53:26,888 - INFO - Processed: diatribe (Level 4)
2025-08-19 13:53:29,399 - INFO - Processed: missive (Level 2)
2025-08-19 13:53:31,791 - INFO - Processed: across (Level 2)
2025-08-19 13:53:34,238 - INFO - Processed: antipathy (Level 4)
2025-08-19 13:53:35,506 - WARNING - No definition found for 'sinai', adding to review list
2025-08-19 13:53:36,762 - INFO - Processed: sinai (Level 1)
2025-08-19 13:53:39,203 - INFO - Processed: dowdy (Level 1)
2025-08-19 13:53:40,912 - WARNING - No definition found for 'kipuka', adding to review list
2025-08-19 13:53:42,719 - INFO - Processed: kipuka (Level 2)
2025-08-19 13:53:45,445 - INFO - Processed: philosophize (Level 4)
2025-08-19 13:53:48,061 - INFO - Processed: laity (Level 1)
2025-08-19 13:53:51,101 - INFO - Processed: recriminatory (Level 4)
2025-08-19 13:53:52,423 - WARNING - No definition found for 'acral', adding to review list
2025-08-19 13:53:53,687 - INFO - Processed: acral (Level 1)
2025-08-19 13:53:54,851 - WARNING - No definition found for 'basketsbonnet', adding to review list
2025-08-19 13:53:56,087 - INFO - Processed: basketsbonnet (Level 3)
2025-08-19 13:53:57,759 - WARNING - No definition found for 'turophile', adding to review list
2025-08-19 13:53:58,999 - INFO - Processed: turophile (Level 4)
2025-08-19 13:54:01,504 - INFO - Processed: punctuation (Level 4)
2025-08-19 13:54:04,433 - INFO - Processed: mule (Level 1)
2025-08-19 13:54:07,476 - INFO - Processed: anaphylaxis (Level 4)
2025-08-19 13:54:08,782 - WARNING - No definition found for 'hamtramck', adding to review list
2025-08-19 13:54:10,031 - INFO - Processed: hamtramck (Level 4)
2025-08-19 13:54:12,724 - INFO - Processed: founded (Level 2)
2025-08-19 13:54:15,233 - INFO - Processed: inviolable (Level 4)
2025-08-19 13:54:17,814 - INFO - Processed: homeostasis (Level 4)
2025-08-19 13:54:20,405 - INFO - Processed: fibula (Level 2)
2025-08-19 13:54:24,654 - INFO - Processed: mayonnaise (Level 3)
2025-08-19 13:54:28,266 - INFO - Processed: refugium (Level 4)
2025-08-19 13:54:29,557 - WARNING - No definition found for 'makgadikgadi', adding to review list
2025-08-19 13:54:30,795 - INFO - Processed: makgadikgadi (Level 4)
2025-08-19 13:54:33,508 - INFO - Processed: indigo (Level 2)
2025-08-19 13:54:34,747 - WARNING - No definition found for 'erin', adding to review list
2025-08-19 13:54:36,069 - INFO - Processed: erin (Level 1)
2025-08-19 13:54:39,178 - INFO - Processed: savvy (Level 1)
2025-08-19 13:54:41,717 - INFO - Processed: peppermint (Level 1)
2025-08-19 13:54:44,213 - INFO - Processed: sheldrake (Level 4)
2025-08-19 13:54:47,143 - INFO - Processed: rathskeller (Level 2)
2025-08-19 13:54:49,656 - INFO - Processed: vehemence (Level 4)
2025-08-19 13:54:49,771 - INFO - Checkpoint saved: 2400 words
2025-08-19 13:54:49,771 - INFO - Checkpoint saved after batch 24
2025-08-19 13:54:49,771 - INFO - Processing batch 25 (2401-2500 of 10114)
2025-08-19 13:54:52,538 - INFO - Processed: bride (Level 1)
2025-08-19 13:54:54,961 - INFO - Processed: basement (Level 1)
2025-08-19 13:54:56,214 - WARNING - No definition found for 'toril', adding to review list
2025-08-19 13:54:57,460 - INFO - Processed: toril (Level 1)
2025-08-19 13:54:59,904 - INFO - Processed: anoint (Level 2)
2025-08-19 13:55:03,016 - INFO - Processed: kalimba (Level 2)
2025-08-19 13:55:05,473 - INFO - Processed: climate (Level 2)
2025-08-19 13:55:08,029 - INFO - Processed: velociraptor (Level 3)
2025-08-19 13:55:10,819 - INFO - Processed: acquit (Level 2)
2025-08-19 13:55:13,359 - INFO - Processed: bravado (Level 2)
2025-08-19 13:55:16,993 - INFO - Processed: dihedral (Level 4)
2025-08-19 13:55:18,358 - WARNING - No definition found for 'carrickmacross', adding to review list
2025-08-19 13:55:19,613 - INFO - Processed: carrickmacross (Level 5)
2025-08-19 13:55:22,589 - INFO - Processed: gotcha (Level 2)
2025-08-19 13:55:25,363 - INFO - Processed: boisterous (Level 4)
2025-08-19 13:55:29,062 - INFO - Processed: stereotypical (Level 4)
2025-08-19 13:55:32,978 - INFO - Processed: extensive (Level 4)
2025-08-19 13:55:35,548 - INFO - Processed: atlatl (Level 2)
2025-08-19 13:55:38,527 - INFO - Processed: fidgeting (Level 2)
2025-08-19 13:55:41,503 - INFO - Processed: vocabulary (Level 4)
2025-08-19 13:55:45,406 - INFO - Processed: galaxy (Level 2)
2025-08-19 13:55:48,339 - INFO - Processed: spathe (Level 2)
2025-08-19 13:55:49,591 - WARNING - No definition found for 'reminiscentmenial', adding to review list
2025-08-19 13:55:50,834 - INFO - Processed: reminiscentmenial (Level 5)
2025-08-19 13:55:52,116 - WARNING - No definition found for 'hugh', adding to review list
2025-08-19 13:55:53,305 - INFO - Processed: hugh (Level 1)
2025-08-19 13:55:54,710 - WARNING - No definition found for 'halifaxhallucinate', adding to review list
2025-08-19 13:55:56,175 - INFO - Processed: halifaxhallucinate (Level 5)
2025-08-19 13:55:59,703 - INFO - Processed: opposite (Level 2)
2025-08-19 13:56:02,558 - INFO - Processed: sternutation (Level 4)
2025-08-19 13:56:05,250 - INFO - Processed: feisty (Level 2)
2025-08-19 13:56:07,762 - INFO - Processed: besmirch (Level 4)
2025-08-19 13:56:10,413 - INFO - Processed: coadjutor (Level 2)
2025-08-19 13:56:12,896 - INFO - Processed: brigand (Level 2)
2025-08-19 13:56:15,345 - INFO - Processed: andromeda (Level 3)
2025-08-19 13:56:17,894 - INFO - Processed: rejoinder (Level 3)
2025-08-19 13:56:20,491 - INFO - Processed: holmium (Level 2)
2025-08-19 13:56:22,117 - WARNING - No definition found for 'hippocratic', adding to review list
2025-08-19 13:56:23,793 - INFO - Processed: hippocratic (Level 2)
2025-08-19 13:56:26,577 - INFO - Processed: obdurate (Level 2)
2025-08-19 13:56:27,935 - WARNING - No definition found for 'ensnarement', adding to review list
2025-08-19 13:56:29,489 - INFO - Processed: ensnarement (Level 3)
2025-08-19 13:56:31,248 - WARNING - No definition found for 'penelope', adding to review list
2025-08-19 13:56:32,501 - INFO - Processed: penelope (Level 3)
2025-08-19 13:56:35,797 - INFO - Processed: documentaries (Level 4)
2025-08-19 13:56:38,448 - INFO - Processed: acrid (Level 1)
2025-08-19 13:56:41,797 - INFO - Processed: skidded (Level 2)
2025-08-19 13:56:44,625 - INFO - Processed: bandanna (Level 3)
2025-08-19 13:56:46,321 - WARNING - No definition found for 'neonbeeswax', adding to review list
2025-08-19 13:56:47,541 - INFO - Processed: neonbeeswax (Level 2)
2025-08-19 13:56:50,049 - INFO - Processed: ostium (Level 2)
2025-08-19 13:56:52,417 - INFO - Processed: sleek (Level 1)
2025-08-19 13:56:54,963 - INFO - Processed: cellophane (Level 4)
2025-08-19 13:56:56,238 - WARNING - No definition found for 'imaret', adding to review list
2025-08-19 13:56:58,085 - INFO - Processed: imaret (Level 2)
2025-08-19 13:57:00,616 - INFO - Processed: regnal (Level 2)
2025-08-19 13:57:01,937 - WARNING - No definition found for 'pilotage', adding to review list
2025-08-19 13:57:03,780 - INFO - Processed: pilotage (Level 4)
2025-08-19 13:57:06,214 - INFO - Processed: arts (Level 1)
2025-08-19 13:57:07,513 - WARNING - No definition found for 'toponymic', adding to review list
2025-08-19 13:57:09,427 - INFO - Processed: toponymic (Level 4)
2025-08-19 13:57:11,914 - INFO - Processed: committee (Level 4)
2025-08-19 13:57:15,055 - INFO - Processed: retrodict (Level 4)
2025-08-19 13:57:18,280 - INFO - Processed: curiosity (Level 4)
2025-08-19 13:57:20,912 - INFO - Processed: very (Level 1)
2025-08-19 13:57:22,180 - WARNING - No definition found for 'trinidadian', adding to review list
2025-08-19 13:57:23,911 - INFO - Processed: trinidadian (Level 4)
2025-08-19 13:57:26,495 - INFO - Processed: horse (Level 1)
2025-08-19 13:57:29,224 - INFO - Processed: whole (Level 1)
2025-08-19 13:57:31,247 - WARNING - No definition found for 'oceaniancharitable', adding to review list
2025-08-19 13:57:32,578 - INFO - Processed: oceaniancharitable (Level 5)
2025-08-19 13:57:34,176 - WARNING - No definition found for 'flittern', adding to review list
2025-08-19 13:57:35,405 - INFO - Processed: flittern (Level 4)
2025-08-19 13:57:37,927 - INFO - Processed: money (Level 1)
2025-08-19 13:57:40,616 - INFO - Processed: infectious (Level 2)
2025-08-19 13:57:43,245 - INFO - Processed: fez (Level 1)
2025-08-19 13:57:46,470 - INFO - Processed: app (Level 1)
2025-08-19 13:57:49,355 - INFO - Processed: nuggets (Level 2)
2025-08-19 13:57:52,271 - INFO - Processed: garnet (Level 1)
2025-08-19 13:57:54,934 - INFO - Processed: phlegmatic (Level 2)
2025-08-19 13:57:58,246 - INFO - Processed: adieu (Level 1)
2025-08-19 13:58:00,810 - WARNING - No definition found for 'philopatry', adding to review list
2025-08-19 13:58:02,382 - INFO - Processed: philopatry (Level 4)
2025-08-19 13:58:03,581 - WARNING - No definition found for 'castigateveered', adding to review list
2025-08-19 13:58:04,823 - INFO - Processed: castigateveered (Level 5)
2025-08-19 13:58:07,408 - INFO - Processed: hitherto (Level 3)
2025-08-19 13:58:10,836 - INFO - Processed: introduced (Level 4)
2025-08-19 13:58:14,155 - INFO - Processed: fantastically (Level 4)
2025-08-19 13:58:16,711 - INFO - Processed: epidermis (Level 4)
2025-08-19 13:58:19,753 - INFO - Processed: valuator (Level 4)
2025-08-19 13:58:22,367 - INFO - Processed: ladle (Level 1)
2025-08-19 13:58:24,884 - INFO - Processed: plates (Level 2)
2025-08-19 13:58:27,346 - INFO - Processed: gallon (Level 2)
2025-08-19 13:58:29,878 - INFO - Processed: thickened (Level 4)
2025-08-19 13:58:32,333 - INFO - Processed: coupon (Level 1)
2025-08-19 13:58:34,809 - INFO - Processed: bridge (Level 2)
2025-08-19 13:58:37,637 - INFO - Processed: donkeys (Level 2)
2025-08-19 13:58:40,024 - INFO - Processed: scaly (Level 1)
2025-08-19 13:58:42,735 - INFO - Processed: french (Level 2)
2025-08-19 13:58:45,182 - INFO - Processed: grumbling (Level 3)
2025-08-19 13:58:46,499 - WARNING - No definition found for 'neuropathynoun', adding to review list
2025-08-19 13:58:47,705 - INFO - Processed: neuropathynoun (Level 5)
2025-08-19 13:58:50,347 - INFO - Processed: incentive (Level 3)
2025-08-19 13:58:53,429 - INFO - Processed: tea (Level 1)
2025-08-19 13:58:55,822 - INFO - Processed: adding (Level 2)
2025-08-19 13:58:58,398 - INFO - Processed: prepares (Level 3)
2025-08-19 13:59:01,345 - INFO - Processed: gazed (Level 1)
2025-08-19 13:59:04,574 - INFO - Processed: signal (Level 2)
2025-08-19 13:59:07,582 - INFO - Processed: archaism (Level 3)
2025-08-19 13:59:08,823 - WARNING - No definition found for 'shenandoah', adding to review list
2025-08-19 13:59:10,061 - INFO - Processed: shenandoah (Level 4)
2025-08-19 13:59:12,536 - INFO - Processed: happy (Level 1)
2025-08-19 13:59:15,499 - INFO - Processed: subaqueous (Level 2)
2025-08-19 13:59:20,494 - INFO - Processed: upsilon (Level 2)
2025-08-19 13:59:23,797 - INFO - Processed: coralline (Level 2)
2025-08-19 13:59:26,448 - INFO - Processed: stencil (Level 2)
2025-08-19 13:59:29,374 - INFO - Processed: unwonted (Level 3)
2025-08-19 13:59:37,050 - INFO - Processed: blank (Level 1)
2025-08-19 13:59:39,513 - INFO - Processed: groceries (Level 4)
2025-08-19 13:59:39,669 - INFO - Checkpoint saved: 2500 words
2025-08-19 13:59:39,669 - INFO - Checkpoint saved after batch 25
2025-08-19 13:59:39,669 - INFO - Processing batch 26 (2501-2600 of 10114)
2025-08-19 13:59:42,233 - INFO - Processed: normative (Level 2)
2025-08-19 13:59:45,212 - INFO - Processed: nugatory (Level 2)
2025-08-19 13:59:47,830 - INFO - Processed: sustenance (Level 2)
2025-08-19 13:59:50,808 - INFO - Processed: laureate (Level 3)
2025-08-19 13:59:53,277 - INFO - Processed: judicious (Level 4)
2025-08-19 13:59:56,230 - INFO - Processed: contretemps (Level 4)
2025-08-19 13:59:58,642 - INFO - Processed: domain (Level 1)
2025-08-19 14:00:01,042 - INFO - Processed: bruise (Level 2)
2025-08-19 14:00:03,815 - INFO - Processed: dear (Level 1)
2025-08-19 14:00:07,846 - INFO - Processed: biryani (Level 2)
2025-08-19 14:00:10,509 - INFO - Processed: murky (Level 1)
2025-08-19 14:00:13,908 - INFO - Processed: edamame (Level 2)
2025-08-19 14:00:15,179 - WARNING - No definition found for 'fbi', adding to review list
2025-08-19 14:00:16,445 - INFO - Processed: fbi (Level 1)
2025-08-19 14:00:19,004 - INFO - Processed: saccharide (Level 4)
2025-08-19 14:00:21,738 - INFO - Processed: industrial (Level 1)
2025-08-19 14:00:24,252 - INFO - Processed: possessive (Level 4)
2025-08-19 14:00:25,521 - WARNING - No definition found for 'ardhamagadhi', adding to review list
2025-08-19 14:00:26,754 - INFO - Processed: ardhamagadhi (Level 4)
2025-08-19 14:00:29,154 - INFO - Processed: semester (Level 4)
2025-08-19 14:00:31,536 - INFO - Processed: give (Level 1)
2025-08-19 14:00:34,264 - INFO - Processed: perspicacious (Level 4)
2025-08-19 14:00:37,004 - INFO - Processed: sciatica (Level 4)
2025-08-19 14:00:39,522 - INFO - Processed: united (Level 2)
2025-08-19 14:00:40,790 - WARNING - No definition found for 'risorgimento', adding to review list
2025-08-19 14:00:42,041 - INFO - Processed: risorgimento (Level 4)
2025-08-19 14:00:44,768 - INFO - Processed: crown (Level 1)
2025-08-19 14:00:46,128 - WARNING - No definition found for 'bdelloid', adding to review list
2025-08-19 14:00:47,892 - INFO - Processed: bdelloid (Level 2)
2025-08-19 14:00:49,860 - WARNING - No definition found for 'badgerbailiff', adding to review list
2025-08-19 14:00:51,134 - INFO - Processed: badgerbailiff (Level 4)
2025-08-19 14:00:53,648 - INFO - Processed: undertaken (Level 4)
2025-08-19 14:00:56,177 - INFO - Processed: park (Level 1)
2025-08-19 14:00:58,769 - INFO - Processed: porter (Level 2)
2025-08-19 14:01:01,561 - INFO - Processed: attention (Level 3)
2025-08-19 14:01:04,512 - INFO - Processed: oviparous (Level 4)
2025-08-19 14:01:08,096 - INFO - Processed: calumet (Level 2)
2025-08-19 14:01:10,525 - INFO - Processed: swipe (Level 1)
2025-08-19 14:01:11,943 - WARNING - No definition found for 'exsect', adding to review list
2025-08-19 14:01:13,217 - INFO - Processed: exsect (Level 2)
2025-08-19 14:01:15,754 - INFO - Processed: raspberry (Level 3)
2025-08-19 14:01:18,184 - INFO - Processed: petroleum (Level 4)
2025-08-19 14:01:20,643 - INFO - Processed: steel (Level 1)
2025-08-19 14:01:21,956 - WARNING - No definition found for 'shruthika', adding to review list
2025-08-19 14:01:23,187 - INFO - Processed: shruthika (Level 1)
2025-08-19 14:01:25,571 - INFO - Processed: substitute (Level 4)
2025-08-19 14:01:28,350 - INFO - Processed: ringing (Level 2)
2025-08-19 14:01:32,000 - INFO - Processed: interregnum (Level 4)
2025-08-19 14:01:34,514 - INFO - Processed: stiff (Level 1)
2025-08-19 14:01:37,246 - INFO - Processed: family (Level 2)
2025-08-19 14:01:38,510 - WARNING - No definition found for 'sufi', adding to review list
2025-08-19 14:01:40,750 - INFO - Processed: sufi (Level 1)
2025-08-19 14:01:43,999 - INFO - Processed: mighty (Level 2)
2025-08-19 14:01:46,724 - INFO - Processed: diastole (Level 3)
2025-08-19 14:01:49,418 - INFO - Processed: medieval (Level 2)
2025-08-19 14:01:52,412 - INFO - Processed: fluoride (Level 3)
2025-08-19 14:01:54,870 - INFO - Processed: shadow (Level 2)
2025-08-19 14:01:57,391 - INFO - Processed: plaintiff (Level 4)
2025-08-19 14:02:00,499 - INFO - Processed: toughness (Level 3)
2025-08-19 14:02:03,678 - INFO - Processed: tablets (Level 2)
2025-08-19 14:02:06,389 - INFO - Processed: blame (Level 1)
2025-08-19 14:02:08,797 - INFO - Processed: snail (Level 1)
2025-08-19 14:02:11,199 - INFO - Processed: knock (Level 1)
2025-08-19 14:02:13,737 - INFO - Processed: cenote (Level 2)
2025-08-19 14:02:15,039 - WARNING - No definition found for 'ligas', adding to review list
2025-08-19 14:02:16,362 - INFO - Processed: ligas (Level 1)
2025-08-19 14:02:18,125 - WARNING - No definition found for 'mesopotamian', adding to review list
2025-08-19 14:02:20,368 - INFO - Processed: mesopotamian (Level 4)
2025-08-19 14:02:23,816 - INFO - Processed: toreutics (Level 4)
2025-08-19 14:02:26,374 - INFO - Processed: gnomon (Level 2)
2025-08-19 14:02:29,431 - INFO - Processed: pallor (Level 2)
2025-08-19 14:02:32,577 - INFO - Processed: mangrove (Level 2)
2025-08-19 14:02:34,274 - WARNING - No definition found for 'kreteloi', adding to review list
2025-08-19 14:02:35,510 - INFO - Processed: kreteloi (Level 3)
2025-08-19 14:02:38,061 - INFO - Processed: slush (Level 1)
2025-08-19 14:02:39,309 - WARNING - No definition found for 'spellingadds', adding to review list
2025-08-19 14:02:40,512 - INFO - Processed: spellingadds (Level 4)
2025-08-19 14:02:43,240 - INFO - Processed: decennial (Level 4)
2025-08-19 14:02:46,578 - INFO - Processed: cladogram (Level 4)
2025-08-19 14:02:48,457 - WARNING - No definition found for 'coaxationardoise', adding to review list
2025-08-19 14:02:49,696 - INFO - Processed: coaxationardoise (Level 5)
2025-08-19 14:02:52,776 - INFO - Processed: fondant (Level 2)
2025-08-19 14:02:55,221 - INFO - Processed: rhododendron (Level 4)
2025-08-19 14:02:57,948 - INFO - Processed: black (Level 1)
2025-08-19 14:03:00,460 - INFO - Processed: ceiling (Level 2)
2025-08-19 14:03:02,967 - INFO - Processed: blissfully (Level 2)
2025-08-19 14:03:06,027 - INFO - Processed: hypotenuse (Level 4)
2025-08-19 14:03:08,694 - INFO - Processed: julienne (Level 4)
2025-08-19 14:03:10,609 - WARNING - No definition found for 'proneselfie', adding to review list
2025-08-19 14:03:11,888 - INFO - Processed: proneselfie (Level 3)
2025-08-19 14:03:14,302 - INFO - Processed: literally (Level 4)
2025-08-19 14:03:16,957 - INFO - Processed: homeopathic (Level 4)
2025-08-19 14:03:19,483 - INFO - Processed: philtrum (Level 4)
2025-08-19 14:03:23,030 - INFO - Processed: severance (Level 4)
2025-08-19 14:03:24,300 - WARNING - No definition found for 'surlyw', adding to review list
2025-08-19 14:03:25,583 - INFO - Processed: surlyw (Level 2)
2025-08-19 14:03:28,839 - INFO - Processed: ritenuto (Level 1)
2025-08-19 14:03:32,456 - INFO - Processed: catching (Level 4)
2025-08-19 14:03:33,881 - WARNING - No definition found for 'frison', adding to review list
2025-08-19 14:03:35,120 - INFO - Processed: frison (Level 2)
2025-08-19 14:03:38,898 - INFO - Processed: receives (Level 4)
2025-08-19 14:03:41,914 - INFO - Processed: sesame (Level 2)
2025-08-19 14:03:43,200 - WARNING - No definition found for 'appropriaterummages', adding to review list
2025-08-19 14:03:44,392 - INFO - Processed: appropriaterummages (Level 5)
2025-08-19 14:03:46,732 - WARNING - No definition found for 'espaliercreances', adding to review list
2025-08-19 14:03:48,032 - INFO - Processed: espaliercreances (Level 5)
2025-08-19 14:03:49,784 - WARNING - No definition found for 'honestholler', adding to review list
2025-08-19 14:03:51,293 - INFO - Processed: honestholler (Level 2)
2025-08-19 14:03:53,024 - WARNING - No definition found for 'guichet', adding to review list
2025-08-19 14:03:54,279 - INFO - Processed: guichet (Level 2)
2025-08-19 14:03:56,775 - INFO - Processed: camel (Level 1)
2025-08-19 14:03:59,231 - INFO - Processed: point (Level 1)
2025-08-19 14:04:02,311 - INFO - Processed: ouster (Level 2)
2025-08-19 14:04:04,928 - INFO - Processed: realtor (Level 2)
2025-08-19 14:04:07,878 - INFO - Processed: topped (Level 2)
2025-08-19 14:04:10,406 - INFO - Processed: beautician (Level 1)
2025-08-19 14:04:13,037 - INFO - Processed: cannoli (Level 2)
2025-08-19 14:04:15,589 - INFO - Processed: purpose (Level 2)
2025-08-19 14:04:18,845 - INFO - Processed: gyttja (Level 2)
2025-08-19 14:04:21,839 - INFO - Processed: lacustrine (Level 4)
2025-08-19 14:04:21,993 - INFO - Checkpoint saved: 2600 words
2025-08-19 14:04:21,993 - INFO - Checkpoint saved after batch 26
2025-08-19 14:04:21,993 - INFO - Processing batch 27 (2601-2700 of 10114)
2025-08-19 14:04:24,510 - INFO - Processed: subterranean (Level 4)
2025-08-19 14:04:25,867 - WARNING - No definition found for 'bona', adding to review list
2025-08-19 14:04:27,208 - INFO - Processed: bona (Level 1)
2025-08-19 14:04:29,958 - INFO - Processed: balloon (Level 2)
2025-08-19 14:04:32,552 - INFO - Processed: dawdle (Level 2)
2025-08-19 14:04:34,971 - INFO - Processed: tapestry (Level 1)
2025-08-19 14:04:37,456 - INFO - Processed: voluntary (Level 2)
2025-08-19 14:04:39,833 - INFO - Processed: bribery (Level 2)
2025-08-19 14:04:42,782 - INFO - Processed: congratulate (Level 3)
2025-08-19 14:04:45,498 - INFO - Processed: studied (Level 2)
2025-08-19 14:04:46,771 - WARNING - No definition found for 'chauve', adding to review list
2025-08-19 14:04:47,977 - INFO - Processed: chauve (Level 2)
2025-08-19 14:04:50,957 - INFO - Processed: slate (Level 1)
2025-08-19 14:04:52,162 - WARNING - No definition found for 'hei', adding to review list
2025-08-19 14:04:53,417 - INFO - Processed: hei (Level 1)
2025-08-19 14:04:56,314 - INFO - Processed: yurt (Level 1)
2025-08-19 14:04:58,919 - INFO - Processed: primaeval (Level 4)
2025-08-19 14:05:01,427 - INFO - Processed: traitorous (Level 2)
2025-08-19 14:05:03,875 - INFO - Processed: privilege (Level 3)
2025-08-19 14:05:06,317 - INFO - Processed: awry (Level 1)
2025-08-19 14:05:09,840 - INFO - Processed: moppet (Level 2)
2025-08-19 14:05:11,748 - WARNING - No definition found for 'cochlear', adding to review list
2025-08-19 14:05:13,035 - INFO - Processed: cochlear (Level 4)
2025-08-19 14:05:15,529 - INFO - Processed: appearance (Level 4)
2025-08-19 14:05:16,816 - WARNING - No definition found for 'croquignole', adding to review list
2025-08-19 14:05:18,085 - INFO - Processed: croquignole (Level 4)
2025-08-19 14:05:20,658 - INFO - Processed: yakitori (Level 4)
2025-08-19 14:05:24,075 - INFO - Processed: lento (Level 1)
2025-08-19 14:05:27,868 - INFO - Processed: susurrus (Level 2)
2025-08-19 14:05:30,925 - INFO - Processed: science (Level 2)
2025-08-19 14:05:33,433 - INFO - Processed: gossamer (Level 4)
2025-08-19 14:05:36,638 - INFO - Processed: liana (Level 1)
2025-08-19 14:05:39,505 - INFO - Processed: inventory (Level 3)
2025-08-19 14:05:42,181 - INFO - Processed: quotation (Level 3)
2025-08-19 14:05:45,374 - INFO - Processed: lamp (Level 1)
2025-08-19 14:05:48,475 - INFO - Processed: conjunto (Level 3)
2025-08-19 14:05:49,906 - WARNING - No definition found for 'orinoco', adding to review list
2025-08-19 14:05:51,286 - INFO - Processed: orinoco (Level 2)
2025-08-19 14:05:54,309 - INFO - Processed: anorak (Level 2)
2025-08-19 14:05:56,782 - INFO - Processed: book (Level 1)
2025-08-19 14:05:58,364 - WARNING - No definition found for 'immiscibletoroidal', adding to review list
2025-08-19 14:05:59,589 - INFO - Processed: immiscibletoroidal (Level 5)
2025-08-19 14:06:00,902 - WARNING - No definition found for 'cutiscyanosis', adding to review list
2025-08-19 14:06:02,235 - INFO - Processed: cutiscyanosis (Level 4)
2025-08-19 14:06:04,775 - WARNING - No definition found for 'persuasible', adding to review list
2025-08-19 14:06:06,033 - INFO - Processed: persuasible (Level 4)
2025-08-19 14:06:08,489 - INFO - Processed: events (Level 2)
2025-08-19 14:06:11,445 - INFO - Processed: biceps (Level 2)
2025-08-19 14:06:13,843 - INFO - Processed: itself (Level 2)
2025-08-19 14:06:16,246 - WARNING - No definition found for 'kalopanax', adding to review list
2025-08-19 14:06:17,721 - INFO - Processed: kalopanax (Level 4)
2025-08-19 14:06:20,827 - INFO - Processed: foyer (Level 1)
2025-08-19 14:06:23,366 - INFO - Processed: pseudonymous (Level 2)
2025-08-19 14:06:25,917 - INFO - Processed: agitprop (Level 4)
2025-08-19 14:06:28,769 - INFO - Processed: apartment (Level 3)
2025-08-19 14:06:32,452 - INFO - Processed: notoriety (Level 4)
2025-08-19 14:06:35,667 - INFO - Processed: strings (Level 2)
2025-08-19 14:06:36,914 - WARNING - No definition found for 'recruittableau', adding to review list
2025-08-19 14:06:38,167 - INFO - Processed: recruittableau (Level 5)
2025-08-19 14:06:40,757 - INFO - Processed: covetous (Level 1)
2025-08-19 14:06:44,044 - INFO - Processed: gratitude (Level 3)
2025-08-19 14:06:47,512 - INFO - Processed: dance (Level 1)
2025-08-19 14:06:50,523 - INFO - Processed: paraplegic (Level 4)
2025-08-19 14:06:52,953 - INFO - Processed: dandle (Level 2)
2025-08-19 14:06:54,660 - WARNING - No definition found for 'froufroudifficulty', adding to review list
2025-08-19 14:06:56,048 - INFO - Processed: froufroudifficulty (Level 5)
2025-08-19 14:06:57,750 - WARNING - No definition found for 'limpa', adding to review list
2025-08-19 14:06:59,015 - INFO - Processed: limpa (Level 1)
2025-08-19 14:07:02,148 - INFO - Processed: depredation (Level 4)
2025-08-19 14:07:03,420 - WARNING - No definition found for 'rst', adding to review list
2025-08-19 14:07:04,646 - INFO - Processed: rst (Level 1)
2025-08-19 14:07:07,346 - INFO - Processed: misery (Level 2)
2025-08-19 14:07:10,127 - INFO - Processed: rugose (Level 2)
2025-08-19 14:07:13,011 - INFO - Processed: believers (Level 4)
2025-08-19 14:07:15,574 - INFO - Processed: defined (Level 2)
2025-08-19 14:07:18,558 - INFO - Processed: tessitura (Level 4)
2025-08-19 14:07:21,010 - INFO - Processed: soft (Level 1)
2025-08-19 14:07:23,732 - INFO - Processed: lemon (Level 1)
2025-08-19 14:07:25,483 - WARNING - No definition found for 'animustrillium', adding to review list
2025-08-19 14:07:26,669 - INFO - Processed: animustrillium (Level 5)
2025-08-19 14:07:29,614 - INFO - Processed: nebulous (Level 3)
2025-08-19 14:07:32,331 - INFO - Processed: wearing (Level 2)
2025-08-19 14:07:34,770 - INFO - Processed: dire (Level 1)
2025-08-19 14:07:36,014 - WARNING - No definition found for 'turquois', adding to review list
2025-08-19 14:07:37,242 - INFO - Processed: turquois (Level 3)
2025-08-19 14:07:39,925 - INFO - Processed: evidence (Level 1)
2025-08-19 14:07:42,455 - INFO - Processed: burial (Level 2)
2025-08-19 14:07:45,237 - INFO - Processed: shape (Level 1)
2025-08-19 14:07:47,685 - INFO - Processed: wrath (Level 1)
2025-08-19 14:07:48,928 - WARNING - No definition found for 'bayreuth', adding to review list
2025-08-19 14:07:50,673 - INFO - Processed: bayreuth (Level 2)
2025-08-19 14:07:56,149 - INFO - Processed: sodium (Level 2)
2025-08-19 14:07:58,683 - INFO - Processed: niche (Level 1)
2025-08-19 14:07:59,900 - WARNING - No definition found for 'americana', adding to review list
2025-08-19 14:08:01,175 - INFO - Processed: americana (Level 3)
2025-08-19 14:08:03,914 - INFO - Processed: medulla (Level 2)
2025-08-19 14:08:05,855 - WARNING - No definition found for 'portmanteaucoaxation', adding to review list
2025-08-19 14:08:07,441 - INFO - Processed: portmanteaucoaxation (Level 5)
2025-08-19 14:08:09,138 - WARNING - No definition found for 'censusstagflation', adding to review list
2025-08-19 14:08:10,390 - INFO - Processed: censusstagflation (Level 5)
2025-08-19 14:08:11,809 - WARNING - No definition found for 'nisse', adding to review list
2025-08-19 14:08:13,039 - INFO - Processed: nisse (Level 1)
2025-08-19 14:08:15,718 - INFO - Processed: whine (Level 1)
2025-08-19 14:08:18,715 - INFO - Processed: narrative (Level 3)
2025-08-19 14:08:21,231 - INFO - Processed: sword (Level 1)
2025-08-19 14:08:23,738 - INFO - Processed: ourselves (Level 4)
2025-08-19 14:08:26,237 - INFO - Processed: katsura (Level 2)
2025-08-19 14:08:28,879 - INFO - Processed: fascinating (Level 4)
2025-08-19 14:08:30,080 - WARNING - No definition found for 'objet', adding to review list
2025-08-19 14:08:31,316 - INFO - Processed: objet (Level 1)
2025-08-19 14:08:34,258 - INFO - Processed: tomfoolery (Level 4)
2025-08-19 14:08:35,939 - WARNING - No definition found for 'carborane', adding to review list
2025-08-19 14:08:37,570 - INFO - Processed: carborane (Level 1)
2025-08-19 14:08:40,060 - INFO - Processed: fiduciary (Level 4)
2025-08-19 14:08:42,540 - INFO - Processed: deceptively (Level 3)
2025-08-19 14:08:44,951 - INFO - Processed: uneasy (Level 2)
2025-08-19 14:08:46,704 - WARNING - No definition found for 'castilian', adding to review list
2025-08-19 14:08:48,428 - INFO - Processed: castilian (Level 4)
2025-08-19 14:08:49,765 - WARNING - No definition found for 'genoise', adding to review list
2025-08-19 14:08:51,430 - INFO - Processed: genoise (Level 1)
2025-08-19 14:08:53,844 - INFO - Processed: tapioca (Level 2)
2025-08-19 14:08:56,776 - INFO - Processed: valley (Level 2)
2025-08-19 14:08:59,475 - INFO - Processed: badinage (Level 2)
2025-08-19 14:09:02,468 - INFO - Processed: tsunami (Level 2)
2025-08-19 14:09:05,389 - INFO - Processed: deuterium (Level 3)
2025-08-19 14:09:05,571 - INFO - Checkpoint saved: 2700 words
2025-08-19 14:09:05,571 - INFO - Checkpoint saved after batch 27
2025-08-19 14:09:05,571 - INFO - Processing batch 28 (2701-2800 of 10114)
2025-08-19 14:09:08,152 - INFO - Processed: jubilant (Level 3)
2025-08-19 14:09:12,040 - INFO - Processed: procurement (Level 4)
2025-08-19 14:09:14,781 - INFO - Processed: brownish (Level 4)
2025-08-19 14:09:17,336 - INFO - Processed: mineral (Level 2)
2025-08-19 14:09:19,147 - WARNING - No definition found for 'gabbroplural', adding to review list
2025-08-19 14:09:20,493 - INFO - Processed: gabbroplural (Level 4)
2025-08-19 14:09:23,057 - INFO - Processed: astrologer (Level 4)
2025-08-19 14:09:25,611 - INFO - Processed: while (Level 1)
2025-08-19 14:09:27,324 - WARNING - No definition found for 'blurtedwallet', adding to review list
2025-08-19 14:09:28,541 - INFO - Processed: blurtedwallet (Level 3)
2025-08-19 14:09:31,087 - INFO - Processed: east (Level 1)
2025-08-19 14:09:32,315 - WARNING - No definition found for 'ramificationstemerity', adding to review list
2025-08-19 14:09:33,549 - INFO - Processed: ramificationstemerity (Level 5)
2025-08-19 14:09:35,140 - WARNING - No definition found for 'alai', adding to review list
2025-08-19 14:09:36,370 - INFO - Processed: alai (Level 1)
2025-08-19 14:09:38,918 - INFO - Processed: lebensraum (Level 4)
2025-08-19 14:09:41,361 - INFO - Processed: solenoid (Level 2)
2025-08-19 14:09:44,416 - INFO - Processed: rapparee (Level 4)
2025-08-19 14:09:46,861 - INFO - Processed: ruled (Level 1)
2025-08-19 14:09:49,902 - INFO - Processed: theodicy (Level 1)
2025-08-19 14:09:52,456 - INFO - Processed: endearing (Level 4)
2025-08-19 14:09:55,168 - INFO - Processed: affogato (Level 4)
2025-08-19 14:09:56,580 - WARNING - No definition found for 'kingston', adding to review list
2025-08-19 14:09:58,177 - INFO - Processed: kingston (Level 4)
2025-08-19 14:10:00,950 - INFO - Processed: arrogant (Level 2)
2025-08-19 14:10:05,481 - INFO - Processed: chevrotain (Level 4)
2025-08-19 14:10:07,949 - INFO - Processed: engaging (Level 3)
2025-08-19 14:10:09,682 - WARNING - No definition found for 'spandau', adding to review list
2025-08-19 14:10:11,152 - INFO - Processed: spandau (Level 2)
2025-08-19 14:10:15,312 - INFO - Processed: transference (Level 4)
2025-08-19 14:10:18,035 - INFO - Processed: pendentive (Level 4)
2025-08-19 14:10:20,505 - INFO - Processed: eternity (Level 2)
2025-08-19 14:10:23,510 - INFO - Processed: obstreperous (Level 4)
2025-08-19 14:10:26,094 - INFO - Processed: optimum (Level 2)
2025-08-19 14:10:28,719 - INFO - Processed: helium (Level 1)
2025-08-19 14:10:30,070 - WARNING - No definition found for 'fide', adding to review list
2025-08-19 14:10:31,320 - INFO - Processed: fide (Level 1)
2025-08-19 14:10:33,103 - WARNING - No definition found for 'lupercalia', adding to review list
2025-08-19 14:10:34,351 - INFO - Processed: lupercalia (Level 4)
2025-08-19 14:10:38,265 - INFO - Processed: smouldering (Level 4)
2025-08-19 14:10:41,443 - INFO - Processed: smorgasbord (Level 3)
2025-08-19 14:10:44,595 - INFO - Processed: nares (Level 1)
2025-08-19 14:10:47,176 - INFO - Processed: dumbwaiter (Level 3)
2025-08-19 14:10:49,658 - INFO - Processed: ten (Level 1)
2025-08-19 14:10:51,407 - WARNING - No definition found for 'fairesbrinz', adding to review list
2025-08-19 14:10:52,652 - INFO - Processed: fairesbrinz (Level 4)
2025-08-19 14:10:55,179 - INFO - Processed: somber (Level 1)
2025-08-19 14:10:58,539 - INFO - Processed: mortician (Level 4)
2025-08-19 14:10:59,768 - WARNING - No definition found for 'fauchard', adding to review list
2025-08-19 14:11:01,828 - INFO - Processed: fauchard (Level 4)
2025-08-19 14:11:03,066 - WARNING - No definition found for 'australian', adding to review list
2025-08-19 14:11:04,333 - INFO - Processed: australian (Level 3)
2025-08-19 14:11:06,889 - INFO - Processed: gingerbread (Level 2)
2025-08-19 14:11:08,177 - WARNING - No definition found for 'pisin', adding to review list
2025-08-19 14:11:09,478 - INFO - Processed: pisin (Level 1)
2025-08-19 14:11:10,779 - WARNING - No definition found for 'aten', adding to review list
2025-08-19 14:11:12,893 - INFO - Processed: aten (Level 1)
2025-08-19 14:11:14,122 - WARNING - No definition found for 'parquetparterre', adding to review list
2025-08-19 14:11:15,361 - INFO - Processed: parquetparterre (Level 5)
2025-08-19 14:11:18,113 - INFO - Processed: plaza (Level 1)
2025-08-19 14:11:21,322 - INFO - Processed: flimsy (Level 2)
2025-08-19 14:11:25,036 - INFO - Processed: silence (Level 2)
2025-08-19 14:11:27,716 - INFO - Processed: irreversible (Level 4)
2025-08-19 14:11:31,185 - INFO - Processed: asthmatic (Level 4)
2025-08-19 14:11:33,553 - WARNING - No definition found for 'yoo', adding to review list
2025-08-19 14:11:35,731 - INFO - Processed: yoo (Level 1)
2025-08-19 14:11:38,487 - INFO - Processed: dyspeptic (Level 4)
2025-08-19 14:11:39,731 - WARNING - No definition found for 'onychorrhexis', adding to review list
2025-08-19 14:11:40,934 - INFO - Processed: onychorrhexis (Level 4)
2025-08-19 14:11:43,325 - INFO - Processed: convince (Level 4)
2025-08-19 14:11:44,591 - WARNING - No definition found for 'novanglian', adding to review list
2025-08-19 14:11:46,458 - INFO - Processed: novanglian (Level 4)
2025-08-19 14:11:49,384 - INFO - Processed: member (Level 2)
2025-08-19 14:11:52,405 - INFO - Processed: jamboree (Level 1)
2025-08-19 14:11:54,782 - INFO - Processed: rabid (Level 1)
2025-08-19 14:11:57,483 - INFO - Processed: hillock (Level 2)
2025-08-19 14:12:01,536 - INFO - Processed: dashiki (Level 2)
2025-08-19 14:12:04,611 - INFO - Processed: shamrock (Level 4)
2025-08-19 14:12:06,958 - INFO - Processed: tales (Level 1)
2025-08-19 14:12:09,808 - INFO - Processed: still (Level 1)
2025-08-19 14:12:14,378 - INFO - Processed: obscure (Level 2)
2025-08-19 14:12:16,120 - WARNING - No definition found for 'circuitousveracity', adding to review list
2025-08-19 14:12:17,361 - INFO - Processed: circuitousveracity (Level 5)
2025-08-19 14:12:18,664 - WARNING - No definition found for 'persian', adding to review list
2025-08-19 14:12:19,868 - INFO - Processed: persian (Level 2)
2025-08-19 14:12:22,653 - INFO - Processed: oncologist (Level 3)
2025-08-19 14:12:27,120 - INFO - Processed: emboldened (Level 2)
2025-08-19 14:12:28,629 - WARNING - No definition found for 'bessemer', adding to review list
2025-08-19 14:12:29,928 - INFO - Processed: bessemer (Level 4)
2025-08-19 14:12:32,512 - INFO - Processed: strait (Level 2)
2025-08-19 14:12:34,971 - INFO - Processed: apoplexy (Level 2)
2025-08-19 14:12:36,401 - WARNING - No definition found for 'ersion', adding to review list
2025-08-19 14:12:37,682 - INFO - Processed: ersion (Level 2)
2025-08-19 14:12:40,286 - INFO - Processed: spading (Level 2)
2025-08-19 14:12:43,609 - INFO - Processed: corinthian (Level 4)
2025-08-19 14:12:44,908 - WARNING - No definition found for 'anabolicjimberjawed', adding to review list
2025-08-19 14:12:46,139 - INFO - Processed: anabolicjimberjawed (Level 5)
2025-08-19 14:12:47,447 - WARNING - No definition found for 'enoch', adding to review list
2025-08-19 14:12:48,701 - INFO - Processed: enoch (Level 1)
2025-08-19 14:12:49,923 - WARNING - No definition found for 'accompli', adding to review list
2025-08-19 14:12:51,624 - INFO - Processed: accompli (Level 2)
2025-08-19 14:12:54,106 - INFO - Processed: literatim (Level 4)
2025-08-19 14:12:55,834 - WARNING - No definition found for 'tweeholiday', adding to review list
2025-08-19 14:12:57,054 - INFO - Processed: tweeholiday (Level 2)
2025-08-19 14:12:59,486 - INFO - Processed: attributed (Level 4)
2025-08-19 14:13:02,021 - INFO - Processed: xylem (Level 1)
2025-08-19 14:13:04,717 - INFO - Processed: aware (Level 1)
2025-08-19 14:13:07,522 - INFO - Processed: therapeutic (Level 2)
2025-08-19 14:13:12,511 - INFO - Processed: proprioceptive (Level 5)
2025-08-19 14:13:15,110 - INFO - Processed: needle (Level 2)
2025-08-19 14:13:18,214 - INFO - Processed: cheek (Level 1)
2025-08-19 14:13:20,656 - INFO - Processed: taciturn (Level 4)
2025-08-19 14:13:25,577 - INFO - Processed: generosity (Level 1)
2025-08-19 14:13:28,014 - INFO - Processed: clandestine (Level 4)
2025-08-19 14:13:30,436 - INFO - Processed: interact (Level 4)
2025-08-19 14:13:33,024 - INFO - Processed: impostor (Level 1)
2025-08-19 14:13:37,429 - INFO - Processed: chachalacas (Level 4)
2025-08-19 14:13:38,694 - WARNING - No definition found for 'lingua', adding to review list
2025-08-19 14:13:39,930 - INFO - Processed: lingua (Level 2)
2025-08-19 14:13:42,410 - INFO - Processed: earthquake (Level 1)
2025-08-19 14:13:45,057 - INFO - Processed: firmly (Level 2)
2025-08-19 14:13:48,525 - INFO - Processed: detect (Level 2)
2025-08-19 14:13:51,574 - INFO - Processed: civet (Level 1)
2025-08-19 14:13:54,178 - INFO - Processed: extinguish (Level 3)
2025-08-19 14:13:55,446 - WARNING - No definition found for 'kentledge', adding to review list
2025-08-19 14:13:56,732 - INFO - Processed: kentledge (Level 4)
2025-08-19 14:13:59,379 - INFO - Processed: ballyhooed (Level 4)
2025-08-19 14:13:59,553 - INFO - Checkpoint saved: 2800 words
2025-08-19 14:13:59,553 - INFO - Checkpoint saved after batch 28
2025-08-19 14:13:59,553 - INFO - Processing batch 29 (2801-2900 of 10114)
2025-08-19 14:14:02,621 - INFO - Processed: protruding (Level 2)
2025-08-19 14:14:05,948 - INFO - Processed: existence (Level 4)
2025-08-19 14:14:08,500 - INFO - Processed: inculcate (Level 1)
2025-08-19 14:14:11,007 - INFO - Processed: habitue (Level 1)
2025-08-19 14:14:12,311 - WARNING - No definition found for 'gerbilles', adding to review list
2025-08-19 14:14:13,828 - INFO - Processed: gerbilles (Level 4)
2025-08-19 14:14:16,492 - INFO - Processed: reference (Level 3)
2025-08-19 14:14:19,630 - INFO - Processed: bonfire (Level 2)
2025-08-19 14:14:21,042 - WARNING - No definition found for 'listsevery', adding to review list
2025-08-19 14:14:22,302 - INFO - Processed: listsevery (Level 4)
2025-08-19 14:14:24,924 - INFO - Processed: rennet (Level 2)
2025-08-19 14:14:26,663 - WARNING - No definition found for 'cattalo', adding to review list
2025-08-19 14:14:27,901 - INFO - Processed: cattalo (Level 2)
2025-08-19 14:14:30,364 - INFO - Processed: deviation (Level 3)
2025-08-19 14:14:32,822 - INFO - Processed: situation (Level 4)
2025-08-19 14:14:34,054 - WARNING - No definition found for 'forgetrare', adding to review list
2025-08-19 14:14:35,298 - INFO - Processed: forgetrare (Level 3)
2025-08-19 14:14:38,120 - INFO - Processed: alpacas (Level 2)
2025-08-19 14:14:39,861 - WARNING - No definition found for 'sirjana', adding to review list
2025-08-19 14:14:41,080 - INFO - Processed: sirjana (Level 2)
2025-08-19 14:14:44,121 - INFO - Processed: foley (Level 1)
2025-08-19 14:14:48,540 - INFO - Processed: carpal (Level 2)
2025-08-19 14:14:51,173 - INFO - Processed: mythology (Level 4)
2025-08-19 14:14:54,259 - INFO - Processed: stopped (Level 2)
2025-08-19 14:14:57,645 - INFO - Processed: talons (Level 2)
2025-08-19 14:15:00,700 - INFO - Processed: enlarged (Level 4)
2025-08-19 14:15:03,677 - INFO - Processed: ous (Level 1)
2025-08-19 14:15:05,544 - WARNING - No definition found for 'jurassicmyoglobin', adding to review list
2025-08-19 14:15:06,754 - INFO - Processed: jurassicmyoglobin (Level 5)
2025-08-19 14:15:09,822 - INFO - Processed: ancillary (Level 4)
2025-08-19 14:15:12,378 - INFO - Processed: exclamation (Level 4)
2025-08-19 14:15:15,433 - INFO - Processed: interim (Level 2)
2025-08-19 14:15:17,972 - INFO - Processed: sea (Level 1)
2025-08-19 14:15:20,574 - INFO - Processed: cardoon (Level 2)
2025-08-19 14:15:23,242 - INFO - Processed: toss (Level 1)
2025-08-19 14:15:25,811 - INFO - Processed: messenger (Level 1)
2025-08-19 14:15:28,267 - INFO - Processed: legacy (Level 2)
2025-08-19 14:15:30,896 - INFO - Processed: trinkets (Level 4)
2025-08-19 14:15:33,611 - INFO - Processed: internecine (Level 4)
2025-08-19 14:15:36,385 - INFO - Processed: launch (Level 2)
2025-08-19 14:15:40,726 - INFO - Processed: usurper (Level 2)
2025-08-19 14:15:43,219 - INFO - Processed: trigonometry (Level 3)
2025-08-19 14:15:46,215 - INFO - Processed: ventricle (Level 4)
2025-08-19 14:15:47,498 - WARNING - No definition found for 'fjeld', adding to review list
2025-08-19 14:15:48,737 - INFO - Processed: fjeld (Level 1)
2025-08-19 14:15:50,099 - WARNING - No definition found for 'revulsive', adding to review list
2025-08-19 14:15:51,307 - INFO - Processed: revulsive (Level 4)
2025-08-19 14:15:53,734 - INFO - Processed: compendium (Level 4)
2025-08-19 14:15:56,167 - INFO - Processed: head (Level 1)
2025-08-19 14:15:57,674 - WARNING - No definition found for 'oregon', adding to review list
2025-08-19 14:15:58,922 - INFO - Processed: oregon (Level 2)
2025-08-19 14:16:01,915 - INFO - Processed: monk (Level 1)
2025-08-19 14:16:03,137 - WARNING - No definition found for 'yorkshire', adding to review list
2025-08-19 14:16:05,203 - INFO - Processed: yorkshire (Level 4)
2025-08-19 14:16:10,425 - INFO - Processed: vision (Level 2)
2025-08-19 14:16:13,354 - INFO - Processed: becoming (Level 4)
2025-08-19 14:16:15,689 - INFO - Processed: macaw (Level 1)
2025-08-19 14:16:18,794 - INFO - Processed: corrigenda (Level 4)
2025-08-19 14:16:20,282 - WARNING - No definition found for 'gaia', adding to review list
2025-08-19 14:16:21,692 - INFO - Processed: gaia (Level 1)
2025-08-19 14:16:24,246 - INFO - Processed: poor (Level 1)
2025-08-19 14:16:26,017 - WARNING - No definition found for 'choctaws', adding to review list
2025-08-19 14:16:27,239 - INFO - Processed: choctaws (Level 4)
2025-08-19 14:16:29,980 - INFO - Processed: oftentimes (Level 3)
2025-08-19 14:16:33,194 - INFO - Processed: gastritis (Level 3)
2025-08-19 14:16:36,266 - INFO - Processed: fellahin (Level 4)
2025-08-19 14:16:38,665 - INFO - Processed: ambitious (Level 1)
2025-08-19 14:16:41,391 - INFO - Processed: chi (Level 1)
2025-08-19 14:16:43,897 - INFO - Processed: medium (Level 2)
2025-08-19 14:16:46,719 - INFO - Processed: purposes (Level 3)
2025-08-19 14:16:49,667 - INFO - Processed: alone (Level 1)
2025-08-19 14:16:52,564 - INFO - Processed: fido (Level 1)
2025-08-19 14:16:55,298 - INFO - Processed: death (Level 1)
2025-08-19 14:16:56,609 - WARNING - No definition found for 'batamote', adding to review list
2025-08-19 14:16:57,876 - INFO - Processed: batamote (Level 4)
2025-08-19 14:17:02,867 - INFO - Processed: asura (Level 1)
2025-08-19 14:17:05,963 - INFO - Processed: rancid (Level 2)
2025-08-19 14:17:07,294 - WARNING - No definition found for 'robigalia', adding to review list
2025-08-19 14:17:08,576 - INFO - Processed: robigalia (Level 4)
2025-08-19 14:17:10,996 - WARNING - No definition found for 'vinegarfiduciary', adding to review list
2025-08-19 14:17:12,211 - INFO - Processed: vinegarfiduciary (Level 5)
2025-08-19 14:17:14,739 - INFO - Processed: twitter (Level 2)
2025-08-19 14:17:17,282 - INFO - Processed: flamingos (Level 2)
2025-08-19 14:17:20,449 - INFO - Processed: potoroo (Level 2)
2025-08-19 14:17:21,722 - WARNING - No definition found for 'zamboniblarney', adding to review list
2025-08-19 14:17:22,967 - INFO - Processed: zamboniblarney (Level 5)
2025-08-19 14:17:25,442 - INFO - Processed: student (Level 2)
2025-08-19 14:17:27,864 - INFO - Processed: pretentious (Level 3)
2025-08-19 14:17:30,578 - INFO - Processed: clamorous (Level 2)
2025-08-19 14:17:33,130 - INFO - Processed: grapheme (Level 2)
2025-08-19 14:17:35,542 - INFO - Processed: legend (Level 1)
2025-08-19 14:17:38,143 - INFO - Processed: dough (Level 1)
2025-08-19 14:17:41,159 - INFO - Processed: millet (Level 2)
2025-08-19 14:17:44,397 - INFO - Processed: sannyasi (Level 4)
2025-08-19 14:17:47,079 - INFO - Processed: imagined (Level 2)
2025-08-19 14:17:55,076 - INFO - Processed: fast (Level 1)
2025-08-19 14:17:57,589 - INFO - Processed: defector (Level 2)
2025-08-19 14:17:59,712 - WARNING - No definition found for 'merak', adding to review list
2025-08-19 14:18:00,930 - INFO - Processed: merak (Level 1)
2025-08-19 14:18:02,276 - WARNING - No definition found for 'ryas', adding to review list
2025-08-19 14:18:05,045 - INFO - Processed: ryas (Level 1)
2025-08-19 14:18:06,872 - WARNING - No definition found for 'bidialectal', adding to review list
2025-08-19 14:18:08,103 - INFO - Processed: bidialectal (Level 2)
2025-08-19 14:18:10,620 - INFO - Processed: preferential (Level 3)
2025-08-19 14:18:13,069 - INFO - Processed: laundromat (Level 3)
2025-08-19 14:18:18,271 - INFO - Processed: sacristy (Level 2)
2025-08-19 14:18:20,759 - INFO - Processed: fedora (Level 2)
2025-08-19 14:18:23,229 - INFO - Processed: pancreas (Level 4)
2025-08-19 14:18:26,367 - INFO - Processed: classroom (Level 4)
2025-08-19 14:18:29,029 - INFO - Processed: labefaction (Level 3)
2025-08-19 14:18:31,662 - INFO - Processed: leaven (Level 2)
2025-08-19 14:18:34,137 - INFO - Processed: home (Level 1)
2025-08-19 14:18:36,646 - INFO - Processed: facebook (Level 4)
2025-08-19 14:18:39,422 - INFO - Processed: chandleries (Level 3)
2025-08-19 14:18:42,160 - INFO - Processed: incense (Level 2)
2025-08-19 14:18:44,566 - INFO - Processed: conciliatory (Level 4)
2025-08-19 14:18:47,048 - INFO - Processed: begin (Level 1)
2025-08-19 14:18:49,429 - INFO - Processed: early (Level 1)
2025-08-19 14:18:52,074 - INFO - Processed: wings (Level 1)
2025-08-19 14:18:52,230 - INFO - Checkpoint saved: 2900 words
2025-08-19 14:18:52,230 - INFO - Checkpoint saved after batch 29
2025-08-19 14:18:52,230 - INFO - Processing batch 30 (2901-3000 of 10114)
2025-08-19 14:18:54,960 - INFO - Processed: months (Level 2)
2025-08-19 14:18:56,675 - WARNING - No definition found for 'azulejoorganized', adding to review list
2025-08-19 14:18:57,926 - INFO - Processed: azulejoorganized (Level 5)
2025-08-19 14:19:00,445 - INFO - Processed: lubbers (Level 2)
2025-08-19 14:19:03,850 - INFO - Processed: luculent (Level 4)
2025-08-19 14:19:06,254 - INFO - Processed: fragile (Level 2)
2025-08-19 14:19:09,150 - INFO - Processed: germane (Level 2)
2025-08-19 14:19:11,031 - WARNING - No definition found for 'americanaamiably', adding to review list
2025-08-19 14:19:12,662 - INFO - Processed: americanaamiably (Level 5)
2025-08-19 14:19:15,130 - INFO - Processed: sequel (Level 2)
2025-08-19 14:19:17,725 - INFO - Processed: deadpan (Level 2)
2025-08-19 14:19:20,220 - INFO - Processed: scholarship (Level 4)
2025-08-19 14:19:22,185 - WARNING - No definition found for 'tae', adding to review list
2025-08-19 14:19:23,671 - INFO - Processed: tae (Level 1)
2025-08-19 14:19:26,469 - INFO - Processed: great (Level 1)
2025-08-19 14:19:29,022 - INFO - Processed: penguin (Level 2)
2025-08-19 14:19:31,607 - INFO - Processed: tulip (Level 1)
2025-08-19 14:19:34,142 - INFO - Processed: turmeric (Level 3)
2025-08-19 14:19:37,016 - INFO - Processed: ministry (Level 4)
2025-08-19 14:19:40,036 - INFO - Processed: lucrative (Level 1)
2025-08-19 14:19:42,434 - INFO - Processed: historic (Level 4)
2025-08-19 14:19:45,009 - INFO - Processed: glossary (Level 4)
2025-08-19 14:19:47,453 - INFO - Processed: longitude (Level 4)
2025-08-19 14:19:51,896 - INFO - Processed: villi (Level 1)
2025-08-19 14:19:53,158 - WARNING - No definition found for 'carapacedauerlauf', adding to review list
2025-08-19 14:19:54,423 - INFO - Processed: carapacedauerlauf (Level 5)
2025-08-19 14:19:57,456 - INFO - Processed: powder (Level 1)
2025-08-19 14:20:00,086 - INFO - Processed: edible (Level 2)
2025-08-19 14:20:02,534 - INFO - Processed: frugal (Level 2)
2025-08-19 14:20:05,220 - INFO - Processed: hurriedly (Level 3)
2025-08-19 14:20:08,605 - INFO - Processed: emergence (Level 3)
2025-08-19 14:20:11,473 - INFO - Processed: want (Level 1)
2025-08-19 14:20:14,283 - INFO - Processed: butterfly (Level 4)
2025-08-19 14:20:16,675 - INFO - Processed: mandate (Level 2)
2025-08-19 14:20:19,235 - INFO - Processed: mislead (Level 2)
2025-08-19 14:20:21,714 - INFO - Processed: kente (Level 1)
2025-08-19 14:20:24,189 - INFO - Processed: bird (Level 1)
2025-08-19 14:20:26,769 - INFO - Processed: louis (Level 1)
2025-08-19 14:20:33,452 - INFO - Processed: apparently (Level 4)
2025-08-19 14:20:36,149 - INFO - Processed: meet (Level 1)
2025-08-19 14:20:38,611 - INFO - Processed: arrive (Level 2)
2025-08-19 14:20:41,072 - INFO - Processed: answer (Level 2)
2025-08-19 14:20:42,749 - WARNING - No definition found for 'grandiloquentarmature', adding to review list
2025-08-19 14:20:44,008 - INFO - Processed: grandiloquentarmature (Level 5)
2025-08-19 14:20:46,951 - INFO - Processed: stagecoach (Level 3)
2025-08-19 14:20:49,925 - INFO - Processed: plover (Level 2)
2025-08-19 14:20:52,451 - INFO - Processed: romano (Level 2)
2025-08-19 14:20:54,908 - INFO - Processed: transfixed (Level 4)
2025-08-19 14:20:57,467 - INFO - Processed: parabola (Level 4)
2025-08-19 14:20:59,136 - WARNING - No definition found for 'nomancy', adding to review list
2025-08-19 14:21:00,716 - INFO - Processed: nomancy (Level 2)
2025-08-19 14:21:03,298 - INFO - Processed: condominium (Level 3)
2025-08-19 14:21:05,810 - INFO - Processed: cholesterol (Level 4)
2025-08-19 14:21:08,379 - INFO - Processed: feckless (Level 4)
2025-08-19 14:21:11,010 - INFO - Processed: pali (Level 1)
2025-08-19 14:21:14,051 - INFO - Processed: feeds (Level 1)
2025-08-19 14:21:16,774 - INFO - Processed: swept (Level 1)
2025-08-19 14:21:19,255 - INFO - Processed: coveralls (Level 2)
2025-08-19 14:21:22,437 - INFO - Processed: womyn (Level 1)
2025-08-19 14:21:25,459 - INFO - Processed: novice (Level 2)
2025-08-19 14:21:27,991 - INFO - Processed: style (Level 1)
2025-08-19 14:21:29,208 - WARNING - No definition found for 'bavaria', adding to review list
2025-08-19 14:21:30,465 - INFO - Processed: bavaria (Level 2)
2025-08-19 14:21:33,020 - INFO - Processed: handcuffs (Level 2)
2025-08-19 14:21:34,334 - WARNING - No definition found for 'birria', adding to review list
2025-08-19 14:21:35,588 - INFO - Processed: birria (Level 2)
2025-08-19 14:21:38,589 - INFO - Processed: grouse (Level 2)
2025-08-19 14:21:41,019 - INFO - Processed: expression (Level 2)
2025-08-19 14:21:43,704 - INFO - Processed: flame (Level 1)
2025-08-19 14:21:47,103 - INFO - Processed: adscititious (Level 4)
2025-08-19 14:21:49,894 - INFO - Processed: achievement (Level 4)
2025-08-19 14:21:51,184 - WARNING - No definition found for 'antenatus', adding to review list
2025-08-19 14:21:52,418 - INFO - Processed: antenatus (Level 4)
2025-08-19 14:21:53,686 - WARNING - No definition found for 'spellingjocularity', adding to review list
2025-08-19 14:21:54,943 - INFO - Processed: spellingjocularity (Level 5)
2025-08-19 14:21:57,666 - INFO - Processed: diacritic (Level 4)
2025-08-19 14:22:00,220 - INFO - Processed: apparition (Level 2)
2025-08-19 14:22:03,204 - INFO - Processed: singing (Level 2)
2025-08-19 14:22:08,616 - INFO - Processed: farfalle (Level 4)
2025-08-19 14:22:11,563 - INFO - Processed: plodded (Level 2)
2025-08-19 14:22:12,737 - WARNING - No definition found for 'esteemknack', adding to review list
2025-08-19 14:22:13,961 - INFO - Processed: esteemknack (Level 2)
2025-08-19 14:22:16,532 - INFO - Processed: permutation (Level 4)
2025-08-19 14:22:19,274 - INFO - Processed: reiterate (Level 4)
2025-08-19 14:22:21,757 - INFO - Processed: vandalize (Level 4)
2025-08-19 14:22:23,456 - WARNING - No definition found for 'panoramagimmick', adding to review list
2025-08-19 14:22:24,662 - INFO - Processed: panoramagimmick (Level 5)
2025-08-19 14:22:27,608 - INFO - Processed: gratis (Level 2)
2025-08-19 14:22:30,353 - INFO - Processed: won (Level 1)
2025-08-19 14:22:31,704 - WARNING - No definition found for 'mosquitotarget', adding to review list
2025-08-19 14:22:32,939 - INFO - Processed: mosquitotarget (Level 5)
2025-08-19 14:22:35,367 - INFO - Processed: national (Level 4)
2025-08-19 14:22:37,794 - INFO - Processed: vertical (Level 3)
2025-08-19 14:22:40,255 - INFO - Processed: grand (Level 1)
2025-08-19 14:22:43,217 - INFO - Processed: promontory (Level 4)
2025-08-19 14:22:45,692 - INFO - Processed: testimony (Level 1)
2025-08-19 14:22:48,844 - INFO - Processed: draws (Level 1)
2025-08-19 14:22:50,598 - WARNING - No definition found for 'misericordes', adding to review list
2025-08-19 14:22:51,980 - INFO - Processed: misericordes (Level 4)
2025-08-19 14:22:54,482 - INFO - Processed: inspector (Level 1)
2025-08-19 14:22:55,710 - WARNING - No definition found for 'caracas', adding to review list
2025-08-19 14:22:56,960 - INFO - Processed: caracas (Level 2)
2025-08-19 14:22:58,184 - WARNING - No definition found for 'giza', adding to review list
2025-08-19 14:22:59,891 - INFO - Processed: giza (Level 1)
2025-08-19 14:23:03,824 - INFO - Processed: minimise (Level 2)
2025-08-19 14:23:06,375 - INFO - Processed: association (Level 4)
2025-08-19 14:23:08,258 - WARNING - No definition found for 'uglinessquack', adding to review list
2025-08-19 14:23:09,513 - INFO - Processed: uglinessquack (Level 2)
2025-08-19 14:23:13,130 - INFO - Processed: unexpectedly (Level 4)
2025-08-19 14:23:16,520 - INFO - Processed: enriches (Level 4)
2025-08-19 14:23:19,042 - INFO - Processed: limpkin (Level 2)
2025-08-19 14:23:21,925 - INFO - Processed: pikas (Level 1)
2025-08-19 14:23:24,674 - INFO - Processed: callow (Level 2)
2025-08-19 14:23:27,582 - INFO - Processed: google (Level 2)
2025-08-19 14:23:29,322 - WARNING - No definition found for 'asterion', adding to review list
2025-08-19 14:23:30,754 - INFO - Processed: asterion (Level 2)
2025-08-19 14:23:33,208 - INFO - Processed: compilation (Level 2)
2025-08-19 14:23:35,715 - INFO - Processed: southwestern (Level 4)
2025-08-19 14:23:35,902 - INFO - Checkpoint saved: 3000 words
2025-08-19 14:23:35,902 - INFO - Checkpoint saved after batch 30
2025-08-19 14:23:35,902 - INFO - Processing batch 31 (3001-3100 of 10114)
2025-08-19 14:23:38,554 - INFO - Processed: macushla (Level 4)
2025-08-19 14:23:42,800 - INFO - Processed: equation (Level 4)
2025-08-19 14:23:45,669 - INFO - Processed: meningitis (Level 3)
2025-08-19 14:23:48,646 - INFO - Processed: commissioner (Level 4)
2025-08-19 14:23:51,622 - INFO - Processed: epoxy (Level 1)
2025-08-19 14:23:53,425 - WARNING - No definition found for 'amidcathect', adding to review list
2025-08-19 14:23:55,905 - INFO - Processed: amidcathect (Level 3)
2025-08-19 14:23:58,443 - INFO - Processed: title (Level 1)
2025-08-19 14:24:00,239 - WARNING - No definition found for 'labroid', adding to review list
2025-08-19 14:24:02,121 - INFO - Processed: labroid (Level 2)
2025-08-19 14:24:04,710 - INFO - Processed: bavardage (Level 4)
2025-08-19 14:24:06,464 - WARNING - No definition found for 'ner', adding to review list
2025-08-19 14:24:08,831 - INFO - Processed: ner (Level 1)
2025-08-19 14:24:11,902 - INFO - Processed: serpentine (Level 1)
2025-08-19 14:24:14,956 - INFO - Processed: wiggle (Level 2)
2025-08-19 14:24:17,543 - INFO - Processed: halala (Level 2)
2025-08-19 14:24:20,692 - INFO - Processed: galena (Level 2)
2025-08-19 14:24:24,190 - INFO - Processed: polysemy (Level 4)
2025-08-19 14:24:25,850 - WARNING - No definition found for 'largesses', adding to review list
2025-08-19 14:24:27,635 - INFO - Processed: largesses (Level 4)
2025-08-19 14:24:30,338 - INFO - Processed: thistle (Level 2)
2025-08-19 14:24:31,627 - WARNING - No definition found for 'vatican', adding to review list
2025-08-19 14:24:32,869 - INFO - Processed: vatican (Level 2)
2025-08-19 14:24:35,549 - INFO - Processed: embryo (Level 2)
2025-08-19 14:24:38,043 - INFO - Processed: complicated (Level 3)
2025-08-19 14:24:40,440 - INFO - Processed: grade (Level 1)
2025-08-19 14:24:42,135 - WARNING - No definition found for 'flooey', adding to review list
2025-08-19 14:24:43,354 - INFO - Processed: flooey (Level 1)
2025-08-19 14:24:46,030 - INFO - Processed: amino (Level 1)
2025-08-19 14:24:49,151 - INFO - Processed: darmstadtium (Level 4)
2025-08-19 14:24:50,864 - WARNING - No definition found for 'tuschet', adding to review list
2025-08-19 14:24:52,506 - INFO - Processed: tuschet (Level 2)
2025-08-19 14:24:55,519 - INFO - Processed: chanteuse (Level 2)
2025-08-19 14:24:58,665 - INFO - Processed: fenestrated (Level 4)
2025-08-19 14:25:01,046 - INFO - Processed: neighborhood (Level 4)
2025-08-19 14:25:04,028 - INFO - Processed: produced (Level 4)
2025-08-19 14:25:05,231 - WARNING - No definition found for 'forgeable', adding to review list
2025-08-19 14:25:06,498 - INFO - Processed: forgeable (Level 4)
2025-08-19 14:25:08,208 - WARNING - No definition found for 'acquitcapnometer', adding to review list
2025-08-19 14:25:09,461 - INFO - Processed: acquitcapnometer (Level 5)
2025-08-19 14:25:12,553 - INFO - Processed: aureole (Level 2)
2025-08-19 14:25:14,368 - WARNING - No definition found for 'depredationignominious', adding to review list
2025-08-19 14:25:15,602 - INFO - Processed: depredationignominious (Level 5)
2025-08-19 14:25:18,678 - INFO - Processed: thank (Level 1)
2025-08-19 14:25:21,264 - INFO - Processed: climbers (Level 3)
2025-08-19 14:25:24,271 - INFO - Processed: sibilant (Level 2)
2025-08-19 14:25:28,597 - INFO - Processed: marcescent (Level 4)
2025-08-19 14:25:32,343 - INFO - Processed: proletarian (Level 4)
2025-08-19 14:25:34,848 - INFO - Processed: rush (Level 1)
2025-08-19 14:25:37,311 - INFO - Processed: first (Level 1)
2025-08-19 14:25:40,175 - INFO - Processed: usher (Level 1)
2025-08-19 14:25:42,755 - WARNING - No definition found for 'vaccary', adding to review list
2025-08-19 14:25:44,473 - INFO - Processed: vaccary (Level 2)
2025-08-19 14:25:47,387 - INFO - Processed: teppanyaki (Level 2)
2025-08-19 14:25:48,650 - WARNING - No definition found for 'mea', adding to review list
2025-08-19 14:25:49,927 - INFO - Processed: mea (Level 1)
2025-08-19 14:25:52,465 - INFO - Processed: brackish (Level 3)
2025-08-19 14:25:57,824 - INFO - Processed: amazon (Level 2)
2025-08-19 14:25:59,171 - WARNING - No definition found for 'chinese', adding to review list
2025-08-19 14:26:00,410 - INFO - Processed: chinese (Level 2)
2025-08-19 14:26:03,144 - INFO - Processed: esteem (Level 2)
2025-08-19 14:26:06,204 - INFO - Processed: solution (Level 4)
2025-08-19 14:26:08,404 - WARNING - No definition found for 'hippolyta', adding to review list
2025-08-19 14:26:10,062 - INFO - Processed: hippolyta (Level 4)
2025-08-19 14:26:13,308 - INFO - Processed: genus (Level 1)
2025-08-19 14:26:16,811 - INFO - Processed: souchong (Level 3)
2025-08-19 14:26:18,606 - WARNING - No definition found for 'sluggardbedlam', adding to review list
2025-08-19 14:26:19,853 - INFO - Processed: sluggardbedlam (Level 5)
2025-08-19 14:26:22,339 - INFO - Processed: remaining (Level 3)
2025-08-19 14:26:25,078 - INFO - Processed: pitiful (Level 2)
2025-08-19 14:26:27,568 - INFO - Processed: festooned (Level 4)
2025-08-19 14:26:30,013 - INFO - Processed: fixed (Level 1)
2025-08-19 14:26:33,384 - INFO - Processed: trampolines (Level 4)
2025-08-19 14:26:35,905 - INFO - Processed: bundt (Level 1)
2025-08-19 14:26:37,600 - WARNING - No definition found for 'pokus', adding to review list
2025-08-19 14:26:38,819 - INFO - Processed: pokus (Level 1)
2025-08-19 14:26:43,271 - INFO - Processed: section (Level 2)
2025-08-19 14:26:45,105 - WARNING - No definition found for 'edwardian', adding to review list
2025-08-19 14:26:46,318 - INFO - Processed: edwardian (Level 4)
2025-08-19 14:26:49,479 - INFO - Processed: cornucopia (Level 4)
2025-08-19 14:26:52,020 - INFO - Processed: dim (Level 1)
2025-08-19 14:26:54,908 - INFO - Processed: pantheon (Level 3)
2025-08-19 14:26:59,774 - INFO - Processed: wahine (Level 2)
2025-08-19 14:27:02,428 - INFO - Processed: solar (Level 1)
2025-08-19 14:27:04,150 - WARNING - No definition found for 'serricorn', adding to review list
2025-08-19 14:27:05,698 - INFO - Processed: serricorn (Level 1)
2025-08-19 14:27:12,202 - INFO - Processed: immure (Level 1)
2025-08-19 14:27:15,527 - INFO - Processed: snitch (Level 2)
2025-08-19 14:27:18,097 - INFO - Processed: impetus (Level 2)
2025-08-19 14:27:21,119 - INFO - Processed: inscrutable (Level 4)
2025-08-19 14:27:22,877 - WARNING - No definition found for 'ryelanddomesticity', adding to review list
2025-08-19 14:27:24,096 - INFO - Processed: ryelanddomesticity (Level 5)
2025-08-19 14:27:27,142 - INFO - Processed: stamina (Level 2)
2025-08-19 14:27:30,539 - INFO - Processed: renminbi (Level 3)
2025-08-19 14:27:35,755 - INFO - Processed: necessity (Level 4)
2025-08-19 14:27:38,750 - INFO - Processed: boarders (Level 4)
2025-08-19 14:27:42,796 - INFO - Processed: handwriting (Level 4)
2025-08-19 14:27:46,241 - INFO - Processed: twirled (Level 1)
2025-08-19 14:27:48,732 - INFO - Processed: derelict (Level 4)
2025-08-19 14:27:51,193 - INFO - Processed: source (Level 2)
2025-08-19 14:27:54,186 - INFO - Processed: grosgrain (Level 4)
2025-08-19 14:27:57,548 - INFO - Processed: swannery (Level 4)
2025-08-19 14:27:59,951 - INFO - Processed: zip (Level 1)
2025-08-19 14:28:03,118 - INFO - Processed: gutter (Level 2)
2025-08-19 14:28:05,598 - INFO - Processed: folate (Level 2)
2025-08-19 14:28:08,729 - INFO - Processed: tartan (Level 2)
2025-08-19 14:28:11,893 - INFO - Processed: timber (Level 2)
2025-08-19 14:28:14,562 - INFO - Processed: unremitting (Level 4)
2025-08-19 14:28:16,406 - WARNING - No definition found for 'forza', adding to review list
2025-08-19 14:28:17,661 - INFO - Processed: forza (Level 1)
2025-08-19 14:28:20,624 - INFO - Processed: bountiful (Level 3)
2025-08-19 14:28:23,758 - INFO - Processed: defunct (Level 2)
2025-08-19 14:28:26,702 - INFO - Processed: annulment (Level 3)
2025-08-19 14:28:29,700 - INFO - Processed: apology (Level 2)
2025-08-19 14:28:32,786 - INFO - Processed: frog (Level 1)
2025-08-19 14:28:35,776 - INFO - Processed: curmudgeon (Level 3)
2025-08-19 14:28:37,501 - WARNING - No definition found for 'oscitation', adding to review list
2025-08-19 14:28:38,741 - INFO - Processed: oscitation (Level 4)
2025-08-19 14:28:41,716 - INFO - Processed: ossicle (Level 2)
2025-08-19 14:28:44,651 - INFO - Processed: intercede (Level 2)
2025-08-19 14:28:47,122 - INFO - Processed: oculus (Level 2)
2025-08-19 14:28:47,309 - INFO - Checkpoint saved: 3100 words
2025-08-19 14:28:47,309 - INFO - Checkpoint saved after batch 31
2025-08-19 14:28:47,309 - INFO - Processing batch 32 (3101-3200 of 10114)
2025-08-19 14:28:50,068 - INFO - Processed: graduate (Level 3)
2025-08-19 14:28:53,124 - INFO - Processed: boudin (Level 2)
2025-08-19 14:28:55,919 - INFO - Processed: roiling (Level 2)
2025-08-19 14:28:57,653 - WARNING - No definition found for 'yeanling', adding to review list
2025-08-19 14:28:58,909 - INFO - Processed: yeanling (Level 4)
2025-08-19 14:29:02,467 - INFO - Processed: molds (Level 1)
2025-08-19 14:29:05,809 - INFO - Processed: peremptory (Level 2)
2025-08-19 14:29:08,829 - INFO - Processed: touted (Level 2)
2025-08-19 14:29:11,557 - INFO - Processed: moose (Level 1)
2025-08-19 14:29:13,341 - WARNING - No definition found for 'sanglier', adding to review list
2025-08-19 14:29:14,596 - INFO - Processed: sanglier (Level 4)
2025-08-19 14:29:16,412 - WARNING - No definition found for 'sororalepideictic', adding to review list
2025-08-19 14:29:17,656 - INFO - Processed: sororalepideictic (Level 5)
2025-08-19 14:29:20,520 - INFO - Processed: liver (Level 1)
2025-08-19 14:29:23,481 - INFO - Processed: complaints (Level 3)
2025-08-19 14:29:26,647 - INFO - Processed: avenue (Level 2)
2025-08-19 14:29:29,613 - INFO - Processed: countless (Level 2)
2025-08-19 14:29:32,527 - INFO - Processed: soprano (Level 2)
2025-08-19 14:29:34,967 - INFO - Processed: implore (Level 2)
2025-08-19 14:29:38,274 - INFO - Processed: drone (Level 1)
2025-08-19 14:29:41,486 - INFO - Processed: foster (Level 2)
2025-08-19 14:29:44,825 - INFO - Processed: iota (Level 1)
2025-08-19 14:29:51,470 - INFO - Processed: thievery (Level 3)
2025-08-19 14:29:52,983 - WARNING - No definition found for 'michaelmas', adding to review list
2025-08-19 14:29:54,212 - INFO - Processed: michaelmas (Level 4)
2025-08-19 14:29:55,499 - WARNING - No definition found for 'patronymicodometer', adding to review list
2025-08-19 14:29:56,751 - INFO - Processed: patronymicodometer (Level 5)
2025-08-19 14:29:58,882 - WARNING - No definition found for 'kerala', adding to review list
2025-08-19 14:30:00,310 - INFO - Processed: kerala (Level 2)
2025-08-19 14:30:02,832 - INFO - Processed: century (Level 2)
2025-08-19 14:30:05,919 - INFO - Processed: retinitis (Level 3)
2025-08-19 14:30:07,629 - WARNING - No definition found for 'gratingly', adding to review list
2025-08-19 14:30:09,119 - INFO - Processed: gratingly (Level 1)
2025-08-19 14:30:12,848 - INFO - Processed: ordinance (Level 3)
2025-08-19 14:30:16,387 - INFO - Processed: goanna (Level 2)
2025-08-19 14:30:17,895 - WARNING - No definition found for 'gagaku', adding to review list
2025-08-19 14:30:19,148 - INFO - Processed: gagaku (Level 2)
2025-08-19 14:30:21,889 - INFO - Processed: sweat (Level 1)
2025-08-19 14:30:25,460 - INFO - Processed: encroach (Level 3)
2025-08-19 14:30:28,079 - WARNING - No definition found for 'cyanosisregurgitate', adding to review list
2025-08-19 14:30:29,302 - INFO - Processed: cyanosisregurgitate (Level 5)
2025-08-19 14:30:31,872 - INFO - Processed: acerbity (Level 4)
2025-08-19 14:30:34,567 - INFO - Processed: sorrel (Level 2)
2025-08-19 14:30:37,512 - INFO - Processed: cake (Level 1)
2025-08-19 14:30:39,624 - WARNING - No definition found for 'lefse', adding to review list
2025-08-19 14:30:41,118 - INFO - Processed: lefse (Level 1)
2025-08-19 14:30:42,292 - WARNING - No definition found for 'bailiffinfiltrate', adding to review list
2025-08-19 14:30:43,529 - INFO - Processed: bailiffinfiltrate (Level 5)
2025-08-19 14:30:46,084 - INFO - Processed: masa (Level 1)
2025-08-19 14:30:49,568 - INFO - Processed: tardigrade (Level 3)
2025-08-19 14:30:51,314 - WARNING - No definition found for 'analepsisanalgesia', adding to review list
2025-08-19 14:30:52,581 - INFO - Processed: analepsisanalgesia (Level 5)
2025-08-19 14:30:55,582 - INFO - Processed: university (Level 4)
2025-08-19 14:30:57,384 - WARNING - No definition found for 'hysteron', adding to review list
2025-08-19 14:30:59,092 - INFO - Processed: hysteron (Level 4)
2025-08-19 14:31:02,102 - INFO - Processed: slippery (Level 3)
2025-08-19 14:31:03,929 - WARNING - No definition found for 'fetticus', adding to review list
2025-08-19 14:31:05,511 - INFO - Processed: fetticus (Level 4)
2025-08-19 14:31:06,805 - WARNING - No definition found for 'rembrandt', adding to review list
2025-08-19 14:31:08,024 - INFO - Processed: rembrandt (Level 4)
2025-08-19 14:31:10,956 - INFO - Processed: kwashiorkor (Level 4)
2025-08-19 14:31:13,808 - INFO - Processed: peony (Level 1)
2025-08-19 14:31:17,521 - INFO - Processed: dialysis (Level 4)
2025-08-19 14:31:20,966 - INFO - Processed: pouched (Level 2)
2025-08-19 14:31:22,832 - WARNING - No definition found for 'placque', adding to review list
2025-08-19 14:31:24,072 - INFO - Processed: placque (Level 2)
2025-08-19 14:31:27,114 - INFO - Processed: honking (Level 2)
2025-08-19 14:31:30,111 - INFO - Processed: legitimately (Level 4)
2025-08-19 14:31:34,467 - INFO - Processed: regiment (Level 4)
2025-08-19 14:31:38,967 - INFO - Processed: mashed (Level 2)
2025-08-19 14:31:40,732 - WARNING - No definition found for 'apostolici', adding to review list
2025-08-19 14:31:42,471 - INFO - Processed: apostolici (Level 4)
2025-08-19 14:31:46,875 - INFO - Processed: studies (Level 2)
2025-08-19 14:31:52,030 - INFO - Processed: fajitas (Level 2)
2025-08-19 14:31:53,759 - WARNING - No definition found for 'gallivat', adding to review list
2025-08-19 14:31:55,037 - INFO - Processed: gallivat (Level 4)
2025-08-19 14:31:58,078 - INFO - Processed: haggle (Level 2)
2025-08-19 14:32:01,464 - INFO - Processed: scrolls (Level 2)
2025-08-19 14:32:04,285 - INFO - Processed: havens (Level 2)
2025-08-19 14:32:07,153 - INFO - Processed: malinger (Level 4)
2025-08-19 14:32:09,697 - INFO - Processed: panettone (Level 4)
2025-08-19 14:32:11,416 - WARNING - No definition found for 'thistledifficulty', adding to review list
2025-08-19 14:32:12,654 - INFO - Processed: thistledifficulty (Level 5)
2025-08-19 14:32:15,740 - INFO - Processed: synod (Level 1)
2025-08-19 14:32:17,543 - WARNING - No definition found for 'bahuvrihipanjandrum', adding to review list
2025-08-19 14:32:18,750 - INFO - Processed: bahuvrihipanjandrum (Level 5)
2025-08-19 14:32:21,680 - INFO - Processed: unctuous (Level 4)
2025-08-19 14:32:24,672 - INFO - Processed: breathe (Level 2)
2025-08-19 14:32:26,398 - WARNING - No definition found for 'skaamoogs', adding to review list
2025-08-19 14:32:27,931 - INFO - Processed: skaamoogs (Level 4)
2025-08-19 14:32:30,973 - INFO - Processed: understanding (Level 4)
2025-08-19 14:32:33,995 - INFO - Processed: turpitude (Level 3)
2025-08-19 14:32:36,820 - INFO - Processed: corn (Level 1)
2025-08-19 14:32:41,143 - INFO - Processed: zither (Level 2)
2025-08-19 14:32:44,117 - INFO - Processed: phylum (Level 2)
2025-08-19 14:32:45,845 - WARNING - No definition found for 'masse', adding to review list
2025-08-19 14:32:47,104 - INFO - Processed: masse (Level 1)
2025-08-19 14:32:50,124 - INFO - Processed: machicolation (Level 4)
2025-08-19 14:32:53,618 - WARNING - No definition found for 'lawmusic', adding to review list
2025-08-19 14:32:55,203 - INFO - Processed: lawmusic (Level 4)
2025-08-19 14:32:57,065 - WARNING - No definition found for 'pejorate', adding to review list
2025-08-19 14:32:58,304 - INFO - Processed: pejorate (Level 4)
2025-08-19 14:33:01,317 - INFO - Processed: softly (Level 2)
2025-08-19 14:33:04,119 - INFO - Processed: type (Level 1)
2025-08-19 14:33:07,271 - INFO - Processed: dovecote (Level 1)
2025-08-19 14:33:10,277 - INFO - Processed: mauve (Level 1)
2025-08-19 14:33:13,356 - INFO - Processed: stretcher (Level 2)
2025-08-19 14:33:16,342 - INFO - Processed: drastic (Level 1)
2025-08-19 14:33:20,123 - INFO - Processed: arrows (Level 2)
2025-08-19 14:33:21,764 - WARNING - No definition found for 'uveal', adding to review list
2025-08-19 14:33:23,318 - INFO - Processed: uveal (Level 1)
2025-08-19 14:33:26,356 - INFO - Processed: went (Level 1)
2025-08-19 14:33:29,116 - INFO - Processed: feast (Level 1)
2025-08-19 14:33:32,094 - INFO - Processed: ostracism (Level 1)
2025-08-19 14:33:35,165 - INFO - Processed: pillage (Level 2)
2025-08-19 14:33:36,482 - WARNING - No definition found for 'shetland', adding to review list
2025-08-19 14:33:37,796 - INFO - Processed: shetland (Level 4)
2025-08-19 14:33:40,522 - INFO - Processed: gab (Level 1)
2025-08-19 14:33:43,979 - INFO - Processed: surefire (Level 1)
2025-08-19 14:33:45,413 - WARNING - No definition found for 'rascal', adding to review list
2025-08-19 14:33:46,635 - INFO - Processed: rascal (Level 1)
2025-08-19 14:33:50,410 - INFO - Processed: encephalitis (Level 2)
2025-08-19 14:33:52,214 - WARNING - No definition found for 'humboldt', adding to review list
2025-08-19 14:33:53,437 - INFO - Processed: humboldt (Level 4)
2025-08-19 14:33:56,460 - INFO - Processed: gaggle (Level 2)
2025-08-19 14:33:59,204 - INFO - Processed: methodology (Level 2)
2025-08-19 14:34:00,991 - WARNING - No definition found for 'nepal', adding to review list
2025-08-19 14:34:02,301 - INFO - Processed: nepal (Level 1)
2025-08-19 14:34:05,348 - INFO - Processed: plummet (Level 2)
2025-08-19 14:34:05,535 - INFO - Checkpoint saved: 3200 words
2025-08-19 14:34:05,535 - INFO - Checkpoint saved after batch 32
2025-08-19 14:34:05,535 - INFO - Processing batch 33 (3201-3300 of 10114)
2025-08-19 14:34:07,313 - WARNING - No definition found for 'goondie', adding to review list
2025-08-19 14:34:08,859 - INFO - Processed: goondie (Level 2)
2025-08-19 14:34:10,190 - WARNING - No definition found for 'ardoise', adding to review list
2025-08-19 14:34:11,437 - INFO - Processed: ardoise (Level 2)
2025-08-19 14:34:12,869 - WARNING - No definition found for 'fenster', adding to review list
2025-08-19 14:34:14,216 - INFO - Processed: fenster (Level 2)
2025-08-19 14:34:16,852 - INFO - Processed: retriever (Level 4)
2025-08-19 14:34:19,924 - INFO - Processed: hinged (Level 2)
2025-08-19 14:34:22,697 - INFO - Processed: around (Level 2)
2025-08-19 14:34:27,631 - INFO - Processed: dredged (Level 2)
2025-08-19 14:34:29,998 - WARNING - No definition found for 'abhenry', adding to review list
2025-08-19 14:34:31,694 - INFO - Processed: abhenry (Level 2)
2025-08-19 14:34:34,159 - INFO - Processed: evzone (Level 2)
2025-08-19 14:34:37,159 - INFO - Processed: nada (Level 1)
2025-08-19 14:34:40,984 - INFO - Processed: role (Level 1)
2025-08-19 14:34:44,557 - INFO - Processed: maybe (Level 1)
2025-08-19 14:34:46,972 - INFO - Processed: iceberg (Level 2)
2025-08-19 14:34:50,025 - INFO - Processed: configuration (Level 4)
2025-08-19 14:34:51,594 - WARNING - No definition found for 'ballotage', adding to review list
2025-08-19 14:34:53,725 - INFO - Processed: ballotage (Level 2)
2025-08-19 14:34:57,128 - INFO - Processed: portico (Level 2)
2025-08-19 14:34:58,880 - WARNING - No definition found for 'alouatte', adding to review list
2025-08-19 14:35:00,676 - INFO - Processed: alouatte (Level 4)
2025-08-19 14:35:03,810 - INFO - Processed: berth (Level 1)
2025-08-19 14:35:06,576 - INFO - Processed: strands (Level 2)
2025-08-19 14:35:08,377 - WARNING - No definition found for 'catalo', adding to review list
2025-08-19 14:35:09,616 - INFO - Processed: catalo (Level 2)
2025-08-19 14:35:12,366 - INFO - Processed: present (Level 2)
2025-08-19 14:35:15,493 - INFO - Processed: comminatory (Level 4)
2025-08-19 14:35:17,905 - INFO - Processed: sesquipedalian (Level 5)
2025-08-19 14:35:23,600 - INFO - Processed: confident (Level 3)
2025-08-19 14:35:26,464 - INFO - Processed: mayhem (Level 2)
2025-08-19 14:35:29,489 - INFO - Processed: auricular (Level 4)
2025-08-19 14:35:32,576 - INFO - Processed: escorts (Level 2)
2025-08-19 14:35:36,492 - INFO - Processed: collegiality (Level 4)
2025-08-19 14:35:39,238 - INFO - Processed: used (Level 1)
2025-08-19 14:35:42,321 - INFO - Processed: ranchero (Level 2)
2025-08-19 14:35:46,568 - INFO - Processed: fractions (Level 4)
2025-08-19 14:35:50,083 - INFO - Processed: belted (Level 2)
2025-08-19 14:35:53,193 - INFO - Processed: valiant (Level 2)
2025-08-19 14:35:55,769 - INFO - Processed: maillot (Level 2)
2025-08-19 14:35:58,776 - INFO - Processed: thawed (Level 2)
2025-08-19 14:36:01,880 - INFO - Processed: braids (Level 2)
2025-08-19 14:36:05,330 - INFO - Processed: erythroblast (Level 4)
2025-08-19 14:36:06,598 - WARNING - No definition found for 'toties', adding to review list
2025-08-19 14:36:07,866 - INFO - Processed: toties (Level 2)
2025-08-19 14:36:10,482 - INFO - Processed: redound (Level 2)
2025-08-19 14:36:13,401 - INFO - Processed: corsair (Level 2)
2025-08-19 14:36:16,094 - INFO - Processed: indistinguishable (Level 5)
2025-08-19 14:36:17,348 - WARNING - No definition found for 'marionetteneapolitan', adding to review list
2025-08-19 14:36:18,555 - INFO - Processed: marionetteneapolitan (Level 5)
2025-08-19 14:36:21,409 - INFO - Processed: gustatory (Level 3)
2025-08-19 14:36:24,417 - INFO - Processed: mummified (Level 4)
2025-08-19 14:36:29,069 - INFO - Processed: greaves (Level 2)
2025-08-19 14:36:31,780 - INFO - Processed: residue (Level 2)
2025-08-19 14:36:34,477 - INFO - Processed: ascetic (Level 2)
2025-08-19 14:36:37,438 - INFO - Processed: continue (Level 4)
2025-08-19 14:36:41,374 - WARNING - No definition found for 'theriatricsnoun', adding to review list
2025-08-19 14:36:42,687 - INFO - Processed: theriatricsnoun (Level 5)
2025-08-19 14:36:45,700 - INFO - Processed: plants (Level 2)
2025-08-19 14:36:48,816 - INFO - Processed: hummock (Level 2)
2025-08-19 14:36:52,225 - INFO - Processed: rituals (Level 2)
2025-08-19 14:36:55,180 - INFO - Processed: cabal (Level 1)
2025-08-19 14:36:57,622 - INFO - Processed: justify (Level 2)
2025-08-19 14:37:01,118 - INFO - Processed: provocation (Level 4)
2025-08-19 14:37:05,241 - INFO - Processed: realm (Level 1)
2025-08-19 14:37:07,652 - INFO - Processed: fountain (Level 2)
2025-08-19 14:37:10,680 - INFO - Processed: starting (Level 3)
2025-08-19 14:37:13,653 - INFO - Processed: trophic (Level 2)
2025-08-19 14:37:17,119 - INFO - Processed: quiet (Level 1)
2025-08-19 14:37:19,580 - INFO - Processed: baklava (Level 1)
2025-08-19 14:37:22,070 - INFO - Processed: ophthalmologist (Level 5)
2025-08-19 14:37:25,222 - INFO - Processed: sundry (Level 1)
2025-08-19 14:37:28,576 - INFO - Processed: chatelaine (Level 3)
2025-08-19 14:37:31,897 - INFO - Processed: caveat (Level 2)
2025-08-19 14:37:33,052 - WARNING - No definition found for 'dauntlessly', adding to review list
2025-08-19 14:37:34,829 - INFO - Processed: dauntlessly (Level 3)
2025-08-19 14:37:37,601 - INFO - Processed: amateurish (Level 2)
2025-08-19 14:37:40,030 - INFO - Processed: embers (Level 2)
2025-08-19 14:37:42,940 - INFO - Processed: become (Level 2)
2025-08-19 14:37:46,065 - INFO - Processed: rogue (Level 1)
2025-08-19 14:37:47,806 - WARNING - No definition found for 'fensterfiat', adding to review list
2025-08-19 14:37:49,118 - INFO - Processed: fensterfiat (Level 4)
2025-08-19 14:37:52,507 - INFO - Processed: ologies (Level 2)
2025-08-19 14:37:57,629 - INFO - Processed: dowager (Level 2)
2025-08-19 14:38:00,590 - INFO - Processed: agonistic (Level 4)
2025-08-19 14:38:01,844 - WARNING - No definition found for 'pelagialpelerine', adding to review list
2025-08-19 14:38:03,036 - INFO - Processed: pelagialpelerine (Level 5)
2025-08-19 14:38:04,900 - WARNING - No definition found for 'repercussionrepository', adding to review list
2025-08-19 14:38:06,123 - INFO - Processed: repercussionrepository (Level 5)
2025-08-19 14:38:09,549 - INFO - Processed: plane (Level 1)
2025-08-19 14:38:11,970 - WARNING - No definition found for 'setondemerits', adding to review list
2025-08-19 14:38:13,221 - INFO - Processed: setondemerits (Level 3)
2025-08-19 14:38:16,199 - INFO - Processed: insignia (Level 4)
2025-08-19 14:38:19,287 - INFO - Processed: arithmetic (Level 4)
2025-08-19 14:38:26,777 - INFO - Processed: superb (Level 2)
2025-08-19 14:38:29,733 - INFO - Processed: scan (Level 1)
2025-08-19 14:38:31,619 - WARNING - No definition found for 'kippur', adding to review list
2025-08-19 14:38:33,548 - INFO - Processed: kippur (Level 2)
2025-08-19 14:38:38,092 - INFO - Processed: duopoly (Level 2)
2025-08-19 14:38:40,540 - INFO - Processed: clearly (Level 2)
2025-08-19 14:38:43,324 - INFO - Processed: hazelnut (Level 4)
2025-08-19 14:38:46,035 - INFO - Processed: along (Level 1)
2025-08-19 14:38:49,094 - INFO - Processed: sounds (Level 2)
2025-08-19 14:38:52,261 - INFO - Processed: loose (Level 1)
2025-08-19 14:38:54,954 - INFO - Processed: hero (Level 1)
2025-08-19 14:38:58,402 - INFO - Processed: mammal (Level 2)
2025-08-19 14:39:01,397 - INFO - Processed: wren (Level 1)
2025-08-19 14:39:04,382 - INFO - Processed: widdershins (Level 4)
2025-08-19 14:39:07,382 - INFO - Processed: yonder (Level 2)
2025-08-19 14:39:10,537 - INFO - Processed: aughts (Level 2)
2025-08-19 14:39:13,400 - INFO - Processed: stirrups (Level 1)
2025-08-19 14:39:16,549 - INFO - Processed: hive (Level 1)
2025-08-19 14:39:19,558 - INFO - Processed: poppet (Level 2)
2025-08-19 14:39:22,756 - INFO - Processed: smattering (Level 4)
2025-08-19 14:39:26,572 - INFO - Processed: veracity (Level 4)
2025-08-19 14:39:26,751 - INFO - Checkpoint saved: 3300 words
2025-08-19 14:39:26,751 - INFO - Checkpoint saved after batch 33
2025-08-19 14:39:26,751 - INFO - Processing batch 34 (3301-3400 of 10114)
2025-08-19 14:39:30,304 - INFO - Processed: realia (Level 2)
2025-08-19 14:39:32,879 - INFO - Processed: eviction (Level 2)
2025-08-19 14:39:35,610 - INFO - Processed: hem (Level 1)
2025-08-19 14:39:38,113 - INFO - Processed: developer (Level 2)
2025-08-19 14:39:41,112 - INFO - Processed: adjective (Level 4)
2025-08-19 14:39:43,552 - INFO - Processed: obstacles (Level 1)
2025-08-19 14:39:44,794 - WARNING - No definition found for 'vesuvian', adding to review list
2025-08-19 14:39:46,468 - INFO - Processed: vesuvian (Level 3)
2025-08-19 14:39:48,284 - WARNING - No definition found for 'buddhism', adding to review list
2025-08-19 14:39:49,481 - INFO - Processed: buddhism (Level 4)
2025-08-19 14:39:50,842 - WARNING - No definition found for 'spiedini', adding to review list
2025-08-19 14:39:52,093 - INFO - Processed: spiedini (Level 4)
2025-08-19 14:39:53,693 - WARNING - No definition found for 'rouser', adding to review list
2025-08-19 14:39:54,899 - INFO - Processed: rouser (Level 1)
2025-08-19 14:39:58,347 - INFO - Processed: cherubic (Level 2)
2025-08-19 14:40:01,340 - INFO - Processed: sconce (Level 2)
2025-08-19 14:40:02,906 - WARNING - No definition found for 'athletejotted', adding to review list
2025-08-19 14:40:04,129 - INFO - Processed: athletejotted (Level 3)
2025-08-19 14:40:08,048 - INFO - Processed: anemometers (Level 2)
2025-08-19 14:40:09,597 - WARNING - No definition found for 'rond', adding to review list
2025-08-19 14:40:10,855 - INFO - Processed: rond (Level 1)
2025-08-19 14:40:13,875 - INFO - Processed: throw (Level 1)
2025-08-19 14:40:16,838 - INFO - Processed: damaged (Level 2)
2025-08-19 14:40:18,722 - WARNING - No definition found for 'griefful', adding to review list
2025-08-19 14:40:21,866 - INFO - Processed: griefful (Level 4)
2025-08-19 14:40:24,878 - INFO - Processed: handyman (Level 4)
2025-08-19 14:40:27,313 - INFO - Processed: describe (Level 4)
2025-08-19 14:40:30,315 - INFO - Processed: radicchio (Level 2)
2025-08-19 14:40:34,666 - INFO - Processed: invisible (Level 3)
2025-08-19 14:40:36,906 - WARNING - No definition found for 'proteron', adding to review list
2025-08-19 14:40:38,152 - INFO - Processed: proteron (Level 4)
2025-08-19 14:40:41,584 - INFO - Processed: chefs (Level 1)
2025-08-19 14:40:44,890 - INFO - Processed: layer (Level 1)
2025-08-19 14:40:48,477 - INFO - Processed: scourge (Level 2)
2025-08-19 14:40:50,893 - INFO - Processed: reign (Level 1)
2025-08-19 14:40:54,154 - INFO - Processed: champions (Level 4)
2025-08-19 14:40:57,147 - INFO - Processed: confused (Level 3)
2025-08-19 14:41:00,436 - INFO - Processed: furnace (Level 2)
2025-08-19 14:41:03,007 - INFO - Processed: alimentation (Level 4)
2025-08-19 14:41:04,715 - WARNING - No definition found for 'sciolistic', adding to review list
2025-08-19 14:41:05,968 - INFO - Processed: sciolistic (Level 4)
2025-08-19 14:41:08,512 - INFO - Processed: specious (Level 2)
2025-08-19 14:41:10,280 - WARNING - No definition found for 'haupia', adding to review list
2025-08-19 14:41:13,147 - INFO - Processed: haupia (Level 2)
2025-08-19 14:41:17,551 - INFO - Processed: grub (Level 1)
2025-08-19 14:41:20,199 - INFO - Processed: amount (Level 2)
2025-08-19 14:41:22,689 - INFO - Processed: baleen (Level 2)
2025-08-19 14:41:25,191 - INFO - Processed: minute (Level 2)
2025-08-19 14:41:28,409 - INFO - Processed: eat (Level 1)
2025-08-19 14:41:31,669 - INFO - Processed: ewe (Level 1)
2025-08-19 14:41:34,255 - INFO - Processed: fashionista (Level 4)
2025-08-19 14:41:36,934 - INFO - Processed: wildebeest (Level 3)
2025-08-19 14:41:39,598 - INFO - Processed: calumny (Level 2)
2025-08-19 14:41:41,996 - INFO - Processed: portfolio (Level 4)
2025-08-19 14:41:44,866 - INFO - Processed: conkers (Level 2)
2025-08-19 14:41:47,376 - INFO - Processed: repudiate (Level 2)
2025-08-19 14:41:50,335 - INFO - Processed: spondylitis (Level 2)
2025-08-19 14:41:52,056 - WARNING - No definition found for 'puerto', adding to review list
2025-08-19 14:41:53,280 - INFO - Processed: puerto (Level 2)
2025-08-19 14:41:55,944 - INFO - Processed: polish (Level 2)
2025-08-19 14:41:58,930 - INFO - Processed: squints (Level 2)
2025-08-19 14:42:01,997 - INFO - Processed: venerable (Level 3)
2025-08-19 14:42:04,672 - INFO - Processed: bourgeois (Level 2)
2025-08-19 14:42:06,210 - WARNING - No definition found for 'shanter', adding to review list
2025-08-19 14:42:07,450 - INFO - Processed: shanter (Level 2)
2025-08-19 14:42:10,816 - INFO - Processed: dalmatian (Level 4)
2025-08-19 14:42:13,355 - INFO - Processed: crevices (Level 3)
2025-08-19 14:42:14,985 - WARNING - No definition found for 'theravada', adding to review list
2025-08-19 14:42:16,223 - INFO - Processed: theravada (Level 4)
2025-08-19 14:42:19,061 - INFO - Processed: made (Level 1)
2025-08-19 14:42:22,037 - INFO - Processed: frijoles (Level 3)
2025-08-19 14:42:25,299 - INFO - Processed: magma (Level 1)
2025-08-19 14:42:29,391 - INFO - Processed: nervous (Level 2)
2025-08-19 14:42:30,985 - WARNING - No definition found for 'souris', adding to review list
2025-08-19 14:42:32,227 - INFO - Processed: souris (Level 2)
2025-08-19 14:42:34,873 - INFO - Processed: latke (Level 1)
2025-08-19 14:42:38,915 - INFO - Processed: altimeter (Level 3)
2025-08-19 14:42:40,748 - WARNING - No definition found for 'whimperbracelet', adding to review list
2025-08-19 14:42:41,990 - INFO - Processed: whimperbracelet (Level 5)
2025-08-19 14:42:45,046 - INFO - Processed: domesticity (Level 4)
2025-08-19 14:42:48,601 - INFO - Processed: rarely (Level 2)
2025-08-19 14:42:51,202 - INFO - Processed: accentuate (Level 4)
2025-08-19 14:42:52,506 - WARNING - No definition found for 'ttyl', adding to review list
2025-08-19 14:42:53,790 - INFO - Processed: ttyl (Level 1)
2025-08-19 14:42:55,115 - WARNING - No definition found for 'navajo', adding to review list
2025-08-19 14:42:56,388 - INFO - Processed: navajo (Level 2)
2025-08-19 14:42:59,069 - INFO - Processed: plume (Level 1)
2025-08-19 14:43:01,537 - INFO - Processed: investigative (Level 4)
2025-08-19 14:43:04,429 - INFO - Processed: experience (Level 4)
2025-08-19 14:43:06,184 - WARNING - No definition found for 'portugais', adding to review list
2025-08-19 14:43:07,427 - INFO - Processed: portugais (Level 4)
2025-08-19 14:43:09,947 - INFO - Processed: dais (Level 1)
2025-08-19 14:43:11,637 - WARNING - No definition found for 'pothos', adding to review list
2025-08-19 14:43:13,369 - INFO - Processed: pothos (Level 2)
2025-08-19 14:43:16,166 - INFO - Processed: nondescript (Level 4)
2025-08-19 14:43:18,156 - WARNING - No definition found for 'philos', adding to review list
2025-08-19 14:43:19,398 - INFO - Processed: philos (Level 2)
2025-08-19 14:43:22,060 - INFO - Processed: labeled (Level 2)
2025-08-19 14:43:23,955 - WARNING - No definition found for 'apabhramsa', adding to review list
2025-08-19 14:43:25,178 - INFO - Processed: apabhramsa (Level 4)
2025-08-19 14:43:29,247 - INFO - Processed: ruins (Level 1)
2025-08-19 14:43:30,490 - WARNING - No definition found for 'osteson', adding to review list
2025-08-19 14:43:31,752 - INFO - Processed: osteson (Level 2)
2025-08-19 14:43:34,461 - INFO - Processed: extant (Level 2)
2025-08-19 14:43:37,231 - INFO - Processed: nature (Level 2)
2025-08-19 14:43:39,987 - INFO - Processed: collude (Level 2)
2025-08-19 14:43:43,608 - INFO - Processed: cloying (Level 2)
2025-08-19 14:43:47,274 - INFO - Processed: inventor (Level 4)
2025-08-19 14:43:50,284 - INFO - Processed: shield (Level 2)
2025-08-19 14:43:52,887 - INFO - Processed: paneer (Level 2)
2025-08-19 14:43:55,631 - INFO - Processed: prophet (Level 2)
2025-08-19 14:43:59,234 - INFO - Processed: jalousie (Level 3)
2025-08-19 14:44:01,675 - INFO - Processed: hamlet (Level 2)
2025-08-19 14:44:04,387 - INFO - Processed: conveyance (Level 4)
2025-08-19 14:44:07,365 - INFO - Processed: duchy (Level 1)
2025-08-19 14:44:08,778 - WARNING - No definition found for 'apropospessimum', adding to review list
2025-08-19 14:44:10,146 - INFO - Processed: apropospessimum (Level 5)
2025-08-19 14:44:11,753 - WARNING - No definition found for 'piccata', adding to review list
2025-08-19 14:44:12,992 - INFO - Processed: piccata (Level 2)
2025-08-19 14:44:15,528 - INFO - Processed: catch (Level 1)
2025-08-19 14:44:18,084 - INFO - Processed: frigate (Level 2)
2025-08-19 14:44:20,485 - INFO - Processed: glib (Level 1)
2025-08-19 14:44:24,433 - INFO - Processed: dendrochronology (Level 5)
2025-08-19 14:44:27,426 - INFO - Processed: noncommittal (Level 4)
2025-08-19 14:44:27,595 - INFO - Checkpoint saved: 3400 words
2025-08-19 14:44:27,611 - INFO - Checkpoint saved after batch 34
2025-08-19 14:44:27,611 - INFO - Processing batch 35 (3401-3500 of 10114)
2025-08-19 14:44:30,181 - INFO - Processed: holotype (Level 4)
2025-08-19 14:44:31,406 - WARNING - No definition found for 'logographic', adding to review list
2025-08-19 14:44:32,646 - INFO - Processed: logographic (Level 4)
2025-08-19 14:44:33,880 - WARNING - No definition found for 'grazioso', adding to review list
2025-08-19 14:44:35,541 - INFO - Processed: grazioso (Level 4)
2025-08-19 14:44:38,191 - INFO - Processed: jargon (Level 1)
2025-08-19 14:44:41,546 - INFO - Processed: punting (Level 1)
2025-08-19 14:44:44,506 - INFO - Processed: rabbinic (Level 4)
2025-08-19 14:44:47,483 - INFO - Processed: residential (Level 4)
2025-08-19 14:44:49,183 - WARNING - No definition found for 'taurinehierurgical', adding to review list
2025-08-19 14:44:50,445 - INFO - Processed: taurinehierurgical (Level 5)
2025-08-19 14:44:52,891 - INFO - Processed: women (Level 1)
2025-08-19 14:44:55,632 - INFO - Processed: chupacabra (Level 4)
2025-08-19 14:44:57,485 - WARNING - No definition found for 'imponderabilia', adding to review list
2025-08-19 14:44:58,721 - INFO - Processed: imponderabilia (Level 5)
2025-08-19 14:45:02,543 - INFO - Processed: vespertine (Level 4)
2025-08-19 14:45:07,168 - INFO - Processed: insurance (Level 2)
2025-08-19 14:45:09,724 - INFO - Processed: cephalopod (Level 4)
2025-08-19 14:45:12,298 - INFO - Processed: buzzard (Level 2)
2025-08-19 14:45:14,831 - INFO - Processed: lapidary (Level 3)
2025-08-19 14:45:17,713 - INFO - Processed: cowlick (Level 2)
2025-08-19 14:45:20,656 - INFO - Processed: cire (Level 1)
2025-08-19 14:45:22,417 - WARNING - No definition found for 'capnometer', adding to review list
2025-08-19 14:45:23,891 - INFO - Processed: capnometer (Level 3)
2025-08-19 14:45:26,850 - INFO - Processed: poultice (Level 2)
2025-08-19 14:45:30,189 - INFO - Processed: tools (Level 1)
2025-08-19 14:45:33,228 - INFO - Processed: sequoia (Level 1)
2025-08-19 14:45:36,223 - INFO - Processed: peninsular (Level 4)
2025-08-19 14:45:39,628 - INFO - Processed: forefend (Level 3)
2025-08-19 14:45:42,586 - INFO - Processed: formalize (Level 4)
2025-08-19 14:45:45,872 - INFO - Processed: follow (Level 2)
2025-08-19 14:45:48,994 - INFO - Processed: german (Level 2)
2025-08-19 14:45:50,701 - WARNING - No definition found for 'una', adding to review list
2025-08-19 14:45:51,972 - INFO - Processed: una (Level 1)
2025-08-19 14:45:54,919 - INFO - Processed: adjusted (Level 3)
2025-08-19 14:45:56,108 - WARNING - No definition found for 'deceitfulcinderella', adding to review list
2025-08-19 14:45:57,598 - INFO - Processed: deceitfulcinderella (Level 5)
2025-08-19 14:46:00,531 - INFO - Processed: patrol (Level 2)
2025-08-19 14:46:03,319 - INFO - Processed: cantankerous (Level 4)
2025-08-19 14:46:05,999 - INFO - Processed: chase (Level 1)
2025-08-19 14:46:08,521 - INFO - Processed: primarily (Level 4)
2025-08-19 14:46:10,330 - WARNING - No definition found for 'movimento', adding to review list
2025-08-19 14:46:11,610 - INFO - Processed: movimento (Level 4)
2025-08-19 14:46:13,460 - WARNING - No definition found for 'tenaciouslyindemnity', adding to review list
2025-08-19 14:46:14,951 - INFO - Processed: tenaciouslyindemnity (Level 5)
2025-08-19 14:46:17,437 - INFO - Processed: jerky (Level 1)
2025-08-19 14:46:19,196 - WARNING - No definition found for 'dromic', adding to review list
2025-08-19 14:46:20,447 - INFO - Processed: dromic (Level 2)
2025-08-19 14:46:22,924 - INFO - Processed: dory (Level 1)
2025-08-19 14:46:28,852 - INFO - Processed: tubes (Level 1)
2025-08-19 14:46:34,158 - INFO - Processed: kangri (Level 2)
2025-08-19 14:46:38,076 - INFO - Processed: phulkari (Level 2)
2025-08-19 14:46:41,210 - INFO - Processed: vagabonds (Level 4)
2025-08-19 14:46:43,995 - INFO - Processed: relative (Level 2)
2025-08-19 14:46:46,291 - WARNING - No definition found for 'vernalaardvark', adding to review list
2025-08-19 14:46:47,756 - INFO - Processed: vernalaardvark (Level 5)
2025-08-19 14:46:50,897 - INFO - Processed: incorrigibles (Level 3)
2025-08-19 14:46:53,655 - INFO - Processed: curie (Level 1)
2025-08-19 14:46:56,613 - INFO - Processed: painted (Level 2)
2025-08-19 14:47:01,619 - INFO - Processed: cruciferous (Level 4)
2025-08-19 14:47:04,629 - INFO - Processed: gaffe (Level 1)
2025-08-19 14:47:07,728 - INFO - Processed: closed (Level 2)
2025-08-19 14:47:10,735 - INFO - Processed: scullery (Level 3)
2025-08-19 14:47:13,511 - INFO - Processed: merganser (Level 4)
2025-08-19 14:47:17,376 - INFO - Processed: zymurgy (Level 1)
2025-08-19 14:47:19,810 - INFO - Processed: histolysis (Level 1)
2025-08-19 14:47:22,490 - INFO - Processed: prominent (Level 3)
2025-08-19 14:47:25,125 - INFO - Processed: stagflation (Level 4)
2025-08-19 14:47:27,897 - INFO - Processed: politick (Level 4)
2025-08-19 14:47:30,751 - INFO - Processed: forearm (Level 2)
2025-08-19 14:47:33,728 - INFO - Processed: archduke (Level 2)
2025-08-19 14:47:36,250 - INFO - Processed: helpful (Level 2)
2025-08-19 14:47:41,209 - INFO - Processed: help (Level 1)
2025-08-19 14:47:44,805 - INFO - Processed: chowder (Level 2)
2025-08-19 14:47:47,751 - INFO - Processed: publishes (Level 4)
2025-08-19 14:47:50,197 - INFO - Processed: clodhopper (Level 2)
2025-08-19 14:47:52,970 - INFO - Processed: rubric (Level 2)
2025-08-19 14:47:55,509 - INFO - Processed: pedicure (Level 3)
2025-08-19 14:47:56,779 - WARNING - No definition found for 'ogival', adding to review list
2025-08-19 14:47:58,804 - INFO - Processed: ogival (Level 2)
2025-08-19 14:48:01,839 - INFO - Processed: commodious (Level 4)
2025-08-19 14:48:05,243 - INFO - Processed: bellyache (Level 1)
2025-08-19 14:48:07,734 - INFO - Processed: udon (Level 1)
2025-08-19 14:48:10,805 - INFO - Processed: beret (Level 1)
2025-08-19 14:48:13,703 - INFO - Processed: foible (Level 2)
2025-08-19 14:48:17,778 - INFO - Processed: cucumber (Level 3)
2025-08-19 14:48:20,804 - INFO - Processed: subtitles (Level 2)
2025-08-19 14:48:22,656 - WARNING - No definition found for 'tejano', adding to review list
2025-08-19 14:48:23,901 - INFO - Processed: tejano (Level 2)
2025-08-19 14:48:26,336 - INFO - Processed: impediment (Level 4)
2025-08-19 14:48:27,619 - WARNING - No definition found for 'lincoln', adding to review list
2025-08-19 14:48:29,422 - INFO - Processed: lincoln (Level 2)
2025-08-19 14:48:32,024 - INFO - Processed: fruition (Level 4)
2025-08-19 14:48:35,080 - INFO - Processed: chrysalis (Level 4)
2025-08-19 14:48:37,493 - INFO - Processed: controversy (Level 4)
2025-08-19 14:48:40,066 - INFO - Processed: grouped (Level 2)
2025-08-19 14:48:42,902 - INFO - Processed: exile (Level 1)
2025-08-19 14:48:45,689 - INFO - Processed: agoraphobia (Level 4)
2025-08-19 14:48:46,991 - WARNING - No definition found for 'millisecondmillivolt', adding to review list
2025-08-19 14:48:48,232 - INFO - Processed: millisecondmillivolt (Level 5)
2025-08-19 14:48:50,891 - INFO - Processed: esplanade (Level 3)
2025-08-19 14:48:53,353 - INFO - Processed: nascent (Level 2)
2025-08-19 14:48:55,893 - INFO - Processed: gloves (Level 2)
2025-08-19 14:48:58,399 - INFO - Processed: titian (Level 2)
2025-08-19 14:49:01,033 - INFO - Processed: decide (Level 2)
2025-08-19 14:49:04,919 - INFO - Processed: took (Level 1)
2025-08-19 14:49:07,441 - INFO - Processed: ultradian (Level 4)
2025-08-19 14:49:09,964 - INFO - Processed: cenotaph (Level 4)
2025-08-19 14:49:12,424 - INFO - Processed: gleaming (Level 2)
2025-08-19 14:49:15,262 - INFO - Processed: supplicate (Level 4)
2025-08-19 14:49:18,741 - INFO - Processed: arduous (Level 2)
2025-08-19 14:49:21,185 - INFO - Processed: glide (Level 1)
2025-08-19 14:49:24,225 - INFO - Processed: newspapers (Level 4)
2025-08-19 14:49:26,999 - INFO - Processed: soup (Level 1)
2025-08-19 14:49:30,007 - INFO - Processed: luthier (Level 2)
2025-08-19 14:49:30,195 - INFO - Checkpoint saved: 3500 words
2025-08-19 14:49:30,195 - INFO - Checkpoint saved after batch 35
2025-08-19 14:49:30,195 - INFO - Processing batch 36 (3501-3600 of 10114)
2025-08-19 14:49:33,520 - INFO - Processed: resilience (Level 4)
2025-08-19 14:49:36,527 - INFO - Processed: counterfeit (Level 4)
2025-08-19 14:49:38,908 - INFO - Processed: passed (Level 2)
2025-08-19 14:49:43,971 - INFO - Processed: mops (Level 1)
2025-08-19 14:49:46,386 - WARNING - No definition found for 'blockheap', adding to review list
2025-08-19 14:49:47,669 - INFO - Processed: blockheap (Level 3)
2025-08-19 14:49:50,134 - INFO - Processed: ask (Level 1)
2025-08-19 14:49:52,833 - INFO - Processed: surmised (Level 1)
2025-08-19 14:49:55,676 - INFO - Processed: unconscionable (Level 5)
2025-08-19 14:49:58,334 - INFO - Processed: dysrhythmia (Level 4)
2025-08-19 14:49:59,518 - WARNING - No definition found for 'ibidem', adding to review list
2025-08-19 14:50:00,802 - INFO - Processed: ibidem (Level 2)
2025-08-19 14:50:03,388 - INFO - Processed: darwinism (Level 2)
2025-08-19 14:50:06,412 - INFO - Processed: gravy (Level 1)
2025-08-19 14:50:07,734 - WARNING - No definition found for 'saketh', adding to review list
2025-08-19 14:50:08,999 - INFO - Processed: saketh (Level 2)
2025-08-19 14:50:11,552 - INFO - Processed: clerihew (Level 4)
2025-08-19 14:50:14,123 - INFO - Processed: accelerates (Level 2)
2025-08-19 14:50:16,819 - INFO - Processed: soothsayer (Level 4)
2025-08-19 14:50:18,121 - WARNING - No definition found for 'samuel', adding to review list
2025-08-19 14:50:19,359 - INFO - Processed: samuel (Level 2)
2025-08-19 14:50:21,944 - INFO - Processed: opinionated (Level 4)
2025-08-19 14:50:24,451 - INFO - Processed: univocal (Level 4)
2025-08-19 14:50:26,926 - INFO - Processed: hindmost (Level 2)
2025-08-19 14:50:29,512 - INFO - Processed: chauffeurs (Level 2)
2025-08-19 14:50:30,814 - WARNING - No definition found for 'danseur', adding to review list
2025-08-19 14:50:32,014 - INFO - Processed: danseur (Level 2)
2025-08-19 14:50:34,637 - INFO - Processed: pulpit (Level 2)
2025-08-19 14:50:38,492 - INFO - Processed: denizen (Level 2)
2025-08-19 14:50:41,456 - INFO - Processed: note (Level 1)
2025-08-19 14:50:44,575 - INFO - Processed: latitudinarian (Level 5)
2025-08-19 14:50:47,065 - INFO - Processed: equator (Level 1)
2025-08-19 14:50:48,318 - WARNING - No definition found for 'epinicion', adding to review list
2025-08-19 14:50:50,074 - INFO - Processed: epinicion (Level 4)
2025-08-19 14:50:51,514 - WARNING - No definition found for 'zurna', adding to review list
2025-08-19 14:50:52,847 - INFO - Processed: zurna (Level 1)
2025-08-19 14:50:54,194 - WARNING - No definition found for 'fervorous', adding to review list
2025-08-19 14:50:55,464 - INFO - Processed: fervorous (Level 4)
2025-08-19 14:50:58,020 - INFO - Processed: incorporeal (Level 4)
2025-08-19 14:51:00,495 - INFO - Processed: growling (Level 3)
2025-08-19 14:51:03,136 - INFO - Processed: tactics (Level 1)
2025-08-19 14:51:06,701 - INFO - Processed: recyclable (Level 1)
2025-08-19 14:51:10,008 - INFO - Processed: stegosaur (Level 4)
2025-08-19 14:51:12,546 - INFO - Processed: gypsophila (Level 4)
2025-08-19 14:51:14,977 - INFO - Processed: traditionally (Level 4)
2025-08-19 14:51:18,047 - INFO - Processed: popovers (Level 3)
2025-08-19 14:51:21,339 - INFO - Processed: ulterior (Level 3)
2025-08-19 14:51:24,019 - INFO - Processed: siblings (Level 1)
2025-08-19 14:51:26,610 - INFO - Processed: intermezzo (Level 3)
2025-08-19 14:51:29,297 - INFO - Processed: hydrophobia (Level 4)
2025-08-19 14:51:35,144 - INFO - Processed: mastodon (Level 4)
2025-08-19 14:51:36,460 - WARNING - No definition found for 'foudroyant', adding to review list
2025-08-19 14:51:37,713 - INFO - Processed: foudroyant (Level 3)
2025-08-19 14:51:40,194 - INFO - Processed: silly (Level 1)
2025-08-19 14:51:41,549 - WARNING - No definition found for 'burgoooccupancy', adding to review list
2025-08-19 14:51:42,772 - INFO - Processed: burgoooccupancy (Level 5)
2025-08-19 14:51:45,379 - INFO - Processed: proliferate (Level 4)
2025-08-19 14:51:49,313 - INFO - Processed: arboretum (Level 4)
2025-08-19 14:51:50,660 - WARNING - No definition found for 'asyleeatrabilious', adding to review list
2025-08-19 14:51:51,847 - INFO - Processed: asyleeatrabilious (Level 5)
2025-08-19 14:51:54,279 - INFO - Processed: operator (Level 1)
2025-08-19 14:51:57,460 - INFO - Processed: heraldic (Level 4)
2025-08-19 14:52:02,446 - INFO - Processed: hypochondria (Level 4)
2025-08-19 14:52:05,015 - INFO - Processed: ensemble (Level 1)
2025-08-19 14:52:07,506 - INFO - Processed: trumpet (Level 2)
2025-08-19 14:52:10,032 - INFO - Processed: tussock (Level 2)
2025-08-19 14:52:12,683 - INFO - Processed: nourish (Level 2)
2025-08-19 14:52:15,376 - INFO - Processed: heist (Level 1)
2025-08-19 14:52:17,865 - INFO - Processed: warm (Level 1)
2025-08-19 14:52:19,306 - WARNING - No definition found for 'cogently', adding to review list
2025-08-19 14:52:20,564 - INFO - Processed: cogently (Level 4)
2025-08-19 14:52:22,973 - INFO - Processed: translucent (Level 4)
2025-08-19 14:52:24,432 - WARNING - No definition found for 'posteriori', adding to review list
2025-08-19 14:52:25,925 - INFO - Processed: posteriori (Level 3)
2025-08-19 14:52:28,724 - INFO - Processed: javelin (Level 2)
2025-08-19 14:52:31,233 - INFO - Processed: cranky (Level 2)
2025-08-19 14:52:33,773 - INFO - Processed: balata (Level 2)
2025-08-19 14:52:36,152 - INFO - Processed: goods (Level 1)
2025-08-19 14:52:37,584 - WARNING - No definition found for 'affiliateaffluent', adding to review list
2025-08-19 14:52:39,326 - INFO - Processed: affiliateaffluent (Level 5)
2025-08-19 14:52:40,653 - WARNING - No definition found for 'danta', adding to review list
2025-08-19 14:52:41,907 - INFO - Processed: danta (Level 1)
2025-08-19 14:52:44,663 - INFO - Processed: then (Level 1)
2025-08-19 14:52:47,641 - INFO - Processed: strychnine (Level 1)
2025-08-19 14:52:50,211 - INFO - Processed: muster (Level 2)
2025-08-19 14:52:52,703 - INFO - Processed: paleozoic (Level 4)
2025-08-19 14:52:55,225 - INFO - Processed: supper (Level 2)
2025-08-19 14:52:57,682 - INFO - Processed: getting (Level 2)
2025-08-19 14:53:00,100 - INFO - Processed: violence (Level 4)
2025-08-19 14:53:02,714 - INFO - Processed: hymnal (Level 1)
2025-08-19 14:53:05,244 - INFO - Processed: gibbous (Level 2)
2025-08-19 14:53:07,732 - INFO - Processed: masseuse (Level 1)
2025-08-19 14:53:10,339 - INFO - Processed: exhalation (Level 2)
2025-08-19 14:53:13,082 - INFO - Processed: letter (Level 2)
2025-08-19 14:53:15,566 - INFO - Processed: framboise (Level 1)
2025-08-19 14:53:16,824 - WARNING - No definition found for 'sget', adding to review list
2025-08-19 14:53:18,061 - INFO - Processed: sget (Level 1)
2025-08-19 14:53:20,739 - INFO - Processed: platypus (Level 3)
2025-08-19 14:53:22,869 - WARNING - No definition found for 'ponzi', adding to review list
2025-08-19 14:53:24,455 - INFO - Processed: ponzi (Level 1)
2025-08-19 14:53:27,115 - INFO - Processed: once (Level 1)
2025-08-19 14:53:30,078 - INFO - Processed: sugars (Level 2)
2025-08-19 14:53:33,432 - INFO - Processed: mugs (Level 1)
2025-08-19 14:53:35,472 - WARNING - No definition found for 'trowsers', adding to review list
2025-08-19 14:53:37,146 - INFO - Processed: trowsers (Level 4)
2025-08-19 14:53:39,984 - INFO - Processed: unscramble (Level 3)
2025-08-19 14:53:42,427 - INFO - Processed: previous (Level 4)
2025-08-19 14:53:44,928 - INFO - Processed: disposition (Level 4)
2025-08-19 14:53:46,895 - WARNING - No definition found for 'jamaica', adding to review list
2025-08-19 14:53:48,131 - INFO - Processed: jamaica (Level 2)
2025-08-19 14:53:50,798 - INFO - Processed: roulette (Level 3)
2025-08-19 14:53:53,293 - INFO - Processed: amulet (Level 2)
2025-08-19 14:53:55,796 - INFO - Processed: glacier (Level 2)
2025-08-19 14:53:58,178 - INFO - Processed: sink (Level 1)
2025-08-19 14:54:00,749 - INFO - Processed: puritan (Level 2)
2025-08-19 14:54:03,146 - INFO - Processed: slender (Level 2)
2025-08-19 14:54:05,763 - INFO - Processed: surfactant (Level 3)
2025-08-19 14:54:08,225 - INFO - Processed: medicine (Level 3)
2025-08-19 14:54:10,731 - INFO - Processed: livery (Level 2)
2025-08-19 14:54:10,950 - INFO - Checkpoint saved: 3600 words
2025-08-19 14:54:10,950 - INFO - Checkpoint saved after batch 36
2025-08-19 14:54:10,950 - INFO - Processing batch 37 (3601-3700 of 10114)
2025-08-19 14:54:13,379 - INFO - Processed: inflate (Level 2)
2025-08-19 14:54:15,064 - WARNING - No definition found for 'quoties', adding to review list
2025-08-19 14:54:16,323 - INFO - Processed: quoties (Level 2)
2025-08-19 14:54:19,036 - INFO - Processed: solace (Level 1)
2025-08-19 14:54:21,577 - INFO - Processed: centenary (Level 3)
2025-08-19 14:54:24,086 - INFO - Processed: rabble (Level 1)
2025-08-19 14:54:27,092 - INFO - Processed: indigent (Level 4)
2025-08-19 14:54:28,521 - WARNING - No definition found for 'scrumptiously', adding to review list
2025-08-19 14:54:30,827 - INFO - Processed: scrumptiously (Level 4)
2025-08-19 14:54:33,347 - INFO - Processed: monopolize (Level 4)
2025-08-19 14:54:36,277 - INFO - Processed: legislature (Level 4)
2025-08-19 14:54:38,673 - INFO - Processed: abruptly (Level 2)
2025-08-19 14:54:41,385 - WARNING - No definition found for 'fumatorium', adding to review list
2025-08-19 14:54:43,124 - INFO - Processed: fumatorium (Level 3)
2025-08-19 14:54:45,632 - INFO - Processed: manner (Level 2)
2025-08-19 14:54:48,216 - INFO - Processed: railings (Level 3)
2025-08-19 14:54:50,741 - INFO - Processed: age (Level 1)
2025-08-19 14:54:53,295 - INFO - Processed: rhetorical (Level 2)
2025-08-19 14:54:57,352 - INFO - Processed: savor (Level 1)
2025-08-19 14:54:59,797 - INFO - Processed: twelve (Level 2)
2025-08-19 14:55:02,180 - INFO - Processed: captive (Level 2)
2025-08-19 14:55:04,751 - INFO - Processed: bottle (Level 2)
2025-08-19 14:55:07,351 - INFO - Processed: definiendum (Level 3)
2025-08-19 14:55:08,871 - WARNING - No definition found for 'brouillon', adding to review list
2025-08-19 14:55:10,283 - INFO - Processed: brouillon (Level 2)
2025-08-19 14:55:11,538 - WARNING - No definition found for 'spelunker', adding to review list
2025-08-19 14:55:12,761 - INFO - Processed: spelunker (Level 1)
2025-08-19 14:55:15,251 - INFO - Processed: elegiac (Level 2)
2025-08-19 14:55:16,504 - WARNING - No definition found for 'alpestrine', adding to review list
2025-08-19 14:55:17,742 - INFO - Processed: alpestrine (Level 4)
2025-08-19 14:55:19,043 - WARNING - No definition found for 'jambalayajarl', adding to review list
2025-08-19 14:55:21,975 - INFO - Processed: jambalayajarl (Level 4)
2025-08-19 14:55:24,777 - INFO - Processed: specificity (Level 4)
2025-08-19 14:55:27,271 - INFO - Processed: finish (Level 1)
2025-08-19 14:55:30,090 - INFO - Processed: zygote (Level 2)
2025-08-19 14:55:31,407 - WARNING - No definition found for 'pugilistpugnacious', adding to review list
2025-08-19 14:55:32,724 - INFO - Processed: pugilistpugnacious (Level 5)
2025-08-19 14:55:35,751 - INFO - Processed: boiled (Level 2)
2025-08-19 14:55:38,601 - INFO - Processed: girandole (Level 2)
2025-08-19 14:55:39,964 - WARNING - No definition found for 'alluvialalma', adding to review list
2025-08-19 14:55:41,198 - INFO - Processed: alluvialalma (Level 4)
2025-08-19 14:55:43,571 - INFO - Processed: reach (Level 1)
2025-08-19 14:55:46,200 - INFO - Processed: resting (Level 2)
2025-08-19 14:55:53,079 - INFO - Processed: grown (Level 1)
2025-08-19 14:55:56,027 - INFO - Processed: shindig (Level 2)
2025-08-19 14:55:58,675 - INFO - Processed: esoteric (Level 2)
2025-08-19 14:56:01,763 - INFO - Processed: rhombus (Level 2)
2025-08-19 14:56:04,818 - INFO - Processed: campanology (Level 4)
2025-08-19 14:56:06,105 - WARNING - No definition found for 'furanmanu', adding to review list
2025-08-19 14:56:07,344 - INFO - Processed: furanmanu (Level 3)
2025-08-19 14:56:09,971 - INFO - Processed: combination (Level 4)
2025-08-19 14:56:11,260 - WARNING - No definition found for 'wensleydale', adding to review list
2025-08-19 14:56:12,465 - INFO - Processed: wensleydale (Level 4)
2025-08-19 14:56:13,941 - WARNING - No definition found for 'plantagenet', adding to review list
2025-08-19 14:56:15,210 - INFO - Processed: plantagenet (Level 4)
2025-08-19 14:56:17,809 - INFO - Processed: soap (Level 1)
2025-08-19 14:56:20,582 - INFO - Processed: armistice (Level 4)
2025-08-19 14:56:22,996 - INFO - Processed: vacancy (Level 1)
2025-08-19 14:56:25,509 - INFO - Processed: grout (Level 1)
2025-08-19 14:56:28,912 - INFO - Processed: adiabatic (Level 3)
2025-08-19 14:56:32,007 - INFO - Processed: asterisk (Level 4)
2025-08-19 14:56:33,376 - WARNING - No definition found for 'honourific', adding to review list
2025-08-19 14:56:34,584 - INFO - Processed: honourific (Level 3)
2025-08-19 14:56:37,198 - INFO - Processed: trickery (Level 4)
2025-08-19 14:56:41,334 - INFO - Processed: turpentine (Level 4)
2025-08-19 14:56:45,203 - INFO - Processed: mention (Level 2)
2025-08-19 14:56:47,760 - INFO - Processed: hauling (Level 2)
2025-08-19 14:56:50,267 - INFO - Processed: horticulture (Level 4)
2025-08-19 14:56:51,647 - WARNING - No definition found for 'glaswegian', adding to review list
2025-08-19 14:56:52,900 - INFO - Processed: glaswegian (Level 2)
2025-08-19 14:56:56,467 - INFO - Processed: disease (Level 2)
2025-08-19 14:56:58,947 - INFO - Processed: harmful (Level 2)
2025-08-19 14:57:00,248 - WARNING - No definition found for 'smellfungus', adding to review list
2025-08-19 14:57:01,469 - INFO - Processed: smellfungus (Level 4)
2025-08-19 14:57:04,041 - INFO - Processed: barber (Level 1)
2025-08-19 14:57:07,272 - INFO - Processed: podagra (Level 2)
2025-08-19 14:57:09,853 - INFO - Processed: stories (Level 2)
2025-08-19 14:57:12,912 - INFO - Processed: embellishes (Level 3)
2025-08-19 14:57:15,432 - INFO - Processed: mourners (Level 4)
2025-08-19 14:57:17,911 - INFO - Processed: berceuse (Level 4)
2025-08-19 14:57:21,390 - INFO - Processed: dysphasia (Level 3)
2025-08-19 14:57:23,082 - WARNING - No definition found for 'joaquin', adding to review list
2025-08-19 14:57:24,291 - INFO - Processed: joaquin (Level 2)
2025-08-19 14:57:27,312 - INFO - Processed: ferruginous (Level 4)
2025-08-19 14:57:29,803 - INFO - Processed: newly (Level 1)
2025-08-19 14:57:33,159 - INFO - Processed: entomophagy (Level 4)
2025-08-19 14:57:36,873 - INFO - Processed: clavichord (Level 4)
2025-08-19 14:57:39,523 - INFO - Processed: collect (Level 1)
2025-08-19 14:57:42,375 - INFO - Processed: levees (Level 1)
2025-08-19 14:57:45,062 - INFO - Processed: millionaire (Level 4)
2025-08-19 14:57:46,321 - WARNING - No definition found for 'albuquerque', adding to review list
2025-08-19 14:57:47,905 - INFO - Processed: albuquerque (Level 4)
2025-08-19 14:57:49,958 - WARNING - No definition found for 'gautam', adding to review list
2025-08-19 14:57:51,336 - INFO - Processed: gautam (Level 2)
2025-08-19 14:57:53,088 - WARNING - No definition found for 'tristetrituration', adding to review list
2025-08-19 14:57:54,315 - INFO - Processed: tristetrituration (Level 5)
2025-08-19 14:57:56,854 - INFO - Processed: china (Level 1)
2025-08-19 14:57:59,557 - INFO - Processed: coffee (Level 2)
2025-08-19 14:58:03,607 - INFO - Processed: cormorant (Level 2)
2025-08-19 14:58:07,384 - INFO - Processed: arabesque (Level 2)
2025-08-19 14:58:08,639 - WARNING - No definition found for 'venezuela', adding to review list
2025-08-19 14:58:09,861 - INFO - Processed: venezuela (Level 4)
2025-08-19 14:58:11,068 - WARNING - No definition found for 'vitiatespodumene', adding to review list
2025-08-19 14:58:12,290 - INFO - Processed: vitiatespodumene (Level 5)
2025-08-19 14:58:14,984 - INFO - Processed: heredity (Level 3)
2025-08-19 14:58:17,321 - WARNING - No definition found for 'polyesteranoint', adding to review list
2025-08-19 14:58:19,122 - INFO - Processed: polyesteranoint (Level 5)
2025-08-19 14:58:21,692 - INFO - Processed: spree (Level 1)
2025-08-19 14:58:24,231 - INFO - Processed: restaurants (Level 4)
2025-08-19 14:58:27,083 - INFO - Processed: schnitzel (Level 2)
2025-08-19 14:58:30,797 - INFO - Processed: rule (Level 1)
2025-08-19 14:58:33,702 - INFO - Processed: sprawl (Level 1)
2025-08-19 14:58:36,737 - INFO - Processed: aileron (Level 2)
2025-08-19 14:58:39,997 - INFO - Processed: disproportionate (Level 5)
2025-08-19 14:58:42,723 - INFO - Processed: part (Level 1)
2025-08-19 14:58:46,032 - INFO - Processed: uncouth (Level 2)
2025-08-19 14:58:49,055 - INFO - Processed: jacaranda (Level 3)
2025-08-19 14:58:50,323 - WARNING - No definition found for 'tsked', adding to review list
2025-08-19 14:58:51,546 - INFO - Processed: tsked (Level 1)
2025-08-19 14:58:53,980 - INFO - Processed: trepidation (Level 4)
2025-08-19 14:58:57,313 - INFO - Processed: ochlocracy (Level 1)
2025-08-19 14:58:59,993 - INFO - Processed: plural (Level 2)
2025-08-19 14:59:03,768 - INFO - Processed: gelatine (Level 4)
2025-08-19 14:59:03,970 - INFO - Checkpoint saved: 3700 words
2025-08-19 14:59:03,970 - INFO - Checkpoint saved after batch 37
2025-08-19 14:59:03,970 - INFO - Processing batch 38 (3701-3800 of 10114)
2025-08-19 14:59:06,402 - INFO - Processed: aviation (Level 4)
2025-08-19 14:59:07,661 - WARNING - No definition found for 'dorking', adding to review list
2025-08-19 14:59:09,223 - INFO - Processed: dorking (Level 2)
2025-08-19 14:59:11,952 - INFO - Processed: breed (Level 1)
2025-08-19 14:59:16,057 - INFO - Processed: abalones (Level 2)
2025-08-19 14:59:19,472 - INFO - Processed: dispute (Level 1)
2025-08-19 14:59:22,135 - INFO - Processed: yammer (Level 2)
2025-08-19 14:59:24,912 - INFO - Processed: discarded (Level 3)
2025-08-19 14:59:28,217 - INFO - Processed: cadge (Level 1)
2025-08-19 14:59:30,976 - INFO - Processed: wood (Level 1)
2025-08-19 14:59:33,531 - INFO - Processed: ullage (Level 2)
2025-08-19 14:59:35,006 - WARNING - No definition found for 'gladness', adding to review list
2025-08-19 14:59:36,284 - INFO - Processed: gladness (Level 3)
2025-08-19 14:59:39,205 - INFO - Processed: backgammon (Level 4)
2025-08-19 14:59:43,984 - INFO - Processed: rest (Level 1)
2025-08-19 14:59:46,431 - INFO - Processed: gallipot (Level 4)
2025-08-19 14:59:49,502 - INFO - Processed: nubuck (Level 2)
2025-08-19 14:59:51,946 - INFO - Processed: duo (Level 1)
2025-08-19 14:59:54,701 - INFO - Processed: linen (Level 1)
2025-08-19 14:59:57,226 - INFO - Processed: try (Level 1)
2025-08-19 15:00:00,127 - INFO - Processed: colcannon (Level 4)
2025-08-19 15:00:02,759 - INFO - Processed: dishevel (Level 2)
2025-08-19 15:00:05,743 - INFO - Processed: legs (Level 1)
2025-08-19 15:00:08,242 - INFO - Processed: official (Level 4)
2025-08-19 15:00:10,689 - INFO - Processed: effrontery (Level 1)
2025-08-19 15:00:13,133 - INFO - Processed: sequester (Level 1)
2025-08-19 15:00:15,677 - INFO - Processed: rheostat (Level 2)
2025-08-19 15:00:16,972 - WARNING - No definition found for 'glumly', adding to review list
2025-08-19 15:00:18,218 - INFO - Processed: glumly (Level 2)
2025-08-19 15:00:20,702 - INFO - Processed: storm (Level 1)
2025-08-19 15:00:22,033 - WARNING - No definition found for 'flummix', adding to review list
2025-08-19 15:00:23,257 - INFO - Processed: flummix (Level 2)
2025-08-19 15:00:25,811 - INFO - Processed: charade (Level 2)
2025-08-19 15:00:27,095 - WARNING - No definition found for 'totipotency', adding to review list
2025-08-19 15:00:28,365 - INFO - Processed: totipotency (Level 4)
2025-08-19 15:00:30,041 - WARNING - No definition found for 'vindictiveattitudes', adding to review list
2025-08-19 15:00:31,264 - INFO - Processed: vindictiveattitudes (Level 5)
2025-08-19 15:00:36,622 - INFO - Processed: pterodactyl (Level 2)
2025-08-19 15:00:39,282 - INFO - Processed: propane (Level 2)
2025-08-19 15:00:40,963 - WARNING - No definition found for 'oceanian', adding to review list
2025-08-19 15:00:42,187 - INFO - Processed: oceanian (Level 4)
2025-08-19 15:00:44,931 - INFO - Processed: subservient (Level 4)
2025-08-19 15:00:48,674 - INFO - Processed: house (Level 1)
2025-08-19 15:00:51,795 - INFO - Processed: ministrations (Level 2)
2025-08-19 15:00:54,584 - WARNING - No definition found for 'gabarit', adding to review list
2025-08-19 15:00:55,918 - INFO - Processed: gabarit (Level 2)
2025-08-19 15:00:58,314 - WARNING - No definition found for 'tannined', adding to review list
2025-08-19 15:00:59,522 - INFO - Processed: tannined (Level 4)
2025-08-19 15:01:02,246 - INFO - Processed: sailor (Level 2)
2025-08-19 15:01:04,645 - INFO - Processed: multitude (Level 3)
2025-08-19 15:01:07,372 - INFO - Processed: fanfaronade (Level 3)
2025-08-19 15:01:10,334 - INFO - Processed: misconception (Level 4)
2025-08-19 15:01:12,899 - INFO - Processed: fester (Level 2)
2025-08-19 15:01:15,546 - INFO - Processed: mumble (Level 2)
2025-08-19 15:01:17,337 - WARNING - No definition found for 'shawwal', adding to review list
2025-08-19 15:01:18,563 - INFO - Processed: shawwal (Level 2)
2025-08-19 15:01:22,447 - INFO - Processed: taxidermy (Level 4)
2025-08-19 15:01:23,735 - WARNING - No definition found for 'wednesday', adding to review list
2025-08-19 15:01:25,034 - INFO - Processed: wednesday (Level 4)
2025-08-19 15:01:27,542 - INFO - Processed: even (Level 1)
2025-08-19 15:01:28,825 - WARNING - No definition found for 'taal', adding to review list
2025-08-19 15:01:30,127 - INFO - Processed: taal (Level 1)
2025-08-19 15:01:32,680 - INFO - Processed: kaffeeklatsch (Level 3)
2025-08-19 15:01:35,148 - INFO - Processed: smooth (Level 2)
2025-08-19 15:01:37,946 - INFO - Processed: time (Level 1)
2025-08-19 15:01:39,247 - WARNING - No definition found for 'segmentate', adding to review list
2025-08-19 15:01:41,001 - INFO - Processed: segmentate (Level 1)
2025-08-19 15:01:44,348 - INFO - Processed: renvoi (Level 2)
2025-08-19 15:01:47,334 - INFO - Processed: philology (Level 3)
2025-08-19 15:01:49,779 - INFO - Processed: academic (Level 4)
2025-08-19 15:01:51,014 - WARNING - No definition found for 'grewsome', adding to review list
2025-08-19 15:01:52,286 - INFO - Processed: grewsome (Level 4)
2025-08-19 15:01:54,730 - INFO - Processed: merely (Level 2)
2025-08-19 15:01:55,985 - WARNING - No definition found for 'emotionsword', adding to review list
2025-08-19 15:01:57,205 - INFO - Processed: emotionsword (Level 4)
2025-08-19 15:02:00,245 - INFO - Processed: pictures (Level 4)
2025-08-19 15:02:04,196 - INFO - Processed: exploits (Level 1)
2025-08-19 15:02:06,778 - INFO - Processed: profit (Level 2)
2025-08-19 15:02:09,258 - INFO - Processed: inaudible (Level 3)
2025-08-19 15:02:12,206 - INFO - Processed: snell (Level 1)
2025-08-19 15:02:14,871 - INFO - Processed: spot (Level 1)
2025-08-19 15:02:18,863 - INFO - Processed: goblet (Level 1)
2025-08-19 15:02:21,309 - INFO - Processed: specialist (Level 3)
2025-08-19 15:02:24,291 - INFO - Processed: scherzo (Level 2)
2025-08-19 15:02:27,279 - INFO - Processed: gubernatorial (Level 4)
2025-08-19 15:02:28,706 - WARNING - No definition found for 'beelzebub', adding to review list
2025-08-19 15:02:29,975 - INFO - Processed: beelzebub (Level 2)
2025-08-19 15:02:31,718 - WARNING - No definition found for 'statusy', adding to review list
2025-08-19 15:02:32,957 - INFO - Processed: statusy (Level 2)
2025-08-19 15:02:36,194 - INFO - Processed: carcajou (Level 4)
2025-08-19 15:02:38,643 - INFO - Processed: relating (Level 4)
2025-08-19 15:02:39,894 - WARNING - No definition found for 'advocatory', adding to review list
2025-08-19 15:02:41,336 - INFO - Processed: advocatory (Level 3)
2025-08-19 15:02:44,550 - INFO - Processed: jarl (Level 1)
2025-08-19 15:02:47,025 - INFO - Processed: because (Level 2)
2025-08-19 15:02:49,582 - INFO - Processed: feline (Level 2)
2025-08-19 15:02:52,045 - INFO - Processed: funky (Level 1)
2025-08-19 15:02:55,161 - INFO - Processed: beak (Level 1)
2025-08-19 15:02:58,671 - INFO - Processed: rectitude (Level 3)
2025-08-19 15:03:01,593 - INFO - Processed: caricature (Level 4)
2025-08-19 15:03:04,062 - INFO - Processed: ghostly (Level 2)
2025-08-19 15:03:06,598 - INFO - Processed: brogue (Level 2)
2025-08-19 15:03:09,796 - INFO - Processed: macchiato (Level 4)
2025-08-19 15:03:12,460 - INFO - Processed: avalanche (Level 4)
2025-08-19 15:03:15,484 - INFO - Processed: peddle (Level 2)
2025-08-19 15:03:16,767 - WARNING - No definition found for 'ciliopathy', adding to review list
2025-08-19 15:03:17,992 - INFO - Processed: ciliopathy (Level 4)
2025-08-19 15:03:20,963 - INFO - Processed: sortition (Level 1)
2025-08-19 15:03:22,302 - WARNING - No definition found for 'sreethan', adding to review list
2025-08-19 15:03:23,557 - INFO - Processed: sreethan (Level 4)
2025-08-19 15:03:26,189 - INFO - Processed: barracks (Level 1)
2025-08-19 15:03:27,459 - WARNING - No definition found for 'miombo', adding to review list
2025-08-19 15:03:28,711 - INFO - Processed: miombo (Level 2)
2025-08-19 15:03:31,230 - INFO - Processed: sights (Level 2)
2025-08-19 15:03:33,650 - INFO - Processed: plot (Level 1)
2025-08-19 15:03:35,185 - WARNING - No definition found for 'colporter', adding to review list
2025-08-19 15:03:38,365 - INFO - Processed: colporter (Level 4)
2025-08-19 15:03:41,173 - INFO - Processed: transgressions (Level 5)
2025-08-19 15:03:43,630 - INFO - Processed: ridiculously (Level 4)
2025-08-19 15:03:46,608 - INFO - Processed: hypaethral (Level 4)
2025-08-19 15:03:49,704 - INFO - Processed: villanelle (Level 4)
2025-08-19 15:03:51,049 - WARNING - No definition found for 'cyberneticsgarniture', adding to review list
2025-08-19 15:03:52,461 - INFO - Processed: cyberneticsgarniture (Level 5)
2025-08-19 15:03:52,692 - INFO - Checkpoint saved: 3800 words
2025-08-19 15:03:52,692 - INFO - Checkpoint saved after batch 38
2025-08-19 15:03:52,692 - INFO - Processing batch 39 (3801-3900 of 10114)
2025-08-19 15:03:55,635 - INFO - Processed: nepotism (Level 4)
2025-08-19 15:03:58,192 - INFO - Processed: nova (Level 1)
2025-08-19 15:03:59,367 - WARNING - No definition found for 'april', adding to review list
2025-08-19 15:04:00,606 - INFO - Processed: april (Level 1)
2025-08-19 15:04:04,570 - INFO - Processed: winged (Level 2)
2025-08-19 15:04:07,388 - INFO - Processed: form (Level 1)
2025-08-19 15:04:10,070 - INFO - Processed: alibi (Level 1)
2025-08-19 15:04:12,591 - INFO - Processed: grandiloquent (Level 4)
2025-08-19 15:04:15,175 - INFO - Processed: feel (Level 1)
2025-08-19 15:04:17,731 - INFO - Processed: compute (Level 2)
2025-08-19 15:04:20,195 - INFO - Processed: maximum (Level 2)
2025-08-19 15:04:23,228 - INFO - Processed: sheaves (Level 2)
2025-08-19 15:04:25,944 - INFO - Processed: golden (Level 2)
2025-08-19 15:04:28,914 - INFO - Processed: rollicking (Level 4)
2025-08-19 15:04:31,403 - INFO - Processed: sardonic (Level 4)
2025-08-19 15:04:34,121 - INFO - Processed: fraudulent (Level 4)
2025-08-19 15:04:36,722 - INFO - Processed: bred (Level 1)
2025-08-19 15:04:38,027 - WARNING - No definition found for 'merrimack', adding to review list
2025-08-19 15:04:39,261 - INFO - Processed: merrimack (Level 1)
2025-08-19 15:04:41,736 - INFO - Processed: shoulder (Level 3)
2025-08-19 15:04:45,342 - INFO - Processed: acquiesce (Level 4)
2025-08-19 15:04:47,839 - INFO - Processed: between (Level 2)
2025-08-19 15:04:50,399 - INFO - Processed: laurel (Level 2)
2025-08-19 15:04:52,885 - INFO - Processed: chin (Level 1)
2025-08-19 15:04:55,926 - INFO - Processed: wallaby (Level 2)
2025-08-19 15:04:59,020 - INFO - Processed: popular (Level 2)
2025-08-19 15:05:01,416 - INFO - Processed: beguile (Level 2)
2025-08-19 15:05:04,228 - INFO - Processed: digital (Level 1)
2025-08-19 15:05:05,570 - WARNING - No definition found for 'joropo', adding to review list
2025-08-19 15:05:06,860 - INFO - Processed: joropo (Level 2)
2025-08-19 15:05:08,170 - WARNING - No definition found for 'latigo', adding to review list
2025-08-19 15:05:09,456 - INFO - Processed: latigo (Level 2)
2025-08-19 15:05:11,979 - INFO - Processed: creeks (Level 2)
2025-08-19 15:05:14,384 - INFO - Processed: succulent (Level 3)
2025-08-19 15:05:17,273 - INFO - Processed: cottage (Level 1)
2025-08-19 15:05:20,206 - INFO - Processed: thoroughfare (Level 3)
2025-08-19 15:05:22,800 - INFO - Processed: procrustean (Level 4)
2025-08-19 15:05:25,382 - INFO - Processed: brooding (Level 3)
2025-08-19 15:05:28,033 - INFO - Processed: hilum (Level 1)
2025-08-19 15:05:30,693 - INFO - Processed: hint (Level 1)
2025-08-19 15:05:34,391 - INFO - Processed: rafflesia (Level 4)
2025-08-19 15:05:37,297 - INFO - Processed: horned (Level 2)
2025-08-19 15:05:39,791 - INFO - Processed: hull (Level 1)
2025-08-19 15:05:42,219 - INFO - Processed: hitched (Level 2)
2025-08-19 15:05:50,782 - INFO - Processed: sediment (Level 2)
2025-08-19 15:05:53,501 - INFO - Processed: carcinogenic (Level 4)
2025-08-19 15:05:56,581 - INFO - Processed: cases (Level 1)
2025-08-19 15:06:00,539 - INFO - Processed: acutely (Level 2)
2025-08-19 15:06:01,768 - WARNING - No definition found for 'illinois', adding to review list
2025-08-19 15:06:03,026 - INFO - Processed: illinois (Level 3)
2025-08-19 15:06:04,275 - WARNING - No definition found for 'cordillerazazen', adding to review list
2025-08-19 15:06:05,510 - INFO - Processed: cordillerazazen (Level 5)
2025-08-19 15:06:07,971 - INFO - Processed: ends (Level 1)
2025-08-19 15:06:11,360 - INFO - Processed: wolfsbane (Level 4)
2025-08-19 15:06:14,303 - INFO - Processed: inundate (Level 3)
2025-08-19 15:06:16,828 - INFO - Processed: pervading (Level 3)
2025-08-19 15:06:19,282 - INFO - Processed: coastal (Level 2)
2025-08-19 15:06:21,745 - INFO - Processed: booth (Level 1)
2025-08-19 15:06:23,027 - WARNING - No definition found for 'merriam', adding to review list
2025-08-19 15:06:24,381 - INFO - Processed: merriam (Level 2)
2025-08-19 15:06:27,841 - INFO - Processed: small (Level 1)
2025-08-19 15:06:30,679 - INFO - Processed: malady (Level 2)
2025-08-19 15:06:33,188 - INFO - Processed: meteor (Level 2)
2025-08-19 15:06:36,239 - INFO - Processed: collection (Level 3)
2025-08-19 15:06:40,544 - INFO - Processed: television (Level 4)
2025-08-19 15:06:43,115 - INFO - Processed: nacelle (Level 2)
2025-08-19 15:06:44,370 - WARNING - No definition found for 'poika', adding to review list
2025-08-19 15:06:45,601 - INFO - Processed: poika (Level 1)
2025-08-19 15:06:48,156 - INFO - Processed: culminate (Level 1)
2025-08-19 15:06:50,792 - INFO - Processed: mystified (Level 2)
2025-08-19 15:06:53,296 - INFO - Processed: ayurvedic (Level 3)
2025-08-19 15:06:55,917 - INFO - Processed: intricate (Level 4)
2025-08-19 15:06:59,216 - INFO - Processed: hominin (Level 2)
2025-08-19 15:07:01,732 - INFO - Processed: hideout (Level 2)
2025-08-19 15:07:04,204 - INFO - Processed: evening (Level 2)
2025-08-19 15:07:06,878 - INFO - Processed: triquetra (Level 3)
2025-08-19 15:07:09,317 - INFO - Processed: awesome (Level 2)
2025-08-19 15:07:11,730 - INFO - Processed: exploration (Level 4)
2025-08-19 15:07:14,432 - INFO - Processed: holy (Level 1)
2025-08-19 15:07:16,964 - INFO - Processed: don (Level 1)
2025-08-19 15:07:20,639 - INFO - Processed: benefitted (Level 3)
2025-08-19 15:07:21,913 - WARNING - No definition found for 'alcarraza', adding to review list
2025-08-19 15:07:24,066 - INFO - Processed: alcarraza (Level 4)
2025-08-19 15:07:26,590 - INFO - Processed: desiccate (Level 4)
2025-08-19 15:07:29,121 - INFO - Processed: preprandial (Level 4)
2025-08-19 15:07:31,621 - INFO - Processed: rock (Level 1)
2025-08-19 15:07:34,035 - INFO - Processed: homework (Level 2)
2025-08-19 15:07:35,203 - WARNING - No definition found for 'their', adding to review list
2025-08-19 15:07:36,494 - INFO - Processed: their (Level 1)
2025-08-19 15:07:38,936 - INFO - Processed: preposterous (Level 4)
2025-08-19 15:07:41,383 - INFO - Processed: law (Level 1)
2025-08-19 15:07:42,665 - WARNING - No definition found for 'ancien', adding to review list
2025-08-19 15:07:43,958 - INFO - Processed: ancien (Level 2)
2025-08-19 15:07:46,391 - INFO - Processed: fluid (Level 1)
2025-08-19 15:07:48,914 - INFO - Processed: turn (Level 1)
2025-08-19 15:07:52,420 - INFO - Processed: adnate (Level 2)
2025-08-19 15:07:55,993 - INFO - Processed: disband (Level 2)
2025-08-19 15:07:58,657 - INFO - Processed: retreat (Level 2)
2025-08-19 15:08:01,169 - INFO - Processed: indemnity (Level 4)
2025-08-19 15:08:03,848 - INFO - Processed: wheedle (Level 2)
2025-08-19 15:08:06,334 - INFO - Processed: change (Level 2)
2025-08-19 15:08:08,997 - INFO - Processed: big (Level 1)
2025-08-19 15:08:12,263 - INFO - Processed: delphinium (Level 2)
2025-08-19 15:08:14,748 - INFO - Processed: concrete (Level 4)
2025-08-19 15:08:16,021 - WARNING - No definition found for 'toroidalbialy', adding to review list
2025-08-19 15:08:17,275 - INFO - Processed: toroidalbialy (Level 2)
2025-08-19 15:08:19,683 - INFO - Processed: ulna (Level 1)
2025-08-19 15:08:21,407 - WARNING - No definition found for 'puniness', adding to review list
2025-08-19 15:08:22,611 - INFO - Processed: puniness (Level 4)
2025-08-19 15:08:24,971 - INFO - Processed: services (Level 1)
2025-08-19 15:08:28,227 - INFO - Processed: will (Level 1)
2025-08-19 15:08:30,736 - INFO - Processed: monarch (Level 1)
2025-08-19 15:08:33,183 - INFO - Processed: sangfroid (Level 4)
2025-08-19 15:08:33,427 - INFO - Checkpoint saved: 3900 words
2025-08-19 15:08:33,429 - INFO - Checkpoint saved after batch 39
2025-08-19 15:08:33,429 - INFO - Processing batch 40 (3901-4000 of 10114)
2025-08-19 15:08:34,784 - WARNING - No definition found for 'ptyxis', adding to review list
2025-08-19 15:08:35,981 - INFO - Processed: ptyxis (Level 2)
2025-08-19 15:08:38,963 - INFO - Processed: maternity (Level 4)
2025-08-19 15:08:41,578 - INFO - Processed: scoop (Level 1)
2025-08-19 15:08:44,089 - INFO - Processed: rodent (Level 2)
2025-08-19 15:08:46,590 - INFO - Processed: platinum (Level 4)
2025-08-19 15:08:50,385 - INFO - Processed: covid (Level 1)
2025-08-19 15:08:53,289 - INFO - Processed: aurora (Level 2)
2025-08-19 15:08:55,735 - INFO - Processed: frivolous (Level 2)
2025-08-19 15:08:56,984 - WARNING - No definition found for 'isagoge', adding to review list
2025-08-19 15:08:58,234 - INFO - Processed: isagoge (Level 2)
2025-08-19 15:09:00,798 - INFO - Processed: menagerie (Level 3)
2025-08-19 15:09:02,646 - WARNING - No definition found for 'dechlorinate', adding to review list
2025-08-19 15:09:04,354 - INFO - Processed: dechlorinate (Level 3)
2025-08-19 15:09:06,981 - INFO - Processed: groom (Level 1)
2025-08-19 15:09:09,443 - INFO - Processed: forfeit (Level 2)
2025-08-19 15:09:11,210 - WARNING - No definition found for 'evaporationbittern', adding to review list
2025-08-19 15:09:12,446 - INFO - Processed: evaporationbittern (Level 5)
2025-08-19 15:09:15,148 - INFO - Processed: jumbled (Level 2)
2025-08-19 15:09:17,562 - WARNING - No definition found for 'transposable', adding to review list
2025-08-19 15:09:19,307 - INFO - Processed: transposable (Level 4)
2025-08-19 15:09:21,815 - INFO - Processed: tide (Level 1)
2025-08-19 15:09:24,248 - INFO - Processed: invention (Level 4)
2025-08-19 15:09:27,220 - INFO - Processed: geocaching (Level 4)
2025-08-19 15:09:28,935 - WARNING - No definition found for 'monture', adding to review list
2025-08-19 15:09:30,466 - INFO - Processed: monture (Level 2)
2025-08-19 15:09:33,919 - INFO - Processed: inspiring (Level 4)
2025-08-19 15:09:36,336 - INFO - Processed: fecund (Level 2)
2025-08-19 15:09:39,275 - INFO - Processed: expunge (Level 2)
2025-08-19 15:09:43,338 - INFO - Processed: spodumene (Level 4)
2025-08-19 15:09:46,749 - INFO - Processed: dignify (Level 2)
2025-08-19 15:09:49,180 - INFO - Processed: whereas (Level 2)
2025-08-19 15:09:51,653 - INFO - Processed: confusion (Level 4)
2025-08-19 15:09:54,161 - INFO - Processed: starboard (Level 3)
2025-08-19 15:09:56,895 - INFO - Processed: alpha (Level 1)
2025-08-19 15:10:00,415 - INFO - Processed: churned (Level 2)
2025-08-19 15:10:02,853 - INFO - Processed: coup (Level 1)
2025-08-19 15:10:05,361 - INFO - Processed: welding (Level 2)
2025-08-19 15:10:08,508 - INFO - Processed: hubbub (Level 1)
2025-08-19 15:10:10,093 - WARNING - No definition found for 'padhy', adding to review list
2025-08-19 15:10:11,555 - INFO - Processed: padhy (Level 1)
2025-08-19 15:10:13,309 - WARNING - No definition found for 'educand', adding to review list
2025-08-19 15:10:14,979 - INFO - Processed: educand (Level 2)
2025-08-19 15:10:16,260 - WARNING - No definition found for 'geopoliticsbroached', adding to review list
2025-08-19 15:10:17,494 - INFO - Processed: geopoliticsbroached (Level 5)
2025-08-19 15:10:20,153 - INFO - Processed: arsenic (Level 2)
2025-08-19 15:10:22,636 - INFO - Processed: clutch (Level 2)
2025-08-19 15:10:23,919 - WARNING - No definition found for 'planogram', adding to review list
2025-08-19 15:10:25,214 - INFO - Processed: planogram (Level 4)
2025-08-19 15:10:27,634 - INFO - Processed: primogeniture (Level 4)
2025-08-19 15:10:30,559 - INFO - Processed: foppery (Level 2)
2025-08-19 15:10:31,826 - WARNING - No definition found for 'appraisalparabola', adding to review list
2025-08-19 15:10:33,071 - INFO - Processed: appraisalparabola (Level 5)
2025-08-19 15:10:35,579 - INFO - Processed: slabs (Level 1)
2025-08-19 15:10:38,814 - INFO - Processed: gargoyles (Level 4)
2025-08-19 15:10:41,269 - INFO - Processed: conversation (Level 4)
2025-08-19 15:10:43,011 - WARNING - No definition found for 'hariolation', adding to review list
2025-08-19 15:10:44,544 - INFO - Processed: hariolation (Level 3)
2025-08-19 15:10:47,004 - INFO - Processed: communication (Level 4)
2025-08-19 15:10:49,387 - INFO - Processed: noun (Level 1)
2025-08-19 15:10:52,363 - INFO - Processed: walnut (Level 1)
2025-08-19 15:10:55,359 - INFO - Processed: diluent (Level 2)
2025-08-19 15:10:56,697 - WARNING - No definition found for 'ichthyologyicosahedron', adding to review list
2025-08-19 15:10:57,908 - INFO - Processed: ichthyologyicosahedron (Level 5)
2025-08-19 15:11:00,890 - INFO - Processed: totem (Level 1)
2025-08-19 15:11:03,665 - INFO - Processed: gudgeon (Level 2)
2025-08-19 15:11:04,900 - WARNING - No definition found for 'exchequerf', adding to review list
2025-08-19 15:11:06,518 - INFO - Processed: exchequerf (Level 4)
2025-08-19 15:11:09,009 - INFO - Processed: tunnel (Level 2)
2025-08-19 15:11:11,423 - INFO - Processed: waited (Level 1)
2025-08-19 15:11:14,229 - INFO - Processed: rookie (Level 1)
2025-08-19 15:11:15,570 - WARNING - No definition found for 'anicca', adding to review list
2025-08-19 15:11:16,852 - INFO - Processed: anicca (Level 2)
2025-08-19 15:11:20,582 - INFO - Processed: manumit (Level 2)
2025-08-19 15:11:23,570 - INFO - Processed: abbreviations (Level 4)
2025-08-19 15:11:24,868 - WARNING - No definition found for 'pompey', adding to review list
2025-08-19 15:11:26,072 - INFO - Processed: pompey (Level 2)
2025-08-19 15:11:28,591 - INFO - Processed: gauntlet (Level 2)
2025-08-19 15:11:32,261 - INFO - Processed: aposematic (Level 1)
2025-08-19 15:11:35,719 - INFO - Processed: orogeny (Level 2)
2025-08-19 15:11:38,248 - INFO - Processed: whenever (Level 3)
2025-08-19 15:11:41,310 - INFO - Processed: patissier (Level 2)
2025-08-19 15:11:43,766 - INFO - Processed: feet (Level 1)
2025-08-19 15:11:47,997 - INFO - Processed: ermine (Level 2)
2025-08-19 15:11:49,387 - WARNING - No definition found for 'mediobrome', adding to review list
2025-08-19 15:11:51,000 - INFO - Processed: mediobrome (Level 4)
2025-08-19 15:11:53,742 - INFO - Processed: hatchling (Level 2)
2025-08-19 15:11:56,726 - INFO - Processed: professional (Level 3)
2025-08-19 15:11:59,174 - INFO - Processed: derivative (Level 4)
2025-08-19 15:12:01,710 - INFO - Processed: loggia (Level 2)
2025-08-19 15:12:04,110 - INFO - Processed: dojo (Level 1)
2025-08-19 15:12:06,567 - INFO - Processed: cortex (Level 2)
2025-08-19 15:12:07,778 - WARNING - No definition found for 'dollbill', adding to review list
2025-08-19 15:12:08,995 - INFO - Processed: dollbill (Level 3)
2025-08-19 15:12:11,442 - INFO - Processed: musical (Level 2)
2025-08-19 15:12:12,761 - WARNING - No definition found for 'icelandic', adding to review list
2025-08-19 15:12:14,011 - INFO - Processed: icelandic (Level 4)
2025-08-19 15:12:16,568 - INFO - Processed: brush (Level 1)
2025-08-19 15:12:19,462 - INFO - Processed: betrothal (Level 1)
2025-08-19 15:12:20,718 - WARNING - No definition found for 'nauseam', adding to review list
2025-08-19 15:12:22,286 - INFO - Processed: nauseam (Level 2)
2025-08-19 15:12:24,747 - INFO - Processed: inside (Level 1)
2025-08-19 15:12:27,694 - INFO - Processed: vigneron (Level 4)
2025-08-19 15:12:30,795 - INFO - Processed: lackadaisical (Level 3)
2025-08-19 15:12:33,492 - INFO - Processed: agave (Level 1)
2025-08-19 15:12:34,760 - WARNING - No definition found for 'pannose', adding to review list
2025-08-19 15:12:36,486 - INFO - Processed: pannose (Level 2)
2025-08-19 15:12:38,337 - WARNING - No definition found for 'moulage', adding to review list
2025-08-19 15:12:39,973 - INFO - Processed: moulage (Level 2)
2025-08-19 15:12:42,842 - INFO - Processed: kanji (Level 1)
2025-08-19 15:12:45,261 - INFO - Processed: exquisite (Level 2)
2025-08-19 15:12:47,791 - INFO - Processed: sized (Level 1)
2025-08-19 15:12:50,305 - INFO - Processed: misericords (Level 4)
2025-08-19 15:12:53,089 - INFO - Processed: accouterment (Level 3)
2025-08-19 15:12:56,551 - INFO - Processed: wombat (Level 2)
2025-08-19 15:12:58,954 - INFO - Processed: wish (Level 1)
2025-08-19 15:13:01,409 - INFO - Processed: bodies (Level 2)
2025-08-19 15:13:02,788 - WARNING - No definition found for 'aachen', adding to review list
2025-08-19 15:13:04,062 - INFO - Processed: aachen (Level 2)
2025-08-19 15:13:06,546 - INFO - Processed: vervain (Level 2)
2025-08-19 15:13:09,048 - INFO - Processed: teamwork (Level 4)
2025-08-19 15:13:10,814 - WARNING - No definition found for 'asmanian', adding to review list
2025-08-19 15:13:12,039 - INFO - Processed: asmanian (Level 3)
2025-08-19 15:13:14,722 - INFO - Processed: mozo (Level 1)
2025-08-19 15:13:14,975 - INFO - Checkpoint saved: 4000 words
2025-08-19 15:13:14,976 - INFO - Checkpoint saved after batch 40
2025-08-19 15:13:14,976 - INFO - Processing batch 41 (4001-4100 of 10114)
2025-08-19 15:13:17,528 - INFO - Processed: impasto (Level 2)
2025-08-19 15:13:19,896 - INFO - Processed: featured (Level 4)
2025-08-19 15:13:22,905 - INFO - Processed: calligram (Level 3)
2025-08-19 15:13:25,303 - INFO - Processed: elusive (Level 2)
2025-08-19 15:13:27,947 - INFO - Processed: epic (Level 1)
2025-08-19 15:13:30,635 - INFO - Processed: hysteresis (Level 4)
2025-08-19 15:13:33,011 - INFO - Processed: created (Level 2)
2025-08-19 15:13:35,509 - INFO - Processed: tarmac (Level 2)
2025-08-19 15:13:37,963 - INFO - Processed: sedentary (Level 4)
2025-08-19 15:13:40,448 - INFO - Processed: central (Level 2)
2025-08-19 15:13:43,461 - INFO - Processed: summit (Level 2)
2025-08-19 15:13:44,898 - WARNING - No definition found for 'zugzwangterre', adding to review list
2025-08-19 15:13:46,146 - INFO - Processed: zugzwangterre (Level 4)
2025-08-19 15:13:47,875 - WARNING - No definition found for 'piperhear', adding to review list
2025-08-19 15:13:49,086 - INFO - Processed: piperhear (Level 2)
2025-08-19 15:13:51,508 - INFO - Processed: domino (Level 2)
2025-08-19 15:13:54,095 - INFO - Processed: olfactory (Level 4)
2025-08-19 15:13:57,452 - INFO - Processed: overcome (Level 3)
2025-08-19 15:13:59,879 - INFO - Processed: irreverent (Level 2)
2025-08-19 15:14:02,413 - INFO - Processed: kaleidoscope (Level 4)
2025-08-19 15:14:06,409 - INFO - Processed: glucose (Level 2)
2025-08-19 15:14:10,177 - INFO - Processed: prion (Level 1)
2025-08-19 15:14:12,706 - INFO - Processed: curries (Level 2)
2025-08-19 15:14:14,042 - WARNING - No definition found for 'coverley', adding to review list
2025-08-19 15:14:15,275 - INFO - Processed: coverley (Level 4)
2025-08-19 15:14:17,970 - INFO - Processed: miscible (Level 4)
2025-08-19 15:14:23,023 - INFO - Processed: donut (Level 1)
2025-08-19 15:14:26,199 - INFO - Processed: ozone (Level 1)
2025-08-19 15:14:29,328 - INFO - Processed: ballerina (Level 4)
2025-08-19 15:14:33,129 - INFO - Processed: howler (Level 2)
2025-08-19 15:14:35,666 - WARNING - No definition found for 'jitterbugkennel', adding to review list
2025-08-19 15:14:36,945 - INFO - Processed: jitterbugkennel (Level 5)
2025-08-19 15:14:38,348 - WARNING - No definition found for 'mazda', adding to review list
2025-08-19 15:14:39,552 - INFO - Processed: mazda (Level 1)
2025-08-19 15:14:41,258 - WARNING - No definition found for 'vulcan', adding to review list
2025-08-19 15:14:42,484 - INFO - Processed: vulcan (Level 2)
2025-08-19 15:14:45,023 - INFO - Processed: have (Level 1)
2025-08-19 15:14:48,462 - INFO - Processed: nurture (Level 2)
2025-08-19 15:14:52,425 - INFO - Processed: furan (Level 1)
2025-08-19 15:14:54,838 - INFO - Processed: default (Level 2)
2025-08-19 15:14:57,416 - INFO - Processed: terra (Level 1)
2025-08-19 15:15:01,307 - INFO - Processed: cove (Level 1)
2025-08-19 15:15:03,813 - INFO - Processed: recognize (Level 4)
2025-08-19 15:15:06,374 - INFO - Processed: cache (Level 1)
2025-08-19 15:15:08,902 - INFO - Processed: buccaneer (Level 4)
2025-08-19 15:15:11,516 - INFO - Processed: telamon (Level 2)
2025-08-19 15:15:12,870 - WARNING - No definition found for 'schnecken', adding to review list
2025-08-19 15:15:15,377 - INFO - Processed: schnecken (Level 4)
2025-08-19 15:15:18,226 - INFO - Processed: lightweight (Level 4)
2025-08-19 15:15:19,485 - WARNING - No definition found for 'spellebrity', adding to review list
2025-08-19 15:15:20,715 - INFO - Processed: spellebrity (Level 4)
2025-08-19 15:15:22,013 - WARNING - No definition found for 'serrao', adding to review list
2025-08-19 15:15:23,584 - INFO - Processed: serrao (Level 1)
2025-08-19 15:15:28,361 - INFO - Processed: deserter (Level 4)
2025-08-19 15:15:30,260 - WARNING - No definition found for 'nostradamus', adding to review list
2025-08-19 15:15:31,593 - INFO - Processed: nostradamus (Level 4)
2025-08-19 15:15:32,925 - WARNING - No definition found for 'tangiblenourish', adding to review list
2025-08-19 15:15:34,213 - INFO - Processed: tangiblenourish (Level 5)
2025-08-19 15:15:36,682 - INFO - Processed: palpable (Level 2)
2025-08-19 15:15:40,098 - INFO - Processed: contributors (Level 4)
2025-08-19 15:15:43,171 - INFO - Processed: para (Level 1)
2025-08-19 15:15:44,598 - WARNING - No definition found for 'bifurcatedrivel', adding to review list
2025-08-19 15:15:45,841 - INFO - Processed: bifurcatedrivel (Level 5)
2025-08-19 15:15:49,522 - INFO - Processed: cytoplasm (Level 2)
2025-08-19 15:15:52,158 - INFO - Processed: powers (Level 2)
2025-08-19 15:15:54,978 - INFO - Processed: optometry (Level 1)
2025-08-19 15:15:57,505 - INFO - Processed: pod (Level 1)
2025-08-19 15:16:00,009 - INFO - Processed: calculus (Level 4)
2025-08-19 15:16:02,523 - INFO - Processed: shoot (Level 1)
2025-08-19 15:16:05,443 - INFO - Processed: pullets (Level 2)
2025-08-19 15:16:08,340 - INFO - Processed: chevalier (Level 4)
2025-08-19 15:16:11,271 - INFO - Processed: guerilla (Level 1)
2025-08-19 15:16:13,777 - INFO - Processed: ineffable (Level 4)
2025-08-19 15:16:16,304 - INFO - Processed: yore (Level 1)
2025-08-19 15:16:19,947 - INFO - Processed: maidenhair (Level 4)
2025-08-19 15:16:22,833 - INFO - Processed: subluxated (Level 3)
2025-08-19 15:16:25,278 - INFO - Processed: mustache (Level 2)
2025-08-19 15:16:27,867 - INFO - Processed: audiences (Level 1)
2025-08-19 15:16:30,949 - INFO - Processed: constabulary (Level 4)
2025-08-19 15:16:33,876 - INFO - Processed: satiety (Level 2)
2025-08-19 15:16:36,882 - INFO - Processed: intersperse (Level 4)
2025-08-19 15:16:39,916 - INFO - Processed: puree (Level 1)
2025-08-19 15:16:42,696 - INFO - Processed: table (Level 1)
2025-08-19 15:16:46,621 - INFO - Processed: sockets (Level 2)
2025-08-19 15:16:49,345 - WARNING - No definition found for 'waing', adding to review list
2025-08-19 15:16:50,635 - INFO - Processed: waing (Level 1)
2025-08-19 15:16:53,271 - INFO - Processed: abnegation (Level 4)
2025-08-19 15:16:54,803 - WARNING - No definition found for 'every', adding to review list
2025-08-19 15:16:56,031 - INFO - Processed: every (Level 1)
2025-08-19 15:16:58,514 - INFO - Processed: steady (Level 2)
2025-08-19 15:17:03,382 - INFO - Processed: bolts (Level 1)
2025-08-19 15:17:06,091 - INFO - Processed: omission (Level 4)
2025-08-19 15:17:09,414 - INFO - Processed: creances (Level 3)
2025-08-19 15:17:13,607 - INFO - Processed: contrite (Level 4)
2025-08-19 15:17:16,278 - INFO - Processed: aura (Level 1)
2025-08-19 15:17:18,703 - INFO - Processed: peninsula (Level 4)
2025-08-19 15:17:21,267 - INFO - Processed: harbor (Level 2)
2025-08-19 15:17:23,671 - INFO - Processed: strife (Level 2)
2025-08-19 15:17:26,711 - INFO - Processed: bandana (Level 2)
2025-08-19 15:17:29,142 - INFO - Processed: difficult (Level 4)
2025-08-19 15:17:31,687 - INFO - Processed: aquamarine (Level 4)
2025-08-19 15:17:34,158 - INFO - Processed: eight (Level 1)
2025-08-19 15:17:35,413 - WARNING - No definition found for 'panary', adding to review list
2025-08-19 15:17:36,713 - INFO - Processed: panary (Level 2)
2025-08-19 15:17:39,123 - INFO - Processed: sister (Level 2)
2025-08-19 15:17:41,604 - INFO - Processed: hunch (Level 1)
2025-08-19 15:17:44,574 - INFO - Processed: concordance (Level 4)
2025-08-19 15:17:47,402 - INFO - Processed: assumed (Level 2)
2025-08-19 15:17:48,758 - WARNING - No definition found for 'rescissiblejungian', adding to review list
2025-08-19 15:17:49,994 - INFO - Processed: rescissiblejungian (Level 5)
2025-08-19 15:17:52,908 - INFO - Processed: reenactment (Level 4)
2025-08-19 15:17:56,066 - INFO - Processed: conceit (Level 2)
2025-08-19 15:17:57,404 - WARNING - No definition found for 'stridency', adding to review list
2025-08-19 15:17:58,652 - INFO - Processed: stridency (Level 4)
2025-08-19 15:18:01,226 - INFO - Processed: pebbles (Level 2)
2025-08-19 15:18:03,793 - INFO - Processed: facsimile (Level 3)
2025-08-19 15:18:06,572 - INFO - Processed: testosterone (Level 3)
2025-08-19 15:18:06,784 - INFO - Checkpoint saved: 4100 words
2025-08-19 15:18:06,786 - INFO - Checkpoint saved after batch 41
2025-08-19 15:18:06,787 - INFO - Processing batch 42 (4101-4200 of 10114)
2025-08-19 15:18:09,962 - INFO - Processed: pugilist (Level 3)
2025-08-19 15:18:13,083 - INFO - Processed: jodhpurs (Level 1)
2025-08-19 15:18:16,075 - INFO - Processed: bestie (Level 2)
2025-08-19 15:18:19,261 - INFO - Processed: ablation (Level 4)
2025-08-19 15:18:22,466 - INFO - Processed: competing (Level 4)
2025-08-19 15:18:24,877 - INFO - Processed: capable (Level 1)
2025-08-19 15:18:27,351 - INFO - Processed: vaccination (Level 4)
2025-08-19 15:18:30,011 - INFO - Processed: trilby (Level 2)
2025-08-19 15:18:31,970 - WARNING - No definition found for 'sukhatankar', adding to review list
2025-08-19 15:18:33,703 - INFO - Processed: sukhatankar (Level 2)
2025-08-19 15:18:36,732 - INFO - Processed: mer (Level 1)
2025-08-19 15:18:39,382 - INFO - Processed: fiscal (Level 2)
2025-08-19 15:18:40,632 - WARNING - No definition found for 'tiffanytiffin', adding to review list
2025-08-19 15:18:41,842 - INFO - Processed: tiffanytiffin (Level 4)
2025-08-19 15:18:44,287 - INFO - Processed: lake (Level 1)
2025-08-19 15:18:49,019 - INFO - Processed: rapscallion (Level 4)
2025-08-19 15:18:51,465 - INFO - Processed: documentary (Level 4)
2025-08-19 15:18:52,753 - WARNING - No definition found for 'seul', adding to review list
2025-08-19 15:18:53,976 - INFO - Processed: seul (Level 1)
2025-08-19 15:18:56,701 - INFO - Processed: wide (Level 1)
2025-08-19 15:18:59,204 - INFO - Processed: males (Level 1)
2025-08-19 15:19:02,150 - INFO - Processed: resembled (Level 4)
2025-08-19 15:19:04,550 - INFO - Processed: contradictory (Level 4)
2025-08-19 15:19:07,419 - INFO - Processed: triskelion (Level 4)
2025-08-19 15:19:10,255 - INFO - Processed: curly (Level 1)
2025-08-19 15:19:13,390 - INFO - Processed: replaced (Level 4)
2025-08-19 15:19:15,817 - INFO - Processed: costume (Level 2)
2025-08-19 15:19:20,143 - INFO - Processed: calmed (Level 1)
2025-08-19 15:19:22,774 - INFO - Processed: effete (Level 2)
2025-08-19 15:19:24,114 - WARNING - No definition found for 'spellingcomic', adding to review list
2025-08-19 15:19:25,377 - INFO - Processed: spellingcomic (Level 4)
2025-08-19 15:19:27,776 - INFO - Processed: tostones (Level 3)
2025-08-19 15:19:30,223 - INFO - Processed: gel (Level 1)
2025-08-19 15:19:33,495 - INFO - Processed: explore (Level 2)
2025-08-19 15:19:34,803 - WARNING - No definition found for 'rescissible', adding to review list
2025-08-19 15:19:36,366 - INFO - Processed: rescissible (Level 4)
2025-08-19 15:19:37,632 - WARNING - No definition found for 'gaels', adding to review list
2025-08-19 15:19:38,886 - INFO - Processed: gaels (Level 1)
2025-08-19 15:19:41,633 - INFO - Processed: cheese (Level 2)
2025-08-19 15:19:44,621 - INFO - Processed: lollygag (Level 4)
2025-08-19 15:19:47,324 - INFO - Processed: join (Level 1)
2025-08-19 15:19:49,951 - INFO - Processed: chaotic (Level 2)
2025-08-19 15:19:52,520 - INFO - Processed: slumgullion (Level 4)
2025-08-19 15:19:54,025 - WARNING - No definition found for 'screeno', adding to review list
2025-08-19 15:19:55,978 - INFO - Processed: screeno (Level 2)
2025-08-19 15:19:58,694 - INFO - Processed: orally (Level 2)
2025-08-19 15:20:01,123 - INFO - Processed: english (Level 2)
2025-08-19 15:20:03,520 - INFO - Processed: astute (Level 2)
2025-08-19 15:20:06,500 - INFO - Processed: wheezy (Level 2)
2025-08-19 15:20:09,634 - INFO - Processed: drum (Level 1)
2025-08-19 15:20:12,469 - INFO - Processed: ice (Level 1)
2025-08-19 15:20:15,038 - INFO - Processed: lama (Level 1)
2025-08-19 15:20:18,085 - INFO - Processed: bariatrics (Level 3)
2025-08-19 15:20:21,827 - INFO - Processed: sarcophagus (Level 4)
2025-08-19 15:20:24,334 - INFO - Processed: definitely (Level 4)
2025-08-19 15:20:26,921 - INFO - Processed: malaise (Level 2)
2025-08-19 15:20:29,493 - INFO - Processed: kilt (Level 1)
2025-08-19 15:20:32,231 - INFO - Processed: oligarchy (Level 3)
2025-08-19 15:20:41,680 - INFO - Processed: blanket (Level 2)
2025-08-19 15:20:44,205 - INFO - Processed: exhilaration (Level 4)
2025-08-19 15:20:45,488 - WARNING - No definition found for 'tulipmyself', adding to review list
2025-08-19 15:20:46,790 - INFO - Processed: tulipmyself (Level 2)
2025-08-19 15:20:49,982 - INFO - Processed: smooshed (Level 3)
2025-08-19 15:20:51,931 - WARNING - No definition found for 'chelonia', adding to review list
2025-08-19 15:20:54,032 - INFO - Processed: chelonia (Level 2)
2025-08-19 15:20:56,441 - INFO - Processed: why (Level 1)
2025-08-19 15:20:59,407 - INFO - Processed: grapple (Level 2)
2025-08-19 15:21:01,021 - WARNING - No definition found for 'plodddded', adding to review list
2025-08-19 15:21:02,462 - INFO - Processed: plodddded (Level 4)
2025-08-19 15:21:04,921 - INFO - Processed: lived (Level 1)
2025-08-19 15:21:07,506 - INFO - Processed: administered (Level 4)
2025-08-19 15:21:10,000 - INFO - Processed: injurious (Level 3)
2025-08-19 15:21:12,460 - INFO - Processed: superhuman (Level 4)
2025-08-19 15:21:14,497 - WARNING - No definition found for 'grande', adding to review list
2025-08-19 15:21:15,941 - INFO - Processed: grande (Level 2)
2025-08-19 15:21:18,102 - WARNING - No definition found for 'enal', adding to review list
2025-08-19 15:21:19,357 - INFO - Processed: enal (Level 1)
2025-08-19 15:21:22,015 - INFO - Processed: fists (Level 1)
2025-08-19 15:21:24,573 - INFO - Processed: crusts (Level 2)
2025-08-19 15:21:27,269 - INFO - Processed: spic (Level 1)
2025-08-19 15:21:30,734 - INFO - Processed: stress (Level 2)
2025-08-19 15:21:33,379 - INFO - Processed: trophy (Level 2)
2025-08-19 15:21:35,842 - INFO - Processed: dictionary (Level 4)
2025-08-19 15:21:38,442 - INFO - Processed: wakame (Level 2)
2025-08-19 15:21:41,186 - INFO - Processed: congregation (Level 4)
2025-08-19 15:21:44,072 - INFO - Processed: shares (Level 2)
2025-08-19 15:21:46,690 - INFO - Processed: bathos (Level 2)
2025-08-19 15:21:49,179 - INFO - Processed: sustain (Level 2)
2025-08-19 15:21:51,638 - INFO - Processed: turtle (Level 2)
2025-08-19 15:21:54,094 - INFO - Processed: favorite (Level 4)
2025-08-19 15:21:56,811 - INFO - Processed: spectacles (Level 3)
2025-08-19 15:21:59,271 - INFO - Processed: flummery (Level 4)
2025-08-19 15:22:01,843 - INFO - Processed: tanager (Level 2)
2025-08-19 15:22:04,536 - INFO - Processed: chortle (Level 2)
2025-08-19 15:22:07,012 - INFO - Processed: misnomer (Level 4)
2025-08-19 15:22:09,537 - INFO - Processed: quack (Level 1)
2025-08-19 15:22:11,119 - WARNING - No definition found for 'jungian', adding to review list
2025-08-19 15:22:12,355 - INFO - Processed: jungian (Level 2)
2025-08-19 15:22:14,942 - INFO - Processed: aperture (Level 4)
2025-08-19 15:22:17,638 - INFO - Processed: posse (Level 1)
2025-08-19 15:22:19,989 - WARNING - No definition found for 'heterochromia', adding to review list
2025-08-19 15:22:22,105 - INFO - Processed: heterochromia (Level 4)
2025-08-19 15:22:24,690 - INFO - Processed: cochineal (Level 4)
2025-08-19 15:22:27,415 - INFO - Processed: eminent (Level 2)
2025-08-19 15:22:30,425 - INFO - Processed: flagon (Level 2)
2025-08-19 15:22:32,900 - INFO - Processed: speech (Level 2)
2025-08-19 15:22:35,490 - INFO - Processed: informed (Level 4)
2025-08-19 15:22:38,293 - INFO - Processed: blooper (Level 2)
2025-08-19 15:22:40,956 - INFO - Processed: sacerdotal (Level 3)
2025-08-19 15:22:44,909 - INFO - Processed: ducats (Level 2)
2025-08-19 15:22:47,584 - INFO - Processed: coincidence (Level 2)
2025-08-19 15:22:49,297 - WARNING - No definition found for 'dogana', adding to review list
2025-08-19 15:22:50,515 - INFO - Processed: dogana (Level 2)
2025-08-19 15:22:57,148 - INFO - Processed: jealousy (Level 3)
2025-08-19 15:22:59,775 - INFO - Processed: turbulent (Level 3)
2025-08-19 15:23:00,017 - INFO - Checkpoint saved: 4200 words
2025-08-19 15:23:00,017 - INFO - Checkpoint saved after batch 42
2025-08-19 15:23:00,017 - INFO - Processing batch 43 (4201-4300 of 10114)
2025-08-19 15:23:02,377 - INFO - Processed: installation (Level 4)
2025-08-19 15:23:04,832 - INFO - Processed: civil (Level 1)
2025-08-19 15:23:07,409 - INFO - Processed: regurgitate (Level 4)
2025-08-19 15:23:10,750 - INFO - Processed: steeped (Level 2)
2025-08-19 15:23:14,368 - INFO - Processed: atrabilious (Level 4)
2025-08-19 15:23:16,781 - INFO - Processed: middle (Level 2)
2025-08-19 15:23:19,940 - INFO - Processed: teraphim (Level 4)
2025-08-19 15:23:22,563 - INFO - Processed: ague (Level 1)
2025-08-19 15:23:25,088 - INFO - Processed: spreadsheet (Level 4)
2025-08-19 15:23:27,532 - INFO - Processed: month (Level 1)
2025-08-19 15:23:30,164 - INFO - Processed: aesthetic (Level 4)
2025-08-19 15:23:32,550 - INFO - Processed: satellite (Level 3)
2025-08-19 15:23:35,068 - INFO - Processed: pamper (Level 2)
2025-08-19 15:23:38,001 - INFO - Processed: vacillate (Level 3)
2025-08-19 15:23:40,664 - INFO - Processed: roast (Level 1)
2025-08-19 15:23:43,629 - INFO - Processed: washing (Level 2)
2025-08-19 15:23:47,852 - INFO - Processed: pinyin (Level 2)
2025-08-19 15:23:51,765 - INFO - Processed: coccidiosis (Level 4)
2025-08-19 15:23:54,362 - INFO - Processed: genteel (Level 2)
2025-08-19 15:23:56,869 - INFO - Processed: scagliola (Level 4)
2025-08-19 15:23:59,297 - INFO - Processed: perilous (Level 3)
2025-08-19 15:24:03,789 - INFO - Processed: satsuma (Level 1)
2025-08-19 15:24:06,502 - INFO - Processed: castellated (Level 4)
2025-08-19 15:24:08,921 - INFO - Processed: software (Level 2)
2025-08-19 15:24:11,481 - INFO - Processed: pashmina (Level 4)
2025-08-19 15:24:13,182 - WARNING - No definition found for 'listlessly', adding to review list
2025-08-19 15:24:14,410 - INFO - Processed: listlessly (Level 2)
2025-08-19 15:24:17,276 - INFO - Processed: gouda (Level 1)
2025-08-19 15:24:19,858 - INFO - Processed: philistine (Level 4)
2025-08-19 15:24:22,176 - INFO - Processed: studying (Level 4)
2025-08-19 15:24:24,277 - WARNING - No definition found for 'cambio', adding to review list
2025-08-19 15:24:25,484 - INFO - Processed: cambio (Level 2)
2025-08-19 15:24:27,949 - INFO - Processed: beckon (Level 1)
2025-08-19 15:24:31,675 - INFO - Processed: insulin (Level 2)
2025-08-19 15:24:34,603 - INFO - Processed: mandorla (Level 4)
2025-08-19 15:24:35,797 - WARNING - No definition found for 'amish', adding to review list
2025-08-19 15:24:37,035 - INFO - Processed: amish (Level 1)
2025-08-19 15:24:38,312 - WARNING - No definition found for 'intuitable', adding to review list
2025-08-19 15:24:39,856 - INFO - Processed: intuitable (Level 3)
2025-08-19 15:24:43,835 - INFO - Processed: entire (Level 2)
2025-08-19 15:24:46,668 - INFO - Processed: search (Level 2)
2025-08-19 15:24:50,473 - INFO - Processed: knuckle (Level 2)
2025-08-19 15:24:53,960 - INFO - Processed: nunchaku (Level 2)
2025-08-19 15:24:56,359 - INFO - Processed: wreath (Level 1)
2025-08-19 15:24:58,739 - INFO - Processed: stentorian (Level 4)
2025-08-19 15:25:01,788 - INFO - Processed: paraphrase (Level 2)
2025-08-19 15:25:04,364 - WARNING - No definition found for 'instagram', adding to review list
2025-08-19 15:25:05,885 - INFO - Processed: instagram (Level 4)
2025-08-19 15:25:08,410 - INFO - Processed: tephra (Level 2)
2025-08-19 15:25:10,930 - INFO - Processed: avarice (Level 2)
2025-08-19 15:25:13,424 - INFO - Processed: schooner (Level 4)
2025-08-19 15:25:16,483 - INFO - Processed: cornichon (Level 3)
2025-08-19 15:25:19,425 - INFO - Processed: parsnips (Level 2)
2025-08-19 15:25:20,914 - WARNING - No definition found for 'swayharsh', adding to review list
2025-08-19 15:25:22,212 - INFO - Processed: swayharsh (Level 3)
2025-08-19 15:25:24,628 - INFO - Processed: parasite (Level 3)
2025-08-19 15:25:26,071 - WARNING - No definition found for 'francatriforium', adding to review list
2025-08-19 15:25:27,276 - INFO - Processed: francatriforium (Level 5)
2025-08-19 15:25:30,881 - INFO - Processed: hesitate (Level 1)
2025-08-19 15:25:33,861 - INFO - Processed: ergo (Level 1)
2025-08-19 15:25:36,335 - INFO - Processed: proper (Level 1)
2025-08-19 15:25:38,782 - INFO - Processed: volumetric (Level 4)
2025-08-19 15:25:41,390 - INFO - Processed: brut (Level 1)
2025-08-19 15:25:44,233 - INFO - Processed: maharajah (Level 2)
2025-08-19 15:25:47,101 - WARNING - No definition found for 'nomophobia', adding to review list
2025-08-19 15:25:49,075 - INFO - Processed: nomophobia (Level 4)
2025-08-19 15:25:51,630 - INFO - Processed: imitative (Level 1)
2025-08-19 15:25:54,170 - INFO - Processed: fault (Level 1)
2025-08-19 15:25:56,676 - INFO - Processed: maniacal (Level 3)
2025-08-19 15:26:00,599 - INFO - Processed: bibelot (Level 2)
2025-08-19 15:26:03,040 - INFO - Processed: doldrums (Level 4)
2025-08-19 15:26:05,515 - INFO - Processed: blazer (Level 1)
2025-08-19 15:26:07,866 - INFO - Processed: remuneration (Level 4)
2025-08-19 15:26:09,230 - WARNING - No definition found for 'justaucorps', adding to review list
2025-08-19 15:26:11,145 - INFO - Processed: justaucorps (Level 3)
2025-08-19 15:26:14,346 - INFO - Processed: glabrous (Level 4)
2025-08-19 15:26:15,685 - WARNING - No definition found for 'accordaturacavalletti', adding to review list
2025-08-19 15:26:16,923 - INFO - Processed: accordaturacavalletti (Level 5)
2025-08-19 15:26:19,337 - INFO - Processed: grass (Level 1)
2025-08-19 15:26:22,367 - INFO - Processed: stuttered (Level 3)
2025-08-19 15:26:25,325 - INFO - Processed: achromatic (Level 4)
2025-08-19 15:26:26,765 - WARNING - No definition found for 'sakcharon', adding to review list
2025-08-19 15:26:27,988 - INFO - Processed: sakcharon (Level 4)
2025-08-19 15:26:30,440 - INFO - Processed: loch (Level 1)
2025-08-19 15:26:32,872 - INFO - Processed: establishment (Level 4)
2025-08-19 15:26:35,309 - INFO - Processed: online (Level 2)
2025-08-19 15:26:36,653 - WARNING - No definition found for 'truncatetubers', adding to review list
2025-08-19 15:26:38,207 - INFO - Processed: truncatetubers (Level 5)
2025-08-19 15:26:41,294 - INFO - Processed: karate (Level 2)
2025-08-19 15:26:44,787 - INFO - Processed: scrivener (Level 4)
2025-08-19 15:26:46,116 - WARNING - No definition found for 'bozzetto', adding to review list
2025-08-19 15:26:47,372 - INFO - Processed: bozzetto (Level 4)
2025-08-19 15:26:48,785 - WARNING - No definition found for 'colloque', adding to review list
2025-08-19 15:26:50,994 - INFO - Processed: colloque (Level 4)
2025-08-19 15:26:53,548 - INFO - Processed: propinquity (Level 4)
2025-08-19 15:26:56,073 - INFO - Processed: focuses (Level 2)
2025-08-19 15:26:59,930 - INFO - Processed: campaign (Level 1)
2025-08-19 15:27:01,137 - WARNING - No definition found for 'farsi', adding to review list
2025-08-19 15:27:02,376 - INFO - Processed: farsi (Level 1)
2025-08-19 15:27:06,508 - INFO - Processed: plantigrade (Level 4)
2025-08-19 15:27:07,874 - WARNING - No definition found for 'sirloindeodorant', adding to review list
2025-08-19 15:27:09,090 - INFO - Processed: sirloindeodorant (Level 5)
2025-08-19 15:27:11,489 - INFO - Processed: concoct (Level 2)
2025-08-19 15:27:13,921 - INFO - Processed: logs (Level 1)
2025-08-19 15:27:15,208 - WARNING - No definition found for 'advocatoryaerobics', adding to review list
2025-08-19 15:27:17,187 - INFO - Processed: advocatoryaerobics (Level 5)
2025-08-19 15:27:20,691 - INFO - Processed: merlin (Level 2)
2025-08-19 15:27:23,086 - INFO - Processed: tirade (Level 1)
2025-08-19 15:27:25,753 - INFO - Processed: solicit (Level 2)
2025-08-19 15:27:28,433 - INFO - Processed: crumpet (Level 2)
2025-08-19 15:27:31,050 - INFO - Processed: road (Level 1)
2025-08-19 15:27:34,035 - INFO - Processed: revved (Level 2)
2025-08-19 15:27:38,912 - INFO - Processed: cleave (Level 2)
2025-08-19 15:27:41,301 - INFO - Processed: rotisserie (Level 3)
2025-08-19 15:27:42,538 - WARNING - No definition found for 'honolulu', adding to review list
2025-08-19 15:27:44,003 - INFO - Processed: honolulu (Level 4)
2025-08-19 15:27:47,755 - INFO - Processed: excelsior (Level 4)
2025-08-19 15:27:49,484 - WARNING - No definition found for 'temalacatl', adding to review list
2025-08-19 15:27:50,702 - INFO - Processed: temalacatl (Level 4)
2025-08-19 15:27:50,936 - INFO - Checkpoint saved: 4300 words
2025-08-19 15:27:50,936 - INFO - Checkpoint saved after batch 43
2025-08-19 15:27:50,936 - INFO - Processing batch 44 (4301-4400 of 10114)
2025-08-19 15:27:53,475 - INFO - Processed: twilight (Level 3)
2025-08-19 15:27:54,768 - WARNING - No definition found for 'scribbly', adding to review list
2025-08-19 15:27:56,424 - INFO - Processed: scribbly (Level 4)
2025-08-19 15:27:59,448 - INFO - Processed: papillon (Level 3)
2025-08-19 15:28:00,764 - WARNING - No definition found for 'jambe', adding to review list
2025-08-19 15:28:02,048 - INFO - Processed: jambe (Level 1)
2025-08-19 15:28:04,744 - INFO - Processed: kepi (Level 1)
2025-08-19 15:28:07,188 - INFO - Processed: animal (Level 2)
2025-08-19 15:28:09,727 - INFO - Processed: inclement (Level 4)
2025-08-19 15:28:13,115 - INFO - Processed: theater (Level 2)
2025-08-19 15:28:15,995 - INFO - Processed: nimiety (Level 2)
2025-08-19 15:28:18,472 - INFO - Processed: desuetude (Level 4)
2025-08-19 15:28:20,965 - INFO - Processed: couch (Level 1)
2025-08-19 15:28:24,429 - INFO - Processed: elasticity (Level 4)
2025-08-19 15:28:27,436 - INFO - Processed: paella (Level 2)
2025-08-19 15:28:29,929 - INFO - Processed: until (Level 1)
2025-08-19 15:28:31,418 - WARNING - No definition found for 'flaxentriplicate', adding to review list
2025-08-19 15:28:32,953 - INFO - Processed: flaxentriplicate (Level 5)
2025-08-19 15:28:36,434 - INFO - Processed: bleary (Level 2)
2025-08-19 15:28:37,732 - WARNING - No definition found for 'bosc', adding to review list
2025-08-19 15:28:38,956 - INFO - Processed: bosc (Level 1)
2025-08-19 15:28:41,352 - INFO - Processed: ailment (Level 2)
2025-08-19 15:28:43,890 - INFO - Processed: consomme (Level 2)
2025-08-19 15:28:47,980 - INFO - Processed: debutante (Level 4)
2025-08-19 15:28:50,463 - INFO - Processed: muttonchops (Level 4)
2025-08-19 15:28:52,901 - INFO - Processed: incessant (Level 4)
2025-08-19 15:28:55,317 - INFO - Processed: surface (Level 2)
2025-08-19 15:28:57,995 - INFO - Processed: doomed (Level 2)
2025-08-19 15:29:01,003 - INFO - Processed: syringe (Level 2)
2025-08-19 15:29:03,464 - INFO - Processed: final (Level 1)
2025-08-19 15:29:05,926 - INFO - Processed: gendarme (Level 4)
2025-08-19 15:29:07,181 - WARNING - No definition found for 'bruja', adding to review list
2025-08-19 15:29:08,402 - INFO - Processed: bruja (Level 1)
2025-08-19 15:29:10,987 - INFO - Processed: rabato (Level 2)
2025-08-19 15:29:13,447 - INFO - Processed: found (Level 1)
2025-08-19 15:29:15,846 - INFO - Processed: opaque (Level 2)
2025-08-19 15:29:18,289 - INFO - Processed: accomplished (Level 4)
2025-08-19 15:29:20,811 - INFO - Processed: cruising (Level 4)
2025-08-19 15:29:22,039 - WARNING - No definition found for 'urbanely', adding to review list
2025-08-19 15:29:23,697 - INFO - Processed: urbanely (Level 1)
2025-08-19 15:29:24,980 - WARNING - No definition found for 'stitchery', adding to review list
2025-08-19 15:29:26,218 - INFO - Processed: stitchery (Level 3)
2025-08-19 15:29:29,228 - INFO - Processed: mylar (Level 1)
2025-08-19 15:29:30,467 - WARNING - No definition found for 'arpeggiolupine', adding to review list
2025-08-19 15:29:31,688 - INFO - Processed: arpeggiolupine (Level 5)
2025-08-19 15:29:34,369 - INFO - Processed: saga (Level 1)
2025-08-19 15:29:36,940 - INFO - Processed: sunseeker (Level 4)
2025-08-19 15:29:39,552 - INFO - Processed: sifting (Level 2)
2025-08-19 15:29:40,982 - WARNING - No definition found for 'fatimid', adding to review list
2025-08-19 15:29:42,423 - INFO - Processed: fatimid (Level 2)
2025-08-19 15:29:45,040 - INFO - Processed: mantle (Level 2)
2025-08-19 15:29:47,476 - INFO - Processed: trickster (Level 2)
2025-08-19 15:29:50,089 - INFO - Processed: defibrillator (Level 4)
2025-08-19 15:29:51,371 - WARNING - No definition found for 'telmatology', adding to review list
2025-08-19 15:29:53,835 - INFO - Processed: telmatology (Level 4)
2025-08-19 15:29:55,665 - WARNING - No definition found for 'comanchero', adding to review list
2025-08-19 15:29:56,903 - INFO - Processed: comanchero (Level 3)
2025-08-19 15:29:59,450 - INFO - Processed: knoll (Level 1)
2025-08-19 15:30:02,100 - INFO - Processed: abandoned (Level 4)
2025-08-19 15:30:03,407 - WARNING - No definition found for 'batson', adding to review list
2025-08-19 15:30:04,677 - INFO - Processed: batson (Level 2)
2025-08-19 15:30:07,184 - INFO - Processed: study (Level 1)
2025-08-19 15:30:09,751 - INFO - Processed: overlaid (Level 4)
2025-08-19 15:30:12,233 - INFO - Processed: sorghum (Level 2)
2025-08-19 15:30:14,784 - INFO - Processed: viscount (Level 2)
2025-08-19 15:30:17,294 - INFO - Processed: scoundrel (Level 1)
2025-08-19 15:30:19,738 - INFO - Processed: bingo (Level 1)
2025-08-19 15:30:22,557 - INFO - Processed: geriatric (Level 4)
2025-08-19 15:30:26,068 - INFO - Processed: imposing (Level 4)
2025-08-19 15:30:27,480 - WARNING - No definition found for 'implicativesostenuto', adding to review list
2025-08-19 15:30:28,719 - INFO - Processed: implicativesostenuto (Level 5)
2025-08-19 15:30:30,451 - WARNING - No definition found for 'azorestankard', adding to review list
2025-08-19 15:30:31,661 - INFO - Processed: azorestankard (Level 4)
2025-08-19 15:30:32,842 - WARNING - No definition found for 'encina', adding to review list
2025-08-19 15:30:34,134 - INFO - Processed: encina (Level 1)
2025-08-19 15:30:36,729 - INFO - Processed: dissemble (Level 4)
2025-08-19 15:30:39,280 - INFO - Processed: gnarled (Level 2)
2025-08-19 15:30:41,709 - INFO - Processed: held (Level 1)
2025-08-19 15:30:42,964 - WARNING - No definition found for 'polloi', adding to review list
2025-08-19 15:30:44,171 - INFO - Processed: polloi (Level 2)
2025-08-19 15:30:46,567 - INFO - Processed: mascarpone (Level 4)
2025-08-19 15:30:48,292 - WARNING - No definition found for 'impeachable', adding to review list
2025-08-19 15:30:50,045 - INFO - Processed: impeachable (Level 4)
2025-08-19 15:30:52,805 - INFO - Processed: distressed (Level 1)
2025-08-19 15:30:55,217 - INFO - Processed: traveled (Level 4)
2025-08-19 15:30:56,676 - WARNING - No definition found for 'january', adding to review list
2025-08-19 15:30:57,881 - INFO - Processed: january (Level 2)
2025-08-19 15:30:59,135 - WARNING - No definition found for 'neoterism', adding to review list
2025-08-19 15:31:01,033 - INFO - Processed: neoterism (Level 4)
2025-08-19 15:31:04,246 - INFO - Processed: transit (Level 1)
2025-08-19 15:31:06,690 - WARNING - No definition found for 'frutti', adding to review list
2025-08-19 15:31:08,210 - INFO - Processed: frutti (Level 2)
2025-08-19 15:31:10,748 - INFO - Processed: snorkels (Level 2)
2025-08-19 15:31:13,458 - INFO - Processed: running (Level 2)
2025-08-19 15:31:16,735 - INFO - Processed: record (Level 2)
2025-08-19 15:31:19,351 - INFO - Processed: sclerosis (Level 4)
2025-08-19 15:31:21,906 - INFO - Processed: jonquil (Level 2)
2025-08-19 15:31:24,382 - INFO - Processed: stitcher (Level 1)
2025-08-19 15:31:25,714 - WARNING - No definition found for 'ramadan', adding to review list
2025-08-19 15:31:26,968 - INFO - Processed: ramadan (Level 2)
2025-08-19 15:31:28,895 - WARNING - No definition found for 'puchero', adding to review list
2025-08-19 15:31:30,579 - INFO - Processed: puchero (Level 2)
2025-08-19 15:31:33,329 - INFO - Processed: multifarious (Level 3)
2025-08-19 15:31:36,057 - INFO - Processed: miniscule (Level 4)
2025-08-19 15:31:38,830 - INFO - Processed: endless (Level 2)
2025-08-19 15:31:40,211 - WARNING - No definition found for 'osculatory', adding to review list
2025-08-19 15:31:42,216 - INFO - Processed: osculatory (Level 4)
2025-08-19 15:31:45,806 - INFO - Processed: toward (Level 2)
2025-08-19 15:31:48,546 - INFO - Processed: citation (Level 4)
2025-08-19 15:31:51,462 - INFO - Processed: pepita (Level 2)
2025-08-19 15:31:53,999 - INFO - Processed: prehensile (Level 4)
2025-08-19 15:31:57,608 - INFO - Processed: rattled (Level 2)
2025-08-19 15:32:00,320 - INFO - Processed: rely (Level 1)
2025-08-19 15:32:02,886 - INFO - Processed: hermitage (Level 4)
2025-08-19 15:32:04,660 - WARNING - No definition found for 'gyokuro', adding to review list
2025-08-19 15:32:05,926 - INFO - Processed: gyokuro (Level 2)
2025-08-19 15:32:08,231 - WARNING - No definition found for 'hitchcockianhoagies', adding to review list
2025-08-19 15:32:09,440 - INFO - Processed: hitchcockianhoagies (Level 5)
2025-08-19 15:32:12,432 - INFO - Processed: mirage (Level 2)
2025-08-19 15:32:14,890 - INFO - Processed: crayon (Level 2)
2025-08-19 15:32:18,541 - INFO - Processed: fronds (Level 2)
2025-08-19 15:32:19,875 - WARNING - No definition found for 'kapparah', adding to review list
2025-08-19 15:32:21,551 - INFO - Processed: kapparah (Level 4)
2025-08-19 15:32:22,794 - WARNING - No definition found for 'billiardsobstreperous', adding to review list
2025-08-19 15:32:24,027 - INFO - Processed: billiardsobstreperous (Level 5)
2025-08-19 15:32:26,503 - INFO - Processed: chuckle (Level 2)
2025-08-19 15:32:27,772 - WARNING - No definition found for 'shutterscorner', adding to review list
2025-08-19 15:32:29,042 - INFO - Processed: shutterscorner (Level 5)
2025-08-19 15:32:29,291 - INFO - Checkpoint saved: 4400 words
2025-08-19 15:32:29,291 - INFO - Checkpoint saved after batch 44
2025-08-19 15:32:29,291 - INFO - Processing batch 45 (4401-4500 of 10114)
2025-08-19 15:32:33,100 - INFO - Processed: cabotage (Level 4)
2025-08-19 15:32:34,373 - WARNING - No definition found for 'deceleron', adding to review list
2025-08-19 15:32:35,607 - INFO - Processed: deceleron (Level 4)
2025-08-19 15:32:38,384 - INFO - Processed: entity (Level 1)
2025-08-19 15:32:41,971 - INFO - Processed: chalk (Level 1)
2025-08-19 15:32:44,449 - INFO - Processed: prophecies (Level 4)
2025-08-19 15:32:46,846 - INFO - Processed: napkin (Level 2)
2025-08-19 15:32:49,281 - INFO - Processed: pipette (Level 2)
2025-08-19 15:32:50,792 - WARNING - No definition found for 'singultus', adding to review list
2025-08-19 15:32:52,818 - INFO - Processed: singultus (Level 4)
2025-08-19 15:32:56,358 - INFO - Processed: paramecium (Level 3)
2025-08-19 15:32:57,657 - WARNING - No definition found for 'darjeeling', adding to review list
2025-08-19 15:32:58,926 - INFO - Processed: darjeeling (Level 4)
2025-08-19 15:33:00,324 - WARNING - No definition found for 'yoruba', adding to review list
2025-08-19 15:33:01,531 - INFO - Processed: yoruba (Level 2)
2025-08-19 15:33:02,815 - WARNING - No definition found for 'evo', adding to review list
2025-08-19 15:33:04,506 - INFO - Processed: evo (Level 1)
2025-08-19 15:33:08,250 - INFO - Processed: devoid (Level 1)
2025-08-19 15:33:11,223 - INFO - Processed: juneteenth (Level 2)
2025-08-19 15:33:13,793 - INFO - Processed: iridescent (Level 4)
2025-08-19 15:33:16,309 - INFO - Processed: undulating (Level 1)
2025-08-19 15:33:19,333 - INFO - Processed: cloth (Level 1)
2025-08-19 15:33:22,148 - INFO - Processed: snake (Level 1)
2025-08-19 15:33:24,789 - INFO - Processed: paginate (Level 4)
2025-08-19 15:33:27,295 - INFO - Processed: transform (Level 3)
2025-08-19 15:33:29,771 - INFO - Processed: volcano (Level 2)
2025-08-19 15:33:31,288 - WARNING - No definition found for 'pashminautilitarian', adding to review list
2025-08-19 15:33:32,841 - INFO - Processed: pashminautilitarian (Level 5)
2025-08-19 15:33:34,360 - WARNING - No definition found for 'monstrositysofa', adding to review list
2025-08-19 15:33:35,610 - INFO - Processed: monstrositysofa (Level 5)
2025-08-19 15:33:38,044 - INFO - Processed: disorder (Level 4)
2025-08-19 15:33:40,647 - INFO - Processed: cadence (Level 2)
2025-08-19 15:33:43,127 - INFO - Processed: selah (Level 1)
2025-08-19 15:33:45,780 - INFO - Processed: asymptote (Level 4)
2025-08-19 15:33:49,244 - INFO - Processed: mobility (Level 2)
2025-08-19 15:33:51,758 - INFO - Processed: floral (Level 2)
2025-08-19 15:33:54,232 - INFO - Processed: cooking (Level 1)
2025-08-19 15:33:55,548 - WARNING - No definition found for 'solon', adding to review list
2025-08-19 15:33:56,801 - INFO - Processed: solon (Level 1)
2025-08-19 15:33:59,341 - INFO - Processed: cooked (Level 2)
2025-08-19 15:34:00,561 - WARNING - No definition found for 'caveola', adding to review list
2025-08-19 15:34:02,878 - INFO - Processed: caveola (Level 2)
2025-08-19 15:34:05,595 - INFO - Processed: cactus (Level 2)
2025-08-19 15:34:08,086 - INFO - Processed: uncle (Level 1)
2025-08-19 15:34:10,624 - INFO - Processed: davenport (Level 4)
2025-08-19 15:34:13,085 - INFO - Processed: dots (Level 1)
2025-08-19 15:34:14,767 - WARNING - No definition found for 'gaylord', adding to review list
2025-08-19 15:34:16,019 - INFO - Processed: gaylord (Level 2)
2025-08-19 15:34:19,372 - INFO - Processed: cotoneaster (Level 4)
2025-08-19 15:34:22,175 - INFO - Processed: astral (Level 2)
2025-08-19 15:34:24,671 - INFO - Processed: beetle (Level 2)
2025-08-19 15:34:27,174 - INFO - Processed: special (Level 2)
2025-08-19 15:34:29,845 - INFO - Processed: kaiser (Level 2)
2025-08-19 15:34:31,091 - WARNING - No definition found for 'vandalizechancellor', adding to review list
2025-08-19 15:34:32,324 - INFO - Processed: vandalizechancellor (Level 5)
2025-08-19 15:34:34,757 - INFO - Processed: assembly (Level 1)
2025-08-19 15:34:38,487 - INFO - Processed: revolution (Level 4)
2025-08-19 15:34:41,578 - INFO - Processed: pistou (Level 2)
2025-08-19 15:34:42,939 - WARNING - No definition found for 'patripassianism', adding to review list
2025-08-19 15:34:44,172 - INFO - Processed: patripassianism (Level 5)
2025-08-19 15:34:46,622 - INFO - Processed: simultaneously (Level 5)
2025-08-19 15:34:49,145 - INFO - Processed: mallet (Level 2)
2025-08-19 15:34:50,486 - WARNING - No definition found for 'simultaneity', adding to review list
2025-08-19 15:34:51,730 - INFO - Processed: simultaneity (Level 4)
2025-08-19 15:34:52,981 - WARNING - No definition found for 'togo', adding to review list
2025-08-19 15:34:54,316 - INFO - Processed: togo (Level 1)
2025-08-19 15:34:56,841 - INFO - Processed: municipal (Level 4)
2025-08-19 15:35:01,162 - INFO - Processed: profound (Level 1)
2025-08-19 15:35:03,641 - INFO - Processed: zebra (Level 1)
2025-08-19 15:35:06,114 - INFO - Processed: facade (Level 2)
2025-08-19 15:35:08,507 - INFO - Processed: veered (Level 2)
2025-08-19 15:35:11,663 - INFO - Processed: brucellosis (Level 2)
2025-08-19 15:35:14,093 - INFO - Processed: spacious (Level 3)
2025-08-19 15:35:16,494 - INFO - Processed: aloha (Level 1)
2025-08-19 15:35:17,728 - WARNING - No definition found for 'tlingitdetainees', adding to review list
2025-08-19 15:35:18,949 - INFO - Processed: tlingitdetainees (Level 5)
2025-08-19 15:35:21,505 - INFO - Processed: chrysolite (Level 4)
2025-08-19 15:35:23,921 - INFO - Processed: reduce (Level 2)
2025-08-19 15:35:26,439 - INFO - Processed: anserine (Level 4)
2025-08-19 15:35:28,871 - INFO - Processed: talking (Level 2)
2025-08-19 15:35:30,158 - WARNING - No definition found for 'plangency', adding to review list
2025-08-19 15:35:31,911 - INFO - Processed: plangency (Level 4)
2025-08-19 15:35:34,356 - INFO - Processed: gesture (Level 2)
2025-08-19 15:35:36,785 - INFO - Processed: praise (Level 2)
2025-08-19 15:35:39,825 - INFO - Processed: adversity (Level 4)
2025-08-19 15:35:41,319 - WARNING - No definition found for 'complacencykraken', adding to review list
2025-08-19 15:35:42,630 - INFO - Processed: complacencykraken (Level 5)
2025-08-19 15:35:43,916 - WARNING - No definition found for 'adversaria', adding to review list
2025-08-19 15:35:45,109 - INFO - Processed: adversaria (Level 4)
2025-08-19 15:35:47,881 - INFO - Processed: skateboard (Level 1)
2025-08-19 15:35:50,576 - INFO - Processed: sinus (Level 1)
2025-08-19 15:35:52,990 - INFO - Processed: already (Level 2)
2025-08-19 15:35:55,402 - INFO - Processed: canoe (Level 1)
2025-08-19 15:35:56,675 - WARNING - No definition found for 'equanimitythermos', adding to review list
2025-08-19 15:35:57,898 - INFO - Processed: equanimitythermos (Level 5)
2025-08-19 15:35:59,149 - WARNING - No definition found for 'saccadic', adding to review list
2025-08-19 15:36:00,388 - INFO - Processed: saccadic (Level 2)
2025-08-19 15:36:02,863 - INFO - Processed: angry (Level 1)
2025-08-19 15:36:05,357 - INFO - Processed: muddy (Level 1)
2025-08-19 15:36:08,004 - INFO - Processed: theomachy (Level 4)
2025-08-19 15:36:10,527 - INFO - Processed: kalanchoe (Level 1)
2025-08-19 15:36:12,940 - INFO - Processed: grits (Level 1)
2025-08-19 15:36:15,871 - INFO - Processed: mademoiselle (Level 4)
2025-08-19 15:36:18,632 - INFO - Processed: disaster (Level 4)
2025-08-19 15:36:20,385 - WARNING - No definition found for 'bailly', adding to review list
2025-08-19 15:36:22,000 - INFO - Processed: bailly (Level 2)
2025-08-19 15:36:25,755 - INFO - Processed: prosperous (Level 4)
2025-08-19 15:36:28,376 - INFO - Processed: monopolise (Level 4)
2025-08-19 15:36:30,899 - INFO - Processed: income (Level 2)
2025-08-19 15:36:34,583 - INFO - Processed: demulcent (Level 4)
2025-08-19 15:36:40,711 - INFO - Processed: incandescent (Level 4)
2025-08-19 15:36:43,154 - INFO - Processed: fiction (Level 2)
2025-08-19 15:36:45,631 - INFO - Processed: tiger (Level 1)
2025-08-19 15:36:48,263 - INFO - Processed: public (Level 2)
2025-08-19 15:36:51,663 - INFO - Processed: palatable (Level 3)
2025-08-19 15:36:54,605 - INFO - Processed: isosceles (Level 3)
2025-08-19 15:36:57,022 - INFO - Processed: sixth (Level 1)
2025-08-19 15:36:59,592 - INFO - Processed: recumbent (Level 4)
2025-08-19 15:37:02,398 - INFO - Processed: standard (Level 4)
2025-08-19 15:37:06,256 - INFO - Processed: tooth (Level 1)
2025-08-19 15:37:07,587 - WARNING - No definition found for 'zimbabwe', adding to review list
2025-08-19 15:37:08,825 - INFO - Processed: zimbabwe (Level 3)
2025-08-19 15:37:09,119 - INFO - Checkpoint saved: 4500 words
2025-08-19 15:37:09,119 - INFO - Checkpoint saved after batch 45
2025-08-19 15:37:09,119 - INFO - Processing batch 46 (4501-4600 of 10114)
2025-08-19 15:37:13,040 - INFO - Processed: expulsion (Level 3)
2025-08-19 15:37:14,435 - WARNING - No definition found for 'houppelande', adding to review list
2025-08-19 15:37:18,210 - INFO - Processed: houppelande (Level 4)
2025-08-19 15:37:21,878 - INFO - Processed: partner (Level 2)
2025-08-19 15:37:24,361 - INFO - Processed: linguistics (Level 4)
2025-08-19 15:37:26,838 - INFO - Processed: forensics (Level 4)
2025-08-19 15:37:29,981 - INFO - Processed: immolate (Level 4)
2025-08-19 15:37:31,878 - WARNING - No definition found for 'minette', adding to review list
2025-08-19 15:37:33,288 - INFO - Processed: minette (Level 2)
2025-08-19 15:37:36,061 - INFO - Processed: levels (Level 2)
2025-08-19 15:37:38,478 - INFO - Processed: joule (Level 1)
2025-08-19 15:37:41,013 - INFO - Processed: flummox (Level 2)
2025-08-19 15:37:43,569 - INFO - Processed: privacy (Level 2)
2025-08-19 15:37:46,184 - INFO - Processed: crate (Level 1)
2025-08-19 15:37:47,939 - WARNING - No definition found for 'sumerian', adding to review list
2025-08-19 15:37:49,181 - INFO - Processed: sumerian (Level 3)
2025-08-19 15:37:51,782 - INFO - Processed: requiem (Level 2)
2025-08-19 15:37:53,081 - WARNING - No definition found for 'calusar', adding to review list
2025-08-19 15:37:54,385 - INFO - Processed: calusar (Level 2)
2025-08-19 15:37:56,931 - INFO - Processed: hematology (Level 3)
2025-08-19 15:37:59,473 - INFO - Processed: frankly (Level 2)
2025-08-19 15:38:01,903 - INFO - Processed: omniscient (Level 4)
2025-08-19 15:38:04,394 - INFO - Processed: understand (Level 4)
2025-08-19 15:38:06,839 - INFO - Processed: folly (Level 1)
2025-08-19 15:38:08,095 - WARNING - No definition found for 'hardtackrabid', adding to review list
2025-08-19 15:38:09,302 - INFO - Processed: hardtackrabid (Level 3)
2025-08-19 15:38:11,839 - INFO - Processed: themes (Level 2)
2025-08-19 15:38:14,267 - INFO - Processed: buffoonery (Level 4)
2025-08-19 15:38:15,585 - WARNING - No definition found for 'pell', adding to review list
2025-08-19 15:38:16,809 - INFO - Processed: pell (Level 1)
2025-08-19 15:38:19,223 - INFO - Processed: hazardous (Level 4)
2025-08-19 15:38:22,385 - INFO - Processed: inimitable (Level 4)
2025-08-19 15:38:25,659 - INFO - Processed: wassail (Level 2)
2025-08-19 15:38:28,805 - INFO - Processed: bagpipe (Level 2)
2025-08-19 15:38:31,552 - INFO - Processed: swerve (Level 2)
2025-08-19 15:38:34,765 - INFO - Processed: tomorrow (Level 3)
2025-08-19 15:38:37,242 - INFO - Processed: mansion (Level 2)
2025-08-19 15:38:39,751 - INFO - Processed: bachelorette (Level 4)
2025-08-19 15:38:42,555 - INFO - Processed: tracks (Level 2)
2025-08-19 15:38:45,377 - INFO - Processed: succinct (Level 2)
2025-08-19 15:38:48,074 - INFO - Processed: teaspoon (Level 2)
2025-08-19 15:38:51,161 - INFO - Processed: rounds (Level 2)
2025-08-19 15:38:53,680 - INFO - Processed: genuflect (Level 1)
2025-08-19 15:38:56,282 - INFO - Processed: antagonistic (Level 4)
2025-08-19 15:39:00,331 - INFO - Processed: profiteer (Level 4)
2025-08-19 15:39:02,802 - INFO - Processed: rosin (Level 1)
2025-08-19 15:39:04,087 - WARNING - No definition found for 'bahr', adding to review list
2025-08-19 15:39:05,342 - INFO - Processed: bahr (Level 1)
2025-08-19 15:39:08,083 - INFO - Processed: crannies (Level 4)
2025-08-19 15:39:12,597 - INFO - Processed: varicose (Level 4)
2025-08-19 15:39:15,182 - INFO - Processed: alighted (Level 4)
2025-08-19 15:39:18,269 - INFO - Processed: oompah (Level 2)
2025-08-19 15:39:20,846 - INFO - Processed: stamping (Level 4)
2025-08-19 15:39:23,245 - INFO - Processed: depose (Level 2)
2025-08-19 15:39:24,508 - WARNING - No definition found for 'catherine', adding to review list
2025-08-19 15:39:25,713 - INFO - Processed: catherine (Level 4)
2025-08-19 15:39:26,983 - WARNING - No definition found for 'hoi', adding to review list
2025-08-19 15:39:28,222 - INFO - Processed: hoi (Level 1)
2025-08-19 15:39:31,763 - INFO - Processed: expectorant (Level 4)
2025-08-19 15:39:34,297 - INFO - Processed: rudiments (Level 4)
2025-08-19 15:39:35,653 - WARNING - No definition found for 'laude', adding to review list
2025-08-19 15:39:36,872 - INFO - Processed: laude (Level 1)
2025-08-19 15:39:41,134 - INFO - Processed: altercation (Level 4)
2025-08-19 15:39:43,631 - INFO - Processed: leotard (Level 2)
2025-08-19 15:39:46,132 - INFO - Processed: repentant (Level 4)
2025-08-19 15:39:47,437 - WARNING - No definition found for 'punily', adding to review list
2025-08-19 15:39:48,659 - INFO - Processed: punily (Level 2)
2025-08-19 15:39:49,974 - WARNING - No definition found for 'pitanga', adding to review list
2025-08-19 15:39:51,837 - INFO - Processed: pitanga (Level 2)
2025-08-19 15:39:54,361 - INFO - Processed: fluctuation (Level 4)
2025-08-19 15:39:56,901 - INFO - Processed: cutaneous (Level 2)
2025-08-19 15:39:59,329 - INFO - Processed: texture (Level 2)
2025-08-19 15:40:01,922 - INFO - Processed: interjected (Level 3)
2025-08-19 15:40:05,021 - INFO - Processed: gravelly (Level 4)
2025-08-19 15:40:07,856 - INFO - Processed: ray (Level 1)
2025-08-19 15:40:09,140 - WARNING - No definition found for 'rayleigh', adding to review list
2025-08-19 15:40:10,832 - INFO - Processed: rayleigh (Level 4)
2025-08-19 15:40:13,296 - INFO - Processed: actually (Level 4)
2025-08-19 15:40:15,816 - INFO - Processed: shoo (Level 1)
2025-08-19 15:40:17,084 - WARNING - No definition found for 'prodigiousprofligacy', adding to review list
2025-08-19 15:40:18,703 - INFO - Processed: prodigiousprofligacy (Level 5)
2025-08-19 15:40:21,633 - INFO - Processed: deportment (Level 1)
2025-08-19 15:40:24,574 - INFO - Processed: caudex (Level 2)
2025-08-19 15:40:26,032 - WARNING - No definition found for 'cancion', adding to review list
2025-08-19 15:40:27,256 - INFO - Processed: cancion (Level 2)
2025-08-19 15:40:28,510 - WARNING - No definition found for 'baccate', adding to review list
2025-08-19 15:40:29,718 - INFO - Processed: baccate (Level 2)
2025-08-19 15:40:32,994 - INFO - Processed: flauta (Level 2)
2025-08-19 15:40:35,550 - INFO - Processed: grace (Level 1)
2025-08-19 15:40:36,871 - WARNING - No definition found for 'jicarilla', adding to review list
2025-08-19 15:40:38,710 - INFO - Processed: jicarilla (Level 3)
2025-08-19 15:40:39,922 - WARNING - No definition found for 'prosceniumpolitesse', adding to review list
2025-08-19 15:40:41,158 - INFO - Processed: prosceniumpolitesse (Level 5)
2025-08-19 15:40:43,663 - INFO - Processed: condiments (Level 3)
2025-08-19 15:40:46,733 - INFO - Processed: momentous (Level 1)
2025-08-19 15:40:49,178 - INFO - Processed: embassy (Level 2)
2025-08-19 15:40:51,641 - INFO - Processed: withers (Level 1)
2025-08-19 15:40:54,312 - INFO - Processed: ascribe (Level 2)
2025-08-19 15:40:56,814 - INFO - Processed: dirigible (Level 4)
2025-08-19 15:40:59,307 - INFO - Processed: tail (Level 1)
2025-08-19 15:41:01,876 - INFO - Processed: nectarine (Level 4)
2025-08-19 15:41:04,350 - INFO - Processed: scuppers (Level 4)
2025-08-19 15:41:07,784 - INFO - Processed: webisode (Level 2)
2025-08-19 15:41:09,082 - WARNING - No definition found for 'deglaciationrecruit', adding to review list
2025-08-19 15:41:10,294 - INFO - Processed: deglaciationrecruit (Level 5)
2025-08-19 15:41:12,953 - INFO - Processed: tripartite (Level 2)
2025-08-19 15:41:17,371 - INFO - Processed: season (Level 2)
2025-08-19 15:41:20,977 - INFO - Processed: triforium (Level 4)
2025-08-19 15:41:23,438 - INFO - Processed: disconsolate (Level 3)
2025-08-19 15:41:25,899 - INFO - Processed: parrot (Level 2)
2025-08-19 15:41:30,036 - INFO - Processed: bilge (Level 1)
2025-08-19 15:41:33,708 - INFO - Processed: urchins (Level 2)
2025-08-19 15:41:36,243 - INFO - Processed: scientific (Level 4)
2025-08-19 15:41:38,719 - INFO - Processed: flout (Level 1)
2025-08-19 15:41:41,836 - INFO - Processed: anguish (Level 2)
2025-08-19 15:41:45,927 - INFO - Processed: clobbered (Level 2)
2025-08-19 15:41:48,386 - INFO - Processed: righteous (Level 4)
2025-08-19 15:41:50,895 - INFO - Processed: just (Level 1)
2025-08-19 15:41:53,934 - INFO - Processed: disrepair (Level 3)
2025-08-19 15:41:54,184 - INFO - Checkpoint saved: 4600 words
2025-08-19 15:41:54,184 - INFO - Checkpoint saved after batch 46
2025-08-19 15:41:54,184 - INFO - Processing batch 47 (4601-4700 of 10114)
2025-08-19 15:41:56,927 - INFO - Processed: force (Level 1)
2025-08-19 15:41:59,514 - INFO - Processed: poltroon (Level 3)
2025-08-19 15:42:01,988 - INFO - Processed: heptad (Level 2)
2025-08-19 15:42:04,557 - INFO - Processed: guide (Level 1)
2025-08-19 15:42:07,208 - INFO - Processed: macular (Level 2)
2025-08-19 15:42:10,407 - INFO - Processed: discomfiture (Level 4)
2025-08-19 15:42:13,554 - INFO - Processed: anatomical (Level 4)
2025-08-19 15:42:15,251 - WARNING - No definition found for 'pomato', adding to review list
2025-08-19 15:42:17,205 - INFO - Processed: pomato (Level 2)
2025-08-19 15:42:20,105 - INFO - Processed: bazooka (Level 2)
2025-08-19 15:42:21,376 - WARNING - No definition found for 'presencesizzle', adding to review list
2025-08-19 15:42:22,966 - INFO - Processed: presencesizzle (Level 5)
2025-08-19 15:42:26,973 - INFO - Processed: praxis (Level 2)
2025-08-19 15:42:29,466 - INFO - Processed: defy (Level 1)
2025-08-19 15:42:32,361 - INFO - Processed: oysters (Level 2)
2025-08-19 15:42:34,883 - INFO - Processed: cloisters (Level 2)
2025-08-19 15:42:40,684 - INFO - Processed: cliff (Level 1)
2025-08-19 15:42:43,187 - INFO - Processed: voila (Level 1)
2025-08-19 15:42:45,596 - INFO - Processed: lobotomy (Level 4)
2025-08-19 15:42:48,197 - INFO - Processed: pastry (Level 2)
2025-08-19 15:42:52,077 - INFO - Processed: lunulae (Level 2)
2025-08-19 15:42:54,769 - INFO - Processed: diphtheria (Level 2)
2025-08-19 15:42:56,104 - WARNING - No definition found for 'torsionjusticiable', adding to review list
2025-08-19 15:42:57,370 - INFO - Processed: torsionjusticiable (Level 5)
2025-08-19 15:43:00,324 - INFO - Processed: salamanders (Level 2)
2025-08-19 15:43:01,681 - WARNING - No definition found for 'fiduciaryadjective', adding to review list
2025-08-19 15:43:03,649 - INFO - Processed: fiduciaryadjective (Level 5)
2025-08-19 15:43:06,477 - INFO - Processed: banal (Level 1)
2025-08-19 15:43:09,063 - INFO - Processed: rosemaling (Level 4)
2025-08-19 15:43:11,506 - INFO - Processed: smoldering (Level 4)
2025-08-19 15:43:12,812 - WARNING - No definition found for 'adjudicatecaricature', adding to review list
2025-08-19 15:43:14,117 - INFO - Processed: adjudicatecaricature (Level 5)
2025-08-19 15:43:16,836 - INFO - Processed: prodigious (Level 4)
2025-08-19 15:43:19,648 - INFO - Processed: chips (Level 1)
2025-08-19 15:43:22,117 - INFO - Processed: mix (Level 1)
2025-08-19 15:43:24,500 - INFO - Processed: liability (Level 2)
2025-08-19 15:43:26,945 - INFO - Processed: grotesque (Level 4)
2025-08-19 15:43:29,686 - INFO - Processed: equanimity (Level 2)
2025-08-19 15:43:32,773 - WARNING - No definition found for 'postponewafer', adding to review list
2025-08-19 15:43:34,306 - INFO - Processed: postponewafer (Level 3)
2025-08-19 15:43:36,866 - INFO - Processed: able (Level 1)
2025-08-19 15:43:39,341 - INFO - Processed: vinyl (Level 1)
2025-08-19 15:43:42,115 - INFO - Processed: muzak (Level 1)
2025-08-19 15:43:45,169 - INFO - Processed: senna (Level 1)
2025-08-19 15:43:47,740 - INFO - Processed: midday (Level 2)
2025-08-19 15:43:50,185 - INFO - Processed: testament (Level 4)
2025-08-19 15:43:52,772 - INFO - Processed: aspersions (Level 1)
2025-08-19 15:43:55,265 - INFO - Processed: gothic (Level 2)
2025-08-19 15:43:58,021 - INFO - Processed: decisions (Level 4)
2025-08-19 15:44:00,452 - INFO - Processed: axiomatic (Level 3)
2025-08-19 15:44:02,963 - INFO - Processed: tummy (Level 1)
2025-08-19 15:44:05,351 - INFO - Processed: least (Level 1)
2025-08-19 15:44:07,877 - INFO - Processed: eyelet (Level 2)
2025-08-19 15:44:10,277 - INFO - Processed: tenon (Level 1)
2025-08-19 15:44:12,748 - INFO - Processed: term (Level 1)
2025-08-19 15:44:13,974 - WARNING - No definition found for 'abhijay', adding to review list
2025-08-19 15:44:15,189 - INFO - Processed: abhijay (Level 1)
2025-08-19 15:44:17,642 - INFO - Processed: licensure (Level 2)
2025-08-19 15:44:20,619 - INFO - Processed: spontaneity (Level 4)
2025-08-19 15:44:24,067 - INFO - Processed: nival (Level 1)
2025-08-19 15:44:26,934 - INFO - Processed: sanitized (Level 1)
2025-08-19 15:44:28,596 - WARNING - No definition found for 'bunyanesqueexsect', adding to review list
2025-08-19 15:44:29,818 - INFO - Processed: bunyanesqueexsect (Level 5)
2025-08-19 15:44:32,325 - INFO - Processed: quizzical (Level 3)
2025-08-19 15:44:34,823 - INFO - Processed: trapezoid (Level 4)
2025-08-19 15:44:37,291 - INFO - Processed: sinciput (Level 2)
2025-08-19 15:44:38,595 - WARNING - No definition found for 'limicolous', adding to review list
2025-08-19 15:44:40,433 - INFO - Processed: limicolous (Level 2)
2025-08-19 15:44:42,981 - INFO - Processed: diva (Level 1)
2025-08-19 15:44:47,199 - INFO - Processed: intestines (Level 4)
2025-08-19 15:44:49,719 - INFO - Processed: nefarious (Level 1)
2025-08-19 15:44:52,122 - INFO - Processed: bastion (Level 2)
2025-08-19 15:44:54,595 - INFO - Processed: music (Level 1)
2025-08-19 15:44:57,181 - INFO - Processed: whey (Level 1)
2025-08-19 15:44:59,642 - INFO - Processed: charge (Level 2)
2025-08-19 15:45:02,027 - INFO - Processed: linked (Level 2)
2025-08-19 15:45:05,317 - INFO - Processed: forgive (Level 1)
2025-08-19 15:45:10,157 - INFO - Processed: faint (Level 1)
2025-08-19 15:45:13,103 - INFO - Processed: kaftan (Level 2)
2025-08-19 15:45:15,645 - INFO - Processed: nonage (Level 2)
2025-08-19 15:45:18,397 - INFO - Processed: would (Level 1)
2025-08-19 15:45:21,095 - INFO - Processed: coat (Level 1)
2025-08-19 15:45:23,556 - INFO - Processed: composition (Level 4)
2025-08-19 15:45:26,095 - INFO - Processed: subway (Level 2)
2025-08-19 15:45:27,331 - WARNING - No definition found for 'leberwurst', adding to review list
2025-08-19 15:45:28,603 - INFO - Processed: leberwurst (Level 4)
2025-08-19 15:45:29,854 - WARNING - No definition found for 'chantilly', adding to review list
2025-08-19 15:45:32,049 - INFO - Processed: chantilly (Level 2)
2025-08-19 15:45:35,389 - INFO - Processed: plumbago (Level 4)
2025-08-19 15:45:36,580 - WARNING - No definition found for 'americanamonopolize', adding to review list
2025-08-19 15:45:37,816 - INFO - Processed: americanamonopolize (Level 5)
2025-08-19 15:45:40,262 - INFO - Processed: anodyne (Level 2)
2025-08-19 15:45:42,926 - INFO - Processed: commonplace (Level 2)
2025-08-19 15:45:45,839 - INFO - Processed: sphagnum (Level 3)
2025-08-19 15:45:48,611 - INFO - Processed: stark (Level 1)
2025-08-19 15:45:51,105 - INFO - Processed: vacation (Level 2)
2025-08-19 15:45:53,690 - INFO - Processed: stifle (Level 2)
2025-08-19 15:45:54,991 - WARNING - No definition found for 'serratedpoblano', adding to review list
2025-08-19 15:45:56,215 - INFO - Processed: serratedpoblano (Level 5)
2025-08-19 15:45:58,911 - INFO - Processed: president (Level 2)
2025-08-19 15:46:02,201 - INFO - Processed: prejudice (Level 2)
2025-08-19 15:46:05,169 - INFO - Processed: dandelion (Level 3)
2025-08-19 15:46:06,479 - WARNING - No definition found for 'mexico', adding to review list
2025-08-19 15:46:07,717 - INFO - Processed: mexico (Level 2)
2025-08-19 15:46:10,320 - INFO - Processed: renewable (Level 4)
2025-08-19 15:46:13,987 - INFO - Processed: boba (Level 1)
2025-08-19 15:46:16,745 - INFO - Processed: reckon (Level 2)
2025-08-19 15:46:19,171 - INFO - Processed: lucky (Level 1)
2025-08-19 15:46:20,444 - WARNING - No definition found for 'expugnable', adding to review list
2025-08-19 15:46:22,135 - INFO - Processed: expugnable (Level 4)
2025-08-19 15:46:23,905 - WARNING - No definition found for 'sto', adding to review list
2025-08-19 15:46:26,001 - INFO - Processed: sto (Level 1)
2025-08-19 15:46:27,385 - WARNING - No definition found for 'flotusfluoride', adding to review list
2025-08-19 15:46:28,691 - INFO - Processed: flotusfluoride (Level 5)
2025-08-19 15:46:30,058 - WARNING - No definition found for 'kerneltawny', adding to review list
2025-08-19 15:46:31,332 - INFO - Processed: kerneltawny (Level 3)
2025-08-19 15:46:33,812 - INFO - Processed: effervescent (Level 4)
2025-08-19 15:46:36,224 - INFO - Processed: malevolent (Level 4)
2025-08-19 15:46:36,474 - INFO - Checkpoint saved: 4700 words
2025-08-19 15:46:36,474 - INFO - Checkpoint saved after batch 47
2025-08-19 15:46:36,474 - INFO - Processing batch 48 (4701-4800 of 10114)
2025-08-19 15:46:38,933 - INFO - Processed: con (Level 1)
2025-08-19 15:46:41,504 - INFO - Processed: most (Level 1)
2025-08-19 15:46:42,823 - WARNING - No definition found for 'scramblegames', adding to review list
2025-08-19 15:46:44,074 - INFO - Processed: scramblegames (Level 4)
2025-08-19 15:46:46,602 - INFO - Processed: melodramatic (Level 2)
2025-08-19 15:46:49,041 - INFO - Processed: older (Level 1)
2025-08-19 15:46:50,331 - WARNING - No definition found for 'morionmortadella', adding to review list
2025-08-19 15:46:51,551 - INFO - Processed: morionmortadella (Level 5)
2025-08-19 15:46:54,107 - INFO - Processed: sculling (Level 4)
2025-08-19 15:46:56,502 - INFO - Processed: devoured (Level 3)
2025-08-19 15:46:59,011 - INFO - Processed: attendee (Level 4)
2025-08-19 15:47:01,387 - INFO - Processed: gloomy (Level 2)
2025-08-19 15:47:03,852 - INFO - Processed: entertainment (Level 4)
2025-08-19 15:47:06,391 - INFO - Processed: verisimilitude (Level 5)
2025-08-19 15:47:09,555 - INFO - Processed: contents (Level 4)
2025-08-19 15:47:12,112 - INFO - Processed: zydeco (Level 2)
2025-08-19 15:47:18,336 - INFO - Processed: absolution (Level 4)
2025-08-19 15:47:20,059 - WARNING - No definition found for 'angiitis', adding to review list
2025-08-19 15:47:22,033 - INFO - Processed: angiitis (Level 4)
2025-08-19 15:47:24,558 - INFO - Processed: fuselage (Level 4)
2025-08-19 15:47:27,250 - INFO - Processed: demure (Level 2)
2025-08-19 15:47:29,902 - INFO - Processed: kerchief (Level 4)
2025-08-19 15:47:31,245 - WARNING - No definition found for 'shui', adding to review list
2025-08-19 15:47:32,548 - INFO - Processed: shui (Level 1)
2025-08-19 15:47:34,978 - INFO - Processed: vague (Level 1)
2025-08-19 15:47:37,518 - INFO - Processed: bohemian (Level 2)
2025-08-19 15:47:40,134 - INFO - Processed: emblazoned (Level 4)
2025-08-19 15:47:42,684 - INFO - Processed: vicinity (Level 3)
2025-08-19 15:47:44,584 - WARNING - No definition found for 'wobbulatormahogany', adding to review list
2025-08-19 15:47:45,790 - INFO - Processed: wobbulatormahogany (Level 5)
2025-08-19 15:47:48,266 - INFO - Processed: became (Level 2)
2025-08-19 15:47:50,850 - INFO - Processed: pathogen (Level 4)
2025-08-19 15:47:53,938 - INFO - Processed: overweening (Level 4)
2025-08-19 15:47:56,478 - INFO - Processed: iatrogenic (Level 3)
2025-08-19 15:47:58,956 - INFO - Processed: aqueous (Level 2)
2025-08-19 15:48:01,428 - INFO - Processed: fireworks (Level 3)
2025-08-19 15:48:04,071 - INFO - Processed: build (Level 1)
2025-08-19 15:48:05,378 - WARNING - No definition found for 'catalina', adding to review list
2025-08-19 15:48:06,631 - INFO - Processed: catalina (Level 4)
2025-08-19 15:48:09,813 - INFO - Processed: pelerine (Level 3)
2025-08-19 15:48:12,368 - INFO - Processed: misconstrue (Level 3)
2025-08-19 15:48:14,938 - INFO - Processed: geniture (Level 4)
2025-08-19 15:48:17,415 - INFO - Processed: peel (Level 1)
2025-08-19 15:48:20,391 - INFO - Processed: boffin (Level 2)
2025-08-19 15:48:22,821 - INFO - Processed: tightly (Level 2)
2025-08-19 15:48:25,376 - INFO - Processed: scurrilous (Level 3)
2025-08-19 15:48:27,805 - INFO - Processed: ascension (Level 4)
2025-08-19 15:48:29,075 - WARNING - No definition found for 'dreikanter', adding to review list
2025-08-19 15:48:30,672 - INFO - Processed: dreikanter (Level 2)
2025-08-19 15:48:31,943 - WARNING - No definition found for 'aglossal', adding to review list
2025-08-19 15:48:36,143 - INFO - Processed: aglossal (Level 4)
2025-08-19 15:48:38,756 - INFO - Processed: colonel (Level 2)
2025-08-19 15:48:42,316 - INFO - Processed: abominable (Level 4)
2025-08-19 15:48:44,859 - INFO - Processed: lacrosse (Level 1)
2025-08-19 15:48:47,959 - INFO - Processed: extemporaneous (Level 5)
2025-08-19 15:48:51,186 - INFO - Processed: mangels (Level 2)
2025-08-19 15:48:53,648 - INFO - Processed: adorable (Level 3)
2025-08-19 15:48:56,147 - INFO - Processed: meringue (Level 4)
2025-08-19 15:48:58,660 - INFO - Processed: teenagers (Level 4)
2025-08-19 15:49:03,011 - INFO - Processed: stench (Level 1)
2025-08-19 15:49:05,666 - INFO - Processed: europium (Level 4)
2025-08-19 15:49:06,952 - WARNING - No definition found for 'ergatogyne', adding to review list
2025-08-19 15:49:08,177 - INFO - Processed: ergatogyne (Level 4)
2025-08-19 15:49:09,555 - WARNING - No definition found for 'yosenabe', adding to review list
2025-08-19 15:49:11,201 - INFO - Processed: yosenabe (Level 4)
2025-08-19 15:49:12,466 - WARNING - No definition found for 'colloqueonychorrhexis', adding to review list
2025-08-19 15:49:13,885 - INFO - Processed: colloqueonychorrhexis (Level 5)
2025-08-19 15:49:15,352 - WARNING - No definition found for 'garou', adding to review list
2025-08-19 15:49:17,722 - INFO - Processed: garou (Level 1)
2025-08-19 15:49:20,438 - INFO - Processed: obliterate (Level 4)
2025-08-19 15:49:23,061 - INFO - Processed: speck (Level 1)
2025-08-19 15:49:27,339 - INFO - Processed: superstar (Level 3)
2025-08-19 15:49:29,786 - INFO - Processed: bogus (Level 1)
2025-08-19 15:49:32,199 - INFO - Processed: content (Level 2)
2025-08-19 15:49:34,783 - INFO - Processed: calabash (Level 4)
2025-08-19 15:49:37,369 - INFO - Processed: hinoki (Level 2)
2025-08-19 15:49:39,876 - INFO - Processed: spiteful (Level 4)
2025-08-19 15:49:42,822 - INFO - Processed: immunization (Level 4)
2025-08-19 15:49:45,476 - INFO - Processed: wield (Level 1)
2025-08-19 15:49:48,058 - INFO - Processed: glisten (Level 2)
2025-08-19 15:49:49,296 - WARNING - No definition found for 'quinaryafroth', adding to review list
2025-08-19 15:49:50,515 - INFO - Processed: quinaryafroth (Level 3)
2025-08-19 15:49:53,497 - INFO - Processed: capillary (Level 3)
2025-08-19 15:49:55,971 - INFO - Processed: corpulent (Level 3)
2025-08-19 15:49:58,447 - INFO - Processed: resuscitate (Level 4)
2025-08-19 15:49:59,646 - WARNING - No definition found for 'philharmonicendorphin', adding to review list
2025-08-19 15:50:00,909 - INFO - Processed: philharmonicendorphin (Level 5)
2025-08-19 15:50:03,384 - INFO - Processed: sceptre (Level 2)
2025-08-19 15:50:05,909 - INFO - Processed: radius (Level 2)
2025-08-19 15:50:08,548 - INFO - Processed: anthropology (Level 4)
2025-08-19 15:50:10,216 - WARNING - No definition found for 'escalatorimpasto', adding to review list
2025-08-19 15:50:11,441 - INFO - Processed: escalatorimpasto (Level 5)
2025-08-19 15:50:13,291 - WARNING - No definition found for 'spellingpungent', adding to review list
2025-08-19 15:50:14,526 - INFO - Processed: spellingpungent (Level 5)
2025-08-19 15:50:16,969 - INFO - Processed: dystopia (Level 3)
2025-08-19 15:50:18,287 - WARNING - No definition found for 'alcarrazadifficulty', adding to review list
2025-08-19 15:50:19,635 - INFO - Processed: alcarrazadifficulty (Level 5)
2025-08-19 15:50:22,691 - INFO - Processed: parathas (Level 3)
2025-08-19 15:50:25,421 - INFO - Processed: freckle (Level 2)
2025-08-19 15:50:27,889 - INFO - Processed: umbrella (Level 2)
2025-08-19 15:50:30,246 - INFO - Processed: logical (Level 2)
2025-08-19 15:50:32,722 - INFO - Processed: conjugated (Level 4)
2025-08-19 15:50:35,432 - INFO - Processed: avuncular (Level 4)
2025-08-19 15:50:37,924 - INFO - Processed: pick (Level 1)
2025-08-19 15:50:40,419 - INFO - Processed: peekaboo (Level 1)
2025-08-19 15:50:41,731 - WARNING - No definition found for 'odlcceroi', adding to review list
2025-08-19 15:50:42,967 - INFO - Processed: odlcceroi (Level 3)
2025-08-19 15:50:45,637 - INFO - Processed: seller (Level 2)
2025-08-19 15:50:48,854 - INFO - Processed: bushel (Level 2)
2025-08-19 15:50:51,858 - INFO - Processed: calzone (Level 1)
2025-08-19 15:50:54,412 - INFO - Processed: chromosome (Level 2)
2025-08-19 15:50:55,729 - WARNING - No definition found for 'homester', adding to review list
2025-08-19 15:50:56,996 - INFO - Processed: homester (Level 4)
2025-08-19 15:50:59,620 - INFO - Processed: tertiary (Level 4)
2025-08-19 15:51:02,106 - INFO - Processed: brick (Level 1)
2025-08-19 15:51:04,473 - INFO - Processed: foozle (Level 2)
2025-08-19 15:51:07,546 - INFO - Processed: lobectomy (Level 4)
2025-08-19 15:51:10,085 - INFO - Processed: bonsai (Level 2)
2025-08-19 15:51:11,413 - WARNING - No definition found for 'tryptophanneophyte', adding to review list
2025-08-19 15:51:12,666 - INFO - Processed: tryptophanneophyte (Level 5)
2025-08-19 15:51:12,932 - INFO - Checkpoint saved: 4800 words
2025-08-19 15:51:12,932 - INFO - Checkpoint saved after batch 48
2025-08-19 15:51:12,932 - INFO - Processing batch 49 (4801-4900 of 10114)
2025-08-19 15:51:15,916 - INFO - Processed: etouffee (Level 2)
2025-08-19 15:51:18,452 - INFO - Processed: salsa (Level 1)
2025-08-19 15:51:21,586 - INFO - Processed: myoglobin (Level 4)
2025-08-19 15:51:24,125 - INFO - Processed: archaic (Level 2)
2025-08-19 15:51:26,647 - INFO - Processed: seethe (Level 2)
2025-08-19 15:51:29,828 - INFO - Processed: pugnacious (Level 3)
2025-08-19 15:51:31,693 - WARNING - No definition found for 'hipsterism', adding to review list
2025-08-19 15:51:32,977 - INFO - Processed: hipsterism (Level 4)
2025-08-19 15:51:35,391 - INFO - Processed: memes (Level 1)
2025-08-19 15:51:38,009 - INFO - Processed: tiki (Level 1)
2025-08-19 15:51:40,467 - INFO - Processed: oblast (Level 2)
2025-08-19 15:51:44,598 - INFO - Processed: olingo (Level 2)
2025-08-19 15:51:47,523 - INFO - Processed: armature (Level 4)
2025-08-19 15:51:50,011 - INFO - Processed: arms (Level 1)
2025-08-19 15:51:52,519 - INFO - Processed: crops (Level 1)
2025-08-19 15:51:55,165 - INFO - Processed: casserole (Level 4)
2025-08-19 15:51:57,789 - INFO - Processed: pleasant (Level 2)
2025-08-19 15:52:00,482 - INFO - Processed: different (Level 4)
2025-08-19 15:52:01,750 - WARNING - No definition found for 'zemi', adding to review list
2025-08-19 15:52:02,960 - INFO - Processed: zemi (Level 1)
2025-08-19 15:52:05,751 - INFO - Processed: garderobe (Level 3)
2025-08-19 15:52:07,016 - WARNING - No definition found for 'monday', adding to review list
2025-08-19 15:52:08,426 - INFO - Processed: monday (Level 1)
2025-08-19 15:52:11,592 - INFO - Processed: nautilus (Level 4)
2025-08-19 15:52:14,194 - INFO - Processed: bouffant (Level 4)
2025-08-19 15:52:16,864 - INFO - Processed: organist (Level 1)
2025-08-19 15:52:19,915 - INFO - Processed: kriegspiel (Level 3)
2025-08-19 15:52:21,932 - WARNING - No definition found for 'wordmonger', adding to review list
2025-08-19 15:52:23,330 - INFO - Processed: wordmonger (Level 4)
2025-08-19 15:52:24,762 - WARNING - No definition found for 'shamanverb', adding to review list
2025-08-19 15:52:25,995 - INFO - Processed: shamanverb (Level 3)
2025-08-19 15:52:27,249 - WARNING - No definition found for 'pythagorean', adding to review list
2025-08-19 15:52:28,424 - INFO - Processed: pythagorean (Level 4)
2025-08-19 15:52:30,949 - INFO - Processed: ology (Level 1)
2025-08-19 15:52:33,486 - INFO - Processed: recuperation (Level 4)
2025-08-19 15:52:36,682 - INFO - Processed: bough (Level 1)
2025-08-19 15:52:39,440 - INFO - Processed: astonishment (Level 4)
2025-08-19 15:52:41,978 - INFO - Processed: stygian (Level 2)
2025-08-19 15:52:43,233 - WARNING - No definition found for 'logothete', adding to review list
2025-08-19 15:52:44,438 - INFO - Processed: logothete (Level 4)
2025-08-19 15:52:47,025 - INFO - Processed: tilapia (Level 2)
2025-08-19 15:52:50,600 - INFO - Processed: bindi (Level 1)
2025-08-19 15:52:53,065 - INFO - Processed: opera (Level 1)
2025-08-19 15:52:55,536 - INFO - Processed: find (Level 1)
2025-08-19 15:52:59,083 - INFO - Processed: hydraulics (Level 4)
2025-08-19 15:53:01,944 - INFO - Processed: hutia (Level 1)
2025-08-19 15:53:05,470 - INFO - Processed: teriyaki (Level 4)
2025-08-19 15:53:08,001 - INFO - Processed: farfetched (Level 2)
2025-08-19 15:53:10,412 - INFO - Processed: elderly (Level 2)
2025-08-19 15:53:12,852 - INFO - Processed: training (Level 3)
2025-08-19 15:53:15,434 - INFO - Processed: agility (Level 2)
2025-08-19 15:53:19,170 - INFO - Processed: ripe (Level 1)
2025-08-19 15:53:21,753 - INFO - Processed: blarney (Level 2)
2025-08-19 15:53:24,198 - INFO - Processed: hula (Level 1)
2025-08-19 15:53:26,643 - INFO - Processed: given (Level 1)
2025-08-19 15:53:29,088 - INFO - Processed: starvation (Level 1)
2025-08-19 15:53:32,292 - INFO - Processed: multiplication (Level 5)
2025-08-19 15:53:34,806 - INFO - Processed: impromptu (Level 4)
2025-08-19 15:53:37,393 - INFO - Processed: hauteur (Level 2)
2025-08-19 15:53:38,678 - WARNING - No definition found for 'soleil', adding to review list
2025-08-19 15:53:39,986 - INFO - Processed: soleil (Level 2)
2025-08-19 15:53:41,294 - WARNING - No definition found for 'debitum', adding to review list
2025-08-19 15:53:42,768 - INFO - Processed: debitum (Level 2)
2025-08-19 15:53:46,106 - INFO - Processed: calypso (Level 2)
2025-08-19 15:53:47,532 - WARNING - No definition found for 'purificationplantain', adding to review list
2025-08-19 15:53:48,819 - INFO - Processed: purificationplantain (Level 5)
2025-08-19 15:53:51,352 - INFO - Processed: sunflower (Level 4)
2025-08-19 15:53:54,148 - INFO - Processed: transparencies (Level 5)
2025-08-19 15:53:56,772 - INFO - Processed: multivalent (Level 3)
2025-08-19 15:53:59,365 - INFO - Processed: lava (Level 1)
2025-08-19 15:54:01,918 - INFO - Processed: gentian (Level 1)
2025-08-19 15:54:04,505 - INFO - Processed: physical (Level 4)
2025-08-19 15:54:06,338 - WARNING - No definition found for 'ethyleneflaneur', adding to review list
2025-08-19 15:54:07,561 - INFO - Processed: ethyleneflaneur (Level 5)
2025-08-19 15:54:09,301 - WARNING - No definition found for 'thoughtsverb', adding to review list
2025-08-19 15:54:10,563 - INFO - Processed: thoughtsverb (Level 4)
2025-08-19 15:54:13,076 - INFO - Processed: athenaeum (Level 3)
2025-08-19 15:54:15,539 - INFO - Processed: onshore (Level 1)
2025-08-19 15:54:17,966 - INFO - Processed: assiduous (Level 4)
2025-08-19 15:54:20,426 - INFO - Processed: aerobics (Level 3)
2025-08-19 15:54:23,126 - INFO - Processed: instrument (Level 4)
2025-08-19 15:54:24,377 - WARNING - No definition found for 'skerricksmriti', adding to review list
2025-08-19 15:54:25,602 - INFO - Processed: skerricksmriti (Level 5)
2025-08-19 15:54:28,584 - INFO - Processed: bier (Level 1)
2025-08-19 15:54:31,085 - INFO - Processed: live (Level 1)
2025-08-19 15:54:33,684 - INFO - Processed: taurine (Level 2)
2025-08-19 15:54:36,571 - INFO - Processed: gondolas (Level 4)
2025-08-19 15:54:39,023 - INFO - Processed: tissue (Level 2)
2025-08-19 15:54:41,976 - INFO - Processed: many (Level 1)
2025-08-19 15:54:44,657 - INFO - Processed: discovering (Level 4)
2025-08-19 15:54:47,150 - INFO - Processed: ribbon (Level 1)
2025-08-19 15:54:49,654 - INFO - Processed: helmet (Level 2)
2025-08-19 15:54:51,000 - WARNING - No definition found for 'vivre', adding to review list
2025-08-19 15:54:52,427 - INFO - Processed: vivre (Level 1)
2025-08-19 15:54:55,306 - INFO - Processed: steroid (Level 2)
2025-08-19 15:54:57,724 - INFO - Processed: manticore (Level 2)
2025-08-19 15:55:00,203 - INFO - Processed: playwright (Level 1)
2025-08-19 15:55:01,554 - WARNING - No definition found for 'moira', adding to review list
2025-08-19 15:55:02,817 - INFO - Processed: moira (Level 1)
2025-08-19 15:55:04,102 - WARNING - No definition found for 'peplus', adding to review list
2025-08-19 15:55:05,465 - INFO - Processed: peplus (Level 2)
2025-08-19 15:55:07,489 - WARNING - No definition found for 'princeps', adding to review list
2025-08-19 15:55:08,867 - INFO - Processed: princeps (Level 4)
2025-08-19 15:55:11,732 - INFO - Processed: arcade (Level 1)
2025-08-19 15:55:12,959 - WARNING - No definition found for 'nuce', adding to review list
2025-08-19 15:55:14,196 - INFO - Processed: nuce (Level 1)
2025-08-19 15:55:16,703 - INFO - Processed: thoroughbred (Level 4)
2025-08-19 15:55:19,164 - INFO - Processed: tupelo (Level 2)
2025-08-19 15:55:20,527 - WARNING - No definition found for 'ramadhanthe', adding to review list
2025-08-19 15:55:21,751 - INFO - Processed: ramadhanthe (Level 4)
2025-08-19 15:55:23,112 - WARNING - No definition found for 'glaucomatous', adding to review list
2025-08-19 15:55:24,710 - INFO - Processed: glaucomatous (Level 3)
2025-08-19 15:55:27,132 - INFO - Processed: intransigent (Level 3)
2025-08-19 15:55:28,581 - WARNING - No definition found for 'meningitismephitic', adding to review list
2025-08-19 15:55:29,835 - INFO - Processed: meningitismephitic (Level 5)
2025-08-19 15:55:32,249 - INFO - Processed: cataclysmic (Level 4)
2025-08-19 15:55:34,758 - INFO - Processed: rowan (Level 1)
2025-08-19 15:55:37,311 - INFO - Processed: series (Level 2)
2025-08-19 15:55:39,870 - INFO - Processed: putrescent (Level 2)
2025-08-19 15:55:42,374 - INFO - Processed: terai (Level 1)
2025-08-19 15:55:44,923 - INFO - Processed: arrearage (Level 4)
2025-08-19 15:55:45,207 - INFO - Checkpoint saved: 4900 words
2025-08-19 15:55:45,207 - INFO - Checkpoint saved after batch 49
2025-08-19 15:55:45,207 - INFO - Processing batch 50 (4901-5000 of 10114)
2025-08-19 15:55:47,653 - INFO - Processed: pretend (Level 2)
2025-08-19 15:55:50,051 - INFO - Processed: calendar (Level 4)
2025-08-19 15:55:52,544 - INFO - Processed: indubitable (Level 2)
2025-08-19 15:55:55,131 - INFO - Processed: predator (Level 4)
2025-08-19 15:55:56,382 - WARNING - No definition found for 'madagascar', adding to review list
2025-08-19 15:55:57,607 - INFO - Processed: madagascar (Level 4)
2025-08-19 15:55:59,204 - WARNING - No definition found for 'scornfully', adding to review list
2025-08-19 15:56:00,426 - INFO - Processed: scornfully (Level 4)
2025-08-19 15:56:03,074 - INFO - Processed: looks (Level 1)
2025-08-19 15:56:04,382 - WARNING - No definition found for 'july', adding to review list
2025-08-19 15:56:05,644 - INFO - Processed: july (Level 1)
2025-08-19 15:56:06,961 - WARNING - No definition found for 'parmentier', adding to review list
2025-08-19 15:56:08,198 - INFO - Processed: parmentier (Level 4)
2025-08-19 15:56:10,643 - INFO - Processed: digression (Level 4)
2025-08-19 15:56:13,136 - INFO - Processed: twain (Level 1)
2025-08-19 15:56:15,581 - INFO - Processed: everything (Level 4)
2025-08-19 15:56:18,104 - INFO - Processed: unscathed (Level 3)
2025-08-19 15:56:20,548 - INFO - Processed: bilbo (Level 1)
2025-08-19 15:56:21,770 - WARNING - No definition found for 'sententiouscardiopathy', adding to review list
2025-08-19 15:56:23,008 - INFO - Processed: sententiouscardiopathy (Level 5)
2025-08-19 15:56:25,468 - INFO - Processed: placate (Level 2)
2025-08-19 15:56:29,670 - INFO - Processed: eluate (Level 2)
2025-08-19 15:56:30,970 - WARNING - No definition found for 'topologically', adding to review list
2025-08-19 15:56:32,208 - INFO - Processed: topologically (Level 3)
2025-08-19 15:56:35,260 - INFO - Processed: polemic (Level 2)
2025-08-19 15:56:38,023 - INFO - Processed: surreptitious (Level 4)
2025-08-19 15:56:40,673 - INFO - Processed: near (Level 1)
2025-08-19 15:56:42,001 - WARNING - No definition found for 'hostilehowler', adding to review list
2025-08-19 15:56:43,210 - INFO - Processed: hostilehowler (Level 4)
2025-08-19 15:56:45,718 - INFO - Processed: realpolitik (Level 4)
2025-08-19 15:56:48,301 - INFO - Processed: john (Level 1)
2025-08-19 15:56:50,700 - INFO - Processed: brother (Level 2)
2025-08-19 15:56:52,017 - WARNING - No definition found for 'solipsist', adding to review list
2025-08-19 15:56:53,209 - INFO - Processed: solipsist (Level 2)
2025-08-19 15:56:55,651 - INFO - Processed: son (Level 1)
2025-08-19 15:56:56,937 - WARNING - No definition found for 'subaqueousrecusancy', adding to review list
2025-08-19 15:56:58,153 - INFO - Processed: subaqueousrecusancy (Level 5)
2025-08-19 15:56:59,322 - WARNING - No definition found for 'blessingspeacock', adding to review list
2025-08-19 15:57:00,556 - INFO - Processed: blessingspeacock (Level 5)
2025-08-19 15:57:02,970 - INFO - Processed: mixture (Level 2)
2025-08-19 15:57:04,193 - WARNING - No definition found for 'scenographer', adding to review list
2025-08-19 15:57:05,868 - INFO - Processed: scenographer (Level 4)
2025-08-19 15:57:08,311 - INFO - Processed: flask (Level 1)
2025-08-19 15:57:10,744 - INFO - Processed: vermicelli (Level 3)
2025-08-19 15:57:13,235 - INFO - Processed: vituperative (Level 4)
2025-08-19 15:57:15,682 - INFO - Processed: conch (Level 1)
2025-08-19 15:57:18,688 - INFO - Processed: trendy (Level 2)
2025-08-19 15:57:21,651 - INFO - Processed: tantrum (Level 2)
2025-08-19 15:57:24,049 - INFO - Processed: inclusion (Level 4)
2025-08-19 15:57:25,476 - WARNING - No definition found for 'quito', adding to review list
2025-08-19 15:57:26,713 - INFO - Processed: quito (Level 1)
2025-08-19 15:57:29,266 - INFO - Processed: lallygag (Level 4)
2025-08-19 15:57:31,401 - WARNING - No definition found for 'mugwumpdollars', adding to review list
2025-08-19 15:57:32,716 - INFO - Processed: mugwumpdollars (Level 5)
2025-08-19 15:57:34,565 - WARNING - No definition found for 'mythicaln', adding to review list
2025-08-19 15:57:35,786 - INFO - Processed: mythicaln (Level 4)
2025-08-19 15:57:38,309 - INFO - Processed: sound (Level 1)
2025-08-19 15:57:39,618 - WARNING - No definition found for 'propreamphistylar', adding to review list
2025-08-19 15:57:40,834 - INFO - Processed: propreamphistylar (Level 5)
2025-08-19 15:57:43,318 - INFO - Processed: mars (Level 1)
2025-08-19 15:57:46,881 - INFO - Processed: intensify (Level 3)
2025-08-19 15:57:49,925 - INFO - Processed: creosote (Level 4)
2025-08-19 15:57:51,209 - WARNING - No definition found for 'laff', adding to review list
2025-08-19 15:57:52,409 - INFO - Processed: laff (Level 1)
2025-08-19 15:57:55,457 - INFO - Processed: parsimony (Level 4)
2025-08-19 15:57:56,861 - WARNING - No definition found for 'esau', adding to review list
2025-08-19 15:57:58,103 - INFO - Processed: esau (Level 1)
2025-08-19 15:58:01,142 - INFO - Processed: scrape (Level 2)
2025-08-19 15:58:03,826 - INFO - Processed: nitid (Level 1)
2025-08-19 15:58:05,202 - WARNING - No definition found for 'bethesda', adding to review list
2025-08-19 15:58:06,645 - INFO - Processed: bethesda (Level 4)
2025-08-19 15:58:09,464 - INFO - Processed: sylph (Level 1)
2025-08-19 15:58:11,922 - INFO - Processed: demeanor (Level 2)
2025-08-19 15:58:14,353 - INFO - Processed: cynicism (Level 4)
2025-08-19 15:58:16,782 - INFO - Processed: approaches (Level 4)
2025-08-19 15:58:19,215 - INFO - Processed: direct (Level 2)
2025-08-19 15:58:21,737 - INFO - Processed: cladding (Level 2)
2025-08-19 15:58:24,196 - INFO - Processed: limpid (Level 2)
2025-08-19 15:58:26,730 - INFO - Processed: zeppelin (Level 4)
2025-08-19 15:58:29,290 - INFO - Processed: chef (Level 1)
2025-08-19 15:58:31,750 - INFO - Processed: paragon (Level 1)
2025-08-19 15:58:34,319 - INFO - Processed: farina (Level 2)
2025-08-19 15:58:36,091 - WARNING - No definition found for 'rescuedifficulty', adding to review list
2025-08-19 15:58:37,377 - INFO - Processed: rescuedifficulty (Level 5)
2025-08-19 15:58:40,300 - INFO - Processed: lines (Level 1)
2025-08-19 15:58:42,738 - INFO - Processed: condign (Level 2)
2025-08-19 15:58:45,729 - INFO - Processed: ineptitude (Level 4)
2025-08-19 15:58:48,202 - INFO - Processed: epoch (Level 1)
2025-08-19 15:58:49,408 - WARNING - No definition found for 'nile', adding to review list
2025-08-19 15:58:50,885 - INFO - Processed: nile (Level 1)
2025-08-19 15:58:53,630 - INFO - Processed: wool (Level 1)
2025-08-19 15:58:56,158 - INFO - Processed: halcyon (Level 2)
2025-08-19 15:58:59,080 - INFO - Processed: plaiting (Level 1)
2025-08-19 15:59:01,715 - INFO - Processed: suffer (Level 2)
2025-08-19 15:59:05,083 - INFO - Processed: wisdom (Level 2)
2025-08-19 15:59:08,029 - INFO - Processed: tokonoma (Level 3)
2025-08-19 15:59:10,584 - INFO - Processed: endocrine (Level 2)
2025-08-19 15:59:11,915 - WARNING - No definition found for 'krausen', adding to review list
2025-08-19 15:59:13,154 - INFO - Processed: krausen (Level 2)
2025-08-19 15:59:15,588 - INFO - Processed: terrify (Level 2)
2025-08-19 15:59:18,906 - INFO - Processed: authenticate (Level 3)
2025-08-19 15:59:21,694 - INFO - Processed: spirit (Level 1)
2025-08-19 15:59:24,624 - INFO - Processed: elocution (Level 4)
2025-08-19 15:59:27,319 - INFO - Processed: peach (Level 1)
2025-08-19 15:59:30,032 - INFO - Processed: mechanics (Level 2)
2025-08-19 15:59:33,762 - INFO - Processed: exogenous (Level 4)
2025-08-19 15:59:36,410 - INFO - Processed: necromancer (Level 3)
2025-08-19 15:59:38,932 - INFO - Processed: atresia (Level 2)
2025-08-19 15:59:41,508 - INFO - Processed: froufrou (Level 4)
2025-08-19 15:59:44,214 - INFO - Processed: priority (Level 1)
2025-08-19 15:59:45,484 - WARNING - No definition found for 'escheator', adding to review list
2025-08-19 15:59:46,720 - INFO - Processed: escheator (Level 4)
2025-08-19 15:59:47,960 - WARNING - No definition found for 'lives', adding to review list
2025-08-19 15:59:49,183 - INFO - Processed: lives (Level 1)
2025-08-19 15:59:51,879 - INFO - Processed: leaves (Level 2)
2025-08-19 15:59:54,386 - INFO - Processed: escarpment (Level 4)
2025-08-19 15:59:55,679 - WARNING - No definition found for 'stradivarius', adding to review list
2025-08-19 15:59:56,938 - INFO - Processed: stradivarius (Level 3)
2025-08-19 15:59:59,463 - INFO - Processed: canaille (Level 4)
2025-08-19 16:00:02,516 - INFO - Processed: plumeria (Level 4)
2025-08-19 16:00:04,919 - INFO - Processed: tired (Level 1)
2025-08-19 16:00:07,364 - INFO - Processed: eats (Level 1)
2025-08-19 16:00:10,001 - INFO - Processed: persiflage (Level 3)
2025-08-19 16:00:11,259 - WARNING - No definition found for 'sponsalia', adding to review list
2025-08-19 16:00:13,337 - INFO - Processed: sponsalia (Level 4)
2025-08-19 16:00:13,610 - INFO - Checkpoint saved: 5000 words
2025-08-19 16:00:13,610 - INFO - Checkpoint saved after batch 50
2025-08-19 16:00:13,610 - INFO - Processing batch 51 (5001-5100 of 10114)
2025-08-19 16:00:14,888 - WARNING - No definition found for 'hercules', adding to review list
2025-08-19 16:00:16,095 - INFO - Processed: hercules (Level 4)
2025-08-19 16:00:17,777 - WARNING - No definition found for 'landlinesparrow', adding to review list
2025-08-19 16:00:19,009 - INFO - Processed: landlinesparrow (Level 5)
2025-08-19 16:00:20,287 - WARNING - No definition found for 'tillamook', adding to review list
2025-08-19 16:00:21,473 - INFO - Processed: tillamook (Level 4)
2025-08-19 16:00:25,337 - INFO - Processed: sous (Level 1)
2025-08-19 16:00:27,755 - INFO - Processed: responsible (Level 4)
2025-08-19 16:00:30,251 - INFO - Processed: haberdasher (Level 4)
2025-08-19 16:00:31,549 - WARNING - No definition found for 'chaperonage', adding to review list
2025-08-19 16:00:33,090 - INFO - Processed: chaperonage (Level 4)
2025-08-19 16:00:36,356 - INFO - Processed: outlets (Level 2)
2025-08-19 16:00:37,578 - WARNING - No definition found for 'isn', adding to review list
2025-08-19 16:00:38,804 - INFO - Processed: isn (Level 1)
2025-08-19 16:00:41,260 - INFO - Processed: calico (Level 2)
2025-08-19 16:00:43,771 - INFO - Processed: chiefly (Level 2)
2025-08-19 16:00:46,229 - INFO - Processed: anemic (Level 2)
2025-08-19 16:00:48,637 - INFO - Processed: occur (Level 1)
2025-08-19 16:00:49,853 - WARNING - No definition found for 'scrooge', adding to review list
2025-08-19 16:00:51,078 - INFO - Processed: scrooge (Level 2)
2025-08-19 16:00:54,000 - INFO - Processed: consisting (Level 4)
2025-08-19 16:00:56,492 - INFO - Processed: armies (Level 2)
2025-08-19 16:00:57,782 - WARNING - No definition found for 'munich', adding to review list
2025-08-19 16:00:59,032 - INFO - Processed: munich (Level 2)
2025-08-19 16:01:02,066 - INFO - Processed: coulibiac (Level 4)
2025-08-19 16:01:04,893 - INFO - Processed: radiation (Level 2)
2025-08-19 16:01:07,784 - INFO - Processed: principality (Level 4)
2025-08-19 16:01:10,316 - INFO - Processed: bonspiel (Level 2)
2025-08-19 16:01:11,662 - WARNING - No definition found for 'piatti', adding to review list
2025-08-19 16:01:12,957 - INFO - Processed: piatti (Level 2)
2025-08-19 16:01:15,487 - INFO - Processed: showed (Level 2)
2025-08-19 16:01:17,252 - WARNING - No definition found for 'lumenluthier', adding to review list
2025-08-19 16:01:18,530 - INFO - Processed: lumenluthier (Level 4)
2025-08-19 16:01:19,906 - WARNING - No definition found for 'bienvenue', adding to review list
2025-08-19 16:01:21,138 - INFO - Processed: bienvenue (Level 2)
2025-08-19 16:01:22,419 - WARNING - No definition found for 'windbaggery', adding to review list
2025-08-19 16:01:23,669 - INFO - Processed: windbaggery (Level 4)
2025-08-19 16:01:26,169 - INFO - Processed: pearlescent (Level 3)
2025-08-19 16:01:27,449 - WARNING - No definition found for 'lutrine', adding to review list
2025-08-19 16:01:28,673 - INFO - Processed: lutrine (Level 2)
2025-08-19 16:01:33,753 - INFO - Processed: continental (Level 2)
2025-08-19 16:01:36,647 - INFO - Processed: features (Level 3)
2025-08-19 16:01:39,137 - INFO - Processed: lumen (Level 1)
2025-08-19 16:01:40,393 - WARNING - No definition found for 'faipule', adding to review list
2025-08-19 16:01:41,938 - INFO - Processed: faipule (Level 2)
2025-08-19 16:01:45,326 - INFO - Processed: thousand (Level 3)
2025-08-19 16:01:48,181 - INFO - Processed: locker (Level 2)
2025-08-19 16:01:49,763 - WARNING - No definition found for 'hierurgical', adding to review list
2025-08-19 16:01:51,235 - INFO - Processed: hierurgical (Level 4)
2025-08-19 16:01:54,449 - INFO - Processed: discountenance (Level 5)
2025-08-19 16:01:57,346 - INFO - Processed: forms (Level 1)
2025-08-19 16:01:59,697 - WARNING - No definition found for 'bibliopegist', adding to review list
2025-08-19 16:02:01,269 - INFO - Processed: bibliopegist (Level 4)
2025-08-19 16:02:03,780 - INFO - Processed: meitnerium (Level 3)
2025-08-19 16:02:06,186 - INFO - Processed: destination (Level 3)
2025-08-19 16:02:07,425 - WARNING - No definition found for 'lunulaem', adding to review list
2025-08-19 16:02:08,608 - INFO - Processed: lunulaem (Level 3)
2025-08-19 16:02:10,102 - WARNING - No definition found for 'panagia', adding to review list
2025-08-19 16:02:11,749 - INFO - Processed: panagia (Level 2)
2025-08-19 16:02:14,537 - INFO - Processed: stupefy (Level 2)
2025-08-19 16:02:16,983 - INFO - Processed: efficient (Level 3)
2025-08-19 16:02:19,475 - INFO - Processed: respond (Level 2)
2025-08-19 16:02:22,044 - INFO - Processed: vociferous (Level 4)
2025-08-19 16:02:30,021 - INFO - Processed: engrossed (Level 2)
2025-08-19 16:02:32,609 - INFO - Processed: curio (Level 1)
2025-08-19 16:02:35,163 - INFO - Processed: night (Level 1)
2025-08-19 16:02:36,405 - WARNING - No definition found for 'vilipend', adding to review list
2025-08-19 16:02:37,689 - INFO - Processed: vilipend (Level 4)
2025-08-19 16:02:40,931 - INFO - Processed: hircine (Level 1)
2025-08-19 16:02:42,277 - WARNING - No definition found for 'vicenary', adding to review list
2025-08-19 16:02:44,126 - INFO - Processed: vicenary (Level 4)
2025-08-19 16:02:45,459 - WARNING - No definition found for 'jimberjawed', adding to review list
2025-08-19 16:02:46,680 - INFO - Processed: jimberjawed (Level 4)
2025-08-19 16:02:47,998 - WARNING - No definition found for 'warison', adding to review list
2025-08-19 16:02:49,234 - INFO - Processed: warison (Level 1)
2025-08-19 16:02:50,518 - WARNING - No definition found for 'prophetically', adding to review list
2025-08-19 16:02:52,072 - INFO - Processed: prophetically (Level 4)
2025-08-19 16:02:53,389 - WARNING - No definition found for 'wamble', adding to review list
2025-08-19 16:02:54,612 - INFO - Processed: wamble (Level 2)
2025-08-19 16:02:57,547 - INFO - Processed: mister (Level 2)
2025-08-19 16:02:58,802 - WARNING - No definition found for 'galahadgalatea', adding to review list
2025-08-19 16:03:00,024 - INFO - Processed: galahadgalatea (Level 5)
2025-08-19 16:03:02,965 - INFO - Processed: ibuprofen (Level 4)
2025-08-19 16:03:04,234 - WARNING - No definition found for 'huipil', adding to review list
2025-08-19 16:03:06,368 - INFO - Processed: huipil (Level 2)
2025-08-19 16:03:09,004 - INFO - Processed: fens (Level 1)
2025-08-19 16:03:11,619 - INFO - Processed: modem (Level 1)
2025-08-19 16:03:14,186 - INFO - Processed: bulgur (Level 2)
2025-08-19 16:03:16,683 - INFO - Processed: colour (Level 2)
2025-08-19 16:03:19,198 - INFO - Processed: disparate (Level 4)
2025-08-19 16:03:21,097 - WARNING - No definition found for 'wiesbadenmontmorency', adding to review list
2025-08-19 16:03:22,438 - INFO - Processed: wiesbadenmontmorency (Level 5)
2025-08-19 16:03:25,879 - INFO - Processed: mortal (Level 2)
2025-08-19 16:03:27,177 - WARNING - No definition found for 'terpsichore', adding to review list
2025-08-19 16:03:28,400 - INFO - Processed: terpsichore (Level 2)
2025-08-19 16:03:29,655 - WARNING - No definition found for 'india', adding to review list
2025-08-19 16:03:30,847 - INFO - Processed: india (Level 1)
2025-08-19 16:03:34,505 - INFO - Processed: autophagy (Level 2)
2025-08-19 16:03:38,154 - INFO - Processed: floruit (Level 2)
2025-08-19 16:03:40,577 - INFO - Processed: broil (Level 1)
2025-08-19 16:03:43,472 - INFO - Processed: contagion (Level 3)
2025-08-19 16:03:46,035 - INFO - Processed: panjandrum (Level 4)
2025-08-19 16:03:49,302 - INFO - Processed: cascabel (Level 4)
2025-08-19 16:03:51,821 - INFO - Processed: cross (Level 1)
2025-08-19 16:03:55,610 - INFO - Processed: proprietary (Level 4)
2025-08-19 16:03:59,340 - INFO - Processed: smite (Level 1)
2025-08-19 16:04:01,891 - INFO - Processed: condition (Level 2)
2025-08-19 16:04:04,269 - INFO - Processed: juxtapose (Level 4)
2025-08-19 16:04:06,726 - INFO - Processed: blemish (Level 2)
2025-08-19 16:04:09,084 - INFO - Processed: vacuum (Level 1)
2025-08-19 16:04:10,819 - WARNING - No definition found for 'rambunctiousingenuous', adding to review list
2025-08-19 16:04:12,018 - INFO - Processed: rambunctiousingenuous (Level 5)
2025-08-19 16:04:15,182 - INFO - Processed: abated (Level 1)
2025-08-19 16:04:17,714 - INFO - Processed: visibility (Level 4)
2025-08-19 16:04:18,948 - WARNING - No definition found for 'pharaohopponency', adding to review list
2025-08-19 16:04:20,183 - INFO - Processed: pharaohopponency (Level 5)
2025-08-19 16:04:22,744 - INFO - Processed: nobody (Level 2)
2025-08-19 16:04:25,126 - INFO - Processed: precious (Level 3)
2025-08-19 16:04:31,305 - INFO - Processed: chalice (Level 2)
2025-08-19 16:04:33,709 - INFO - Processed: however (Level 2)
2025-08-19 16:04:34,924 - WARNING - No definition found for 'deficienciesincarnated', adding to review list
2025-08-19 16:04:36,142 - INFO - Processed: deficienciesincarnated (Level 5)
2025-08-19 16:04:38,807 - INFO - Processed: sofa (Level 1)
2025-08-19 16:04:41,747 - INFO - Processed: villa (Level 1)
2025-08-19 16:04:45,473 - INFO - Processed: coronation (Level 2)
2025-08-19 16:04:48,223 - INFO - Processed: carte (Level 1)
2025-08-19 16:04:50,994 - INFO - Processed: violating (Level 4)
2025-08-19 16:04:53,542 - INFO - Processed: connect (Level 2)
2025-08-19 16:04:57,770 - INFO - Processed: cello (Level 1)
2025-08-19 16:04:58,932 - WARNING - No definition found for 'gung', adding to review list
2025-08-19 16:05:00,203 - INFO - Processed: gung (Level 1)
2025-08-19 16:05:02,448 - WARNING - No definition found for 'reseau', adding to review list
2025-08-19 16:05:03,701 - INFO - Processed: reseau (Level 2)
2025-08-19 16:05:04,132 - INFO - Checkpoint saved: 5100 words
2025-08-19 16:05:04,136 - INFO - Checkpoint saved after batch 51
2025-08-19 16:05:04,136 - INFO - Processing batch 52 (5101-5200 of 10114)
2025-08-19 16:05:06,723 - INFO - Processed: eaten (Level 1)
2025-08-19 16:05:09,397 - INFO - Processed: endorphin (Level 1)
2025-08-19 16:05:10,667 - WARNING - No definition found for 'unfurldifficulty', adding to review list
2025-08-19 16:05:11,912 - INFO - Processed: unfurldifficulty (Level 5)
2025-08-19 16:05:13,182 - WARNING - No definition found for 'corda', adding to review list
2025-08-19 16:05:16,567 - INFO - Processed: corda (Level 1)
2025-08-19 16:05:19,648 - INFO - Processed: ships (Level 1)
2025-08-19 16:05:20,968 - WARNING - No definition found for 'connivery', adding to review list
2025-08-19 16:05:22,559 - INFO - Processed: connivery (Level 4)
2025-08-19 16:05:23,844 - WARNING - No definition found for 'frutticantor', adding to review list
2025-08-19 16:05:25,106 - INFO - Processed: frutticantor (Level 4)
2025-08-19 16:05:26,703 - WARNING - No definition found for 'univocalavarice', adding to review list
2025-08-19 16:05:27,937 - INFO - Processed: univocalavarice (Level 5)
2025-08-19 16:05:30,887 - INFO - Processed: release (Level 2)
2025-08-19 16:05:33,616 - INFO - Processed: swim (Level 1)
2025-08-19 16:05:35,500 - WARNING - No definition found for 'burelage', adding to review list
2025-08-19 16:05:36,714 - INFO - Processed: burelage (Level 4)
2025-08-19 16:05:38,013 - WARNING - No definition found for 'subliminalsubluxated', adding to review list
2025-08-19 16:05:39,229 - INFO - Processed: subliminalsubluxated (Level 5)
2025-08-19 16:05:42,493 - INFO - Processed: intersecting (Level 4)
2025-08-19 16:05:45,142 - INFO - Processed: container (Level 3)
2025-08-19 16:05:48,424 - INFO - Processed: ragamuffin (Level 1)
2025-08-19 16:05:49,745 - WARNING - No definition found for 'gaspesian', adding to review list
2025-08-19 16:05:50,923 - INFO - Processed: gaspesian (Level 4)
2025-08-19 16:05:52,228 - WARNING - No definition found for 'impromptuincinerate', adding to review list
2025-08-19 16:05:53,469 - INFO - Processed: impromptuincinerate (Level 5)
2025-08-19 16:05:55,919 - INFO - Processed: sweltering (Level 4)
2025-08-19 16:05:58,443 - INFO - Processed: miscellaneous (Level 4)
2025-08-19 16:06:00,894 - INFO - Processed: trencher (Level 1)
2025-08-19 16:06:03,410 - INFO - Processed: skin (Level 1)
2025-08-19 16:06:04,748 - WARNING - No definition found for 'jactance', adding to review list
2025-08-19 16:06:06,013 - INFO - Processed: jactance (Level 4)
2025-08-19 16:06:08,594 - INFO - Processed: thalassic (Level 4)
2025-08-19 16:06:11,673 - INFO - Processed: airedale (Level 2)
2025-08-19 16:06:12,891 - WARNING - No definition found for 'intonaco', adding to review list
2025-08-19 16:06:15,594 - INFO - Processed: intonaco (Level 2)
2025-08-19 16:06:18,449 - WARNING - No definition found for 'arrieros', adding to review list
2025-08-19 16:06:19,704 - INFO - Processed: arrieros (Level 4)
2025-08-19 16:06:22,234 - INFO - Processed: interferon (Level 3)
2025-08-19 16:06:24,801 - INFO - Processed: scattering (Level 1)
2025-08-19 16:06:27,504 - INFO - Processed: changing (Level 4)
2025-08-19 16:06:32,738 - INFO - Processed: office (Level 2)
2025-08-19 16:06:35,743 - INFO - Processed: spindle (Level 2)
2025-08-19 16:06:39,214 - INFO - Processed: peculate (Level 4)
2025-08-19 16:06:42,321 - INFO - Processed: toreador (Level 3)
2025-08-19 16:06:45,456 - INFO - Processed: loving (Level 2)
2025-08-19 16:06:47,228 - WARNING - No definition found for 'heavenlyheiress', adding to review list
2025-08-19 16:06:48,432 - INFO - Processed: heavenlyheiress (Level 5)
2025-08-19 16:06:51,524 - INFO - Processed: mercury (Level 2)
2025-08-19 16:06:54,234 - INFO - Processed: apple (Level 1)
2025-08-19 16:06:58,747 - INFO - Processed: swifty (Level 2)
2025-08-19 16:07:00,097 - WARNING - No definition found for 'louisville', adding to review list
2025-08-19 16:07:01,329 - INFO - Processed: louisville (Level 4)
2025-08-19 16:07:03,729 - INFO - Processed: grins (Level 1)
2025-08-19 16:07:05,077 - WARNING - No definition found for 'logographicarmistice', adding to review list
2025-08-19 16:07:06,308 - INFO - Processed: logographicarmistice (Level 5)
2025-08-19 16:07:08,116 - WARNING - No definition found for 'trompe', adding to review list
2025-08-19 16:07:10,228 - INFO - Processed: trompe (Level 2)
2025-08-19 16:07:13,921 - INFO - Processed: caramel (Level 2)
2025-08-19 16:07:16,568 - INFO - Processed: antonyms (Level 3)
2025-08-19 16:07:19,122 - INFO - Processed: intertwine (Level 3)
2025-08-19 16:07:20,368 - WARNING - No definition found for 'downcastjubilant', adding to review list
2025-08-19 16:07:21,592 - INFO - Processed: downcastjubilant (Level 5)
2025-08-19 16:07:24,574 - INFO - Processed: parturient (Level 4)
2025-08-19 16:07:26,963 - INFO - Processed: eliminate (Level 4)
2025-08-19 16:07:29,477 - INFO - Processed: raindrop (Level 4)
2025-08-19 16:07:31,876 - INFO - Processed: nearby (Level 2)
2025-08-19 16:07:34,363 - INFO - Processed: stunts (Level 1)
2025-08-19 16:07:37,593 - INFO - Processed: petroglyphs (Level 3)
2025-08-19 16:07:40,172 - INFO - Processed: eddy (Level 1)
2025-08-19 16:07:41,871 - WARNING - No definition found for 'encarnadinedulcinea', adding to review list
2025-08-19 16:07:43,204 - INFO - Processed: encarnadinedulcinea (Level 5)
2025-08-19 16:07:45,807 - INFO - Processed: dinosaur (Level 1)
2025-08-19 16:07:47,130 - WARNING - No definition found for 'grouth', adding to review list
2025-08-19 16:07:48,401 - INFO - Processed: grouth (Level 2)
2025-08-19 16:07:50,918 - INFO - Processed: that (Level 1)
2025-08-19 16:07:53,996 - INFO - Processed: loquacious (Level 2)
2025-08-19 16:07:57,011 - INFO - Processed: progression (Level 4)
2025-08-19 16:07:59,712 - INFO - Processed: adverb (Level 2)
2025-08-19 16:08:02,169 - INFO - Processed: hair (Level 1)
2025-08-19 16:08:05,458 - INFO - Processed: measly (Level 2)
2025-08-19 16:08:11,147 - INFO - Processed: declaration (Level 4)
2025-08-19 16:08:12,504 - WARNING - No definition found for 'benedictinearcane', adding to review list
2025-08-19 16:08:13,735 - INFO - Processed: benedictinearcane (Level 5)
2025-08-19 16:08:16,324 - INFO - Processed: lumbar (Level 2)
2025-08-19 16:08:21,082 - INFO - Processed: widget (Level 1)
2025-08-19 16:08:24,415 - INFO - Processed: emulsify (Level 4)
2025-08-19 16:08:27,827 - INFO - Processed: afrobeat (Level 3)
2025-08-19 16:08:29,129 - WARNING - No definition found for 'saccharum', adding to review list
2025-08-19 16:08:30,358 - INFO - Processed: saccharum (Level 4)
2025-08-19 16:08:31,638 - WARNING - No definition found for 'olympics', adding to review list
2025-08-19 16:08:32,922 - INFO - Processed: olympics (Level 4)
2025-08-19 16:08:36,631 - INFO - Processed: recently (Level 4)
2025-08-19 16:08:39,243 - INFO - Processed: pink (Level 1)
2025-08-19 16:08:40,452 - WARNING - No definition found for 'spellinggibbous', adding to review list
2025-08-19 16:08:41,685 - INFO - Processed: spellinggibbous (Level 5)
2025-08-19 16:08:44,864 - INFO - Processed: bubonic (Level 2)
2025-08-19 16:08:47,827 - INFO - Processed: goatee (Level 2)
2025-08-19 16:08:50,900 - INFO - Processed: eligibility (Level 4)
2025-08-19 16:08:53,404 - INFO - Processed: eleemosynary (Level 4)
2025-08-19 16:08:55,786 - INFO - Processed: flustered (Level 1)
2025-08-19 16:08:58,172 - INFO - Processed: computer (Level 4)
2025-08-19 16:09:01,058 - INFO - Processed: abject (Level 2)
2025-08-19 16:09:03,844 - INFO - Processed: fallow (Level 2)
2025-08-19 16:09:06,738 - INFO - Processed: cumbersome (Level 4)
2025-08-19 16:09:09,478 - INFO - Processed: chives (Level 2)
2025-08-19 16:09:12,299 - INFO - Processed: designed (Level 4)
2025-08-19 16:09:14,726 - INFO - Processed: orange (Level 2)
2025-08-19 16:09:16,479 - WARNING - No definition found for 'iroquois', adding to review list
2025-08-19 16:09:17,732 - INFO - Processed: iroquois (Level 4)
2025-08-19 16:09:20,219 - INFO - Processed: theca (Level 1)
2025-08-19 16:09:22,718 - INFO - Processed: advantage (Level 4)
2025-08-19 16:09:26,158 - INFO - Processed: luau (Level 1)
2025-08-19 16:09:28,938 - INFO - Processed: merino (Level 2)
2025-08-19 16:09:30,696 - WARNING - No definition found for 'wigan', adding to review list
2025-08-19 16:09:31,902 - INFO - Processed: wigan (Level 1)
2025-08-19 16:09:34,789 - INFO - Processed: toilsome (Level 4)
2025-08-19 16:09:36,073 - WARNING - No definition found for 'goji', adding to review list
2025-08-19 16:09:37,870 - INFO - Processed: goji (Level 1)
2025-08-19 16:09:40,227 - INFO - Processed: indicate (Level 4)
2025-08-19 16:09:42,768 - INFO - Processed: tilleul (Level 2)
2025-08-19 16:09:44,167 - WARNING - No definition found for 'tamworth', adding to review list
2025-08-19 16:09:45,894 - INFO - Processed: tamworth (Level 4)
2025-08-19 16:09:49,107 - INFO - Processed: holes (Level 1)
2025-08-19 16:09:51,925 - INFO - Processed: turbinado (Level 4)
2025-08-19 16:09:53,207 - WARNING - No definition found for 'griffonage', adding to review list
2025-08-19 16:09:54,423 - INFO - Processed: griffonage (Level 2)
2025-08-19 16:09:56,930 - INFO - Processed: aes (Level 1)
2025-08-19 16:09:57,371 - INFO - Checkpoint saved: 5200 words
2025-08-19 16:09:57,371 - INFO - Checkpoint saved after batch 52
2025-08-19 16:09:57,371 - INFO - Processing batch 53 (5201-5300 of 10114)
2025-08-19 16:09:58,686 - WARNING - No definition found for 'aquiclude', adding to review list
2025-08-19 16:10:00,767 - INFO - Processed: aquiclude (Level 4)
2025-08-19 16:10:04,062 - WARNING - No definition found for 'andeanscrawled', adding to review list
2025-08-19 16:10:05,266 - INFO - Processed: andeanscrawled (Level 5)
2025-08-19 16:10:06,479 - WARNING - No definition found for 'azotea', adding to review list
2025-08-19 16:10:07,703 - INFO - Processed: azotea (Level 2)
2025-08-19 16:10:10,311 - INFO - Processed: intellectual (Level 4)
2025-08-19 16:10:13,375 - INFO - Processed: lexicon (Level 2)
2025-08-19 16:10:15,461 - WARNING - No definition found for 'pejerrey', adding to review list
2025-08-19 16:10:17,042 - INFO - Processed: pejerrey (Level 2)
2025-08-19 16:10:19,492 - INFO - Processed: ordinary (Level 3)
2025-08-19 16:10:21,895 - INFO - Processed: furthermore (Level 3)
2025-08-19 16:10:25,303 - INFO - Processed: delicate (Level 3)
2025-08-19 16:10:27,255 - WARNING - No definition found for 'spellinghexagonal', adding to review list
2025-08-19 16:10:28,635 - INFO - Processed: spellinghexagonal (Level 5)
2025-08-19 16:10:30,219 - WARNING - No definition found for 'palookapannose', adding to review list
2025-08-19 16:10:31,451 - INFO - Processed: palookapannose (Level 5)
2025-08-19 16:10:34,413 - INFO - Processed: variegated (Level 4)
2025-08-19 16:10:36,081 - WARNING - No definition found for 'alma', adding to review list
2025-08-19 16:10:37,367 - INFO - Processed: alma (Level 1)
2025-08-19 16:10:38,596 - WARNING - No definition found for 'aethaliumaffiche', adding to review list
2025-08-19 16:10:39,795 - INFO - Processed: aethaliumaffiche (Level 5)
2025-08-19 16:10:41,467 - WARNING - No definition found for 'nyctinasty', adding to review list
2025-08-19 16:10:42,661 - INFO - Processed: nyctinasty (Level 4)
2025-08-19 16:10:45,626 - INFO - Processed: parallel (Level 4)
2025-08-19 16:10:48,040 - INFO - Processed: bowie (Level 1)
2025-08-19 16:10:51,404 - INFO - Processed: salubrious (Level 3)
2025-08-19 16:10:54,052 - INFO - Processed: cemetery (Level 2)
2025-08-19 16:10:56,382 - INFO - Processed: serum (Level 1)
2025-08-19 16:10:59,044 - INFO - Processed: priest (Level 2)
2025-08-19 16:11:02,023 - INFO - Processed: marcel (Level 2)
2025-08-19 16:11:06,422 - INFO - Processed: shambles (Level 2)
2025-08-19 16:11:09,059 - INFO - Processed: depreciate (Level 4)
2025-08-19 16:11:12,040 - INFO - Processed: imagery (Level 2)
2025-08-19 16:11:15,040 - INFO - Processed: vaseline (Level 3)
2025-08-19 16:11:17,596 - INFO - Processed: prefix (Level 2)
2025-08-19 16:11:20,041 - INFO - Processed: triumph (Level 2)
2025-08-19 16:11:21,795 - WARNING - No definition found for 'achilles', adding to review list
2025-08-19 16:11:23,026 - INFO - Processed: achilles (Level 4)
2025-08-19 16:11:25,799 - INFO - Processed: damp (Level 1)
2025-08-19 16:11:27,032 - WARNING - No definition found for 'chaucerian', adding to review list
2025-08-19 16:11:28,232 - INFO - Processed: chaucerian (Level 2)
2025-08-19 16:11:29,966 - WARNING - No definition found for 'tarleton', adding to review list
2025-08-19 16:11:31,153 - INFO - Processed: tarleton (Level 4)
2025-08-19 16:11:33,846 - INFO - Processed: exposure (Level 1)
2025-08-19 16:11:36,209 - INFO - Processed: affable (Level 2)
2025-08-19 16:11:37,450 - WARNING - No definition found for 'heinousness', adding to review list
2025-08-19 16:11:38,729 - INFO - Processed: heinousness (Level 4)
2025-08-19 16:11:42,037 - INFO - Processed: dribbles (Level 4)
2025-08-19 16:11:48,402 - INFO - Processed: mixed (Level 1)
2025-08-19 16:11:51,105 - INFO - Processed: nom (Level 1)
2025-08-19 16:11:52,868 - WARNING - No definition found for 'thermohaline', adding to review list
2025-08-19 16:11:54,095 - INFO - Processed: thermohaline (Level 2)
2025-08-19 16:11:56,931 - INFO - Processed: carrot (Level 2)
2025-08-19 16:12:01,371 - INFO - Processed: stratocracy (Level 4)
2025-08-19 16:12:04,455 - INFO - Processed: assumption (Level 4)
2025-08-19 16:12:06,974 - INFO - Processed: thing (Level 1)
2025-08-19 16:12:09,632 - INFO - Processed: champion (Level 4)
2025-08-19 16:12:12,253 - INFO - Processed: jabberwocky (Level 3)
2025-08-19 16:12:14,814 - INFO - Processed: contraption (Level 3)
2025-08-19 16:12:16,463 - WARNING - No definition found for 'tamid', adding to review list
2025-08-19 16:12:17,976 - INFO - Processed: tamid (Level 1)
2025-08-19 16:12:21,616 - INFO - Processed: rubato (Level 2)
2025-08-19 16:12:23,386 - WARNING - No definition found for 'nubilous', adding to review list
2025-08-19 16:12:24,921 - INFO - Processed: nubilous (Level 3)
2025-08-19 16:12:27,836 - INFO - Processed: verbatim (Level 2)
2025-08-19 16:12:30,562 - INFO - Processed: detention (Level 2)
2025-08-19 16:12:33,080 - INFO - Processed: cookie (Level 2)
2025-08-19 16:12:36,183 - INFO - Processed: beagle (Level 2)
2025-08-19 16:12:38,775 - INFO - Processed: sanitation (Level 4)
2025-08-19 16:12:42,055 - INFO - Processed: andouille (Level 4)
2025-08-19 16:12:45,330 - INFO - Processed: metronome (Level 3)
2025-08-19 16:12:46,604 - WARNING - No definition found for 'tosteson', adding to review list
2025-08-19 16:12:47,834 - INFO - Processed: tosteson (Level 4)
2025-08-19 16:12:49,129 - WARNING - No definition found for 'feintedhumus', adding to review list
2025-08-19 16:12:50,366 - INFO - Processed: feintedhumus (Level 3)
2025-08-19 16:12:53,397 - INFO - Processed: vermicide (Level 4)
2025-08-19 16:12:56,772 - INFO - Processed: zowie (Level 1)
2025-08-19 16:12:59,493 - INFO - Processed: reveille (Level 4)
2025-08-19 16:13:00,816 - WARNING - No definition found for 'jingoismjitney', adding to review list
2025-08-19 16:13:02,109 - INFO - Processed: jingoismjitney (Level 5)
2025-08-19 16:13:05,000 - INFO - Processed: communities (Level 4)
2025-08-19 16:13:08,118 - INFO - Processed: enrolled (Level 4)
2025-08-19 16:13:09,351 - WARNING - No definition found for 'your', adding to review list
2025-08-19 16:13:10,703 - INFO - Processed: your (Level 1)
2025-08-19 16:13:11,955 - WARNING - No definition found for 'romainemigraine', adding to review list
2025-08-19 16:13:14,919 - INFO - Processed: romainemigraine (Level 5)
2025-08-19 16:13:17,950 - INFO - Processed: colocate (Level 4)
2025-08-19 16:13:21,267 - INFO - Processed: zeitgeist (Level 4)
2025-08-19 16:13:24,520 - INFO - Processed: extrapolate (Level 4)
2025-08-19 16:13:28,396 - INFO - Processed: des (Level 1)
2025-08-19 16:13:31,851 - INFO - Processed: acrimony (Level 1)
2025-08-19 16:13:35,100 - INFO - Processed: placed (Level 2)
2025-08-19 16:13:37,879 - INFO - Processed: jaw (Level 1)
2025-08-19 16:13:42,882 - INFO - Processed: planetarium (Level 4)
2025-08-19 16:13:47,212 - INFO - Processed: yardang (Level 2)
2025-08-19 16:13:50,451 - INFO - Processed: wand (Level 1)
2025-08-19 16:13:51,743 - WARNING - No definition found for 'netflix', adding to review list
2025-08-19 16:13:53,008 - INFO - Processed: netflix (Level 2)
2025-08-19 16:13:55,579 - INFO - Processed: chimera (Level 2)
2025-08-19 16:13:58,103 - INFO - Processed: shelf (Level 1)
2025-08-19 16:14:00,764 - INFO - Processed: mollify (Level 2)
2025-08-19 16:14:03,394 - INFO - Processed: igneous (Level 2)
2025-08-19 16:14:06,532 - INFO - Processed: oxon (Level 1)
2025-08-19 16:14:09,721 - INFO - Processed: derrick (Level 2)
2025-08-19 16:14:12,856 - INFO - Processed: divided (Level 2)
2025-08-19 16:14:16,040 - INFO - Processed: repository (Level 4)
2025-08-19 16:14:19,158 - INFO - Processed: scrounge (Level 4)
2025-08-19 16:14:22,173 - INFO - Processed: wriggle (Level 2)
2025-08-19 16:14:25,205 - INFO - Processed: skiing (Level 2)
2025-08-19 16:14:28,125 - INFO - Processed: eczema (Level 2)
2025-08-19 16:14:29,462 - WARNING - No definition found for 'grecque', adding to review list
2025-08-19 16:14:30,769 - INFO - Processed: grecque (Level 2)
2025-08-19 16:14:33,855 - INFO - Processed: vengeance (Level 4)
2025-08-19 16:14:36,934 - INFO - Processed: flexitarian (Level 4)
2025-08-19 16:14:38,365 - WARNING - No definition found for 'orsay', adding to review list
2025-08-19 16:14:39,617 - INFO - Processed: orsay (Level 1)
2025-08-19 16:14:42,541 - INFO - Processed: nitrogen (Level 3)
2025-08-19 16:14:44,125 - WARNING - No definition found for 'gyascutus', adding to review list
2025-08-19 16:14:45,778 - INFO - Processed: gyascutus (Level 3)
2025-08-19 16:14:49,089 - INFO - Processed: romaine (Level 2)
2025-08-19 16:14:50,447 - WARNING - No definition found for 'crith', adding to review list
2025-08-19 16:14:51,717 - INFO - Processed: crith (Level 1)
2025-08-19 16:14:54,471 - INFO - Processed: boycott (Level 1)
2025-08-19 16:14:58,257 - INFO - Processed: luciferin (Level 3)
2025-08-19 16:15:00,993 - INFO - Processed: animals (Level 2)
2025-08-19 16:15:01,307 - INFO - Checkpoint saved: 5300 words
2025-08-19 16:15:01,312 - INFO - Checkpoint saved after batch 53
2025-08-19 16:15:01,312 - INFO - Processing batch 54 (5301-5400 of 10114)
2025-08-19 16:15:02,981 - WARNING - No definition found for 'immie', adding to review list
2025-08-19 16:15:04,212 - INFO - Processed: immie (Level 1)
2025-08-19 16:15:07,225 - INFO - Processed: carnival (Level 4)
2025-08-19 16:15:09,962 - INFO - Processed: tufts (Level 1)
2025-08-19 16:15:12,428 - INFO - Processed: ebullience (Level 4)
2025-08-19 16:15:13,779 - WARNING - No definition found for 'hepatectomy', adding to review list
2025-08-19 16:15:15,616 - INFO - Processed: hepatectomy (Level 4)
2025-08-19 16:15:18,726 - INFO - Processed: little (Level 2)
2025-08-19 16:15:21,703 - INFO - Processed: necks (Level 1)
2025-08-19 16:15:24,969 - INFO - Processed: spry (Level 1)
2025-08-19 16:15:27,903 - INFO - Processed: fearsome (Level 1)
2025-08-19 16:15:30,845 - INFO - Processed: redolent (Level 4)
2025-08-19 16:15:32,542 - WARNING - No definition found for 'sanskrit', adding to review list
2025-08-19 16:15:33,775 - INFO - Processed: sanskrit (Level 4)
2025-08-19 16:15:35,616 - WARNING - No definition found for 'niveaurouille', adding to review list
2025-08-19 16:15:36,829 - INFO - Processed: niveaurouille (Level 3)
2025-08-19 16:15:38,246 - WARNING - No definition found for 'reigndifficulty', adding to review list
2025-08-19 16:15:39,530 - INFO - Processed: reigndifficulty (Level 5)
2025-08-19 16:15:41,963 - INFO - Processed: pernicious (Level 4)
2025-08-19 16:15:44,324 - INFO - Processed: weakness (Level 1)
2025-08-19 16:15:46,853 - INFO - Processed: comestibles (Level 3)
2025-08-19 16:15:49,791 - INFO - Processed: rope (Level 1)
2025-08-19 16:15:52,845 - INFO - Processed: divot (Level 1)
2025-08-19 16:15:55,883 - INFO - Processed: anchorage (Level 4)
2025-08-19 16:15:58,919 - INFO - Processed: nonsense (Level 4)
2025-08-19 16:16:01,359 - INFO - Processed: shoe (Level 1)
2025-08-19 16:16:04,076 - INFO - Processed: fervently (Level 4)
2025-08-19 16:16:06,995 - INFO - Processed: orchestra (Level 4)
2025-08-19 16:16:09,412 - INFO - Processed: armaments (Level 4)
2025-08-19 16:16:13,271 - INFO - Processed: frittata (Level 4)
2025-08-19 16:16:17,436 - INFO - Processed: urgency (Level 2)
2025-08-19 16:16:20,462 - INFO - Processed: patronise (Level 3)
2025-08-19 16:16:23,080 - INFO - Processed: razz (Level 1)
2025-08-19 16:16:28,629 - INFO - Processed: contact (Level 2)
2025-08-19 16:16:31,638 - INFO - Processed: spiral (Level 2)
2025-08-19 16:16:35,192 - INFO - Processed: bureau (Level 2)
2025-08-19 16:16:37,592 - INFO - Processed: clock (Level 1)
2025-08-19 16:16:40,584 - INFO - Processed: intertidal (Level 4)
2025-08-19 16:16:43,405 - INFO - Processed: slurry (Level 2)
2025-08-19 16:16:47,055 - INFO - Processed: mien (Level 1)
2025-08-19 16:16:48,392 - WARNING - No definition found for 'haupiakeplerian', adding to review list
2025-08-19 16:16:49,612 - INFO - Processed: haupiakeplerian (Level 5)
2025-08-19 16:16:52,128 - INFO - Processed: songbird (Level 3)
2025-08-19 16:16:54,550 - INFO - Processed: resemble (Level 4)
2025-08-19 16:16:57,578 - INFO - Processed: amounts (Level 2)
2025-08-19 16:17:00,975 - INFO - Processed: attrition (Level 4)
2025-08-19 16:17:03,825 - INFO - Processed: calisthenics (Level 4)
2025-08-19 16:17:06,315 - INFO - Processed: hawk (Level 1)
2025-08-19 16:17:08,716 - INFO - Processed: facetious (Level 4)
2025-08-19 16:17:11,361 - INFO - Processed: cling (Level 1)
2025-08-19 16:17:15,660 - INFO - Processed: entry (Level 1)
2025-08-19 16:17:18,684 - INFO - Processed: important (Level 3)
2025-08-19 16:17:19,949 - WARNING - No definition found for 'european', adding to review list
2025-08-19 16:17:21,156 - INFO - Processed: european (Level 4)
2025-08-19 16:17:23,985 - INFO - Processed: qualitative (Level 2)
2025-08-19 16:17:26,521 - INFO - Processed: raisin (Level 2)
2025-08-19 16:17:29,959 - INFO - Processed: roseola (Level 2)
2025-08-19 16:17:31,789 - WARNING - No definition found for 'gimbaled', adding to review list
2025-08-19 16:17:33,388 - INFO - Processed: gimbaled (Level 3)
2025-08-19 16:17:35,766 - INFO - Processed: highway (Level 2)
2025-08-19 16:17:38,786 - INFO - Processed: pans (Level 1)
2025-08-19 16:17:42,392 - INFO - Processed: applause (Level 4)
2025-08-19 16:17:44,913 - INFO - Processed: sirenian (Level 4)
2025-08-19 16:17:47,493 - INFO - Processed: building (Level 3)
2025-08-19 16:17:50,948 - INFO - Processed: baggy (Level 1)
2025-08-19 16:17:53,861 - INFO - Processed: appositive (Level 2)
2025-08-19 16:17:56,272 - INFO - Processed: blast (Level 1)
2025-08-19 16:17:58,919 - INFO - Processed: retribution (Level 4)
2025-08-19 16:18:01,940 - INFO - Processed: marginalia (Level 4)
2025-08-19 16:18:05,201 - INFO - Processed: behemoth (Level 2)
2025-08-19 16:18:08,015 - INFO - Processed: pond (Level 1)
2025-08-19 16:18:09,690 - WARNING - No definition found for 'kilnwebisode', adding to review list
2025-08-19 16:18:10,905 - INFO - Processed: kilnwebisode (Level 3)
2025-08-19 16:18:12,662 - WARNING - No definition found for 'judaism', adding to review list
2025-08-19 16:18:13,907 - INFO - Processed: judaism (Level 2)
2025-08-19 16:18:17,703 - INFO - Processed: amigo (Level 1)
2025-08-19 16:18:21,411 - INFO - Processed: hospitality (Level 2)
2025-08-19 16:18:23,966 - INFO - Processed: teleology (Level 2)
2025-08-19 16:18:25,358 - WARNING - No definition found for 'nasdaq', adding to review list
2025-08-19 16:18:26,555 - INFO - Processed: nasdaq (Level 2)
2025-08-19 16:18:29,362 - INFO - Processed: languorous (Level 3)
2025-08-19 16:18:32,787 - INFO - Processed: megalomaniac (Level 4)
2025-08-19 16:18:35,834 - INFO - Processed: keeping (Level 2)
2025-08-19 16:18:38,215 - INFO - Processed: technician (Level 3)
2025-08-19 16:18:40,846 - INFO - Processed: words (Level 1)
2025-08-19 16:18:42,603 - WARNING - No definition found for 'valourous', adding to review list
2025-08-19 16:18:44,183 - INFO - Processed: valourous (Level 3)
2025-08-19 16:18:48,123 - WARNING - No definition found for 'thursday', adding to review list
2025-08-19 16:18:49,335 - INFO - Processed: thursday (Level 3)
2025-08-19 16:18:51,765 - INFO - Processed: paisley (Level 2)
2025-08-19 16:18:54,171 - INFO - Processed: capacity (Level 4)
2025-08-19 16:18:57,151 - INFO - Processed: bibimbap (Level 4)
2025-08-19 16:19:00,837 - INFO - Processed: pathos (Level 2)
2025-08-19 16:19:04,121 - INFO - Processed: motley (Level 2)
2025-08-19 16:19:06,660 - INFO - Processed: petechia (Level 4)
2025-08-19 16:19:09,767 - INFO - Processed: limousine (Level 3)
2025-08-19 16:19:11,531 - WARNING - No definition found for 'lapidarycachexia', adding to review list
2025-08-19 16:19:12,767 - INFO - Processed: lapidarycachexia (Level 5)
2025-08-19 16:19:15,251 - INFO - Processed: regional (Level 4)
2025-08-19 16:19:18,161 - INFO - Processed: heartthrob (Level 2)
2025-08-19 16:19:21,230 - INFO - Processed: enamel (Level 2)
2025-08-19 16:19:22,980 - WARNING - No definition found for 'celeryidiosyncratic', adding to review list
2025-08-19 16:19:24,258 - INFO - Processed: celeryidiosyncratic (Level 5)
2025-08-19 16:19:27,513 - INFO - Processed: jurisdiction (Level 2)
2025-08-19 16:19:28,827 - WARNING - No definition found for 'voltammetry', adding to review list
2025-08-19 16:19:30,394 - INFO - Processed: voltammetry (Level 2)
2025-08-19 16:19:31,661 - WARNING - No definition found for 'italicization', adding to review list
2025-08-19 16:19:32,868 - INFO - Processed: italicization (Level 3)
2025-08-19 16:19:35,366 - INFO - Processed: abscond (Level 2)
2025-08-19 16:19:37,300 - WARNING - No definition found for 'dowdycorkscrew', adding to review list
2025-08-19 16:19:38,714 - INFO - Processed: dowdycorkscrew (Level 5)
2025-08-19 16:19:42,348 - INFO - Processed: sousaphone (Level 3)
2025-08-19 16:19:45,432 - INFO - Processed: tenaciously (Level 4)
2025-08-19 16:19:47,319 - WARNING - No definition found for 'vexillologist', adding to review list
2025-08-19 16:19:48,992 - INFO - Processed: vexillologist (Level 4)
2025-08-19 16:19:52,073 - INFO - Processed: widely (Level 2)
2025-08-19 16:19:55,014 - INFO - Processed: fortissimo (Level 4)
2025-08-19 16:19:57,836 - INFO - Processed: increase (Level 2)
2025-08-19 16:20:00,299 - INFO - Processed: nostalgia (Level 2)
2025-08-19 16:20:00,652 - INFO - Checkpoint saved: 5400 words
2025-08-19 16:20:00,654 - INFO - Checkpoint saved after batch 54
2025-08-19 16:20:00,654 - INFO - Processing batch 55 (5401-5500 of 10114)
2025-08-19 16:20:03,355 - INFO - Processed: flea (Level 1)
2025-08-19 16:20:05,832 - INFO - Processed: diathermy (Level 4)
2025-08-19 16:20:07,392 - WARNING - No definition found for 'hordeolum', adding to review list
2025-08-19 16:20:08,629 - INFO - Processed: hordeolum (Level 4)
2025-08-19 16:20:11,272 - INFO - Processed: says (Level 1)
2025-08-19 16:20:13,941 - INFO - Processed: deciduous (Level 4)
2025-08-19 16:20:15,670 - WARNING - No definition found for 'driveljettison', adding to review list
2025-08-19 16:20:16,908 - INFO - Processed: driveljettison (Level 5)
2025-08-19 16:20:20,159 - INFO - Processed: journey (Level 2)
2025-08-19 16:20:23,277 - INFO - Processed: rambunctious (Level 4)
2025-08-19 16:20:26,334 - INFO - Processed: telescope (Level 2)
2025-08-19 16:20:29,350 - INFO - Processed: osprey (Level 2)
2025-08-19 16:20:32,158 - INFO - Processed: wrapped (Level 2)
2025-08-19 16:20:35,474 - INFO - Processed: epitaphs (Level 2)
2025-08-19 16:20:38,479 - INFO - Processed: networks (Level 3)
2025-08-19 16:20:41,470 - INFO - Processed: circadian (Level 4)
2025-08-19 16:20:44,449 - INFO - Processed: bruschetta (Level 4)
2025-08-19 16:20:47,115 - INFO - Processed: fragment (Level 2)
2025-08-19 16:20:49,735 - INFO - Processed: mephitic (Level 3)
2025-08-19 16:20:52,678 - INFO - Processed: deign (Level 1)
2025-08-19 16:20:55,330 - INFO - Processed: prestidigitation (Level 5)
2025-08-19 16:20:56,724 - WARNING - No definition found for 'spellingingot', adding to review list
2025-08-19 16:20:57,924 - INFO - Processed: spellingingot (Level 3)
2025-08-19 16:21:02,379 - WARNING - No definition found for 'tichodromesapporo', adding to review list
2025-08-19 16:21:03,561 - INFO - Processed: tichodromesapporo (Level 5)
2025-08-19 16:21:06,509 - INFO - Processed: accuse (Level 2)
2025-08-19 16:21:08,228 - WARNING - No definition found for 'ardoiseorganized', adding to review list
2025-08-19 16:21:09,421 - INFO - Processed: ardoiseorganized (Level 5)
2025-08-19 16:21:13,102 - INFO - Processed: chances (Level 2)
2025-08-19 16:21:15,625 - INFO - Processed: diaphoresis (Level 2)
2025-08-19 16:21:18,250 - INFO - Processed: taillight (Level 2)
2025-08-19 16:21:21,197 - INFO - Processed: sneer (Level 1)
2025-08-19 16:21:23,533 - INFO - Processed: recipient (Level 3)
2025-08-19 16:21:26,316 - INFO - Processed: laceration (Level 3)
2025-08-19 16:21:28,926 - INFO - Processed: hooligan (Level 2)
2025-08-19 16:21:33,361 - INFO - Processed: feeble (Level 2)
2025-08-19 16:21:35,903 - INFO - Processed: overthrow (Level 4)
2025-08-19 16:21:38,993 - INFO - Processed: tercentenary (Level 4)
2025-08-19 16:21:41,787 - INFO - Processed: torrent (Level 2)
2025-08-19 16:21:43,914 - WARNING - No definition found for 'macao', adding to review list
2025-08-19 16:21:45,394 - INFO - Processed: macao (Level 1)
2025-08-19 16:21:47,776 - INFO - Processed: contested (Level 4)
2025-08-19 16:21:50,275 - INFO - Processed: jersey (Level 2)
2025-08-19 16:21:51,969 - WARNING - No definition found for 'resplendence', adding to review list
2025-08-19 16:21:53,237 - INFO - Processed: resplendence (Level 4)
2025-08-19 16:21:54,928 - WARNING - No definition found for 'amphistylar', adding to review list
2025-08-19 16:21:56,734 - INFO - Processed: amphistylar (Level 4)
2025-08-19 16:21:59,714 - INFO - Processed: sensei (Level 2)
2025-08-19 16:22:03,508 - INFO - Processed: pomposity (Level 4)
2025-08-19 16:22:06,226 - INFO - Processed: lexicographers (Level 5)
2025-08-19 16:22:07,459 - WARNING - No definition found for 'parsleydifficulty', adding to review list
2025-08-19 16:22:08,691 - INFO - Processed: parsleydifficulty (Level 5)
2025-08-19 16:22:11,200 - INFO - Processed: drag (Level 1)
2025-08-19 16:22:13,761 - INFO - Processed: purvey (Level 2)
2025-08-19 16:22:15,755 - WARNING - No definition found for 'rooseveltite', adding to review list
2025-08-19 16:22:17,539 - INFO - Processed: rooseveltite (Level 4)
2025-08-19 16:22:19,000 - WARNING - No definition found for 'prolusory', adding to review list
2025-08-19 16:22:20,577 - INFO - Processed: prolusory (Level 4)
2025-08-19 16:22:23,599 - INFO - Processed: equilibrium (Level 4)
2025-08-19 16:22:26,193 - INFO - Processed: asparagus (Level 1)
2025-08-19 16:22:28,969 - INFO - Processed: humane (Level 2)
2025-08-19 16:22:33,820 - INFO - Processed: murals (Level 2)
2025-08-19 16:22:35,059 - WARNING - No definition found for 'lierre', adding to review list
2025-08-19 16:22:36,253 - INFO - Processed: lierre (Level 2)
2025-08-19 16:22:38,711 - INFO - Processed: consists (Level 4)
2025-08-19 16:22:41,705 - INFO - Processed: bailiwick (Level 4)
2025-08-19 16:22:44,469 - INFO - Processed: stewardship (Level 4)
2025-08-19 16:22:46,905 - INFO - Processed: slather (Level 2)
2025-08-19 16:22:50,979 - INFO - Processed: flannel (Level 2)
2025-08-19 16:22:52,210 - WARNING - No definition found for 'japanese', adding to review list
2025-08-19 16:22:53,429 - INFO - Processed: japanese (Level 4)
2025-08-19 16:22:54,682 - WARNING - No definition found for 'promethean', adding to review list
2025-08-19 16:22:55,960 - INFO - Processed: promethean (Level 4)
2025-08-19 16:22:59,886 - INFO - Processed: inglorious (Level 4)
2025-08-19 16:23:02,693 - INFO - Processed: tumpline (Level 4)
2025-08-19 16:23:05,401 - INFO - Processed: means (Level 1)
2025-08-19 16:23:08,076 - INFO - Processed: memorial (Level 1)
2025-08-19 16:23:10,685 - INFO - Processed: knot (Level 1)
2025-08-19 16:23:13,672 - INFO - Processed: staggered (Level 1)
2025-08-19 16:23:16,316 - INFO - Processed: invertebrate (Level 4)
2025-08-19 16:23:18,785 - INFO - Processed: senator (Level 1)
2025-08-19 16:23:25,046 - INFO - Processed: optician (Level 4)
2025-08-19 16:23:28,091 - INFO - Processed: classified (Level 4)
2025-08-19 16:23:29,857 - WARNING - No definition found for 'singapore', adding to review list
2025-08-19 16:23:31,074 - INFO - Processed: singapore (Level 2)
2025-08-19 16:23:33,819 - INFO - Processed: descent (Level 2)
2025-08-19 16:23:36,964 - INFO - Processed: acharya (Level 2)
2025-08-19 16:23:40,270 - INFO - Processed: cantor (Level 2)
2025-08-19 16:23:42,918 - INFO - Processed: others (Level 2)
2025-08-19 16:23:44,263 - WARNING - No definition found for 'niveau', adding to review list
2025-08-19 16:23:45,501 - INFO - Processed: niveau (Level 2)
2025-08-19 16:23:46,807 - WARNING - No definition found for 'potwalloper', adding to review list
2025-08-19 16:23:48,526 - INFO - Processed: potwalloper (Level 3)
2025-08-19 16:23:51,220 - INFO - Processed: wok (Level 1)
2025-08-19 16:23:53,748 - INFO - Processed: vanquish (Level 4)
2025-08-19 16:23:56,237 - INFO - Processed: game (Level 1)
2025-08-19 16:23:58,626 - INFO - Processed: platitude (Level 3)
2025-08-19 16:24:01,669 - INFO - Processed: pavlova (Level 1)
2025-08-19 16:24:05,064 - INFO - Processed: listener (Level 3)
2025-08-19 16:24:08,044 - INFO - Processed: jammer (Level 2)
2025-08-19 16:24:10,447 - INFO - Processed: anomaly (Level 2)
2025-08-19 16:24:15,465 - INFO - Processed: augment (Level 2)
2025-08-19 16:24:19,208 - INFO - Processed: routine (Level 2)
2025-08-19 16:24:22,247 - INFO - Processed: pinpoint (Level 2)
2025-08-19 16:24:23,519 - WARNING - No definition found for 'mouthfilters', adding to review list
2025-08-19 16:24:24,753 - INFO - Processed: mouthfilters (Level 2)
2025-08-19 16:24:27,138 - INFO - Processed: insight (Level 2)
2025-08-19 16:24:29,715 - INFO - Processed: addition (Level 4)
2025-08-19 16:24:31,072 - WARNING - No definition found for 'jains', adding to review list
2025-08-19 16:24:32,535 - INFO - Processed: jains (Level 1)
2025-08-19 16:24:35,255 - INFO - Processed: mid (Level 1)
2025-08-19 16:24:36,922 - WARNING - No definition found for 'inu', adding to review list
2025-08-19 16:24:38,157 - INFO - Processed: inu (Level 1)
2025-08-19 16:24:40,607 - INFO - Processed: bebop (Level 1)
2025-08-19 16:24:43,563 - INFO - Processed: epistemology (Level 4)
2025-08-19 16:24:46,168 - INFO - Processed: terror (Level 2)
2025-08-19 16:24:47,910 - WARNING - No definition found for 'harlem', adding to review list
2025-08-19 16:24:49,183 - INFO - Processed: harlem (Level 1)
2025-08-19 16:24:51,843 - INFO - Processed: erase (Level 1)
2025-08-19 16:24:54,636 - INFO - Processed: commandeer (Level 4)
2025-08-19 16:24:57,673 - INFO - Processed: flattery (Level 3)
2025-08-19 16:24:57,956 - INFO - Checkpoint saved: 5500 words
2025-08-19 16:24:57,956 - INFO - Checkpoint saved after batch 55
2025-08-19 16:24:57,956 - INFO - Processing batch 56 (5501-5600 of 10114)
2025-08-19 16:25:00,999 - INFO - Processed: model (Level 1)
2025-08-19 16:25:05,756 - INFO - Processed: generalization (Level 5)
2025-08-19 16:25:08,611 - INFO - Processed: aphasia (Level 2)
2025-08-19 16:25:11,575 - INFO - Processed: lanceolate (Level 4)
2025-08-19 16:25:14,377 - INFO - Processed: hit (Level 1)
2025-08-19 16:25:17,161 - INFO - Processed: ornithology (Level 2)
2025-08-19 16:25:20,787 - INFO - Processed: comportment (Level 4)
2025-08-19 16:25:23,343 - INFO - Processed: prelapsarian (Level 4)
2025-08-19 16:25:25,173 - WARNING - No definition found for 'chastushka', adding to review list
2025-08-19 16:25:26,994 - INFO - Processed: chastushka (Level 4)
2025-08-19 16:25:29,927 - INFO - Processed: littoral (Level 1)
2025-08-19 16:25:31,247 - WARNING - No definition found for 'confabulation', adding to review list
2025-08-19 16:25:32,471 - INFO - Processed: confabulation (Level 4)
2025-08-19 16:25:33,725 - WARNING - No definition found for 'sudsy', adding to review list
2025-08-19 16:25:34,950 - INFO - Processed: sudsy (Level 1)
2025-08-19 16:25:37,592 - INFO - Processed: ombudsman (Level 3)
2025-08-19 16:25:42,321 - INFO - Processed: quatrains (Level 2)
2025-08-19 16:25:47,181 - INFO - Processed: midnight (Level 1)
2025-08-19 16:25:49,617 - INFO - Processed: torment (Level 2)
2025-08-19 16:25:51,082 - WARNING - No definition found for 'chicago', adding to review list
2025-08-19 16:25:52,323 - INFO - Processed: chicago (Level 2)
2025-08-19 16:25:55,342 - INFO - Processed: sackbuts (Level 3)
2025-08-19 16:25:58,957 - INFO - Processed: vases (Level 1)
2025-08-19 16:26:01,451 - INFO - Processed: inquisitor (Level 2)
2025-08-19 16:26:02,813 - WARNING - No definition found for 'kuiper', adding to review list
2025-08-19 16:26:04,041 - INFO - Processed: kuiper (Level 2)
2025-08-19 16:26:06,496 - INFO - Processed: reprisal (Level 4)
2025-08-19 16:26:09,428 - INFO - Processed: topazolite (Level 4)
2025-08-19 16:26:11,938 - INFO - Processed: refrigerant (Level 4)
2025-08-19 16:26:14,495 - INFO - Processed: pluck (Level 1)
2025-08-19 16:26:17,962 - INFO - Processed: equipment (Level 3)
2025-08-19 16:26:20,926 - INFO - Processed: brass (Level 1)
2025-08-19 16:26:22,189 - WARNING - No definition found for 'almuerzo', adding to review list
2025-08-19 16:26:23,424 - INFO - Processed: almuerzo (Level 4)
2025-08-19 16:26:25,916 - INFO - Processed: kookaburra (Level 3)
2025-08-19 16:26:28,946 - INFO - Processed: lambasted (Level 3)
2025-08-19 16:26:31,834 - INFO - Processed: sliced (Level 2)
2025-08-19 16:26:34,471 - INFO - Processed: accept (Level 2)
2025-08-19 16:26:37,270 - INFO - Processed: shop (Level 1)
2025-08-19 16:26:40,007 - INFO - Processed: consul (Level 2)
2025-08-19 16:26:43,022 - INFO - Processed: austere (Level 2)
2025-08-19 16:26:45,437 - INFO - Processed: lyricist (Level 4)
2025-08-19 16:26:47,239 - WARNING - No definition found for 'germanenoun', adding to review list
2025-08-19 16:26:48,585 - INFO - Processed: germanenoun (Level 4)
2025-08-19 16:26:51,322 - INFO - Processed: secrecy (Level 2)
2025-08-19 16:26:54,362 - INFO - Processed: euro (Level 1)
2025-08-19 16:26:57,140 - INFO - Processed: myself (Level 2)
2025-08-19 16:26:58,857 - WARNING - No definition found for 'samian', adding to review list
2025-08-19 16:27:00,410 - INFO - Processed: samian (Level 2)
2025-08-19 16:27:02,958 - INFO - Processed: pelican (Level 1)
2025-08-19 16:27:06,002 - INFO - Processed: collectanea (Level 4)
2025-08-19 16:27:09,009 - INFO - Processed: mistaken (Level 4)
2025-08-19 16:27:10,669 - WARNING - No definition found for 'janthina', adding to review list
2025-08-19 16:27:12,319 - INFO - Processed: janthina (Level 4)
2025-08-19 16:27:15,555 - INFO - Processed: slouch (Level 2)
2025-08-19 16:27:18,316 - INFO - Processed: contingent (Level 2)
2025-08-19 16:27:20,907 - INFO - Processed: savour (Level 2)
2025-08-19 16:27:22,162 - WARNING - No definition found for 'garnituretwilight', adding to review list
2025-08-19 16:27:23,635 - INFO - Processed: garnituretwilight (Level 5)
2025-08-19 16:27:29,161 - INFO - Processed: curtains (Level 2)
2025-08-19 16:27:31,657 - INFO - Processed: reckless (Level 4)
2025-08-19 16:27:33,391 - WARNING - No definition found for 'kathakalinoun', adding to review list
2025-08-19 16:27:34,599 - INFO - Processed: kathakalinoun (Level 4)
2025-08-19 16:27:35,837 - WARNING - No definition found for 'politickpollutant', adding to review list
2025-08-19 16:27:37,041 - INFO - Processed: politickpollutant (Level 5)
2025-08-19 16:27:40,268 - INFO - Processed: quadriceps (Level 4)
2025-08-19 16:27:43,223 - INFO - Processed: universal (Level 4)
2025-08-19 16:27:44,850 - WARNING - No definition found for 'langrage', adding to review list
2025-08-19 16:27:46,107 - INFO - Processed: langrage (Level 4)
2025-08-19 16:27:47,807 - WARNING - No definition found for 'solderinterim', adding to review list
2025-08-19 16:27:49,057 - INFO - Processed: solderinterim (Level 2)
2025-08-19 16:27:52,802 - INFO - Processed: atrium (Level 2)
2025-08-19 16:27:55,395 - INFO - Processed: intriguing (Level 1)
2025-08-19 16:27:58,163 - INFO - Processed: malnutrition (Level 4)
2025-08-19 16:28:01,461 - INFO - Processed: binturong (Level 3)
2025-08-19 16:28:04,188 - INFO - Processed: levitate (Level 4)
2025-08-19 16:28:08,388 - INFO - Processed: dinner (Level 2)
2025-08-19 16:28:11,453 - INFO - Processed: interloper (Level 2)
2025-08-19 16:28:13,898 - INFO - Processed: tonsillitis (Level 4)
2025-08-19 16:28:17,944 - INFO - Processed: palpebral (Level 4)
2025-08-19 16:28:21,293 - INFO - Processed: goggles (Level 2)
2025-08-19 16:28:23,024 - WARNING - No definition found for 'varicosedifficulty', adding to review list
2025-08-19 16:28:24,253 - INFO - Processed: varicosedifficulty (Level 5)
2025-08-19 16:28:25,506 - WARNING - No definition found for 'gajula', adding to review list
2025-08-19 16:28:26,742 - INFO - Processed: gajula (Level 2)
2025-08-19 16:28:27,967 - WARNING - No definition found for 'daguerreotypeyakitori', adding to review list
2025-08-19 16:28:29,190 - INFO - Processed: daguerreotypeyakitori (Level 5)
2025-08-19 16:28:32,403 - INFO - Processed: illative (Level 4)
2025-08-19 16:28:35,061 - INFO - Processed: boomslang (Level 4)
2025-08-19 16:28:37,593 - INFO - Processed: instantaneous (Level 4)
2025-08-19 16:28:40,060 - INFO - Processed: latency (Level 2)
2025-08-19 16:28:43,033 - INFO - Processed: mediaeval (Level 2)
2025-08-19 16:28:44,859 - WARNING - No definition found for 'anne', adding to review list
2025-08-19 16:28:47,132 - INFO - Processed: anne (Level 1)
2025-08-19 16:28:49,667 - INFO - Processed: field (Level 1)
2025-08-19 16:28:52,263 - INFO - Processed: postpone (Level 2)
2025-08-19 16:28:54,768 - INFO - Processed: silique (Level 2)
2025-08-19 16:28:57,389 - INFO - Processed: keenness (Level 3)
2025-08-19 16:29:00,696 - INFO - Processed: daredevil (Level 4)
2025-08-19 16:29:04,527 - INFO - Processed: maquette (Level 2)
2025-08-19 16:29:07,016 - INFO - Processed: pulverized (Level 2)
2025-08-19 16:29:09,549 - INFO - Processed: sedum (Level 1)
2025-08-19 16:29:13,792 - INFO - Processed: apprehensive (Level 4)
2025-08-19 16:29:16,470 - INFO - Processed: ingredients (Level 4)
2025-08-19 16:29:18,968 - INFO - Processed: hologram (Level 4)
2025-08-19 16:29:21,471 - INFO - Processed: guava (Level 1)
2025-08-19 16:29:24,324 - INFO - Processed: suspicion (Level 2)
2025-08-19 16:29:26,421 - WARNING - No definition found for 'convivium', adding to review list
2025-08-19 16:29:28,740 - INFO - Processed: convivium (Level 2)
2025-08-19 16:29:30,434 - WARNING - No definition found for 'websterian', adding to review list
2025-08-19 16:29:31,683 - INFO - Processed: websterian (Level 1)
2025-08-19 16:29:34,469 - INFO - Processed: ear (Level 1)
2025-08-19 16:29:36,273 - WARNING - No definition found for 'pulvillus', adding to review list
2025-08-19 16:29:39,549 - INFO - Processed: pulvillus (Level 4)
2025-08-19 16:29:40,951 - WARNING - No definition found for 'churchianity', adding to review list
2025-08-19 16:29:42,209 - INFO - Processed: churchianity (Level 4)
2025-08-19 16:29:43,955 - WARNING - No definition found for 'assiduousdiligence', adding to review list
2025-08-19 16:29:45,181 - INFO - Processed: assiduousdiligence (Level 5)
2025-08-19 16:29:46,865 - WARNING - No definition found for 'wabeno', adding to review list
2025-08-19 16:29:48,102 - INFO - Processed: wabeno (Level 2)
2025-08-19 16:29:50,681 - INFO - Processed: again (Level 1)
2025-08-19 16:29:54,043 - INFO - Processed: everywhere (Level 4)
2025-08-19 16:29:57,064 - INFO - Processed: harrowing (Level 4)
2025-08-19 16:29:59,748 - INFO - Processed: massive (Level 2)
2025-08-19 16:30:00,098 - INFO - Checkpoint saved: 5600 words
2025-08-19 16:30:00,103 - INFO - Checkpoint saved after batch 56
2025-08-19 16:30:00,103 - INFO - Processing batch 57 (5601-5700 of 10114)
2025-08-19 16:30:02,633 - INFO - Processed: cheesy (Level 2)
2025-08-19 16:30:05,813 - INFO - Processed: hot (Level 1)
2025-08-19 16:30:08,844 - INFO - Processed: battalion (Level 2)
2025-08-19 16:30:11,425 - INFO - Processed: indecipherable (Level 5)
2025-08-19 16:30:14,408 - INFO - Processed: mathematician (Level 4)
2025-08-19 16:30:17,349 - INFO - Processed: virulence (Level 4)
2025-08-19 16:30:19,304 - WARNING - No definition found for 'rasorial', adding to review list
2025-08-19 16:30:20,552 - INFO - Processed: rasorial (Level 4)
2025-08-19 16:30:22,411 - WARNING - No definition found for 'dvandva', adding to review list
2025-08-19 16:30:23,667 - INFO - Processed: dvandva (Level 2)
2025-08-19 16:30:26,548 - INFO - Processed: wistful (Level 2)
2025-08-19 16:30:28,444 - WARNING - No definition found for 'turbinadobrethren', adding to review list
2025-08-19 16:30:29,666 - INFO - Processed: turbinadobrethren (Level 5)
2025-08-19 16:30:32,643 - INFO - Processed: biriani (Level 2)
2025-08-19 16:30:35,638 - INFO - Processed: cahiers (Level 2)
2025-08-19 16:30:37,202 - WARNING - No definition found for 'klippe', adding to review list
2025-08-19 16:30:38,458 - INFO - Processed: klippe (Level 2)
2025-08-19 16:30:40,854 - INFO - Processed: fitting (Level 2)
2025-08-19 16:30:42,531 - WARNING - No definition found for 'avalon', adding to review list
2025-08-19 16:30:43,772 - INFO - Processed: avalon (Level 2)
2025-08-19 16:30:46,466 - INFO - Processed: say (Level 1)
2025-08-19 16:30:49,038 - INFO - Processed: embouchure (Level 4)
2025-08-19 16:30:52,204 - INFO - Processed: begins (Level 2)
2025-08-19 16:30:54,674 - INFO - Processed: window (Level 2)
2025-08-19 16:30:56,372 - WARNING - No definition found for 'megahertzgnash', adding to review list
2025-08-19 16:30:57,576 - INFO - Processed: megahertzgnash (Level 5)
2025-08-19 16:31:00,297 - INFO - Processed: tensions (Level 4)
2025-08-19 16:31:02,838 - INFO - Processed: storied (Level 1)
2025-08-19 16:31:05,263 - INFO - Processed: patent (Level 2)
2025-08-19 16:31:07,691 - INFO - Processed: could (Level 1)
2025-08-19 16:31:10,797 - INFO - Processed: pipet (Level 1)
2025-08-19 16:31:13,970 - INFO - Processed: inheritance (Level 3)
2025-08-19 16:31:15,774 - WARNING - No definition found for 'floruitbunyanesque', adding to review list
2025-08-19 16:31:17,006 - INFO - Processed: floruitbunyanesque (Level 5)
2025-08-19 16:31:18,694 - WARNING - No definition found for 'solvencysoprano', adding to review list
2025-08-19 16:31:19,899 - INFO - Processed: solvencysoprano (Level 5)
2025-08-19 16:31:21,697 - WARNING - No definition found for 'spellinggradual', adding to review list
2025-08-19 16:31:22,921 - INFO - Processed: spellinggradual (Level 5)
2025-08-19 16:31:24,219 - WARNING - No definition found for 'sturnine', adding to review list
2025-08-19 16:31:25,646 - INFO - Processed: sturnine (Level 4)
2025-08-19 16:31:29,095 - INFO - Processed: contrivance (Level 4)
2025-08-19 16:31:31,667 - INFO - Processed: dame (Level 1)
2025-08-19 16:31:35,079 - INFO - Processed: featuring (Level 4)
2025-08-19 16:31:36,805 - WARNING - No definition found for 'cynocephali', adding to review list
2025-08-19 16:31:38,487 - INFO - Processed: cynocephali (Level 4)
2025-08-19 16:31:40,051 - WARNING - No definition found for 'sarkara', adding to review list
2025-08-19 16:31:41,588 - INFO - Processed: sarkara (Level 2)
2025-08-19 16:31:45,936 - INFO - Processed: asphyxiate (Level 1)
2025-08-19 16:31:48,363 - INFO - Processed: ubiquity (Level 4)
2025-08-19 16:31:51,339 - INFO - Processed: combustible (Level 4)
2025-08-19 16:31:56,139 - INFO - Processed: epitome (Level 2)
2025-08-19 16:32:00,125 - INFO - Processed: smiled (Level 1)
2025-08-19 16:32:02,701 - INFO - Processed: flight (Level 2)
2025-08-19 16:32:05,408 - INFO - Processed: bulwark (Level 2)
2025-08-19 16:32:07,242 - WARNING - No definition found for 'beccafico', adding to review list
2025-08-19 16:32:08,652 - INFO - Processed: beccafico (Level 4)
2025-08-19 16:32:12,477 - INFO - Processed: pianola (Level 2)
2025-08-19 16:32:15,178 - INFO - Processed: global (Level 2)
2025-08-19 16:32:16,400 - WARNING - No definition found for 'afroth', adding to review list
2025-08-19 16:32:17,676 - INFO - Processed: afroth (Level 2)
2025-08-19 16:32:20,247 - INFO - Processed: synthetic (Level 2)
2025-08-19 16:32:21,625 - WARNING - No definition found for 'odontiasis', adding to review list
2025-08-19 16:32:23,329 - INFO - Processed: odontiasis (Level 3)
2025-08-19 16:32:26,314 - INFO - Processed: guanine (Level 1)
2025-08-19 16:32:27,940 - WARNING - No definition found for 'sumpsimus', adding to review list
2025-08-19 16:32:29,167 - INFO - Processed: sumpsimus (Level 3)
2025-08-19 16:32:32,253 - INFO - Processed: act (Level 1)
2025-08-19 16:32:33,868 - WARNING - No definition found for 'desultorily', adding to review list
2025-08-19 16:32:35,355 - INFO - Processed: desultorily (Level 4)
2025-08-19 16:32:37,975 - INFO - Processed: ultimate (Level 3)
2025-08-19 16:32:40,464 - INFO - Processed: forty (Level 1)
2025-08-19 16:32:42,862 - INFO - Processed: themed (Level 2)
2025-08-19 16:32:45,854 - INFO - Processed: reactionary (Level 4)
2025-08-19 16:32:48,711 - WARNING - No definition found for 'cameist', adding to review list
2025-08-19 16:32:50,468 - INFO - Processed: cameist (Level 2)
2025-08-19 16:32:51,839 - WARNING - No definition found for 'novemdecillion', adding to review list
2025-08-19 16:32:53,083 - INFO - Processed: novemdecillion (Level 5)
2025-08-19 16:32:54,258 - WARNING - No definition found for 'ipso', adding to review list
2025-08-19 16:32:55,511 - INFO - Processed: ipso (Level 1)
2025-08-19 16:32:57,914 - INFO - Processed: apropos (Level 2)
2025-08-19 16:33:01,002 - INFO - Processed: toddler (Level 2)
2025-08-19 16:33:03,811 - INFO - Processed: atlas (Level 1)
2025-08-19 16:33:06,910 - INFO - Processed: emblem (Level 2)
2025-08-19 16:33:09,854 - INFO - Processed: quattrocento (Level 4)
2025-08-19 16:33:12,628 - INFO - Processed: named (Level 1)
2025-08-19 16:33:13,858 - WARNING - No definition found for 'carthusian', adding to review list
2025-08-19 16:33:15,114 - INFO - Processed: carthusian (Level 2)
2025-08-19 16:33:17,977 - INFO - Processed: longtime (Level 4)
2025-08-19 16:33:20,694 - INFO - Processed: fucoid (Level 2)
2025-08-19 16:33:23,677 - INFO - Processed: raising (Level 2)
2025-08-19 16:33:26,268 - INFO - Processed: anytime (Level 2)
2025-08-19 16:33:28,700 - INFO - Processed: root (Level 1)
2025-08-19 16:33:30,458 - WARNING - No definition found for 'chastisechortle', adding to review list
2025-08-19 16:33:31,681 - INFO - Processed: chastisechortle (Level 5)
2025-08-19 16:33:34,327 - INFO - Processed: accommodations (Level 5)
2025-08-19 16:33:37,377 - INFO - Processed: distraught (Level 4)
2025-08-19 16:33:38,657 - WARNING - No definition found for 'amil', adding to review list
2025-08-19 16:33:40,284 - INFO - Processed: amil (Level 1)
2025-08-19 16:33:43,003 - INFO - Processed: acquaintance (Level 4)
2025-08-19 16:33:45,465 - INFO - Processed: scepter (Level 2)
2025-08-19 16:33:47,910 - INFO - Processed: deleterious (Level 4)
2025-08-19 16:33:50,699 - INFO - Processed: mushy (Level 1)
2025-08-19 16:33:53,679 - INFO - Processed: count (Level 1)
2025-08-19 16:33:56,337 - INFO - Processed: league (Level 2)
2025-08-19 16:33:59,053 - INFO - Processed: brand (Level 1)
2025-08-19 16:34:01,466 - INFO - Processed: bronze (Level 2)
2025-08-19 16:34:02,730 - WARNING - No definition found for 'otherbedroom', adding to review list
2025-08-19 16:34:03,983 - INFO - Processed: otherbedroom (Level 4)
2025-08-19 16:34:07,784 - INFO - Processed: schwa (Level 1)
2025-08-19 16:34:09,132 - WARNING - No definition found for 'arabic', adding to review list
2025-08-19 16:34:10,359 - INFO - Processed: arabic (Level 2)
2025-08-19 16:34:12,797 - INFO - Processed: ludicrous (Level 4)
2025-08-19 16:34:15,820 - INFO - Processed: fascinated (Level 3)
2025-08-19 16:34:19,398 - INFO - Processed: supremacy (Level 4)
2025-08-19 16:34:22,980 - INFO - Processed: burrowing (Level 3)
2025-08-19 16:34:24,674 - WARNING - No definition found for 'angus', adding to review list
2025-08-19 16:34:25,919 - INFO - Processed: angus (Level 1)
2025-08-19 16:34:28,883 - INFO - Processed: ignominious (Level 4)
2025-08-19 16:34:32,983 - INFO - Processed: light (Level 1)
2025-08-19 16:34:37,103 - INFO - Processed: pocket (Level 2)
2025-08-19 16:34:40,190 - INFO - Processed: froward (Level 2)
2025-08-19 16:34:42,807 - INFO - Processed: embezzlement (Level 4)
2025-08-19 16:34:45,013 - WARNING - No definition found for 'busbyadjective', adding to review list
2025-08-19 16:34:47,507 - INFO - Processed: busbyadjective (Level 5)
2025-08-19 16:34:50,082 - INFO - Processed: schedule (Level 2)
2025-08-19 16:34:52,734 - INFO - Processed: existential (Level 4)
2025-08-19 16:34:55,290 - INFO - Processed: despite (Level 2)
2025-08-19 16:34:55,630 - INFO - Checkpoint saved: 5700 words
2025-08-19 16:34:55,632 - INFO - Checkpoint saved after batch 57
2025-08-19 16:34:55,632 - INFO - Processing batch 58 (5701-5800 of 10114)
2025-08-19 16:34:58,563 - INFO - Processed: penicillin (Level 2)
2025-08-19 16:35:04,400 - INFO - Processed: recess (Level 2)
2025-08-19 16:35:06,965 - INFO - Processed: escabeche (Level 2)
2025-08-19 16:35:09,010 - WARNING - No definition found for 'piousadjective', adding to review list
2025-08-19 16:35:10,240 - INFO - Processed: piousadjective (Level 5)
2025-08-19 16:35:13,280 - INFO - Processed: fury (Level 1)
2025-08-19 16:35:15,112 - WARNING - No definition found for 'nodosity', adding to review list
2025-08-19 16:35:16,758 - INFO - Processed: nodosity (Level 4)
2025-08-19 16:35:18,081 - WARNING - No definition found for 'occultation', adding to review list
2025-08-19 16:35:19,321 - INFO - Processed: occultation (Level 4)
2025-08-19 16:35:21,001 - WARNING - No definition found for 'straydifficulty', adding to review list
2025-08-19 16:35:22,212 - INFO - Processed: straydifficulty (Level 5)
2025-08-19 16:35:25,237 - INFO - Processed: medallion (Level 4)
2025-08-19 16:35:27,756 - INFO - Processed: appendages (Level 3)
2025-08-19 16:35:31,129 - INFO - Processed: nudibranch (Level 3)
2025-08-19 16:35:32,786 - WARNING - No definition found for 'commove', adding to review list
2025-08-19 16:35:34,394 - INFO - Processed: commove (Level 2)
2025-08-19 16:35:35,698 - WARNING - No definition found for 'zanni', adding to review list
2025-08-19 16:35:37,562 - INFO - Processed: zanni (Level 1)
2025-08-19 16:35:41,412 - INFO - Processed: impresario (Level 4)
2025-08-19 16:35:43,108 - WARNING - No definition found for 'hoo', adding to review list
2025-08-19 16:35:44,372 - INFO - Processed: hoo (Level 1)
2025-08-19 16:35:47,297 - INFO - Processed: tarpaulin (Level 4)
2025-08-19 16:35:49,712 - INFO - Processed: hedgehog (Level 2)
2025-08-19 16:35:52,223 - INFO - Processed: close (Level 1)
2025-08-19 16:35:54,908 - INFO - Processed: convention (Level 4)
2025-08-19 16:35:57,392 - INFO - Processed: hour (Level 1)
2025-08-19 16:36:00,104 - INFO - Processed: distinguish (Level 4)
2025-08-19 16:36:03,191 - INFO - Processed: phenotype (Level 4)
2025-08-19 16:36:06,780 - INFO - Processed: wunderkind (Level 3)
2025-08-19 16:36:09,066 - WARNING - No definition found for 'charon', adding to review list
2025-08-19 16:36:10,320 - INFO - Processed: charon (Level 2)
2025-08-19 16:36:13,296 - INFO - Processed: ostensibly (Level 3)
2025-08-19 16:36:15,665 - INFO - Processed: fruits (Level 2)
2025-08-19 16:36:18,366 - INFO - Processed: relentlessly (Level 3)
2025-08-19 16:36:20,193 - WARNING - No definition found for 'sbrinzkathakali', adding to review list
2025-08-19 16:36:21,815 - INFO - Processed: sbrinzkathakali (Level 5)
2025-08-19 16:36:24,490 - INFO - Processed: aioli (Level 1)
2025-08-19 16:36:26,877 - INFO - Processed: wasp (Level 1)
2025-08-19 16:36:29,971 - INFO - Processed: ransacked (Level 2)
2025-08-19 16:36:33,078 - INFO - Processed: domesticated (Level 4)
2025-08-19 16:36:35,819 - INFO - Processed: identifiable (Level 4)
2025-08-19 16:36:38,618 - INFO - Processed: pyxis (Level 1)
2025-08-19 16:36:39,995 - WARNING - No definition found for 'solitudeoptician', adding to review list
2025-08-19 16:36:41,202 - INFO - Processed: solitudeoptician (Level 5)
2025-08-19 16:36:43,025 - WARNING - No definition found for 'fortificationnoun', adding to review list
2025-08-19 16:36:44,294 - INFO - Processed: fortificationnoun (Level 5)
2025-08-19 16:36:47,556 - INFO - Processed: periods (Level 2)
2025-08-19 16:36:50,033 - WARNING - No definition found for 'aztec', adding to review list
2025-08-19 16:36:51,659 - INFO - Processed: aztec (Level 1)
2025-08-19 16:36:54,659 - INFO - Processed: volary (Level 2)
2025-08-19 16:36:58,039 - INFO - Processed: corridor (Level 2)
2025-08-19 16:37:01,551 - INFO - Processed: compiled (Level 4)
2025-08-19 16:37:04,665 - INFO - Processed: deposition (Level 4)
2025-08-19 16:37:07,614 - INFO - Processed: prevenient (Level 4)
2025-08-19 16:37:09,404 - WARNING - No definition found for 'typhoean', adding to review list
2025-08-19 16:37:10,625 - INFO - Processed: typhoean (Level 3)
2025-08-19 16:37:13,651 - INFO - Processed: turret (Level 2)
2025-08-19 16:37:15,453 - WARNING - No definition found for 'peremptoryinfarction', adding to review list
2025-08-19 16:37:16,756 - INFO - Processed: peremptoryinfarction (Level 5)
2025-08-19 16:37:19,511 - INFO - Processed: rhizome (Level 2)
2025-08-19 16:37:24,608 - INFO - Processed: tariff (Level 2)
2025-08-19 16:37:27,833 - INFO - Processed: constricting (Level 3)
2025-08-19 16:37:30,828 - INFO - Processed: clerks (Level 2)
2025-08-19 16:37:33,855 - INFO - Processed: rules (Level 1)
2025-08-19 16:37:37,426 - INFO - Processed: juvenilia (Level 4)
2025-08-19 16:37:40,233 - INFO - Processed: natural (Level 2)
2025-08-19 16:37:43,151 - INFO - Processed: instinctive (Level 3)
2025-08-19 16:37:45,918 - INFO - Processed: closet (Level 1)
2025-08-19 16:37:50,731 - INFO - Processed: makes (Level 1)
2025-08-19 16:37:53,559 - INFO - Processed: habitual (Level 4)
2025-08-19 16:37:55,300 - WARNING - No definition found for 'schwegel', adding to review list
2025-08-19 16:37:56,508 - INFO - Processed: schwegel (Level 4)
2025-08-19 16:37:59,149 - INFO - Processed: circus (Level 2)
2025-08-19 16:38:02,392 - INFO - Processed: copperhead (Level 4)
2025-08-19 16:38:04,702 - WARNING - No definition found for 'akaryote', adding to review list
2025-08-19 16:38:05,927 - INFO - Processed: akaryote (Level 4)
2025-08-19 16:38:08,930 - INFO - Processed: insomnia (Level 4)
2025-08-19 16:38:10,479 - WARNING - No definition found for 'icarian', adding to review list
2025-08-19 16:38:11,690 - INFO - Processed: icarian (Level 2)
2025-08-19 16:38:15,217 - INFO - Processed: challenge (Level 3)
2025-08-19 16:38:18,415 - INFO - Processed: immoderate (Level 2)
2025-08-19 16:38:20,162 - WARNING - No definition found for 'anosognosia', adding to review list
2025-08-19 16:38:22,188 - INFO - Processed: anosognosia (Level 4)
2025-08-19 16:38:24,902 - INFO - Processed: assemblage (Level 1)
2025-08-19 16:38:26,520 - WARNING - No definition found for 'solomon', adding to review list
2025-08-19 16:38:28,210 - INFO - Processed: solomon (Level 2)
2025-08-19 16:38:32,392 - INFO - Processed: bifurcate (Level 4)
2025-08-19 16:38:35,086 - INFO - Processed: nephew (Level 2)
2025-08-19 16:38:38,062 - INFO - Processed: norovirus (Level 4)
2025-08-19 16:38:40,873 - INFO - Processed: dispensation (Level 3)
2025-08-19 16:38:44,909 - INFO - Processed: transience (Level 4)
2025-08-19 16:38:48,327 - INFO - Processed: organza (Level 2)
2025-08-19 16:38:51,323 - INFO - Processed: repast (Level 2)
2025-08-19 16:38:54,064 - INFO - Processed: surly (Level 1)
2025-08-19 16:38:57,023 - INFO - Processed: digerati (Level 3)
2025-08-19 16:39:00,157 - INFO - Processed: accomplishments (Level 5)
2025-08-19 16:39:03,183 - INFO - Processed: topiary (Level 2)
2025-08-19 16:39:06,065 - INFO - Processed: creel (Level 1)
2025-08-19 16:39:09,073 - INFO - Processed: dropped (Level 2)
2025-08-19 16:39:12,024 - INFO - Processed: budgerigar (Level 2)
2025-08-19 16:39:16,506 - INFO - Processed: veneer (Level 2)
2025-08-19 16:39:19,215 - INFO - Processed: alongside (Level 4)
2025-08-19 16:39:21,752 - INFO - Processed: tangent (Level 2)
2025-08-19 16:39:24,467 - INFO - Processed: movie (Level 1)
2025-08-19 16:39:27,187 - INFO - Processed: marble (Level 2)
2025-08-19 16:39:31,123 - INFO - Processed: bear (Level 1)
2025-08-19 16:39:34,159 - INFO - Processed: static (Level 1)
2025-08-19 16:39:37,123 - INFO - Processed: morbidity (Level 2)
2025-08-19 16:39:40,255 - INFO - Processed: velamen (Level 2)
2025-08-19 16:39:42,793 - INFO - Processed: lidocaine (Level 4)
2025-08-19 16:39:45,806 - INFO - Processed: motor (Level 1)
2025-08-19 16:39:48,329 - INFO - Processed: amphitheater (Level 4)
2025-08-19 16:39:51,448 - INFO - Processed: palmate (Level 2)
2025-08-19 16:39:54,549 - INFO - Processed: five (Level 1)
2025-08-19 16:39:57,370 - INFO - Processed: mycology (Level 1)
2025-08-19 16:40:01,085 - INFO - Processed: consideration (Level 4)
2025-08-19 16:40:04,063 - INFO - Processed: ordained (Level 3)
2025-08-19 16:40:06,460 - INFO - Processed: cultivated (Level 4)
2025-08-19 16:40:06,842 - INFO - Checkpoint saved: 5800 words
2025-08-19 16:40:06,843 - INFO - Checkpoint saved after batch 58
2025-08-19 16:40:06,843 - INFO - Processing batch 59 (5801-5900 of 10114)
2025-08-19 16:40:11,036 - INFO - Processed: profligacy (Level 4)
2025-08-19 16:40:12,883 - WARNING - No definition found for 'flexibleskeleton', adding to review list
2025-08-19 16:40:14,113 - INFO - Processed: flexibleskeleton (Level 5)
2025-08-19 16:40:17,103 - INFO - Processed: factorial (Level 4)
2025-08-19 16:40:18,793 - WARNING - No definition found for 'lithuania', adding to review list
2025-08-19 16:40:19,984 - INFO - Processed: lithuania (Level 3)
2025-08-19 16:40:23,258 - INFO - Processed: intertribal (Level 4)
2025-08-19 16:40:26,206 - INFO - Processed: barefoot (Level 2)
2025-08-19 16:40:29,181 - INFO - Processed: sunrise (Level 2)
2025-08-19 16:40:32,428 - INFO - Processed: originates (Level 4)
2025-08-19 16:40:35,484 - INFO - Processed: evolution (Level 4)
2025-08-19 16:40:38,457 - INFO - Processed: mandarin (Level 2)
2025-08-19 16:40:41,093 - INFO - Processed: yarn (Level 1)
2025-08-19 16:40:43,779 - INFO - Processed: dementia (Level 4)
2025-08-19 16:40:46,737 - INFO - Processed: palooka (Level 2)
2025-08-19 16:40:49,385 - INFO - Processed: famous (Level 2)
2025-08-19 16:40:52,627 - INFO - Processed: subcutaneous (Level 4)
2025-08-19 16:40:55,012 - WARNING - No definition found for 'holobenthic', adding to review list
2025-08-19 16:40:56,612 - INFO - Processed: holobenthic (Level 4)
2025-08-19 16:40:59,026 - INFO - Processed: cranium (Level 2)
2025-08-19 16:41:01,983 - INFO - Processed: typically (Level 4)
2025-08-19 16:41:05,245 - INFO - Processed: sobersides (Level 4)
2025-08-19 16:41:07,007 - WARNING - No definition found for 'runesancestors', adding to review list
2025-08-19 16:41:08,240 - INFO - Processed: runesancestors (Level 5)
2025-08-19 16:41:12,161 - INFO - Processed: arthralgia (Level 3)
2025-08-19 16:41:17,086 - INFO - Processed: microphone (Level 3)
2025-08-19 16:41:20,015 - INFO - Processed: phloem (Level 2)
2025-08-19 16:41:23,480 - INFO - Processed: furcula (Level 2)
2025-08-19 16:41:25,061 - WARNING - No definition found for 'bauhaus', adding to review list
2025-08-19 16:41:26,312 - INFO - Processed: bauhaus (Level 2)
2025-08-19 16:41:29,375 - INFO - Processed: disjunct (Level 4)
2025-08-19 16:41:31,142 - WARNING - No definition found for 'ords', adding to review list
2025-08-19 16:41:32,739 - INFO - Processed: ords (Level 1)
2025-08-19 16:41:34,454 - WARNING - No definition found for 'aaccdi', adding to review list
2025-08-19 16:41:35,668 - INFO - Processed: aaccdi (Level 2)
2025-08-19 16:41:38,396 - INFO - Processed: rigatoni (Level 4)
2025-08-19 16:41:41,202 - INFO - Processed: simulacrum (Level 2)
2025-08-19 16:41:45,727 - INFO - Processed: treble (Level 2)
2025-08-19 16:41:48,767 - INFO - Processed: freegan (Level 2)
2025-08-19 16:41:51,832 - INFO - Processed: collimate (Level 4)
2025-08-19 16:41:54,957 - INFO - Processed: effectual (Level 4)
2025-08-19 16:41:56,775 - WARNING - No definition found for 'caprifig', adding to review list
2025-08-19 16:41:58,806 - INFO - Processed: caprifig (Level 4)
2025-08-19 16:42:01,868 - INFO - Processed: flounder (Level 4)
2025-08-19 16:42:04,532 - INFO - Processed: launching (Level 1)
2025-08-19 16:42:06,255 - WARNING - No definition found for 'trous', adding to review list
2025-08-19 16:42:07,477 - INFO - Processed: trous (Level 1)
2025-08-19 16:42:11,615 - INFO - Processed: loudly (Level 2)
2025-08-19 16:42:13,429 - WARNING - No definition found for 'prespinous', adding to review list
2025-08-19 16:42:14,654 - INFO - Processed: prespinous (Level 4)
2025-08-19 16:42:17,476 - INFO - Processed: sophomoric (Level 4)
2025-08-19 16:42:19,209 - WARNING - No definition found for 'incisiform', adding to review list
2025-08-19 16:42:20,754 - INFO - Processed: incisiform (Level 4)
2025-08-19 16:42:23,385 - INFO - Processed: think (Level 1)
2025-08-19 16:42:25,814 - INFO - Processed: argument (Level 4)
2025-08-19 16:42:28,742 - INFO - Processed: plastron (Level 2)
2025-08-19 16:42:31,707 - WARNING - No definition found for 'gallivatcharcuterie', adding to review list
2025-08-19 16:42:33,156 - INFO - Processed: gallivatcharcuterie (Level 5)
2025-08-19 16:42:36,142 - INFO - Processed: rebound (Level 2)
2025-08-19 16:42:39,874 - INFO - Processed: ailanthus (Level 4)
2025-08-19 16:42:43,961 - INFO - Processed: cockles (Level 2)
2025-08-19 16:42:47,424 - INFO - Processed: friend (Level 2)
2025-08-19 16:42:50,077 - INFO - Processed: six (Level 1)
2025-08-19 16:42:53,036 - INFO - Processed: statuesque (Level 4)
2025-08-19 16:42:55,787 - INFO - Processed: resembles (Level 3)
2025-08-19 16:42:57,402 - WARNING - No definition found for 'trigeminal', adding to review list
2025-08-19 16:42:59,632 - INFO - Processed: trigeminal (Level 4)
2025-08-19 16:43:01,323 - WARNING - No definition found for 'breviloquence', adding to review list
2025-08-19 16:43:02,612 - INFO - Processed: breviloquence (Level 4)
2025-08-19 16:43:04,197 - WARNING - No definition found for 'soppinesssousaphone', adding to review list
2025-08-19 16:43:05,413 - INFO - Processed: soppinesssousaphone (Level 5)
2025-08-19 16:43:08,156 - INFO - Processed: cold (Level 1)
2025-08-19 16:43:09,393 - WARNING - No definition found for 'bazar', adding to review list
2025-08-19 16:43:10,994 - INFO - Processed: bazar (Level 1)
2025-08-19 16:43:14,428 - INFO - Processed: translates (Level 4)
2025-08-19 16:43:17,007 - INFO - Processed: dianthus (Level 4)
2025-08-19 16:43:19,502 - INFO - Processed: erstwhile (Level 4)
2025-08-19 16:43:22,399 - INFO - Processed: vultures (Level 3)
2025-08-19 16:43:25,724 - INFO - Processed: roustabout (Level 4)
2025-08-19 16:43:28,407 - INFO - Processed: legendary (Level 4)
2025-08-19 16:43:31,051 - INFO - Processed: dish (Level 1)
2025-08-19 16:43:33,765 - INFO - Processed: pratique (Level 4)
2025-08-19 16:43:36,862 - INFO - Processed: mystery (Level 2)
2025-08-19 16:43:40,086 - INFO - Processed: ached (Level 1)
2025-08-19 16:43:41,665 - WARNING - No definition found for 'hegiraeanomaliped', adding to review list
2025-08-19 16:43:42,862 - INFO - Processed: hegiraeanomaliped (Level 5)
2025-08-19 16:43:45,305 - INFO - Processed: company (Level 2)
2025-08-19 16:43:47,941 - INFO - Processed: includes (Level 4)
2025-08-19 16:43:53,447 - INFO - Processed: opprobrious (Level 4)
2025-08-19 16:43:56,399 - INFO - Processed: nectar (Level 2)
2025-08-19 16:43:59,611 - INFO - Processed: carnassial (Level 4)
2025-08-19 16:44:02,883 - INFO - Processed: veteran (Level 2)
2025-08-19 16:44:05,940 - INFO - Processed: commemoration (Level 4)
2025-08-19 16:44:08,358 - INFO - Processed: duties (Level 2)
2025-08-19 16:44:10,854 - INFO - Processed: militant (Level 2)
2025-08-19 16:44:13,961 - INFO - Processed: machiavellian (Level 3)
2025-08-19 16:44:17,072 - INFO - Processed: mores (Level 1)
2025-08-19 16:44:22,528 - INFO - Processed: encore (Level 2)
2025-08-19 16:44:25,310 - INFO - Processed: power (Level 1)
2025-08-19 16:44:28,541 - INFO - Processed: activities (Level 3)
2025-08-19 16:44:30,450 - WARNING - No definition found for 'colson', adding to review list
2025-08-19 16:44:31,958 - INFO - Processed: colson (Level 2)
2025-08-19 16:44:33,830 - WARNING - No definition found for 'tricenarytriste', adding to review list
2025-08-19 16:44:35,080 - INFO - Processed: tricenarytriste (Level 5)
2025-08-19 16:44:38,393 - INFO - Processed: diploma (Level 2)
2025-08-19 16:44:41,342 - INFO - Processed: escritoire (Level 3)
2025-08-19 16:44:44,762 - INFO - Processed: effect (Level 2)
2025-08-19 16:44:48,423 - INFO - Processed: unusual (Level 2)
2025-08-19 16:44:51,289 - INFO - Processed: trap (Level 1)
2025-08-19 16:44:54,276 - INFO - Processed: briefcase (Level 2)
2025-08-19 16:44:56,743 - INFO - Processed: mile (Level 1)
2025-08-19 16:44:59,520 - INFO - Processed: down (Level 1)
2025-08-19 16:45:02,579 - INFO - Processed: playground (Level 4)
2025-08-19 16:45:05,327 - INFO - Processed: marquee (Level 2)
2025-08-19 16:45:08,025 - INFO - Processed: fuel (Level 1)
2025-08-19 16:45:09,748 - WARNING - No definition found for 'zamboni', adding to review list
2025-08-19 16:45:10,976 - INFO - Processed: zamboni (Level 2)
2025-08-19 16:45:13,971 - INFO - Processed: diversified (Level 4)
2025-08-19 16:45:15,790 - WARNING - No definition found for 'tanagerpneumatocyst', adding to review list
2025-08-19 16:45:17,045 - INFO - Processed: tanagerpneumatocyst (Level 5)
2025-08-19 16:45:19,824 - INFO - Processed: bite (Level 1)
2025-08-19 16:45:20,136 - INFO - Checkpoint saved: 5900 words
2025-08-19 16:45:20,146 - INFO - Checkpoint saved after batch 59
2025-08-19 16:45:20,146 - INFO - Processing batch 60 (5901-6000 of 10114)
2025-08-19 16:45:22,545 - INFO - Processed: malfeasance (Level 4)
2025-08-19 16:45:26,087 - INFO - Processed: lossy (Level 1)
2025-08-19 16:45:29,616 - INFO - Processed: limpet (Level 2)
2025-08-19 16:45:32,622 - INFO - Processed: trombone (Level 1)
2025-08-19 16:45:35,408 - INFO - Processed: polonium (Level 4)
2025-08-19 16:45:36,704 - WARNING - No definition found for 'metonic', adding to review list
2025-08-19 16:45:38,353 - INFO - Processed: metonic (Level 2)
2025-08-19 16:45:43,096 - INFO - Processed: disgruntled (Level 4)
2025-08-19 16:45:45,892 - INFO - Processed: edge (Level 1)
2025-08-19 16:45:48,869 - INFO - Processed: serenity (Level 3)
2025-08-19 16:45:53,159 - INFO - Processed: balbriggan (Level 4)
2025-08-19 16:45:57,224 - INFO - Processed: beverage (Level 1)
2025-08-19 16:45:58,985 - WARNING - No definition found for 'cathodecattalo', adding to review list
2025-08-19 16:46:00,239 - INFO - Processed: cathodecattalo (Level 5)
2025-08-19 16:46:03,254 - INFO - Processed: mittimus (Level 4)
2025-08-19 16:46:05,017 - WARNING - No definition found for 'parenthetic', adding to review list
2025-08-19 16:46:06,231 - INFO - Processed: parenthetic (Level 4)
2025-08-19 16:46:09,350 - INFO - Processed: pebble (Level 2)
2025-08-19 16:46:12,364 - INFO - Processed: alternate (Level 3)
2025-08-19 16:46:15,200 - INFO - Processed: flags (Level 1)
2025-08-19 16:46:16,893 - WARNING - No definition found for 'bezier', adding to review list
2025-08-19 16:46:18,728 - INFO - Processed: bezier (Level 2)
2025-08-19 16:46:23,092 - INFO - Processed: flimflammer (Level 4)
2025-08-19 16:46:25,514 - INFO - Processed: religious (Level 4)
2025-08-19 16:46:28,599 - INFO - Processed: bias (Level 1)
2025-08-19 16:46:31,406 - INFO - Processed: mango (Level 1)
2025-08-19 16:46:35,432 - INFO - Processed: hortatory (Level 2)
2025-08-19 16:46:38,517 - INFO - Processed: traiteur (Level 4)
2025-08-19 16:46:40,229 - WARNING - No definition found for 'fratority', adding to review list
2025-08-19 16:46:41,468 - INFO - Processed: fratority (Level 4)
2025-08-19 16:46:44,607 - INFO - Processed: sandwich (Level 4)
2025-08-19 16:46:48,589 - INFO - Processed: quadrilateral (Level 4)
2025-08-19 16:46:51,039 - INFO - Processed: excessive (Level 3)
2025-08-19 16:46:54,034 - INFO - Processed: text (Level 1)
2025-08-19 16:46:56,939 - INFO - Processed: peruse (Level 2)
2025-08-19 16:47:01,135 - INFO - Processed: histrionics (Level 4)
2025-08-19 16:47:04,887 - INFO - Processed: houses (Level 2)
2025-08-19 16:47:06,656 - WARNING - No definition found for 'cul', adding to review list
2025-08-19 16:47:07,915 - INFO - Processed: cul (Level 1)
2025-08-19 16:47:10,359 - INFO - Processed: aisles (Level 2)
2025-08-19 16:47:13,916 - INFO - Processed: enthalpy (Level 1)
2025-08-19 16:47:16,926 - WARNING - No definition found for 'drupiferous', adding to review list
2025-08-19 16:47:18,118 - INFO - Processed: drupiferous (Level 4)
2025-08-19 16:47:19,689 - WARNING - No definition found for 'scalpscrapple', adding to review list
2025-08-19 16:47:20,912 - INFO - Processed: scalpscrapple (Level 4)
2025-08-19 16:47:22,122 - WARNING - No definition found for 'virtuallyvisibility', adding to review list
2025-08-19 16:47:23,316 - INFO - Processed: virtuallyvisibility (Level 5)
2025-08-19 16:47:25,842 - INFO - Processed: herb (Level 1)
2025-08-19 16:47:28,960 - WARNING - No definition found for 'somniloquy', adding to review list
2025-08-19 16:47:30,725 - INFO - Processed: somniloquy (Level 4)
2025-08-19 16:47:33,463 - INFO - Processed: rage (Level 1)
2025-08-19 16:47:36,122 - INFO - Processed: eschew (Level 2)
2025-08-19 16:47:40,449 - INFO - Processed: virga (Level 1)
2025-08-19 16:47:42,485 - WARNING - No definition found for 'donatee', adding to review list
2025-08-19 16:47:43,715 - INFO - Processed: donatee (Level 2)
2025-08-19 16:47:46,793 - INFO - Processed: mischief (Level 4)
2025-08-19 16:47:49,744 - INFO - Processed: cidery (Level 2)
2025-08-19 16:47:52,672 - INFO - Processed: torii (Level 1)
2025-08-19 16:47:53,943 - WARNING - No definition found for 'stormmince', adding to review list
2025-08-19 16:47:55,179 - INFO - Processed: stormmince (Level 3)
2025-08-19 16:47:57,645 - INFO - Processed: artesian (Level 4)
2025-08-19 16:48:00,384 - INFO - Processed: charitable (Level 4)
2025-08-19 16:48:03,782 - INFO - Processed: raven (Level 1)
2025-08-19 16:48:06,476 - INFO - Processed: warning (Level 2)
2025-08-19 16:48:08,937 - INFO - Processed: engage (Level 2)
2025-08-19 16:48:11,949 - INFO - Processed: exasperate (Level 2)
2025-08-19 16:48:15,473 - INFO - Processed: eastern (Level 2)
2025-08-19 16:48:18,325 - INFO - Processed: clear (Level 1)
2025-08-19 16:48:20,942 - INFO - Processed: scandium (Level 3)
2025-08-19 16:48:23,638 - INFO - Processed: epithet (Level 2)
2025-08-19 16:48:26,794 - INFO - Processed: diversion (Level 4)
2025-08-19 16:48:31,536 - INFO - Processed: flehmen (Level 2)
2025-08-19 16:48:36,387 - INFO - Processed: bobolink (Level 4)
2025-08-19 16:48:39,438 - INFO - Processed: immortality (Level 4)
2025-08-19 16:48:43,403 - INFO - Processed: oeuvre (Level 2)
2025-08-19 16:48:46,345 - INFO - Processed: latinized (Level 4)
2025-08-19 16:48:48,870 - INFO - Processed: gambit (Level 2)
2025-08-19 16:48:51,327 - INFO - Processed: sedulous (Level 3)
2025-08-19 16:48:57,036 - INFO - Processed: scruple (Level 2)
2025-08-19 16:49:00,085 - INFO - Processed: beatific (Level 3)
2025-08-19 16:49:01,350 - WARNING - No definition found for 'typhoeanu', adding to review list
2025-08-19 16:49:02,616 - INFO - Processed: typhoeanu (Level 4)
2025-08-19 16:49:04,362 - WARNING - No definition found for 'pillor', adding to review list
2025-08-19 16:49:06,636 - INFO - Processed: pillor (Level 2)
2025-08-19 16:49:11,128 - INFO - Processed: canid (Level 1)
2025-08-19 16:49:13,636 - INFO - Processed: polypeptide (Level 4)
2025-08-19 16:49:16,326 - INFO - Processed: shore (Level 1)
2025-08-19 16:49:17,561 - WARNING - No definition found for 'devastavit', adding to review list
2025-08-19 16:49:18,795 - INFO - Processed: devastavit (Level 3)
2025-08-19 16:49:21,251 - INFO - Processed: planetesimal (Level 4)
2025-08-19 16:49:23,985 - INFO - Processed: losing (Level 2)
2025-08-19 16:49:27,345 - INFO - Processed: hoagies (Level 2)
2025-08-19 16:49:28,720 - WARNING - No definition found for 'rohan', adding to review list
2025-08-19 16:49:32,994 - INFO - Processed: rohan (Level 1)
2025-08-19 16:49:36,021 - INFO - Processed: epidural (Level 4)
2025-08-19 16:49:38,564 - INFO - Processed: clatter (Level 2)
2025-08-19 16:49:41,911 - INFO - Processed: tai (Level 1)
2025-08-19 16:49:48,338 - INFO - Processed: punctually (Level 3)
2025-08-19 16:49:51,070 - INFO - Processed: tympanum (Level 4)
2025-08-19 16:49:52,335 - WARNING - No definition found for 'glengarrycommissioner', adding to review list
2025-08-19 16:49:53,575 - INFO - Processed: glengarrycommissioner (Level 5)
2025-08-19 16:49:56,702 - INFO - Processed: angora (Level 2)
2025-08-19 16:49:59,571 - INFO - Processed: pendragon (Level 4)
2025-08-19 16:50:02,123 - INFO - Processed: putsch (Level 2)
2025-08-19 16:50:03,570 - WARNING - No definition found for 'acicula', adding to review list
2025-08-19 16:50:06,892 - INFO - Processed: acicula (Level 2)
2025-08-19 16:50:08,725 - WARNING - No definition found for 'scentscholarship', adding to review list
2025-08-19 16:50:10,343 - INFO - Processed: scentscholarship (Level 5)
2025-08-19 16:50:12,909 - INFO - Processed: theorem (Level 2)
2025-08-19 16:50:16,123 - INFO - Processed: patience (Level 4)
2025-08-19 16:50:19,712 - INFO - Processed: waters (Level 2)
2025-08-19 16:50:21,296 - WARNING - No definition found for 'spellingsoothsayer', adding to review list
2025-08-19 16:50:22,485 - INFO - Processed: spellingsoothsayer (Level 5)
2025-08-19 16:50:24,897 - INFO - Processed: ended (Level 1)
2025-08-19 16:50:27,967 - INFO - Processed: cotton (Level 2)
2025-08-19 16:50:31,309 - INFO - Processed: gelato (Level 2)
2025-08-19 16:50:33,972 - INFO - Processed: garment (Level 1)
2025-08-19 16:50:36,975 - INFO - Processed: pliant (Level 2)
2025-08-19 16:50:38,281 - WARNING - No definition found for 'breviloquencenoun', adding to review list
2025-08-19 16:50:39,508 - INFO - Processed: breviloquencenoun (Level 5)
2025-08-19 16:50:42,291 - INFO - Processed: spectrum (Level 4)
2025-08-19 16:50:42,652 - INFO - Checkpoint saved: 6000 words
2025-08-19 16:50:42,652 - INFO - Checkpoint saved after batch 60
2025-08-19 16:50:42,652 - INFO - Processing batch 61 (6001-6100 of 10114)
2025-08-19 16:50:45,393 - INFO - Processed: castigate (Level 4)
2025-08-19 16:50:47,262 - WARNING - No definition found for 'namibian', adding to review list
2025-08-19 16:50:49,111 - INFO - Processed: namibian (Level 4)
2025-08-19 16:50:50,850 - WARNING - No definition found for 'lousicide', adding to review list
2025-08-19 16:50:53,529 - INFO - Processed: lousicide (Level 4)
2025-08-19 16:50:56,274 - INFO - Processed: after (Level 1)
2025-08-19 16:50:58,805 - INFO - Processed: copious (Level 2)
2025-08-19 16:51:02,924 - INFO - Processed: drawing (Level 2)
2025-08-19 16:51:07,603 - INFO - Processed: copernicium (Level 4)
2025-08-19 16:51:10,106 - INFO - Processed: motion (Level 2)
2025-08-19 16:51:13,046 - INFO - Processed: emerald (Level 2)
2025-08-19 16:51:16,057 - INFO - Processed: laborious (Level 1)
2025-08-19 16:51:18,750 - INFO - Processed: shelter (Level 2)
2025-08-19 16:51:21,950 - INFO - Processed: cotyledon (Level 4)
2025-08-19 16:51:24,470 - INFO - Processed: diaspora (Level 4)
2025-08-19 16:51:27,253 - INFO - Processed: letters (Level 2)
2025-08-19 16:51:30,184 - INFO - Processed: torpid (Level 2)
2025-08-19 16:51:32,880 - INFO - Processed: than (Level 1)
2025-08-19 16:51:35,361 - INFO - Processed: collaboration (Level 4)
2025-08-19 16:51:36,753 - WARNING - No definition found for 'scentpuzzles', adding to review list
2025-08-19 16:51:38,161 - INFO - Processed: scentpuzzles (Level 4)
2025-08-19 16:51:41,349 - INFO - Processed: upright (Level 2)
2025-08-19 16:51:44,333 - INFO - Processed: oud (Level 1)
2025-08-19 16:51:46,819 - INFO - Processed: arraign (Level 2)
2025-08-19 16:51:50,718 - INFO - Processed: sand (Level 1)
2025-08-19 16:51:53,104 - WARNING - No definition found for 'shouldn', adding to review list
2025-08-19 16:51:54,300 - INFO - Processed: shouldn (Level 2)
2025-08-19 16:51:56,706 - INFO - Processed: cholera (Level 2)
2025-08-19 16:51:59,133 - INFO - Processed: quota (Level 1)
2025-08-19 16:52:02,653 - INFO - Processed: meaning (Level 2)
2025-08-19 16:52:05,688 - INFO - Processed: claimed (Level 2)
2025-08-19 16:52:08,208 - INFO - Processed: incubate (Level 4)
2025-08-19 16:52:10,658 - INFO - Processed: consensus (Level 4)
2025-08-19 16:52:13,353 - INFO - Processed: swallow (Level 1)
2025-08-19 16:52:17,167 - INFO - Processed: larkspur (Level 2)
2025-08-19 16:52:22,824 - INFO - Processed: expanse (Level 2)
2025-08-19 16:52:25,479 - INFO - Processed: passage (Level 2)
2025-08-19 16:52:28,305 - INFO - Processed: log (Level 1)
2025-08-19 16:52:31,431 - INFO - Processed: sprue (Level 1)
2025-08-19 16:52:32,685 - WARNING - No definition found for 'sbrinz', adding to review list
2025-08-19 16:52:34,248 - INFO - Processed: sbrinz (Level 2)
2025-08-19 16:52:36,714 - INFO - Processed: yellow (Level 2)
2025-08-19 16:52:39,191 - INFO - Processed: aloof (Level 1)
2025-08-19 16:52:40,590 - WARNING - No definition found for 'haitian', adding to review list
2025-08-19 16:52:42,516 - INFO - Processed: haitian (Level 1)
2025-08-19 16:52:43,828 - WARNING - No definition found for 'congo', adding to review list
2025-08-19 16:52:45,283 - INFO - Processed: congo (Level 1)
2025-08-19 16:52:48,303 - INFO - Processed: haricot (Level 2)
2025-08-19 16:52:50,933 - INFO - Processed: leisure (Level 2)
2025-08-19 16:52:53,710 - INFO - Processed: joy (Level 1)
2025-08-19 16:52:57,369 - INFO - Processed: caesar (Level 2)
2025-08-19 16:52:58,769 - WARNING - No definition found for 'gilgamesh', adding to review list
2025-08-19 16:53:00,436 - INFO - Processed: gilgamesh (Level 3)
2025-08-19 16:53:01,696 - WARNING - No definition found for 'backgammonintuitable', adding to review list
2025-08-19 16:53:02,881 - INFO - Processed: backgammonintuitable (Level 5)
2025-08-19 16:53:05,334 - INFO - Processed: chief (Level 1)
2025-08-19 16:53:08,262 - INFO - Processed: aubergine (Level 4)
2025-08-19 16:53:09,637 - WARNING - No definition found for 'hegiraemoissanite', adding to review list
2025-08-19 16:53:10,915 - INFO - Processed: hegiraemoissanite (Level 5)
2025-08-19 16:53:13,671 - INFO - Processed: hemorrhage (Level 4)
2025-08-19 16:53:15,336 - WARNING - No definition found for 'curiecurmudgeon', adding to review list
2025-08-19 16:53:16,520 - INFO - Processed: curiecurmudgeon (Level 5)
2025-08-19 16:53:18,999 - INFO - Processed: eradicate (Level 3)
2025-08-19 16:53:22,477 - INFO - Processed: meditation (Level 2)
2025-08-19 16:53:25,045 - INFO - Processed: ablaze (Level 2)
2025-08-19 16:53:27,556 - INFO - Processed: divine (Level 2)
2025-08-19 16:53:30,003 - INFO - Processed: kindling (Level 4)
2025-08-19 16:53:32,837 - INFO - Processed: thumbs (Level 2)
2025-08-19 16:53:35,260 - INFO - Processed: pain (Level 1)
2025-08-19 16:53:38,179 - INFO - Processed: spellbound (Level 4)
2025-08-19 16:53:40,638 - INFO - Processed: hooey (Level 1)
2025-08-19 16:53:44,334 - INFO - Processed: fugue (Level 1)
2025-08-19 16:53:48,595 - INFO - Processed: ecclesiology (Level 3)
2025-08-19 16:53:49,843 - WARNING - No definition found for 'daliesque', adding to review list
2025-08-19 16:53:51,092 - INFO - Processed: daliesque (Level 1)
2025-08-19 16:53:52,347 - WARNING - No definition found for 'snsb', adding to review list
2025-08-19 16:53:53,566 - INFO - Processed: snsb (Level 1)
2025-08-19 16:53:56,271 - INFO - Processed: grab (Level 1)
2025-08-19 16:53:59,508 - INFO - Processed: argue (Level 1)
2025-08-19 16:54:02,966 - INFO - Processed: claws (Level 1)
2025-08-19 16:54:04,243 - WARNING - No definition found for 'rebuffrecanted', adding to review list
2025-08-19 16:54:05,422 - INFO - Processed: rebuffrecanted (Level 5)
2025-08-19 16:54:07,988 - INFO - Processed: festival (Level 3)
2025-08-19 16:54:10,732 - INFO - Processed: critters (Level 4)
2025-08-19 16:54:15,839 - INFO - Processed: invited (Level 2)
2025-08-19 16:54:19,886 - INFO - Processed: calories (Level 1)
2025-08-19 16:54:22,329 - INFO - Processed: obstetrician (Level 4)
2025-08-19 16:54:24,821 - INFO - Processed: namesake (Level 4)
2025-08-19 16:54:28,411 - INFO - Processed: milieu (Level 1)
2025-08-19 16:54:29,781 - WARNING - No definition found for 'shaanxinoun', adding to review list
2025-08-19 16:54:30,971 - INFO - Processed: shaanxinoun (Level 4)
2025-08-19 16:54:33,421 - INFO - Processed: decorative (Level 3)
2025-08-19 16:54:34,779 - WARNING - No definition found for 'peru', adding to review list
2025-08-19 16:54:36,070 - INFO - Processed: peru (Level 1)
2025-08-19 16:54:41,472 - INFO - Processed: kodak (Level 1)
2025-08-19 16:54:44,004 - INFO - Processed: samosas (Level 2)
2025-08-19 16:54:46,936 - INFO - Processed: tasers (Level 2)
2025-08-19 16:54:50,011 - INFO - Processed: cohosh (Level 2)
2025-08-19 16:54:54,820 - INFO - Processed: scythe (Level 2)
2025-08-19 16:54:57,474 - INFO - Processed: giraffes (Level 3)
2025-08-19 16:54:59,462 - WARNING - No definition found for 'valvata', adding to review list
2025-08-19 16:55:00,726 - INFO - Processed: valvata (Level 2)
2025-08-19 16:55:03,301 - INFO - Processed: outright (Level 2)
2025-08-19 16:55:06,714 - INFO - Processed: penchant (Level 2)
2025-08-19 16:55:10,105 - INFO - Processed: polyglot (Level 2)
2025-08-19 16:55:11,476 - WARNING - No definition found for 'svarabhakti', adding to review list
2025-08-19 16:55:12,727 - INFO - Processed: svarabhakti (Level 4)
2025-08-19 16:55:15,251 - INFO - Processed: impeccable (Level 4)
2025-08-19 16:55:18,301 - INFO - Processed: collapsar (Level 2)
2025-08-19 16:55:25,171 - INFO - Processed: buckle (Level 1)
2025-08-19 16:55:28,168 - INFO - Processed: stalwart (Level 4)
2025-08-19 16:55:30,748 - INFO - Processed: circuitous (Level 4)
2025-08-19 16:55:33,358 - INFO - Processed: demonstrative (Level 4)
2025-08-19 16:55:35,798 - INFO - Processed: bell (Level 1)
2025-08-19 16:55:37,084 - WARNING - No definition found for 'acequia', adding to review list
2025-08-19 16:55:38,320 - INFO - Processed: acequia (Level 1)
2025-08-19 16:55:41,501 - INFO - Processed: varnish (Level 2)
2025-08-19 16:55:44,107 - INFO - Processed: senate (Level 2)
2025-08-19 16:55:45,410 - WARNING - No definition found for 'belgium', adding to review list
2025-08-19 16:55:46,668 - INFO - Processed: belgium (Level 2)
2025-08-19 16:55:46,991 - INFO - Checkpoint saved: 6100 words
2025-08-19 16:55:46,993 - INFO - Checkpoint saved after batch 61
2025-08-19 16:55:46,993 - INFO - Processing batch 62 (6101-6200 of 10114)
2025-08-19 16:55:49,529 - INFO - Processed: winner (Level 2)
2025-08-19 16:55:52,112 - INFO - Processed: matching (Level 2)
2025-08-19 16:55:54,978 - INFO - Processed: oracle (Level 2)
2025-08-19 16:55:57,741 - INFO - Processed: slimy (Level 1)
2025-08-19 16:55:59,099 - WARNING - No definition found for 'vanuatu', adding to review list
2025-08-19 16:56:00,382 - INFO - Processed: vanuatu (Level 2)
2025-08-19 16:56:02,930 - INFO - Processed: corybantic (Level 4)
2025-08-19 16:56:04,240 - WARNING - No definition found for 'abstrusenephrolith', adding to review list
2025-08-19 16:56:05,529 - INFO - Processed: abstrusenephrolith (Level 5)
2025-08-19 16:56:12,004 - INFO - Processed: flat (Level 1)
2025-08-19 16:56:14,991 - INFO - Processed: insights (Level 4)
2025-08-19 16:56:17,390 - INFO - Processed: successful (Level 4)
2025-08-19 16:56:19,895 - INFO - Processed: blatant (Level 2)
2025-08-19 16:56:22,708 - INFO - Processed: brim (Level 1)
2025-08-19 16:56:25,204 - INFO - Processed: illicitly (Level 4)
2025-08-19 16:56:28,225 - INFO - Processed: lifelong (Level 4)
2025-08-19 16:56:30,028 - WARNING - No definition found for 'senescent', adding to review list
2025-08-19 16:56:31,280 - INFO - Processed: senescent (Level 3)
2025-08-19 16:56:34,370 - INFO - Processed: adorned (Level 2)
2025-08-19 16:56:37,003 - INFO - Processed: stand (Level 1)
2025-08-19 16:56:39,871 - INFO - Processed: catarrh (Level 2)
2025-08-19 16:56:42,449 - INFO - Processed: corm (Level 1)
2025-08-19 16:56:44,869 - INFO - Processed: therefore (Level 4)
2025-08-19 16:56:46,468 - WARNING - No definition found for 'colquitt', adding to review list
2025-08-19 16:56:47,715 - INFO - Processed: colquitt (Level 3)
2025-08-19 16:56:50,135 - INFO - Processed: rookery (Level 2)
2025-08-19 16:56:52,845 - INFO - Processed: bannock (Level 2)
2025-08-19 16:56:55,247 - INFO - Processed: reflection (Level 4)
2025-08-19 16:56:57,797 - INFO - Processed: oppidan (Level 2)
2025-08-19 16:57:00,339 - INFO - Processed: pamphlet (Level 1)
2025-08-19 16:57:03,110 - INFO - Processed: exhaust (Level 1)
2025-08-19 16:57:04,396 - WARNING - No definition found for 'briocheadumbrate', adding to review list
2025-08-19 16:57:05,651 - INFO - Processed: briocheadumbrate (Level 5)
2025-08-19 16:57:08,110 - INFO - Processed: steward (Level 2)
2025-08-19 16:57:11,224 - INFO - Processed: tullibee (Level 4)
2025-08-19 16:57:13,955 - INFO - Processed: published (Level 4)
2025-08-19 16:57:17,639 - INFO - Processed: realgar (Level 2)
2025-08-19 16:57:19,016 - WARNING - No definition found for 'spellingbee', adding to review list
2025-08-19 16:57:20,272 - INFO - Processed: spellingbee (Level 4)
2025-08-19 16:57:21,526 - WARNING - No definition found for 'dimorphism', adding to review list
2025-08-19 16:57:22,795 - INFO - Processed: dimorphism (Level 4)
2025-08-19 16:57:25,255 - INFO - Processed: antidote (Level 3)
2025-08-19 16:57:28,467 - INFO - Processed: crinoline (Level 4)
2025-08-19 16:57:31,162 - INFO - Processed: parliamentary (Level 4)
2025-08-19 16:57:34,140 - INFO - Processed: introduction (Level 4)
2025-08-19 16:57:36,727 - INFO - Processed: usufruct (Level 4)
2025-08-19 16:57:39,157 - INFO - Processed: infrastructure (Level 5)
2025-08-19 16:57:40,754 - WARNING - No definition found for 'lassoo', adding to review list
2025-08-19 16:57:42,337 - INFO - Processed: lassoo (Level 2)
2025-08-19 16:57:45,110 - INFO - Processed: prescient (Level 3)
2025-08-19 16:57:47,525 - INFO - Processed: dodge (Level 1)
2025-08-19 16:57:50,142 - INFO - Processed: skirmish (Level 4)
2025-08-19 16:57:52,576 - INFO - Processed: hunting (Level 2)
2025-08-19 16:57:55,151 - INFO - Processed: untenable (Level 4)
2025-08-19 16:57:57,302 - WARNING - No definition found for 'julius', adding to review list
2025-08-19 16:57:58,526 - INFO - Processed: julius (Level 2)
2025-08-19 16:58:01,565 - INFO - Processed: machete (Level 2)
2025-08-19 16:58:04,559 - INFO - Processed: rooibos (Level 2)
2025-08-19 16:58:06,253 - WARNING - No definition found for 'erre', adding to review list
2025-08-19 16:58:07,522 - INFO - Processed: erre (Level 1)
2025-08-19 16:58:11,145 - INFO - Processed: forsook (Level 2)
2025-08-19 16:58:13,851 - INFO - Processed: scarcely (Level 2)
2025-08-19 16:58:16,878 - INFO - Processed: frosty (Level 2)
2025-08-19 16:58:19,556 - INFO - Processed: rotten (Level 2)
2025-08-19 16:58:22,566 - INFO - Processed: syncope (Level 2)
2025-08-19 16:58:26,624 - INFO - Processed: scared (Level 2)
2025-08-19 16:58:29,325 - INFO - Processed: chasm (Level 1)
2025-08-19 16:58:32,313 - INFO - Processed: skeptical (Level 4)
2025-08-19 16:58:35,572 - INFO - Processed: tongued (Level 2)
2025-08-19 16:58:38,532 - INFO - Processed: coarse (Level 2)
2025-08-19 16:58:40,273 - WARNING - No definition found for 'approbatory', adding to review list
2025-08-19 16:58:41,808 - INFO - Processed: approbatory (Level 4)
2025-08-19 16:58:44,788 - INFO - Processed: oscillation (Level 3)
2025-08-19 16:58:47,420 - INFO - Processed: vestments (Level 3)
2025-08-19 16:58:50,584 - INFO - Processed: abandon (Level 2)
2025-08-19 16:58:53,330 - INFO - Processed: move (Level 1)
2025-08-19 16:58:56,342 - INFO - Processed: empire (Level 2)
2025-08-19 16:58:59,118 - INFO - Processed: strain (Level 2)
2025-08-19 16:59:01,213 - WARNING - No definition found for 'pasilla', adding to review list
2025-08-19 16:59:03,455 - INFO - Processed: pasilla (Level 2)
2025-08-19 16:59:05,207 - WARNING - No definition found for 'daoism', adding to review list
2025-08-19 16:59:07,102 - INFO - Processed: daoism (Level 2)
2025-08-19 16:59:09,971 - INFO - Processed: zirconium (Level 4)
2025-08-19 16:59:12,662 - INFO - Processed: flamboyant (Level 4)
2025-08-19 16:59:16,143 - INFO - Processed: hawsers (Level 2)
2025-08-19 16:59:19,874 - INFO - Processed: dudgeon (Level 2)
2025-08-19 16:59:22,932 - INFO - Processed: hamstring (Level 1)
2025-08-19 16:59:24,744 - WARNING - No definition found for 'pinyondysfunctional', adding to review list
2025-08-19 16:59:26,002 - INFO - Processed: pinyondysfunctional (Level 5)
2025-08-19 16:59:29,035 - INFO - Processed: drowsy (Level 2)
2025-08-19 16:59:31,946 - INFO - Processed: legato (Level 2)
2025-08-19 16:59:35,285 - INFO - Processed: tempura (Level 2)
2025-08-19 16:59:38,007 - INFO - Processed: arborio (Level 2)
2025-08-19 16:59:40,453 - INFO - Processed: pious (Level 1)
2025-08-19 16:59:43,353 - INFO - Processed: example (Level 2)
2025-08-19 16:59:46,015 - INFO - Processed: wardrobe (Level 2)
2025-08-19 16:59:49,666 - INFO - Processed: corporate (Level 2)
2025-08-19 16:59:52,911 - INFO - Processed: noxious (Level 2)
2025-08-19 16:59:55,893 - INFO - Processed: everlasting (Level 4)
2025-08-19 16:59:57,606 - WARNING - No definition found for 'smithereenscurator', adding to review list
2025-08-19 16:59:58,823 - INFO - Processed: smithereenscurator (Level 5)
2025-08-19 17:00:01,419 - INFO - Processed: swimming (Level 3)
2025-08-19 17:00:05,273 - INFO - Processed: jigsaw (Level 2)
2025-08-19 17:00:08,017 - INFO - Processed: cedar (Level 1)
2025-08-19 17:00:10,995 - INFO - Processed: mansard (Level 1)
2025-08-19 17:00:12,187 - WARNING - No definition found for 'duddy', adding to review list
2025-08-19 17:00:13,377 - INFO - Processed: duddy (Level 1)
2025-08-19 17:00:16,587 - INFO - Processed: banquet (Level 2)
2025-08-19 17:00:19,600 - INFO - Processed: recruit (Level 2)
2025-08-19 17:00:22,497 - INFO - Processed: uproar (Level 2)
2025-08-19 17:00:25,298 - INFO - Processed: economic (Level 3)
2025-08-19 17:00:27,936 - INFO - Processed: tug (Level 1)
2025-08-19 17:00:31,588 - INFO - Processed: mitochondria (Level 4)
2025-08-19 17:00:37,848 - INFO - Processed: polymerized (Level 4)
2025-08-19 17:00:43,280 - INFO - Processed: elucidate (Level 3)
2025-08-19 17:00:47,775 - INFO - Processed: molasses (Level 4)
2025-08-19 17:00:48,173 - INFO - Checkpoint saved: 6200 words
2025-08-19 17:00:48,176 - INFO - Checkpoint saved after batch 62
2025-08-19 17:00:48,176 - INFO - Processing batch 63 (6201-6300 of 10114)
2025-08-19 17:00:51,256 - INFO - Processed: gallant (Level 2)
2025-08-19 17:00:54,421 - INFO - Processed: asylee (Level 2)
2025-08-19 17:01:02,725 - ERROR - Error fetching dictionary data for 'pompous': ('Connection aborted.', ConnectionResetError(10054, 'An existing connection was forcibly closed by the remote host', None, 10054, None))
2025-08-19 17:01:02,878 - WARNING - No definition found for 'pompous', adding to review list
2025-08-19 17:01:04,356 - INFO - Processed: pompous (Level 2)
2025-08-19 17:01:07,835 - INFO - Processed: catachresis (Level 4)
2025-08-19 17:01:13,821 - INFO - Processed: iambic (Level 2)
2025-08-19 17:01:17,253 - INFO - Processed: vial (Level 1)
2025-08-19 17:01:21,187 - INFO - Processed: duello (Level 2)
2025-08-19 17:01:27,661 - ERROR - Error fetching dictionary data for 'squirm': ('Connection aborted.', ConnectionResetError(10054, 'An existing connection was forcibly closed by the remote host', None, 10054, None))
2025-08-19 17:01:27,661 - WARNING - No definition found for 'squirm', adding to review list
2025-08-19 17:01:28,945 - INFO - Processed: squirm (Level 2)
2025-08-19 17:01:31,661 - INFO - Processed: baroque (Level 1)
2025-08-19 17:01:34,665 - INFO - Processed: functionary (Level 3)
2025-08-19 17:01:39,382 - INFO - Processed: available (Level 4)
2025-08-19 17:01:41,199 - WARNING - No definition found for 'ushuaia', adding to review list
2025-08-19 17:01:42,595 - INFO - Processed: ushuaia (Level 2)
2025-08-19 17:01:46,078 - INFO - Processed: chihuahua (Level 4)
2025-08-19 17:01:51,685 - INFO - Processed: antiquarian (Level 4)
2025-08-19 17:01:55,493 - INFO - Processed: empirical (Level 1)
2025-08-19 17:01:58,238 - INFO - Processed: rebuke (Level 2)
2025-08-19 17:02:01,289 - INFO - Processed: drumlin (Level 2)
2025-08-19 17:02:09,590 - INFO - Processed: piscivorous (Level 4)
2025-08-19 17:02:12,404 - INFO - Processed: aim (Level 1)
2025-08-19 17:02:15,317 - INFO - Processed: tenement (Level 4)
2025-08-19 17:02:17,903 - INFO - Processed: weather (Level 2)
2025-08-19 17:02:21,020 - INFO - Processed: nonpareil (Level 3)
2025-08-19 17:02:22,810 - WARNING - No definition found for 'pessimum', adding to review list
2025-08-19 17:02:24,453 - INFO - Processed: pessimum (Level 2)
2025-08-19 17:02:28,358 - INFO - Processed: background (Level 2)
2025-08-19 17:02:31,866 - INFO - Processed: adviser (Level 2)
2025-08-19 17:02:35,049 - INFO - Processed: cashier (Level 2)
2025-08-19 17:02:39,719 - INFO - Processed: chastise (Level 3)
2025-08-19 17:02:42,788 - INFO - Processed: gathering (Level 3)
2025-08-19 17:02:44,121 - WARNING - No definition found for 'ruscus', adding to review list
2025-08-19 17:02:45,453 - INFO - Processed: ruscus (Level 2)
2025-08-19 17:02:48,509 - INFO - Processed: proximo (Level 1)
2025-08-19 17:02:52,931 - INFO - Processed: transhumance (Level 4)
2025-08-19 17:02:57,020 - INFO - Processed: lunch (Level 1)
2025-08-19 17:02:58,349 - WARNING - No definition found for 'mandelbrot', adding to review list
2025-08-19 17:02:59,683 - INFO - Processed: mandelbrot (Level 4)
2025-08-19 17:03:03,398 - INFO - Processed: newsroom (Level 3)
2025-08-19 17:03:06,861 - WARNING - No definition found for 'unprepossessingbipolar', adding to review list
2025-08-19 17:03:08,319 - INFO - Processed: unprepossessingbipolar (Level 5)
2025-08-19 17:03:10,857 - WARNING - No definition found for 'nisi', adding to review list
2025-08-19 17:03:12,350 - INFO - Processed: nisi (Level 1)
2025-08-19 17:03:15,902 - INFO - Processed: restive (Level 2)
2025-08-19 17:03:28,395 - INFO - Processed: auklet (Level 2)
2025-08-19 17:03:33,094 - INFO - Processed: faith (Level 1)
2025-08-19 17:03:37,278 - INFO - Processed: galley (Level 2)
2025-08-19 17:03:40,507 - INFO - Processed: goofy (Level 1)
2025-08-19 17:03:43,740 - INFO - Processed: exoneration (Level 4)
2025-08-19 17:03:51,134 - ERROR - Error fetching dictionary data for 'parroting': ('Connection aborted.', ConnectionResetError(10054, 'An existing connection was forcibly closed by the remote host', None, 10054, None))
2025-08-19 17:03:51,134 - WARNING - No definition found for 'parroting', adding to review list
2025-08-19 17:03:52,603 - INFO - Processed: parroting (Level 4)
2025-08-19 17:03:55,991 - INFO - Processed: wrestle (Level 2)
2025-08-19 17:04:04,436 - INFO - Processed: crust (Level 1)
2025-08-19 17:04:07,241 - INFO - Processed: emphatic (Level 1)
2025-08-19 17:04:10,282 - INFO - Processed: rumor (Level 1)
2025-08-19 17:04:12,053 - WARNING - No definition found for 'gasiform', adding to review list
2025-08-19 17:04:13,652 - INFO - Processed: gasiform (Level 4)
2025-08-19 17:04:17,005 - INFO - Processed: peculiarities (Level 4)
2025-08-19 17:04:20,014 - INFO - Processed: inner (Level 1)
2025-08-19 17:04:22,741 - INFO - Processed: registrar (Level 4)
2025-08-19 17:04:25,953 - INFO - Processed: pyrotechnics (Level 4)
2025-08-19 17:04:29,166 - INFO - Processed: antacid (Level 2)
2025-08-19 17:04:32,473 - INFO - Processed: gurney (Level 1)
2025-08-19 17:04:35,829 - INFO - Processed: rhythmically (Level 4)
2025-08-19 17:04:39,000 - INFO - Processed: binomial (Level 4)
2025-08-19 17:04:41,893 - INFO - Processed: whee (Level 1)
2025-08-19 17:04:48,662 - INFO - Processed: sacrosanct (Level 4)
2025-08-19 17:04:51,500 - INFO - Processed: walk (Level 1)
2025-08-19 17:04:53,442 - WARNING - No definition found for 'equatoguinean', adding to review list
2025-08-19 17:04:54,809 - INFO - Processed: equatoguinean (Level 4)
2025-08-19 17:05:03,737 - INFO - Processed: nainsook (Level 2)
2025-08-19 17:05:08,080 - INFO - Processed: gelatin (Level 2)
2025-08-19 17:05:14,316 - ERROR - Error fetching dictionary data for 'foxes': ('Connection aborted.', ConnectionResetError(10054, 'An existing connection was forcibly closed by the remote host', None, 10054, None))
2025-08-19 17:05:14,316 - WARNING - No definition found for 'foxes', adding to review list
2025-08-19 17:05:15,647 - INFO - Processed: foxes (Level 1)
2025-08-19 17:05:17,402 - WARNING - No definition found for 'turken', adding to review list
2025-08-19 17:05:18,719 - INFO - Processed: turken (Level 2)
2025-08-19 17:05:24,425 - INFO - Processed: shoal (Level 1)
2025-08-19 17:05:27,449 - INFO - Processed: whet (Level 1)
2025-08-19 17:05:30,598 - INFO - Processed: northern (Level 3)
2025-08-19 17:05:33,717 - INFO - Processed: abracadabra (Level 3)
2025-08-19 17:05:41,557 - ERROR - Error fetching dictionary data for 'whidah': ('Connection aborted.', ConnectionResetError(10054, 'An existing connection was forcibly closed by the remote host', None, 10054, None))
2025-08-19 17:05:41,557 - WARNING - No definition found for 'whidah', adding to review list
2025-08-19 17:05:43,230 - INFO - Processed: whidah (Level 2)
2025-08-19 17:05:46,302 - INFO - Processed: spine (Level 1)
2025-08-19 17:05:52,008 - INFO - Processed: tradition (Level 4)
2025-08-19 17:05:55,109 - INFO - Processed: nerds (Level 1)
2025-08-19 17:05:58,148 - INFO - Processed: plenitude (Level 4)
2025-08-19 17:06:01,785 - INFO - Processed: fiddlehead (Level 3)
2025-08-19 17:06:06,769 - INFO - Processed: niacin (Level 2)
2025-08-19 17:06:09,682 - INFO - Processed: above (Level 1)
2025-08-19 17:06:11,485 - WARNING - No definition found for 'gimballed', adding to review list
2025-08-19 17:06:12,785 - INFO - Processed: gimballed (Level 3)
2025-08-19 17:06:16,923 - INFO - Processed: comparison (Level 4)
2025-08-19 17:06:20,809 - INFO - Processed: prosthetic (Level 2)
2025-08-19 17:06:22,614 - WARNING - No definition found for 'rigueur', adding to review list
2025-08-19 17:06:24,383 - INFO - Processed: rigueur (Level 2)
2025-08-19 17:06:27,463 - INFO - Processed: chestnut (Level 1)
2025-08-19 17:06:30,822 - INFO - Processed: cirque (Level 2)
2025-08-19 17:06:32,648 - WARNING - No definition found for 'moleculemonopolize', adding to review list
2025-08-19 17:06:33,988 - INFO - Processed: moleculemonopolize (Level 5)
2025-08-19 17:06:35,885 - WARNING - No definition found for 'fuddy', adding to review list
2025-08-19 17:06:37,266 - INFO - Processed: fuddy (Level 1)
2025-08-19 17:06:40,820 - INFO - Processed: adipose (Level 2)
2025-08-19 17:06:43,690 - INFO - Processed: exuberant (Level 4)
2025-08-19 17:06:47,372 - INFO - Processed: leks (Level 1)
2025-08-19 17:06:50,538 - INFO - Processed: innings (Level 2)
2025-08-19 17:06:53,908 - INFO - Processed: agnail (Level 2)
2025-08-19 17:06:56,414 - WARNING - No definition found for 'gazoz', adding to review list
2025-08-19 17:06:57,769 - INFO - Processed: gazoz (Level 1)
2025-08-19 17:06:59,500 - WARNING - No definition found for 'acade', adding to review list
2025-08-19 17:07:01,035 - INFO - Processed: acade (Level 1)
2025-08-19 17:07:04,052 - INFO - Processed: brevet (Level 1)
2025-08-19 17:07:06,769 - INFO - Processed: together (Level 4)
2025-08-19 17:07:11,226 - INFO - Processed: pencil (Level 1)
2025-08-19 17:07:14,661 - INFO - Processed: diligence (Level 4)
2025-08-19 17:07:17,819 - INFO - Processed: madrigal (Level 4)
2025-08-19 17:07:20,855 - INFO - Processed: oasis (Level 1)
2025-08-19 17:07:24,349 - INFO - Processed: harpoons (Level 4)
2025-08-19 17:07:27,226 - WARNING - No definition found for 'capillarycapnometer', adding to review list
2025-08-19 17:07:28,449 - INFO - Processed: capillarycapnometer (Level 5)
2025-08-19 17:07:31,422 - INFO - Processed: thimblerig (Level 1)
2025-08-19 17:07:31,789 - INFO - Checkpoint saved: 6300 words
2025-08-19 17:07:31,792 - INFO - Checkpoint saved after batch 63
2025-08-19 17:07:31,792 - INFO - Processing batch 64 (6301-6400 of 10114)
2025-08-19 17:07:33,529 - WARNING - No definition found for 'brucellosiswasteweir', adding to review list
2025-08-19 17:07:34,715 - INFO - Processed: brucellosiswasteweir (Level 5)
2025-08-19 17:07:37,552 - INFO - Processed: nuisance (Level 1)
2025-08-19 17:07:42,329 - INFO - Processed: squiggles (Level 2)
2025-08-19 17:07:45,580 - INFO - Processed: cerebellum (Level 4)
2025-08-19 17:07:47,989 - INFO - Processed: mufti (Level 1)
2025-08-19 17:07:51,321 - INFO - Processed: program (Level 2)
2025-08-19 17:07:54,071 - INFO - Processed: though (Level 2)
2025-08-19 17:07:56,956 - INFO - Processed: run (Level 1)
2025-08-19 17:07:59,999 - INFO - Processed: carabinieri (Level 3)
2025-08-19 17:08:01,249 - WARNING - No definition found for 'tractability', adding to review list
2025-08-19 17:08:02,752 - INFO - Processed: tractability (Level 4)
2025-08-19 17:08:05,603 - INFO - Processed: heuristic (Level 4)
2025-08-19 17:08:08,330 - INFO - Processed: ruminate (Level 4)
2025-08-19 17:08:11,336 - INFO - Processed: stowaway (Level 4)
2025-08-19 17:08:13,745 - INFO - Processed: supercilious (Level 4)
2025-08-19 17:08:16,851 - INFO - Processed: lobscouse (Level 4)
2025-08-19 17:08:20,860 - INFO - Processed: dirndl (Level 2)
2025-08-19 17:08:23,562 - INFO - Processed: bygone (Level 2)
2025-08-19 17:08:25,316 - WARNING - No definition found for 'sherifftarry', adding to review list
2025-08-19 17:08:26,509 - INFO - Processed: sherifftarry (Level 2)
2025-08-19 17:08:29,454 - INFO - Processed: kosher (Level 2)
2025-08-19 17:08:32,248 - INFO - Processed: nitrate (Level 2)
2025-08-19 17:08:33,995 - WARNING - No definition found for 'reboation', adding to review list
2025-08-19 17:08:35,208 - INFO - Processed: reboation (Level 4)
2025-08-19 17:08:38,256 - INFO - Processed: limelight (Level 4)
2025-08-19 17:08:41,087 - INFO - Processed: zapateado (Level 4)
2025-08-19 17:08:43,811 - INFO - Processed: telepathic (Level 4)
2025-08-19 17:08:46,940 - INFO - Processed: exercise (Level 4)
2025-08-19 17:08:49,985 - INFO - Processed: ibex (Level 1)
2025-08-19 17:08:51,968 - WARNING - No definition found for 'pisces', adding to review list
2025-08-19 17:08:53,341 - INFO - Processed: pisces (Level 2)
2025-08-19 17:08:55,045 - WARNING - No definition found for 'bric', adding to review list
2025-08-19 17:08:56,275 - INFO - Processed: bric (Level 1)
2025-08-19 17:08:57,551 - WARNING - No definition found for 'fortran', adding to review list
2025-08-19 17:08:58,747 - INFO - Processed: fortran (Level 2)
2025-08-19 17:09:00,517 - WARNING - No definition found for 'sashaywe', adding to review list
2025-08-19 17:09:01,889 - INFO - Processed: sashaywe (Level 3)
2025-08-19 17:09:05,316 - INFO - Processed: set (Level 1)
2025-08-19 17:09:08,202 - INFO - Processed: enforcement (Level 4)
2025-08-19 17:09:11,429 - INFO - Processed: birdie (Level 2)
2025-08-19 17:09:14,490 - INFO - Processed: hall (Level 1)
2025-08-19 17:09:17,645 - INFO - Processed: comfort (Level 1)
2025-08-19 17:09:21,010 - INFO - Processed: vehicular (Level 4)
2025-08-19 17:09:23,803 - INFO - Processed: probative (Level 4)
2025-08-19 17:09:26,760 - INFO - Processed: peplos (Level 2)
2025-08-19 17:09:29,613 - INFO - Processed: internet (Level 3)
2025-08-19 17:09:35,090 - ERROR - Error fetching dictionary data for 'parallax': ('Connection aborted.', ConnectionResetError(10054, 'An existing connection was forcibly closed by the remote host', None, 10054, None))
2025-08-19 17:09:35,090 - WARNING - No definition found for 'parallax', adding to review list
2025-08-19 17:09:36,323 - INFO - Processed: parallax (Level 4)
2025-08-19 17:09:39,373 - INFO - Processed: fowl (Level 1)
2025-08-19 17:09:41,120 - WARNING - No definition found for 'rastafarian', adding to review list
2025-08-19 17:09:42,593 - INFO - Processed: rastafarian (Level 4)
2025-08-19 17:09:49,031 - INFO - Processed: gouge (Level 1)
2025-08-19 17:09:50,320 - WARNING - No definition found for 'crookedly', adding to review list
2025-08-19 17:09:51,548 - INFO - Processed: crookedly (Level 3)
2025-08-19 17:09:54,326 - INFO - Processed: manuscript (Level 4)
2025-08-19 17:09:57,477 - INFO - Processed: drudgery (Level 2)
2025-08-19 17:10:00,173 - INFO - Processed: apron (Level 1)
2025-08-19 17:10:03,177 - INFO - Processed: tryptophan (Level 4)
2025-08-19 17:10:06,537 - INFO - Processed: racecourse (Level 3)
2025-08-19 17:10:10,974 - INFO - Processed: phonics (Level 2)
2025-08-19 17:10:13,355 - INFO - Processed: cupola (Level 2)
2025-08-19 17:10:16,299 - INFO - Processed: lacking (Level 2)
2025-08-19 17:10:22,664 - INFO - Processed: emissary (Level 4)
2025-08-19 17:10:26,229 - INFO - Processed: betony (Level 2)
2025-08-19 17:10:30,893 - ERROR - Error fetching dictionary data for 'evanescent': ('Connection aborted.', ConnectionResetError(10054, 'An existing connection was forcibly closed by the remote host', None, 10054, None))
2025-08-19 17:10:30,893 - WARNING - No definition found for 'evanescent', adding to review list
2025-08-19 17:10:32,165 - INFO - Processed: evanescent (Level 4)
2025-08-19 17:10:34,875 - INFO - Processed: shaped (Level 2)
2025-08-19 17:10:37,758 - INFO - Processed: wonder (Level 2)
2025-08-19 17:10:40,781 - INFO - Processed: rental (Level 2)
2025-08-19 17:10:42,661 - WARNING - No definition found for 'odysseus', adding to review list
2025-08-19 17:10:43,910 - INFO - Processed: odysseus (Level 4)
2025-08-19 17:10:46,721 - INFO - Processed: purple (Level 2)
2025-08-19 17:10:49,721 - INFO - Processed: vulpine (Level 2)
2025-08-19 17:10:52,816 - INFO - Processed: vermeil (Level 2)
2025-08-19 17:10:56,455 - INFO - Processed: zoomed (Level 2)
2025-08-19 17:10:59,195 - INFO - Processed: kobold (Level 2)
2025-08-19 17:11:01,858 - INFO - Processed: hypocaust (Level 3)
2025-08-19 17:11:03,145 - WARNING - No definition found for 'couverturecreances', adding to review list
2025-08-19 17:11:04,369 - INFO - Processed: couverturecreances (Level 5)
2025-08-19 17:11:07,675 - INFO - Processed: mahogany (Level 4)
2025-08-19 17:11:11,843 - INFO - Processed: pralltriller (Level 4)
2025-08-19 17:11:14,914 - INFO - Processed: pyrite (Level 2)
2025-08-19 17:11:16,919 - WARNING - No definition found for 'maternitybungee', adding to review list
2025-08-19 17:11:19,161 - INFO - Processed: maternitybungee (Level 5)
2025-08-19 17:11:20,463 - WARNING - No definition found for 'carragheenin', adding to review list
2025-08-19 17:11:23,273 - INFO - Processed: carragheenin (Level 4)
2025-08-19 17:11:26,005 - INFO - Processed: cuirass (Level 2)
2025-08-19 17:11:28,439 - INFO - Processed: termite (Level 2)
2025-08-19 17:11:29,696 - WARNING - No definition found for 'vizierialnoun', adding to review list
2025-08-19 17:11:30,916 - INFO - Processed: vizierialnoun (Level 4)
2025-08-19 17:11:35,295 - INFO - Processed: smart (Level 1)
2025-08-19 17:11:38,793 - INFO - Processed: batten (Level 2)
2025-08-19 17:11:40,583 - WARNING - No definition found for 'dispositionremonstrance', adding to review list
2025-08-19 17:11:41,796 - INFO - Processed: dispositionremonstrance (Level 5)
2025-08-19 17:11:44,481 - INFO - Processed: absent (Level 2)
2025-08-19 17:11:47,280 - INFO - Processed: born (Level 1)
2025-08-19 17:11:50,291 - INFO - Processed: anagrams (Level 1)
2025-08-19 17:11:52,109 - WARNING - No definition found for 'jeepney', adding to review list
2025-08-19 17:11:53,333 - INFO - Processed: jeepney (Level 2)
2025-08-19 17:11:56,317 - INFO - Processed: vinegar (Level 2)
2025-08-19 17:11:59,036 - INFO - Processed: wafer (Level 1)
2025-08-19 17:12:04,251 - INFO - Processed: galoot (Level 2)
2025-08-19 17:12:06,308 - WARNING - No definition found for 'decurion', adding to review list
2025-08-19 17:12:07,565 - INFO - Processed: decurion (Level 4)
2025-08-19 17:12:09,390 - WARNING - No definition found for 'beaumontage', adding to review list
2025-08-19 17:12:10,599 - INFO - Processed: beaumontage (Level 4)
2025-08-19 17:12:13,473 - INFO - Processed: quaver (Level 2)
2025-08-19 17:12:17,254 - INFO - Processed: oppugn (Level 2)
2025-08-19 17:12:20,128 - INFO - Processed: list (Level 1)
2025-08-19 17:12:22,931 - INFO - Processed: laughter (Level 2)
2025-08-19 17:12:25,922 - INFO - Processed: teflon (Level 1)
2025-08-19 17:12:28,856 - INFO - Processed: plus (Level 1)
2025-08-19 17:12:32,082 - INFO - Processed: streamlet (Level 2)
2025-08-19 17:12:34,983 - INFO - Processed: buckeye (Level 2)
2025-08-19 17:12:37,667 - INFO - Processed: penultimate (Level 4)
2025-08-19 17:12:39,384 - WARNING - No definition found for 'ataxiapageantry', adding to review list
2025-08-19 17:12:40,981 - INFO - Processed: ataxiapageantry (Level 5)
2025-08-19 17:12:44,932 - INFO - Processed: meridian (Level 4)
2025-08-19 17:12:47,658 - INFO - Processed: slow (Level 1)
2025-08-19 17:12:50,323 - INFO - Processed: partiality (Level 4)
2025-08-19 17:12:53,301 - INFO - Processed: rapidly (Level 2)
2025-08-19 17:12:53,693 - INFO - Checkpoint saved: 6400 words
2025-08-19 17:12:53,693 - INFO - Checkpoint saved after batch 64
2025-08-19 17:12:53,693 - INFO - Processing batch 65 (6401-6500 of 10114)
2025-08-19 17:12:57,540 - INFO - Processed: combed (Level 2)
2025-08-19 17:12:59,138 - WARNING - No definition found for 'portraitpraise', adding to review list
2025-08-19 17:13:00,385 - INFO - Processed: portraitpraise (Level 5)
2025-08-19 17:13:03,419 - INFO - Processed: greek (Level 1)
2025-08-19 17:13:06,366 - INFO - Processed: usable (Level 2)
2025-08-19 17:13:09,319 - INFO - Processed: panacea (Level 2)
2025-08-19 17:13:14,092 - INFO - Processed: organelle (Level 4)
2025-08-19 17:13:16,838 - INFO - Processed: short (Level 1)
2025-08-19 17:13:18,301 - WARNING - No definition found for 'camelot', adding to review list
2025-08-19 17:13:20,107 - INFO - Processed: camelot (Level 2)
2025-08-19 17:13:22,900 - WARNING - No definition found for 'adirondack', adding to review list
2025-08-19 17:13:24,134 - INFO - Processed: adirondack (Level 4)
2025-08-19 17:13:25,834 - WARNING - No definition found for 'trituration', adding to review list
2025-08-19 17:13:27,058 - INFO - Processed: trituration (Level 4)
2025-08-19 17:13:29,741 - INFO - Processed: inveterate (Level 4)
2025-08-19 17:13:32,674 - INFO - Processed: canterbury (Level 4)
2025-08-19 17:13:34,428 - WARNING - No definition found for 'klutzenvoy', adding to review list
2025-08-19 17:13:35,675 - INFO - Processed: klutzenvoy (Level 1)
2025-08-19 17:13:37,395 - WARNING - No definition found for 'asiatic', adding to review list
2025-08-19 17:13:38,682 - INFO - Processed: asiatic (Level 2)
2025-08-19 17:13:41,313 - INFO - Processed: narwhal (Level 2)
2025-08-19 17:13:43,938 - INFO - Processed: shepherd (Level 1)
2025-08-19 17:13:46,493 - INFO - Processed: agate (Level 1)
2025-08-19 17:13:48,202 - WARNING - No definition found for 'hydriotaphiahydrocortisone', adding to review list
2025-08-19 17:13:49,403 - INFO - Processed: hydriotaphiahydrocortisone (Level 5)
2025-08-19 17:13:52,366 - INFO - Processed: comic (Level 1)
2025-08-19 17:13:55,401 - INFO - Processed: pirouetted (Level 1)
2025-08-19 17:13:58,112 - INFO - Processed: pantomime (Level 4)
2025-08-19 17:13:59,944 - WARNING - No definition found for 'sacchar', adding to review list
2025-08-19 17:14:01,478 - INFO - Processed: sacchar (Level 2)
2025-08-19 17:14:07,710 - INFO - Processed: affenpinscher (Level 4)
2025-08-19 17:14:10,683 - INFO - Processed: secant (Level 2)
2025-08-19 17:14:13,724 - INFO - Processed: russet (Level 2)
2025-08-19 17:14:18,802 - INFO - Processed: cermet (Level 2)
2025-08-19 17:14:21,495 - INFO - Processed: soldier (Level 2)
2025-08-19 17:14:25,118 - INFO - Processed: stalagmite (Level 2)
2025-08-19 17:14:26,795 - WARNING - No definition found for 'espn', adding to review list
2025-08-19 17:14:28,017 - INFO - Processed: espn (Level 1)
2025-08-19 17:14:32,889 - INFO - Processed: ovation (Level 1)
2025-08-19 17:14:35,623 - INFO - Processed: countenance (Level 3)
2025-08-19 17:14:38,705 - INFO - Processed: ammonite (Level 4)
2025-08-19 17:14:41,980 - INFO - Processed: photogenic (Level 4)
2025-08-19 17:14:46,194 - INFO - Processed: distance (Level 1)
2025-08-19 17:14:47,935 - WARNING - No definition found for 'facundity', adding to review list
2025-08-19 17:14:49,176 - INFO - Processed: facundity (Level 4)
2025-08-19 17:14:50,986 - WARNING - No definition found for 'phosphorescent', adding to review list
2025-08-19 17:14:52,245 - INFO - Processed: phosphorescent (Level 5)
2025-08-19 17:14:55,943 - INFO - Processed: chugged (Level 2)
2025-08-19 17:14:57,639 - WARNING - No definition found for 'succorance', adding to review list
2025-08-19 17:14:59,345 - INFO - Processed: succorance (Level 4)
2025-08-19 17:15:02,430 - INFO - Processed: limiting (Level 4)
2025-08-19 17:15:05,514 - INFO - Processed: nomenclature (Level 4)
2025-08-19 17:15:08,635 - INFO - Processed: disembodied (Level 3)
2025-08-19 17:15:11,703 - INFO - Processed: taxonomic (Level 4)
2025-08-19 17:15:14,432 - INFO - Processed: literature (Level 4)
2025-08-19 17:15:16,259 - WARNING - No definition found for 'megacephalic', adding to review list
2025-08-19 17:15:17,493 - INFO - Processed: megacephalic (Level 4)
2025-08-19 17:15:19,290 - WARNING - No definition found for 'durango', adding to review list
2025-08-19 17:15:20,519 - INFO - Processed: durango (Level 2)
2025-08-19 17:15:23,383 - INFO - Processed: republic (Level 3)
2025-08-19 17:15:26,175 - INFO - Processed: picture (Level 2)
2025-08-19 17:15:28,627 - INFO - Processed: tabernacle (Level 4)
2025-08-19 17:15:30,340 - WARNING - No definition found for 'angolacontours', adding to review list
2025-08-19 17:15:31,588 - INFO - Processed: angolacontours (Level 5)
2025-08-19 17:15:34,471 - INFO - Processed: ronin (Level 1)
2025-08-19 17:15:37,919 - INFO - Processed: anabolic (Level 4)
2025-08-19 17:15:41,932 - INFO - Processed: winsome (Level 1)
2025-08-19 17:15:44,665 - INFO - Processed: summoning (Level 4)
2025-08-19 17:15:47,826 - INFO - Processed: oriel (Level 1)
2025-08-19 17:15:49,513 - WARNING - No definition found for 'dvorak', adding to review list
2025-08-19 17:15:52,101 - INFO - Processed: dvorak (Level 2)
2025-08-19 17:15:56,228 - INFO - Processed: linstock (Level 4)
2025-08-19 17:15:57,998 - WARNING - No definition found for 'doesn', adding to review list
2025-08-19 17:15:59,229 - INFO - Processed: doesn (Level 1)
2025-08-19 17:16:02,260 - INFO - Processed: bereavement (Level 4)
2025-08-19 17:16:04,388 - WARNING - No definition found for 'niagara', adding to review list
2025-08-19 17:16:06,795 - INFO - Processed: niagara (Level 2)
2025-08-19 17:16:09,678 - INFO - Processed: acorn (Level 1)
2025-08-19 17:16:12,870 - INFO - Processed: sweet (Level 1)
2025-08-19 17:16:15,579 - INFO - Processed: evaluate (Level 4)
2025-08-19 17:16:19,083 - INFO - Processed: horseradish (Level 4)
2025-08-19 17:16:23,306 - INFO - Processed: illustrator (Level 4)
2025-08-19 17:16:25,002 - WARNING - No definition found for 'iceni', adding to review list
2025-08-19 17:16:26,209 - INFO - Processed: iceni (Level 1)
2025-08-19 17:16:29,439 - INFO - Processed: olive (Level 1)
2025-08-19 17:16:32,382 - INFO - Processed: pineapple (Level 2)
2025-08-19 17:16:35,095 - INFO - Processed: compete (Level 2)
2025-08-19 17:16:38,928 - INFO - Processed: ficus (Level 1)
2025-08-19 17:16:42,224 - INFO - Processed: dictum (Level 2)
2025-08-19 17:16:45,233 - INFO - Processed: signatory (Level 1)
2025-08-19 17:16:48,163 - INFO - Processed: ranunculus (Level 3)
2025-08-19 17:16:51,096 - INFO - Processed: focaccia (Level 4)
2025-08-19 17:16:55,467 - INFO - Processed: barograph (Level 1)
2025-08-19 17:16:58,210 - INFO - Processed: dilapidated (Level 4)
2025-08-19 17:17:00,924 - INFO - Processed: mortgage (Level 1)
2025-08-19 17:17:03,741 - INFO - Processed: limbs (Level 1)
2025-08-19 17:17:06,859 - INFO - Processed: certiorari (Level 4)
2025-08-19 17:17:09,681 - INFO - Processed: mark (Level 1)
2025-08-19 17:17:12,378 - INFO - Processed: reservation (Level 4)
2025-08-19 17:17:14,056 - WARNING - No definition found for 'magellan', adding to review list
2025-08-19 17:17:15,291 - INFO - Processed: magellan (Level 1)
2025-08-19 17:17:17,211 - WARNING - No definition found for 'fermat', adding to review list
2025-08-19 17:17:18,914 - INFO - Processed: fermat (Level 2)
2025-08-19 17:17:22,360 - WARNING - No definition found for 'funori', adding to review list
2025-08-19 17:17:23,575 - INFO - Processed: funori (Level 2)
2025-08-19 17:17:26,622 - INFO - Processed: refuge (Level 2)
2025-08-19 17:17:29,630 - INFO - Processed: preened (Level 2)
2025-08-19 17:17:33,801 - INFO - Processed: fair (Level 1)
2025-08-19 17:17:36,527 - INFO - Processed: tumulus (Level 2)
2025-08-19 17:17:39,500 - INFO - Processed: whitefish (Level 3)
2025-08-19 17:17:41,275 - WARNING - No definition found for 'bulghur', adding to review list
2025-08-19 17:17:42,593 - INFO - Processed: bulghur (Level 2)
2025-08-19 17:17:47,407 - INFO - Processed: panache (Level 1)
2025-08-19 17:17:50,369 - INFO - Processed: pabulum (Level 2)
2025-08-19 17:17:53,332 - INFO - Processed: performed (Level 4)
2025-08-19 17:17:55,140 - WARNING - No definition found for 'panchen', adding to review list
2025-08-19 17:17:56,411 - INFO - Processed: panchen (Level 2)
2025-08-19 17:18:03,397 - INFO - Processed: ogres (Level 1)
2025-08-19 17:18:06,414 - INFO - Processed: polysyllabic (Level 4)
2025-08-19 17:18:07,745 - WARNING - No definition found for 'indolentdocumentary', adding to review list
2025-08-19 17:18:08,971 - INFO - Processed: indolentdocumentary (Level 5)
2025-08-19 17:18:10,468 - WARNING - No definition found for 'walter', adding to review list
2025-08-19 17:18:12,027 - INFO - Processed: walter (Level 2)
2025-08-19 17:18:15,305 - INFO - Processed: sequential (Level 3)
2025-08-19 17:18:17,073 - WARNING - No definition found for 'lambently', adding to review list
2025-08-19 17:18:18,666 - INFO - Processed: lambently (Level 4)
2025-08-19 17:18:21,635 - INFO - Processed: manure (Level 2)
2025-08-19 17:18:21,997 - INFO - Checkpoint saved: 6500 words
2025-08-19 17:18:22,002 - INFO - Checkpoint saved after batch 65
2025-08-19 17:18:22,002 - INFO - Processing batch 66 (6501-6600 of 10114)
2025-08-19 17:18:25,596 - INFO - Processed: colossal (Level 1)
2025-08-19 17:18:29,233 - INFO - Processed: toys (Level 1)
2025-08-19 17:18:31,911 - INFO - Processed: monotone (Level 4)
2025-08-19 17:18:34,567 - INFO - Processed: bulbous (Level 2)
2025-08-19 17:18:36,361 - WARNING - No definition found for 'recamier', adding to review list
2025-08-19 17:18:38,191 - INFO - Processed: recamier (Level 4)
2025-08-19 17:18:40,704 - INFO - Processed: oddity (Level 2)
2025-08-19 17:18:42,283 - WARNING - No definition found for 'pinkerton', adding to review list
2025-08-19 17:18:43,500 - INFO - Processed: pinkerton (Level 3)
2025-08-19 17:18:47,333 - INFO - Processed: premium (Level 1)
2025-08-19 17:18:50,259 - INFO - Processed: kidney (Level 2)
2025-08-19 17:18:51,951 - WARNING - No definition found for 'ruelle', adding to review list
2025-08-19 17:18:53,876 - INFO - Processed: ruelle (Level 2)
2025-08-19 17:18:56,604 - INFO - Processed: turnip (Level 1)
2025-08-19 17:18:59,336 - INFO - Processed: haven (Level 1)
2025-08-19 17:19:04,290 - INFO - Processed: strength (Level 4)
2025-08-19 17:19:07,021 - INFO - Processed: without (Level 2)
2025-08-19 17:19:10,024 - INFO - Processed: humbug (Level 2)
2025-08-19 17:19:14,596 - INFO - Processed: shipping (Level 4)
2025-08-19 17:19:18,990 - INFO - Processed: cubism (Level 2)
2025-08-19 17:19:22,160 - INFO - Processed: satisfactory (Level 3)
2025-08-19 17:19:24,860 - INFO - Processed: exhibition (Level 2)
2025-08-19 17:19:27,832 - INFO - Processed: classical (Level 4)
2025-08-19 17:19:30,756 - INFO - Processed: jaundiced (Level 4)
2025-08-19 17:19:34,124 - INFO - Processed: desman (Level 2)
2025-08-19 17:19:40,069 - INFO - Processed: concepts (Level 2)
2025-08-19 17:19:43,515 - INFO - Processed: infatuation (Level 3)
2025-08-19 17:19:45,983 - INFO - Processed: radioactivity (Level 4)
2025-08-19 17:19:48,999 - INFO - Processed: leguminous (Level 3)
2025-08-19 17:19:51,400 - INFO - Processed: churlish (Level 4)
2025-08-19 17:19:54,468 - INFO - Processed: snazzy (Level 2)
2025-08-19 17:19:57,495 - INFO - Processed: claustrophobia (Level 5)
2025-08-19 17:19:58,758 - WARNING - No definition found for 'royale', adding to review list
2025-08-19 17:19:59,990 - INFO - Processed: royale (Level 2)
2025-08-19 17:20:02,745 - INFO - Processed: bit (Level 1)
2025-08-19 17:20:05,228 - INFO - Processed: monstrosity (Level 3)
2025-08-19 17:20:06,969 - WARNING - No definition found for 'schedar', adding to review list
2025-08-19 17:20:08,193 - INFO - Processed: schedar (Level 2)
2025-08-19 17:20:10,643 - INFO - Processed: context (Level 2)
2025-08-19 17:20:13,457 - INFO - Processed: take (Level 1)
2025-08-19 17:20:15,856 - INFO - Processed: striking (Level 3)
2025-08-19 17:20:18,820 - INFO - Processed: magnolia (Level 4)
2025-08-19 17:20:21,247 - INFO - Processed: disembark (Level 1)
2025-08-19 17:20:24,021 - INFO - Processed: summary (Level 2)
2025-08-19 17:20:25,759 - WARNING - No definition found for 'achernar', adding to review list
2025-08-19 17:20:26,995 - INFO - Processed: achernar (Level 4)
2025-08-19 17:20:29,710 - INFO - Processed: species (Level 2)
2025-08-19 17:20:32,898 - INFO - Processed: absurdly (Level 3)
2025-08-19 17:20:36,291 - INFO - Processed: evince (Level 2)
2025-08-19 17:20:38,704 - INFO - Processed: perfection (Level 1)
2025-08-19 17:20:41,633 - INFO - Processed: tremulous (Level 3)
2025-08-19 17:20:44,584 - INFO - Processed: moribund (Level 3)
2025-08-19 17:20:47,954 - INFO - Processed: armadillo (Level 3)
2025-08-19 17:20:52,827 - INFO - Processed: leaking (Level 2)
2025-08-19 17:20:55,537 - INFO - Processed: bumblebee (Level 4)
2025-08-19 17:20:58,063 - INFO - Processed: dissolved (Level 1)
2025-08-19 17:21:00,598 - INFO - Processed: sprint (Level 2)
2025-08-19 17:21:03,716 - INFO - Processed: autodidact (Level 2)
2025-08-19 17:21:05,222 - WARNING - No definition found for 'american', adding to review list
2025-08-19 17:21:06,459 - INFO - Processed: american (Level 4)
2025-08-19 17:21:09,489 - INFO - Processed: psoriasis (Level 4)
2025-08-19 17:21:13,041 - INFO - Processed: amnesia (Level 2)
2025-08-19 17:21:15,851 - INFO - Processed: always (Level 2)
2025-08-19 17:21:19,685 - INFO - Processed: epicurean (Level 3)
2025-08-19 17:21:22,161 - WARNING - No definition found for 'viscidity', adding to review list
2025-08-19 17:21:24,090 - INFO - Processed: viscidity (Level 4)
2025-08-19 17:21:25,863 - WARNING - No definition found for 'perciatelli', adding to review list
2025-08-19 17:21:27,158 - INFO - Processed: perciatelli (Level 4)
2025-08-19 17:21:28,948 - WARNING - No definition found for 'pudibund', adding to review list
2025-08-19 17:21:30,303 - INFO - Processed: pudibund (Level 4)
2025-08-19 17:21:32,100 - WARNING - No definition found for 'pralltrillerpratique', adding to review list
2025-08-19 17:21:33,340 - INFO - Processed: pralltrillerpratique (Level 5)
2025-08-19 17:21:39,144 - INFO - Processed: zebras (Level 2)
2025-08-19 17:21:40,895 - WARNING - No definition found for 'toggenburg', adding to review list
2025-08-19 17:21:42,111 - INFO - Processed: toggenburg (Level 4)
2025-08-19 17:21:43,431 - WARNING - No definition found for 'contrivancecontumelious', adding to review list
2025-08-19 17:21:44,693 - INFO - Processed: contrivancecontumelious (Level 5)
2025-08-19 17:21:46,635 - WARNING - No definition found for 'abraum', adding to review list
2025-08-19 17:21:47,893 - INFO - Processed: abraum (Level 2)
2025-08-19 17:21:51,607 - INFO - Processed: recital (Level 2)
2025-08-19 17:21:54,192 - INFO - Processed: vertigo (Level 2)
2025-08-19 17:21:57,203 - INFO - Processed: infirm (Level 2)
2025-08-19 17:21:59,913 - INFO - Processed: squawk (Level 1)
2025-08-19 17:22:03,002 - INFO - Processed: witch (Level 1)
2025-08-19 17:22:05,088 - WARNING - No definition found for 'italian', adding to review list
2025-08-19 17:22:06,370 - INFO - Processed: italian (Level 2)
2025-08-19 17:22:09,488 - INFO - Processed: esthetic (Level 4)
2025-08-19 17:22:11,998 - INFO - Processed: whittle (Level 2)
2025-08-19 17:22:14,552 - INFO - Processed: bleat (Level 1)
2025-08-19 17:22:18,329 - INFO - Processed: consigliere (Level 4)
2025-08-19 17:22:20,964 - INFO - Processed: varsity (Level 2)
2025-08-19 17:22:22,668 - WARNING - No definition found for 'renvoinoun', adding to review list
2025-08-19 17:22:23,851 - INFO - Processed: renvoinoun (Level 3)
2025-08-19 17:22:26,572 - INFO - Processed: army (Level 1)
2025-08-19 17:22:28,540 - WARNING - No definition found for 'effraction', adding to review list
2025-08-19 17:22:30,418 - INFO - Processed: effraction (Level 4)
2025-08-19 17:22:33,311 - INFO - Processed: hat (Level 1)
2025-08-19 17:22:34,802 - WARNING - No definition found for 'hitler', adding to review list
2025-08-19 17:22:36,285 - INFO - Processed: hitler (Level 2)
2025-08-19 17:22:38,776 - INFO - Processed: nighttime (Level 3)
2025-08-19 17:22:41,791 - INFO - Processed: clouting (Level 2)
2025-08-19 17:22:45,293 - INFO - Processed: greens (Level 2)
2025-08-19 17:22:48,222 - INFO - Processed: linnet (Level 2)
2025-08-19 17:22:49,886 - WARNING - No definition found for 'ufologycholera', adding to review list
2025-08-19 17:22:51,088 - INFO - Processed: ufologycholera (Level 5)
2025-08-19 17:22:52,336 - WARNING - No definition found for 'hibernaculum', adding to review list
2025-08-19 17:22:54,454 - INFO - Processed: hibernaculum (Level 4)
2025-08-19 17:22:56,286 - WARNING - No definition found for 'anomaliped', adding to review list
2025-08-19 17:22:58,083 - INFO - Processed: anomaliped (Level 4)
2025-08-19 17:23:00,610 - INFO - Processed: ingratiate (Level 4)
2025-08-19 17:23:03,288 - INFO - Processed: correctly (Level 4)
2025-08-19 17:23:06,191 - INFO - Processed: treatise (Level 4)
2025-08-19 17:23:08,892 - INFO - Processed: astronaut (Level 4)
2025-08-19 17:23:13,695 - INFO - Processed: through (Level 2)
2025-08-19 17:23:16,154 - INFO - Processed: hermetically (Level 4)
2025-08-19 17:23:18,932 - INFO - Processed: venue (Level 1)
2025-08-19 17:23:22,002 - INFO - Processed: gilded (Level 2)
2025-08-19 17:23:26,488 - INFO - Processed: space (Level 1)
2025-08-19 17:23:28,924 - INFO - Processed: laminate (Level 1)
2025-08-19 17:23:31,925 - INFO - Processed: oubliette (Level 2)
2025-08-19 17:23:33,192 - WARNING - No definition found for 'jasmone', adding to review list
2025-08-19 17:23:34,830 - INFO - Processed: jasmone (Level 2)
2025-08-19 17:23:35,172 - INFO - Checkpoint saved: 6600 words
2025-08-19 17:23:35,172 - INFO - Checkpoint saved after batch 66
2025-08-19 17:23:35,172 - INFO - Processing batch 67 (6601-6700 of 10114)
2025-08-19 17:23:38,234 - INFO - Processed: isotopic (Level 3)
2025-08-19 17:23:40,809 - INFO - Processed: pachyderm (Level 3)
2025-08-19 17:23:43,714 - INFO - Processed: macadam (Level 2)
2025-08-19 17:23:46,915 - INFO - Processed: flitting (Level 3)
2025-08-19 17:23:52,823 - INFO - Processed: wave (Level 1)
2025-08-19 17:23:55,347 - INFO - Processed: cyanosis (Level 4)
2025-08-19 17:23:59,519 - INFO - Processed: afghan (Level 2)
2025-08-19 17:24:01,375 - WARNING - No definition found for 'narwal', adding to review list
2025-08-19 17:24:02,692 - INFO - Processed: narwal (Level 2)
2025-08-19 17:24:05,904 - INFO - Processed: wince (Level 1)
2025-08-19 17:24:08,371 - INFO - Processed: ransom (Level 2)
2025-08-19 17:24:11,968 - INFO - Processed: incomprehensible (Level 5)
2025-08-19 17:24:14,759 - INFO - Processed: macaque (Level 2)
2025-08-19 17:24:17,164 - INFO - Processed: opportunity (Level 2)
2025-08-19 17:24:19,840 - INFO - Processed: soundboard (Level 4)
2025-08-19 17:24:24,833 - INFO - Processed: performer (Level 4)
2025-08-19 17:24:27,622 - INFO - Processed: counterpart (Level 4)
2025-08-19 17:24:30,548 - INFO - Processed: badger (Level 2)
2025-08-19 17:24:32,950 - INFO - Processed: denominator (Level 4)
2025-08-19 17:24:36,075 - INFO - Processed: putty (Level 1)
2025-08-19 17:24:38,659 - INFO - Processed: corduroy (Level 4)
2025-08-19 17:24:41,740 - INFO - Processed: which (Level 1)
2025-08-19 17:24:44,466 - INFO - Processed: hope (Level 1)
2025-08-19 17:24:47,348 - INFO - Processed: poems (Level 1)
2025-08-19 17:24:50,851 - INFO - Processed: presumptuous (Level 3)
2025-08-19 17:24:53,943 - INFO - Processed: powwow (Level 2)
2025-08-19 17:24:56,651 - INFO - Processed: far (Level 1)
2025-08-19 17:24:59,293 - INFO - Processed: ocotillo (Level 2)
2025-08-19 17:25:01,741 - INFO - Processed: prone (Level 1)
2025-08-19 17:25:05,403 - INFO - Processed: regicide (Level 3)
2025-08-19 17:25:10,053 - INFO - Processed: vaporetto (Level 4)
2025-08-19 17:25:11,785 - WARNING - No definition found for 'hegirae', adding to review list
2025-08-19 17:25:13,016 - INFO - Processed: hegirae (Level 2)
2025-08-19 17:25:16,961 - INFO - Processed: habanero (Level 2)
2025-08-19 17:25:22,634 - INFO - Processed: litany (Level 2)
2025-08-19 17:25:25,710 - INFO - Processed: competitive (Level 4)
2025-08-19 17:25:28,519 - INFO - Processed: burgoo (Level 2)
2025-08-19 17:25:32,103 - INFO - Processed: finals (Level 2)
2025-08-19 17:25:34,670 - WARNING - No definition found for 'veronique', adding to review list
2025-08-19 17:25:35,905 - INFO - Processed: veronique (Level 2)
2025-08-19 17:25:37,158 - WARNING - No definition found for 'toploftical', adding to review list
2025-08-19 17:25:38,686 - INFO - Processed: toploftical (Level 4)
2025-08-19 17:25:39,968 - WARNING - No definition found for 'blanche', adding to review list
2025-08-19 17:25:41,164 - INFO - Processed: blanche (Level 1)
2025-08-19 17:25:43,699 - INFO - Processed: sheen (Level 1)
2025-08-19 17:25:44,954 - WARNING - No definition found for 'diatonicwith', adding to review list
2025-08-19 17:25:46,194 - INFO - Processed: diatonicwith (Level 4)
2025-08-19 17:25:49,161 - INFO - Processed: tamarack (Level 3)
2025-08-19 17:25:50,930 - WARNING - No definition found for 'utterable', adding to review list
2025-08-19 17:25:52,166 - INFO - Processed: utterable (Level 2)
2025-08-19 17:25:54,672 - INFO - Processed: lilliputian (Level 4)
2025-08-19 17:25:57,926 - INFO - Processed: decrepitude (Level 4)
2025-08-19 17:25:59,207 - WARNING - No definition found for 'exas', adding to review list
2025-08-19 17:26:00,450 - INFO - Processed: exas (Level 1)
2025-08-19 17:26:02,156 - WARNING - No definition found for 'chupacabraacadians', adding to review list
2025-08-19 17:26:03,401 - INFO - Processed: chupacabraacadians (Level 5)
2025-08-19 17:26:07,110 - INFO - Processed: hallowed (Level 3)
2025-08-19 17:26:09,779 - INFO - Processed: provincial (Level 4)
2025-08-19 17:26:12,872 - INFO - Processed: boucle (Level 2)
2025-08-19 17:26:15,753 - INFO - Processed: epaulette (Level 2)
2025-08-19 17:26:18,826 - INFO - Processed: kneeling (Level 3)
2025-08-19 17:26:21,836 - INFO - Processed: coop (Level 1)
2025-08-19 17:26:25,887 - INFO - Processed: kakapo (Level 2)
2025-08-19 17:26:29,049 - WARNING - No definition found for 'tinnient', adding to review list
2025-08-19 17:26:30,646 - INFO - Processed: tinnient (Level 4)
2025-08-19 17:26:33,619 - INFO - Processed: neonatology (Level 4)
2025-08-19 17:26:36,579 - INFO - Processed: interstellar (Level 4)
2025-08-19 17:26:40,699 - INFO - Processed: servitude (Level 4)
2025-08-19 17:26:43,445 - INFO - Processed: sometimes (Level 4)
2025-08-19 17:26:47,375 - INFO - Processed: irritability (Level 4)
2025-08-19 17:26:50,574 - INFO - Processed: ursine (Level 2)
2025-08-19 17:26:54,784 - INFO - Processed: gluten (Level 2)
2025-08-19 17:26:57,854 - INFO - Processed: glimpse (Level 1)
2025-08-19 17:27:00,866 - INFO - Processed: potato (Level 2)
2025-08-19 17:27:03,797 - INFO - Processed: corollary (Level 4)
2025-08-19 17:27:08,255 - INFO - Processed: crystalline (Level 4)
2025-08-19 17:27:10,958 - INFO - Processed: piety (Level 1)
2025-08-19 17:27:13,990 - INFO - Processed: snooty (Level 2)
2025-08-19 17:27:17,157 - INFO - Processed: tangerine (Level 4)
2025-08-19 17:27:22,387 - INFO - Processed: nirvana (Level 2)
2025-08-19 17:27:24,993 - INFO - Processed: completely (Level 3)
2025-08-19 17:27:27,999 - INFO - Processed: stylistic (Level 4)
2025-08-19 17:27:29,699 - WARNING - No definition found for 'eoaoadldrbl', adding to review list
2025-08-19 17:27:30,928 - INFO - Processed: eoaoadldrbl (Level 4)
2025-08-19 17:27:34,178 - WARNING - No definition found for 'fastuous', adding to review list
2025-08-19 17:27:35,937 - INFO - Processed: fastuous (Level 4)
2025-08-19 17:27:39,040 - INFO - Processed: modify (Level 2)
2025-08-19 17:27:42,003 - INFO - Processed: derived (Level 2)
2025-08-19 17:27:43,683 - WARNING - No definition found for 'vigilvincible', adding to review list
2025-08-19 17:27:44,996 - INFO - Processed: vigilvincible (Level 4)
2025-08-19 17:27:49,885 - INFO - Processed: squash (Level 2)
2025-08-19 17:27:52,823 - INFO - Processed: spritzed (Level 4)
2025-08-19 17:27:55,849 - INFO - Processed: mosaic (Level 2)
2025-08-19 17:27:58,842 - INFO - Processed: debit (Level 1)
2025-08-19 17:28:01,879 - INFO - Processed: followed (Level 2)
2025-08-19 17:28:05,534 - INFO - Processed: furuncle (Level 4)
2025-08-19 17:28:08,513 - INFO - Processed: porcupine (Level 2)
2025-08-19 17:28:10,236 - WARNING - No definition found for 'neptune', adding to review list
2025-08-19 17:28:11,458 - INFO - Processed: neptune (Level 2)
2025-08-19 17:28:14,342 - INFO - Processed: genet (Level 1)
2025-08-19 17:28:15,895 - WARNING - No definition found for 'algiers', adding to review list
2025-08-19 17:28:17,085 - INFO - Processed: algiers (Level 2)
2025-08-19 17:28:18,347 - WARNING - No definition found for 'barylambda', adding to review list
2025-08-19 17:28:19,577 - INFO - Processed: barylambda (Level 4)
2025-08-19 17:28:22,286 - INFO - Processed: instantly (Level 4)
2025-08-19 17:28:25,211 - INFO - Processed: fidgety (Level 2)
2025-08-19 17:28:27,012 - WARNING - No definition found for 'medias', adding to review list
2025-08-19 17:28:28,560 - INFO - Processed: medias (Level 2)
2025-08-19 17:28:31,731 - INFO - Processed: mound (Level 1)
2025-08-19 17:28:35,036 - INFO - Processed: ginger (Level 1)
2025-08-19 17:28:37,810 - INFO - Processed: reconnoiter (Level 4)
2025-08-19 17:28:41,151 - INFO - Processed: inlaid (Level 2)
2025-08-19 17:28:44,210 - INFO - Processed: baseball (Level 4)
2025-08-19 17:28:45,961 - WARNING - No definition found for 'everglades', adding to review list
2025-08-19 17:28:47,480 - INFO - Processed: everglades (Level 2)
2025-08-19 17:28:49,219 - WARNING - No definition found for 'smrti', adding to review list
2025-08-19 17:28:50,474 - INFO - Processed: smrti (Level 1)
2025-08-19 17:28:53,206 - INFO - Processed: less (Level 1)
2025-08-19 17:28:55,989 - INFO - Processed: follicle (Level 4)
2025-08-19 17:28:56,349 - INFO - Checkpoint saved: 6700 words
2025-08-19 17:28:56,349 - INFO - Checkpoint saved after batch 67
2025-08-19 17:28:56,349 - INFO - Processing batch 68 (6701-6800 of 10114)
2025-08-19 17:28:59,051 - INFO - Processed: yeoman (Level 1)
2025-08-19 17:29:01,478 - INFO - Processed: impenetrable (Level 3)
2025-08-19 17:29:02,738 - WARNING - No definition found for 'rambla', adding to review list
2025-08-19 17:29:03,999 - INFO - Processed: rambla (Level 2)
2025-08-19 17:29:07,077 - INFO - Processed: scarf (Level 1)
2025-08-19 17:29:10,137 - INFO - Processed: nidicolous (Level 4)
2025-08-19 17:29:11,870 - WARNING - No definition found for 'oman', adding to review list
2025-08-19 17:29:13,118 - INFO - Processed: oman (Level 1)
2025-08-19 17:29:16,481 - INFO - Processed: abolish (Level 2)
2025-08-19 17:29:19,364 - INFO - Processed: victimology (Level 4)
2025-08-19 17:29:21,103 - WARNING - No definition found for 'etruscan', adding to review list
2025-08-19 17:29:22,372 - INFO - Processed: etruscan (Level 2)
2025-08-19 17:29:23,658 - WARNING - No definition found for 'zyzomys', adding to review list
2025-08-19 17:29:24,881 - INFO - Processed: zyzomys (Level 2)
2025-08-19 17:29:27,670 - INFO - Processed: acceptance (Level 4)
2025-08-19 17:29:32,967 - INFO - Processed: span (Level 1)
2025-08-19 17:29:36,711 - INFO - Processed: souterrain (Level 2)
2025-08-19 17:29:39,776 - INFO - Processed: leonine (Level 2)
2025-08-19 17:29:41,506 - WARNING - No definition found for 'galatea', adding to review list
2025-08-19 17:29:42,839 - INFO - Processed: galatea (Level 2)
2025-08-19 17:29:46,678 - INFO - Processed: play (Level 1)
2025-08-19 17:29:49,674 - INFO - Processed: period (Level 2)
2025-08-19 17:29:52,149 - INFO - Processed: soiree (Level 2)
2025-08-19 17:29:54,830 - INFO - Processed: scold (Level 1)
2025-08-19 17:29:59,466 - INFO - Processed: origin (Level 2)
2025-08-19 17:30:02,241 - INFO - Processed: marooned (Level 4)
2025-08-19 17:30:05,862 - INFO - Processed: extradition (Level 4)
2025-08-19 17:30:08,916 - INFO - Processed: apocalypse (Level 2)
2025-08-19 17:30:10,813 - WARNING - No definition found for 'drahthaar', adding to review list
2025-08-19 17:30:12,551 - INFO - Processed: drahthaar (Level 4)
2025-08-19 17:30:14,308 - WARNING - No definition found for 'kildare', adding to review list
2025-08-19 17:30:15,530 - INFO - Processed: kildare (Level 2)
2025-08-19 17:30:18,697 - INFO - Processed: opulent (Level 2)
2025-08-19 17:30:21,535 - INFO - Processed: holiday (Level 2)
2025-08-19 17:30:26,825 - INFO - Processed: flippancy (Level 1)
2025-08-19 17:30:28,617 - WARNING - No definition found for 'disturbancewily', adding to review list
2025-08-19 17:30:29,856 - INFO - Processed: disturbancewily (Level 5)
2025-08-19 17:30:32,439 - INFO - Processed: sapphire (Level 4)
2025-08-19 17:30:34,176 - WARNING - No definition found for 'leanderpneumonia', adding to review list
2025-08-19 17:30:35,413 - INFO - Processed: leanderpneumonia (Level 5)
2025-08-19 17:30:39,954 - WARNING - No definition found for 'eucrasia', adding to review list
2025-08-19 17:30:41,246 - INFO - Processed: eucrasia (Level 4)
2025-08-19 17:30:43,787 - INFO - Processed: bauxite (Level 2)
2025-08-19 17:30:45,525 - WARNING - No definition found for 'neapolitan', adding to review list
2025-08-19 17:30:46,746 - INFO - Processed: neapolitan (Level 4)
2025-08-19 17:30:49,962 - INFO - Processed: muktuk (Level 2)
2025-08-19 17:30:53,031 - WARNING - No definition found for 'joie', adding to review list
2025-08-19 17:30:54,430 - INFO - Processed: joie (Level 1)
2025-08-19 17:30:57,374 - INFO - Processed: reconnoitre (Level 4)
2025-08-19 17:30:58,815 - WARNING - No definition found for 'usurpernoun', adding to review list
2025-08-19 17:31:00,037 - INFO - Processed: usurpernoun (Level 4)
2025-08-19 17:31:01,917 - WARNING - No definition found for 'nethinim', adding to review list
2025-08-19 17:31:03,610 - INFO - Processed: nethinim (Level 4)
2025-08-19 17:31:07,387 - INFO - Processed: troll (Level 1)
2025-08-19 17:31:10,442 - INFO - Processed: estimated (Level 3)
2025-08-19 17:31:12,289 - WARNING - No definition found for 'anionic', adding to review list
2025-08-19 17:31:14,125 - INFO - Processed: anionic (Level 2)
2025-08-19 17:31:17,433 - INFO - Processed: zazen (Level 1)
2025-08-19 17:31:18,998 - WARNING - No definition found for 'eburnean', adding to review list
2025-08-19 17:31:20,255 - INFO - Processed: eburnean (Level 4)
2025-08-19 17:31:23,246 - INFO - Processed: explode (Level 2)
2025-08-19 17:31:30,722 - INFO - Processed: scrutiny (Level 4)
2025-08-19 17:31:33,808 - INFO - Processed: thoracic (Level 3)
2025-08-19 17:31:36,804 - INFO - Processed: sebaceous (Level 2)
2025-08-19 17:31:41,128 - INFO - Processed: lamentable (Level 2)
2025-08-19 17:31:44,742 - INFO - Processed: brambles (Level 1)
2025-08-19 17:31:46,504 - WARNING - No definition found for 'wittselbach', adding to review list
2025-08-19 17:31:47,723 - INFO - Processed: wittselbach (Level 4)
2025-08-19 17:31:49,531 - WARNING - No definition found for 'michigander', adding to review list
2025-08-19 17:31:50,739 - INFO - Processed: michigander (Level 4)
2025-08-19 17:31:54,766 - INFO - Processed: musings (Level 2)
2025-08-19 17:31:57,781 - INFO - Processed: afar (Level 1)
2025-08-19 17:32:00,885 - INFO - Processed: deference (Level 2)
2025-08-19 17:32:03,964 - INFO - Processed: chiasmus (Level 3)
2025-08-19 17:32:08,453 - INFO - Processed: disembogue (Level 4)
2025-08-19 17:32:11,412 - INFO - Processed: considerable (Level 4)
2025-08-19 17:32:14,439 - INFO - Processed: vicarious (Level 4)
2025-08-19 17:32:17,173 - INFO - Processed: dopamine (Level 4)
2025-08-19 17:32:21,848 - INFO - Processed: squinched (Level 3)
2025-08-19 17:32:23,573 - WARNING - No definition found for 'anaglyphy', adding to review list
2025-08-19 17:32:24,801 - INFO - Processed: anaglyphy (Level 4)
2025-08-19 17:32:26,497 - WARNING - No definition found for 'medici', adding to review list
2025-08-19 17:32:27,756 - INFO - Processed: medici (Level 2)
2025-08-19 17:32:30,178 - INFO - Processed: lachrymose (Level 2)
2025-08-19 17:32:33,462 - INFO - Processed: felt (Level 1)
2025-08-19 17:32:39,760 - INFO - Processed: yabbies (Level 2)
2025-08-19 17:32:42,707 - INFO - Processed: spanish (Level 2)
2025-08-19 17:32:46,102 - INFO - Processed: escalator (Level 4)
2025-08-19 17:32:48,470 - WARNING - No definition found for 'succourance', adding to review list
2025-08-19 17:32:49,699 - INFO - Processed: succourance (Level 4)
2025-08-19 17:32:52,766 - INFO - Processed: immiscible (Level 1)
2025-08-19 17:32:55,717 - INFO - Processed: sideways (Level 4)
2025-08-19 17:32:58,816 - INFO - Processed: foliage (Level 1)
2025-08-19 17:33:02,470 - INFO - Processed: lasso (Level 1)
2025-08-19 17:33:05,459 - INFO - Processed: definition (Level 4)
2025-08-19 17:33:09,068 - INFO - Processed: queue (Level 1)
2025-08-19 17:33:12,358 - INFO - Processed: poncho (Level 2)
2025-08-19 17:33:15,564 - INFO - Processed: slovenly (Level 3)
2025-08-19 17:33:17,573 - WARNING - No definition found for 'geatish', adding to review list
2025-08-19 17:33:18,795 - INFO - Processed: geatish (Level 2)
2025-08-19 17:33:21,823 - INFO - Processed: apportion (Level 2)
2025-08-19 17:33:23,625 - WARNING - No definition found for 'dropsonde', adding to review list
2025-08-19 17:33:24,880 - INFO - Processed: dropsonde (Level 1)
2025-08-19 17:33:27,595 - INFO - Processed: ballroom (Level 4)
2025-08-19 17:33:30,550 - INFO - Processed: loved (Level 1)
2025-08-19 17:33:34,016 - INFO - Processed: stilton (Level 1)
2025-08-19 17:33:35,779 - WARNING - No definition found for 'mariposa', adding to review list
2025-08-19 17:33:37,041 - INFO - Processed: mariposa (Level 2)
2025-08-19 17:33:39,871 - INFO - Processed: crepuscular (Level 4)
2025-08-19 17:33:42,318 - INFO - Processed: serin (Level 1)
2025-08-19 17:33:43,864 - WARNING - No definition found for 'navaho', adding to review list
2025-08-19 17:33:45,198 - INFO - Processed: navaho (Level 2)
2025-08-19 17:33:48,217 - INFO - Processed: disclaimer (Level 3)
2025-08-19 17:33:50,846 - INFO - Processed: imperious (Level 4)
2025-08-19 17:33:53,862 - INFO - Processed: spoon (Level 1)
2025-08-19 17:34:00,308 - INFO - Processed: handle (Level 2)
2025-08-19 17:34:03,503 - INFO - Processed: nonchalance (Level 4)
2025-08-19 17:34:04,897 - WARNING - No definition found for 'saltatory', adding to review list
2025-08-19 17:34:06,495 - INFO - Processed: saltatory (Level 4)
2025-08-19 17:34:07,838 - WARNING - No definition found for 'macau', adding to review list
2025-08-19 17:34:09,251 - INFO - Processed: macau (Level 1)
2025-08-19 17:34:12,338 - INFO - Processed: dissuade (Level 2)
2025-08-19 17:34:15,335 - INFO - Processed: technique (Level 2)
2025-08-19 17:34:18,342 - INFO - Processed: cinematic (Level 3)
2025-08-19 17:34:20,017 - WARNING - No definition found for 'werf', adding to review list
2025-08-19 17:34:21,248 - INFO - Processed: werf (Level 1)
2025-08-19 17:34:24,075 - INFO - Processed: work (Level 1)
2025-08-19 17:34:27,118 - INFO - Processed: cocoon (Level 2)
2025-08-19 17:34:27,489 - INFO - Checkpoint saved: 6800 words
2025-08-19 17:34:27,489 - INFO - Checkpoint saved after batch 68
2025-08-19 17:34:27,489 - INFO - Processing batch 69 (6801-6900 of 10114)
2025-08-19 17:34:33,734 - ERROR - Error fetching dictionary data for 'duckling': ('Connection aborted.', ConnectionResetError(10054, 'An existing connection was forcibly closed by the remote host', None, 10054, None))
2025-08-19 17:34:33,761 - WARNING - No definition found for 'duckling', adding to review list
2025-08-19 17:34:35,013 - INFO - Processed: duckling (Level 2)
2025-08-19 17:34:37,959 - INFO - Processed: declension (Level 4)
2025-08-19 17:34:39,780 - WARNING - No definition found for 'hawok', adding to review list
2025-08-19 17:34:41,016 - INFO - Processed: hawok (Level 1)
2025-08-19 17:34:43,569 - WARNING - No definition found for 'sudation', adding to review list
2025-08-19 17:34:45,173 - INFO - Processed: sudation (Level 2)
2025-08-19 17:34:48,006 - INFO - Processed: eurhythmics (Level 4)
2025-08-19 17:34:49,725 - WARNING - No definition found for 'refugiumremuda', adding to review list
2025-08-19 17:34:50,938 - INFO - Processed: refugiumremuda (Level 5)
2025-08-19 17:34:53,524 - INFO - Processed: plantain (Level 4)
2025-08-19 17:34:56,062 - INFO - Processed: manufacture (Level 2)
2025-08-19 17:34:59,838 - INFO - Processed: free (Level 1)
2025-08-19 17:35:02,878 - INFO - Processed: furniture (Level 3)
2025-08-19 17:35:06,251 - INFO - Processed: dilemma (Level 2)
2025-08-19 17:35:09,208 - INFO - Processed: speed (Level 1)
2025-08-19 17:35:13,869 - INFO - Processed: gasped (Level 2)
2025-08-19 17:35:18,658 - INFO - Processed: acidophilus (Level 4)
2025-08-19 17:35:20,335 - WARNING - No definition found for 'affiche', adding to review list
2025-08-19 17:35:21,597 - INFO - Processed: affiche (Level 2)
2025-08-19 17:35:24,426 - INFO - Processed: sharp (Level 1)
2025-08-19 17:35:26,904 - INFO - Processed: allegedly (Level 4)
2025-08-19 17:35:28,423 - WARNING - No definition found for 'curtly', adding to review list
2025-08-19 17:35:29,690 - INFO - Processed: curtly (Level 2)
2025-08-19 17:35:33,359 - INFO - Processed: infringe (Level 2)
2025-08-19 17:35:36,367 - INFO - Processed: tote (Level 1)
2025-08-19 17:35:39,343 - INFO - Processed: kneecap (Level 2)
2025-08-19 17:35:42,135 - INFO - Processed: san (Level 1)
2025-08-19 17:35:45,183 - INFO - Processed: landmark (Level 1)
2025-08-19 17:35:48,968 - INFO - Processed: pomology (Level 4)
2025-08-19 17:35:51,737 - INFO - Processed: shout (Level 1)
2025-08-19 17:35:54,703 - INFO - Processed: organic (Level 1)
2025-08-19 17:35:57,688 - INFO - Processed: marginalize (Level 3)
2025-08-19 17:35:59,315 - WARNING - No definition found for 'opalescence', adding to review list
2025-08-19 17:36:00,538 - INFO - Processed: opalescence (Level 3)
2025-08-19 17:36:03,400 - INFO - Processed: gruel (Level 1)
2025-08-19 17:36:06,322 - INFO - Processed: millennial (Level 4)
2025-08-19 17:36:09,411 - INFO - Processed: papyrus (Level 2)
2025-08-19 17:36:12,097 - INFO - Processed: vitiate (Level 2)
2025-08-19 17:36:15,603 - INFO - Processed: farewell (Level 2)
2025-08-19 17:36:18,356 - INFO - Processed: veritable (Level 3)
2025-08-19 17:36:21,502 - INFO - Processed: frailty (Level 2)
2025-08-19 17:36:26,320 - INFO - Processed: amalgam (Level 2)
2025-08-19 17:36:28,340 - WARNING - No definition found for 'beaucoupbanal', adding to review list
2025-08-19 17:36:29,581 - INFO - Processed: beaucoupbanal (Level 2)
2025-08-19 17:36:30,888 - WARNING - No definition found for 'cathect', adding to review list
2025-08-19 17:36:32,219 - INFO - Processed: cathect (Level 2)
2025-08-19 17:36:35,397 - INFO - Processed: interjection (Level 4)
2025-08-19 17:36:39,891 - INFO - Processed: taverna (Level 2)
2025-08-19 17:36:43,128 - INFO - Processed: bhangra (Level 2)
2025-08-19 17:36:46,123 - INFO - Processed: condensation (Level 4)
2025-08-19 17:36:48,968 - INFO - Processed: senile (Level 1)
2025-08-19 17:36:50,989 - WARNING - No definition found for 'coqui', adding to review list
2025-08-19 17:36:52,767 - INFO - Processed: coqui (Level 1)
2025-08-19 17:36:56,437 - INFO - Processed: squall (Level 2)
2025-08-19 17:36:58,911 - INFO - Processed: fulminate (Level 4)
2025-08-19 17:37:01,878 - INFO - Processed: appear (Level 2)
2025-08-19 17:37:05,824 - INFO - Processed: revanche (Level 3)
2025-08-19 17:37:08,790 - INFO - Processed: another (Level 2)
2025-08-19 17:37:10,649 - WARNING - No definition found for 'llullaillaco', adding to review list
2025-08-19 17:37:11,874 - INFO - Processed: llullaillaco (Level 4)
2025-08-19 17:37:14,943 - INFO - Processed: headdress (Level 3)
2025-08-19 17:37:21,606 - INFO - Processed: molecule (Level 3)
2025-08-19 17:37:24,317 - INFO - Processed: halibut (Level 2)
2025-08-19 17:37:27,292 - INFO - Processed: fritillary (Level 4)
2025-08-19 17:37:29,795 - INFO - Processed: withered (Level 2)
2025-08-19 17:37:34,582 - INFO - Processed: saltern (Level 2)
2025-08-19 17:37:37,475 - INFO - Processed: puppeteer (Level 4)
2025-08-19 17:37:39,893 - INFO - Processed: bootless (Level 4)
2025-08-19 17:37:42,920 - INFO - Processed: shedding (Level 3)
2025-08-19 17:37:48,161 - INFO - Processed: destitution (Level 4)
2025-08-19 17:37:51,031 - INFO - Processed: vis (Level 1)
2025-08-19 17:37:52,832 - WARNING - No definition found for 'ogivalnoun', adding to review list
2025-08-19 17:37:54,051 - INFO - Processed: ogivalnoun (Level 3)
2025-08-19 17:37:56,540 - INFO - Processed: braille (Level 2)
2025-08-19 17:37:59,467 - INFO - Processed: derecho (Level 2)
2025-08-19 17:38:02,789 - INFO - Processed: consonants (Level 4)
2025-08-19 17:38:05,225 - INFO - Processed: adjudicate (Level 4)
2025-08-19 17:38:07,025 - WARNING - No definition found for 'scobiform', adding to review list
2025-08-19 17:38:08,249 - INFO - Processed: scobiform (Level 4)
2025-08-19 17:38:11,217 - INFO - Processed: frass (Level 1)
2025-08-19 17:38:14,515 - INFO - Processed: smug (Level 1)
2025-08-19 17:38:17,034 - INFO - Processed: alpargata (Level 4)
2025-08-19 17:38:19,545 - INFO - Processed: inkling (Level 2)
2025-08-19 17:38:21,981 - INFO - Processed: chicken (Level 2)
2025-08-19 17:38:24,547 - INFO - Processed: omnibus (Level 2)
2025-08-19 17:38:28,660 - INFO - Processed: pinniped (Level 4)
2025-08-19 17:38:31,101 - INFO - Processed: gone (Level 1)
2025-08-19 17:38:33,930 - INFO - Processed: pestilence (Level 4)
2025-08-19 17:38:36,970 - INFO - Processed: inevitable (Level 2)
2025-08-19 17:38:43,535 - INFO - Processed: nets (Level 1)
2025-08-19 17:38:45,899 - INFO - Processed: squeeze (Level 2)
2025-08-19 17:38:49,703 - INFO - Processed: riviera (Level 2)
2025-08-19 17:38:57,521 - INFO - Processed: laudatory (Level 4)
2025-08-19 17:39:00,180 - INFO - Processed: nouns (Level 1)
2025-08-19 17:39:03,206 - INFO - Processed: chimaera (Level 4)
2025-08-19 17:39:07,210 - INFO - Processed: pioneered (Level 3)
2025-08-19 17:39:09,984 - INFO - Processed: ufology (Level 2)
2025-08-19 17:39:13,027 - INFO - Processed: meiosis (Level 2)
2025-08-19 17:39:15,977 - INFO - Processed: aggravate (Level 3)
2025-08-19 17:39:17,462 - WARNING - No definition found for 'linsey', adding to review list
2025-08-19 17:39:20,263 - INFO - Processed: linsey (Level 2)
2025-08-19 17:39:24,234 - INFO - Processed: maneuverable (Level 4)
2025-08-19 17:39:26,656 - INFO - Processed: tunic (Level 1)
2025-08-19 17:39:29,438 - INFO - Processed: cicada (Level 2)
2025-08-19 17:39:34,939 - WARNING - No definition found for 'spellingboondoggle', adding to review list
2025-08-19 17:39:36,178 - INFO - Processed: spellingboondoggle (Level 5)
2025-08-19 17:39:38,601 - INFO - Processed: llama (Level 1)
2025-08-19 17:39:41,614 - INFO - Processed: characterized (Level 4)
2025-08-19 17:39:45,160 - INFO - Processed: chemistry (Level 4)
2025-08-19 17:39:51,141 - INFO - Processed: literacy (Level 1)
2025-08-19 17:39:53,692 - INFO - Processed: stockade (Level 4)
2025-08-19 17:39:56,137 - INFO - Processed: sophisticated (Level 4)
2025-08-19 17:39:58,211 - WARNING - No definition found for 'asado', adding to review list
2025-08-19 17:39:59,788 - INFO - Processed: asado (Level 1)
2025-08-19 17:40:03,210 - INFO - Processed: tallyho (Level 2)
2025-08-19 17:40:03,588 - INFO - Checkpoint saved: 6900 words
2025-08-19 17:40:03,588 - INFO - Checkpoint saved after batch 69
2025-08-19 17:40:03,588 - INFO - Processing batch 70 (6901-7000 of 10114)
2025-08-19 17:40:06,551 - INFO - Processed: travels (Level 2)
2025-08-19 17:40:09,484 - INFO - Processed: shine (Level 1)
2025-08-19 17:40:13,761 - INFO - Processed: perfect (Level 2)
2025-08-19 17:40:16,685 - INFO - Processed: metrical (Level 4)
2025-08-19 17:40:19,609 - INFO - Processed: pulverised (Level 2)
2025-08-19 17:40:22,546 - INFO - Processed: aptitude (Level 3)
2025-08-19 17:40:24,982 - INFO - Processed: suitable (Level 4)
2025-08-19 17:40:28,753 - INFO - Processed: stubble (Level 2)
2025-08-19 17:40:31,769 - INFO - Processed: proportional (Level 4)
2025-08-19 17:40:34,448 - INFO - Processed: come (Level 1)
2025-08-19 17:40:36,814 - INFO - Processed: gander (Level 1)
2025-08-19 17:40:39,546 - INFO - Processed: vireo (Level 1)
2025-08-19 17:40:42,562 - INFO - Processed: inwardly (Level 2)
2025-08-19 17:40:45,412 - INFO - Processed: accumulate (Level 3)
2025-08-19 17:40:48,390 - INFO - Processed: vellum (Level 2)
2025-08-19 17:40:51,360 - INFO - Processed: brayed (Level 1)
2025-08-19 17:40:54,372 - INFO - Processed: conclave (Level 4)
2025-08-19 17:40:56,810 - INFO - Processed: complaint (Level 3)
2025-08-19 17:40:59,457 - INFO - Processed: omen (Level 1)
2025-08-19 17:41:02,427 - INFO - Processed: continuum (Level 4)
2025-08-19 17:41:03,778 - WARNING - No definition found for 'testimonybeaucoup', adding to review list
2025-08-19 17:41:05,379 - INFO - Processed: testimonybeaucoup (Level 5)
2025-08-19 17:41:08,507 - INFO - Processed: tikka (Level 1)
2025-08-19 17:41:11,336 - INFO - Processed: burly (Level 1)
2025-08-19 17:41:14,085 - INFO - Processed: this (Level 1)
2025-08-19 17:41:16,775 - INFO - Processed: imminent (Level 2)
2025-08-19 17:41:18,048 - WARNING - No definition found for 'ireland', adding to review list
2025-08-19 17:41:19,353 - INFO - Processed: ireland (Level 2)
2025-08-19 17:41:20,841 - WARNING - No definition found for 'tsk', adding to review list
2025-08-19 17:41:22,326 - INFO - Processed: tsk (Level 1)
2025-08-19 17:41:25,484 - INFO - Processed: teachers (Level 2)
2025-08-19 17:41:28,850 - INFO - Processed: condyles (Level 2)
2025-08-19 17:41:32,210 - INFO - Processed: tumbling (Level 2)
2025-08-19 17:41:36,151 - INFO - Processed: tough (Level 1)
2025-08-19 17:41:38,898 - INFO - Processed: slab (Level 1)
2025-08-19 17:41:41,844 - INFO - Processed: malachite (Level 2)
2025-08-19 17:41:44,533 - INFO - Processed: version (Level 2)
2025-08-19 17:41:46,245 - WARNING - No definition found for 'bacteriolytic', adding to review list
2025-08-19 17:41:48,080 - INFO - Processed: bacteriolytic (Level 4)
2025-08-19 17:41:50,787 - INFO - Processed: faucet (Level 2)
2025-08-19 17:41:52,496 - WARNING - No definition found for 'panchreston', adding to review list
2025-08-19 17:41:53,670 - INFO - Processed: panchreston (Level 4)
2025-08-19 17:41:56,117 - INFO - Processed: bottom (Level 2)
2025-08-19 17:41:59,746 - INFO - Processed: snout (Level 1)
2025-08-19 17:42:05,151 - ERROR - Error fetching dictionary data for 'wieldscuppers': ('Connection aborted.', ConnectionResetError(10054, 'An existing connection was forcibly closed by the remote host', None, 10054, None))
2025-08-19 17:42:05,151 - WARNING - No definition found for 'wieldscuppers', adding to review list
2025-08-19 17:42:06,368 - INFO - Processed: wieldscuppers (Level 4)
2025-08-19 17:42:09,068 - INFO - Processed: publish (Level 2)
2025-08-19 17:42:11,507 - INFO - Processed: musketeers (Level 4)
2025-08-19 17:42:17,121 - INFO - Processed: charioteer (Level 3)
2025-08-19 17:42:18,868 - WARNING - No definition found for 'yuloh', adding to review list
2025-08-19 17:42:20,140 - INFO - Processed: yuloh (Level 1)
2025-08-19 17:42:23,129 - INFO - Processed: ascites (Level 2)
2025-08-19 17:42:26,076 - INFO - Processed: nonnegotiable (Level 4)
2025-08-19 17:42:29,962 - INFO - Processed: basilisk (Level 1)
2025-08-19 17:42:33,025 - INFO - Processed: rebarbative (Level 4)
2025-08-19 17:42:36,043 - INFO - Processed: veterinarian (Level 4)
2025-08-19 17:42:37,740 - WARNING - No definition found for 'minotaur', adding to review list
2025-08-19 17:42:39,206 - INFO - Processed: minotaur (Level 3)
2025-08-19 17:42:44,978 - INFO - Processed: oregano (Level 2)
2025-08-19 17:42:46,815 - WARNING - No definition found for 'silico', adding to review list
2025-08-19 17:42:48,031 - INFO - Processed: silico (Level 2)
2025-08-19 17:42:51,023 - INFO - Processed: bismillah (Level 4)
2025-08-19 17:42:53,654 - INFO - Processed: cataphora (Level 4)
2025-08-19 17:42:56,441 - INFO - Processed: seton (Level 1)
2025-08-19 17:42:58,827 - INFO - Processed: genius (Level 2)
2025-08-19 17:43:01,473 - INFO - Processed: obelisk (Level 2)
2025-08-19 17:43:04,151 - INFO - Processed: herbalist (Level 2)
2025-08-19 17:43:07,543 - INFO - Processed: conductor (Level 1)
2025-08-19 17:43:10,995 - INFO - Processed: genuine (Level 2)
2025-08-19 17:43:13,803 - INFO - Processed: appraisal (Level 4)
2025-08-19 17:43:16,703 - INFO - Processed: seine (Level 1)
2025-08-19 17:43:19,698 - INFO - Processed: midair (Level 2)
2025-08-19 17:43:22,327 - INFO - Processed: voyage (Level 2)
2025-08-19 17:43:24,847 - INFO - Processed: brown (Level 1)
2025-08-19 17:43:26,606 - WARNING - No definition found for 'patterndifficulty', adding to review list
2025-08-19 17:43:27,825 - INFO - Processed: patterndifficulty (Level 5)
2025-08-19 17:43:29,536 - WARNING - No definition found for 'nattily', adding to review list
2025-08-19 17:43:31,144 - INFO - Processed: nattily (Level 1)
2025-08-19 17:43:38,293 - INFO - Processed: eclectic (Level 4)
2025-08-19 17:43:40,706 - INFO - Processed: camera (Level 2)
2025-08-19 17:43:43,215 - INFO - Processed: wearisome (Level 3)
2025-08-19 17:43:46,586 - INFO - Processed: appeasement (Level 3)
2025-08-19 17:43:49,936 - INFO - Processed: face (Level 1)
2025-08-19 17:43:52,397 - INFO - Processed: noisy (Level 1)
2025-08-19 17:43:55,106 - INFO - Processed: today (Level 1)
2025-08-19 17:43:57,851 - INFO - Processed: station (Level 1)
2025-08-19 17:44:01,154 - INFO - Processed: marksmanship (Level 4)
2025-08-19 17:44:05,036 - INFO - Processed: blindfolded (Level 3)
2025-08-19 17:44:07,974 - INFO - Processed: wimple (Level 2)
2025-08-19 17:44:09,787 - WARNING - No definition found for 'brac', adding to review list
2025-08-19 17:44:11,012 - INFO - Processed: brac (Level 1)
2025-08-19 17:44:12,822 - WARNING - No definition found for 'carmagnole', adding to review list
2025-08-19 17:44:14,538 - INFO - Processed: carmagnole (Level 1)
2025-08-19 17:44:17,622 - INFO - Processed: cybernetics (Level 4)
2025-08-19 17:44:20,160 - INFO - Processed: tampered (Level 1)
2025-08-19 17:44:22,624 - INFO - Processed: johnson (Level 2)
2025-08-19 17:44:24,969 - INFO - Processed: worth (Level 1)
2025-08-19 17:44:29,229 - INFO - Processed: trillium (Level 4)
2025-08-19 17:44:32,848 - INFO - Processed: sawdust (Level 1)
2025-08-19 17:44:35,542 - INFO - Processed: pensive (Level 2)
2025-08-19 17:44:37,972 - INFO - Processed: proxy (Level 1)
2025-08-19 17:44:42,009 - INFO - Processed: information (Level 4)
2025-08-19 17:44:45,722 - INFO - Processed: dicey (Level 1)
2025-08-19 17:44:48,359 - INFO - Processed: clover (Level 2)
2025-08-19 17:44:51,239 - INFO - Processed: spiracle (Level 4)
2025-08-19 17:44:56,237 - INFO - Processed: should (Level 2)
2025-08-19 17:44:58,922 - INFO - Processed: ranked (Level 2)
2025-08-19 17:45:02,001 - INFO - Processed: mastering (Level 4)
2025-08-19 17:45:04,541 - INFO - Processed: pomegranate (Level 4)
2025-08-19 17:45:05,861 - WARNING - No definition found for 'brooklyn', adding to review list
2025-08-19 17:45:07,280 - INFO - Processed: brooklyn (Level 3)
2025-08-19 17:45:10,689 - INFO - Processed: dean (Level 1)
2025-08-19 17:45:13,343 - INFO - Processed: piecing (Level 2)
2025-08-19 17:45:17,776 - INFO - Processed: ignoble (Level 1)
2025-08-19 17:45:18,179 - INFO - Checkpoint saved: 7000 words
2025-08-19 17:45:18,182 - INFO - Checkpoint saved after batch 70
2025-08-19 17:45:18,183 - INFO - Processing batch 71 (7001-7100 of 10114)
2025-08-19 17:45:20,956 - INFO - Processed: dwindled (Level 3)
2025-08-19 17:45:22,208 - WARNING - No definition found for 'embroglio', adding to review list
2025-08-19 17:45:23,494 - INFO - Processed: embroglio (Level 1)
2025-08-19 17:45:26,645 - INFO - Processed: proud (Level 1)
2025-08-19 17:45:27,918 - WARNING - No definition found for 'jaimaica', adding to review list
2025-08-19 17:45:31,045 - INFO - Processed: jaimaica (Level 1)
2025-08-19 17:45:34,513 - INFO - Processed: rare (Level 1)
2025-08-19 17:45:35,766 - WARNING - No definition found for 'allonym', adding to review list
2025-08-19 17:45:36,985 - INFO - Processed: allonym (Level 2)
2025-08-19 17:45:38,629 - WARNING - No definition found for 'sourkrout', adding to review list
2025-08-19 17:45:39,846 - INFO - Processed: sourkrout (Level 4)
2025-08-19 17:45:45,955 - INFO - Processed: faltered (Level 2)
2025-08-19 17:45:49,027 - INFO - Processed: tarsier (Level 2)
2025-08-19 17:45:51,622 - INFO - Processed: mousse (Level 2)
2025-08-19 17:45:54,825 - INFO - Processed: horns (Level 1)
2025-08-19 17:45:59,056 - INFO - Processed: merchandise (Level 4)
2025-08-19 17:46:01,742 - INFO - Processed: mince (Level 1)
2025-08-19 17:46:03,446 - WARNING - No definition found for 'floridly', adding to review list
2025-08-19 17:46:04,686 - INFO - Processed: floridly (Level 4)
2025-08-19 17:46:07,362 - INFO - Processed: byzantine (Level 4)
2025-08-19 17:46:09,110 - WARNING - No definition found for 'telegnosis', adding to review list
2025-08-19 17:46:10,461 - INFO - Processed: telegnosis (Level 4)
2025-08-19 17:46:13,233 - INFO - Processed: despicable (Level 2)
2025-08-19 17:46:15,781 - INFO - Processed: sorbet (Level 2)
2025-08-19 17:46:18,311 - INFO - Processed: braggart (Level 2)
2025-08-19 17:46:20,012 - WARNING - No definition found for 'politeia', adding to review list
2025-08-19 17:46:21,403 - INFO - Processed: politeia (Level 1)
2025-08-19 17:46:26,104 - INFO - Processed: typewriter (Level 4)
2025-08-19 17:46:28,612 - INFO - Processed: encompass (Level 3)
2025-08-19 17:46:33,056 - INFO - Processed: animatronics (Level 4)
2025-08-19 17:46:36,244 - INFO - Processed: morphological (Level 4)
2025-08-19 17:46:39,244 - INFO - Processed: territory (Level 1)
2025-08-19 17:46:44,589 - INFO - Processed: wales (Level 1)
2025-08-19 17:46:46,192 - WARNING - No definition found for 'laudeevo', adding to review list
2025-08-19 17:46:47,416 - INFO - Processed: laudeevo (Level 3)
2025-08-19 17:46:49,920 - INFO - Processed: estancia (Level 4)
2025-08-19 17:46:52,451 - INFO - Processed: baby (Level 1)
2025-08-19 17:46:53,703 - WARNING - No definition found for 'sepulchralsangfroid', adding to review list
2025-08-19 17:46:54,917 - INFO - Processed: sepulchralsangfroid (Level 5)
2025-08-19 17:46:57,447 - INFO - Processed: verbiage (Level 3)
2025-08-19 17:47:00,480 - INFO - Processed: towhee (Level 2)
2025-08-19 17:47:02,891 - INFO - Processed: slide (Level 1)
2025-08-19 17:47:04,205 - WARNING - No definition found for 'manualthe', adding to review list
2025-08-19 17:47:05,426 - INFO - Processed: manualthe (Level 3)
2025-08-19 17:47:07,977 - INFO - Processed: pylorus (Level 2)
2025-08-19 17:47:10,022 - WARNING - No definition found for 'canaillecantatrice', adding to review list
2025-08-19 17:47:11,251 - INFO - Processed: canaillecantatrice (Level 5)
2025-08-19 17:47:13,709 - INFO - Processed: putrid (Level 2)
2025-08-19 17:47:16,684 - INFO - Processed: inched (Level 2)
2025-08-19 17:47:18,419 - WARNING - No definition found for 'pokery', adding to review list
2025-08-19 17:47:19,634 - INFO - Processed: pokery (Level 2)
2025-08-19 17:47:20,968 - WARNING - No definition found for 'hitchcockian', adding to review list
2025-08-19 17:47:22,343 - INFO - Processed: hitchcockian (Level 4)
2025-08-19 17:47:23,861 - WARNING - No definition found for 'phytophilous', adding to review list
2025-08-19 17:47:25,650 - INFO - Processed: phytophilous (Level 3)
2025-08-19 17:47:28,830 - INFO - Processed: eructation (Level 4)
2025-08-19 17:47:31,387 - INFO - Processed: shubunkin (Level 3)
2025-08-19 17:47:33,940 - INFO - Processed: potatoes (Level 4)
2025-08-19 17:47:35,179 - WARNING - No definition found for 'grousegubernatorial', adding to review list
2025-08-19 17:47:36,368 - INFO - Processed: grousegubernatorial (Level 5)
2025-08-19 17:47:37,669 - WARNING - No definition found for 'upanisads', adding to review list
2025-08-19 17:47:39,012 - INFO - Processed: upanisads (Level 2)
2025-08-19 17:47:42,606 - INFO - Processed: what (Level 1)
2025-08-19 17:47:45,237 - INFO - Processed: humour (Level 2)
2025-08-19 17:47:47,964 - INFO - Processed: year (Level 1)
2025-08-19 17:47:50,565 - INFO - Processed: daft (Level 1)
2025-08-19 17:47:54,123 - INFO - Processed: exciting (Level 3)
2025-08-19 17:47:56,756 - INFO - Processed: porcine (Level 2)
2025-08-19 17:47:59,468 - INFO - Processed: stumble (Level 2)
2025-08-19 17:48:01,898 - INFO - Processed: palliative (Level 3)
2025-08-19 17:48:04,636 - INFO - Processed: decades (Level 2)
2025-08-19 17:48:07,996 - INFO - Processed: loupe (Level 1)
2025-08-19 17:48:09,734 - WARNING - No definition found for 'glengarry', adding to review list
2025-08-19 17:48:11,276 - INFO - Processed: glengarry (Level 4)
2025-08-19 17:48:13,775 - INFO - Processed: sudoku (Level 2)
2025-08-19 17:48:14,919 - WARNING - No definition found for 'look', adding to review list
2025-08-19 17:48:16,189 - INFO - Processed: look (Level 1)
2025-08-19 17:48:19,511 - INFO - Processed: kelvin (Level 2)
2025-08-19 17:48:22,175 - INFO - Processed: magician (Level 4)
2025-08-19 17:48:24,718 - INFO - Processed: quotidian (Level 4)
2025-08-19 17:48:27,349 - INFO - Processed: membrane (Level 4)
2025-08-19 17:48:29,823 - INFO - Processed: besieged (Level 4)
2025-08-19 17:48:32,002 - WARNING - No definition found for 'glyceraldehyde', adding to review list
2025-08-19 17:48:34,010 - INFO - Processed: glyceraldehyde (Level 5)
2025-08-19 17:48:36,642 - INFO - Processed: acceptable (Level 4)
2025-08-19 17:48:39,305 - INFO - Processed: ribs (Level 1)
2025-08-19 17:48:41,845 - INFO - Processed: ensilage (Level 1)
2025-08-19 17:48:45,166 - INFO - Processed: roller (Level 1)
2025-08-19 17:48:48,332 - INFO - Processed: canteen (Level 2)
2025-08-19 17:48:50,776 - INFO - Processed: pervasive (Level 4)
2025-08-19 17:48:52,077 - WARNING - No definition found for 'hsia', adding to review list
2025-08-19 17:48:53,544 - INFO - Processed: hsia (Level 1)
2025-08-19 17:48:55,948 - INFO - Processed: vagary (Level 1)
2025-08-19 17:48:57,688 - WARNING - No definition found for 'limpidsyllabus', adding to review list
2025-08-19 17:48:58,956 - INFO - Processed: limpidsyllabus (Level 5)
2025-08-19 17:49:00,774 - WARNING - No definition found for 'cornily', adding to review list
2025-08-19 17:49:03,533 - INFO - Processed: cornily (Level 2)
2025-08-19 17:49:06,075 - INFO - Processed: mustelid (Level 2)
2025-08-19 17:49:08,643 - INFO - Processed: exiguous (Level 4)
2025-08-19 17:49:11,203 - INFO - Processed: exposition (Level 4)
2025-08-19 17:49:15,355 - INFO - Processed: nudged (Level 2)
2025-08-19 17:49:17,811 - INFO - Processed: lecithin (Level 4)
2025-08-19 17:49:20,241 - INFO - Processed: tied (Level 1)
2025-08-19 17:49:22,903 - INFO - Processed: henotheism (Level 4)
2025-08-19 17:49:25,455 - INFO - Processed: axle (Level 1)
2025-08-19 17:49:28,544 - INFO - Processed: fealty (Level 2)
2025-08-19 17:49:30,993 - INFO - Processed: myeloma (Level 2)
2025-08-19 17:49:32,344 - WARNING - No definition found for 'quonset', adding to review list
2025-08-19 17:49:33,606 - INFO - Processed: quonset (Level 2)
2025-08-19 17:49:36,536 - INFO - Processed: vetoed (Level 2)
2025-08-19 17:49:41,615 - INFO - Processed: pastrami (Level 4)
2025-08-19 17:49:42,977 - WARNING - No definition found for 'tetrazzini', adding to review list
2025-08-19 17:49:44,198 - INFO - Processed: tetrazzini (Level 3)
2025-08-19 17:49:46,764 - INFO - Processed: chai (Level 1)
2025-08-19 17:49:48,246 - WARNING - No definition found for 'homoscedasticity', adding to review list
2025-08-19 17:49:50,171 - INFO - Processed: homoscedasticity (Level 5)
2025-08-19 17:49:53,618 - INFO - Processed: reveal (Level 2)
2025-08-19 17:49:56,251 - INFO - Processed: fasting (Level 2)
2025-08-19 17:49:59,307 - INFO - Processed: packet (Level 2)
2025-08-19 17:50:02,192 - INFO - Processed: materialize (Level 2)
2025-08-19 17:50:04,793 - INFO - Processed: anticipatory (Level 4)
2025-08-19 17:50:06,029 - WARNING - No definition found for 'canada', adding to review list
2025-08-19 17:50:07,285 - INFO - Processed: canada (Level 2)
2025-08-19 17:50:09,682 - INFO - Processed: fanatic (Level 2)
2025-08-19 17:50:11,000 - WARNING - No definition found for 'sinuously', adding to review list
2025-08-19 17:50:12,612 - INFO - Processed: sinuously (Level 2)
2025-08-19 17:50:16,249 - INFO - Processed: hypoallergenic (Level 5)
2025-08-19 17:50:16,624 - INFO - Checkpoint saved: 7100 words
2025-08-19 17:50:16,624 - INFO - Checkpoint saved after batch 71
2025-08-19 17:50:16,624 - INFO - Processing batch 72 (7101-7200 of 10114)
2025-08-19 17:50:20,338 - INFO - Processed: auction (Level 2)
2025-08-19 17:50:21,750 - WARNING - No definition found for 'bahuvrihi', adding to review list
2025-08-19 17:50:22,986 - INFO - Processed: bahuvrihi (Level 3)
2025-08-19 17:50:24,730 - WARNING - No definition found for 'elicitation', adding to review list
2025-08-19 17:50:25,949 - INFO - Processed: elicitation (Level 4)
2025-08-19 17:50:27,453 - WARNING - No definition found for 'parabolaparameters', adding to review list
2025-08-19 17:50:28,675 - INFO - Processed: parabolaparameters (Level 5)
2025-08-19 17:50:31,183 - INFO - Processed: shenanigans (Level 4)
2025-08-19 17:50:35,433 - INFO - Processed: imbibe (Level 2)
2025-08-19 17:50:37,373 - WARNING - No definition found for 'ectoplasmolfactory', adding to review list
2025-08-19 17:50:38,579 - INFO - Processed: ectoplasmolfactory (Level 5)
2025-08-19 17:50:40,932 - INFO - Processed: spaces (Level 2)
2025-08-19 17:50:43,421 - INFO - Processed: inducement (Level 3)
2025-08-19 17:50:45,851 - INFO - Processed: stretto (Level 2)
2025-08-19 17:50:48,664 - INFO - Processed: upbeat (Level 2)
2025-08-19 17:50:50,465 - WARNING - No definition found for 'viscidityw', adding to review list
2025-08-19 17:50:51,666 - INFO - Processed: viscidityw (Level 3)
2025-08-19 17:50:54,125 - INFO - Processed: since (Level 1)
2025-08-19 17:50:55,457 - WARNING - No definition found for 'primatologist', adding to review list
2025-08-19 17:50:56,649 - INFO - Processed: primatologist (Level 3)
2025-08-19 17:50:59,108 - INFO - Processed: googol (Level 2)
2025-08-19 17:51:01,584 - INFO - Processed: gallium (Level 1)
2025-08-19 17:51:04,139 - INFO - Processed: sticky (Level 1)
2025-08-19 17:51:06,756 - INFO - Processed: farcical (Level 4)
2025-08-19 17:51:11,064 - INFO - Processed: magenta (Level 2)
2025-08-19 17:51:13,478 - INFO - Processed: impasse (Level 2)
2025-08-19 17:51:15,845 - INFO - Processed: large (Level 1)
2025-08-19 17:51:18,714 - INFO - Processed: fibromyalgia (Level 4)
2025-08-19 17:51:21,095 - INFO - Processed: replica (Level 2)
2025-08-19 17:51:24,026 - INFO - Processed: similar (Level 2)
2025-08-19 17:51:26,424 - INFO - Processed: generalisation (Level 5)
2025-08-19 17:51:28,944 - INFO - Processed: morel (Level 1)
2025-08-19 17:51:31,548 - INFO - Processed: shrapnel (Level 4)
2025-08-19 17:51:34,729 - INFO - Processed: entente (Level 2)
2025-08-19 17:51:37,657 - INFO - Processed: utilitarian (Level 4)
2025-08-19 17:51:40,277 - INFO - Processed: artillery (Level 2)
2025-08-19 17:51:42,799 - INFO - Processed: quirky (Level 2)
2025-08-19 17:51:45,810 - INFO - Processed: transmontane (Level 4)
2025-08-19 17:51:50,293 - INFO - Processed: avifauna (Level 4)
2025-08-19 17:51:52,172 - WARNING - No definition found for 'hoity', adding to review list
2025-08-19 17:51:53,631 - INFO - Processed: hoity (Level 1)
2025-08-19 17:51:56,451 - INFO - Processed: quandary (Level 1)
2025-08-19 17:51:58,206 - WARNING - No definition found for 'spick', adding to review list
2025-08-19 17:51:59,775 - INFO - Processed: spick (Level 1)
2025-08-19 17:52:13,493 - WARNING - No definition found for 'washington', adding to review list
2025-08-19 17:52:15,179 - INFO - Processed: washington (Level 4)
2025-08-19 17:52:19,844 - INFO - Processed: styrofoam (Level 4)
2025-08-19 17:52:21,581 - WARNING - No definition found for 'bonoboabrogate', adding to review list
2025-08-19 17:52:22,867 - INFO - Processed: bonoboabrogate (Level 5)
2025-08-19 17:52:25,553 - INFO - Processed: slalom (Level 2)
2025-08-19 17:52:28,182 - INFO - Processed: prestigious (Level 2)
2025-08-19 17:52:30,803 - INFO - Processed: funambulist (Level 4)
2025-08-19 17:52:33,747 - INFO - Processed: degauss (Level 2)
2025-08-19 17:52:36,305 - INFO - Processed: contrariwise (Level 4)
2025-08-19 17:52:39,166 - INFO - Processed: execrable (Level 4)
2025-08-19 17:52:42,363 - INFO - Processed: spelling (Level 4)
2025-08-19 17:52:43,745 - WARNING - No definition found for 'decastich', adding to review list
2025-08-19 17:52:45,040 - INFO - Processed: decastich (Level 4)
2025-08-19 17:52:48,214 - INFO - Processed: colubrine (Level 4)
2025-08-19 17:52:50,905 - INFO - Processed: omega (Level 1)
2025-08-19 17:52:54,734 - INFO - Processed: uppercut (Level 4)
2025-08-19 17:52:57,675 - INFO - Processed: odometer (Level 4)
2025-08-19 17:52:59,197 - WARNING - No definition found for 'revendicate', adding to review list
2025-08-19 17:53:00,672 - INFO - Processed: revendicate (Level 3)
2025-08-19 17:53:03,695 - INFO - Processed: child (Level 1)
2025-08-19 17:53:06,633 - INFO - Processed: indicia (Level 2)
2025-08-19 17:53:15,886 - INFO - Processed: husk (Level 1)
2025-08-19 17:53:18,163 - WARNING - No definition found for 'xenoglossy', adding to review list
2025-08-19 17:53:19,547 - INFO - Processed: xenoglossy (Level 2)
2025-08-19 17:53:29,211 - INFO - Processed: ferret (Level 2)
2025-08-19 17:53:32,737 - INFO - Processed: synesthesia (Level 2)
2025-08-19 17:53:35,373 - INFO - Processed: recluse (Level 2)
2025-08-19 17:53:38,158 - INFO - Processed: unnoticed (Level 2)
2025-08-19 17:53:41,047 - INFO - Processed: carnation (Level 4)
2025-08-19 17:53:43,669 - INFO - Processed: dilute (Level 2)
2025-08-19 17:53:46,997 - INFO - Processed: cutter (Level 2)
2025-08-19 17:53:50,384 - INFO - Processed: newt (Level 1)
2025-08-19 17:53:53,216 - INFO - Processed: father (Level 2)
2025-08-19 17:53:56,074 - INFO - Processed: ripple (Level 1)
2025-08-19 17:53:58,956 - INFO - Processed: surimi (Level 2)
2025-08-19 17:54:01,905 - INFO - Processed: synaesthesia (Level 2)
2025-08-19 17:54:03,564 - WARNING - No definition found for 'saoshyant', adding to review list
2025-08-19 17:54:04,848 - INFO - Processed: saoshyant (Level 3)
2025-08-19 17:54:07,653 - INFO - Processed: surrogate (Level 3)
2025-08-19 17:54:09,195 - WARNING - No definition found for 'constantbalm', adding to review list
2025-08-19 17:54:10,521 - INFO - Processed: constantbalm (Level 4)
2025-08-19 17:54:11,752 - WARNING - No definition found for 'africa', adding to review list
2025-08-19 17:54:13,006 - INFO - Processed: africa (Level 2)
2025-08-19 17:54:14,339 - WARNING - No definition found for 'braillevignette', adding to review list
2025-08-19 17:54:15,611 - INFO - Processed: braillevignette (Level 5)
2025-08-19 17:54:18,422 - INFO - Processed: awe (Level 1)
2025-08-19 17:54:20,279 - WARNING - No definition found for 'derelictderisive', adding to review list
2025-08-19 17:54:21,536 - INFO - Processed: derelictderisive (Level 5)
2025-08-19 17:54:24,327 - INFO - Processed: clematis (Level 2)
2025-08-19 17:54:25,811 - WARNING - No definition found for 'quoi', adding to review list
2025-08-19 17:54:27,099 - INFO - Processed: quoi (Level 1)
2025-08-19 17:54:29,636 - INFO - Processed: visit (Level 1)
2025-08-19 17:54:31,048 - WARNING - No definition found for 'grueldifficulty', adding to review list
2025-08-19 17:54:32,319 - INFO - Processed: grueldifficulty (Level 5)
2025-08-19 17:54:34,752 - INFO - Processed: stun (Level 1)
2025-08-19 17:54:36,048 - WARNING - No definition found for 'rinceau', adding to review list
2025-08-19 17:54:37,278 - INFO - Processed: rinceau (Level 2)
2025-08-19 17:54:39,889 - INFO - Processed: injunction (Level 4)
2025-08-19 17:54:42,725 - INFO - Processed: repartee (Level 3)
2025-08-19 17:54:45,330 - INFO - Processed: maria (Level 1)
2025-08-19 17:54:47,811 - INFO - Processed: constituent (Level 4)
2025-08-19 17:54:50,296 - INFO - Processed: chisel (Level 1)
2025-08-19 17:54:51,719 - WARNING - No definition found for 'mecca', adding to review list
2025-08-19 17:54:52,991 - INFO - Processed: mecca (Level 1)
2025-08-19 17:54:56,507 - INFO - Processed: pottery (Level 2)
2025-08-19 17:54:59,026 - INFO - Processed: dentifrice (Level 4)
2025-08-19 17:55:01,609 - INFO - Processed: blackbird (Level 3)
2025-08-19 17:55:04,036 - INFO - Processed: duxelles (Level 4)
2025-08-19 17:55:07,219 - INFO - Processed: goober (Level 2)
2025-08-19 17:55:08,814 - WARNING - No definition found for 'shar', adding to review list
2025-08-19 17:55:10,104 - INFO - Processed: shar (Level 1)
2025-08-19 17:55:11,479 - WARNING - No definition found for 'draegerman', adding to review list
2025-08-19 17:55:12,695 - INFO - Processed: draegerman (Level 3)
2025-08-19 17:55:14,078 - WARNING - No definition found for 'croquembouche', adding to review list
2025-08-19 17:55:16,303 - INFO - Processed: croquembouche (Level 4)
2025-08-19 17:55:18,894 - INFO - Processed: coleus (Level 2)
2025-08-19 17:55:21,333 - INFO - Processed: soon (Level 1)
2025-08-19 17:55:23,883 - INFO - Processed: adhesion (Level 4)
2025-08-19 17:55:26,433 - INFO - Processed: folded (Level 2)
2025-08-19 17:55:29,768 - INFO - Processed: loup (Level 1)
2025-08-19 17:55:30,223 - INFO - Checkpoint saved: 7200 words
2025-08-19 17:55:30,225 - INFO - Checkpoint saved after batch 72
2025-08-19 17:55:30,225 - INFO - Processing batch 73 (7201-7300 of 10114)
2025-08-19 17:55:32,713 - INFO - Processed: spatula (Level 2)
2025-08-19 17:55:34,108 - WARNING - No definition found for 'hominem', adding to review list
2025-08-19 17:55:35,617 - INFO - Processed: hominem (Level 2)
2025-08-19 17:55:37,031 - WARNING - No definition found for 'aggrandizement', adding to review list
2025-08-19 17:55:38,414 - INFO - Processed: aggrandizement (Level 5)
2025-08-19 17:55:41,699 - INFO - Processed: louche (Level 2)
2025-08-19 17:55:44,276 - INFO - Processed: veganism (Level 4)
2025-08-19 17:55:46,751 - INFO - Processed: pending (Level 2)
2025-08-19 17:55:49,300 - INFO - Processed: menacing (Level 3)
2025-08-19 17:55:51,906 - INFO - Processed: addendum (Level 4)
2025-08-19 17:55:53,260 - WARNING - No definition found for 'periodontist', adding to review list
2025-08-19 17:55:54,889 - INFO - Processed: periodontist (Level 4)
2025-08-19 17:55:56,945 - WARNING - No definition found for 'forestallment', adding to review list
2025-08-19 17:55:58,184 - INFO - Processed: forestallment (Level 3)
2025-08-19 17:56:00,690 - INFO - Processed: own (Level 1)
2025-08-19 17:56:03,833 - INFO - Processed: infinite (Level 4)
2025-08-19 17:56:06,503 - INFO - Processed: mulberry (Level 2)
2025-08-19 17:56:09,083 - INFO - Processed: guido (Level 1)
2025-08-19 17:56:11,700 - INFO - Processed: nihilism (Level 3)
2025-08-19 17:56:14,271 - INFO - Processed: ghastly (Level 2)
2025-08-19 17:56:16,724 - INFO - Processed: payments (Level 3)
2025-08-19 17:56:19,143 - INFO - Processed: lionize (Level 2)
2025-08-19 17:56:21,737 - INFO - Processed: plaid (Level 1)
2025-08-19 17:56:24,398 - INFO - Processed: incident (Level 1)
2025-08-19 17:56:27,284 - INFO - Processed: pollutant (Level 4)
2025-08-19 17:56:30,430 - INFO - Processed: epact (Level 1)
2025-08-19 17:56:32,961 - INFO - Processed: green (Level 1)
2025-08-19 17:56:34,316 - WARNING - No definition found for 'mambomanacle', adding to review list
2025-08-19 17:56:35,544 - INFO - Processed: mambomanacle (Level 4)
2025-08-19 17:56:40,040 - INFO - Processed: modular (Level 2)
2025-08-19 17:56:42,462 - INFO - Processed: drawn (Level 1)
2025-08-19 17:56:45,203 - INFO - Processed: preliminary (Level 3)
2025-08-19 17:56:47,871 - INFO - Processed: quicken (Level 2)
2025-08-19 17:56:50,277 - INFO - Processed: intimidate (Level 3)
2025-08-19 17:56:53,798 - INFO - Processed: honor (Level 1)
2025-08-19 17:56:56,234 - INFO - Processed: pants (Level 1)
2025-08-19 17:56:58,817 - INFO - Processed: spangled (Level 4)
2025-08-19 17:57:00,129 - WARNING - No definition found for 'panathenaea', adding to review list
2025-08-19 17:57:01,304 - INFO - Processed: panathenaea (Level 4)
2025-08-19 17:57:02,541 - WARNING - No definition found for 'triste', adding to review list
2025-08-19 17:57:04,556 - INFO - Processed: triste (Level 2)
2025-08-19 17:57:06,274 - WARNING - No definition found for 'boise', adding to review list
2025-08-19 17:57:07,609 - INFO - Processed: boise (Level 1)
2025-08-19 17:57:09,017 - WARNING - No definition found for 'goliath', adding to review list
2025-08-19 17:57:10,780 - INFO - Processed: goliath (Level 2)
2025-08-19 17:57:13,226 - INFO - Processed: oryx (Level 1)
2025-08-19 17:57:14,672 - WARNING - No definition found for 'vertebral', adding to review list
2025-08-19 17:57:15,916 - INFO - Processed: vertebral (Level 1)
2025-08-19 17:57:19,188 - INFO - Processed: sensation (Level 4)
2025-08-19 17:57:22,556 - INFO - Processed: chambray (Level 2)
2025-08-19 17:57:25,111 - INFO - Processed: cordillera (Level 4)
2025-08-19 17:57:26,553 - WARNING - No definition found for 'eminentdemographics', adding to review list
2025-08-19 17:57:27,787 - INFO - Processed: eminentdemographics (Level 5)
2025-08-19 17:57:30,960 - INFO - Processed: potentate (Level 4)
2025-08-19 17:57:33,483 - INFO - Processed: flurry (Level 2)
2025-08-19 17:57:36,297 - INFO - Processed: leniency (Level 2)
2025-08-19 17:57:38,875 - INFO - Processed: tadpole (Level 2)
2025-08-19 17:57:42,009 - INFO - Processed: panegyric (Level 3)
2025-08-19 17:57:45,087 - INFO - Processed: jangled (Level 1)
2025-08-19 17:57:46,472 - WARNING - No definition found for 'bleu', adding to review list
2025-08-19 17:57:47,829 - INFO - Processed: bleu (Level 1)
2025-08-19 17:57:49,181 - WARNING - No definition found for 'mitty', adding to review list
2025-08-19 17:57:50,437 - INFO - Processed: mitty (Level 1)
2025-08-19 17:57:52,456 - WARNING - No definition found for 'haggisdolce', adding to review list
2025-08-19 17:57:53,683 - INFO - Processed: haggisdolce (Level 3)
2025-08-19 17:57:56,140 - INFO - Processed: mason (Level 1)
2025-08-19 17:57:59,320 - INFO - Processed: particular (Level 4)
2025-08-19 17:58:00,774 - WARNING - No definition found for 'october', adding to review list
2025-08-19 17:58:02,029 - INFO - Processed: october (Level 1)
2025-08-19 17:58:03,412 - WARNING - No definition found for 'angularconcomitant', adding to review list
2025-08-19 17:58:04,648 - INFO - Processed: angularconcomitant (Level 5)
2025-08-19 17:58:06,076 - WARNING - No definition found for 'cohesiveadjectives', adding to review list
2025-08-19 17:58:07,327 - INFO - Processed: cohesiveadjectives (Level 5)
2025-08-19 17:58:10,547 - INFO - Processed: teak (Level 1)
2025-08-19 17:58:13,135 - INFO - Processed: meal (Level 1)
2025-08-19 17:58:15,733 - INFO - Processed: dissonance (Level 4)
2025-08-19 17:58:18,204 - INFO - Processed: fit (Level 1)
2025-08-19 17:58:20,692 - INFO - Processed: hyacinth (Level 1)
2025-08-19 17:58:23,682 - INFO - Processed: smelters (Level 1)
2025-08-19 17:58:26,165 - INFO - Processed: woman (Level 1)
2025-08-19 17:58:28,940 - INFO - Processed: lanthanides (Level 4)
2025-08-19 17:58:31,984 - INFO - Processed: pahoehoe (Level 4)
2025-08-19 17:58:33,418 - WARNING - No definition found for 'euphrates', adding to review list
2025-08-19 17:58:34,644 - INFO - Processed: euphrates (Level 4)
2025-08-19 17:58:37,199 - INFO - Processed: reticule (Level 4)
2025-08-19 17:58:40,019 - INFO - Processed: remedial (Level 3)
2025-08-19 17:58:42,732 - INFO - Processed: martinet (Level 2)
2025-08-19 17:58:44,171 - WARNING - No definition found for 'umpirage', adding to review list
2025-08-19 17:58:45,806 - INFO - Processed: umpirage (Level 3)
2025-08-19 17:58:48,467 - INFO - Processed: wilco (Level 1)
2025-08-19 17:58:50,945 - INFO - Processed: designer (Level 4)
2025-08-19 17:58:52,870 - WARNING - No definition found for 'perspicaciousadjective', adding to review list
2025-08-19 17:58:54,102 - INFO - Processed: perspicaciousadjective (Level 5)
2025-08-19 17:58:55,431 - WARNING - No definition found for 'thuluth', adding to review list
2025-08-19 17:58:56,702 - INFO - Processed: thuluth (Level 2)
2025-08-19 17:58:59,138 - INFO - Processed: sycophant (Level 4)
2025-08-19 17:59:03,614 - INFO - Processed: modiste (Level 2)
2025-08-19 17:59:07,205 - INFO - Processed: inveighed (Level 1)
2025-08-19 17:59:08,427 - WARNING - No definition found for 'furneaux', adding to review list
2025-08-19 17:59:09,688 - INFO - Processed: furneaux (Level 4)
2025-08-19 17:59:10,837 - WARNING - No definition found for 'december', adding to review list
2025-08-19 17:59:12,126 - INFO - Processed: december (Level 2)
2025-08-19 17:59:14,569 - INFO - Processed: antiquity (Level 4)
2025-08-19 17:59:17,007 - INFO - Processed: variety (Level 2)
2025-08-19 17:59:19,629 - INFO - Processed: stimuli (Level 2)
2025-08-19 17:59:23,294 - INFO - Processed: village (Level 2)
2025-08-19 17:59:27,284 - INFO - Processed: appaloosa (Level 4)
2025-08-19 17:59:29,647 - INFO - Processed: anyway (Level 2)
2025-08-19 17:59:30,966 - WARNING - No definition found for 'podsnappery', adding to review list
2025-08-19 17:59:32,219 - INFO - Processed: podsnappery (Level 4)
2025-08-19 17:59:35,449 - INFO - Processed: kitchens (Level 4)
2025-08-19 17:59:38,320 - INFO - Processed: brouhaha (Level 4)
2025-08-19 17:59:45,405 - INFO - Processed: rice (Level 1)
2025-08-19 17:59:49,275 - INFO - Processed: lookout (Level 1)
2025-08-19 17:59:51,736 - INFO - Processed: crafty (Level 2)
2025-08-19 17:59:54,213 - INFO - Processed: extinct (Level 2)
2025-08-19 17:59:56,667 - INFO - Processed: department (Level 4)
2025-08-19 17:59:59,094 - INFO - Processed: rover (Level 1)
2025-08-19 18:00:02,607 - INFO - Processed: integrity (Level 3)
2025-08-19 18:00:03,830 - WARNING - No definition found for 'creelboniface', adding to review list
2025-08-19 18:00:05,036 - INFO - Processed: creelboniface (Level 4)
2025-08-19 18:00:07,826 - INFO - Processed: billboard (Level 1)
2025-08-19 18:00:10,790 - INFO - Processed: outfits (Level 2)
2025-08-19 18:00:13,244 - INFO - Processed: shade (Level 1)
2025-08-19 18:00:15,861 - INFO - Processed: nibble (Level 2)
2025-08-19 18:00:16,285 - INFO - Checkpoint saved: 7300 words
2025-08-19 18:00:16,285 - INFO - Checkpoint saved after batch 73
2025-08-19 18:00:16,285 - INFO - Processing batch 74 (7301-7400 of 10114)
2025-08-19 18:00:19,031 - INFO - Processed: estovers (Level 4)
2025-08-19 18:00:21,490 - INFO - Processed: cereal (Level 2)
2025-08-19 18:00:24,173 - INFO - Processed: basilica (Level 4)
2025-08-19 18:00:26,665 - INFO - Processed: championship (Level 4)
2025-08-19 18:00:29,223 - INFO - Processed: specimen (Level 3)
2025-08-19 18:00:31,065 - WARNING - No definition found for 'tristeza', adding to review list
2025-08-19 18:00:32,510 - INFO - Processed: tristeza (Level 4)
2025-08-19 18:00:34,997 - INFO - Processed: person (Level 2)
2025-08-19 18:00:37,429 - INFO - Processed: subversive (Level 4)
2025-08-19 18:00:39,965 - INFO - Processed: authority (Level 4)
2025-08-19 18:00:42,599 - INFO - Processed: undercroft (Level 4)
2025-08-19 18:00:45,294 - INFO - Processed: repose (Level 2)
2025-08-19 18:00:48,688 - INFO - Processed: farkleberry (Level 4)
2025-08-19 18:00:51,371 - INFO - Processed: nopales (Level 2)
2025-08-19 18:00:52,776 - WARNING - No definition found for 'jumada', adding to review list
2025-08-19 18:00:54,421 - INFO - Processed: jumada (Level 2)
2025-08-19 18:00:56,966 - INFO - Processed: arable (Level 2)
2025-08-19 18:00:59,450 - INFO - Processed: phone (Level 1)
2025-08-19 18:01:02,113 - INFO - Processed: ziggurat (Level 2)
2025-08-19 18:01:04,682 - INFO - Processed: gnash (Level 1)
2025-08-19 18:01:07,161 - INFO - Processed: requires (Level 4)
2025-08-19 18:01:09,852 - INFO - Processed: fussbudget (Level 4)
2025-08-19 18:01:12,483 - INFO - Processed: bodega (Level 2)
2025-08-19 18:01:15,126 - INFO - Processed: geographical (Level 4)
2025-08-19 18:01:17,771 - INFO - Processed: nationalism (Level 4)
2025-08-19 18:01:19,411 - WARNING - No definition found for 'hopppped', adding to review list
2025-08-19 18:01:20,642 - INFO - Processed: hopppped (Level 4)
2025-08-19 18:01:23,404 - INFO - Processed: katakana (Level 4)
2025-08-19 18:01:26,208 - INFO - Processed: impoverish (Level 4)
2025-08-19 18:01:27,427 - WARNING - No definition found for 'commissionergrande', adding to review list
2025-08-19 18:01:28,671 - INFO - Processed: commissionergrande (Level 5)
2025-08-19 18:01:30,102 - WARNING - No definition found for 'inglenookefflux', adding to review list
2025-08-19 18:01:31,355 - INFO - Processed: inglenookefflux (Level 5)
2025-08-19 18:01:34,067 - INFO - Processed: tabulate (Level 4)
2025-08-19 18:01:36,737 - INFO - Processed: pastiche (Level 1)
2025-08-19 18:01:39,263 - INFO - Processed: stroll (Level 2)
2025-08-19 18:01:41,872 - INFO - Processed: rooster (Level 2)
2025-08-19 18:01:44,520 - INFO - Processed: infarction (Level 2)
2025-08-19 18:01:47,029 - INFO - Processed: podcast (Level 1)
2025-08-19 18:01:50,168 - INFO - Processed: locust (Level 2)
2025-08-19 18:01:53,812 - INFO - Processed: beacons (Level 1)
2025-08-19 18:01:57,510 - INFO - Processed: solvency (Level 4)
2025-08-19 18:01:59,989 - INFO - Processed: decor (Level 1)
2025-08-19 18:02:02,882 - INFO - Processed: atrocious (Level 2)
2025-08-19 18:02:04,391 - WARNING - No definition found for 'bhikshuni', adding to review list
2025-08-19 18:02:05,705 - INFO - Processed: bhikshuni (Level 4)
2025-08-19 18:02:07,013 - WARNING - No definition found for 'fadeaway', adding to review list
2025-08-19 18:02:08,996 - INFO - Processed: fadeaway (Level 4)
2025-08-19 18:02:11,616 - INFO - Processed: repercussion (Level 4)
2025-08-19 18:02:14,118 - INFO - Processed: onomatopoeia (Level 4)
2025-08-19 18:02:15,626 - WARNING - No definition found for 'cordaunchristened', adding to review list
2025-08-19 18:02:17,102 - INFO - Processed: cordaunchristened (Level 5)
2025-08-19 18:02:19,605 - INFO - Processed: exaggerate (Level 4)
2025-08-19 18:02:22,183 - INFO - Processed: rheumatic (Level 1)
2025-08-19 18:02:24,115 - WARNING - No definition found for 'schnell', adding to review list
2025-08-19 18:02:25,369 - INFO - Processed: schnell (Level 2)
2025-08-19 18:02:27,942 - INFO - Processed: accolade (Level 4)
2025-08-19 18:02:30,731 - INFO - Processed: razor (Level 1)
2025-08-19 18:02:33,210 - INFO - Processed: cnidarian (Level 2)
2025-08-19 18:02:36,343 - INFO - Processed: palindrome (Level 1)
2025-08-19 18:02:38,781 - INFO - Processed: skiff (Level 1)
2025-08-19 18:02:40,806 - WARNING - No definition found for 'striation', adding to review list
2025-08-19 18:02:42,194 - INFO - Processed: striation (Level 4)
2025-08-19 18:02:45,404 - INFO - Processed: autographs (Level 1)
2025-08-19 18:02:47,886 - INFO - Processed: human (Level 1)
2025-08-19 18:02:50,340 - INFO - Processed: people (Level 2)
2025-08-19 18:02:52,899 - INFO - Processed: full (Level 1)
2025-08-19 18:02:55,541 - INFO - Processed: guarantor (Level 2)
2025-08-19 18:02:59,256 - INFO - Processed: insufflator (Level 4)
2025-08-19 18:03:01,292 - WARNING - No definition found for 'beatboxingmutate', adding to review list
2025-08-19 18:03:02,578 - INFO - Processed: beatboxingmutate (Level 5)
2025-08-19 18:03:05,078 - INFO - Processed: puzzle (Level 2)
2025-08-19 18:03:07,779 - INFO - Processed: trademark (Level 4)
2025-08-19 18:03:10,350 - INFO - Processed: analgesia (Level 4)
2025-08-19 18:03:13,143 - INFO - Processed: charcuterie (Level 4)
2025-08-19 18:03:15,606 - INFO - Processed: daisy (Level 1)
2025-08-19 18:03:16,902 - WARNING - No definition found for 'ahuehuete', adding to review list
2025-08-19 18:03:18,155 - INFO - Processed: ahuehuete (Level 4)
2025-08-19 18:03:20,236 - WARNING - No definition found for 'calvities', adding to review list
2025-08-19 18:03:21,582 - INFO - Processed: calvities (Level 4)
2025-08-19 18:03:24,986 - INFO - Processed: gladiolus (Level 4)
2025-08-19 18:03:26,386 - WARNING - No definition found for 'effusiveprimitive', adding to review list
2025-08-19 18:03:27,653 - INFO - Processed: effusiveprimitive (Level 5)
2025-08-19 18:03:30,950 - INFO - Processed: lanai (Level 1)
2025-08-19 18:03:32,644 - WARNING - No definition found for 'bhikshunisvarabhakti', adding to review list
2025-08-19 18:03:33,886 - INFO - Processed: bhikshunisvarabhakti (Level 5)
2025-08-19 18:03:36,351 - INFO - Processed: insufferable (Level 4)
2025-08-19 18:03:37,614 - WARNING - No definition found for 'erlenmeyer', adding to review list
2025-08-19 18:03:39,303 - INFO - Processed: erlenmeyer (Level 3)
2025-08-19 18:03:42,037 - INFO - Processed: meekness (Level 2)
2025-08-19 18:03:43,749 - WARNING - No definition found for 'sundar', adding to review list
2025-08-19 18:03:45,031 - INFO - Processed: sundar (Level 2)
2025-08-19 18:03:46,519 - WARNING - No definition found for 'manu', adding to review list
2025-08-19 18:03:47,788 - INFO - Processed: manu (Level 1)
2025-08-19 18:03:50,244 - INFO - Processed: channel (Level 1)
2025-08-19 18:03:52,828 - INFO - Processed: snore (Level 1)
2025-08-19 18:03:55,273 - INFO - Processed: racial (Level 1)
2025-08-19 18:03:58,662 - INFO - Processed: cohesive (Level 3)
2025-08-19 18:03:59,919 - WARNING - No definition found for 'bermudasamusement', adding to review list
2025-08-19 18:04:01,146 - INFO - Processed: bermudasamusement (Level 5)
2025-08-19 18:04:02,524 - WARNING - No definition found for 'benin', adding to review list
2025-08-19 18:04:03,757 - INFO - Processed: benin (Level 1)
2025-08-19 18:04:05,292 - WARNING - No definition found for 'galapago', adding to review list
2025-08-19 18:04:06,537 - INFO - Processed: galapago (Level 4)
2025-08-19 18:04:09,059 - INFO - Processed: where (Level 1)
2025-08-19 18:04:12,254 - INFO - Processed: believed (Level 4)
2025-08-19 18:04:15,443 - INFO - Processed: newsy (Level 1)
2025-08-19 18:04:18,431 - INFO - Processed: spurious (Level 4)
2025-08-19 18:04:21,178 - INFO - Processed: sartorial (Level 4)
2025-08-19 18:04:23,680 - INFO - Processed: prowess (Level 2)
2025-08-19 18:04:26,394 - INFO - Processed: nictitate (Level 3)
2025-08-19 18:04:29,024 - INFO - Processed: turban (Level 2)
2025-08-19 18:04:32,387 - INFO - Processed: ambidexterity (Level 2)
2025-08-19 18:04:35,059 - INFO - Processed: blotch (Level 2)
2025-08-19 18:04:36,940 - WARNING - No definition found for 'wealdblink', adding to review list
2025-08-19 18:04:38,200 - INFO - Processed: wealdblink (Level 3)
2025-08-19 18:04:39,491 - WARNING - No definition found for 'aal', adding to review list
2025-08-19 18:04:40,775 - INFO - Processed: aal (Level 1)
2025-08-19 18:04:43,300 - INFO - Processed: enfranchise (Level 3)
2025-08-19 18:04:46,653 - INFO - Processed: entrance (Level 2)
2025-08-19 18:04:49,178 - INFO - Processed: expert (Level 2)
2025-08-19 18:04:51,819 - INFO - Processed: forsooth (Level 3)
2025-08-19 18:04:55,068 - INFO - Processed: bounding (Level 4)
2025-08-19 18:04:55,468 - INFO - Checkpoint saved: 7400 words
2025-08-19 18:04:55,468 - INFO - Checkpoint saved after batch 74
2025-08-19 18:04:55,468 - INFO - Processing batch 75 (7401-7500 of 10114)
2025-08-19 18:04:58,460 - INFO - Processed: wharf (Level 1)
2025-08-19 18:05:02,095 - INFO - Processed: bask (Level 1)
2025-08-19 18:05:04,559 - INFO - Processed: fifty (Level 1)
2025-08-19 18:05:05,920 - WARNING - No definition found for 'pokerysobersides', adding to review list
2025-08-19 18:05:07,153 - INFO - Processed: pokerysobersides (Level 5)
2025-08-19 18:05:10,130 - INFO - Processed: deters (Level 1)
2025-08-19 18:05:11,828 - WARNING - No definition found for 'pao', adding to review list
2025-08-19 18:05:13,484 - INFO - Processed: pao (Level 1)
2025-08-19 18:05:16,841 - INFO - Processed: fungible (Level 4)
2025-08-19 18:05:18,621 - WARNING - No definition found for 'phylumdifficulty', adding to review list
2025-08-19 18:05:19,959 - INFO - Processed: phylumdifficulty (Level 5)
2025-08-19 18:05:22,426 - INFO - Processed: dialogue (Level 4)
2025-08-19 18:05:26,145 - INFO - Processed: contorted (Level 2)
2025-08-19 18:05:28,697 - INFO - Processed: physician (Level 4)
2025-08-19 18:05:31,098 - INFO - Processed: predicament (Level 4)
2025-08-19 18:05:33,620 - INFO - Processed: thermos (Level 2)
2025-08-19 18:05:34,970 - WARNING - No definition found for 'minimus', adding to review list
2025-08-19 18:05:36,171 - INFO - Processed: minimus (Level 2)
2025-08-19 18:05:37,804 - WARNING - No definition found for 'aglaia', adding to review list
2025-08-19 18:05:39,091 - INFO - Processed: aglaia (Level 2)
2025-08-19 18:05:42,182 - INFO - Processed: flowers (Level 2)
2025-08-19 18:05:44,711 - INFO - Processed: shrugged (Level 1)
2025-08-19 18:05:47,941 - INFO - Processed: coulomb (Level 2)
2025-08-19 18:05:50,575 - INFO - Processed: sudden (Level 2)
2025-08-19 18:05:54,008 - INFO - Processed: associated (Level 2)
2025-08-19 18:05:56,837 - INFO - Processed: velvet (Level 2)
2025-08-19 18:05:59,746 - INFO - Processed: zodiac (Level 2)
2025-08-19 18:06:02,269 - INFO - Processed: good (Level 1)
2025-08-19 18:06:03,543 - WARNING - No definition found for 'xylyl', adding to review list
2025-08-19 18:06:04,876 - INFO - Processed: xylyl (Level 1)
2025-08-19 18:06:08,704 - INFO - Processed: pour (Level 1)
2025-08-19 18:06:11,430 - INFO - Processed: stratosphere (Level 4)
2025-08-19 18:06:13,904 - INFO - Processed: gossip (Level 2)
2025-08-19 18:06:16,294 - INFO - Processed: boats (Level 1)
2025-08-19 18:06:19,376 - INFO - Processed: enzyme (Level 2)
2025-08-19 18:06:22,499 - INFO - Processed: implicative (Level 4)
2025-08-19 18:06:24,982 - INFO - Processed: clever (Level 1)
2025-08-19 18:06:27,878 - INFO - Processed: pastime (Level 2)
2025-08-19 18:06:31,184 - INFO - Processed: gloaming (Level 3)
2025-08-19 18:06:34,153 - INFO - Processed: serval (Level 2)
2025-08-19 18:06:37,396 - INFO - Processed: parkour (Level 2)
2025-08-19 18:06:39,997 - INFO - Processed: euphoria (Level 4)
2025-08-19 18:06:42,580 - INFO - Processed: facile (Level 2)
2025-08-19 18:06:45,148 - INFO - Processed: factitious (Level 4)
2025-08-19 18:06:47,806 - INFO - Processed: coltan (Level 1)
2025-08-19 18:06:49,141 - WARNING - No definition found for 'sci', adding to review list
2025-08-19 18:06:50,417 - INFO - Processed: sci (Level 1)
2025-08-19 18:06:53,338 - INFO - Processed: few (Level 1)
2025-08-19 18:06:57,294 - INFO - Processed: overrun (Level 2)
2025-08-19 18:07:00,218 - INFO - Processed: televised (Level 4)
2025-08-19 18:07:02,785 - INFO - Processed: caldera (Level 1)
2025-08-19 18:07:05,219 - INFO - Processed: detritus (Level 4)
2025-08-19 18:07:06,720 - WARNING - No definition found for 'variscite', adding to review list
2025-08-19 18:07:08,722 - INFO - Processed: variscite (Level 2)
2025-08-19 18:07:11,821 - INFO - Processed: amygdala (Level 4)
2025-08-19 18:07:13,618 - WARNING - No definition found for 'ssp', adding to review list
2025-08-19 18:07:14,892 - INFO - Processed: ssp (Level 1)
2025-08-19 18:07:17,263 - INFO - Processed: covenant (Level 2)
2025-08-19 18:07:20,615 - INFO - Processed: parterre (Level 3)
2025-08-19 18:07:23,652 - INFO - Processed: posterity (Level 3)
2025-08-19 18:07:26,069 - INFO - Processed: labyrinthine (Level 4)
2025-08-19 18:07:29,879 - INFO - Processed: tiny (Level 1)
2025-08-19 18:07:31,329 - WARNING - No definition found for 'ukrainian', adding to review list
2025-08-19 18:07:32,566 - INFO - Processed: ukrainian (Level 4)
2025-08-19 18:07:35,075 - INFO - Processed: lorikeet (Level 3)
2025-08-19 18:07:37,510 - INFO - Processed: advection (Level 4)
2025-08-19 18:07:39,986 - INFO - Processed: stabilized (Level 4)
2025-08-19 18:07:42,835 - INFO - Processed: topgallant (Level 4)
2025-08-19 18:07:45,502 - INFO - Processed: pigeon (Level 2)
2025-08-19 18:07:48,319 - INFO - Processed: cirri (Level 1)
2025-08-19 18:07:50,756 - INFO - Processed: onion (Level 1)
2025-08-19 18:07:51,969 - WARNING - No definition found for 'spellingequivocate', adding to review list
2025-08-19 18:07:53,246 - INFO - Processed: spellingequivocate (Level 5)
2025-08-19 18:07:56,943 - INFO - Processed: trebuchet (Level 2)
2025-08-19 18:08:00,031 - INFO - Processed: hopping (Level 2)
2025-08-19 18:08:01,944 - WARNING - No definition found for 'thimerosal', adding to review list
2025-08-19 18:08:03,526 - INFO - Processed: thimerosal (Level 4)
2025-08-19 18:08:04,911 - WARNING - No definition found for 'lascaux', adding to review list
2025-08-19 18:08:06,155 - INFO - Processed: lascaux (Level 1)
2025-08-19 18:08:08,766 - INFO - Processed: misdemeanor (Level 2)
2025-08-19 18:08:10,176 - WARNING - No definition found for 'burkinabe', adding to review list
2025-08-19 18:08:11,450 - INFO - Processed: burkinabe (Level 4)
2025-08-19 18:08:13,962 - INFO - Processed: celery (Level 2)
2025-08-19 18:08:16,451 - INFO - Processed: round (Level 1)
2025-08-19 18:08:19,286 - INFO - Processed: bazaar (Level 2)
2025-08-19 18:08:21,782 - INFO - Processed: banishment (Level 4)
2025-08-19 18:08:24,591 - INFO - Processed: island (Level 2)
2025-08-19 18:08:27,141 - INFO - Processed: size (Level 1)
2025-08-19 18:08:29,093 - WARNING - No definition found for 'newfoundlandfulminate', adding to review list
2025-08-19 18:08:30,368 - INFO - Processed: newfoundlandfulminate (Level 5)
2025-08-19 18:08:33,145 - INFO - Processed: portcullis (Level 1)
2025-08-19 18:08:34,619 - WARNING - No definition found for 'mulliganmunich', adding to review list
2025-08-19 18:08:35,856 - INFO - Processed: mulliganmunich (Level 5)
2025-08-19 18:08:38,242 - INFO - Processed: denouement (Level 2)
2025-08-19 18:08:41,076 - INFO - Processed: garrulous (Level 2)
2025-08-19 18:08:43,925 - INFO - Processed: oyez (Level 1)
2025-08-19 18:08:46,702 - INFO - Processed: nerfing (Level 2)
2025-08-19 18:08:49,118 - INFO - Processed: mackerel (Level 3)
2025-08-19 18:08:51,589 - INFO - Processed: tendency (Level 4)
2025-08-19 18:08:54,271 - INFO - Processed: sterling (Level 4)
2025-08-19 18:08:57,290 - INFO - Processed: shaman (Level 2)
2025-08-19 18:08:59,850 - INFO - Processed: guayabera (Level 4)
2025-08-19 18:09:01,241 - WARNING - No definition found for 'laterigradehyssop', adding to review list
2025-08-19 18:09:02,487 - INFO - Processed: laterigradehyssop (Level 5)
2025-08-19 18:09:05,245 - INFO - Processed: unkempt (Level 2)
2025-08-19 18:09:07,829 - INFO - Processed: gasket (Level 2)
2025-08-19 18:09:10,461 - INFO - Processed: podium (Level 2)
2025-08-19 18:09:13,018 - INFO - Processed: crowd (Level 1)
2025-08-19 18:09:15,604 - INFO - Processed: retorts (Level 2)
2025-08-19 18:09:18,063 - INFO - Processed: technical (Level 3)
2025-08-19 18:09:19,675 - WARNING - No definition found for 'haute', adding to review list
2025-08-19 18:09:20,929 - INFO - Processed: haute (Level 1)
2025-08-19 18:09:23,794 - INFO - Processed: joyful (Level 2)
2025-08-19 18:09:27,306 - INFO - Processed: acupuncture (Level 4)
2025-08-19 18:09:30,052 - INFO - Processed: salutary (Level 1)
2025-08-19 18:09:32,553 - INFO - Processed: capoeira (Level 3)
2025-08-19 18:09:35,903 - INFO - Processed: deposited (Level 3)
2025-08-19 18:09:38,495 - INFO - Processed: methods (Level 2)
2025-08-19 18:09:38,943 - INFO - Checkpoint saved: 7500 words
2025-08-19 18:09:38,948 - INFO - Checkpoint saved after batch 75
2025-08-19 18:09:38,948 - INFO - Processing batch 76 (7501-7600 of 10114)
2025-08-19 18:09:40,334 - WARNING - No definition found for 'tentacled', adding to review list
2025-08-19 18:09:41,900 - INFO - Processed: tentacled (Level 4)
2025-08-19 18:09:43,159 - WARNING - No definition found for 'voraciousnoun', adding to review list
2025-08-19 18:09:44,392 - INFO - Processed: voraciousnoun (Level 4)
2025-08-19 18:09:47,831 - INFO - Processed: congealing (Level 2)
2025-08-19 18:09:50,384 - INFO - Processed: drooped (Level 2)
2025-08-19 18:09:51,636 - WARNING - No definition found for 'franciscan', adding to review list
2025-08-19 18:09:52,906 - INFO - Processed: franciscan (Level 4)
2025-08-19 18:09:55,407 - INFO - Processed: sedan (Level 1)
2025-08-19 18:09:57,956 - INFO - Processed: nozzles (Level 2)
2025-08-19 18:10:00,439 - INFO - Processed: nonconformist (Level 4)
2025-08-19 18:10:01,962 - WARNING - No definition found for 'apodyterium', adding to review list
2025-08-19 18:10:03,284 - INFO - Processed: apodyterium (Level 3)
2025-08-19 18:10:05,747 - INFO - Processed: quixotic (Level 4)
2025-08-19 18:10:08,778 - INFO - Processed: woad (Level 1)
2025-08-19 18:10:11,642 - INFO - Processed: each (Level 1)
2025-08-19 18:10:14,417 - INFO - Processed: dismal (Level 2)
2025-08-19 18:10:17,058 - INFO - Processed: throat (Level 2)
2025-08-19 18:10:19,520 - INFO - Processed: north (Level 1)
2025-08-19 18:10:22,194 - INFO - Processed: rouille (Level 2)
2025-08-19 18:10:24,649 - INFO - Processed: naysayers (Level 4)
2025-08-19 18:10:27,702 - INFO - Processed: epenthesis (Level 4)
2025-08-19 18:10:30,963 - INFO - Processed: correct (Level 2)
2025-08-19 18:10:34,680 - INFO - Processed: contumelious (Level 4)
2025-08-19 18:10:35,959 - WARNING - No definition found for 'ustion', adding to review list
2025-08-19 18:10:37,483 - INFO - Processed: ustion (Level 2)
2025-08-19 18:10:39,994 - INFO - Processed: orientation (Level 3)
2025-08-19 18:10:42,616 - INFO - Processed: puncheon (Level 4)
2025-08-19 18:10:45,213 - INFO - Processed: kiddo (Level 1)
2025-08-19 18:10:47,712 - INFO - Processed: bigotry (Level 2)
2025-08-19 18:10:50,196 - INFO - Processed: semaphore (Level 4)
2025-08-19 18:10:52,739 - INFO - Processed: shirk (Level 1)
2025-08-19 18:10:55,872 - INFO - Processed: dramaturgy (Level 3)
2025-08-19 18:10:58,287 - INFO - Processed: saucer (Level 2)
2025-08-19 18:10:59,544 - WARNING - No definition found for 'gressorial', adding to review list
2025-08-19 18:11:00,849 - INFO - Processed: gressorial (Level 4)
2025-08-19 18:11:03,438 - INFO - Processed: longevous (Level 3)
2025-08-19 18:11:05,960 - INFO - Processed: tomography (Level 4)
2025-08-19 18:11:09,292 - INFO - Processed: tapas (Level 1)
2025-08-19 18:11:10,678 - WARNING - No definition found for 'vivaciousxenoglossy', adding to review list
2025-08-19 18:11:11,947 - INFO - Processed: vivaciousxenoglossy (Level 5)
2025-08-19 18:11:15,076 - INFO - Processed: refer (Level 1)
2025-08-19 18:11:17,712 - INFO - Processed: klystron (Level 4)
2025-08-19 18:11:20,583 - INFO - Processed: freesia (Level 2)
2025-08-19 18:11:22,355 - WARNING - No definition found for 'laulau', adding to review list
2025-08-19 18:11:24,045 - INFO - Processed: laulau (Level 2)
2025-08-19 18:11:26,517 - INFO - Processed: baltic (Level 2)
2025-08-19 18:11:28,236 - WARNING - No definition found for 'shieldtiger', adding to review list
2025-08-19 18:11:30,069 - INFO - Processed: shieldtiger (Level 3)
2025-08-19 18:11:32,850 - INFO - Processed: qualifying (Level 4)
2025-08-19 18:11:35,339 - INFO - Processed: cursive (Level 2)
2025-08-19 18:11:37,706 - INFO - Processed: customer (Level 3)
2025-08-19 18:11:40,390 - INFO - Processed: end (Level 1)
2025-08-19 18:11:43,494 - INFO - Processed: hydrant (Level 2)
2025-08-19 18:11:46,463 - INFO - Processed: turducken (Level 4)
2025-08-19 18:11:49,129 - INFO - Processed: auteur (Level 2)
2025-08-19 18:11:51,767 - INFO - Processed: courier (Level 2)
2025-08-19 18:11:54,331 - INFO - Processed: cartoon (Level 2)
2025-08-19 18:11:55,545 - WARNING - No definition found for 'vitae', adding to review list
2025-08-19 18:11:56,812 - INFO - Processed: vitae (Level 1)
2025-08-19 18:11:59,402 - INFO - Processed: delight (Level 2)
2025-08-19 18:12:02,618 - INFO - Processed: enviable (Level 4)
2025-08-19 18:12:05,096 - INFO - Processed: cassock (Level 2)
2025-08-19 18:12:07,578 - INFO - Processed: vindictive (Level 4)
2025-08-19 18:12:08,892 - WARNING - No definition found for 'saskatoon', adding to review list
2025-08-19 18:12:10,179 - INFO - Processed: saskatoon (Level 1)
2025-08-19 18:12:11,502 - WARNING - No definition found for 'sourly', adding to review list
2025-08-19 18:12:12,754 - INFO - Processed: sourly (Level 1)
2025-08-19 18:12:15,249 - INFO - Processed: applicable (Level 4)
2025-08-19 18:12:17,792 - INFO - Processed: captain (Level 2)
2025-08-19 18:12:20,791 - INFO - Processed: off (Level 1)
2025-08-19 18:12:23,897 - INFO - Processed: ramparts (Level 1)
2025-08-19 18:12:26,711 - INFO - Processed: molars (Level 1)
2025-08-19 18:12:29,505 - INFO - Processed: balance (Level 2)
2025-08-19 18:12:32,761 - INFO - Processed: steeve (Level 2)
2025-08-19 18:12:35,312 - INFO - Processed: ferocious (Level 3)
2025-08-19 18:12:36,793 - WARNING - No definition found for 'zortzico', adding to review list
2025-08-19 18:12:38,539 - INFO - Processed: zortzico (Level 4)
2025-08-19 18:12:41,762 - INFO - Processed: dormitories (Level 3)
2025-08-19 18:12:44,536 - INFO - Processed: malleolus (Level 2)
2025-08-19 18:12:47,594 - INFO - Processed: amaryllis (Level 4)
2025-08-19 18:12:50,245 - INFO - Processed: soldiers (Level 4)
2025-08-19 18:12:53,593 - INFO - Processed: surrealist (Level 4)
2025-08-19 18:12:54,963 - WARNING - No definition found for 'franca', adding to review list
2025-08-19 18:12:56,240 - INFO - Processed: franca (Level 2)
2025-08-19 18:12:58,842 - INFO - Processed: huddling (Level 4)
2025-08-19 18:13:01,303 - INFO - Processed: things (Level 2)
2025-08-19 18:13:04,510 - INFO - Processed: becquerel (Level 4)
2025-08-19 18:13:06,985 - INFO - Processed: amusement (Level 4)
2025-08-19 18:13:09,734 - INFO - Processed: cartouches (Level 4)
2025-08-19 18:13:12,248 - INFO - Processed: sports (Level 2)
2025-08-19 18:13:14,881 - INFO - Processed: foolishness (Level 4)
2025-08-19 18:13:17,635 - INFO - Processed: adjectives (Level 3)
2025-08-19 18:13:20,251 - INFO - Processed: contains (Level 4)
2025-08-19 18:13:22,844 - INFO - Processed: tachycardia (Level 4)
2025-08-19 18:13:25,334 - INFO - Processed: food (Level 1)
2025-08-19 18:13:26,715 - WARNING - No definition found for 'statuesquestatusy', adding to review list
2025-08-19 18:13:27,953 - INFO - Processed: statuesquestatusy (Level 5)
2025-08-19 18:13:30,575 - INFO - Processed: amnesty (Level 2)
2025-08-19 18:13:32,405 - WARNING - No definition found for 'steeplechasing', adding to review list
2025-08-19 18:13:33,784 - INFO - Processed: steeplechasing (Level 5)
2025-08-19 18:13:35,173 - WARNING - No definition found for 'contaminatedmadagascar', adding to review list
2025-08-19 18:13:36,448 - INFO - Processed: contaminatedmadagascar (Level 5)
2025-08-19 18:13:39,326 - INFO - Processed: mulligan (Level 3)
2025-08-19 18:13:41,953 - INFO - Processed: kumkum (Level 2)
2025-08-19 18:13:43,454 - WARNING - No definition found for 'copenhagen', adding to review list
2025-08-19 18:13:44,831 - INFO - Processed: copenhagen (Level 3)
2025-08-19 18:13:54,982 - INFO - Processed: wapiti (Level 2)
2025-08-19 18:13:57,605 - INFO - Processed: greetings (Level 3)
2025-08-19 18:14:00,416 - INFO - Processed: vambrace (Level 2)
2025-08-19 18:14:01,608 - WARNING - No definition found for 'sapporo', adding to review list
2025-08-19 18:14:02,854 - INFO - Processed: sapporo (Level 2)
2025-08-19 18:14:05,584 - INFO - Processed: exorbitant (Level 4)
2025-08-19 18:14:06,865 - WARNING - No definition found for 'thailand', adding to review list
2025-08-19 18:14:08,134 - INFO - Processed: thailand (Level 4)
2025-08-19 18:14:09,463 - WARNING - No definition found for 'pilosity', adding to review list
2025-08-19 18:14:10,797 - INFO - Processed: pilosity (Level 4)
2025-08-19 18:14:13,428 - INFO - Processed: rhythmic (Level 4)
2025-08-19 18:14:16,062 - INFO - Processed: cocoa (Level 1)
2025-08-19 18:14:19,345 - INFO - Processed: glabella (Level 4)
2025-08-19 18:14:22,795 - INFO - Processed: minivets (Level 2)
2025-08-19 18:14:23,954 - INFO - Checkpoint saved: 7600 words
2025-08-19 18:14:23,954 - INFO - Checkpoint saved after batch 76
2025-08-19 18:14:23,954 - INFO - Processing batch 77 (7601-7700 of 10114)
2025-08-19 18:14:26,600 - INFO - Processed: agnolotti (Level 3)
2025-08-19 18:14:29,089 - INFO - Processed: horizontal (Level 4)
2025-08-19 18:14:31,901 - INFO - Processed: sakura (Level 2)
2025-08-19 18:14:35,433 - INFO - Processed: athlete (Level 2)
2025-08-19 18:14:38,008 - INFO - Processed: done (Level 1)
2025-08-19 18:14:40,420 - INFO - Processed: changes (Level 2)
2025-08-19 18:14:43,181 - INFO - Processed: jack (Level 1)
2025-08-19 18:14:45,846 - INFO - Processed: alas (Level 1)
2025-08-19 18:14:48,758 - INFO - Processed: assassinate (Level 3)
2025-08-19 18:14:51,303 - INFO - Processed: dialect (Level 2)
2025-08-19 18:14:52,534 - WARNING - No definition found for 'atencatjang', adding to review list
2025-08-19 18:14:53,786 - INFO - Processed: atencatjang (Level 3)
2025-08-19 18:14:55,466 - WARNING - No definition found for 'bango', adding to review list
2025-08-19 18:14:56,730 - INFO - Processed: bango (Level 1)
2025-08-19 18:15:00,053 - INFO - Processed: simplicity (Level 2)
2025-08-19 18:15:02,644 - INFO - Processed: behavior (Level 3)
2025-08-19 18:15:06,409 - INFO - Processed: ichthyology (Level 4)
2025-08-19 18:15:07,712 - WARNING - No definition found for 'railleur', adding to review list
2025-08-19 18:15:08,993 - INFO - Processed: railleur (Level 4)
2025-08-19 18:15:11,806 - INFO - Processed: buffet (Level 2)
2025-08-19 18:15:14,513 - INFO - Processed: oil (Level 1)
2025-08-19 18:15:15,979 - WARNING - No definition found for 'versailles', adding to review list
2025-08-19 18:15:17,183 - INFO - Processed: versailles (Level 3)
2025-08-19 18:15:19,680 - INFO - Processed: sign (Level 1)
2025-08-19 18:15:22,163 - INFO - Processed: querida (Level 2)
2025-08-19 18:15:25,520 - INFO - Processed: caves (Level 1)
2025-08-19 18:15:28,262 - INFO - Processed: transformation (Level 5)
2025-08-19 18:15:31,032 - INFO - Processed: locus (Level 1)
2025-08-19 18:15:33,562 - INFO - Processed: fact (Level 1)
2025-08-19 18:15:36,271 - INFO - Processed: tracheotomy (Level 3)
2025-08-19 18:15:38,815 - INFO - Processed: capsule (Level 2)
2025-08-19 18:15:41,979 - INFO - Processed: yesterday (Level 3)
2025-08-19 18:15:43,259 - WARNING - No definition found for 'palatialpallor', adding to review list
2025-08-19 18:15:44,485 - INFO - Processed: palatialpallor (Level 5)
2025-08-19 18:15:47,006 - INFO - Processed: when (Level 1)
2025-08-19 18:15:49,685 - INFO - Processed: satchel (Level 2)
2025-08-19 18:15:50,956 - WARNING - No definition found for 'plaaac', adding to review list
2025-08-19 18:15:52,217 - INFO - Processed: plaaac (Level 2)
2025-08-19 18:15:54,896 - INFO - Processed: grit (Level 1)
2025-08-19 18:15:56,191 - WARNING - No definition found for 'colluctation', adding to review list
2025-08-19 18:15:57,797 - INFO - Processed: colluctation (Level 4)
2025-08-19 18:16:00,279 - INFO - Processed: long (Level 1)
2025-08-19 18:16:02,731 - INFO - Processed: alms (Level 1)
2025-08-19 18:16:04,025 - WARNING - No definition found for 'grisonphulkari', adding to review list
2025-08-19 18:16:05,268 - INFO - Processed: grisonphulkari (Level 5)
2025-08-19 18:16:09,688 - INFO - Processed: former (Level 2)
2025-08-19 18:16:11,222 - WARNING - No definition found for 'alembroth', adding to review list
2025-08-19 18:16:12,891 - INFO - Processed: alembroth (Level 4)
2025-08-19 18:16:15,854 - INFO - Processed: ankh (Level 1)
2025-08-19 18:16:18,404 - INFO - Processed: earnestly (Level 4)
2025-08-19 18:16:21,417 - INFO - Processed: such (Level 1)
2025-08-19 18:16:23,896 - INFO - Processed: scuffle (Level 2)
2025-08-19 18:16:26,414 - INFO - Processed: valedictorian (Level 4)
2025-08-19 18:16:27,803 - WARNING - No definition found for 'ajimez', adding to review list
2025-08-19 18:16:29,972 - INFO - Processed: ajimez (Level 2)
2025-08-19 18:16:32,541 - INFO - Processed: make (Level 1)
2025-08-19 18:16:34,445 - WARNING - No definition found for 'salzkammergut', adding to review list
2025-08-19 18:16:36,012 - INFO - Processed: salzkammergut (Level 3)
2025-08-19 18:16:39,063 - INFO - Processed: courant (Level 2)
2025-08-19 18:16:40,508 - WARNING - No definition found for 'richter', adding to review list
2025-08-19 18:16:41,741 - INFO - Processed: richter (Level 2)
2025-08-19 18:16:44,392 - INFO - Processed: chorten (Level 2)
2025-08-19 18:16:47,189 - INFO - Processed: attached (Level 4)
2025-08-19 18:16:49,986 - INFO - Processed: fine (Level 1)
2025-08-19 18:16:52,619 - INFO - Processed: subsidence (Level 3)
2025-08-19 18:16:53,953 - WARNING - No definition found for 'aesir', adding to review list
2025-08-19 18:16:55,561 - INFO - Processed: aesir (Level 1)
2025-08-19 18:16:58,083 - INFO - Processed: catalyst (Level 4)
2025-08-19 18:17:00,788 - INFO - Processed: argumentative (Level 4)
2025-08-19 18:17:03,971 - INFO - Processed: ladders (Level 2)
2025-08-19 18:17:06,423 - INFO - Processed: amass (Level 1)
2025-08-19 18:17:08,954 - INFO - Processed: bawl (Level 1)
2025-08-19 18:17:12,003 - INFO - Processed: flows (Level 1)
2025-08-19 18:17:14,635 - INFO - Processed: hypnotic (Level 2)
2025-08-19 18:17:16,178 - WARNING - No definition found for 'diy', adding to review list
2025-08-19 18:17:17,455 - INFO - Processed: diy (Level 1)
2025-08-19 18:17:19,975 - INFO - Processed: amuse (Level 1)
2025-08-19 18:17:22,699 - INFO - Processed: accrual (Level 2)
2025-08-19 18:17:23,876 - WARNING - No definition found for 'cartoondough', adding to review list
2025-08-19 18:17:25,102 - INFO - Processed: cartoondough (Level 3)
2025-08-19 18:17:26,325 - WARNING - No definition found for 'brusk', adding to review list
2025-08-19 18:17:27,594 - INFO - Processed: brusk (Level 1)
2025-08-19 18:17:29,046 - WARNING - No definition found for 'theriatrics', adding to review list
2025-08-19 18:17:30,368 - INFO - Processed: theriatrics (Level 4)
2025-08-19 18:17:32,975 - INFO - Processed: war (Level 1)
2025-08-19 18:17:36,291 - INFO - Processed: phraseology (Level 4)
2025-08-19 18:17:39,492 - INFO - Processed: updo (Level 1)
2025-08-19 18:17:42,408 - INFO - Processed: marathon (Level 4)
2025-08-19 18:17:44,945 - INFO - Processed: unit (Level 1)
2025-08-19 18:17:47,474 - INFO - Processed: bookshelf (Level 4)
2025-08-19 18:17:50,201 - INFO - Processed: mondegreen (Level 4)
2025-08-19 18:17:53,246 - INFO - Processed: extrorse (Level 3)
2025-08-19 18:17:54,764 - WARNING - No definition found for 'delmarva', adding to review list
2025-08-19 18:17:56,074 - INFO - Processed: delmarva (Level 4)
2025-08-19 18:17:58,622 - INFO - Processed: produce (Level 2)
2025-08-19 18:18:01,314 - INFO - Processed: pavilions (Level 4)
2025-08-19 18:18:03,765 - INFO - Processed: magnate (Level 1)
2025-08-19 18:18:06,305 - INFO - Processed: ikat (Level 1)
2025-08-19 18:18:09,339 - INFO - Processed: mink (Level 1)
2025-08-19 18:18:12,004 - INFO - Processed: center (Level 2)
2025-08-19 18:18:14,932 - INFO - Processed: hirsute (Level 2)
2025-08-19 18:18:17,390 - INFO - Processed: marvel (Level 2)
2025-08-19 18:18:19,873 - INFO - Processed: cooperate (Level 4)
2025-08-19 18:18:21,225 - WARNING - No definition found for 'jibboom', adding to review list
2025-08-19 18:18:22,545 - INFO - Processed: jibboom (Level 2)
2025-08-19 18:18:25,286 - INFO - Processed: vantage (Level 2)
2025-08-19 18:18:27,728 - INFO - Processed: respite (Level 2)
2025-08-19 18:18:30,649 - INFO - Processed: heavy (Level 1)
2025-08-19 18:18:31,895 - WARNING - No definition found for 'blastema', adding to review list
2025-08-19 18:18:33,152 - INFO - Processed: blastema (Level 4)
2025-08-19 18:18:35,700 - INFO - Processed: balderdash (Level 2)
2025-08-19 18:18:38,199 - INFO - Processed: hear (Level 1)
2025-08-19 18:18:40,674 - INFO - Processed: except (Level 2)
2025-08-19 18:18:42,054 - WARNING - No definition found for 'chemistryquandary', adding to review list
2025-08-19 18:18:43,247 - INFO - Processed: chemistryquandary (Level 5)
2025-08-19 18:18:45,816 - INFO - Processed: decimal (Level 2)
2025-08-19 18:18:48,733 - INFO - Processed: fontina (Level 2)
2025-08-19 18:18:51,447 - INFO - Processed: increments (Level 2)
2025-08-19 18:18:52,807 - WARNING - No definition found for 'agalma', adding to review list
2025-08-19 18:18:54,044 - INFO - Processed: agalma (Level 2)
2025-08-19 18:18:55,320 - WARNING - No definition found for 'parodic', adding to review list
2025-08-19 18:18:56,584 - INFO - Processed: parodic (Level 2)
2025-08-19 18:18:58,985 - INFO - Processed: western (Level 2)
2025-08-19 18:18:59,483 - INFO - Checkpoint saved: 7700 words
2025-08-19 18:18:59,485 - INFO - Checkpoint saved after batch 77
2025-08-19 18:18:59,485 - INFO - Processing batch 78 (7701-7800 of 10114)
2025-08-19 18:19:02,074 - INFO - Processed: chose (Level 1)
2025-08-19 18:19:04,985 - INFO - Processed: ptosis (Level 2)
2025-08-19 18:19:07,552 - INFO - Processed: shops (Level 1)
2025-08-19 18:19:08,993 - WARNING - No definition found for 'naranjilla', adding to review list
2025-08-19 18:19:10,328 - INFO - Processed: naranjilla (Level 2)
2025-08-19 18:19:11,672 - WARNING - No definition found for 'islamic', adding to review list
2025-08-19 18:19:12,873 - INFO - Processed: islamic (Level 2)
2025-08-19 18:19:15,668 - INFO - Processed: unbeknownst (Level 4)
2025-08-19 18:19:18,478 - INFO - Processed: camouflaged (Level 4)
2025-08-19 18:19:21,310 - INFO - Processed: arrondissement (Level 5)
2025-08-19 18:19:23,825 - INFO - Processed: kennel (Level 2)
2025-08-19 18:19:26,253 - INFO - Processed: appeared (Level 4)
2025-08-19 18:19:29,053 - INFO - Processed: septum (Level 2)
2025-08-19 18:19:32,005 - INFO - Processed: hummingbird (Level 4)
2025-08-19 18:19:34,556 - INFO - Processed: benches (Level 1)
2025-08-19 18:19:37,178 - INFO - Processed: jasper (Level 2)
2025-08-19 18:19:39,610 - INFO - Processed: doubled (Level 2)
2025-08-19 18:19:42,329 - INFO - Processed: astride (Level 2)
2025-08-19 18:19:45,246 - INFO - Processed: conurbation (Level 3)
2025-08-19 18:19:46,777 - WARNING - No definition found for 'retinoscopysepulchral', adding to review list
2025-08-19 18:19:48,030 - INFO - Processed: retinoscopysepulchral (Level 5)
2025-08-19 18:19:50,497 - INFO - Processed: cry (Level 1)
2025-08-19 18:19:51,691 - WARNING - No definition found for 'esteemdifficulty', adding to review list
2025-08-19 18:19:52,912 - INFO - Processed: esteemdifficulty (Level 5)
2025-08-19 18:19:55,920 - INFO - Processed: fiat (Level 1)
2025-08-19 18:19:58,452 - INFO - Processed: tricky (Level 2)
2025-08-19 18:20:01,731 - INFO - Processed: uncanny (Level 2)
2025-08-19 18:20:04,298 - INFO - Processed: neutron (Level 1)
2025-08-19 18:20:07,340 - INFO - Processed: dismayed (Level 2)
2025-08-19 18:20:09,916 - INFO - Processed: irregular (Level 2)
2025-08-19 18:20:11,252 - WARNING - No definition found for 'grimthorpe', adding to review list
2025-08-19 18:20:13,302 - INFO - Processed: grimthorpe (Level 2)
2025-08-19 18:20:16,172 - INFO - Processed: pappardelle (Level 4)
2025-08-19 18:20:18,722 - INFO - Processed: accomplice (Level 4)
2025-08-19 18:20:20,133 - WARNING - No definition found for 'hennin', adding to review list
2025-08-19 18:20:22,812 - INFO - Processed: hennin (Level 2)
2025-08-19 18:20:25,819 - INFO - Processed: scuttlebutt (Level 3)
2025-08-19 18:20:28,393 - INFO - Processed: spoonerism (Level 2)
2025-08-19 18:20:30,945 - INFO - Processed: quintessential (Level 5)
2025-08-19 18:20:32,265 - WARNING - No definition found for 'premonitionprevious', adding to review list
2025-08-19 18:20:35,129 - INFO - Processed: premonitionprevious (Level 5)
2025-08-19 18:20:37,715 - INFO - Processed: medusa (Level 2)
2025-08-19 18:20:40,225 - INFO - Processed: monthly (Level 2)
2025-08-19 18:20:41,556 - WARNING - No definition found for 'pochoir', adding to review list
2025-08-19 18:20:42,793 - INFO - Processed: pochoir (Level 2)
2025-08-19 18:20:44,026 - WARNING - No definition found for 'inuit', adding to review list
2025-08-19 18:20:45,353 - INFO - Processed: inuit (Level 1)
2025-08-19 18:20:47,872 - INFO - Processed: antimony (Level 3)
2025-08-19 18:20:50,425 - INFO - Processed: sacrifice (Level 4)
2025-08-19 18:20:52,872 - INFO - Processed: auburn (Level 2)
2025-08-19 18:20:55,426 - INFO - Processed: boondoggle (Level 4)
2025-08-19 18:20:57,886 - INFO - Processed: audio (Level 1)
2025-08-19 18:21:00,611 - INFO - Processed: suffice (Level 2)
2025-08-19 18:21:03,264 - INFO - Processed: ambiguous (Level 4)
2025-08-19 18:21:05,689 - INFO - Processed: elegant (Level 2)
2025-08-19 18:21:06,911 - WARNING - No definition found for 'ballabile', adding to review list
2025-08-19 18:21:09,181 - INFO - Processed: ballabile (Level 3)
2025-08-19 18:21:11,723 - INFO - Processed: kleptocrat (Level 3)
2025-08-19 18:21:14,198 - INFO - Processed: fire (Level 1)
2025-08-19 18:21:17,074 - INFO - Processed: poem (Level 1)
2025-08-19 18:21:18,493 - WARNING - No definition found for 'questionaire', adding to review list
2025-08-19 18:21:20,265 - INFO - Processed: questionaire (Level 4)
2025-08-19 18:21:22,879 - INFO - Processed: enoki (Level 1)
2025-08-19 18:21:26,736 - INFO - Processed: lavished (Level 2)
2025-08-19 18:21:29,355 - INFO - Processed: mezzanine (Level 2)
2025-08-19 18:21:30,515 - WARNING - No definition found for 'chastisechief', adding to review list
2025-08-19 18:21:31,754 - INFO - Processed: chastisechief (Level 4)
2025-08-19 18:21:34,433 - INFO - Processed: flecked (Level 2)
2025-08-19 18:21:38,177 - INFO - Processed: judoka (Level 2)
2025-08-19 18:21:41,095 - INFO - Processed: litigious (Level 2)
2025-08-19 18:21:43,602 - INFO - Processed: copse (Level 1)
2025-08-19 18:21:46,043 - INFO - Processed: sloop (Level 1)
2025-08-19 18:21:48,537 - INFO - Processed: accident (Level 1)
2025-08-19 18:21:51,628 - INFO - Processed: lactose (Level 2)
2025-08-19 18:21:54,305 - INFO - Processed: electrified (Level 4)
2025-08-19 18:21:56,829 - INFO - Processed: meaningless (Level 4)
2025-08-19 18:21:59,289 - INFO - Processed: medicines (Level 3)
2025-08-19 18:22:00,742 - WARNING - No definition found for 'agnesi', adding to review list
2025-08-19 18:22:01,965 - INFO - Processed: agnesi (Level 2)
2025-08-19 18:22:03,345 - WARNING - No definition found for 'persia', adding to review list
2025-08-19 18:22:04,625 - INFO - Processed: persia (Level 2)
2025-08-19 18:22:07,162 - INFO - Processed: monkey (Level 2)
2025-08-19 18:22:09,586 - INFO - Processed: heavenly (Level 3)
2025-08-19 18:22:12,215 - INFO - Processed: appreciation (Level 4)
2025-08-19 18:22:14,672 - INFO - Processed: eyesore (Level 2)
2025-08-19 18:22:17,537 - INFO - Processed: hieroglyphics (Level 3)
2025-08-19 18:22:20,406 - INFO - Processed: stevia (Level 2)
2025-08-19 18:22:21,675 - WARNING - No definition found for 'academese', adding to review list
2025-08-19 18:22:23,478 - INFO - Processed: academese (Level 3)
2025-08-19 18:22:24,754 - WARNING - No definition found for 'rialto', adding to review list
2025-08-19 18:22:25,981 - INFO - Processed: rialto (Level 2)
2025-08-19 18:22:28,401 - INFO - Processed: celsius (Level 2)
2025-08-19 18:22:29,655 - WARNING - No definition found for 'porwigle', adding to review list
2025-08-19 18:22:31,135 - INFO - Processed: porwigle (Level 4)
2025-08-19 18:22:35,025 - INFO - Processed: perplex (Level 1)
2025-08-19 18:22:37,515 - INFO - Processed: leghorn (Level 2)
2025-08-19 18:22:40,384 - INFO - Processed: commonly (Level 4)
2025-08-19 18:22:43,018 - INFO - Processed: quadrillion (Level 4)
2025-08-19 18:22:46,235 - INFO - Processed: guffaw (Level 2)
2025-08-19 18:22:48,860 - INFO - Processed: lavender (Level 4)
2025-08-19 18:22:51,329 - INFO - Processed: effusive (Level 4)
2025-08-19 18:22:53,803 - INFO - Processed: none (Level 1)
2025-08-19 18:22:56,388 - INFO - Processed: burro (Level 1)
2025-08-19 18:22:57,801 - WARNING - No definition found for 'casimir', adding to review list
2025-08-19 18:22:59,135 - INFO - Processed: casimir (Level 2)
2025-08-19 18:23:00,602 - WARNING - No definition found for 'jour', adding to review list
2025-08-19 18:23:01,888 - INFO - Processed: jour (Level 1)
2025-08-19 18:23:04,402 - INFO - Processed: catastrophe (Level 4)
2025-08-19 18:23:05,709 - WARNING - No definition found for 'guam', adding to review list
2025-08-19 18:23:06,926 - INFO - Processed: guam (Level 1)
2025-08-19 18:23:09,597 - INFO - Processed: orthogonal (Level 4)
2025-08-19 18:23:13,097 - INFO - Processed: hurricane (Level 4)
2025-08-19 18:23:15,734 - INFO - Processed: reconsider (Level 4)
2025-08-19 18:23:16,968 - WARNING - No definition found for 'propre', adding to review list
2025-08-19 18:23:18,212 - INFO - Processed: propre (Level 2)
2025-08-19 18:23:20,695 - INFO - Processed: paraquat (Level 2)
2025-08-19 18:23:23,250 - INFO - Processed: streamers (Level 4)
2025-08-19 18:23:25,840 - INFO - Processed: states (Level 2)
2025-08-19 18:23:28,335 - INFO - Processed: lantana (Level 2)
2025-08-19 18:23:30,918 - INFO - Processed: seiche (Level 1)
2025-08-19 18:23:33,392 - INFO - Processed: hellebore (Level 4)
2025-08-19 18:23:33,930 - INFO - Checkpoint saved: 7800 words
2025-08-19 18:23:33,930 - INFO - Checkpoint saved after batch 78
2025-08-19 18:23:33,930 - INFO - Processing batch 79 (7801-7900 of 10114)
2025-08-19 18:23:36,994 - INFO - Processed: stroganoff (Level 4)
2025-08-19 18:23:39,668 - INFO - Processed: taking (Level 2)
2025-08-19 18:23:41,361 - WARNING - No definition found for 'sourisadjective', adding to review list
2025-08-19 18:23:42,589 - INFO - Processed: sourisadjective (Level 5)
2025-08-19 18:23:47,068 - INFO - Processed: coriander (Level 4)
2025-08-19 18:23:48,351 - WARNING - No definition found for 'assam', adding to review list
2025-08-19 18:23:49,651 - INFO - Processed: assam (Level 1)
2025-08-19 18:23:52,314 - INFO - Processed: moustache (Level 2)
2025-08-19 18:23:55,257 - INFO - Processed: corkscrew (Level 4)
2025-08-19 18:23:58,343 - INFO - Processed: reaches (Level 2)
2025-08-19 18:24:01,188 - INFO - Processed: hetman (Level 2)
2025-08-19 18:24:03,741 - INFO - Processed: oral (Level 1)
2025-08-19 18:24:06,311 - INFO - Processed: county (Level 2)
2025-08-19 18:24:08,849 - INFO - Processed: heroes (Level 2)
2025-08-19 18:24:11,575 - INFO - Processed: apparel (Level 2)
2025-08-19 18:24:13,116 - WARNING - No definition found for 'hydriotaphia', adding to review list
2025-08-19 18:24:14,802 - INFO - Processed: hydriotaphia (Level 4)
2025-08-19 18:24:16,038 - WARNING - No definition found for 'fiendishly', adding to review list
2025-08-19 18:24:17,254 - INFO - Processed: fiendishly (Level 4)
2025-08-19 18:24:19,913 - INFO - Processed: wring (Level 1)
2025-08-19 18:24:22,451 - INFO - Processed: grison (Level 2)
2025-08-19 18:24:26,211 - INFO - Processed: billow (Level 2)
2025-08-19 18:24:27,390 - WARNING - No definition found for 'mele', adding to review list
2025-08-19 18:24:28,689 - INFO - Processed: mele (Level 1)
2025-08-19 18:24:31,162 - INFO - Processed: credulity (Level 4)
2025-08-19 18:24:33,567 - INFO - Processed: societal (Level 3)
2025-08-19 18:24:35,302 - WARNING - No definition found for 'anjou', adding to review list
2025-08-19 18:24:36,539 - INFO - Processed: anjou (Level 1)
2025-08-19 18:24:39,249 - INFO - Processed: fascinator (Level 3)
2025-08-19 18:24:41,883 - INFO - Processed: tachyon (Level 2)
2025-08-19 18:24:44,311 - INFO - Processed: indolent (Level 4)
2025-08-19 18:24:46,772 - INFO - Processed: blight (Level 2)
2025-08-19 18:24:49,780 - INFO - Processed: puttering (Level 3)
2025-08-19 18:24:53,716 - INFO - Processed: summer (Level 2)
2025-08-19 18:24:56,300 - INFO - Processed: ivermectin (Level 4)
2025-08-19 18:24:58,753 - INFO - Processed: tells (Level 1)
2025-08-19 18:24:59,979 - WARNING - No definition found for 'sahel', adding to review list
2025-08-19 18:25:01,187 - INFO - Processed: sahel (Level 1)
2025-08-19 18:25:03,685 - INFO - Processed: depravity (Level 3)
2025-08-19 18:25:04,988 - WARNING - No definition found for 'sioux', adding to review list
2025-08-19 18:25:06,369 - INFO - Processed: sioux (Level 1)
2025-08-19 18:25:10,968 - INFO - Processed: acetaminophen (Level 4)
2025-08-19 18:25:12,238 - WARNING - No definition found for 'nahcolite', adding to review list
2025-08-19 18:25:14,030 - INFO - Processed: nahcolite (Level 4)
2025-08-19 18:25:16,797 - INFO - Processed: hazmat (Level 1)
2025-08-19 18:25:19,849 - INFO - Processed: award (Level 1)
2025-08-19 18:25:22,431 - INFO - Processed: joists (Level 1)
2025-08-19 18:25:25,119 - INFO - Processed: enjoy (Level 1)
2025-08-19 18:25:27,555 - INFO - Processed: video (Level 1)
2025-08-19 18:25:30,057 - INFO - Processed: admitted (Level 1)
2025-08-19 18:25:32,107 - WARNING - No definition found for 'ergoexistential', adding to review list
2025-08-19 18:25:33,392 - INFO - Processed: ergoexistential (Level 5)
2025-08-19 18:25:36,023 - INFO - Processed: parameters (Level 4)
2025-08-19 18:25:38,434 - INFO - Processed: insect (Level 2)
2025-08-19 18:25:40,925 - INFO - Processed: cloture (Level 2)
2025-08-19 18:25:42,247 - WARNING - No definition found for 'mellifluousclemency', adding to review list
2025-08-19 18:25:43,515 - INFO - Processed: mellifluousclemency (Level 5)
2025-08-19 18:25:44,834 - WARNING - No definition found for 'nullius', adding to review list
2025-08-19 18:25:46,432 - INFO - Processed: nullius (Level 2)
2025-08-19 18:25:49,040 - INFO - Processed: hover (Level 1)
2025-08-19 18:25:51,666 - INFO - Processed: thyme (Level 1)
2025-08-19 18:25:54,047 - INFO - Processed: patella (Level 2)
2025-08-19 18:25:56,994 - INFO - Processed: proscribed (Level 3)
2025-08-19 18:26:00,631 - INFO - Processed: weaponry (Level 4)
2025-08-19 18:26:02,321 - WARNING - No definition found for 'osloite', adding to review list
2025-08-19 18:26:03,544 - INFO - Processed: osloite (Level 2)
2025-08-19 18:26:05,946 - INFO - Processed: vanity (Level 1)
2025-08-19 18:26:08,437 - INFO - Processed: shuffle (Level 1)
2025-08-19 18:26:11,069 - INFO - Processed: ravigote (Level 3)
2025-08-19 18:26:13,155 - WARNING - No definition found for 'macigno', adding to review list
2025-08-19 18:26:15,332 - INFO - Processed: macigno (Level 2)
2025-08-19 18:26:17,800 - INFO - Processed: transcription (Level 4)
2025-08-19 18:26:20,249 - INFO - Processed: donuts (Level 2)
2025-08-19 18:26:22,695 - INFO - Processed: jeopardy (Level 3)
2025-08-19 18:26:25,211 - INFO - Processed: snap (Level 1)
2025-08-19 18:26:26,456 - WARNING - No definition found for 'sumatran', adding to review list
2025-08-19 18:26:27,691 - INFO - Processed: sumatran (Level 4)
2025-08-19 18:26:30,120 - INFO - Processed: suffrage (Level 4)
2025-08-19 18:26:32,723 - INFO - Processed: oops (Level 1)
2025-08-19 18:26:35,245 - INFO - Processed: bible (Level 1)
2025-08-19 18:26:37,635 - INFO - Processed: herbaceous (Level 3)
2025-08-19 18:26:40,225 - INFO - Processed: syllabus (Level 4)
2025-08-19 18:26:41,876 - WARNING - No definition found for 'teratism', adding to review list
2025-08-19 18:26:43,848 - INFO - Processed: teratism (Level 4)
2025-08-19 18:26:45,147 - WARNING - No definition found for 'berber', adding to review list
2025-08-19 18:26:46,498 - INFO - Processed: berber (Level 2)
2025-08-19 18:26:47,937 - WARNING - No definition found for 'gregorian', adding to review list
2025-08-19 18:26:49,287 - INFO - Processed: gregorian (Level 4)
2025-08-19 18:26:50,534 - WARNING - No definition found for 'diaulos', adding to review list
2025-08-19 18:26:51,753 - INFO - Processed: diaulos (Level 2)
2025-08-19 18:26:52,999 - WARNING - No definition found for 'roi', adding to review list
2025-08-19 18:26:54,741 - INFO - Processed: roi (Level 1)
2025-08-19 18:26:59,383 - INFO - Processed: propulsion (Level 4)
2025-08-19 18:27:01,727 - INFO - Processed: excavating (Level 2)
2025-08-19 18:27:04,376 - INFO - Processed: substantial (Level 3)
2025-08-19 18:27:05,635 - WARNING - No definition found for 'clydesdale', adding to review list
2025-08-19 18:27:06,853 - INFO - Processed: clydesdale (Level 3)
2025-08-19 18:27:08,187 - WARNING - No definition found for 'grandrelle', adding to review list
2025-08-19 18:27:09,417 - INFO - Processed: grandrelle (Level 4)
2025-08-19 18:27:11,948 - INFO - Processed: gumption (Level 4)
2025-08-19 18:27:14,431 - INFO - Processed: wattage (Level 2)
2025-08-19 18:27:17,063 - INFO - Processed: winegrower (Level 4)
2025-08-19 18:27:19,662 - INFO - Processed: ewer (Level 1)
2025-08-19 18:27:22,107 - INFO - Processed: hiatus (Level 2)
2025-08-19 18:27:25,017 - INFO - Processed: rutabaga (Level 4)
2025-08-19 18:27:28,028 - INFO - Processed: pranks (Level 1)
2025-08-19 18:27:30,540 - INFO - Processed: tropical (Level 3)
2025-08-19 18:27:32,221 - WARNING - No definition found for 'bijouterie', adding to review list
2025-08-19 18:27:33,439 - INFO - Processed: bijouterie (Level 1)
2025-08-19 18:27:34,801 - WARNING - No definition found for 'gueritegallivat', adding to review list
2025-08-19 18:27:36,020 - INFO - Processed: gueritegallivat (Level 5)
2025-08-19 18:27:38,913 - INFO - Processed: from (Level 1)
2025-08-19 18:27:40,279 - WARNING - No definition found for 'chupacabradifficulty', adding to review list
2025-08-19 18:27:41,492 - INFO - Processed: chupacabradifficulty (Level 5)
2025-08-19 18:27:44,233 - INFO - Processed: bavarian (Level 4)
2025-08-19 18:27:46,860 - INFO - Processed: float (Level 1)
2025-08-19 18:27:49,743 - INFO - Processed: bamboozled (Level 3)
2025-08-19 18:27:52,191 - INFO - Processed: eisteddfod (Level 4)
2025-08-19 18:27:53,537 - WARNING - No definition found for 'wasn', adding to review list
2025-08-19 18:27:54,738 - INFO - Processed: wasn (Level 1)
2025-08-19 18:27:57,287 - INFO - Processed: vascular (Level 4)
2025-08-19 18:27:59,750 - INFO - Processed: timidly (Level 1)
2025-08-19 18:28:02,181 - INFO - Processed: verism (Level 2)
2025-08-19 18:28:04,535 - INFO - Processed: meeting (Level 2)
2025-08-19 18:28:08,180 - INFO - Processed: uraeus (Level 2)
2025-08-19 18:28:10,587 - INFO - Processed: culinary (Level 2)
2025-08-19 18:28:11,026 - INFO - Checkpoint saved: 7900 words
2025-08-19 18:28:11,026 - INFO - Checkpoint saved after batch 79
2025-08-19 18:28:11,026 - INFO - Processing batch 80 (7901-8000 of 10114)
2025-08-19 18:28:14,545 - INFO - Processed: anglophile (Level 4)
2025-08-19 18:28:16,962 - INFO - Processed: message (Level 2)
2025-08-19 18:28:20,619 - INFO - Processed: fortification (Level 4)
2025-08-19 18:28:22,428 - WARNING - No definition found for 'brandywine', adding to review list
2025-08-19 18:28:23,685 - INFO - Processed: brandywine (Level 4)
2025-08-19 18:28:26,311 - INFO - Processed: preserving (Level 3)
2025-08-19 18:28:27,525 - WARNING - No definition found for 'privatim', adding to review list
2025-08-19 18:28:28,785 - INFO - Processed: privatim (Level 4)
2025-08-19 18:28:30,082 - WARNING - No definition found for 'advertizement', adding to review list
2025-08-19 18:28:31,641 - INFO - Processed: advertizement (Level 4)
2025-08-19 18:28:34,335 - INFO - Processed: reggae (Level 2)
2025-08-19 18:28:37,001 - INFO - Processed: scarab (Level 2)
2025-08-19 18:28:39,426 - INFO - Processed: area (Level 1)
2025-08-19 18:28:40,727 - WARNING - No definition found for 'woogie', adding to review list
2025-08-19 18:28:41,911 - INFO - Processed: woogie (Level 2)
2025-08-19 18:28:44,327 - INFO - Processed: gelatinous (Level 4)
2025-08-19 18:28:45,590 - WARNING - No definition found for 'zithersustain', adding to review list
2025-08-19 18:28:47,039 - INFO - Processed: zithersustain (Level 4)
2025-08-19 18:28:48,952 - WARNING - No definition found for 'succussion', adding to review list
2025-08-19 18:28:50,505 - INFO - Processed: succussion (Level 3)
2025-08-19 18:28:53,027 - INFO - Processed: groves (Level 2)
2025-08-19 18:28:54,373 - WARNING - No definition found for 'fata', adding to review list
2025-08-19 18:28:55,634 - INFO - Processed: fata (Level 1)
2025-08-19 18:28:58,048 - INFO - Processed: pas (Level 1)
2025-08-19 18:29:00,948 - INFO - Processed: fun (Level 1)
2025-08-19 18:29:04,110 - INFO - Processed: dangerous (Level 2)
2025-08-19 18:29:05,579 - WARNING - No definition found for 'eutonic', adding to review list
2025-08-19 18:29:06,768 - INFO - Processed: eutonic (Level 2)
2025-08-19 18:29:09,147 - INFO - Processed: longer (Level 2)
2025-08-19 18:29:11,621 - INFO - Processed: carrion (Level 2)
2025-08-19 18:29:14,227 - INFO - Processed: compatriots (Level 4)
2025-08-19 18:29:15,537 - WARNING - No definition found for 'yttriferous', adding to review list
2025-08-19 18:29:17,933 - INFO - Processed: yttriferous (Level 4)
2025-08-19 18:29:19,204 - WARNING - No definition found for 'kmleerac', adding to review list
2025-08-19 18:29:20,451 - INFO - Processed: kmleerac (Level 3)
2025-08-19 18:29:23,135 - INFO - Processed: fandango (Level 4)
2025-08-19 18:29:24,422 - WARNING - No definition found for 'parishionerastrologers', adding to review list
2025-08-19 18:29:25,655 - INFO - Processed: parishionerastrologers (Level 5)
2025-08-19 18:29:29,261 - INFO - Processed: feudalism (Level 4)
2025-08-19 18:29:32,165 - INFO - Processed: laryngitis (Level 1)
2025-08-19 18:29:33,405 - WARNING - No definition found for 'devanagari', adding to review list
2025-08-19 18:29:34,661 - INFO - Processed: devanagari (Level 4)
2025-08-19 18:29:37,311 - INFO - Processed: preponderance (Level 4)
2025-08-19 18:29:39,790 - INFO - Processed: banana (Level 2)
2025-08-19 18:29:42,439 - INFO - Processed: bandmates (Level 3)
2025-08-19 18:29:45,141 - INFO - Processed: tape (Level 1)
2025-08-19 18:29:47,552 - INFO - Processed: else (Level 1)
2025-08-19 18:29:50,022 - INFO - Processed: kaddish (Level 2)
2025-08-19 18:29:52,589 - INFO - Processed: fictile (Level 2)
2025-08-19 18:29:54,449 - WARNING - No definition found for 'macaroonbrazenness', adding to review list
2025-08-19 18:29:55,663 - INFO - Processed: macaroonbrazenness (Level 5)
2025-08-19 18:29:58,121 - INFO - Processed: viaticum (Level 4)
2025-08-19 18:30:00,763 - INFO - Processed: sternum (Level 2)
2025-08-19 18:30:02,006 - WARNING - No definition found for 'thomism', adding to review list
2025-08-19 18:30:03,197 - INFO - Processed: thomism (Level 2)
2025-08-19 18:30:06,064 - INFO - Processed: observations (Level 4)
2025-08-19 18:30:12,793 - INFO - Processed: thorn (Level 1)
2025-08-19 18:30:15,265 - INFO - Processed: marionette (Level 3)
2025-08-19 18:30:17,934 - INFO - Processed: gabbro (Level 2)
2025-08-19 18:30:19,155 - WARNING - No definition found for 'divanbadminton', adding to review list
2025-08-19 18:30:20,369 - INFO - Processed: divanbadminton (Level 5)
2025-08-19 18:30:22,782 - INFO - Processed: businesses (Level 3)
2025-08-19 18:30:25,353 - INFO - Processed: foist (Level 1)
2025-08-19 18:30:28,545 - INFO - Processed: puckish (Level 2)
2025-08-19 18:30:31,245 - INFO - Processed: catapults (Level 4)
2025-08-19 18:30:33,825 - INFO - Processed: roux (Level 1)
2025-08-19 18:30:36,148 - INFO - Processed: tingle (Level 2)
2025-08-19 18:30:38,534 - INFO - Processed: came (Level 1)
2025-08-19 18:30:41,104 - INFO - Processed: reynard (Level 2)
2025-08-19 18:30:42,376 - WARNING - No definition found for 'beurre', adding to review list
2025-08-19 18:30:43,621 - INFO - Processed: beurre (Level 2)
2025-08-19 18:30:46,284 - INFO - Processed: write (Level 1)
2025-08-19 18:30:48,773 - INFO - Processed: distinguishing (Level 5)
2025-08-19 18:30:51,379 - INFO - Processed: paraffin (Level 2)
2025-08-19 18:30:52,616 - WARNING - No definition found for 'intransigeant', adding to review list
2025-08-19 18:30:53,832 - INFO - Processed: intransigeant (Level 3)
2025-08-19 18:30:56,367 - INFO - Processed: bedraggled (Level 3)
2025-08-19 18:30:57,628 - WARNING - No definition found for 'pothospolysyllabic', adding to review list
2025-08-19 18:30:59,143 - INFO - Processed: pothospolysyllabic (Level 5)
2025-08-19 18:31:01,710 - INFO - Processed: barrier (Level 1)
2025-08-19 18:31:04,155 - INFO - Processed: terrarium (Level 4)
2025-08-19 18:31:05,388 - WARNING - No definition found for 'spellingeschew', adding to review list
2025-08-19 18:31:06,591 - INFO - Processed: spellingeschew (Level 5)
2025-08-19 18:31:09,092 - INFO - Processed: pharynx (Level 2)
2025-08-19 18:31:10,491 - WARNING - No definition found for 'tok', adding to review list
2025-08-19 18:31:11,740 - INFO - Processed: tok (Level 1)
2025-08-19 18:31:14,532 - INFO - Processed: dingoes (Level 2)
2025-08-19 18:31:17,231 - INFO - Processed: seats (Level 1)
2025-08-19 18:31:18,454 - WARNING - No definition found for 'niminy', adding to review list
2025-08-19 18:31:19,705 - INFO - Processed: niminy (Level 2)
2025-08-19 18:31:22,251 - INFO - Processed: diverge (Level 2)
2025-08-19 18:31:24,649 - INFO - Processed: franchise (Level 2)
2025-08-19 18:31:27,385 - INFO - Processed: chill (Level 1)
2025-08-19 18:31:30,043 - INFO - Processed: traverse (Level 4)
2025-08-19 18:31:32,520 - INFO - Processed: farthingale (Level 4)
2025-08-19 18:31:33,854 - WARNING - No definition found for 'mcintosh', adding to review list
2025-08-19 18:31:35,086 - INFO - Processed: mcintosh (Level 1)
2025-08-19 18:31:37,527 - INFO - Processed: harder (Level 2)
2025-08-19 18:31:38,835 - WARNING - No definition found for 'paramahamsa', adding to review list
2025-08-19 18:31:40,711 - INFO - Processed: paramahamsa (Level 4)
2025-08-19 18:31:44,015 - WARNING - No definition found for 'vacuousness', adding to review list
2025-08-19 18:31:45,266 - INFO - Processed: vacuousness (Level 4)
2025-08-19 18:31:47,800 - INFO - Processed: hopped (Level 2)
2025-08-19 18:31:50,785 - INFO - Processed: melted (Level 2)
2025-08-19 18:31:53,643 - INFO - Processed: captivated (Level 4)
2025-08-19 18:31:57,823 - INFO - Processed: thus (Level 1)
2025-08-19 18:32:00,270 - INFO - Processed: anthropomorphic (Level 5)
2025-08-19 18:32:02,790 - INFO - Processed: chalet (Level 2)
2025-08-19 18:32:06,235 - INFO - Processed: teemed (Level 2)
2025-08-19 18:32:09,050 - INFO - Processed: pressure (Level 1)
2025-08-19 18:32:11,654 - WARNING - No definition found for 'debita', adding to review list
2025-08-19 18:32:12,874 - INFO - Processed: debita (Level 2)
2025-08-19 18:32:15,478 - INFO - Processed: fractious (Level 2)
2025-08-19 18:32:18,993 - INFO - Processed: wan (Level 1)
2025-08-19 18:32:22,141 - INFO - Processed: nagged (Level 2)
2025-08-19 18:32:24,959 - INFO - Processed: futility (Level 4)
2025-08-19 18:32:27,553 - INFO - Processed: headlong (Level 4)
2025-08-19 18:32:30,020 - INFO - Processed: back (Level 1)
2025-08-19 18:32:32,636 - INFO - Processed: refrigerated (Level 4)
2025-08-19 18:32:35,785 - INFO - Processed: seclusion (Level 4)
2025-08-19 18:32:37,673 - WARNING - No definition found for 'nephrolith', adding to review list
2025-08-19 18:32:38,933 - INFO - Processed: nephrolith (Level 2)
2025-08-19 18:32:42,670 - INFO - Processed: acclaim (Level 2)
2025-08-19 18:32:45,076 - INFO - Processed: stealthily (Level 2)
2025-08-19 18:32:47,760 - INFO - Processed: gullibility (Level 4)
2025-08-19 18:32:51,209 - INFO - Processed: companion (Level 3)
2025-08-19 18:32:51,692 - INFO - Checkpoint saved: 8000 words
2025-08-19 18:32:51,693 - INFO - Checkpoint saved after batch 80
2025-08-19 18:32:51,693 - INFO - Processing batch 81 (8001-8100 of 10114)
2025-08-19 18:32:54,210 - INFO - Processed: mournful (Level 2)
2025-08-19 18:32:57,127 - INFO - Processed: tinamou (Level 2)
2025-08-19 18:32:59,603 - INFO - Processed: ineffective (Level 3)
2025-08-19 18:33:01,868 - WARNING - No definition found for 'spinosity', adding to review list
2025-08-19 18:33:03,221 - INFO - Processed: spinosity (Level 4)
2025-08-19 18:33:05,731 - INFO - Processed: procrastinate (Level 4)
2025-08-19 18:33:08,198 - INFO - Processed: cairn (Level 1)
2025-08-19 18:33:11,101 - INFO - Processed: slivers (Level 2)
2025-08-19 18:33:13,724 - INFO - Processed: cough (Level 1)
2025-08-19 18:33:17,462 - INFO - Processed: cardigan (Level 2)
2025-08-19 18:33:20,190 - INFO - Processed: follows (Level 2)
2025-08-19 18:33:21,420 - WARNING - No definition found for 'squabblingscuba', adding to review list
2025-08-19 18:33:22,636 - INFO - Processed: squabblingscuba (Level 5)
2025-08-19 18:33:23,935 - WARNING - No definition found for 'maringouin', adding to review list
2025-08-19 18:33:25,393 - INFO - Processed: maringouin (Level 4)
2025-08-19 18:33:28,700 - INFO - Processed: career (Level 2)
2025-08-19 18:33:32,747 - INFO - Processed: shower (Level 2)
2025-08-19 18:33:35,197 - INFO - Processed: empty (Level 1)
2025-08-19 18:33:37,555 - INFO - Processed: glasses (Level 2)
2025-08-19 18:33:40,409 - INFO - Processed: detail (Level 2)
2025-08-19 18:33:45,805 - INFO - Processed: jeans (Level 1)
2025-08-19 18:33:48,223 - INFO - Processed: assuage (Level 2)
2025-08-19 18:33:50,741 - INFO - Processed: monastery (Level 4)
2025-08-19 18:33:53,558 - INFO - Processed: fulgent (Level 2)
2025-08-19 18:33:56,118 - INFO - Processed: plumage (Level 2)
2025-08-19 18:33:58,754 - INFO - Processed: submersible (Level 4)
2025-08-19 18:34:01,832 - INFO - Processed: wraith (Level 2)
2025-08-19 18:34:04,349 - INFO - Processed: bubbly (Level 2)
2025-08-19 18:34:07,040 - INFO - Processed: lassitude (Level 4)
2025-08-19 18:34:08,368 - WARNING - No definition found for 'cheshire', adding to review list
2025-08-19 18:34:10,307 - INFO - Processed: cheshire (Level 4)
2025-08-19 18:34:12,990 - INFO - Processed: vow (Level 1)
2025-08-19 18:34:14,277 - WARNING - No definition found for 'sravaka', adding to review list
2025-08-19 18:34:15,834 - INFO - Processed: sravaka (Level 2)
2025-08-19 18:34:18,199 - INFO - Processed: various (Level 2)
2025-08-19 18:34:20,623 - INFO - Processed: turning (Level 2)
2025-08-19 18:34:22,006 - WARNING - No definition found for 'buffooneryorganized', adding to review list
2025-08-19 18:34:24,957 - INFO - Processed: buffooneryorganized (Level 5)
2025-08-19 18:34:27,531 - INFO - Processed: reddish (Level 2)
2025-08-19 18:34:29,928 - INFO - Processed: best (Level 1)
2025-08-19 18:34:32,345 - INFO - Processed: explosive (Level 2)
2025-08-19 18:34:33,543 - WARNING - No definition found for 'emanant', adding to review list
2025-08-19 18:34:35,309 - INFO - Processed: emanant (Level 1)
2025-08-19 18:34:38,422 - INFO - Processed: monitory (Level 4)
2025-08-19 18:34:41,138 - INFO - Processed: entreat (Level 2)
2025-08-19 18:34:42,353 - WARNING - No definition found for 'javas', adding to review list
2025-08-19 18:34:43,572 - INFO - Processed: javas (Level 1)
2025-08-19 18:34:46,451 - INFO - Processed: toga (Level 1)
2025-08-19 18:34:49,850 - INFO - Processed: protectorate (Level 4)
2025-08-19 18:34:53,865 - INFO - Processed: tell (Level 1)
2025-08-19 18:34:56,423 - INFO - Processed: tic (Level 1)
2025-08-19 18:34:58,927 - INFO - Processed: abodes (Level 2)
2025-08-19 18:35:04,431 - INFO - Processed: simmer (Level 2)
2025-08-19 18:35:06,885 - INFO - Processed: formalise (Level 4)
2025-08-19 18:35:09,737 - INFO - Processed: montage (Level 2)
2025-08-19 18:35:12,363 - INFO - Processed: firmament (Level 2)
2025-08-19 18:35:14,856 - INFO - Processed: spasmodic (Level 2)
2025-08-19 18:35:17,264 - INFO - Processed: rubble (Level 2)
2025-08-19 18:35:18,502 - WARNING - No definition found for 'gothamite', adding to review list
2025-08-19 18:35:19,681 - INFO - Processed: gothamite (Level 4)
2025-08-19 18:35:22,063 - INFO - Processed: winning (Level 2)
2025-08-19 18:35:23,314 - WARNING - No definition found for 'obligeviscount', adding to review list
2025-08-19 18:35:24,544 - INFO - Processed: obligeviscount (Level 5)
2025-08-19 18:35:27,493 - INFO - Processed: referendum (Level 3)
2025-08-19 18:35:29,937 - INFO - Processed: shaggy (Level 2)
2025-08-19 18:35:31,300 - WARNING - No definition found for 'kaur', adding to review list
2025-08-19 18:35:32,492 - INFO - Processed: kaur (Level 1)
2025-08-19 18:35:35,191 - INFO - Processed: dodgy (Level 1)
2025-08-19 18:35:37,777 - INFO - Processed: tiffin (Level 2)
2025-08-19 18:35:39,054 - WARNING - No definition found for 'trouvaille', adding to review list
2025-08-19 18:35:40,256 - INFO - Processed: trouvaille (Level 4)
2025-08-19 18:35:42,017 - WARNING - No definition found for 'mediterranean', adding to review list
2025-08-19 18:35:43,543 - INFO - Processed: mediterranean (Level 4)
2025-08-19 18:35:46,953 - INFO - Processed: trochee (Level 2)
2025-08-19 18:35:49,349 - INFO - Processed: impudence (Level 3)
2025-08-19 18:35:51,764 - INFO - Processed: basically (Level 2)
2025-08-19 18:35:54,196 - INFO - Processed: symbol (Level 2)
2025-08-19 18:35:57,030 - INFO - Processed: beloved (Level 2)
2025-08-19 18:36:00,024 - INFO - Processed: test (Level 1)
2025-08-19 18:36:02,474 - INFO - Processed: demigod (Level 2)
2025-08-19 18:36:03,753 - WARNING - No definition found for 'upsilonsakura', adding to review list
2025-08-19 18:36:04,998 - INFO - Processed: upsilonsakura (Level 2)
2025-08-19 18:36:07,634 - INFO - Processed: prism (Level 1)
2025-08-19 18:36:10,718 - INFO - Processed: groats (Level 2)
2025-08-19 18:36:14,015 - INFO - Processed: encomium (Level 4)
2025-08-19 18:36:16,541 - INFO - Processed: like (Level 1)
2025-08-19 18:36:19,053 - INFO - Processed: sets (Level 1)
2025-08-19 18:36:21,476 - INFO - Processed: questionnaire (Level 4)
2025-08-19 18:36:25,787 - INFO - Processed: stairs (Level 2)
2025-08-19 18:36:29,140 - INFO - Processed: enumerated (Level 3)
2025-08-19 18:36:30,393 - WARNING - No definition found for 'hurdy', adding to review list
2025-08-19 18:36:31,589 - INFO - Processed: hurdy (Level 1)
2025-08-19 18:36:34,166 - INFO - Processed: filagree (Level 4)
2025-08-19 18:36:37,060 - INFO - Processed: hotel (Level 1)
2025-08-19 18:36:41,245 - INFO - Processed: commandments (Level 4)
2025-08-19 18:36:44,998 - INFO - Processed: wake (Level 1)
2025-08-19 18:36:47,967 - INFO - Processed: mogul (Level 1)
2025-08-19 18:36:50,409 - INFO - Processed: persons (Level 2)
2025-08-19 18:36:56,532 - INFO - Processed: mignonette (Level 2)
2025-08-19 18:36:59,304 - INFO - Processed: towel (Level 1)
2025-08-19 18:37:01,941 - INFO - Processed: decided (Level 2)
2025-08-19 18:37:04,352 - INFO - Processed: share (Level 1)
2025-08-19 18:37:06,863 - INFO - Processed: vane (Level 1)
2025-08-19 18:37:09,353 - INFO - Processed: flagellum (Level 3)
2025-08-19 18:37:11,841 - INFO - Processed: trichotillomania (Level 5)
2025-08-19 18:37:14,338 - INFO - Processed: roger (Level 1)
2025-08-19 18:37:15,562 - WARNING - No definition found for 'acropachy', adding to review list
2025-08-19 18:37:16,751 - INFO - Processed: acropachy (Level 4)
2025-08-19 18:37:19,253 - INFO - Processed: need (Level 1)
2025-08-19 18:37:21,691 - INFO - Processed: tam (Level 1)
2025-08-19 18:37:23,029 - WARNING - No definition found for 'antagonisticaffront', adding to review list
2025-08-19 18:37:24,288 - INFO - Processed: antagonisticaffront (Level 5)
2025-08-19 18:37:26,766 - INFO - Processed: biscotti (Level 3)
2025-08-19 18:37:29,236 - INFO - Processed: steampunk (Level 4)
2025-08-19 18:37:31,666 - INFO - Processed: accoutrement (Level 3)
2025-08-19 18:37:34,098 - INFO - Processed: diamond (Level 2)
2025-08-19 18:37:36,560 - INFO - Processed: proviso (Level 2)
2025-08-19 18:37:36,994 - INFO - Checkpoint saved: 8100 words
2025-08-19 18:37:36,994 - INFO - Checkpoint saved after batch 81
2025-08-19 18:37:36,994 - INFO - Processing batch 82 (8101-8200 of 10114)
2025-08-19 18:37:39,445 - INFO - Processed: deal (Level 1)
2025-08-19 18:37:40,903 - WARNING - No definition found for 'sailagesalience', adding to review list
2025-08-19 18:37:42,410 - INFO - Processed: sailagesalience (Level 5)
2025-08-19 18:37:45,193 - INFO - Processed: hallux (Level 1)
2025-08-19 18:37:47,707 - INFO - Processed: feats (Level 1)
2025-08-19 18:37:50,196 - INFO - Processed: feasibility (Level 2)
2025-08-19 18:37:52,742 - INFO - Processed: foam (Level 1)
2025-08-19 18:37:55,646 - INFO - Processed: cyclops (Level 2)
2025-08-19 18:37:59,368 - INFO - Processed: brethren (Level 3)
2025-08-19 18:38:01,917 - INFO - Processed: celebratory (Level 4)
2025-08-19 18:38:04,329 - INFO - Processed: selected (Level 4)
2025-08-19 18:38:06,695 - INFO - Processed: chapter (Level 2)
2025-08-19 18:38:09,533 - INFO - Processed: handles (Level 2)
2025-08-19 18:38:12,036 - INFO - Processed: purification (Level 4)
2025-08-19 18:38:14,505 - INFO - Processed: potential (Level 3)
2025-08-19 18:38:17,046 - INFO - Processed: katana (Level 2)
2025-08-19 18:38:19,773 - INFO - Processed: triglycerides (Level 4)
2025-08-19 18:38:21,041 - WARNING - No definition found for 'xyloglyphy', adding to review list
2025-08-19 18:38:22,536 - INFO - Processed: xyloglyphy (Level 4)
2025-08-19 18:38:25,089 - INFO - Processed: dosages (Level 2)
2025-08-19 18:38:27,609 - INFO - Processed: tutti (Level 1)
2025-08-19 18:38:30,113 - INFO - Processed: supine (Level 2)
2025-08-19 18:38:32,747 - INFO - Processed: vendetta (Level 4)
2025-08-19 18:38:34,009 - WARNING - No definition found for 'propitiousellipsis', adding to review list
2025-08-19 18:38:35,233 - INFO - Processed: propitiousellipsis (Level 5)
2025-08-19 18:38:36,417 - WARNING - No definition found for 'holocaustnoun', adding to review list
2025-08-19 18:38:37,794 - INFO - Processed: holocaustnoun (Level 4)
2025-08-19 18:38:40,860 - INFO - Processed: penurious (Level 1)
2025-08-19 18:38:42,174 - WARNING - No definition found for 'clarinetcapillary', adding to review list
2025-08-19 18:38:43,361 - INFO - Processed: clarinetcapillary (Level 5)
2025-08-19 18:38:45,789 - INFO - Processed: network (Level 1)
2025-08-19 18:38:48,287 - INFO - Processed: fixity (Level 1)
2025-08-19 18:38:49,559 - WARNING - No definition found for 'becquereldarnel', adding to review list
2025-08-19 18:38:50,805 - INFO - Processed: becquereldarnel (Level 5)
2025-08-19 18:38:53,304 - INFO - Processed: quotient (Level 2)
2025-08-19 18:38:55,633 - INFO - Processed: affiliate (Level 4)
2025-08-19 18:38:57,059 - WARNING - No definition found for 'preternaturally', adding to review list
2025-08-19 18:38:58,299 - INFO - Processed: preternaturally (Level 5)
2025-08-19 18:39:00,666 - INFO - Processed: figurative (Level 1)
2025-08-19 18:39:03,109 - INFO - Processed: quagmire (Level 1)
2025-08-19 18:39:05,499 - INFO - Processed: undertake (Level 4)
2025-08-19 18:39:07,972 - INFO - Processed: innermost (Level 1)
2025-08-19 18:39:10,427 - INFO - Processed: anise (Level 1)
2025-08-19 18:39:12,993 - INFO - Processed: smithereens (Level 4)
2025-08-19 18:39:15,458 - INFO - Processed: declination (Level 4)
2025-08-19 18:39:17,918 - INFO - Processed: kathakali (Level 4)
2025-08-19 18:39:21,166 - INFO - Processed: bike (Level 1)
2025-08-19 18:39:25,700 - INFO - Processed: treadle (Level 2)
2025-08-19 18:39:27,082 - WARNING - No definition found for 'kichel', adding to review list
2025-08-19 18:39:28,363 - INFO - Processed: kichel (Level 2)
2025-08-19 18:39:31,102 - INFO - Processed: naissant (Level 1)
2025-08-19 18:39:35,111 - INFO - Processed: political (Level 4)
2025-08-19 18:39:38,155 - INFO - Processed: necklace (Level 1)
2025-08-19 18:39:40,720 - INFO - Processed: stands (Level 2)
2025-08-19 18:39:43,200 - INFO - Processed: radio (Level 1)
2025-08-19 18:39:45,636 - INFO - Processed: incoherent (Level 3)
2025-08-19 18:39:48,957 - WARNING - No definition found for 'chicana', adding to review list
2025-08-19 18:39:50,242 - INFO - Processed: chicana (Level 2)
2025-08-19 18:39:52,706 - INFO - Processed: laboratory (Level 2)
2025-08-19 18:39:53,961 - WARNING - No definition found for 'piratical', adding to review list
2025-08-19 18:39:55,246 - INFO - Processed: piratical (Level 2)
2025-08-19 18:39:56,545 - WARNING - No definition found for 'deseret', adding to review list
2025-08-19 18:39:57,810 - INFO - Processed: deseret (Level 2)
2025-08-19 18:40:00,275 - INFO - Processed: stocky (Level 2)
2025-08-19 18:40:02,813 - INFO - Processed: boutade (Level 2)
2025-08-19 18:40:04,071 - WARNING - No definition found for 'gattine', adding to review list
2025-08-19 18:40:05,381 - INFO - Processed: gattine (Level 2)
2025-08-19 18:40:06,684 - WARNING - No definition found for 'tegucigalpa', adding to review list
2025-08-19 18:40:07,908 - INFO - Processed: tegucigalpa (Level 4)
2025-08-19 18:40:10,521 - INFO - Processed: vegetarian (Level 4)
2025-08-19 18:40:13,007 - INFO - Processed: discriminating (Level 5)
2025-08-19 18:40:15,369 - INFO - Processed: closure (Level 2)
2025-08-19 18:40:17,753 - INFO - Processed: amazing (Level 2)
2025-08-19 18:40:20,182 - INFO - Processed: rhapsody (Level 4)
2025-08-19 18:40:21,461 - WARNING - No definition found for 'seraya', adding to review list
2025-08-19 18:40:22,679 - INFO - Processed: seraya (Level 2)
2025-08-19 18:40:25,232 - INFO - Processed: magistrates (Level 4)
2025-08-19 18:40:27,759 - INFO - Processed: frequently (Level 3)
2025-08-19 18:40:30,239 - INFO - Processed: artistic (Level 3)
2025-08-19 18:40:32,788 - INFO - Processed: aluminum (Level 4)
2025-08-19 18:40:36,282 - INFO - Processed: beans (Level 1)
2025-08-19 18:40:40,055 - INFO - Processed: cost (Level 1)
2025-08-19 18:40:41,362 - WARNING - No definition found for 'authenticatefiscal', adding to review list
2025-08-19 18:40:42,583 - INFO - Processed: authenticatefiscal (Level 5)
2025-08-19 18:40:43,916 - WARNING - No definition found for 'acoel', adding to review list
2025-08-19 18:40:45,785 - INFO - Processed: acoel (Level 1)
2025-08-19 18:40:47,050 - WARNING - No definition found for 'bordereaux', adding to review list
2025-08-19 18:40:48,286 - INFO - Processed: bordereaux (Level 4)
2025-08-19 18:40:50,713 - INFO - Processed: courgette (Level 4)
2025-08-19 18:40:53,126 - INFO - Processed: triumphant (Level 3)
2025-08-19 18:40:54,492 - WARNING - No definition found for 'horologist', adding to review list
2025-08-19 18:40:55,742 - INFO - Processed: horologist (Level 1)
2025-08-19 18:40:58,200 - INFO - Processed: excursion (Level 4)
2025-08-19 18:41:00,705 - INFO - Processed: proverb (Level 2)
2025-08-19 18:41:03,190 - INFO - Processed: fond (Level 1)
2025-08-19 18:41:05,764 - INFO - Processed: champignon (Level 4)
2025-08-19 18:41:08,141 - INFO - Processed: known (Level 1)
2025-08-19 18:41:10,515 - INFO - Processed: lugubrious (Level 3)
2025-08-19 18:41:12,941 - INFO - Processed: language (Level 4)
2025-08-19 18:41:15,477 - INFO - Processed: permanence (Level 2)
2025-08-19 18:41:16,746 - WARNING - No definition found for 'foleysyzygy', adding to review list
2025-08-19 18:41:18,411 - INFO - Processed: foleysyzygy (Level 2)
2025-08-19 18:41:22,306 - INFO - Processed: euphonious (Level 4)
2025-08-19 18:41:24,801 - INFO - Processed: farrago (Level 2)
2025-08-19 18:41:27,190 - INFO - Processed: pride (Level 1)
2025-08-19 18:41:29,755 - INFO - Processed: cover (Level 1)
2025-08-19 18:41:32,217 - INFO - Processed: cobweb (Level 2)
2025-08-19 18:41:34,681 - INFO - Processed: missile (Level 2)
2025-08-19 18:41:38,041 - INFO - Processed: keplerian (Level 4)
2025-08-19 18:41:42,506 - INFO - Processed: dynasty (Level 2)
2025-08-19 18:41:43,788 - WARNING - No definition found for 'revelationarithmetic', adding to review list
2025-08-19 18:41:45,111 - INFO - Processed: revelationarithmetic (Level 5)
2025-08-19 18:41:47,612 - INFO - Processed: druid (Level 1)
2025-08-19 18:41:48,878 - WARNING - No definition found for 'truereal', adding to review list
2025-08-19 18:41:50,096 - INFO - Processed: truereal (Level 3)
2025-08-19 18:41:54,563 - INFO - Processed: casino (Level 2)
2025-08-19 18:41:58,033 - INFO - Processed: unacknowledged (Level 5)
2025-08-19 18:42:00,525 - INFO - Processed: start (Level 1)
2025-08-19 18:42:02,939 - INFO - Processed: compelling (Level 4)
2025-08-19 18:42:05,456 - INFO - Processed: prorogue (Level 4)
2025-08-19 18:42:07,144 - WARNING - No definition found for 'okefenokee', adding to review list
2025-08-19 18:42:08,812 - INFO - Processed: okefenokee (Level 3)
2025-08-19 18:42:09,248 - INFO - Checkpoint saved: 8200 words
2025-08-19 18:42:09,248 - INFO - Checkpoint saved after batch 82
2025-08-19 18:42:09,248 - INFO - Processing batch 83 (8201-8300 of 10114)
2025-08-19 18:42:11,633 - INFO - Processed: connection (Level 4)
2025-08-19 18:42:14,039 - INFO - Processed: espial (Level 2)
2025-08-19 18:42:16,465 - INFO - Processed: pretty (Level 2)
2025-08-19 18:42:17,667 - WARNING - No definition found for 'gurneysanctimonious', adding to review list
2025-08-19 18:42:18,962 - INFO - Processed: gurneysanctimonious (Level 5)
2025-08-19 18:42:20,676 - WARNING - No definition found for 'sprightliness', adding to review list
2025-08-19 18:42:23,300 - INFO - Processed: sprightliness (Level 4)
2025-08-19 18:42:25,732 - INFO - Processed: rubicon (Level 2)
2025-08-19 18:42:28,242 - INFO - Processed: yoga (Level 1)
2025-08-19 18:42:30,703 - INFO - Processed: single (Level 2)
2025-08-19 18:42:33,638 - INFO - Processed: slumped (Level 2)
2025-08-19 18:42:35,020 - WARNING - No definition found for 'retinoscopy', adding to review list
2025-08-19 18:42:36,903 - INFO - Processed: retinoscopy (Level 4)
2025-08-19 18:42:39,412 - INFO - Processed: myocarditis (Level 4)
2025-08-19 18:42:41,798 - INFO - Processed: failure (Level 2)
2025-08-19 18:42:44,209 - INFO - Processed: seal (Level 1)
2025-08-19 18:42:45,431 - WARNING - No definition found for 'yearh', adding to review list
2025-08-19 18:42:46,810 - INFO - Processed: yearh (Level 1)
2025-08-19 18:42:48,921 - WARNING - No definition found for 'scaberulous', adding to review list
2025-08-19 18:42:51,540 - INFO - Processed: scaberulous (Level 4)
2025-08-19 18:42:54,046 - INFO - Processed: pellet (Level 2)
2025-08-19 18:42:56,536 - INFO - Processed: ahimsa (Level 2)
2025-08-19 18:42:58,959 - INFO - Processed: describes (Level 4)
2025-08-19 18:43:03,031 - INFO - Processed: chores (Level 2)
2025-08-19 18:43:05,825 - INFO - Processed: inexorably (Level 2)
2025-08-19 18:43:08,190 - INFO - Processed: quarry (Level 2)
2025-08-19 18:43:09,450 - WARNING - No definition found for 'abaculus', adding to review list
2025-08-19 18:43:10,669 - INFO - Processed: abaculus (Level 4)
2025-08-19 18:43:13,863 - INFO - Processed: winnow (Level 2)
2025-08-19 18:43:17,574 - INFO - Processed: referred (Level 4)
2025-08-19 18:43:20,086 - INFO - Processed: elves (Level 1)
2025-08-19 18:43:22,607 - INFO - Processed: tibia (Level 1)
2025-08-19 18:43:25,075 - INFO - Processed: mackinaw (Level 4)
2025-08-19 18:43:26,401 - WARNING - No definition found for 'dysphasiae', adding to review list
2025-08-19 18:43:28,831 - INFO - Processed: dysphasiae (Level 4)
2025-08-19 18:43:30,526 - WARNING - No definition found for 'impastoantagonistic', adding to review list
2025-08-19 18:43:31,723 - INFO - Processed: impastoantagonistic (Level 5)
2025-08-19 18:43:32,890 - WARNING - No definition found for 'cinderella', adding to review list
2025-08-19 18:43:34,584 - INFO - Processed: cinderella (Level 4)
2025-08-19 18:43:37,111 - INFO - Processed: residence (Level 1)
2025-08-19 18:43:39,593 - INFO - Processed: purchase (Level 3)
2025-08-19 18:43:43,027 - INFO - Processed: contribute (Level 4)
2025-08-19 18:43:45,578 - INFO - Processed: divulge (Level 2)
2025-08-19 18:43:48,072 - INFO - Processed: tarlatan (Level 4)
2025-08-19 18:43:50,507 - INFO - Processed: inchoate (Level 3)
2025-08-19 18:43:53,044 - INFO - Processed: fellowship (Level 4)
2025-08-19 18:43:55,991 - INFO - Processed: cretaceous (Level 4)
2025-08-19 18:43:57,318 - WARNING - No definition found for 'latin', adding to review list
2025-08-19 18:43:58,591 - INFO - Processed: latin (Level 1)
2025-08-19 18:44:01,085 - INFO - Processed: planisphere (Level 4)
2025-08-19 18:44:03,586 - INFO - Processed: cygnet (Level 2)
2025-08-19 18:44:06,058 - INFO - Processed: chute (Level 1)
2025-08-19 18:44:09,011 - INFO - Processed: multiple (Level 4)
2025-08-19 18:44:11,902 - INFO - Processed: scrawny (Level 2)
2025-08-19 18:44:13,257 - WARNING - No definition found for 'dulcinea', adding to review list
2025-08-19 18:44:14,484 - INFO - Processed: dulcinea (Level 2)
2025-08-19 18:44:17,034 - INFO - Processed: embossed (Level 3)
2025-08-19 18:44:19,588 - INFO - Processed: impel (Level 1)
2025-08-19 18:44:22,548 - INFO - Processed: maxwell (Level 2)
2025-08-19 18:44:25,326 - INFO - Processed: cozen (Level 1)
2025-08-19 18:44:26,565 - WARNING - No definition found for 'tourelle', adding to review list
2025-08-19 18:44:28,323 - INFO - Processed: tourelle (Level 4)
2025-08-19 18:44:30,763 - INFO - Processed: floribunda (Level 4)
2025-08-19 18:44:33,712 - INFO - Processed: depilatory (Level 1)
2025-08-19 18:44:36,582 - INFO - Processed: emperor (Level 2)
2025-08-19 18:44:39,022 - INFO - Processed: janitor (Level 2)
2025-08-19 18:44:40,293 - WARNING - No definition found for 'cassandra', adding to review list
2025-08-19 18:44:41,982 - INFO - Processed: cassandra (Level 4)
2025-08-19 18:44:44,414 - INFO - Processed: flourish (Level 4)
2025-08-19 18:44:47,094 - INFO - Processed: during (Level 2)
2025-08-19 18:44:49,555 - INFO - Processed: blandish (Level 4)
2025-08-19 18:44:52,008 - INFO - Processed: fribble (Level 2)
2025-08-19 18:44:53,263 - WARNING - No definition found for 'wheytrademarks', adding to review list
2025-08-19 18:44:54,512 - INFO - Processed: wheytrademarks (Level 5)
2025-08-19 18:44:56,928 - INFO - Processed: attorney (Level 3)
2025-08-19 18:44:59,496 - INFO - Processed: fossiliferous (Level 3)
2025-08-19 18:45:02,061 - INFO - Processed: bodkin (Level 2)
2025-08-19 18:45:04,471 - INFO - Processed: bristle (Level 2)
2025-08-19 18:45:05,798 - WARNING - No definition found for 'rotulet', adding to review list
2025-08-19 18:45:07,058 - INFO - Processed: rotulet (Level 2)
2025-08-19 18:45:10,920 - INFO - Processed: pedigree (Level 4)
2025-08-19 18:45:12,117 - WARNING - No definition found for 'stellular', adding to review list
2025-08-19 18:45:13,717 - INFO - Processed: stellular (Level 4)
2025-08-19 18:45:16,115 - INFO - Processed: scalp (Level 1)
2025-08-19 18:45:17,379 - WARNING - No definition found for 'kodali', adding to review list
2025-08-19 18:45:18,581 - INFO - Processed: kodali (Level 1)
2025-08-19 18:45:21,144 - INFO - Processed: ungetatable (Level 4)
2025-08-19 18:45:23,630 - INFO - Processed: galvanize (Level 3)
2025-08-19 18:45:24,975 - WARNING - No definition found for 'jiggery', adding to review list
2025-08-19 18:45:26,262 - INFO - Processed: jiggery (Level 2)
2025-08-19 18:45:29,073 - INFO - Processed: bavarois (Level 4)
2025-08-19 18:45:32,543 - INFO - Processed: grebe (Level 1)
2025-08-19 18:45:33,706 - WARNING - No definition found for 'orion', adding to review list
2025-08-19 18:45:34,921 - INFO - Processed: orion (Level 1)
2025-08-19 18:45:37,627 - INFO - Processed: ladder (Level 2)
2025-08-19 18:45:40,051 - INFO - Processed: tensile (Level 2)
2025-08-19 18:45:42,434 - WARNING - No definition found for 'brigadoon', adding to review list
2025-08-19 18:45:44,709 - INFO - Processed: brigadoon (Level 3)
2025-08-19 18:45:47,201 - INFO - Processed: cryogenic (Level 4)
2025-08-19 18:45:48,561 - WARNING - No definition found for 'pauperepoch', adding to review list
2025-08-19 18:45:49,768 - INFO - Processed: pauperepoch (Level 2)
2025-08-19 18:45:52,454 - INFO - Processed: violet (Level 2)
2025-08-19 18:45:57,562 - INFO - Processed: couverture (Level 3)
2025-08-19 18:46:00,123 - INFO - Processed: eighth (Level 2)
2025-08-19 18:46:02,733 - INFO - Processed: kiskadee (Level 4)
2025-08-19 18:46:05,351 - INFO - Processed: heiress (Level 2)
2025-08-19 18:46:07,831 - INFO - Processed: decade (Level 2)
2025-08-19 18:46:09,222 - WARNING - No definition found for 'brontophobia', adding to review list
2025-08-19 18:46:10,452 - INFO - Processed: brontophobia (Level 4)
2025-08-19 18:46:11,769 - WARNING - No definition found for 'obnebulate', adding to review list
2025-08-19 18:46:13,681 - INFO - Processed: obnebulate (Level 4)
2025-08-19 18:46:16,182 - INFO - Processed: increasing (Level 4)
2025-08-19 18:46:18,593 - INFO - Processed: hey (Level 1)
2025-08-19 18:46:21,013 - INFO - Processed: taser (Level 1)
2025-08-19 18:46:23,458 - INFO - Processed: irrevocable (Level 4)
2025-08-19 18:46:26,022 - INFO - Processed: mattress (Level 4)
2025-08-19 18:46:28,456 - INFO - Processed: mask (Level 1)
2025-08-19 18:46:29,854 - WARNING - No definition found for 'rico', adding to review list
2025-08-19 18:46:31,169 - INFO - Processed: rico (Level 1)
2025-08-19 18:46:32,372 - WARNING - No definition found for 'cantonese', adding to review list
2025-08-19 18:46:33,585 - INFO - Processed: cantonese (Level 2)
2025-08-19 18:46:37,318 - INFO - Processed: superficiality (Level 5)
2025-08-19 18:46:39,722 - INFO - Processed: served (Level 2)
2025-08-19 18:46:42,148 - INFO - Processed: estuary (Level 2)
2025-08-19 18:46:44,641 - INFO - Processed: major (Level 1)
2025-08-19 18:46:45,091 - INFO - Checkpoint saved: 8300 words
2025-08-19 18:46:45,095 - INFO - Checkpoint saved after batch 83
2025-08-19 18:46:45,095 - INFO - Processing batch 84 (8301-8400 of 10114)
2025-08-19 18:46:46,471 - WARNING - No definition found for 'concours', adding to review list
2025-08-19 18:46:47,772 - INFO - Processed: concours (Level 4)
2025-08-19 18:46:50,259 - INFO - Processed: forever (Level 2)
2025-08-19 18:46:52,739 - INFO - Processed: spring (Level 2)
2025-08-19 18:46:55,161 - INFO - Processed: astonish (Level 4)
2025-08-19 18:46:56,407 - WARNING - No definition found for 'circumspectlythe', adding to review list
2025-08-19 18:46:57,619 - INFO - Processed: circumspectlythe (Level 5)
2025-08-19 18:46:58,883 - WARNING - No definition found for 'hiortdahlite', adding to review list
2025-08-19 18:47:00,456 - INFO - Processed: hiortdahlite (Level 4)
2025-08-19 18:47:02,911 - INFO - Processed: proffered (Level 2)
2025-08-19 18:47:05,385 - INFO - Processed: staid (Level 1)
2025-08-19 18:47:07,844 - INFO - Processed: caducity (Level 4)
2025-08-19 18:47:09,081 - WARNING - No definition found for 'resinous', adding to review list
2025-08-19 18:47:10,289 - INFO - Processed: resinous (Level 2)
2025-08-19 18:47:13,227 - INFO - Processed: pistons (Level 2)
2025-08-19 18:47:15,720 - INFO - Processed: gnaw (Level 1)
2025-08-19 18:47:19,328 - INFO - Processed: fraught (Level 2)
2025-08-19 18:47:22,212 - INFO - Processed: carried (Level 2)
2025-08-19 18:47:24,670 - INFO - Processed: row (Level 1)
2025-08-19 18:47:26,100 - WARNING - No definition found for 'steinkirk', adding to review list
2025-08-19 18:47:27,787 - INFO - Processed: steinkirk (Level 4)
2025-08-19 18:47:30,422 - INFO - Processed: etymology (Level 4)
2025-08-19 18:47:33,397 - INFO - Processed: predictions (Level 4)
2025-08-19 18:47:36,508 - INFO - Processed: modern (Level 2)
2025-08-19 18:47:38,989 - INFO - Processed: buzzing (Level 2)
2025-08-19 18:47:41,582 - INFO - Processed: attacca (Level 2)
2025-08-19 18:47:44,258 - INFO - Processed: liquefaction (Level 3)
2025-08-19 18:47:47,241 - INFO - Processed: feta (Level 1)
2025-08-19 18:47:48,705 - WARNING - No definition found for 'pigmentosa', adding to review list
2025-08-19 18:47:50,339 - INFO - Processed: pigmentosa (Level 3)
2025-08-19 18:47:52,711 - INFO - Processed: knowledge (Level 3)
2025-08-19 18:47:55,105 - INFO - Processed: attempt (Level 2)
2025-08-19 18:47:57,587 - INFO - Processed: karst (Level 1)
2025-08-19 18:48:01,175 - INFO - Processed: batteries (Level 1)
2025-08-19 18:48:03,640 - INFO - Processed: anachronism (Level 4)
2025-08-19 18:48:06,086 - INFO - Processed: dainty (Level 1)
2025-08-19 18:48:08,457 - INFO - Processed: ululate (Level 2)
2025-08-19 18:48:10,850 - INFO - Processed: cloudy (Level 2)
2025-08-19 18:48:12,200 - WARNING - No definition found for 'terre', adding to review list
2025-08-19 18:48:13,432 - INFO - Processed: terre (Level 1)
2025-08-19 18:48:16,006 - INFO - Processed: presidio (Level 4)
2025-08-19 18:48:18,448 - INFO - Processed: bucolic (Level 1)
2025-08-19 18:48:19,718 - WARNING - No definition found for 'spellingphosphorescent', adding to review list
2025-08-19 18:48:21,118 - INFO - Processed: spellingphosphorescent (Level 5)
2025-08-19 18:48:22,447 - WARNING - No definition found for 'acerola', adding to review list
2025-08-19 18:48:23,655 - INFO - Processed: acerola (Level 2)
2025-08-19 18:48:26,128 - INFO - Processed: harmonious (Level 3)
2025-08-19 18:48:28,546 - INFO - Processed: exemplar (Level 3)
2025-08-19 18:48:31,090 - INFO - Processed: nation (Level 2)
2025-08-19 18:48:33,493 - INFO - Processed: store (Level 1)
2025-08-19 18:48:36,039 - INFO - Processed: vitreous (Level 2)
2025-08-19 18:48:38,530 - INFO - Processed: sostenuto (Level 4)
2025-08-19 18:48:41,067 - INFO - Processed: professor (Level 4)
2025-08-19 18:48:42,275 - WARNING - No definition found for 'jacobean', adding to review list
2025-08-19 18:48:43,523 - INFO - Processed: jacobean (Level 2)
2025-08-19 18:48:44,769 - WARNING - No definition found for 'concision', adding to review list
2025-08-19 18:48:46,270 - INFO - Processed: concision (Level 4)
2025-08-19 18:48:48,754 - INFO - Processed: calamari (Level 2)
2025-08-19 18:48:51,232 - INFO - Processed: capricious (Level 4)
2025-08-19 18:48:53,650 - INFO - Processed: press (Level 1)
2025-08-19 18:48:56,155 - INFO - Processed: railroad (Level 4)
2025-08-19 18:48:57,430 - WARNING - No definition found for 'dystopiae', adding to review list
2025-08-19 18:48:59,011 - INFO - Processed: dystopiae (Level 4)
2025-08-19 18:49:03,635 - INFO - Processed: senecio (Level 2)
2025-08-19 18:49:05,615 - WARNING - No definition found for 'carrageenin', adding to review list
2025-08-19 18:49:06,894 - INFO - Processed: carrageenin (Level 4)
2025-08-19 18:49:08,186 - WARNING - No definition found for 'demolitiongargantuan', adding to review list
2025-08-19 18:49:09,393 - INFO - Processed: demolitiongargantuan (Level 5)
2025-08-19 18:49:11,884 - INFO - Processed: patois (Level 2)
2025-08-19 18:49:14,342 - INFO - Processed: rocket (Level 2)
2025-08-19 18:49:19,432 - INFO - Processed: step (Level 1)
2025-08-19 18:49:22,087 - INFO - Processed: cinnamon (Level 1)
2025-08-19 18:49:25,588 - INFO - Processed: slither (Level 2)
2025-08-19 18:49:28,121 - INFO - Processed: bursary (Level 2)
2025-08-19 18:49:30,648 - INFO - Processed: other (Level 1)
2025-08-19 18:49:33,313 - INFO - Processed: nutria (Level 2)
2025-08-19 18:49:35,802 - INFO - Processed: miss (Level 1)
2025-08-19 18:49:38,394 - INFO - Processed: vortices (Level 1)
2025-08-19 18:49:39,570 - WARNING - No definition found for 'com', adding to review list
2025-08-19 18:49:40,825 - INFO - Processed: com (Level 1)
2025-08-19 18:49:43,273 - INFO - Processed: fie (Level 1)
2025-08-19 18:49:45,768 - INFO - Processed: expansion (Level 4)
2025-08-19 18:49:49,006 - INFO - Processed: remuda (Level 2)
2025-08-19 18:49:51,578 - INFO - Processed: sufficiency (Level 2)
2025-08-19 18:49:54,103 - INFO - Processed: calendula (Level 4)
2025-08-19 18:49:56,609 - INFO - Processed: flotsam (Level 2)
2025-08-19 18:50:00,145 - INFO - Processed: witnessing (Level 4)
2025-08-19 18:50:02,692 - INFO - Processed: intestine (Level 2)
2025-08-19 18:50:05,274 - INFO - Processed: bolide (Level 2)
2025-08-19 18:50:06,526 - WARNING - No definition found for 'osteopath', adding to review list
2025-08-19 18:50:08,152 - INFO - Processed: osteopath (Level 3)
2025-08-19 18:50:10,666 - INFO - Processed: clairvoyance (Level 4)
2025-08-19 18:50:12,004 - WARNING - No definition found for 'asgard', adding to review list
2025-08-19 18:50:13,290 - INFO - Processed: asgard (Level 2)
2025-08-19 18:50:15,749 - INFO - Processed: virgin (Level 2)
2025-08-19 18:50:18,147 - INFO - Processed: addle (Level 1)
2025-08-19 18:50:20,846 - INFO - Processed: collie (Level 2)
2025-08-19 18:50:23,367 - INFO - Processed: affectionately (Level 5)
2025-08-19 18:50:25,854 - INFO - Processed: cast (Level 1)
2025-08-19 18:50:28,229 - INFO - Processed: ecstatic (Level 1)
2025-08-19 18:50:31,121 - INFO - Processed: goblins (Level 2)
2025-08-19 18:50:33,713 - INFO - Processed: lozenge (Level 2)
2025-08-19 18:50:37,417 - INFO - Processed: dhole (Level 1)
2025-08-19 18:50:41,110 - INFO - Processed: potassium (Level 4)
2025-08-19 18:50:44,166 - INFO - Processed: bustling (Level 2)
2025-08-19 18:50:46,672 - INFO - Processed: darted (Level 2)
2025-08-19 18:50:49,389 - INFO - Processed: granules (Level 2)
2025-08-19 18:50:51,930 - INFO - Processed: kiva (Level 1)
2025-08-19 18:50:55,135 - INFO - Processed: constellation (Level 2)
2025-08-19 18:50:56,450 - WARNING - No definition found for 'dlailmnr', adding to review list
2025-08-19 18:50:57,674 - INFO - Processed: dlailmnr (Level 3)
2025-08-19 18:51:00,147 - INFO - Processed: qualms (Level 2)
2025-08-19 18:51:02,635 - INFO - Processed: smell (Level 1)
2025-08-19 18:51:05,068 - INFO - Processed: jettison (Level 4)
2025-08-19 18:51:06,308 - WARNING - No definition found for 'haori', adding to review list
2025-08-19 18:51:07,586 - INFO - Processed: haori (Level 1)
2025-08-19 18:51:09,967 - INFO - Processed: candid (Level 2)
2025-08-19 18:51:12,491 - INFO - Processed: migraine (Level 2)
2025-08-19 18:51:13,765 - WARNING - No definition found for 'europe', adding to review list
2025-08-19 18:51:14,986 - INFO - Processed: europe (Level 2)
2025-08-19 18:51:15,454 - INFO - Checkpoint saved: 8400 words
2025-08-19 18:51:15,454 - INFO - Checkpoint saved after batch 84
2025-08-19 18:51:15,454 - INFO - Processing batch 85 (8401-8500 of 10114)
2025-08-19 18:51:17,941 - INFO - Processed: tom (Level 1)
2025-08-19 18:51:20,471 - INFO - Processed: privy (Level 1)
2025-08-19 18:51:22,988 - INFO - Processed: plucked (Level 2)
2025-08-19 18:51:25,500 - INFO - Processed: alfresco (Level 2)
2025-08-19 18:51:28,013 - INFO - Processed: credit (Level 2)
2025-08-19 18:51:30,513 - INFO - Processed: conjugate (Level 3)
2025-08-19 18:51:32,918 - INFO - Processed: silver (Level 2)
2025-08-19 18:51:36,071 - INFO - Processed: emails (Level 2)
2025-08-19 18:51:40,676 - INFO - Processed: measurement (Level 2)
2025-08-19 18:51:43,211 - INFO - Processed: gross (Level 1)
2025-08-19 18:51:45,860 - INFO - Processed: adrenergic (Level 1)
2025-08-19 18:51:48,293 - INFO - Processed: cutting (Level 2)
2025-08-19 18:51:50,791 - INFO - Processed: axis (Level 1)
2025-08-19 18:51:52,030 - WARNING - No definition found for 'neuroticism', adding to review list
2025-08-19 18:51:53,741 - INFO - Processed: neuroticism (Level 4)
2025-08-19 18:51:56,560 - INFO - Processed: henry (Level 1)
2025-08-19 18:51:57,853 - WARNING - No definition found for 'vocab', adding to review list
2025-08-19 18:51:59,536 - INFO - Processed: vocab (Level 1)
2025-08-19 18:52:02,127 - INFO - Processed: derisive (Level 4)
2025-08-19 18:52:04,566 - INFO - Processed: impecunious (Level 4)
2025-08-19 18:52:05,826 - WARNING - No definition found for 'wampanoag', adding to review list
2025-08-19 18:52:07,229 - INFO - Processed: wampanoag (Level 4)
2025-08-19 18:52:09,657 - INFO - Processed: salad (Level 1)
2025-08-19 18:52:12,126 - INFO - Processed: colic (Level 1)
2025-08-19 18:52:13,444 - WARNING - No definition found for 'durham', adding to review list
2025-08-19 18:52:14,773 - INFO - Processed: durham (Level 2)
2025-08-19 18:52:16,022 - WARNING - No definition found for 'veneernoun', adding to review list
2025-08-19 18:52:17,224 - INFO - Processed: veneernoun (Level 3)
2025-08-19 18:52:20,764 - INFO - Processed: psychometry (Level 4)
2025-08-19 18:52:23,583 - INFO - Processed: civics (Level 2)
2025-08-19 18:52:24,840 - WARNING - No definition found for 'epideicticembolus', adding to review list
2025-08-19 18:52:26,068 - INFO - Processed: epideicticembolus (Level 5)
2025-08-19 18:52:28,484 - INFO - Processed: town (Level 1)
2025-08-19 18:52:31,056 - INFO - Processed: illusionist (Level 4)
2025-08-19 18:52:33,691 - INFO - Processed: appalling (Level 2)
2025-08-19 18:52:36,397 - INFO - Processed: reticulated (Level 3)
2025-08-19 18:52:38,795 - INFO - Processed: crucial (Level 2)
2025-08-19 18:52:41,182 - INFO - Processed: glue (Level 1)
2025-08-19 18:52:43,634 - INFO - Processed: hydrangea (Level 3)
2025-08-19 18:52:46,090 - INFO - Processed: sir (Level 1)
2025-08-19 18:52:47,336 - WARNING - No definition found for 'octonocular', adding to review list
2025-08-19 18:52:48,911 - INFO - Processed: octonocular (Level 4)
2025-08-19 18:52:51,509 - INFO - Processed: intolerance (Level 3)
2025-08-19 18:52:53,981 - INFO - Processed: welcome (Level 2)
2025-08-19 18:52:56,463 - INFO - Processed: pear (Level 1)
2025-08-19 18:52:57,812 - WARNING - No definition found for 'potentatepotoroo', adding to review list
2025-08-19 18:52:58,998 - INFO - Processed: potentatepotoroo (Level 5)
2025-08-19 18:53:00,359 - WARNING - No definition found for 'mimeticunabated', adding to review list
2025-08-19 18:53:01,550 - INFO - Processed: mimeticunabated (Level 5)
2025-08-19 18:53:03,974 - INFO - Processed: display (Level 2)
2025-08-19 18:53:06,417 - INFO - Processed: clue (Level 1)
2025-08-19 18:53:08,912 - INFO - Processed: plagiarism (Level 4)
2025-08-19 18:53:11,374 - INFO - Processed: bother (Level 2)
2025-08-19 18:53:14,471 - INFO - Processed: gun (Level 1)
2025-08-19 18:53:17,072 - INFO - Processed: shrimp (Level 2)
2025-08-19 18:53:18,334 - WARNING - No definition found for 'hesped', adding to review list
2025-08-19 18:53:19,877 - INFO - Processed: hesped (Level 2)
2025-08-19 18:53:21,207 - WARNING - No definition found for 'saoshyanttachyon', adding to review list
2025-08-19 18:53:22,466 - INFO - Processed: saoshyanttachyon (Level 5)
2025-08-19 18:53:23,717 - WARNING - No definition found for 'pronouncer', adding to review list
2025-08-19 18:53:24,951 - INFO - Processed: pronouncer (Level 4)
2025-08-19 18:53:26,217 - WARNING - No definition found for 'merfolk', adding to review list
2025-08-19 18:53:27,454 - INFO - Processed: merfolk (Level 2)
2025-08-19 18:53:30,119 - INFO - Processed: pecuniary (Level 4)
2025-08-19 18:53:32,528 - INFO - Processed: sum (Level 1)
2025-08-19 18:53:35,044 - INFO - Processed: moraine (Level 2)
2025-08-19 18:53:37,447 - INFO - Processed: bellwether (Level 4)
2025-08-19 18:53:39,876 - INFO - Processed: trounce (Level 2)
2025-08-19 18:53:41,162 - WARNING - No definition found for 'huallaga', adding to review list
2025-08-19 18:53:42,382 - INFO - Processed: huallaga (Level 4)
2025-08-19 18:53:43,556 - WARNING - No definition found for 'reciprocityarchaic', adding to review list
2025-08-19 18:53:44,754 - INFO - Processed: reciprocityarchaic (Level 5)
2025-08-19 18:53:47,285 - INFO - Processed: courage (Level 2)
2025-08-19 18:53:49,241 - WARNING - No definition found for 'truculence', adding to review list
2025-08-19 18:53:51,080 - INFO - Processed: truculence (Level 1)
2025-08-19 18:53:53,657 - INFO - Processed: propensity (Level 2)
2025-08-19 18:53:56,093 - INFO - Processed: machine (Level 2)
2025-08-19 18:53:57,357 - WARNING - No definition found for 'melismatic', adding to review list
2025-08-19 18:53:59,006 - INFO - Processed: melismatic (Level 4)
2025-08-19 18:54:01,443 - INFO - Processed: filbert (Level 2)
2025-08-19 18:54:03,779 - INFO - Processed: project (Level 2)
2025-08-19 18:54:05,110 - WARNING - No definition found for 'grudginglycanopy', adding to review list
2025-08-19 18:54:06,339 - INFO - Processed: grudginglycanopy (Level 5)
2025-08-19 18:54:08,733 - INFO - Processed: barren (Level 2)
2025-08-19 18:54:11,175 - INFO - Processed: obsidian (Level 1)
2025-08-19 18:54:13,676 - INFO - Processed: elision (Level 1)
2025-08-19 18:54:16,187 - INFO - Processed: python (Level 2)
2025-08-19 18:54:18,640 - INFO - Processed: citizen (Level 2)
2025-08-19 18:54:21,108 - INFO - Processed: circle (Level 2)
2025-08-19 18:54:23,616 - INFO - Processed: quittance (Level 4)
2025-08-19 18:54:26,475 - INFO - Processed: whizzed (Level 2)
2025-08-19 18:54:28,919 - INFO - Processed: whiff (Level 1)
2025-08-19 18:54:31,527 - INFO - Processed: perfume (Level 1)
2025-08-19 18:54:34,860 - INFO - Processed: constructed (Level 4)
2025-08-19 18:54:37,307 - INFO - Processed: cricket (Level 2)
2025-08-19 18:54:38,541 - WARNING - No definition found for 'adelaide', adding to review list
2025-08-19 18:54:39,767 - INFO - Processed: adelaide (Level 3)
2025-08-19 18:54:42,214 - INFO - Processed: focused (Level 2)
2025-08-19 18:54:45,304 - INFO - Processed: scheme (Level 2)
2025-08-19 18:54:48,271 - INFO - Processed: emporium (Level 2)
2025-08-19 18:54:50,745 - INFO - Processed: party (Level 1)
2025-08-19 18:54:53,299 - INFO - Processed: precariously (Level 2)
2025-08-19 18:54:55,690 - INFO - Processed: beyond (Level 2)
2025-08-19 18:54:58,439 - INFO - Processed: nose (Level 1)
2025-08-19 18:55:01,374 - INFO - Processed: blizzard (Level 4)
2025-08-19 18:55:03,856 - INFO - Processed: laser (Level 1)
2025-08-19 18:55:06,423 - INFO - Processed: ricotta (Level 2)
2025-08-19 18:55:08,885 - INFO - Processed: migratory (Level 4)
2025-08-19 18:55:11,262 - INFO - Processed: nocturnal (Level 4)
2025-08-19 18:55:13,711 - INFO - Processed: upset (Level 1)
2025-08-19 18:55:16,200 - INFO - Processed: quince (Level 2)
2025-08-19 18:55:18,736 - INFO - Processed: nearly (Level 2)
2025-08-19 18:55:21,625 - INFO - Processed: chide (Level 1)
2025-08-19 18:55:24,923 - INFO - Processed: catadromous (Level 4)
2025-08-19 18:55:26,246 - WARNING - No definition found for 'stannum', adding to review list
2025-08-19 18:55:27,497 - INFO - Processed: stannum (Level 2)
2025-08-19 18:55:28,782 - WARNING - No definition found for 'rubaiyat', adding to review list
2025-08-19 18:55:30,499 - INFO - Processed: rubaiyat (Level 4)
2025-08-19 18:55:31,847 - WARNING - No definition found for 'rupicolous', adding to review list
2025-08-19 18:55:33,155 - INFO - Processed: rupicolous (Level 4)
2025-08-19 18:55:35,825 - INFO - Processed: fend (Level 1)
2025-08-19 18:55:38,405 - INFO - Processed: frisbee (Level 2)
2025-08-19 18:55:38,859 - INFO - Checkpoint saved: 8500 words
2025-08-19 18:55:38,859 - INFO - Checkpoint saved after batch 85
2025-08-19 18:55:38,859 - INFO - Processing batch 86 (8501-8600 of 10114)
2025-08-19 18:55:40,311 - WARNING - No definition found for 'skeltonic', adding to review list
2025-08-19 18:55:41,539 - INFO - Processed: skeltonic (Level 4)
2025-08-19 18:55:43,955 - INFO - Processed: ventured (Level 2)
2025-08-19 18:55:46,811 - INFO - Processed: ease (Level 1)
2025-08-19 18:55:50,277 - INFO - Processed: stuff (Level 1)
2025-08-19 18:55:52,841 - INFO - Processed: cradle (Level 2)
2025-08-19 18:55:55,939 - INFO - Processed: wrenches (Level 2)
2025-08-19 18:55:59,186 - INFO - Processed: differed (Level 1)
2025-08-19 18:56:00,996 - WARNING - No definition found for 'bossiness', adding to review list
2025-08-19 18:56:03,188 - INFO - Processed: bossiness (Level 3)
2025-08-19 18:56:04,544 - WARNING - No definition found for 'circuitouscircumflex', adding to review list
2025-08-19 18:56:05,794 - INFO - Processed: circuitouscircumflex (Level 5)
2025-08-19 18:56:08,317 - INFO - Processed: mellow (Level 1)
2025-08-19 18:56:10,896 - INFO - Processed: archers (Level 2)
2025-08-19 18:56:12,201 - WARNING - No definition found for 'cathodecatnap', adding to review list
2025-08-19 18:56:13,486 - INFO - Processed: cathodecatnap (Level 4)
2025-08-19 18:56:15,008 - WARNING - No definition found for 'isaac', adding to review list
2025-08-19 18:56:16,363 - INFO - Processed: isaac (Level 1)
2025-08-19 18:56:19,067 - INFO - Processed: amongst (Level 2)
2025-08-19 18:56:21,569 - INFO - Processed: parsec (Level 2)
2025-08-19 18:56:23,959 - INFO - Processed: isolation (Level 4)
2025-08-19 18:56:27,632 - INFO - Processed: rhinestone (Level 1)
2025-08-19 18:56:31,782 - INFO - Processed: dissipate (Level 3)
2025-08-19 18:56:34,397 - INFO - Processed: aestival (Level 2)
2025-08-19 18:56:35,712 - WARNING - No definition found for 'octochamps', adding to review list
2025-08-19 18:56:36,980 - INFO - Processed: octochamps (Level 4)
2025-08-19 18:56:39,417 - INFO - Processed: immediate (Level 4)
2025-08-19 18:56:42,640 - INFO - Processed: lane (Level 1)
2025-08-19 18:56:46,490 - INFO - Processed: adage (Level 1)
2025-08-19 18:56:48,890 - INFO - Processed: strong (Level 2)
2025-08-19 18:56:51,455 - INFO - Processed: teeter (Level 2)
2025-08-19 18:56:54,213 - INFO - Processed: saltwater (Level 3)
2025-08-19 18:56:57,047 - INFO - Processed: gruesome (Level 4)
2025-08-19 18:56:59,668 - INFO - Processed: peradventure (Level 4)
2025-08-19 18:57:02,237 - INFO - Processed: maritime (Level 4)
2025-08-19 18:57:04,599 - INFO - Processed: imitate (Level 2)
2025-08-19 18:57:07,264 - INFO - Processed: artificial (Level 4)
2025-08-19 18:57:10,225 - INFO - Processed: umami (Level 1)
2025-08-19 18:57:12,787 - INFO - Processed: stones (Level 2)
2025-08-19 18:57:15,327 - INFO - Processed: mimeograph (Level 1)
2025-08-19 18:57:17,811 - INFO - Processed: semicolon (Level 2)
2025-08-19 18:57:20,334 - INFO - Processed: prayer (Level 2)
2025-08-19 18:57:21,759 - WARNING - No definition found for 'retrocedence', adding to review list
2025-08-19 18:57:23,313 - INFO - Processed: retrocedence (Level 4)
2025-08-19 18:57:25,788 - INFO - Processed: vivacious (Level 2)
2025-08-19 18:57:28,264 - INFO - Processed: straight (Level 3)
2025-08-19 18:57:30,833 - INFO - Processed: neigh (Level 1)
2025-08-19 18:57:32,088 - WARNING - No definition found for 'obliviscence', adding to review list
2025-08-19 18:57:34,046 - INFO - Processed: obliviscence (Level 3)
2025-08-19 18:57:37,634 - INFO - Processed: fipple (Level 2)
2025-08-19 18:57:40,124 - INFO - Processed: settee (Level 2)
2025-08-19 18:57:42,616 - INFO - Processed: million (Level 2)
2025-08-19 18:57:45,118 - INFO - Processed: capital (Level 2)
2025-08-19 18:57:49,646 - INFO - Processed: sleepy (Level 2)
2025-08-19 18:57:51,496 - WARNING - No definition found for 'reiterateremorseful', adding to review list
2025-08-19 18:57:52,725 - INFO - Processed: reiterateremorseful (Level 5)
2025-08-19 18:57:55,278 - INFO - Processed: beginning (Level 4)
2025-08-19 18:57:57,673 - INFO - Processed: speak (Level 1)
2025-08-19 18:58:00,460 - INFO - Processed: koi (Level 1)
2025-08-19 18:58:02,358 - WARNING - No definition found for 'buffa', adding to review list
2025-08-19 18:58:04,717 - INFO - Processed: buffa (Level 1)
2025-08-19 18:58:07,107 - INFO - Processed: tranquil (Level 2)
2025-08-19 18:58:10,622 - INFO - Processed: architrave (Level 3)
2025-08-19 18:58:13,058 - INFO - Processed: sauger (Level 2)
2025-08-19 18:58:16,452 - INFO - Processed: chlorofluorocarbon (Level 5)
2025-08-19 18:58:18,934 - INFO - Processed: impermeable (Level 4)
2025-08-19 18:58:21,392 - INFO - Processed: netiquette (Level 4)
2025-08-19 18:58:23,929 - INFO - Processed: abaft (Level 1)
2025-08-19 18:58:26,458 - INFO - Processed: gateway (Level 2)
2025-08-19 18:58:27,744 - WARNING - No definition found for 'deathin', adding to review list
2025-08-19 18:58:28,989 - INFO - Processed: deathin (Level 2)
2025-08-19 18:58:30,266 - WARNING - No definition found for 'bilaterian', adding to review list
2025-08-19 18:58:31,542 - INFO - Processed: bilaterian (Level 4)
2025-08-19 18:58:32,785 - WARNING - No definition found for 'trocheetrompe', adding to review list
2025-08-19 18:58:34,008 - INFO - Processed: trocheetrompe (Level 4)
2025-08-19 18:58:36,548 - INFO - Processed: deities (Level 2)
2025-08-19 18:58:38,995 - INFO - Processed: drill (Level 1)
2025-08-19 18:58:41,469 - INFO - Processed: furtive (Level 2)
2025-08-19 18:58:42,713 - WARNING - No definition found for 'bowlerphantom', adding to review list
2025-08-19 18:58:43,935 - INFO - Processed: bowlerphantom (Level 4)
2025-08-19 18:58:45,215 - WARNING - No definition found for 'afghanistan', adding to review list
2025-08-19 18:58:46,437 - INFO - Processed: afghanistan (Level 4)
2025-08-19 18:58:47,700 - WARNING - No definition found for 'sennanoun', adding to review list
2025-08-19 18:58:48,944 - INFO - Processed: sennanoun (Level 4)
2025-08-19 18:58:51,486 - INFO - Processed: advertisement (Level 4)
2025-08-19 18:58:53,961 - INFO - Processed: insolent (Level 3)
2025-08-19 18:58:56,823 - INFO - Processed: tomalley (Level 4)
2025-08-19 18:58:58,219 - WARNING - No definition found for 'helvetia', adding to review list
2025-08-19 18:58:59,488 - INFO - Processed: helvetia (Level 2)
2025-08-19 18:59:00,780 - WARNING - No definition found for 'ohio', adding to review list
2025-08-19 18:59:02,024 - INFO - Processed: ohio (Level 1)
2025-08-19 18:59:04,558 - INFO - Processed: viceroy (Level 2)
2025-08-19 18:59:07,272 - INFO - Processed: choose (Level 2)
2025-08-19 18:59:10,282 - INFO - Processed: moussaka (Level 1)
2025-08-19 18:59:12,800 - INFO - Processed: buzzworthy (Level 4)
2025-08-19 18:59:14,051 - WARNING - No definition found for 'rorschach', adding to review list
2025-08-19 18:59:15,310 - INFO - Processed: rorschach (Level 3)
2025-08-19 18:59:18,017 - INFO - Processed: candelabrum (Level 4)
2025-08-19 18:59:20,509 - INFO - Processed: doctor (Level 2)
2025-08-19 18:59:23,494 - INFO - Processed: quirt (Level 1)
2025-08-19 18:59:25,672 - WARNING - No definition found for 'scentverb', adding to review list
2025-08-19 18:59:26,922 - INFO - Processed: scentverb (Level 3)
2025-08-19 18:59:28,224 - WARNING - No definition found for 'notturno', adding to review list
2025-08-19 18:59:30,243 - INFO - Processed: notturno (Level 4)
2025-08-19 18:59:32,722 - INFO - Processed: oblong (Level 2)
2025-08-19 18:59:35,740 - INFO - Processed: pandemic (Level 4)
2025-08-19 18:59:39,879 - INFO - Processed: wushu (Level 1)
2025-08-19 18:59:42,361 - INFO - Processed: aqueduct (Level 4)
2025-08-19 18:59:44,956 - INFO - Processed: pachinko (Level 3)
2025-08-19 18:59:47,481 - INFO - Processed: contraction (Level 4)
2025-08-19 18:59:51,108 - INFO - Processed: pot (Level 1)
2025-08-19 18:59:54,074 - INFO - Processed: knife (Level 1)
2025-08-19 18:59:56,593 - INFO - Processed: chasuble (Level 4)
2025-08-19 18:59:59,103 - INFO - Processed: gladiatorial (Level 4)
2025-08-19 19:00:01,877 - INFO - Processed: oozing (Level 1)
2025-08-19 19:00:03,342 - WARNING - No definition found for 'pertinacity', adding to review list
2025-08-19 19:00:05,219 - INFO - Processed: pertinacity (Level 4)
2025-08-19 19:00:07,739 - INFO - Processed: chaplain (Level 2)
2025-08-19 19:00:10,198 - INFO - Processed: transportation (Level 5)
2025-08-19 19:00:12,679 - INFO - Processed: belt (Level 1)
2025-08-19 19:00:15,205 - INFO - Processed: decision (Level 4)
2025-08-19 19:00:17,445 - WARNING - No definition found for 'faminelinoleum', adding to review list
2025-08-19 19:00:18,710 - INFO - Processed: faminelinoleum (Level 5)
2025-08-19 19:00:19,211 - INFO - Checkpoint saved: 8600 words
2025-08-19 19:00:19,214 - INFO - Checkpoint saved after batch 86
2025-08-19 19:00:19,214 - INFO - Processing batch 87 (8601-8700 of 10114)
2025-08-19 19:00:21,648 - INFO - Processed: volatile (Level 4)
2025-08-19 19:00:24,179 - INFO - Processed: simpatico (Level 4)
2025-08-19 19:00:26,703 - INFO - Processed: premonition (Level 4)
2025-08-19 19:00:29,208 - INFO - Processed: bursting (Level 3)
2025-08-19 19:00:30,855 - WARNING - No definition found for 'xiphias', adding to review list
2025-08-19 19:00:32,221 - INFO - Processed: xiphias (Level 2)
2025-08-19 19:00:34,653 - INFO - Processed: edition (Level 2)
2025-08-19 19:00:37,083 - INFO - Processed: comes (Level 1)
2025-08-19 19:00:39,466 - INFO - Processed: students (Level 4)
2025-08-19 19:00:42,429 - INFO - Processed: cattail (Level 2)
2025-08-19 19:00:46,326 - INFO - Processed: undergird (Level 3)
2025-08-19 19:00:48,742 - INFO - Processed: structural (Level 3)
2025-08-19 19:00:51,145 - INFO - Processed: skydiving (Level 4)
2025-08-19 19:00:53,645 - INFO - Processed: duvet (Level 1)
2025-08-19 19:00:55,006 - WARNING - No definition found for 'eluateheterophony', adding to review list
2025-08-19 19:00:56,951 - INFO - Processed: eluateheterophony (Level 5)
2025-08-19 19:00:58,193 - WARNING - No definition found for 'germany', adding to review list
2025-08-19 19:00:59,528 - INFO - Processed: germany (Level 2)
2025-08-19 19:01:01,982 - INFO - Processed: about (Level 1)
2025-08-19 19:01:04,667 - INFO - Processed: occurred (Level 4)
2025-08-19 19:01:07,293 - INFO - Processed: vineyard (Level 4)
2025-08-19 19:01:10,043 - INFO - Processed: garland (Level 1)
2025-08-19 19:01:12,562 - INFO - Processed: fiercest (Level 1)
2025-08-19 19:01:15,020 - INFO - Processed: per (Level 1)
2025-08-19 19:01:17,536 - INFO - Processed: gnathic (Level 2)
2025-08-19 19:01:20,021 - INFO - Processed: portal (Level 2)
2025-08-19 19:01:22,531 - INFO - Processed: hauberk (Level 2)
2025-08-19 19:01:24,952 - INFO - Processed: akimbo (Level 2)
2025-08-19 19:01:27,335 - INFO - Processed: mellifluous (Level 4)
2025-08-19 19:01:29,968 - INFO - Processed: wholehearted (Level 3)
2025-08-19 19:01:32,367 - INFO - Processed: cubicle (Level 2)
2025-08-19 19:01:33,571 - WARNING - No definition found for 'disasternoun', adding to review list
2025-08-19 19:01:34,787 - INFO - Processed: disasternoun (Level 4)
2025-08-19 19:01:39,107 - INFO - Processed: comprehensive (Level 4)
2025-08-19 19:01:42,030 - INFO - Processed: hagiographer (Level 4)
2025-08-19 19:01:44,422 - INFO - Processed: both (Level 1)
2025-08-19 19:01:46,857 - INFO - Processed: number (Level 2)
2025-08-19 19:01:49,224 - INFO - Processed: ignite (Level 2)
2025-08-19 19:01:51,886 - INFO - Processed: sessile (Level 2)
2025-08-19 19:01:53,326 - WARNING - No definition found for 'manipulable', adding to review list
2025-08-19 19:01:54,603 - INFO - Processed: manipulable (Level 4)
2025-08-19 19:01:57,067 - INFO - Processed: anonymity (Level 4)
2025-08-19 19:01:58,495 - WARNING - No definition found for 'bienvenu', adding to review list
2025-08-19 19:01:59,698 - INFO - Processed: bienvenu (Level 2)
2025-08-19 19:02:02,204 - INFO - Processed: annexation (Level 1)
2025-08-19 19:02:03,529 - WARNING - No definition found for 'jamestown', adding to review list
2025-08-19 19:02:04,872 - INFO - Processed: jamestown (Level 2)
2025-08-19 19:02:07,734 - INFO - Processed: traditional (Level 4)
2025-08-19 19:02:08,978 - WARNING - No definition found for 'beauceron', adding to review list
2025-08-19 19:02:10,175 - INFO - Processed: beauceron (Level 4)
2025-08-19 19:02:12,610 - INFO - Processed: theme (Level 1)
2025-08-19 19:02:15,059 - INFO - Processed: canny (Level 1)
2025-08-19 19:02:18,171 - INFO - Processed: whose (Level 1)
2025-08-19 19:02:20,770 - INFO - Processed: emotional (Level 3)
2025-08-19 19:02:23,401 - INFO - Processed: palladium (Level 1)
2025-08-19 19:02:25,829 - INFO - Processed: medical (Level 2)
2025-08-19 19:02:27,070 - WARNING - No definition found for 'yakitoripejorate', adding to review list
2025-08-19 19:02:28,354 - INFO - Processed: yakitoripejorate (Level 5)
2025-08-19 19:02:31,070 - INFO - Processed: garlic (Level 2)
2025-08-19 19:02:33,920 - INFO - Processed: klutz (Level 1)
2025-08-19 19:02:36,485 - INFO - Processed: aberration (Level 4)
2025-08-19 19:02:39,006 - INFO - Processed: introverted (Level 3)
2025-08-19 19:02:42,507 - INFO - Processed: rats (Level 1)
2025-08-19 19:02:45,274 - INFO - Processed: mythological (Level 4)
2025-08-19 19:02:47,854 - INFO - Processed: truth (Level 1)
2025-08-19 19:02:50,624 - INFO - Processed: retina (Level 2)
2025-08-19 19:02:51,941 - WARNING - No definition found for 'coiffurerepartee', adding to review list
2025-08-19 19:02:53,166 - INFO - Processed: coiffurerepartee (Level 5)
2025-08-19 19:02:55,615 - INFO - Processed: gullet (Level 2)
2025-08-19 19:02:58,229 - INFO - Processed: results (Level 1)
2025-08-19 19:03:01,223 - INFO - Processed: campus (Level 2)
2025-08-19 19:03:03,729 - INFO - Processed: azulejo (Level 2)
2025-08-19 19:03:06,187 - INFO - Processed: verb (Level 1)
2025-08-19 19:03:08,656 - INFO - Processed: narcoleptic (Level 4)
2025-08-19 19:03:11,303 - INFO - Processed: chunks (Level 2)
2025-08-19 19:03:14,412 - INFO - Processed: fortune (Level 2)
2025-08-19 19:03:16,822 - INFO - Processed: leader (Level 2)
2025-08-19 19:03:18,121 - WARNING - No definition found for 'kibitzer', adding to review list
2025-08-19 19:03:19,360 - INFO - Processed: kibitzer (Level 2)
2025-08-19 19:03:20,588 - WARNING - No definition found for 'galapagogallic', adding to review list
2025-08-19 19:03:21,786 - INFO - Processed: galapagogallic (Level 5)
2025-08-19 19:03:25,015 - INFO - Processed: geometric (Level 2)
2025-08-19 19:03:26,998 - WARNING - No definition found for 'niger', adding to review list
2025-08-19 19:03:28,542 - INFO - Processed: niger (Level 1)
2025-08-19 19:03:30,935 - INFO - Processed: deputy (Level 2)
2025-08-19 19:03:33,369 - INFO - Processed: duodenum (Level 3)
2025-08-19 19:03:35,746 - INFO - Processed: acumen (Level 2)
2025-08-19 19:03:38,758 - INFO - Processed: phycology (Level 4)
2025-08-19 19:03:40,182 - WARNING - No definition found for 'kyphoplasty', adding to review list
2025-08-19 19:03:42,102 - INFO - Processed: kyphoplasty (Level 4)
2025-08-19 19:03:44,594 - INFO - Processed: comics (Level 2)
2025-08-19 19:03:47,061 - INFO - Processed: art (Level 1)
2025-08-19 19:03:49,461 - INFO - Processed: equestrian (Level 2)
2025-08-19 19:03:52,430 - WARNING - No definition found for 'zazencabochon', adding to review list
2025-08-19 19:03:53,750 - INFO - Processed: zazencabochon (Level 3)
2025-08-19 19:03:56,766 - INFO - Processed: unguiculate (Level 4)
2025-08-19 19:03:59,344 - INFO - Processed: ide (Level 1)
2025-08-19 19:04:01,933 - INFO - Processed: jewel (Level 1)
2025-08-19 19:04:04,400 - INFO - Processed: interesting (Level 4)
2025-08-19 19:04:07,161 - INFO - Processed: marmoset (Level 1)
2025-08-19 19:04:09,861 - INFO - Processed: symposium (Level 4)
2025-08-19 19:04:12,267 - INFO - Processed: conundrum (Level 4)
2025-08-19 19:04:14,714 - INFO - Processed: jus (Level 1)
2025-08-19 19:04:17,309 - INFO - Processed: demerits (Level 3)
2025-08-19 19:04:20,863 - INFO - Processed: geography (Level 4)
2025-08-19 19:04:24,093 - INFO - Processed: snippet (Level 2)
2025-08-19 19:04:26,537 - INFO - Processed: albeit (Level 2)
2025-08-19 19:04:29,165 - INFO - Processed: berry (Level 1)
2025-08-19 19:04:32,741 - INFO - Processed: bookworm (Level 3)
2025-08-19 19:04:37,210 - WARNING - No definition found for 'moribundrecriminatory', adding to review list
2025-08-19 19:04:38,477 - INFO - Processed: moribundrecriminatory (Level 5)
2025-08-19 19:04:40,812 - INFO - Processed: develop (Level 2)
2025-08-19 19:04:43,799 - INFO - Processed: switcheroo (Level 3)
2025-08-19 19:04:46,655 - INFO - Processed: frontier (Level 4)
2025-08-19 19:04:48,250 - WARNING - No definition found for 'mcmansion', adding to review list
2025-08-19 19:04:49,545 - INFO - Processed: mcmansion (Level 3)
2025-08-19 19:04:52,167 - INFO - Processed: closer (Level 2)
2025-08-19 19:04:52,636 - INFO - Checkpoint saved: 8700 words
2025-08-19 19:04:52,636 - INFO - Checkpoint saved after batch 87
2025-08-19 19:04:52,636 - INFO - Processing batch 88 (8701-8800 of 10114)
2025-08-19 19:04:55,417 - INFO - Processed: anemone (Level 2)
2025-08-19 19:04:56,553 - WARNING - No definition found for 'boston', adding to review list
2025-08-19 19:04:57,740 - INFO - Processed: boston (Level 2)
2025-08-19 19:05:02,907 - INFO - Processed: manifesto (Level 1)
2025-08-19 19:05:05,381 - INFO - Processed: cavalier (Level 4)
2025-08-19 19:05:07,861 - INFO - Processed: jadeite (Level 2)
2025-08-19 19:05:10,427 - INFO - Processed: fodder (Level 2)
2025-08-19 19:05:11,565 - WARNING - No definition found for 'nas', adding to review list
2025-08-19 19:05:13,771 - INFO - Processed: nas (Level 1)
2025-08-19 19:05:16,680 - INFO - Processed: kirpan (Level 2)
2025-08-19 19:05:17,936 - WARNING - No definition found for 'pastitsio', adding to review list
2025-08-19 19:05:19,544 - INFO - Processed: pastitsio (Level 4)
2025-08-19 19:05:21,945 - INFO - Processed: trait (Level 1)
2025-08-19 19:05:24,399 - INFO - Processed: anymore (Level 2)
2025-08-19 19:05:27,053 - INFO - Processed: woodwind (Level 3)
2025-08-19 19:05:29,974 - INFO - Processed: epigram (Level 1)
2025-08-19 19:05:32,654 - INFO - Processed: technology (Level 4)
2025-08-19 19:05:34,398 - WARNING - No definition found for 'hyperion', adding to review list
2025-08-19 19:05:35,620 - INFO - Processed: hyperion (Level 1)
2025-08-19 19:05:38,116 - INFO - Processed: historical (Level 4)
2025-08-19 19:05:39,394 - WARNING - No definition found for 'kannada', adding to review list
2025-08-19 19:05:40,825 - INFO - Processed: kannada (Level 2)
2025-08-19 19:05:44,067 - INFO - Processed: page (Level 1)
2025-08-19 19:05:46,574 - INFO - Processed: bring (Level 1)
2025-08-19 19:05:49,199 - INFO - Processed: numerical (Level 3)
2025-08-19 19:05:51,916 - INFO - Processed: peregrination (Level 3)
2025-08-19 19:05:54,616 - INFO - Processed: marguerite (Level 3)
2025-08-19 19:05:57,220 - INFO - Processed: revelation (Level 4)
2025-08-19 19:06:00,803 - INFO - Processed: instigate (Level 4)
2025-08-19 19:06:02,158 - WARNING - No definition found for 'gandhasri', adding to review list
2025-08-19 19:06:03,506 - INFO - Processed: gandhasri (Level 1)
2025-08-19 19:06:06,787 - INFO - Processed: coalescence (Level 4)
2025-08-19 19:06:09,361 - INFO - Processed: hobbit (Level 2)
2025-08-19 19:06:12,082 - INFO - Processed: disintegration (Level 5)
2025-08-19 19:06:14,493 - INFO - Processed: butterscotch (Level 4)
2025-08-19 19:06:17,105 - INFO - Processed: sniffle (Level 1)
2025-08-19 19:06:19,538 - INFO - Processed: fur (Level 1)
2025-08-19 19:06:21,921 - INFO - Processed: instead (Level 2)
2025-08-19 19:06:24,531 - INFO - Processed: succumb (Level 2)
2025-08-19 19:06:26,987 - INFO - Processed: peerless (Level 1)
2025-08-19 19:06:28,217 - WARNING - No definition found for 'cantatrice', adding to review list
2025-08-19 19:06:29,450 - INFO - Processed: cantatrice (Level 4)
2025-08-19 19:06:32,005 - INFO - Processed: cylindrical (Level 4)
2025-08-19 19:06:34,828 - INFO - Processed: analects (Level 4)
2025-08-19 19:06:38,010 - INFO - Processed: acronym (Level 2)
2025-08-19 19:06:40,496 - INFO - Processed: surplus (Level 2)
2025-08-19 19:06:42,935 - INFO - Processed: quarantine (Level 2)
2025-08-19 19:06:44,075 - WARNING - No definition found for 'waf', adding to review list
2025-08-19 19:06:45,319 - INFO - Processed: waf (Level 1)
2025-08-19 19:06:47,964 - INFO - Processed: twinge (Level 2)
2025-08-19 19:06:50,618 - INFO - Processed: uvula (Level 1)
2025-08-19 19:06:53,149 - INFO - Processed: same (Level 1)
2025-08-19 19:06:55,701 - INFO - Processed: prognosticate (Level 2)
2025-08-19 19:06:56,996 - WARNING - No definition found for 'bermudas', adding to review list
2025-08-19 19:06:58,315 - INFO - Processed: bermudas (Level 4)
2025-08-19 19:06:59,521 - WARNING - No definition found for 'asiagoaspish', adding to review list
2025-08-19 19:07:00,709 - INFO - Processed: asiagoaspish (Level 4)
2025-08-19 19:07:03,076 - INFO - Processed: chain (Level 1)
2025-08-19 19:07:05,564 - INFO - Processed: last (Level 1)
2025-08-19 19:07:08,016 - INFO - Processed: strengthen (Level 1)
2025-08-19 19:07:10,465 - INFO - Processed: roots (Level 1)
2025-08-19 19:07:11,687 - WARNING - No definition found for 'italians', adding to review list
2025-08-19 19:07:12,913 - INFO - Processed: italians (Level 4)
2025-08-19 19:07:14,233 - WARNING - No definition found for 'panama', adding to review list
2025-08-19 19:07:15,432 - INFO - Processed: panama (Level 2)
2025-08-19 19:07:18,107 - INFO - Processed: granola (Level 1)
2025-08-19 19:07:19,394 - WARNING - No definition found for 'apophyge', adding to review list
2025-08-19 19:07:20,598 - INFO - Processed: apophyge (Level 4)
2025-08-19 19:07:23,069 - INFO - Processed: torturous (Level 2)
2025-08-19 19:07:25,568 - INFO - Processed: only (Level 1)
2025-08-19 19:07:28,252 - INFO - Processed: castle (Level 2)
2025-08-19 19:07:30,779 - INFO - Processed: celebrating (Level 4)
2025-08-19 19:07:32,029 - WARNING - No definition found for 'beatificbeguile', adding to review list
2025-08-19 19:07:33,232 - INFO - Processed: beatificbeguile (Level 5)
2025-08-19 19:07:34,408 - WARNING - No definition found for 'brochureorganized', adding to review list
2025-08-19 19:07:35,614 - INFO - Processed: brochureorganized (Level 5)
2025-08-19 19:07:38,056 - INFO - Processed: level (Level 1)
2025-08-19 19:07:39,371 - WARNING - No definition found for 'zeus', adding to review list
2025-08-19 19:07:40,598 - INFO - Processed: zeus (Level 1)
2025-08-19 19:07:43,064 - INFO - Processed: pillow (Level 2)
2025-08-19 19:07:44,350 - WARNING - No definition found for 'mirach', adding to review list
2025-08-19 19:07:45,556 - INFO - Processed: mirach (Level 2)
2025-08-19 19:07:48,077 - INFO - Processed: firefly (Level 2)
2025-08-19 19:07:50,633 - INFO - Processed: debris (Level 2)
2025-08-19 19:07:53,148 - INFO - Processed: coiffure (Level 4)
2025-08-19 19:07:56,103 - INFO - Processed: alacrity (Level 3)
2025-08-19 19:08:00,844 - WARNING - No definition found for 'cienega', adding to review list
2025-08-19 19:08:02,067 - INFO - Processed: cienega (Level 2)
2025-08-19 19:08:04,617 - INFO - Processed: inferno (Level 2)
2025-08-19 19:08:07,189 - INFO - Processed: cutlery (Level 1)
2025-08-19 19:08:10,153 - INFO - Processed: bovines (Level 2)
2025-08-19 19:08:11,457 - WARNING - No definition found for 'morgana', adding to review list
2025-08-19 19:08:12,668 - INFO - Processed: morgana (Level 2)
2025-08-19 19:08:15,077 - INFO - Processed: royal (Level 1)
2025-08-19 19:08:16,348 - WARNING - No definition found for 'aquitaine', adding to review list
2025-08-19 19:08:17,892 - INFO - Processed: aquitaine (Level 4)
2025-08-19 19:08:20,472 - INFO - Processed: eucalyptus (Level 4)
2025-08-19 19:08:23,076 - INFO - Processed: cress (Level 1)
2025-08-19 19:08:25,626 - INFO - Processed: compunction (Level 3)
2025-08-19 19:08:28,222 - INFO - Processed: gypsum (Level 2)
2025-08-19 19:08:30,649 - INFO - Processed: whisper (Level 2)
2025-08-19 19:08:31,842 - WARNING - No definition found for 'newbienirvana', adding to review list
2025-08-19 19:08:33,065 - INFO - Processed: newbienirvana (Level 4)
2025-08-19 19:08:35,627 - INFO - Processed: dromedary (Level 2)
2025-08-19 19:08:38,317 - INFO - Processed: uranium (Level 2)
2025-08-19 19:08:39,819 - WARNING - No definition found for 'filar', adding to review list
2025-08-19 19:08:41,106 - INFO - Processed: filar (Level 1)
2025-08-19 19:08:44,585 - INFO - Processed: rhyton (Level 2)
2025-08-19 19:08:46,024 - WARNING - No definition found for 'sphygmometer', adding to review list
2025-08-19 19:08:47,266 - INFO - Processed: sphygmometer (Level 3)
2025-08-19 19:08:49,729 - INFO - Processed: logarithmic (Level 4)
2025-08-19 19:08:52,415 - INFO - Processed: name (Level 1)
2025-08-19 19:08:55,184 - INFO - Processed: sopapilla (Level 3)
2025-08-19 19:08:57,659 - INFO - Processed: feedback (Level 3)
2025-08-19 19:08:58,886 - WARNING - No definition found for 'laterigrade', adding to review list
2025-08-19 19:09:01,273 - INFO - Processed: laterigrade (Level 4)
2025-08-19 19:09:06,152 - INFO - Processed: kangaroo (Level 2)
2025-08-19 19:09:08,608 - INFO - Processed: broadcast (Level 4)
2025-08-19 19:09:11,133 - INFO - Processed: blatherskite (Level 4)
2025-08-19 19:09:12,320 - WARNING - No definition found for 'ramson', adding to review list
2025-08-19 19:09:14,638 - INFO - Processed: ramson (Level 2)
2025-08-19 19:09:17,410 - INFO - Processed: violaceous (Level 3)
2025-08-19 19:09:19,905 - INFO - Processed: vinaceous (Level 4)
2025-08-19 19:09:22,400 - INFO - Processed: privet (Level 2)
2025-08-19 19:09:24,831 - INFO - Processed: paladin (Level 2)
2025-08-19 19:09:25,309 - INFO - Checkpoint saved: 8800 words
2025-08-19 19:09:25,309 - INFO - Checkpoint saved after batch 88
2025-08-19 19:09:25,309 - INFO - Processing batch 89 (8801-8900 of 10114)
2025-08-19 19:09:27,904 - INFO - Processed: plenipotentiary (Level 5)
2025-08-19 19:09:30,300 - INFO - Processed: sympathy (Level 4)
2025-08-19 19:09:32,838 - INFO - Processed: aegrotat (Level 4)
2025-08-19 19:09:35,291 - INFO - Processed: malacology (Level 1)
2025-08-19 19:09:37,806 - INFO - Processed: heard (Level 1)
2025-08-19 19:09:40,241 - INFO - Processed: indulgent (Level 3)
2025-08-19 19:09:42,765 - INFO - Processed: longest (Level 2)
2025-08-19 19:09:45,230 - INFO - Processed: anybody (Level 2)
2025-08-19 19:09:47,724 - INFO - Processed: apotheosis (Level 4)
2025-08-19 19:09:50,125 - INFO - Processed: resource (Level 4)
2025-08-19 19:09:52,616 - INFO - Processed: alphabet (Level 4)
2025-08-19 19:09:55,405 - INFO - Processed: http (Level 1)
2025-08-19 19:09:58,396 - INFO - Processed: shallow (Level 2)
2025-08-19 19:10:01,166 - INFO - Processed: melancholy (Level 4)
2025-08-19 19:10:03,785 - INFO - Processed: loppers (Level 1)
2025-08-19 19:10:06,249 - INFO - Processed: extra (Level 1)
2025-08-19 19:10:08,652 - INFO - Processed: coterie (Level 2)
2025-08-19 19:10:10,021 - WARNING - No definition found for 'luftmensch', adding to review list
2025-08-19 19:10:11,395 - INFO - Processed: luftmensch (Level 4)
2025-08-19 19:10:13,552 - WARNING - No definition found for 'fatshedera', adding to review list
2025-08-19 19:10:14,750 - INFO - Processed: fatshedera (Level 4)
2025-08-19 19:10:17,312 - INFO - Processed: click (Level 1)
2025-08-19 19:10:19,866 - INFO - Processed: four (Level 1)
2025-08-19 19:10:22,436 - INFO - Processed: laptop (Level 2)
2025-08-19 19:10:24,110 - WARNING - No definition found for 'fleeciness', adding to review list
2025-08-19 19:10:25,765 - INFO - Processed: fleeciness (Level 4)
2025-08-19 19:10:28,267 - INFO - Processed: kudos (Level 1)
2025-08-19 19:10:30,849 - INFO - Processed: kimchi (Level 2)
2025-08-19 19:10:32,075 - WARNING - No definition found for 'designerleisure', adding to review list
2025-08-19 19:10:33,274 - INFO - Processed: designerleisure (Level 5)
2025-08-19 19:10:34,597 - WARNING - No definition found for 'nisus', adding to review list
2025-08-19 19:10:35,802 - INFO - Processed: nisus (Level 1)
2025-08-19 19:10:37,042 - WARNING - No definition found for 'tsukupin', adding to review list
2025-08-19 19:10:38,547 - INFO - Processed: tsukupin (Level 4)
2025-08-19 19:10:40,942 - INFO - Processed: proclamation (Level 2)
2025-08-19 19:10:43,449 - INFO - Processed: said (Level 1)
2025-08-19 19:10:46,087 - INFO - Processed: seraphic (Level 4)
2025-08-19 19:10:48,527 - INFO - Processed: oval (Level 1)
2025-08-19 19:10:51,300 - INFO - Processed: doodled (Level 2)
2025-08-19 19:10:54,139 - INFO - Processed: katabatic (Level 2)
2025-08-19 19:10:57,020 - INFO - Processed: glissando (Level 4)
2025-08-19 19:10:58,459 - WARNING - No definition found for 'aqueductorganized', adding to review list
2025-08-19 19:10:59,684 - INFO - Processed: aqueductorganized (Level 5)
2025-08-19 19:11:02,153 - INFO - Processed: palomino (Level 3)
2025-08-19 19:11:04,877 - INFO - Processed: damascened (Level 4)
2025-08-19 19:11:07,829 - WARNING - No definition found for 'pierre', adding to review list
2025-08-19 19:11:09,324 - INFO - Processed: pierre (Level 2)
2025-08-19 19:11:11,892 - INFO - Processed: languish (Level 4)
2025-08-19 19:11:14,661 - INFO - Processed: menthol (Level 1)
2025-08-19 19:11:17,776 - INFO - Processed: hypallage (Level 2)
2025-08-19 19:11:20,255 - INFO - Processed: superintendent (Level 5)
2025-08-19 19:11:23,173 - INFO - Processed: thunderbolt (Level 3)
2025-08-19 19:11:24,438 - WARNING - No definition found for 'restitutory', adding to review list
2025-08-19 19:11:25,841 - INFO - Processed: restitutory (Level 4)
2025-08-19 19:11:31,108 - INFO - Processed: appellation (Level 4)
2025-08-19 19:11:33,764 - INFO - Processed: must (Level 1)
2025-08-19 19:11:35,152 - WARNING - No definition found for 'feldenkrais', adding to review list
2025-08-19 19:11:36,413 - INFO - Processed: feldenkrais (Level 4)
2025-08-19 19:11:39,334 - INFO - Processed: divvy (Level 1)
2025-08-19 19:11:42,667 - INFO - Processed: insubstantial (Level 2)
2025-08-19 19:11:45,349 - INFO - Processed: donna (Level 1)
2025-08-19 19:11:46,569 - WARNING - No definition found for 'gushedchina', adding to review list
2025-08-19 19:11:47,771 - INFO - Processed: gushedchina (Level 3)
2025-08-19 19:11:50,199 - INFO - Processed: brought (Level 1)
2025-08-19 19:11:52,679 - INFO - Processed: demographics (Level 4)
2025-08-19 19:11:54,012 - WARNING - No definition found for 'pharmacyfondant', adding to review list
2025-08-19 19:11:55,205 - INFO - Processed: pharmacyfondant (Level 5)
2025-08-19 19:11:57,565 - INFO - Processed: bombastic (Level 2)
2025-08-19 19:12:00,133 - INFO - Processed: lolled (Level 2)
2025-08-19 19:12:02,745 - INFO - Processed: bizarro (Level 2)
2025-08-19 19:12:05,238 - INFO - Processed: brusque (Level 2)
2025-08-19 19:12:08,176 - INFO - Processed: pronunciations (Level 5)
2025-08-19 19:12:10,640 - INFO - Processed: trellis (Level 2)
2025-08-19 19:12:13,155 - INFO - Processed: ornament (Level 3)
2025-08-19 19:12:15,752 - INFO - Processed: valerian (Level 4)
2025-08-19 19:12:18,627 - INFO - Processed: bas (Level 1)
2025-08-19 19:12:21,893 - INFO - Processed: industry (Level 1)
2025-08-19 19:12:23,357 - WARNING - No definition found for 'rhabdoid', adding to review list
2025-08-19 19:12:25,035 - INFO - Processed: rhabdoid (Level 2)
2025-08-19 19:12:27,498 - INFO - Processed: strip (Level 1)
2025-08-19 19:12:28,983 - WARNING - No definition found for 'spellinghypochondria', adding to review list
2025-08-19 19:12:30,229 - INFO - Processed: spellinghypochondria (Level 5)
2025-08-19 19:12:32,699 - INFO - Processed: demeanour (Level 2)
2025-08-19 19:12:35,510 - INFO - Processed: bassoon (Level 1)
2025-08-19 19:12:39,135 - INFO - Processed: aspirin (Level 2)
2025-08-19 19:12:41,593 - INFO - Processed: ordered (Level 2)
2025-08-19 19:12:44,107 - INFO - Processed: pasta (Level 1)
2025-08-19 19:12:46,562 - INFO - Processed: agricultural (Level 2)
2025-08-19 19:12:49,366 - INFO - Processed: shopaholic (Level 2)
2025-08-19 19:12:55,032 - INFO - Processed: years (Level 1)
2025-08-19 19:12:58,445 - INFO - Processed: oolite (Level 2)
2025-08-19 19:13:00,897 - INFO - Processed: service (Level 2)
2025-08-19 19:13:03,776 - INFO - Processed: vinaigrette (Level 4)
2025-08-19 19:13:05,872 - WARNING - No definition found for 'bwlalay', adding to review list
2025-08-19 19:13:07,086 - INFO - Processed: bwlalay (Level 2)
2025-08-19 19:13:08,418 - WARNING - No definition found for 'tepidity', adding to review list
2025-08-19 19:13:09,653 - INFO - Processed: tepidity (Level 4)
2025-08-19 19:13:11,997 - INFO - Processed: squander (Level 3)
2025-08-19 19:13:14,491 - INFO - Processed: spread (Level 2)
2025-08-19 19:13:18,071 - INFO - Processed: tributary (Level 4)
2025-08-19 19:13:21,519 - INFO - Processed: promise (Level 2)
2025-08-19 19:13:24,031 - INFO - Processed: diapason (Level 4)
2025-08-19 19:13:26,527 - INFO - Processed: likelier (Level 4)
2025-08-19 19:13:27,802 - WARNING - No definition found for 'inuk', adding to review list
2025-08-19 19:13:28,978 - INFO - Processed: inuk (Level 1)
2025-08-19 19:13:30,712 - WARNING - No definition found for 'choucroute', adding to review list
2025-08-19 19:13:34,054 - INFO - Processed: choucroute (Level 4)
2025-08-19 19:13:36,455 - INFO - Processed: jumbo (Level 1)
2025-08-19 19:13:38,984 - INFO - Processed: nimbostratus (Level 2)
2025-08-19 19:13:41,568 - INFO - Processed: pedantry (Level 4)
2025-08-19 19:13:43,148 - WARNING - No definition found for 'microwavegabled', adding to review list
2025-08-19 19:13:44,735 - INFO - Processed: microwavegabled (Level 5)
2025-08-19 19:13:47,517 - INFO - Processed: hobble (Level 2)
2025-08-19 19:13:49,966 - INFO - Processed: minimize (Level 2)
2025-08-19 19:13:51,298 - WARNING - No definition found for 'sprechstimme', adding to review list
2025-08-19 19:13:52,539 - INFO - Processed: sprechstimme (Level 4)
2025-08-19 19:13:55,038 - INFO - Processed: superstitious (Level 4)
2025-08-19 19:13:58,264 - INFO - Processed: poke (Level 1)
2025-08-19 19:14:01,955 - INFO - Processed: hankering (Level 2)
2025-08-19 19:14:03,237 - WARNING - No definition found for 'spleenutensils', adding to review list
2025-08-19 19:14:04,455 - INFO - Processed: spleenutensils (Level 5)
2025-08-19 19:14:05,056 - INFO - Checkpoint saved: 8900 words
2025-08-19 19:14:05,056 - INFO - Checkpoint saved after batch 89
2025-08-19 19:14:05,056 - INFO - Processing batch 90 (8901-9000 of 10114)
2025-08-19 19:14:07,634 - INFO - Processed: below (Level 1)
2025-08-19 19:14:11,400 - INFO - Processed: carnitas (Level 4)
2025-08-19 19:14:14,781 - INFO - Processed: coach (Level 1)
2025-08-19 19:14:16,115 - WARNING - No definition found for 'rigourous', adding to review list
2025-08-19 19:14:17,424 - INFO - Processed: rigourous (Level 4)
2025-08-19 19:14:19,954 - INFO - Processed: threnody (Level 2)
2025-08-19 19:14:22,399 - INFO - Processed: collected (Level 4)
2025-08-19 19:14:25,365 - INFO - Processed: solitude (Level 4)
2025-08-19 19:14:27,350 - WARNING - No definition found for 'douloureux', adding to review list
2025-08-19 19:14:28,552 - INFO - Processed: douloureux (Level 4)
2025-08-19 19:14:30,956 - INFO - Processed: subdued (Level 2)
2025-08-19 19:14:33,461 - INFO - Processed: southwest (Level 4)
2025-08-19 19:14:36,348 - INFO - Processed: schefflera (Level 4)
2025-08-19 19:14:38,872 - INFO - Processed: spectral (Level 4)
2025-08-19 19:14:41,545 - INFO - Processed: treatments (Level 4)
2025-08-19 19:14:44,079 - INFO - Processed: pat (Level 1)
2025-08-19 19:14:45,333 - WARNING - No definition found for 'kufi', adding to review list
2025-08-19 19:14:46,579 - INFO - Processed: kufi (Level 1)
2025-08-19 19:14:49,055 - INFO - Processed: bestow (Level 2)
2025-08-19 19:14:51,564 - INFO - Processed: ablaut (Level 2)
2025-08-19 19:14:54,022 - INFO - Processed: graphite (Level 4)
2025-08-19 19:14:55,270 - WARNING - No definition found for 'erythroblastesau', adding to review list
2025-08-19 19:14:56,496 - INFO - Processed: erythroblastesau (Level 5)
2025-08-19 19:14:58,888 - INFO - Processed: invasive (Level 4)
2025-08-19 19:15:01,320 - INFO - Processed: urushiol (Level 4)
2025-08-19 19:15:03,728 - INFO - Processed: errands (Level 2)
2025-08-19 19:15:06,432 - INFO - Processed: chintzy (Level 2)
2025-08-19 19:15:08,619 - WARNING - No definition found for 'spellingcabaret', adding to review list
2025-08-19 19:15:11,583 - INFO - Processed: spellingcabaret (Level 5)
2025-08-19 19:15:14,048 - INFO - Processed: rapprochement (Level 4)
2025-08-19 19:15:16,447 - INFO - Processed: wedding (Level 2)
2025-08-19 19:15:18,861 - INFO - Processed: noble (Level 1)
2025-08-19 19:15:20,241 - WARNING - No definition found for 'versa', adding to review list
2025-08-19 19:15:21,589 - INFO - Processed: versa (Level 1)
2025-08-19 19:15:22,799 - WARNING - No definition found for 'xiphophyllous', adding to review list
2025-08-19 19:15:24,440 - INFO - Processed: xiphophyllous (Level 4)
2025-08-19 19:15:25,691 - WARNING - No definition found for 'freezescorch', adding to review list
2025-08-19 19:15:27,091 - INFO - Processed: freezescorch (Level 3)
2025-08-19 19:15:29,549 - INFO - Processed: speculate (Level 3)
2025-08-19 19:15:31,934 - INFO - Processed: notification (Level 3)
2025-08-19 19:15:34,784 - INFO - Processed: vlogging (Level 4)
2025-08-19 19:15:37,777 - INFO - Processed: wafting (Level 2)
2025-08-19 19:15:39,115 - WARNING - No definition found for 'rhinorrhagia', adding to review list
2025-08-19 19:15:40,343 - INFO - Processed: rhinorrhagia (Level 3)
2025-08-19 19:15:42,866 - INFO - Processed: roof (Level 1)
2025-08-19 19:15:44,155 - WARNING - No definition found for 'acrogeria', adding to review list
2025-08-19 19:15:45,821 - INFO - Processed: acrogeria (Level 4)
2025-08-19 19:15:47,109 - WARNING - No definition found for 'pgames', adding to review list
2025-08-19 19:15:48,337 - INFO - Processed: pgames (Level 2)
2025-08-19 19:15:51,077 - INFO - Processed: billabong (Level 4)
2025-08-19 19:15:53,522 - INFO - Processed: drivel (Level 2)
2025-08-19 19:15:56,835 - INFO - Processed: awfully (Level 2)
2025-08-19 19:15:58,085 - WARNING - No definition found for 'orwellian', adding to review list
2025-08-19 19:15:59,403 - INFO - Processed: orwellian (Level 3)
2025-08-19 19:16:00,719 - WARNING - No definition found for 'inugsuk', adding to review list
2025-08-19 19:16:02,366 - INFO - Processed: inugsuk (Level 2)
2025-08-19 19:16:04,769 - WARNING - No definition found for 'conglutinant', adding to review list
2025-08-19 19:16:06,428 - INFO - Processed: conglutinant (Level 4)
2025-08-19 19:16:08,978 - INFO - Processed: rankles (Level 2)
2025-08-19 19:16:11,399 - INFO - Processed: conference (Level 3)
2025-08-19 19:16:14,346 - INFO - Processed: catalepsy (Level 4)
2025-08-19 19:16:17,216 - INFO - Processed: spikes (Level 2)
2025-08-19 19:16:20,688 - INFO - Processed: mortification (Level 3)
2025-08-19 19:16:23,453 - INFO - Processed: broadcasters (Level 4)
2025-08-19 19:16:24,808 - WARNING - No definition found for 'zacate', adding to review list
2025-08-19 19:16:26,284 - INFO - Processed: zacate (Level 2)
2025-08-19 19:16:29,448 - INFO - Processed: equivalent (Level 4)
2025-08-19 19:16:32,584 - INFO - Processed: synecdoche (Level 2)
2025-08-19 19:16:35,046 - INFO - Processed: surrounded (Level 4)
2025-08-19 19:16:37,487 - INFO - Processed: coccygeal (Level 4)
2025-08-19 19:16:38,758 - WARNING - No definition found for 'syntonize', adding to review list
2025-08-19 19:16:39,972 - INFO - Processed: syntonize (Level 4)
2025-08-19 19:16:44,005 - INFO - Processed: busy (Level 1)
2025-08-19 19:16:46,727 - INFO - Processed: influential (Level 4)
2025-08-19 19:16:49,203 - INFO - Processed: more (Level 1)
2025-08-19 19:16:51,603 - INFO - Processed: grimy (Level 1)
2025-08-19 19:16:55,076 - INFO - Processed: saltarellos (Level 4)
2025-08-19 19:16:59,234 - INFO - Processed: spawned (Level 2)
2025-08-19 19:17:00,487 - WARNING - No definition found for 'gurmukhigyascutus', adding to review list
2025-08-19 19:17:01,817 - INFO - Processed: gurmukhigyascutus (Level 5)
2025-08-19 19:17:04,831 - INFO - Processed: macrobiotics (Level 4)
2025-08-19 19:17:07,243 - INFO - Processed: evildoer (Level 3)
2025-08-19 19:17:11,045 - INFO - Processed: glossolalia (Level 4)
2025-08-19 19:17:13,840 - INFO - Processed: harrier (Level 2)
2025-08-19 19:17:16,520 - INFO - Processed: luminance (Level 3)
2025-08-19 19:17:19,074 - INFO - Processed: legionnaire (Level 4)
2025-08-19 19:17:20,420 - WARNING - No definition found for 'pou', adding to review list
2025-08-19 19:17:22,283 - INFO - Processed: pou (Level 1)
2025-08-19 19:17:25,813 - INFO - Processed: delicious (Level 4)
2025-08-19 19:17:28,469 - INFO - Processed: composite (Level 4)
2025-08-19 19:17:29,701 - WARNING - No definition found for 'gippsland', adding to review list
2025-08-19 19:17:30,933 - INFO - Processed: gippsland (Level 4)
2025-08-19 19:17:32,280 - WARNING - No definition found for 'porosity', adding to review list
2025-08-19 19:17:33,583 - INFO - Processed: porosity (Level 4)
2025-08-19 19:17:36,892 - INFO - Processed: turgor (Level 2)
2025-08-19 19:17:39,873 - INFO - Processed: extravasate (Level 4)
2025-08-19 19:17:42,386 - INFO - Processed: hurtle (Level 2)
2025-08-19 19:17:44,918 - INFO - Processed: shawl (Level 1)
2025-08-19 19:17:47,434 - INFO - Processed: minerals (Level 3)
2025-08-19 19:17:49,951 - INFO - Processed: palazzo (Level 2)
2025-08-19 19:17:52,330 - INFO - Processed: continuous (Level 4)
2025-08-19 19:17:54,729 - INFO - Processed: books (Level 1)
2025-08-19 19:17:57,191 - INFO - Processed: ciao (Level 1)
2025-08-19 19:18:00,874 - INFO - Processed: pinetum (Level 2)
2025-08-19 19:18:04,454 - INFO - Processed: safe (Level 1)
2025-08-19 19:18:07,097 - INFO - Processed: barricade (Level 2)
2025-08-19 19:18:09,810 - INFO - Processed: forearms (Level 3)
2025-08-19 19:18:12,282 - INFO - Processed: sells (Level 1)
2025-08-19 19:18:13,670 - WARNING - No definition found for 'oxalismyeloma', adding to review list
2025-08-19 19:18:15,101 - INFO - Processed: oxalismyeloma (Level 2)
2025-08-19 19:18:18,103 - INFO - Processed: due (Level 1)
2025-08-19 19:18:20,524 - INFO - Processed: anniversary (Level 4)
2025-08-19 19:18:22,944 - INFO - Processed: moving (Level 2)
2025-08-19 19:18:25,354 - INFO - Processed: bittersweet (Level 4)
2025-08-19 19:18:27,791 - INFO - Processed: newfangled (Level 4)
2025-08-19 19:18:29,144 - WARNING - No definition found for 'nockerl', adding to review list
2025-08-19 19:18:30,341 - INFO - Processed: nockerl (Level 2)
2025-08-19 19:18:32,895 - INFO - Processed: macrocosm (Level 3)
2025-08-19 19:18:34,478 - WARNING - No definition found for 'rajpramukh', adding to review list
2025-08-19 19:18:36,212 - INFO - Processed: rajpramukh (Level 4)
2025-08-19 19:18:38,697 - INFO - Processed: bathtub (Level 2)
2025-08-19 19:18:41,145 - INFO - Processed: reconcilable (Level 4)
2025-08-19 19:18:43,668 - INFO - Processed: oatmeal (Level 2)
2025-08-19 19:18:44,165 - INFO - Checkpoint saved: 9000 words
2025-08-19 19:18:44,165 - INFO - Checkpoint saved after batch 90
2025-08-19 19:18:44,165 - INFO - Processing batch 91 (9001-9100 of 10114)
2025-08-19 19:18:46,630 - INFO - Processed: devo (Level 1)
2025-08-19 19:18:50,675 - INFO - Processed: protuberant (Level 4)
2025-08-19 19:18:53,227 - INFO - Processed: carefully (Level 4)
2025-08-19 19:18:55,798 - INFO - Processed: unmoored (Level 4)
2025-08-19 19:18:58,264 - INFO - Processed: lieutenant (Level 4)
2025-08-19 19:19:01,507 - INFO - Processed: calamondin (Level 4)
2025-08-19 19:19:02,778 - WARNING - No definition found for 'lambentlyadjective', adding to review list
2025-08-19 19:19:03,979 - INFO - Processed: lambentlyadjective (Level 5)
2025-08-19 19:19:06,567 - INFO - Processed: oxalis (Level 2)
2025-08-19 19:19:09,157 - INFO - Processed: syndicate (Level 4)
2025-08-19 19:19:12,239 - INFO - Processed: suffix (Level 2)
2025-08-19 19:19:14,664 - INFO - Processed: blink (Level 1)
2025-08-19 19:19:17,061 - INFO - Processed: childhood (Level 4)
2025-08-19 19:19:18,428 - WARNING - No definition found for 'noor', adding to review list
2025-08-19 19:19:19,859 - INFO - Processed: noor (Level 1)
2025-08-19 19:19:22,493 - INFO - Processed: pruritus (Level 4)
2025-08-19 19:19:23,795 - WARNING - No definition found for 'columbia', adding to review list
2025-08-19 19:19:24,974 - INFO - Processed: columbia (Level 1)
2025-08-19 19:19:27,389 - INFO - Processed: vignette (Level 4)
2025-08-19 19:19:28,612 - WARNING - No definition found for 'oleiculture', adding to review list
2025-08-19 19:19:30,098 - INFO - Processed: oleiculture (Level 4)
2025-08-19 19:19:32,474 - INFO - Processed: birthday (Level 4)
2025-08-19 19:19:35,019 - INFO - Processed: tempeh (Level 2)
2025-08-19 19:19:37,567 - INFO - Processed: transistor (Level 1)
2025-08-19 19:19:40,029 - INFO - Processed: dissolute (Level 3)
2025-08-19 19:19:41,263 - WARNING - No definition found for 'diana', adding to review list
2025-08-19 19:19:42,511 - INFO - Processed: diana (Level 1)
2025-08-19 19:19:45,027 - INFO - Processed: stew (Level 1)
2025-08-19 19:19:46,311 - WARNING - No definition found for 'aerocele', adding to review list
2025-08-19 19:19:47,928 - INFO - Processed: aerocele (Level 4)
2025-08-19 19:19:50,943 - INFO - Processed: pigsty (Level 2)
2025-08-19 19:19:54,372 - INFO - Processed: varicella (Level 4)
2025-08-19 19:19:56,823 - INFO - Processed: sculpture (Level 4)
2025-08-19 19:19:59,336 - INFO - Processed: exerts (Level 2)
2025-08-19 19:20:00,657 - WARNING - No definition found for 'pakistan', adding to review list
2025-08-19 19:20:01,909 - INFO - Processed: pakistan (Level 1)
2025-08-19 19:20:04,596 - INFO - Processed: participate (Level 4)
2025-08-19 19:20:08,622 - INFO - Processed: polydactyly (Level 2)
2025-08-19 19:20:11,077 - INFO - Processed: calculator (Level 3)
2025-08-19 19:20:13,905 - INFO - Processed: cabaret (Level 2)
2025-08-19 19:20:15,160 - WARNING - No definition found for 'parti', adding to review list
2025-08-19 19:20:16,477 - INFO - Processed: parti (Level 1)
2025-08-19 19:20:19,347 - INFO - Processed: narrow (Level 2)
2025-08-19 19:20:22,785 - INFO - Processed: bison (Level 1)
2025-08-19 19:20:24,075 - WARNING - No definition found for 'darjeelingrecusancy', adding to review list
2025-08-19 19:20:25,317 - INFO - Processed: darjeelingrecusancy (Level 5)
2025-08-19 19:20:27,841 - INFO - Processed: sardine (Level 2)
2025-08-19 19:20:30,280 - INFO - Processed: better (Level 2)
2025-08-19 19:20:33,041 - INFO - Processed: trees (Level 1)
2025-08-19 19:20:35,746 - INFO - Processed: rehearsal (Level 3)
2025-08-19 19:20:38,194 - INFO - Processed: discretionary (Level 4)
2025-08-19 19:20:40,647 - INFO - Processed: chemical (Level 4)
2025-08-19 19:20:43,211 - INFO - Processed: were (Level 1)
2025-08-19 19:20:44,884 - WARNING - No definition found for 'dodeseret', adding to review list
2025-08-19 19:20:46,354 - INFO - Processed: dodeseret (Level 3)
2025-08-19 19:20:49,131 - INFO - Processed: patches (Level 2)
2025-08-19 19:20:50,434 - WARNING - No definition found for 'paraffinvigneron', adding to review list
2025-08-19 19:20:51,666 - INFO - Processed: paraffinvigneron (Level 5)
2025-08-19 19:20:54,279 - INFO - Processed: pagoda (Level 2)
2025-08-19 19:20:56,878 - INFO - Processed: vividly (Level 1)
2025-08-19 19:20:59,992 - INFO - Processed: mockery (Level 2)
2025-08-19 19:21:03,175 - INFO - Processed: anecdotes (Level 4)
2025-08-19 19:21:04,432 - WARNING - No definition found for 'urad', adding to review list
2025-08-19 19:21:06,644 - INFO - Processed: urad (Level 1)
2025-08-19 19:21:09,163 - INFO - Processed: marvelous (Level 2)
2025-08-19 19:21:11,883 - INFO - Processed: ancho (Level 1)
2025-08-19 19:21:13,513 - WARNING - No definition found for 'ardipithecus', adding to review list
2025-08-19 19:21:14,802 - INFO - Processed: ardipithecus (Level 4)
2025-08-19 19:21:17,211 - INFO - Processed: downcast (Level 4)
2025-08-19 19:21:18,452 - WARNING - No definition found for 'proviant', adding to review list
2025-08-19 19:21:19,770 - INFO - Processed: proviant (Level 4)
2025-08-19 19:21:22,350 - INFO - Processed: loess (Level 1)
2025-08-19 19:21:25,298 - INFO - Processed: watch (Level 1)
2025-08-19 19:21:28,953 - INFO - Processed: tickled (Level 2)
2025-08-19 19:21:30,271 - WARNING - No definition found for 'haplographytchefuncte', adding to review list
2025-08-19 19:21:31,480 - INFO - Processed: haplographytchefuncte (Level 5)
2025-08-19 19:21:33,899 - INFO - Processed: tango (Level 1)
2025-08-19 19:21:36,437 - INFO - Processed: ape (Level 1)
2025-08-19 19:21:37,613 - WARNING - No definition found for 'thousands', adding to review list
2025-08-19 19:21:38,960 - INFO - Processed: thousands (Level 4)
2025-08-19 19:21:40,546 - WARNING - No definition found for 'mustardcruel', adding to review list
2025-08-19 19:21:41,961 - INFO - Processed: mustardcruel (Level 3)
2025-08-19 19:21:44,531 - INFO - Processed: manta (Level 1)
2025-08-19 19:21:46,997 - INFO - Processed: bireme (Level 1)
2025-08-19 19:21:48,248 - WARNING - No definition found for 'taedium', adding to review list
2025-08-19 19:21:49,484 - INFO - Processed: taedium (Level 2)
2025-08-19 19:21:52,089 - INFO - Processed: iteration (Level 3)
2025-08-19 19:21:55,452 - INFO - Processed: kugel (Level 1)
2025-08-19 19:21:57,961 - INFO - Processed: organ (Level 1)
2025-08-19 19:22:00,358 - INFO - Processed: aardvark (Level 3)
2025-08-19 19:22:02,788 - INFO - Processed: wayward (Level 1)
2025-08-19 19:22:05,323 - INFO - Processed: broad (Level 1)
2025-08-19 19:22:08,280 - INFO - Processed: spying (Level 2)
2025-08-19 19:22:11,216 - INFO - Processed: astilbe (Level 2)
2025-08-19 19:22:13,753 - INFO - Processed: assailant (Level 4)
2025-08-19 19:22:14,930 - WARNING - No definition found for 'astrayliquid', adding to review list
2025-08-19 19:22:16,146 - INFO - Processed: astrayliquid (Level 4)
2025-08-19 19:22:17,524 - WARNING - No definition found for 'octonocularoctuplicate', adding to review list
2025-08-19 19:22:18,762 - INFO - Processed: octonocularoctuplicate (Level 5)
2025-08-19 19:22:21,279 - INFO - Processed: suffocate (Level 4)
2025-08-19 19:22:23,883 - INFO - Processed: cabochon (Level 4)
2025-08-19 19:22:26,504 - INFO - Processed: muliebrity (Level 4)
2025-08-19 19:22:27,942 - WARNING - No definition found for 'june', adding to review list
2025-08-19 19:22:29,465 - INFO - Processed: june (Level 1)
2025-08-19 19:22:31,960 - INFO - Processed: bubble (Level 2)
2025-08-19 19:22:34,426 - INFO - Processed: fans (Level 1)
2025-08-19 19:22:36,893 - INFO - Processed: maharaja (Level 2)
2025-08-19 19:22:40,413 - INFO - Processed: superhero (Level 4)
2025-08-19 19:22:43,540 - INFO - Processed: writers (Level 1)
2025-08-19 19:22:45,994 - INFO - Processed: jackal (Level 2)
2025-08-19 19:22:48,568 - INFO - Processed: inoculate (Level 4)
2025-08-19 19:22:51,053 - INFO - Processed: possibility (Level 4)
2025-08-19 19:22:53,603 - INFO - Processed: scabbard (Level 2)
2025-08-19 19:22:56,259 - INFO - Processed: agreement (Level 2)
2025-08-19 19:22:58,695 - INFO - Processed: delegation (Level 3)
2025-08-19 19:23:01,114 - INFO - Processed: remarkable (Level 1)
2025-08-19 19:23:02,495 - WARNING - No definition found for 'ageusia', adding to review list
2025-08-19 19:23:03,707 - INFO - Processed: ageusia (Level 2)
2025-08-19 19:23:06,604 - INFO - Processed: any (Level 1)
2025-08-19 19:23:08,230 - WARNING - No definition found for 'rishik', adding to review list
2025-08-19 19:23:09,534 - INFO - Processed: rishik (Level 1)
2025-08-19 19:23:12,064 - INFO - Processed: bypass (Level 2)
2025-08-19 19:23:13,289 - WARNING - No definition found for 'tchefuncte', adding to review list
2025-08-19 19:23:14,485 - INFO - Processed: tchefuncte (Level 4)
2025-08-19 19:23:15,000 - INFO - Checkpoint saved: 9100 words
2025-08-19 19:23:15,000 - INFO - Checkpoint saved after batch 91
2025-08-19 19:23:15,000 - INFO - Processing batch 92 (9101-9200 of 10114)
2025-08-19 19:23:17,397 - INFO - Processed: untoward (Level 1)
2025-08-19 19:23:20,352 - INFO - Processed: mendacious (Level 4)
2025-08-19 19:23:23,113 - INFO - Processed: nereid (Level 1)
2025-08-19 19:23:25,674 - INFO - Processed: camembert (Level 4)
2025-08-19 19:23:28,139 - INFO - Processed: shall (Level 1)
2025-08-19 19:23:30,745 - INFO - Processed: tigers (Level 2)
2025-08-19 19:23:33,488 - INFO - Processed: highlighting (Level 4)
2025-08-19 19:23:36,490 - INFO - Processed: toque (Level 1)
2025-08-19 19:23:39,096 - INFO - Processed: excision (Level 4)
2025-08-19 19:23:40,413 - WARNING - No definition found for 'tartaric', adding to review list
2025-08-19 19:23:41,673 - INFO - Processed: tartaric (Level 1)
2025-08-19 19:23:42,842 - WARNING - No definition found for 'blottesquebobolink', adding to review list
2025-08-19 19:23:44,022 - INFO - Processed: blottesquebobolink (Level 5)
2025-08-19 19:23:46,808 - INFO - Processed: oblique (Level 2)
2025-08-19 19:23:49,645 - INFO - Processed: novelist (Level 1)
2025-08-19 19:23:52,115 - INFO - Processed: trowel (Level 1)
2025-08-19 19:23:54,764 - INFO - Processed: vicissitudes (Level 4)
2025-08-19 19:23:57,266 - INFO - Processed: palaver (Level 2)
2025-08-19 19:23:59,988 - INFO - Processed: phenomenal (Level 2)
2025-08-19 19:24:02,777 - INFO - Processed: defiant (Level 2)
2025-08-19 19:24:05,140 - INFO - Processed: effortless (Level 3)
2025-08-19 19:24:07,545 - INFO - Processed: colleagues (Level 2)
2025-08-19 19:24:08,791 - WARNING - No definition found for 'ghana', adding to review list
2025-08-19 19:24:10,047 - INFO - Processed: ghana (Level 1)
2025-08-19 19:24:12,488 - INFO - Processed: parley (Level 2)
2025-08-19 19:24:15,206 - INFO - Processed: outside (Level 2)
2025-08-19 19:24:18,043 - INFO - Processed: incantations (Level 3)
2025-08-19 19:24:19,293 - WARNING - No definition found for 'estrepe', adding to review list
2025-08-19 19:24:20,520 - INFO - Processed: estrepe (Level 2)
2025-08-19 19:24:23,010 - INFO - Processed: mildew (Level 2)
2025-08-19 19:24:26,185 - INFO - Processed: enervate (Level 4)
2025-08-19 19:24:29,025 - INFO - Processed: grumpy (Level 2)
2025-08-19 19:24:32,147 - INFO - Processed: yourself (Level 3)
2025-08-19 19:24:34,631 - INFO - Processed: detractors (Level 4)
2025-08-19 19:24:37,131 - INFO - Processed: bowsprit (Level 4)
2025-08-19 19:24:39,536 - INFO - Processed: pageantry (Level 4)
2025-08-19 19:24:40,857 - WARNING - No definition found for 'quasimodo', adding to review list
2025-08-19 19:24:42,112 - INFO - Processed: quasimodo (Level 2)
2025-08-19 19:24:44,528 - INFO - Processed: regalia (Level 2)
2025-08-19 19:24:46,973 - INFO - Processed: jambalaya (Level 4)
2025-08-19 19:24:49,408 - INFO - Processed: squeamish (Level 4)
2025-08-19 19:24:50,822 - WARNING - No definition found for 'imprecatory', adding to review list
2025-08-19 19:24:52,083 - INFO - Processed: imprecatory (Level 4)
2025-08-19 19:24:55,602 - INFO - Processed: fardel (Level 2)
2025-08-19 19:24:58,083 - INFO - Processed: embroiled (Level 4)
2025-08-19 19:25:00,638 - INFO - Processed: place (Level 1)
2025-08-19 19:25:01,948 - WARNING - No definition found for 'ailette', adding to review list
2025-08-19 19:25:03,188 - INFO - Processed: ailette (Level 2)
2025-08-19 19:25:05,739 - INFO - Processed: quantify (Level 4)
2025-08-19 19:25:08,128 - INFO - Processed: told (Level 1)
2025-08-19 19:25:10,758 - INFO - Processed: maquillage (Level 3)
2025-08-19 19:25:13,321 - INFO - Processed: preeminent (Level 2)
2025-08-19 19:25:15,760 - INFO - Processed: prize (Level 1)
2025-08-19 19:25:18,178 - INFO - Processed: escapade (Level 4)
2025-08-19 19:25:19,791 - WARNING - No definition found for 'divvyfatuously', adding to review list
2025-08-19 19:25:21,299 - INFO - Processed: divvyfatuously (Level 5)
2025-08-19 19:25:23,992 - INFO - Processed: latter (Level 2)
2025-08-19 19:25:27,079 - INFO - Processed: eudiometer (Level 4)
2025-08-19 19:25:29,621 - INFO - Processed: bandits (Level 2)
2025-08-19 19:25:32,071 - INFO - Processed: defeat (Level 1)
2025-08-19 19:25:34,830 - INFO - Processed: sabermetrics (Level 4)
2025-08-19 19:25:37,415 - INFO - Processed: pituitary (Level 4)
2025-08-19 19:25:40,144 - INFO - Processed: granite (Level 2)
2025-08-19 19:25:42,765 - INFO - Processed: substrate (Level 4)
2025-08-19 19:25:45,505 - INFO - Processed: sugarcane (Level 4)
2025-08-19 19:25:48,932 - INFO - Processed: ventriloquy (Level 4)
2025-08-19 19:25:51,470 - INFO - Processed: venomous (Level 4)
2025-08-19 19:25:54,016 - INFO - Processed: salience (Level 3)
2025-08-19 19:25:56,634 - INFO - Processed: options (Level 2)
2025-08-19 19:26:00,661 - INFO - Processed: heliotrope (Level 3)
2025-08-19 19:26:03,748 - INFO - Processed: squeal (Level 2)
2025-08-19 19:26:05,074 - WARNING - No definition found for 'spanielthemed', adding to review list
2025-08-19 19:26:06,415 - INFO - Processed: spanielthemed (Level 4)
2025-08-19 19:26:07,776 - WARNING - No definition found for 'quaoar', adding to review list
2025-08-19 19:26:09,005 - INFO - Processed: quaoar (Level 2)
2025-08-19 19:26:10,270 - WARNING - No definition found for 'millivoltherringbone', adding to review list
2025-08-19 19:26:11,506 - INFO - Processed: millivoltherringbone (Level 5)
2025-08-19 19:26:14,388 - INFO - Processed: violin (Level 2)
2025-08-19 19:26:17,075 - INFO - Processed: worried (Level 2)
2025-08-19 19:26:19,545 - INFO - Processed: tortoise (Level 3)
2025-08-19 19:26:22,240 - INFO - Processed: machination (Level 4)
2025-08-19 19:26:24,664 - INFO - Processed: ounce (Level 1)
2025-08-19 19:26:27,304 - INFO - Processed: dolma (Level 1)
2025-08-19 19:26:28,602 - WARNING - No definition found for 'halalah', adding to review list
2025-08-19 19:26:30,339 - INFO - Processed: halalah (Level 2)
2025-08-19 19:26:31,708 - WARNING - No definition found for 'nabal', adding to review list
2025-08-19 19:26:33,826 - INFO - Processed: nabal (Level 1)
2025-08-19 19:26:35,283 - WARNING - No definition found for 'currycomb', adding to review list
2025-08-19 19:26:37,070 - INFO - Processed: currycomb (Level 1)
2025-08-19 19:26:39,605 - INFO - Processed: efflux (Level 2)
2025-08-19 19:26:42,302 - INFO - Processed: podunk (Level 2)
2025-08-19 19:26:44,881 - INFO - Processed: commercial (Level 4)
2025-08-19 19:26:47,283 - INFO - Processed: echelon (Level 2)
2025-08-19 19:26:49,876 - INFO - Processed: psychoanalysis (Level 5)
2025-08-19 19:26:51,232 - WARNING - No definition found for 'koh', adding to review list
2025-08-19 19:26:53,804 - INFO - Processed: koh (Level 1)
2025-08-19 19:26:56,803 - INFO - Processed: spell (Level 1)
2025-08-19 19:26:59,227 - INFO - Processed: precursor (Level 3)
2025-08-19 19:27:01,956 - INFO - Processed: aye (Level 1)
2025-08-19 19:27:04,392 - INFO - Processed: criteria (Level 4)
2025-08-19 19:27:05,715 - WARNING - No definition found for 'aistopod', adding to review list
2025-08-19 19:27:07,483 - INFO - Processed: aistopod (Level 4)
2025-08-19 19:27:10,181 - INFO - Processed: guttural (Level 2)
2025-08-19 19:27:12,688 - INFO - Processed: whirlybird (Level 4)
2025-08-19 19:27:15,102 - INFO - Processed: tmesis (Level 2)
2025-08-19 19:27:17,585 - INFO - Processed: benighted (Level 3)
2025-08-19 19:27:20,733 - INFO - Processed: hundred (Level 2)
2025-08-19 19:27:22,910 - WARNING - No definition found for 'webster', adding to review list
2025-08-19 19:27:24,163 - INFO - Processed: webster (Level 2)
2025-08-19 19:27:26,672 - INFO - Processed: linguistic (Level 4)
2025-08-19 19:27:29,085 - INFO - Processed: serrated (Level 4)
2025-08-19 19:27:31,683 - INFO - Processed: cribo (Level 1)
2025-08-19 19:27:34,374 - INFO - Processed: chemotherapy (Level 4)
2025-08-19 19:27:37,054 - INFO - Processed: nest (Level 1)
2025-08-19 19:27:39,759 - INFO - Processed: diocese (Level 2)
2025-08-19 19:27:42,247 - INFO - Processed: convoy (Level 2)
2025-08-19 19:27:43,436 - WARNING - No definition found for 'aramaic', adding to review list
2025-08-19 19:27:44,669 - INFO - Processed: aramaic (Level 2)
2025-08-19 19:27:45,173 - INFO - Checkpoint saved: 9200 words
2025-08-19 19:27:45,173 - INFO - Checkpoint saved after batch 92
2025-08-19 19:27:45,173 - INFO - Processing batch 93 (9201-9300 of 10114)
2025-08-19 19:27:46,650 - WARNING - No definition found for 'trashbobbed', adding to review list
2025-08-19 19:27:48,384 - INFO - Processed: trashbobbed (Level 4)
2025-08-19 19:27:51,032 - INFO - Processed: thrift (Level 2)
2025-08-19 19:27:53,300 - WARNING - No definition found for 'egucigalpa', adding to review list
2025-08-19 19:27:54,515 - INFO - Processed: egucigalpa (Level 3)
2025-08-19 19:27:57,058 - INFO - Processed: capture (Level 2)
2025-08-19 19:27:59,482 - INFO - Processed: straw (Level 1)
2025-08-19 19:28:02,113 - INFO - Processed: derby (Level 1)
2025-08-19 19:28:05,036 - INFO - Processed: pro (Level 1)
2025-08-19 19:28:07,439 - INFO - Processed: eulogy (Level 2)
2025-08-19 19:28:09,029 - WARNING - No definition found for 'sirius', adding to review list
2025-08-19 19:28:10,256 - INFO - Processed: sirius (Level 2)
2025-08-19 19:28:12,813 - INFO - Processed: lawyer (Level 2)
2025-08-19 19:28:15,690 - INFO - Processed: aikido (Level 2)
2025-08-19 19:28:18,379 - INFO - Processed: pancetta (Level 4)
2025-08-19 19:28:20,856 - INFO - Processed: chemise (Level 2)
2025-08-19 19:28:23,358 - INFO - Processed: portmanteau (Level 4)
2025-08-19 19:28:25,928 - INFO - Processed: patio (Level 1)
2025-08-19 19:28:28,561 - INFO - Processed: minutia (Level 2)
2025-08-19 19:28:30,286 - WARNING - No definition found for 'mccoy', adding to review list
2025-08-19 19:28:31,512 - INFO - Processed: mccoy (Level 1)
2025-08-19 19:28:33,923 - INFO - Processed: surgeon (Level 2)
2025-08-19 19:28:36,370 - INFO - Processed: making (Level 2)
2025-08-19 19:28:38,850 - INFO - Processed: cogitation (Level 4)
2025-08-19 19:28:41,317 - INFO - Processed: archetype (Level 4)
2025-08-19 19:28:43,820 - INFO - Processed: silent (Level 2)
2025-08-19 19:28:46,329 - INFO - Processed: gamma (Level 1)
2025-08-19 19:28:48,743 - INFO - Processed: abashed (Level 2)
2025-08-19 19:28:51,195 - INFO - Processed: tongue (Level 2)
2025-08-19 19:28:54,110 - INFO - Processed: ravine (Level 1)
2025-08-19 19:28:56,544 - INFO - Processed: rondeau (Level 2)
2025-08-19 19:28:57,857 - WARNING - No definition found for 'searchpuzzles', adding to review list
2025-08-19 19:28:59,055 - INFO - Processed: searchpuzzles (Level 4)
2025-08-19 19:29:00,321 - WARNING - No definition found for 'effortlesseighth', adding to review list
2025-08-19 19:29:01,552 - INFO - Processed: effortlesseighth (Level 5)
2025-08-19 19:29:04,406 - INFO - Processed: annotate (Level 4)
2025-08-19 19:29:07,200 - INFO - Processed: palatial (Level 3)
2025-08-19 19:29:09,836 - INFO - Processed: arctic (Level 2)
2025-08-19 19:29:12,318 - INFO - Processed: pierrot (Level 2)
2025-08-19 19:29:14,727 - INFO - Processed: bold (Level 1)
2025-08-19 19:29:17,530 - INFO - Processed: police (Level 1)
2025-08-19 19:29:20,443 - INFO - Processed: havoc (Level 1)
2025-08-19 19:29:23,360 - INFO - Processed: tragedian (Level 3)
2025-08-19 19:29:24,621 - WARNING - No definition found for 'brimless', adding to review list
2025-08-19 19:29:25,854 - INFO - Processed: brimless (Level 4)
2025-08-19 19:29:28,425 - INFO - Processed: prosody (Level 2)
2025-08-19 19:29:30,931 - INFO - Processed: pelf (Level 1)
2025-08-19 19:29:33,935 - INFO - Processed: billy (Level 1)
2025-08-19 19:29:35,295 - WARNING - No definition found for 'unakite', adding to review list
2025-08-19 19:29:36,543 - INFO - Processed: unakite (Level 2)
2025-08-19 19:29:39,079 - INFO - Processed: porch (Level 1)
2025-08-19 19:29:40,349 - WARNING - No definition found for 'latencyepitaphs', adding to review list
2025-08-19 19:29:41,586 - INFO - Processed: latencyepitaphs (Level 5)
2025-08-19 19:29:44,032 - INFO - Processed: those (Level 1)
2025-08-19 19:29:46,941 - INFO - Processed: reliable (Level 1)
2025-08-19 19:29:50,036 - INFO - Processed: glint (Level 1)
2025-08-19 19:29:52,481 - INFO - Processed: airing (Level 2)
2025-08-19 19:29:53,748 - WARNING - No definition found for 'shiba', adding to review list
2025-08-19 19:29:55,881 - INFO - Processed: shiba (Level 1)
2025-08-19 19:29:58,374 - INFO - Processed: sketch (Level 2)
2025-08-19 19:30:01,282 - INFO - Processed: square (Level 2)
2025-08-19 19:30:02,801 - WARNING - No definition found for 'whetnoun', adding to review list
2025-08-19 19:30:03,997 - INFO - Processed: whetnoun (Level 3)
2025-08-19 19:30:06,446 - INFO - Processed: weird (Level 1)
2025-08-19 19:30:08,895 - INFO - Processed: aporia (Level 2)
2025-08-19 19:30:11,595 - INFO - Processed: pivot (Level 1)
2025-08-19 19:30:13,837 - WARNING - No definition found for 'tetrachoric', adding to review list
2025-08-19 19:30:15,608 - INFO - Processed: tetrachoric (Level 4)
2025-08-19 19:30:18,277 - INFO - Processed: sanctimonious (Level 2)
2025-08-19 19:30:21,534 - INFO - Processed: inquietude (Level 2)
2025-08-19 19:30:22,757 - WARNING - No definition found for 'himalayan', adding to review list
2025-08-19 19:30:23,959 - INFO - Processed: himalayan (Level 1)
2025-08-19 19:30:26,529 - INFO - Processed: peevish (Level 2)
2025-08-19 19:30:29,620 - INFO - Processed: herculean (Level 2)
2025-08-19 19:30:32,738 - WARNING - No definition found for 'mamushi', adding to review list
2025-08-19 19:30:33,968 - INFO - Processed: mamushi (Level 2)
2025-08-19 19:30:35,152 - WARNING - No definition found for 'gruelgroom', adding to review list
2025-08-19 19:30:36,430 - INFO - Processed: gruelgroom (Level 2)
2025-08-19 19:30:39,163 - INFO - Processed: caverns (Level 2)
2025-08-19 19:30:42,168 - INFO - Processed: loyal (Level 1)
2025-08-19 19:30:43,728 - WARNING - No definition found for 'rambunctiousnoun', adding to review list
2025-08-19 19:30:45,004 - INFO - Processed: rambunctiousnoun (Level 5)
2025-08-19 19:30:47,738 - INFO - Processed: evolves (Level 2)
2025-08-19 19:30:50,170 - INFO - Processed: bones (Level 1)
2025-08-19 19:30:51,434 - WARNING - No definition found for 'contusionconundrum', adding to review list
2025-08-19 19:30:52,753 - INFO - Processed: contusionconundrum (Level 5)
2025-08-19 19:30:55,950 - INFO - Processed: cushion (Level 2)
2025-08-19 19:30:58,519 - INFO - Processed: crustaceans (Level 4)
2025-08-19 19:31:01,280 - INFO - Processed: ammunition (Level 4)
2025-08-19 19:31:04,046 - INFO - Processed: talent (Level 2)
2025-08-19 19:31:06,575 - INFO - Processed: owners (Level 1)
2025-08-19 19:31:09,179 - INFO - Processed: cambric (Level 2)
2025-08-19 19:31:11,711 - INFO - Processed: trey (Level 1)
2025-08-19 19:31:14,658 - INFO - Processed: furrow (Level 1)
2025-08-19 19:31:18,746 - INFO - Processed: glimmer (Level 2)
2025-08-19 19:31:21,141 - INFO - Processed: diminished (Level 1)
2025-08-19 19:31:22,383 - WARNING - No definition found for 'saponaceouscyrillic', adding to review list
2025-08-19 19:31:23,618 - INFO - Processed: saponaceouscyrillic (Level 5)
2025-08-19 19:31:26,094 - INFO - Processed: tune (Level 1)
2025-08-19 19:31:27,417 - WARNING - No definition found for 'commorients', adding to review list
2025-08-19 19:31:30,858 - INFO - Processed: commorients (Level 3)
2025-08-19 19:31:33,785 - INFO - Processed: abrogate (Level 4)
2025-08-19 19:31:36,710 - INFO - Processed: cluttered (Level 3)
2025-08-19 19:31:39,295 - INFO - Processed: caffeine (Level 3)
2025-08-19 19:31:41,720 - INFO - Processed: scumble (Level 2)
2025-08-19 19:31:43,046 - WARNING - No definition found for 'aristoi', adding to review list
2025-08-19 19:31:44,284 - INFO - Processed: aristoi (Level 2)
2025-08-19 19:31:46,798 - INFO - Processed: mollusk (Level 2)
2025-08-19 19:31:49,433 - INFO - Processed: verdure (Level 2)
2025-08-19 19:31:51,804 - INFO - Processed: hostile (Level 2)
2025-08-19 19:31:54,373 - INFO - Processed: hocus (Level 1)
2025-08-19 19:31:56,750 - INFO - Processed: exactly (Level 2)
2025-08-19 19:31:59,184 - INFO - Processed: berserk (Level 2)
2025-08-19 19:32:01,628 - INFO - Processed: ebb (Level 1)
2025-08-19 19:32:04,036 - INFO - Processed: cotta (Level 1)
2025-08-19 19:32:06,478 - INFO - Processed: stinky (Level 2)
2025-08-19 19:32:09,538 - INFO - Processed: maxillae (Level 1)
2025-08-19 19:32:12,102 - INFO - Processed: noggin (Level 2)
2025-08-19 19:32:14,621 - INFO - Processed: ramifications (Level 4)
2025-08-19 19:32:17,183 - INFO - Processed: charismatic (Level 4)
2025-08-19 19:32:17,723 - INFO - Checkpoint saved: 9300 words
2025-08-19 19:32:17,726 - INFO - Checkpoint saved after batch 93
2025-08-19 19:32:17,727 - INFO - Processing batch 94 (9301-9400 of 10114)
2025-08-19 19:32:20,848 - INFO - Processed: delectable (Level 4)
2025-08-19 19:32:22,133 - WARNING - No definition found for 'climateyankee', adding to review list
2025-08-19 19:32:23,368 - INFO - Processed: climateyankee (Level 3)
2025-08-19 19:32:25,847 - INFO - Processed: school (Level 2)
2025-08-19 19:32:28,393 - INFO - Processed: seminary (Level 3)
2025-08-19 19:32:29,681 - WARNING - No definition found for 'repoussage', adding to review list
2025-08-19 19:32:30,892 - INFO - Processed: repoussage (Level 2)
2025-08-19 19:32:33,423 - INFO - Processed: pace (Level 1)
2025-08-19 19:32:35,920 - INFO - Processed: relegated (Level 4)
2025-08-19 19:32:37,781 - WARNING - No definition found for 'hangul', adding to review list
2025-08-19 19:32:41,321 - INFO - Processed: hangul (Level 2)
2025-08-19 19:32:43,767 - INFO - Processed: bakery (Level 2)
2025-08-19 19:32:46,407 - INFO - Processed: hopscotch (Level 4)
2025-08-19 19:32:48,941 - INFO - Processed: tends (Level 1)
2025-08-19 19:32:51,420 - INFO - Processed: corrosive (Level 4)
2025-08-19 19:32:53,977 - INFO - Processed: tarantula (Level 3)
2025-08-19 19:32:56,324 - INFO - Processed: fillings (Level 4)
2025-08-19 19:32:58,813 - INFO - Processed: greedy (Level 1)
2025-08-19 19:33:01,292 - INFO - Processed: embroidery (Level 2)
2025-08-19 19:33:03,859 - INFO - Processed: spreading (Level 4)
2025-08-19 19:33:06,435 - INFO - Processed: frank (Level 1)
2025-08-19 19:33:08,821 - INFO - Processed: biting (Level 2)
2025-08-19 19:33:11,307 - INFO - Processed: hike (Level 1)
2025-08-19 19:33:13,778 - INFO - Processed: sacred (Level 2)
2025-08-19 19:33:16,256 - INFO - Processed: vermin (Level 2)
2025-08-19 19:33:17,449 - WARNING - No definition found for 'saturday', adding to review list
2025-08-19 19:33:18,668 - INFO - Processed: saturday (Level 4)
2025-08-19 19:33:21,664 - INFO - Processed: drizzle (Level 2)
2025-08-19 19:33:24,360 - INFO - Processed: reflexology (Level 3)
2025-08-19 19:33:26,867 - INFO - Processed: quid (Level 1)
2025-08-19 19:33:29,310 - INFO - Processed: marry (Level 1)
2025-08-19 19:33:31,898 - INFO - Processed: patrician (Level 3)
2025-08-19 19:33:34,813 - INFO - Processed: venial (Level 2)
2025-08-19 19:33:37,754 - INFO - Processed: diptych (Level 2)
2025-08-19 19:33:40,492 - INFO - Processed: wretched (Level 2)
2025-08-19 19:33:43,622 - INFO - Processed: palette (Level 2)
2025-08-19 19:33:45,061 - WARNING - No definition found for 'featherbrained', adding to review list
2025-08-19 19:33:46,314 - INFO - Processed: featherbrained (Level 5)
2025-08-19 19:33:48,742 - INFO - Processed: spark (Level 1)
2025-08-19 19:33:51,221 - INFO - Processed: depths (Level 2)
2025-08-19 19:33:53,636 - INFO - Processed: cycle (Level 1)
2025-08-19 19:33:54,976 - WARNING - No definition found for 'aitutakian', adding to review list
2025-08-19 19:33:56,194 - INFO - Processed: aitutakian (Level 4)
2025-08-19 19:33:58,637 - INFO - Processed: meat (Level 1)
2025-08-19 19:34:01,239 - INFO - Processed: chart (Level 1)
2025-08-19 19:34:04,193 - INFO - Processed: spinal (Level 2)
2025-08-19 19:34:06,580 - WARNING - No definition found for 'hathor', adding to review list
2025-08-19 19:34:07,834 - INFO - Processed: hathor (Level 2)
2025-08-19 19:34:10,348 - INFO - Processed: stratification (Level 5)
2025-08-19 19:34:12,849 - INFO - Processed: racketeer (Level 1)
2025-08-19 19:34:15,384 - INFO - Processed: yuzu (Level 1)
2025-08-19 19:34:17,910 - INFO - Processed: vouch (Level 1)
2025-08-19 19:34:20,405 - INFO - Processed: gather (Level 2)
2025-08-19 19:34:21,800 - WARNING - No definition found for 'kodakdifficulty', adding to review list
2025-08-19 19:34:23,087 - INFO - Processed: kodakdifficulty (Level 5)
2025-08-19 19:34:24,326 - WARNING - No definition found for 'mortadellamotherumbung', adding to review list
2025-08-19 19:34:25,554 - INFO - Processed: mortadellamotherumbung (Level 5)
2025-08-19 19:34:26,899 - WARNING - No definition found for 'toorie', adding to review list
2025-08-19 19:34:28,120 - INFO - Processed: toorie (Level 2)
2025-08-19 19:34:29,330 - WARNING - No definition found for 'bahamas', adding to review list
2025-08-19 19:34:30,549 - INFO - Processed: bahamas (Level 2)
2025-08-19 19:34:33,706 - INFO - Processed: onerous (Level 2)
2025-08-19 19:34:36,139 - INFO - Processed: caustic (Level 2)
2025-08-19 19:34:38,581 - INFO - Processed: wentletrap (Level 4)
2025-08-19 19:34:41,135 - INFO - Processed: wickiup (Level 2)
2025-08-19 19:34:43,759 - INFO - Processed: swoop (Level 1)
2025-08-19 19:34:45,383 - WARNING - No definition found for 'perdue', adding to review list
2025-08-19 19:34:46,611 - INFO - Processed: perdue (Level 2)
2025-08-19 19:34:49,044 - INFO - Processed: wizened (Level 2)
2025-08-19 19:34:51,573 - INFO - Processed: salivate (Level 4)
2025-08-19 19:34:53,988 - INFO - Processed: accordance (Level 1)
2025-08-19 19:34:55,721 - WARNING - No definition found for 'volery', adding to review list
2025-08-19 19:34:56,955 - INFO - Processed: volery (Level 2)
2025-08-19 19:34:58,253 - WARNING - No definition found for 'jacques', adding to review list
2025-08-19 19:34:59,450 - INFO - Processed: jacques (Level 2)
2025-08-19 19:35:01,982 - INFO - Processed: vainglorious (Level 4)
2025-08-19 19:35:04,378 - INFO - Processed: prepare (Level 2)
2025-08-19 19:35:06,862 - INFO - Processed: votive (Level 2)
2025-08-19 19:35:08,254 - WARNING - No definition found for 'france', adding to review list
2025-08-19 19:35:10,032 - INFO - Processed: france (Level 2)
2025-08-19 19:35:12,508 - INFO - Processed: camcorder (Level 4)
2025-08-19 19:35:14,958 - INFO - Processed: whipped (Level 2)
2025-08-19 19:35:17,337 - INFO - Processed: vincible (Level 4)
2025-08-19 19:35:19,824 - INFO - Processed: vase (Level 1)
2025-08-19 19:35:22,479 - INFO - Processed: dreadlocks (Level 4)
2025-08-19 19:35:25,187 - INFO - Processed: penitentiary (Level 4)
2025-08-19 19:35:27,618 - INFO - Processed: waist (Level 1)
2025-08-19 19:35:28,972 - WARNING - No definition found for 'esclandre', adding to review list
2025-08-19 19:35:30,967 - INFO - Processed: esclandre (Level 4)
2025-08-19 19:35:33,381 - INFO - Processed: specifically (Level 4)
2025-08-19 19:35:35,869 - INFO - Processed: tenets (Level 2)
2025-08-19 19:35:38,292 - INFO - Processed: formica (Level 2)
2025-08-19 19:35:40,891 - INFO - Processed: acrostic (Level 4)
2025-08-19 19:35:42,174 - WARNING - No definition found for 'tusche', adding to review list
2025-08-19 19:35:43,619 - INFO - Processed: tusche (Level 2)
2025-08-19 19:35:46,247 - INFO - Processed: rounded (Level 2)
2025-08-19 19:35:48,884 - INFO - Processed: cutis (Level 1)
2025-08-19 19:35:50,153 - WARNING - No definition found for 'deltoidal', adding to review list
2025-08-19 19:35:51,856 - INFO - Processed: deltoidal (Level 4)
2025-08-19 19:35:58,168 - INFO - Processed: brain (Level 1)
2025-08-19 19:36:01,278 - INFO - Processed: farmyard (Level 4)
2025-08-19 19:36:03,779 - INFO - Processed: glacis (Level 2)
2025-08-19 19:36:06,200 - INFO - Processed: cone (Level 1)
2025-08-19 19:36:08,665 - INFO - Processed: hoax (Level 1)
2025-08-19 19:36:11,223 - INFO - Processed: keep (Level 1)
2025-08-19 19:36:14,504 - INFO - Processed: supervises (Level 3)
2025-08-19 19:36:17,021 - INFO - Processed: gnome (Level 1)
2025-08-19 19:36:19,505 - INFO - Processed: create (Level 2)
2025-08-19 19:36:21,934 - INFO - Processed: fruit (Level 1)
2025-08-19 19:36:24,482 - INFO - Processed: rotary (Level 2)
2025-08-19 19:36:27,030 - INFO - Processed: blouse (Level 1)
2025-08-19 19:36:29,551 - INFO - Processed: thylacine (Level 2)
2025-08-19 19:36:32,544 - INFO - Processed: frock (Level 1)
2025-08-19 19:36:34,370 - WARNING - No definition found for 'fellaheen', adding to review list
2025-08-19 19:36:35,635 - INFO - Processed: fellaheen (Level 4)
2025-08-19 19:36:38,061 - INFO - Processed: monster (Level 2)
2025-08-19 19:36:39,367 - WARNING - No definition found for 'cinerariumpolemic', adding to review list
2025-08-19 19:36:40,613 - INFO - Processed: cinerariumpolemic (Level 5)
2025-08-19 19:36:43,705 - INFO - Processed: aromatherapy (Level 2)
2025-08-19 19:36:46,319 - INFO - Processed: naughty (Level 2)
2025-08-19 19:36:46,891 - INFO - Checkpoint saved: 9400 words
2025-08-19 19:36:46,896 - INFO - Checkpoint saved after batch 94
2025-08-19 19:36:46,896 - INFO - Processing batch 95 (9401-9500 of 10114)
2025-08-19 19:36:49,719 - INFO - Processed: stampede (Level 4)
2025-08-19 19:36:52,164 - INFO - Processed: burner (Level 2)
2025-08-19 19:36:54,636 - INFO - Processed: dog (Level 1)
2025-08-19 19:36:58,297 - INFO - Processed: sonar (Level 1)
2025-08-19 19:37:01,026 - INFO - Processed: editorial (Level 4)
2025-08-19 19:37:03,514 - INFO - Processed: peat (Level 1)
2025-08-19 19:37:05,919 - INFO - Processed: refrain (Level 1)
2025-08-19 19:37:08,417 - INFO - Processed: polo (Level 1)
2025-08-19 19:37:09,935 - WARNING - No definition found for 'physicalpunily', adding to review list
2025-08-19 19:37:11,329 - INFO - Processed: physicalpunily (Level 5)
2025-08-19 19:37:15,076 - INFO - Processed: unilaterally (Level 4)
2025-08-19 19:37:17,676 - INFO - Processed: playlist (Level 2)
2025-08-19 19:37:19,002 - WARNING - No definition found for 'trovato', adding to review list
2025-08-19 19:37:20,264 - INFO - Processed: trovato (Level 2)
2025-08-19 19:37:22,879 - INFO - Processed: freudian (Level 4)
2025-08-19 19:37:25,937 - INFO - Processed: burgee (Level 2)
2025-08-19 19:37:28,994 - INFO - Processed: sashay (Level 2)
2025-08-19 19:37:31,376 - INFO - Processed: afraid (Level 2)
2025-08-19 19:37:33,803 - INFO - Processed: deny (Level 1)
2025-08-19 19:37:36,443 - INFO - Processed: profiterole (Level 4)
2025-08-19 19:37:40,283 - INFO - Processed: names (Level 1)
2025-08-19 19:37:43,875 - INFO - Processed: hydroponic (Level 3)
2025-08-19 19:37:46,421 - INFO - Processed: speckled (Level 4)
2025-08-19 19:37:47,692 - WARNING - No definition found for 'andalusian', adding to review list
2025-08-19 19:37:48,988 - INFO - Processed: andalusian (Level 3)
2025-08-19 19:37:51,607 - INFO - Processed: anent (Level 1)
2025-08-19 19:37:54,260 - INFO - Processed: tourists (Level 2)
2025-08-19 19:37:57,030 - INFO - Processed: lighting (Level 3)
2025-08-19 19:37:59,865 - INFO - Processed: pavement (Level 1)
2025-08-19 19:38:01,137 - WARNING - No definition found for 'grandeurottoman', adding to review list
2025-08-19 19:38:02,348 - INFO - Processed: grandeurottoman (Level 5)
2025-08-19 19:38:05,508 - INFO - Processed: drool (Level 1)
2025-08-19 19:38:08,454 - INFO - Processed: added (Level 1)
2025-08-19 19:38:11,167 - INFO - Processed: plethora (Level 2)
2025-08-19 19:38:13,940 - INFO - Processed: nosh (Level 1)
2025-08-19 19:38:16,378 - INFO - Processed: annihilate (Level 3)
2025-08-19 19:38:17,614 - WARNING - No definition found for 'oaxaca', adding to review list
2025-08-19 19:38:19,055 - INFO - Processed: oaxaca (Level 2)
2025-08-19 19:38:22,125 - INFO - Processed: whales (Level 2)
2025-08-19 19:38:23,457 - WARNING - No definition found for 'carlisle', adding to review list
2025-08-19 19:38:24,706 - INFO - Processed: carlisle (Level 2)
2025-08-19 19:38:27,229 - INFO - Processed: abomasum (Level 4)
2025-08-19 19:38:28,582 - WARNING - No definition found for 'kung', adding to review list
2025-08-19 19:38:31,138 - INFO - Processed: kung (Level 1)
2025-08-19 19:38:34,065 - INFO - Processed: spiritual (Level 4)
2025-08-19 19:38:36,516 - INFO - Processed: rejuvenate (Level 4)
2025-08-19 19:38:38,023 - WARNING - No definition found for 'allergenic', adding to review list
2025-08-19 19:38:39,784 - INFO - Processed: allergenic (Level 4)
2025-08-19 19:38:41,116 - WARNING - No definition found for 'universalv', adding to review list
2025-08-19 19:38:42,335 - INFO - Processed: universalv (Level 4)
2025-08-19 19:38:44,959 - INFO - Processed: equal (Level 1)
2025-08-19 19:38:47,813 - INFO - Processed: aboriginal (Level 4)
2025-08-19 19:38:50,644 - INFO - Processed: alluvial (Level 3)
2025-08-19 19:38:53,100 - INFO - Processed: quality (Level 2)
2025-08-19 19:38:55,766 - INFO - Processed: ground (Level 2)
2025-08-19 19:38:58,353 - INFO - Processed: cronies (Level 2)
2025-08-19 19:39:03,243 - INFO - Processed: diode (Level 1)
2025-08-19 19:39:05,697 - INFO - Processed: seer (Level 1)
2025-08-19 19:39:06,916 - WARNING - No definition found for 'iran', adding to review list
2025-08-19 19:39:08,115 - INFO - Processed: iran (Level 1)
2025-08-19 19:39:10,645 - INFO - Processed: stupa (Level 1)
2025-08-19 19:39:14,124 - INFO - Processed: prosecutor (Level 4)
2025-08-19 19:39:17,067 - INFO - Processed: remnants (Level 4)
2025-08-19 19:39:18,363 - WARNING - No definition found for 'effluxfrugivore', adding to review list
2025-08-19 19:39:19,633 - INFO - Processed: effluxfrugivore (Level 5)
2025-08-19 19:39:22,168 - INFO - Processed: edification (Level 4)
2025-08-19 19:39:23,492 - WARNING - No definition found for 'episodeconfection', adding to review list
2025-08-19 19:39:24,966 - INFO - Processed: episodeconfection (Level 5)
2025-08-19 19:39:29,241 - INFO - Processed: seafood (Level 2)
2025-08-19 19:39:31,720 - INFO - Processed: horizon (Level 2)
2025-08-19 19:39:32,983 - WARNING - No definition found for 'feldenkraisbailiwick', adding to review list
2025-08-19 19:39:34,192 - INFO - Processed: feldenkraisbailiwick (Level 5)
2025-08-19 19:39:36,670 - INFO - Processed: tripe (Level 1)
2025-08-19 19:39:38,000 - WARNING - No definition found for 'euripus', adding to review list
2025-08-19 19:39:39,293 - INFO - Processed: euripus (Level 2)
2025-08-19 19:39:42,342 - INFO - Processed: monochrome (Level 4)
2025-08-19 19:39:43,679 - WARNING - No definition found for 'crescive', adding to review list
2025-08-19 19:39:45,370 - INFO - Processed: crescive (Level 4)
2025-08-19 19:39:47,973 - INFO - Processed: grandeur (Level 4)
2025-08-19 19:39:49,235 - WARNING - No definition found for 'runcible', adding to review list
2025-08-19 19:39:50,488 - INFO - Processed: runcible (Level 4)
2025-08-19 19:39:51,997 - WARNING - No definition found for 'aeterno', adding to review list
2025-08-19 19:39:53,258 - INFO - Processed: aeterno (Level 2)
2025-08-19 19:39:55,936 - INFO - Processed: lysozyme (Level 2)
2025-08-19 19:39:58,336 - INFO - Processed: much (Level 1)
2025-08-19 19:39:59,712 - WARNING - No definition found for 'vendage', adding to review list
2025-08-19 19:40:00,945 - INFO - Processed: vendage (Level 2)
2025-08-19 19:40:03,401 - INFO - Processed: waiter (Level 2)
2025-08-19 19:40:06,014 - INFO - Processed: here (Level 1)
2025-08-19 19:40:08,551 - INFO - Processed: secession (Level 4)
2025-08-19 19:40:11,029 - INFO - Processed: microfiche (Level 4)
2025-08-19 19:40:13,401 - INFO - Processed: sceptical (Level 4)
2025-08-19 19:40:17,136 - INFO - Processed: oblige (Level 2)
2025-08-19 19:40:19,596 - INFO - Processed: guan (Level 1)
2025-08-19 19:40:20,898 - WARNING - No definition found for 'italy', adding to review list
2025-08-19 19:40:22,122 - INFO - Processed: italy (Level 1)
2025-08-19 19:40:23,498 - WARNING - No definition found for 'breadmaking', adding to review list
2025-08-19 19:40:24,744 - INFO - Processed: breadmaking (Level 4)
2025-08-19 19:40:26,020 - WARNING - No definition found for 'aerophilatelic', adding to review list
2025-08-19 19:40:27,213 - INFO - Processed: aerophilatelic (Level 5)
2025-08-19 19:40:29,699 - INFO - Processed: conjure (Level 2)
2025-08-19 19:40:32,683 - INFO - Processed: settle (Level 1)
2025-08-19 19:40:35,698 - INFO - Processed: growing (Level 2)
2025-08-19 19:40:38,182 - INFO - Processed: petal (Level 1)
2025-08-19 19:40:40,610 - INFO - Processed: agrarian (Level 2)
2025-08-19 19:40:43,179 - INFO - Processed: shrine (Level 2)
2025-08-19 19:40:45,826 - INFO - Processed: developed (Level 4)
2025-08-19 19:40:47,634 - WARNING - No definition found for 'jurassic', adding to review list
2025-08-19 19:40:48,984 - INFO - Processed: jurassic (Level 4)
2025-08-19 19:40:51,538 - INFO - Processed: cabin (Level 1)
2025-08-19 19:40:53,989 - INFO - Processed: laconic (Level 2)
2025-08-19 19:40:56,389 - INFO - Processed: respect (Level 2)
2025-08-19 19:40:59,013 - INFO - Processed: altazimuth (Level 4)
2025-08-19 19:41:02,056 - INFO - Processed: gravimetry (Level 4)
2025-08-19 19:41:04,632 - INFO - Processed: maverick (Level 3)
2025-08-19 19:41:07,231 - INFO - Processed: golem (Level 1)
2025-08-19 19:41:09,720 - INFO - Processed: discussion (Level 1)
2025-08-19 19:41:12,228 - INFO - Processed: trespass (Level 4)
2025-08-19 19:41:14,821 - INFO - Processed: bolognese (Level 4)
2025-08-19 19:41:16,244 - WARNING - No definition found for 'epixylous', adding to review list
2025-08-19 19:41:17,497 - INFO - Processed: epixylous (Level 4)
2025-08-19 19:41:20,242 - INFO - Processed: reparations (Level 4)
2025-08-19 19:41:22,859 - INFO - Processed: ingot (Level 1)
2025-08-19 19:41:23,346 - INFO - Checkpoint saved: 9500 words
2025-08-19 19:41:23,361 - INFO - Checkpoint saved after batch 95
2025-08-19 19:41:23,361 - INFO - Processing batch 96 (9501-9600 of 10114)
2025-08-19 19:41:25,881 - INFO - Processed: dazzle (Level 2)
2025-08-19 19:41:28,343 - INFO - Processed: next (Level 1)
2025-08-19 19:41:30,931 - INFO - Processed: eruption (Level 4)
2025-08-19 19:41:33,513 - INFO - Processed: cabbage (Level 2)
2025-08-19 19:41:36,102 - INFO - Processed: workhorse (Level 1)
2025-08-19 19:41:37,325 - WARNING - No definition found for 'elderlyamigo', adding to review list
2025-08-19 19:41:38,564 - INFO - Processed: elderlyamigo (Level 2)
2025-08-19 19:41:41,605 - INFO - Processed: jingoism (Level 3)
2025-08-19 19:41:44,760 - INFO - Processed: burgundy (Level 2)
2025-08-19 19:41:46,022 - WARNING - No definition found for 'consecrateadjective', adding to review list
2025-08-19 19:41:47,232 - INFO - Processed: consecrateadjective (Level 5)
2025-08-19 19:41:48,499 - WARNING - No definition found for 'succade', adding to review list
2025-08-19 19:41:49,823 - INFO - Processed: succade (Level 2)
2025-08-19 19:41:52,325 - INFO - Processed: permission (Level 3)
2025-08-19 19:41:55,207 - INFO - Processed: paddles (Level 2)
2025-08-19 19:41:56,420 - WARNING - No definition found for 'gaul', adding to review list
2025-08-19 19:41:57,740 - INFO - Processed: gaul (Level 1)
2025-08-19 19:41:59,143 - WARNING - No definition found for 'denouncement', adding to review list
2025-08-19 19:42:00,677 - INFO - Processed: denouncement (Level 2)
2025-08-19 19:42:03,296 - INFO - Processed: minacious (Level 4)
2025-08-19 19:42:05,741 - INFO - Processed: empennage (Level 2)
2025-08-19 19:42:08,199 - INFO - Processed: museum (Level 1)
2025-08-19 19:42:10,793 - INFO - Processed: expatiate (Level 4)
2025-08-19 19:42:13,200 - INFO - Processed: puppets (Level 1)
2025-08-19 19:42:15,684 - INFO - Processed: serves (Level 2)
2025-08-19 19:42:18,103 - INFO - Processed: exude (Level 1)
2025-08-19 19:42:19,368 - WARNING - No definition found for 'macropterous', adding to review list
2025-08-19 19:42:21,123 - INFO - Processed: macropterous (Level 4)
2025-08-19 19:42:22,458 - WARNING - No definition found for 'exaugural', adding to review list
2025-08-19 19:42:23,729 - INFO - Processed: exaugural (Level 4)
2025-08-19 19:42:25,064 - WARNING - No definition found for 'risposta', adding to review list
2025-08-19 19:42:26,296 - INFO - Processed: risposta (Level 4)
2025-08-19 19:42:28,781 - INFO - Processed: crystals (Level 3)
2025-08-19 19:42:31,411 - INFO - Processed: vigil (Level 1)
2025-08-19 19:42:32,745 - WARNING - No definition found for 'matterhorn', adding to review list
2025-08-19 19:42:33,977 - INFO - Processed: matterhorn (Level 3)
2025-08-19 19:42:36,894 - INFO - Processed: lettuce (Level 2)
2025-08-19 19:42:39,454 - INFO - Processed: villainous (Level 4)
2025-08-19 19:42:41,069 - WARNING - No definition found for 'arachnophagous', adding to review list
2025-08-19 19:42:42,308 - INFO - Processed: arachnophagous (Level 5)
2025-08-19 19:42:44,822 - INFO - Processed: dark (Level 1)
2025-08-19 19:42:47,395 - INFO - Processed: tyrannical (Level 2)
2025-08-19 19:42:51,063 - INFO - Processed: olympiad (Level 4)
2025-08-19 19:42:52,580 - WARNING - No definition found for 'homesteader', adding to review list
2025-08-19 19:42:53,821 - INFO - Processed: homesteader (Level 4)
2025-08-19 19:42:55,076 - WARNING - No definition found for 'trotteur', adding to review list
2025-08-19 19:42:56,909 - INFO - Processed: trotteur (Level 4)
2025-08-19 19:42:59,352 - INFO - Processed: pardon (Level 1)
2025-08-19 19:43:02,049 - INFO - Processed: cousin (Level 2)
2025-08-19 19:43:04,964 - INFO - Processed: acclimate (Level 3)
2025-08-19 19:43:07,383 - INFO - Processed: provide (Level 2)
2025-08-19 19:43:09,901 - INFO - Processed: tasteless (Level 3)
2025-08-19 19:43:12,318 - INFO - Processed: grievance (Level 1)
2025-08-19 19:43:14,786 - INFO - Processed: plant (Level 1)
2025-08-19 19:43:17,337 - INFO - Processed: mortadella (Level 3)
2025-08-19 19:43:19,889 - INFO - Processed: bivouac (Level 2)
2025-08-19 19:43:21,189 - WARNING - No definition found for 'btw', adding to review list
2025-08-19 19:43:22,421 - INFO - Processed: btw (Level 1)
2025-08-19 19:43:24,790 - INFO - Processed: sting (Level 1)
2025-08-19 19:43:26,088 - WARNING - No definition found for 'owlishly', adding to review list
2025-08-19 19:43:27,779 - INFO - Processed: owlishly (Level 3)
2025-08-19 19:43:28,956 - WARNING - No definition found for 'zimocca', adding to review list
2025-08-19 19:43:30,615 - INFO - Processed: zimocca (Level 2)
2025-08-19 19:43:31,945 - WARNING - No definition found for 'oeil', adding to review list
2025-08-19 19:43:33,186 - INFO - Processed: oeil (Level 1)
2025-08-19 19:43:35,724 - INFO - Processed: icosahedron (Level 4)
2025-08-19 19:43:38,137 - INFO - Processed: fudge (Level 1)
2025-08-19 19:43:40,627 - INFO - Processed: recovery (Level 4)
2025-08-19 19:43:41,836 - WARNING - No definition found for 'subrident', adding to review list
2025-08-19 19:43:43,097 - INFO - Processed: subrident (Level 4)
2025-08-19 19:43:45,743 - INFO - Processed: splash (Level 2)
2025-08-19 19:43:48,634 - INFO - Processed: crew (Level 1)
2025-08-19 19:43:51,118 - INFO - Processed: misinterpret (Level 3)
2025-08-19 19:43:54,022 - INFO - Processed: baronetcy (Level 4)
2025-08-19 19:43:56,429 - INFO - Processed: gist (Level 1)
2025-08-19 19:43:57,747 - WARNING - No definition found for 'cochin', adding to review list
2025-08-19 19:43:58,995 - INFO - Processed: cochin (Level 2)
2025-08-19 19:44:01,941 - INFO - Processed: caftan (Level 2)
2025-08-19 19:44:04,399 - INFO - Processed: wherewithal (Level 3)
2025-08-19 19:44:06,857 - INFO - Processed: prana (Level 1)
2025-08-19 19:44:08,181 - WARNING - No definition found for 'jubilantdifficulty', adding to review list
2025-08-19 19:44:09,393 - INFO - Processed: jubilantdifficulty (Level 5)
2025-08-19 19:44:12,186 - INFO - Processed: lipophilic (Level 3)
2025-08-19 19:44:13,887 - WARNING - No definition found for 'lorikeetnoun', adding to review list
2025-08-19 19:44:15,069 - INFO - Processed: lorikeetnoun (Level 4)
2025-08-19 19:44:17,532 - INFO - Processed: frozen (Level 2)
2025-08-19 19:44:18,868 - WARNING - No definition found for 'apistogramma', adding to review list
2025-08-19 19:44:20,083 - INFO - Processed: apistogramma (Level 4)
2025-08-19 19:44:22,598 - INFO - Processed: tamarisk (Level 2)
2025-08-19 19:44:25,130 - INFO - Processed: hybrid (Level 2)
2025-08-19 19:44:27,698 - INFO - Processed: column (Level 2)
2025-08-19 19:44:29,013 - WARNING - No definition found for 'monochromefacade', adding to review list
2025-08-19 19:44:30,228 - INFO - Processed: monochromefacade (Level 5)
2025-08-19 19:44:32,709 - INFO - Processed: line (Level 1)
2025-08-19 19:44:35,242 - INFO - Processed: zoolatry (Level 4)
2025-08-19 19:44:38,036 - INFO - Processed: useful (Level 2)
2025-08-19 19:44:41,174 - INFO - Processed: trefoil (Level 2)
2025-08-19 19:44:43,717 - INFO - Processed: quatrefoil (Level 1)
2025-08-19 19:44:45,019 - WARNING - No definition found for 'zygotea', adding to review list
2025-08-19 19:44:46,200 - INFO - Processed: zygotea (Level 2)
2025-08-19 19:44:48,585 - INFO - Processed: pressed (Level 2)
2025-08-19 19:44:51,345 - INFO - Processed: white (Level 1)
2025-08-19 19:44:54,073 - INFO - Processed: matriculation (Level 4)
2025-08-19 19:44:56,580 - INFO - Processed: stance (Level 2)
2025-08-19 19:44:59,021 - INFO - Processed: sybaritic (Level 4)
2025-08-19 19:45:01,561 - INFO - Processed: moped (Level 1)
2025-08-19 19:45:02,854 - WARNING - No definition found for 'ubi', adding to review list
2025-08-19 19:45:04,353 - INFO - Processed: ubi (Level 1)
2025-08-19 19:45:05,626 - WARNING - No definition found for 'kites', adding to review list
2025-08-19 19:45:07,002 - INFO - Processed: kites (Level 1)
2025-08-19 19:45:09,629 - INFO - Processed: temblor (Level 2)
2025-08-19 19:45:12,752 - INFO - Processed: espousal (Level 4)
2025-08-19 19:45:16,221 - INFO - Processed: darts (Level 1)
2025-08-19 19:45:19,316 - INFO - Processed: detergent (Level 2)
2025-08-19 19:45:20,714 - WARNING - No definition found for 'spellingadage', adding to review list
2025-08-19 19:45:21,963 - INFO - Processed: spellingadage (Level 3)
2025-08-19 19:45:24,565 - INFO - Processed: potpourri (Level 4)
2025-08-19 19:45:27,104 - INFO - Processed: rich (Level 1)
2025-08-19 19:45:29,584 - INFO - Processed: rustle (Level 2)
2025-08-19 19:45:30,820 - WARNING - No definition found for 'toity', adding to review list
2025-08-19 19:45:32,039 - INFO - Processed: toity (Level 1)
2025-08-19 19:45:34,456 - INFO - Processed: coeval (Level 2)
2025-08-19 19:45:35,729 - WARNING - No definition found for 'keynesian', adding to review list
2025-08-19 19:45:36,998 - INFO - Processed: keynesian (Level 3)
2025-08-19 19:45:38,301 - WARNING - No definition found for 'systemt', adding to review list
2025-08-19 19:45:39,665 - INFO - Processed: systemt (Level 2)
2025-08-19 19:45:42,774 - INFO - Processed: placards (Level 4)
2025-08-19 19:45:44,062 - WARNING - No definition found for 'nocive', adding to review list
2025-08-19 19:45:45,254 - INFO - Processed: nocive (Level 2)
2025-08-19 19:45:47,674 - INFO - Processed: res (Level 1)
2025-08-19 19:45:48,232 - INFO - Checkpoint saved: 9600 words
2025-08-19 19:45:48,232 - INFO - Checkpoint saved after batch 96
2025-08-19 19:45:48,232 - INFO - Processing batch 97 (9601-9700 of 10114)
2025-08-19 19:45:50,713 - INFO - Processed: astigmatism (Level 4)
2025-08-19 19:45:53,314 - INFO - Processed: studio (Level 2)
2025-08-19 19:45:56,607 - INFO - Processed: plaudits (Level 4)
2025-08-19 19:45:59,230 - INFO - Processed: sulcus (Level 2)
2025-08-19 19:46:01,654 - INFO - Processed: solve (Level 1)
2025-08-19 19:46:02,938 - WARNING - No definition found for 'tokendifficulty', adding to review list
2025-08-19 19:46:04,163 - INFO - Processed: tokendifficulty (Level 5)
2025-08-19 19:46:05,534 - WARNING - No definition found for 'banh', adding to review list
2025-08-19 19:46:06,978 - INFO - Processed: banh (Level 1)
2025-08-19 19:46:08,591 - WARNING - No definition found for 'fleetness', adding to review list
2025-08-19 19:46:09,830 - INFO - Processed: fleetness (Level 4)
2025-08-19 19:46:11,128 - WARNING - No definition found for 'anoli', adding to review list
2025-08-19 19:46:12,393 - INFO - Processed: anoli (Level 1)
2025-08-19 19:46:14,879 - INFO - Processed: trousers (Level 4)
2025-08-19 19:46:16,265 - WARNING - No definition found for 'nostradame', adding to review list
2025-08-19 19:46:17,505 - INFO - Processed: nostradame (Level 4)
2025-08-19 19:46:20,467 - INFO - Processed: gannet (Level 1)
2025-08-19 19:46:23,523 - INFO - Processed: frisket (Level 2)
2025-08-19 19:46:26,062 - INFO - Processed: redemption (Level 4)
2025-08-19 19:46:29,068 - INFO - Processed: edenic (Level 2)
2025-08-19 19:46:31,662 - INFO - Processed: rodeo (Level 1)
2025-08-19 19:46:33,305 - WARNING - No definition found for 'nervily', adding to review list
2025-08-19 19:46:34,662 - INFO - Processed: nervily (Level 2)
2025-08-19 19:46:37,746 - INFO - Processed: ineluctable (Level 4)
2025-08-19 19:46:40,318 - INFO - Processed: vitriolic (Level 4)
2025-08-19 19:46:43,012 - INFO - Processed: respiratory (Level 4)
2025-08-19 19:46:46,154 - INFO - Processed: moxie (Level 1)
2025-08-19 19:46:49,307 - INFO - Processed: fusiform (Level 4)
2025-08-19 19:46:53,155 - INFO - Processed: bicameral (Level 4)
2025-08-19 19:46:54,490 - WARNING - No definition found for 'neuhauser', adding to review list
2025-08-19 19:46:55,745 - INFO - Processed: neuhauser (Level 4)
2025-08-19 19:46:57,063 - WARNING - No definition found for 'gyascutusgyokuro', adding to review list
2025-08-19 19:46:58,315 - INFO - Processed: gyascutusgyokuro (Level 5)
2025-08-19 19:47:01,305 - INFO - Processed: environs (Level 4)
2025-08-19 19:47:04,498 - INFO - Processed: cistern (Level 2)
2025-08-19 19:47:07,000 - INFO - Processed: flashback (Level 4)
2025-08-19 19:47:08,274 - WARNING - No definition found for 'moissanite', adding to review list
2025-08-19 19:47:09,469 - INFO - Processed: moissanite (Level 4)
2025-08-19 19:47:11,903 - INFO - Processed: substance (Level 4)
2025-08-19 19:47:13,182 - WARNING - No definition found for 'enoptromancy', adding to review list
2025-08-19 19:47:14,441 - INFO - Processed: enoptromancy (Level 4)
2025-08-19 19:47:17,198 - INFO - Processed: indefatigable (Level 4)
2025-08-19 19:47:18,486 - WARNING - No definition found for 'vizierialcrescive', adding to review list
2025-08-19 19:47:19,705 - INFO - Processed: vizierialcrescive (Level 5)
2025-08-19 19:47:20,970 - WARNING - No definition found for 'punctuationdifficulty', adding to review list
2025-08-19 19:47:22,191 - INFO - Processed: punctuationdifficulty (Level 5)
2025-08-19 19:47:24,769 - INFO - Processed: chia (Level 1)
2025-08-19 19:47:27,588 - INFO - Processed: fabric (Level 2)
2025-08-19 19:47:30,430 - INFO - Processed: loathe (Level 2)
2025-08-19 19:47:32,871 - INFO - Processed: sac (Level 1)
2025-08-19 19:47:35,284 - INFO - Processed: pastel (Level 2)
2025-08-19 19:47:37,917 - INFO - Processed: biomimicry (Level 4)
2025-08-19 19:47:39,169 - WARNING - No definition found for 'crokinole', adding to review list
2025-08-19 19:47:40,483 - INFO - Processed: crokinole (Level 4)
2025-08-19 19:47:44,259 - INFO - Processed: nails (Level 1)
2025-08-19 19:47:46,674 - INFO - Processed: projects (Level 3)
2025-08-19 19:47:49,054 - INFO - Processed: fructose (Level 3)
2025-08-19 19:47:50,389 - WARNING - No definition found for 'proselytiser', adding to review list
2025-08-19 19:47:51,957 - INFO - Processed: proselytiser (Level 4)
2025-08-19 19:47:54,595 - INFO - Processed: probation (Level 4)
2025-08-19 19:47:57,917 - INFO - Processed: famished (Level 1)
2025-08-19 19:48:01,372 - INFO - Processed: caisson (Level 2)
2025-08-19 19:48:03,780 - INFO - Processed: gymnastics (Level 4)
2025-08-19 19:48:06,165 - INFO - Processed: life (Level 1)
2025-08-19 19:48:12,459 - INFO - Processed: septennial (Level 4)
2025-08-19 19:48:13,769 - WARNING - No definition found for 'astaxanthin', adding to review list
2025-08-19 19:48:14,969 - INFO - Processed: astaxanthin (Level 4)
2025-08-19 19:48:17,863 - INFO - Processed: nucleated (Level 4)
2025-08-19 19:48:23,554 - INFO - Processed: forage (Level 2)
2025-08-19 19:48:26,276 - INFO - Processed: liaise (Level 2)
2025-08-19 19:48:28,742 - INFO - Processed: plan (Level 1)
2025-08-19 19:48:30,093 - WARNING - No definition found for 'thesmothete', adding to review list
2025-08-19 19:48:31,335 - INFO - Processed: thesmothete (Level 4)
2025-08-19 19:48:33,918 - INFO - Processed: hill (Level 1)
2025-08-19 19:48:35,328 - WARNING - No definition found for 'dubitante', adding to review list
2025-08-19 19:48:37,004 - INFO - Processed: dubitante (Level 2)
2025-08-19 19:48:39,538 - INFO - Processed: philharmonic (Level 2)
2025-08-19 19:48:40,884 - WARNING - No definition found for 'stanzaic', adding to review list
2025-08-19 19:48:42,454 - INFO - Processed: stanzaic (Level 2)
2025-08-19 19:48:45,102 - INFO - Processed: masks (Level 1)
2025-08-19 19:48:47,798 - INFO - Processed: bugle (Level 1)
2025-08-19 19:48:50,381 - INFO - Processed: clash (Level 1)
2025-08-19 19:48:52,894 - INFO - Processed: twee (Level 1)
2025-08-19 19:48:55,382 - INFO - Processed: put (Level 1)
2025-08-19 19:48:58,608 - INFO - Processed: speciation (Level 4)
2025-08-19 19:48:59,947 - WARNING - No definition found for 'martinoe', adding to review list
2025-08-19 19:49:01,265 - INFO - Processed: martinoe (Level 4)
2025-08-19 19:49:04,460 - INFO - Processed: gummy (Level 1)
2025-08-19 19:49:07,074 - INFO - Processed: anechoic (Level 2)
2025-08-19 19:49:09,581 - INFO - Processed: cumulus (Level 2)
2025-08-19 19:49:11,957 - INFO - Processed: tent (Level 1)
2025-08-19 19:49:13,195 - WARNING - No definition found for 'larnax', adding to review list
2025-08-19 19:49:14,429 - INFO - Processed: larnax (Level 2)
2025-08-19 19:49:17,725 - INFO - Processed: bureaucrats (Level 4)
2025-08-19 19:49:20,187 - INFO - Processed: innocent (Level 3)
2025-08-19 19:49:21,485 - WARNING - No definition found for 'pilferer', adding to review list
2025-08-19 19:49:22,749 - INFO - Processed: pilferer (Level 4)
2025-08-19 19:49:25,206 - INFO - Processed: venture (Level 2)
2025-08-19 19:49:28,075 - INFO - Processed: wildcat (Level 2)
2025-08-19 19:49:33,785 - INFO - Processed: distracted (Level 3)
2025-08-19 19:49:35,235 - WARNING - No definition found for 'thwartwise', adding to review list
2025-08-19 19:49:36,900 - INFO - Processed: thwartwise (Level 4)
2025-08-19 19:49:40,452 - INFO - Processed: gaur (Level 1)
2025-08-19 19:49:41,765 - WARNING - No definition found for 'gueule', adding to review list
2025-08-19 19:49:43,021 - INFO - Processed: gueule (Level 2)
2025-08-19 19:49:45,469 - INFO - Processed: ensconced (Level 4)
2025-08-19 19:49:47,865 - INFO - Processed: echinoderm (Level 4)
2025-08-19 19:49:49,230 - WARNING - No definition found for 'graphologist', adding to review list
2025-08-19 19:49:50,451 - INFO - Processed: graphologist (Level 4)
2025-08-19 19:49:52,934 - INFO - Processed: tulsi (Level 1)
2025-08-19 19:49:54,198 - WARNING - No definition found for 'hsaing', adding to review list
2025-08-19 19:49:55,432 - INFO - Processed: hsaing (Level 2)
2025-08-19 19:49:56,642 - WARNING - No definition found for 'connemara', adding to review list
2025-08-19 19:49:57,910 - INFO - Processed: connemara (Level 1)
2025-08-19 19:49:59,086 - WARNING - No definition found for 'rome', adding to review list
2025-08-19 19:50:00,356 - INFO - Processed: rome (Level 1)
2025-08-19 19:50:01,720 - WARNING - No definition found for 'puzzlespage', adding to review list
2025-08-19 19:50:02,929 - INFO - Processed: puzzlespage (Level 4)
2025-08-19 19:50:05,369 - INFO - Processed: immobilize (Level 4)
2025-08-19 19:50:07,870 - INFO - Processed: social (Level 2)
2025-08-19 19:50:10,289 - INFO - Processed: splutter (Level 2)
2025-08-19 19:50:11,591 - WARNING - No definition found for 'spellingconch', adding to review list
2025-08-19 19:50:12,801 - INFO - Processed: spellingconch (Level 2)
2025-08-19 19:50:15,390 - INFO - Processed: tubers (Level 2)
2025-08-19 19:50:17,956 - INFO - Processed: secreted (Level 3)
2025-08-19 19:50:20,823 - INFO - Processed: pairs (Level 1)
2025-08-19 19:50:23,360 - INFO - Processed: cachexia (Level 3)
2025-08-19 19:50:25,862 - INFO - Processed: hooves (Level 2)
2025-08-19 19:50:30,402 - INFO - Processed: potager (Level 2)
2025-08-19 19:50:30,938 - INFO - Checkpoint saved: 9700 words
2025-08-19 19:50:30,947 - INFO - Checkpoint saved after batch 97
2025-08-19 19:50:30,947 - INFO - Processing batch 98 (9701-9800 of 10114)
2025-08-19 19:50:33,631 - INFO - Processed: asylum (Level 2)
2025-08-19 19:50:36,092 - INFO - Processed: pesos (Level 1)
2025-08-19 19:50:38,988 - INFO - Processed: straps (Level 2)
2025-08-19 19:50:41,985 - INFO - Processed: joggled (Level 2)
2025-08-19 19:50:43,564 - WARNING - No definition found for 'kutani', adding to review list
2025-08-19 19:50:45,161 - INFO - Processed: kutani (Level 2)
2025-08-19 19:50:46,447 - WARNING - No definition found for 'atrophyattempt', adding to review list
2025-08-19 19:50:47,644 - INFO - Processed: atrophyattempt (Level 5)
2025-08-19 19:50:50,165 - INFO - Processed: bringing (Level 4)
2025-08-19 19:50:52,730 - INFO - Processed: obsecration (Level 4)
2025-08-19 19:50:55,190 - INFO - Processed: knew (Level 1)
2025-08-19 19:50:58,066 - INFO - Processed: palpitant (Level 4)
2025-08-19 19:51:00,723 - INFO - Processed: bromide (Level 2)
2025-08-19 19:51:02,118 - WARNING - No definition found for 'patagonia', adding to review list
2025-08-19 19:51:03,464 - INFO - Processed: patagonia (Level 3)
2025-08-19 19:51:05,909 - INFO - Processed: concentrate (Level 2)
2025-08-19 19:51:08,377 - INFO - Processed: defoliant (Level 3)
2025-08-19 19:51:09,617 - WARNING - No definition found for 'aniseikonia', adding to review list
2025-08-19 19:51:11,400 - INFO - Processed: aniseikonia (Level 4)
2025-08-19 19:51:16,419 - INFO - Processed: turquoise (Level 3)
2025-08-19 19:51:18,912 - INFO - Processed: advancing (Level 3)
2025-08-19 19:51:21,312 - INFO - Processed: assure (Level 2)
2025-08-19 19:51:22,493 - WARNING - No definition found for 'phoneticianmacular', adding to review list
2025-08-19 19:51:23,691 - INFO - Processed: phoneticianmacular (Level 5)
2025-08-19 19:51:26,058 - INFO - Processed: scroll (Level 2)
2025-08-19 19:51:28,579 - INFO - Processed: sororal (Level 2)
2025-08-19 19:51:31,078 - INFO - Processed: grimaces (Level 2)
2025-08-19 19:51:33,587 - INFO - Processed: posthumous (Level 3)
2025-08-19 19:51:34,915 - WARNING - No definition found for 'krewekriegspiel', adding to review list
2025-08-19 19:51:36,236 - INFO - Processed: krewekriegspiel (Level 5)
2025-08-19 19:51:39,600 - INFO - Processed: adulation (Level 4)
2025-08-19 19:51:40,908 - WARNING - No definition found for 'lanternmince', adding to review list
2025-08-19 19:51:42,104 - INFO - Processed: lanternmince (Level 3)
2025-08-19 19:51:44,576 - INFO - Processed: ladybug (Level 1)
2025-08-19 19:51:45,935 - WARNING - No definition found for 'pendeloque', adding to review list
2025-08-19 19:51:47,137 - INFO - Processed: pendeloque (Level 2)
2025-08-19 19:51:49,580 - INFO - Processed: undine (Level 2)
2025-08-19 19:51:52,042 - INFO - Processed: lovage (Level 2)
2025-08-19 19:51:54,460 - INFO - Processed: located (Level 2)
2025-08-19 19:51:57,126 - INFO - Processed: sturdy (Level 2)
2025-08-19 19:51:58,267 - WARNING - No definition found for 'toilsometempestuous', adding to review list
2025-08-19 19:51:59,456 - INFO - Processed: toilsometempestuous (Level 5)
2025-08-19 19:52:00,689 - WARNING - No definition found for 'psamm', adding to review list
2025-08-19 19:52:01,955 - INFO - Processed: psamm (Level 1)
2025-08-19 19:52:04,368 - INFO - Processed: homage (Level 2)
2025-08-19 19:52:05,652 - WARNING - No definition found for 'kerril', adding to review list
2025-08-19 19:52:06,872 - INFO - Processed: kerril (Level 2)
2025-08-19 19:52:09,391 - INFO - Processed: severe (Level 2)
2025-08-19 19:52:11,880 - INFO - Processed: graham (Level 2)
2025-08-19 19:52:14,830 - INFO - Processed: carolling (Level 1)
2025-08-19 19:52:17,653 - INFO - Processed: pongee (Level 2)
2025-08-19 19:52:20,455 - INFO - Processed: mutual (Level 2)
2025-08-19 19:52:23,151 - INFO - Processed: devious (Level 2)
2025-08-19 19:52:25,751 - INFO - Processed: platoon (Level 2)
2025-08-19 19:52:26,926 - WARNING - No definition found for 'cahoots', adding to review list
2025-08-19 19:52:28,130 - INFO - Processed: cahoots (Level 1)
2025-08-19 19:52:30,734 - INFO - Processed: smudge (Level 1)
2025-08-19 19:52:34,000 - INFO - Processed: cobblestone (Level 3)
2025-08-19 19:52:36,508 - INFO - Processed: return (Level 2)
2025-08-19 19:52:38,970 - INFO - Processed: expiration (Level 1)
2025-08-19 19:52:41,420 - INFO - Processed: properties (Level 3)
2025-08-19 19:52:43,998 - INFO - Processed: ballast (Level 2)
2025-08-19 19:52:46,765 - INFO - Processed: bialy (Level 1)
2025-08-19 19:52:49,507 - INFO - Processed: cobalamin (Level 4)
2025-08-19 19:52:52,373 - INFO - Processed: carbohydrates (Level 4)
2025-08-19 19:52:54,918 - INFO - Processed: enveloping (Level 3)
2025-08-19 19:52:57,643 - INFO - Processed: tamari (Level 2)
2025-08-19 19:53:01,619 - INFO - Processed: pulchritude (Level 4)
2025-08-19 19:53:04,183 - INFO - Processed: heliacal (Level 4)
2025-08-19 19:53:05,435 - WARNING - No definition found for 'amusedpouch', adding to review list
2025-08-19 19:53:06,654 - INFO - Processed: amusedpouch (Level 4)
2025-08-19 19:53:09,222 - INFO - Processed: undaunted (Level 4)
2025-08-19 19:53:11,927 - INFO - Processed: cornel (Level 2)
2025-08-19 19:53:14,637 - INFO - Processed: loud (Level 1)
2025-08-19 19:53:15,823 - WARNING - No definition found for 'flummux', adding to review list
2025-08-19 19:53:17,037 - INFO - Processed: flummux (Level 2)
2025-08-19 19:53:18,250 - WARNING - No definition found for 'qiyas', adding to review list
2025-08-19 19:53:19,459 - INFO - Processed: qiyas (Level 1)
2025-08-19 19:53:21,932 - INFO - Processed: pointelle (Level 4)
2025-08-19 19:53:24,632 - INFO - Processed: pinnate (Level 2)
2025-08-19 19:53:27,817 - INFO - Processed: conspiratorial (Level 5)
2025-08-19 19:53:30,273 - INFO - Processed: system (Level 2)
2025-08-19 19:53:32,717 - INFO - Processed: collar (Level 2)
2025-08-19 19:53:35,206 - INFO - Processed: vexatious (Level 3)
2025-08-19 19:53:38,217 - INFO - Processed: deceitful (Level 4)
2025-08-19 19:53:40,749 - INFO - Processed: characteristic (Level 5)
2025-08-19 19:53:43,336 - INFO - Processed: tapping (Level 2)
2025-08-19 19:53:45,822 - INFO - Processed: equivocate (Level 4)
2025-08-19 19:53:48,340 - INFO - Processed: sacrament (Level 4)
2025-08-19 19:53:51,305 - INFO - Processed: perianth (Level 4)
2025-08-19 19:53:53,736 - INFO - Processed: activity (Level 3)
2025-08-19 19:53:56,209 - INFO - Processed: phenom (Level 1)
2025-08-19 19:53:57,522 - WARNING - No definition found for 'abundancecalamitous', adding to review list
2025-08-19 19:53:58,833 - INFO - Processed: abundancecalamitous (Level 5)
2025-08-19 19:54:01,203 - INFO - Processed: velcro (Level 1)
2025-08-19 19:54:03,579 - INFO - Processed: thread (Level 2)
2025-08-19 19:54:06,076 - INFO - Processed: recreant (Level 4)
2025-08-19 19:54:08,488 - INFO - Processed: treasury (Level 4)
2025-08-19 19:54:09,733 - WARNING - No definition found for 'mitigative', adding to review list
2025-08-19 19:54:10,950 - INFO - Processed: mitigative (Level 4)
2025-08-19 19:54:13,393 - INFO - Processed: kanban (Level 2)
2025-08-19 19:54:15,806 - INFO - Processed: holocaust (Level 4)
2025-08-19 19:54:18,300 - INFO - Processed: tappet (Level 2)
2025-08-19 19:54:20,788 - INFO - Processed: clearance (Level 4)
2025-08-19 19:54:22,120 - WARNING - No definition found for 'tentativeness', adding to review list
2025-08-19 19:54:23,320 - INFO - Processed: tentativeness (Level 4)
2025-08-19 19:54:25,824 - INFO - Processed: lapel (Level 1)
2025-08-19 19:54:28,275 - INFO - Processed: dome (Level 1)
2025-08-19 19:54:30,966 - INFO - Processed: melamine (Level 4)
2025-08-19 19:54:32,292 - WARNING - No definition found for 'daubster', adding to review list
2025-08-19 19:54:33,963 - INFO - Processed: daubster (Level 4)
2025-08-19 19:54:36,366 - INFO - Processed: serious (Level 2)
2025-08-19 19:54:37,585 - WARNING - No definition found for 'dghaisa', adding to review list
2025-08-19 19:54:39,164 - INFO - Processed: dghaisa (Level 2)
2025-08-19 19:54:41,545 - INFO - Processed: splurge (Level 2)
2025-08-19 19:54:44,142 - INFO - Processed: cohort (Level 2)
2025-08-19 19:54:47,354 - INFO - Processed: propaganda (Level 1)
2025-08-19 19:54:50,319 - INFO - Processed: perorate (Level 3)
2025-08-19 19:54:52,780 - INFO - Processed: selfie (Level 2)
2025-08-19 19:54:55,277 - INFO - Processed: ennui (Level 1)
2025-08-19 19:54:55,863 - INFO - Checkpoint saved: 9800 words
2025-08-19 19:54:55,863 - INFO - Checkpoint saved after batch 98
2025-08-19 19:54:55,863 - INFO - Processing batch 99 (9801-9900 of 10114)
2025-08-19 19:54:58,764 - INFO - Processed: scrofula (Level 4)
2025-08-19 19:55:01,935 - INFO - Processed: vide (Level 1)
2025-08-19 19:55:04,474 - INFO - Processed: melody (Level 2)
2025-08-19 19:55:06,969 - INFO - Processed: obituary (Level 1)
2025-08-19 19:55:08,218 - WARNING - No definition found for 'gliriform', adding to review list
2025-08-19 19:55:09,421 - INFO - Processed: gliriform (Level 4)
2025-08-19 19:55:12,282 - INFO - Processed: lambkin (Level 2)
2025-08-19 19:55:14,790 - INFO - Processed: marsupial (Level 4)
2025-08-19 19:55:16,116 - WARNING - No definition found for 'voceinesculent', adding to review list
2025-08-19 19:55:17,347 - INFO - Processed: voceinesculent (Level 5)
2025-08-19 19:55:18,599 - WARNING - No definition found for 'whippoorwillficus', adding to review list
2025-08-19 19:55:19,865 - INFO - Processed: whippoorwillficus (Level 5)
2025-08-19 19:55:22,533 - INFO - Processed: mythical (Level 4)
2025-08-19 19:55:25,480 - INFO - Processed: exchequer (Level 3)
2025-08-19 19:55:28,033 - INFO - Processed: fabulist (Level 3)
2025-08-19 19:55:30,433 - INFO - Processed: kernel (Level 2)
2025-08-19 19:55:32,808 - INFO - Processed: included (Level 4)
2025-08-19 19:55:35,361 - INFO - Processed: crosses (Level 2)
2025-08-19 19:55:37,991 - INFO - Processed: tuxedo (Level 2)
2025-08-19 19:55:41,177 - INFO - Processed: biome (Level 1)
2025-08-19 19:55:43,732 - INFO - Processed: neighbors (Level 4)
2025-08-19 19:55:46,276 - INFO - Processed: emitting (Level 2)
2025-08-19 19:55:47,608 - WARNING - No definition found for 'deimos', adding to review list
2025-08-19 19:55:48,823 - INFO - Processed: deimos (Level 2)
2025-08-19 19:55:51,806 - INFO - Processed: feu (Level 1)
2025-08-19 19:55:54,544 - INFO - Processed: piece (Level 1)
2025-08-19 19:55:57,184 - INFO - Processed: canard (Level 1)
2025-08-19 19:55:58,375 - WARNING - No definition found for 'british', adding to review list
2025-08-19 19:55:59,618 - INFO - Processed: british (Level 2)
2025-08-19 19:56:02,144 - INFO - Processed: artery (Level 1)
2025-08-19 19:56:04,841 - INFO - Processed: problem (Level 2)
2025-08-19 19:56:07,882 - INFO - Processed: apocryphal (Level 4)
2025-08-19 19:56:10,286 - INFO - Processed: ethylene (Level 4)
2025-08-19 19:56:12,928 - INFO - Processed: dutifully (Level 2)
2025-08-19 19:56:16,165 - INFO - Processed: felonious (Level 4)
2025-08-19 19:56:17,851 - WARNING - No definition found for 'erewhonian', adding to review list
2025-08-19 19:56:19,393 - INFO - Processed: erewhonian (Level 4)
2025-08-19 19:56:22,030 - INFO - Processed: fragrance (Level 1)
2025-08-19 19:56:24,641 - INFO - Processed: keening (Level 2)
2025-08-19 19:56:27,204 - INFO - Processed: metastasize (Level 4)
2025-08-19 19:56:28,505 - WARNING - No definition found for 'caesious', adding to review list
2025-08-19 19:56:29,758 - INFO - Processed: caesious (Level 4)
2025-08-19 19:56:32,327 - INFO - Processed: rictus (Level 2)
2025-08-19 19:56:34,854 - INFO - Processed: highlands (Level 4)
2025-08-19 19:56:37,221 - INFO - Processed: began (Level 1)
2025-08-19 19:56:38,497 - WARNING - No definition found for 'groenendael', adding to review list
2025-08-19 19:56:39,688 - INFO - Processed: groenendael (Level 4)
2025-08-19 19:56:42,118 - INFO - Processed: know (Level 1)
2025-08-19 19:56:44,537 - INFO - Processed: faux (Level 1)
2025-08-19 19:56:47,024 - INFO - Processed: whippoorwill (Level 4)
2025-08-19 19:56:49,538 - INFO - Processed: virtually (Level 4)
2025-08-19 19:56:52,146 - INFO - Processed: including (Level 4)
2025-08-19 19:56:55,184 - INFO - Processed: panir (Level 1)
2025-08-19 19:56:57,708 - INFO - Processed: train (Level 1)
2025-08-19 19:57:00,471 - INFO - Processed: parachuted (Level 1)
2025-08-19 19:57:02,904 - INFO - Processed: neem (Level 1)
2025-08-19 19:57:04,146 - WARNING - No definition found for 'bunyanesque', adding to review list
2025-08-19 19:57:05,336 - INFO - Processed: bunyanesque (Level 4)
2025-08-19 19:57:07,789 - INFO - Processed: noon (Level 1)
2025-08-19 19:57:10,301 - INFO - Processed: seneschal (Level 4)
2025-08-19 19:57:12,947 - INFO - Processed: kazoo (Level 1)
2025-08-19 19:57:15,487 - INFO - Processed: terabyte (Level 3)
2025-08-19 19:57:17,975 - INFO - Processed: limned (Level 2)
2025-08-19 19:57:20,408 - INFO - Processed: resort (Level 2)
2025-08-19 19:57:21,722 - WARNING - No definition found for 'gchange', adding to review list
2025-08-19 19:57:23,085 - INFO - Processed: gchange (Level 2)
2025-08-19 19:57:26,158 - INFO - Processed: dandruff (Level 1)
2025-08-19 19:57:28,703 - INFO - Processed: nobiliary (Level 3)
2025-08-19 19:57:31,269 - INFO - Processed: lithium (Level 2)
2025-08-19 19:57:33,712 - INFO - Processed: depot (Level 1)
2025-08-19 19:57:36,344 - INFO - Processed: centipede (Level 4)
2025-08-19 19:57:37,877 - WARNING - No definition found for 'minnesota', adding to review list
2025-08-19 19:57:40,529 - INFO - Processed: minnesota (Level 2)
2025-08-19 19:57:42,913 - INFO - Processed: derogatory (Level 1)
2025-08-19 19:57:45,432 - INFO - Processed: three (Level 1)
2025-08-19 19:57:47,866 - INFO - Processed: spill (Level 1)
2025-08-19 19:57:49,139 - WARNING - No definition found for 'massestroganoff', adding to review list
2025-08-19 19:57:50,413 - INFO - Processed: massestroganoff (Level 5)
2025-08-19 19:57:53,197 - INFO - Processed: shebang (Level 2)
2025-08-19 19:57:55,538 - INFO - Processed: asked (Level 1)
2025-08-19 19:57:57,923 - INFO - Processed: humdrum (Level 2)
2025-08-19 19:58:00,463 - INFO - Processed: country (Level 2)
2025-08-19 19:58:03,187 - INFO - Processed: taco (Level 1)
2025-08-19 19:58:04,523 - WARNING - No definition found for 'sohum', adding to review list
2025-08-19 19:58:05,722 - INFO - Processed: sohum (Level 1)
2025-08-19 19:58:07,182 - WARNING - No definition found for 'beowulf', adding to review list
2025-08-19 19:58:08,501 - INFO - Processed: beowulf (Level 2)
2025-08-19 19:58:09,747 - WARNING - No definition found for 'commiserative', adding to review list
2025-08-19 19:58:10,994 - INFO - Processed: commiserative (Level 4)
2025-08-19 19:58:12,693 - WARNING - No definition found for 'estampies', adding to review list
2025-08-19 19:58:15,962 - INFO - Processed: estampies (Level 3)
2025-08-19 19:58:18,442 - INFO - Processed: convocation (Level 4)
2025-08-19 19:58:19,815 - WARNING - No definition found for 'egyptian', adding to review list
2025-08-19 19:58:21,024 - INFO - Processed: egyptian (Level 3)
2025-08-19 19:58:23,476 - INFO - Processed: gourd (Level 1)
2025-08-19 19:58:26,207 - INFO - Processed: diversity (Level 4)
2025-08-19 19:58:28,751 - INFO - Processed: newbie (Level 2)
2025-08-19 19:58:31,168 - INFO - Processed: typing (Level 2)
2025-08-19 19:58:33,565 - INFO - Processed: ways (Level 1)
2025-08-19 19:58:35,931 - INFO - Processed: river (Level 1)
2025-08-19 19:58:38,568 - INFO - Processed: sombre (Level 1)
2025-08-19 19:58:41,421 - INFO - Processed: anathema (Level 4)
2025-08-19 19:58:44,050 - INFO - Processed: masthead (Level 2)
2025-08-19 19:58:46,442 - INFO - Processed: trodden (Level 2)
2025-08-19 19:58:47,740 - WARNING - No definition found for 'astur', adding to review list
2025-08-19 19:58:48,990 - INFO - Processed: astur (Level 1)
2025-08-19 19:58:52,140 - INFO - Processed: castor (Level 2)
2025-08-19 19:58:54,560 - INFO - Processed: clientele (Level 4)
2025-08-19 19:58:55,716 - WARNING - No definition found for 'flipperling', adding to review list
2025-08-19 19:58:56,962 - INFO - Processed: flipperling (Level 4)
2025-08-19 19:58:59,600 - INFO - Processed: salute (Level 2)
2025-08-19 19:59:02,141 - INFO - Processed: broadcaster (Level 3)
2025-08-19 19:59:04,580 - INFO - Processed: giggle (Level 2)
2025-08-19 19:59:07,369 - INFO - Processed: assizes (Level 2)
2025-08-19 19:59:09,801 - INFO - Processed: points (Level 2)
2025-08-19 19:59:12,307 - INFO - Processed: grammarian (Level 1)
2025-08-19 19:59:14,888 - INFO - Processed: brochure (Level 3)
2025-08-19 19:59:16,149 - WARNING - No definition found for 'offhandedly', adding to review list
2025-08-19 19:59:17,776 - INFO - Processed: offhandedly (Level 4)
2025-08-19 19:59:20,282 - INFO - Processed: upholstery (Level 4)
2025-08-19 19:59:20,829 - INFO - Checkpoint saved: 9900 words
2025-08-19 19:59:20,832 - INFO - Checkpoint saved after batch 99
2025-08-19 19:59:20,832 - INFO - Processing batch 100 (9901-10000 of 10114)
2025-08-19 19:59:23,230 - INFO - Processed: fish (Level 1)
2025-08-19 19:59:24,497 - WARNING - No definition found for 'triagetrinkets', adding to review list
2025-08-19 19:59:25,763 - INFO - Processed: triagetrinkets (Level 5)
2025-08-19 19:59:28,394 - INFO - Processed: llanero (Level 2)
2025-08-19 19:59:29,759 - WARNING - No definition found for 'midriffteaspoon', adding to review list
2025-08-19 19:59:31,028 - INFO - Processed: midriffteaspoon (Level 5)
2025-08-19 19:59:34,074 - INFO - Processed: acetone (Level 2)
2025-08-19 19:59:36,752 - INFO - Processed: pilcrow (Level 2)
2025-08-19 19:59:39,248 - INFO - Processed: late (Level 1)
2025-08-19 19:59:41,774 - INFO - Processed: gesticulate (Level 2)
2025-08-19 19:59:44,159 - INFO - Processed: seize (Level 1)
2025-08-19 19:59:46,238 - WARNING - No definition found for 'disciform', adding to review list
2025-08-19 19:59:47,934 - INFO - Processed: disciform (Level 2)
2025-08-19 19:59:50,323 - INFO - Processed: marring (Level 2)
2025-08-19 19:59:51,578 - WARNING - No definition found for 'vituline', adding to review list
2025-08-19 19:59:53,253 - INFO - Processed: vituline (Level 4)
2025-08-19 19:59:55,715 - INFO - Processed: coercive (Level 4)
2025-08-19 19:59:57,031 - WARNING - No definition found for 'pareidolia', adding to review list
2025-08-19 19:59:58,292 - INFO - Processed: pareidolia (Level 4)
2025-08-19 20:00:00,842 - INFO - Processed: numerology (Level 4)
2025-08-19 20:00:03,398 - INFO - Processed: unassuming (Level 4)
2025-08-19 20:00:04,596 - WARNING - No definition found for 'adsum', adding to review list
2025-08-19 20:00:05,825 - INFO - Processed: adsum (Level 1)
2025-08-19 20:00:08,571 - INFO - Processed: vendors (Level 2)
2025-08-19 20:00:11,077 - INFO - Processed: expressing (Level 3)
2025-08-19 20:00:13,951 - INFO - Processed: bantlings (Level 2)
2025-08-19 20:00:16,460 - INFO - Processed: quip (Level 1)
2025-08-19 20:00:20,712 - INFO - Processed: pedestrian (Level 2)
2025-08-19 20:00:23,214 - INFO - Processed: kiln (Level 1)
2025-08-19 20:00:25,732 - INFO - Processed: tommyrot (Level 4)
2025-08-19 20:00:27,047 - WARNING - No definition found for 'egeria', adding to review list
2025-08-19 20:00:28,271 - INFO - Processed: egeria (Level 2)
2025-08-19 20:00:30,780 - INFO - Processed: abstemious (Level 4)
2025-08-19 20:00:33,333 - INFO - Processed: barely (Level 2)
2025-08-19 20:00:36,839 - INFO - Processed: swift (Level 1)
2025-08-19 20:00:39,370 - INFO - Processed: mete (Level 1)
2025-08-19 20:00:41,976 - INFO - Processed: serenade (Level 4)
2025-08-19 20:00:44,441 - INFO - Processed: arid (Level 1)
2025-08-19 20:00:47,237 - INFO - Processed: operose (Level 2)
2025-08-19 20:00:50,647 - INFO - Processed: hackles (Level 2)
2025-08-19 20:00:53,079 - INFO - Processed: cacophonous (Level 4)
2025-08-19 20:00:55,987 - INFO - Processed: headquartered (Level 4)
2025-08-19 20:00:57,245 - WARNING - No definition found for 'gaetana', adding to review list
2025-08-19 20:00:58,501 - INFO - Processed: gaetana (Level 2)
2025-08-19 20:00:59,829 - WARNING - No definition found for 'ryukyu', adding to review list
2025-08-19 20:01:01,305 - INFO - Processed: ryukyu (Level 2)
2025-08-19 20:01:03,797 - INFO - Processed: gaffer (Level 2)
2025-08-19 20:01:06,674 - INFO - Processed: pigments (Level 3)
2025-08-19 20:01:07,994 - WARNING - No definition found for 'arapaho', adding to review list
2025-08-19 20:01:09,533 - INFO - Processed: arapaho (Level 2)
2025-08-19 20:01:12,004 - INFO - Processed: dancing (Level 2)
2025-08-19 20:01:13,252 - WARNING - No definition found for 'naumachia', adding to review list
2025-08-19 20:01:14,591 - INFO - Processed: naumachia (Level 4)
2025-08-19 20:01:16,998 - INFO - Processed: shirt (Level 1)
2025-08-19 20:01:19,374 - INFO - Processed: brilliant (Level 4)
2025-08-19 20:01:21,878 - INFO - Processed: conquests (Level 4)
2025-08-19 20:01:24,345 - INFO - Processed: officiant (Level 1)
2025-08-19 20:01:26,846 - INFO - Processed: astounding (Level 4)
2025-08-19 20:01:29,248 - INFO - Processed: eavesdrop (Level 3)
2025-08-19 20:01:31,791 - INFO - Processed: yuga (Level 1)
2025-08-19 20:01:34,184 - INFO - Processed: mercenary (Level 3)
2025-08-19 20:01:36,655 - INFO - Processed: muesli (Level 2)
2025-08-19 20:01:37,804 - WARNING - No definition found for 'fadeawayfallacy', adding to review list
2025-08-19 20:01:39,008 - INFO - Processed: fadeawayfallacy (Level 5)
2025-08-19 20:01:40,236 - WARNING - No definition found for 'salvador', adding to review list
2025-08-19 20:01:41,502 - INFO - Processed: salvador (Level 3)
2025-08-19 20:01:43,478 - WARNING - No definition found for 'zoetic', adding to review list
2025-08-19 20:01:44,801 - INFO - Processed: zoetic (Level 2)
2025-08-19 20:01:47,206 - INFO - Processed: unfazed (Level 2)
2025-08-19 20:01:48,535 - WARNING - No definition found for 'beijing', adding to review list
2025-08-19 20:01:49,828 - INFO - Processed: beijing (Level 2)
2025-08-19 20:01:52,348 - INFO - Processed: kinesiology (Level 4)
2025-08-19 20:01:53,720 - WARNING - No definition found for 'firenze', adding to review list
2025-08-19 20:01:54,913 - INFO - Processed: firenze (Level 2)
2025-08-19 20:01:57,363 - INFO - Processed: dolphin (Level 2)
2025-08-19 20:01:59,969 - INFO - Processed: carpenter (Level 1)
2025-08-19 20:02:01,251 - WARNING - No definition found for 'djibouti', adding to review list
2025-08-19 20:02:02,444 - INFO - Processed: djibouti (Level 4)
2025-08-19 20:02:04,976 - INFO - Processed: mammalian (Level 2)
2025-08-19 20:02:07,426 - INFO - Processed: scale (Level 1)
2025-08-19 20:02:09,802 - INFO - Processed: telenovelas (Level 4)
2025-08-19 20:02:11,020 - WARNING - No definition found for 'cachexiaconnoisseur', adding to review list
2025-08-19 20:02:12,217 - INFO - Processed: cachexiaconnoisseur (Level 5)
2025-08-19 20:02:14,616 - INFO - Processed: some (Level 1)
2025-08-19 20:02:17,042 - INFO - Processed: snack (Level 1)
2025-08-19 20:02:19,702 - INFO - Processed: someone (Level 2)
2025-08-19 20:02:22,198 - INFO - Processed: pharaoh (Level 2)
2025-08-19 20:02:24,966 - INFO - Processed: japan (Level 1)
2025-08-19 20:02:27,624 - INFO - Processed: mantua (Level 2)
2025-08-19 20:02:30,585 - INFO - Processed: evaded (Level 2)
2025-08-19 20:02:33,286 - INFO - Processed: council (Level 2)
2025-08-19 20:02:34,790 - WARNING - No definition found for 'moroccan', adding to review list
2025-08-19 20:02:36,125 - INFO - Processed: moroccan (Level 3)
2025-08-19 20:02:39,261 - INFO - Processed: cortege (Level 2)
2025-08-19 20:02:41,837 - INFO - Processed: conical (Level 2)
2025-08-19 20:02:44,329 - INFO - Processed: binoculars (Level 2)
2025-08-19 20:02:45,644 - WARNING - No definition found for 'evactor', adding to review list
2025-08-19 20:02:46,888 - INFO - Processed: evactor (Level 2)
2025-08-19 20:02:50,049 - INFO - Processed: enchantment (Level 2)
2025-08-19 20:02:56,635 - INFO - Processed: iris (Level 1)
2025-08-19 20:02:59,149 - INFO - Processed: bloviate (Level 4)
2025-08-19 20:03:01,660 - INFO - Processed: creak (Level 1)
2025-08-19 20:03:04,445 - INFO - Processed: toppings (Level 4)
2025-08-19 20:03:06,935 - INFO - Processed: berries (Level 2)
2025-08-19 20:03:09,429 - INFO - Processed: communing (Level 3)
2025-08-19 20:03:10,677 - WARNING - No definition found for 'kibbitzer', adding to review list
2025-08-19 20:03:11,888 - INFO - Processed: kibbitzer (Level 2)
2025-08-19 20:03:14,297 - INFO - Processed: robin (Level 1)
2025-08-19 20:03:17,015 - INFO - Processed: celestial (Level 4)
2025-08-19 20:03:20,065 - INFO - Processed: rallies (Level 2)
2025-08-19 20:03:21,391 - WARNING - No definition found for 'pelagial', adding to review list
2025-08-19 20:03:23,488 - INFO - Processed: pelagial (Level 3)
2025-08-19 20:03:25,919 - INFO - Processed: difficulty (Level 4)
2025-08-19 20:03:28,378 - INFO - Processed: desk (Level 1)
2025-08-19 20:03:31,073 - INFO - Processed: scanty (Level 2)
2025-08-19 20:03:32,337 - WARNING - No definition found for 'aegilops', adding to review list
2025-08-19 20:03:33,591 - INFO - Processed: aegilops (Level 4)
2025-08-19 20:03:35,308 - WARNING - No definition found for 'animalier', adding to review list
2025-08-19 20:03:36,553 - INFO - Processed: animalier (Level 1)
2025-08-19 20:03:37,801 - WARNING - No definition found for 'harangueniveau', adding to review list
2025-08-19 20:03:39,002 - INFO - Processed: harangueniveau (Level 5)
2025-08-19 20:03:41,400 - INFO - Processed: remember (Level 4)
2025-08-19 20:03:44,356 - INFO - Processed: appurtenances (Level 3)
2025-08-19 20:03:47,444 - INFO - Processed: ruckus (Level 2)
2025-08-19 20:03:48,691 - WARNING - No definition found for 'necrotic', adding to review list
2025-08-19 20:03:49,934 - INFO - Processed: necrotic (Level 3)
2025-08-19 20:03:50,490 - INFO - Checkpoint saved: 10000 words
2025-08-19 20:03:50,507 - INFO - Checkpoint saved after batch 100
2025-08-19 20:03:50,507 - INFO - Processing batch 101 (10001-10100 of 10114)
2025-08-19 20:03:52,959 - INFO - Processed: hatchet (Level 2)
2025-08-19 20:03:55,652 - INFO - Processed: marvellous (Level 2)
2025-08-19 20:03:58,483 - INFO - Processed: bittern (Level 2)
2025-08-19 20:04:01,057 - INFO - Processed: bent (Level 1)
2025-08-19 20:04:03,537 - INFO - Processed: miscreant (Level 4)
2025-08-19 20:04:06,097 - INFO - Processed: solder (Level 2)
2025-08-19 20:04:08,938 - INFO - Processed: nine (Level 1)
2025-08-19 20:04:12,328 - INFO - Processed: minuscule (Level 4)
2025-08-19 20:04:14,796 - INFO - Processed: extravagant (Level 4)
2025-08-19 20:04:16,512 - WARNING - No definition found for 'gaudery', adding to review list
2025-08-19 20:04:18,165 - INFO - Processed: gaudery (Level 2)
2025-08-19 20:04:20,628 - INFO - Processed: renal (Level 1)
2025-08-19 20:04:22,974 - INFO - Processed: chicanery (Level 3)
2025-08-19 20:04:24,238 - WARNING - No definition found for 'coquiwith', adding to review list
2025-08-19 20:04:25,503 - INFO - Processed: coquiwith (Level 4)
2025-08-19 20:04:28,068 - INFO - Processed: valetudinary (Level 4)
2025-08-19 20:04:31,100 - INFO - Processed: terraced (Level 2)
2025-08-19 20:04:33,631 - INFO - Processed: sheepish (Level 3)
2025-08-19 20:04:36,099 - INFO - Processed: diatonic (Level 4)
2025-08-19 20:04:38,918 - INFO - Processed: leach (Level 1)
2025-08-19 20:04:41,663 - INFO - Processed: pilgrimages (Level 3)
2025-08-19 20:04:42,924 - WARNING - No definition found for 'valkyrian', adding to review list
2025-08-19 20:04:44,468 - INFO - Processed: valkyrian (Level 1)
2025-08-19 20:04:47,091 - INFO - Processed: amiably (Level 2)
2025-08-19 20:04:48,828 - WARNING - No definition found for 'incitive', adding to review list
2025-08-19 20:04:50,101 - INFO - Processed: incitive (Level 4)
2025-08-19 20:04:52,554 - INFO - Processed: grid (Level 1)
2025-08-19 20:04:55,107 - INFO - Processed: emigrate (Level 3)
2025-08-19 20:04:56,388 - WARNING - No definition found for 'caboodle', adding to review list
2025-08-19 20:04:57,631 - INFO - Processed: caboodle (Level 3)
2025-08-19 20:05:00,101 - INFO - Processed: sodden (Level 2)
2025-08-19 20:05:03,336 - INFO - Processed: gerbils (Level 2)
2025-08-19 20:05:04,764 - WARNING - No definition found for 'diablo', adding to review list
2025-08-19 20:05:06,112 - INFO - Processed: diablo (Level 2)
2025-08-19 20:05:08,709 - INFO - Processed: cautioned (Level 2)
2025-08-19 20:05:11,144 - INFO - Processed: they (Level 1)
2025-08-19 20:05:12,477 - WARNING - No definition found for 'shakar', adding to review list
2025-08-19 20:05:13,747 - INFO - Processed: shakar (Level 2)
2025-08-19 20:05:17,543 - INFO - Processed: metatarsal (Level 4)
2025-08-19 20:05:20,568 - INFO - Processed: swankiest (Level 2)
2025-08-19 20:05:23,163 - INFO - Processed: flybys (Level 2)
2025-08-19 20:05:26,016 - INFO - Processed: crystallized (Level 4)
2025-08-19 20:05:28,585 - INFO - Processed: blasphemous (Level 4)
2025-08-19 20:05:30,114 - WARNING - No definition found for 'arret', adding to review list
2025-08-19 20:05:31,880 - INFO - Processed: arret (Level 1)
2025-08-19 20:05:34,278 - INFO - Processed: using (Level 1)
2025-08-19 20:05:36,792 - INFO - Processed: almoner (Level 1)
2025-08-19 20:05:39,238 - INFO - Processed: reason (Level 2)
2025-08-19 20:05:42,114 - INFO - Processed: somnolent (Level 2)
2025-08-19 20:05:43,490 - WARNING - No definition found for 'gemini', adding to review list
2025-08-19 20:05:44,965 - INFO - Processed: gemini (Level 2)
2025-08-19 20:05:47,506 - INFO - Processed: dimple (Level 2)
2025-08-19 20:05:48,854 - WARNING - No definition found for 'kodiak', adding to review list
2025-08-19 20:05:50,186 - INFO - Processed: kodiak (Level 2)
2025-08-19 20:05:51,617 - WARNING - No definition found for 'arden', adding to review list
2025-08-19 20:05:52,834 - INFO - Processed: arden (Level 1)
2025-08-19 20:05:55,515 - INFO - Processed: churros (Level 2)
2025-08-19 20:05:58,537 - INFO - Processed: catnap (Level 2)
2025-08-19 20:06:00,920 - INFO - Processed: purse (Level 1)
2025-08-19 20:06:03,343 - INFO - Processed: goals (Level 1)
2025-08-19 20:06:04,744 - WARNING - No definition found for 'uvulaenumerated', adding to review list
2025-08-19 20:06:05,983 - INFO - Processed: uvulaenumerated (Level 5)
2025-08-19 20:06:08,539 - INFO - Processed: jacana (Level 1)
2025-08-19 20:06:12,273 - INFO - Processed: cottonwood (Level 3)
2025-08-19 20:06:13,593 - WARNING - No definition found for 'perpendicularity', adding to review list
2025-08-19 20:06:14,793 - INFO - Processed: perpendicularity (Level 5)
2025-08-19 20:06:17,204 - INFO - Processed: officinal (Level 4)
2025-08-19 20:06:19,554 - INFO - Processed: hangnail (Level 1)
2025-08-19 20:06:22,132 - INFO - Processed: anticoagulant (Level 3)
2025-08-19 20:06:24,682 - INFO - Processed: throttle (Level 1)
2025-08-19 20:06:27,424 - INFO - Processed: coulrophobia (Level 4)
2025-08-19 20:06:30,079 - INFO - Processed: irascible (Level 1)
2025-08-19 20:06:31,829 - WARNING - No definition found for 'incunabulacordillera', adding to review list
2025-08-19 20:06:33,170 - INFO - Processed: incunabulacordillera (Level 5)
2025-08-19 20:06:35,675 - INFO - Processed: solecism (Level 3)
2025-08-19 20:06:38,218 - INFO - Processed: engineer (Level 4)
2025-08-19 20:06:40,947 - INFO - Processed: usually (Level 2)
2025-08-19 20:06:43,953 - INFO - Processed: fado (Level 1)
2025-08-19 20:06:46,727 - INFO - Processed: drift (Level 1)
2025-08-19 20:06:47,966 - WARNING - No definition found for 'gelilah', adding to review list
2025-08-19 20:06:49,487 - INFO - Processed: gelilah (Level 2)
2025-08-19 20:06:52,147 - INFO - Processed: interred (Level 4)
2025-08-19 20:06:54,966 - INFO - Processed: writhes (Level 2)
2025-08-19 20:06:57,215 - WARNING - No definition found for 'salmagundy', adding to review list
2025-08-19 20:06:59,043 - INFO - Processed: salmagundy (Level 4)
2025-08-19 20:07:01,475 - INFO - Processed: fumble (Level 1)
2025-08-19 20:07:04,188 - INFO - Processed: pompadour (Level 1)
2025-08-19 20:07:06,860 - INFO - Processed: objective (Level 4)
2025-08-19 20:07:09,534 - INFO - Processed: liege (Level 1)
2025-08-19 20:07:12,193 - INFO - Processed: southern (Level 4)
2025-08-19 20:07:13,835 - WARNING - No definition found for 'octo', adding to review list
2025-08-19 20:07:15,053 - INFO - Processed: octo (Level 1)
2025-08-19 20:07:17,937 - INFO - Processed: particulate (Level 4)
2025-08-19 20:07:20,829 - INFO - Processed: subaltern (Level 2)
2025-08-19 20:07:23,540 - INFO - Processed: preferred (Level 4)
2025-08-19 20:07:25,954 - INFO - Processed: sparkle (Level 2)
2025-08-19 20:07:28,325 - INFO - Processed: roughly (Level 2)
2025-08-19 20:07:31,125 - INFO - Processed: pantry (Level 2)
2025-08-19 20:07:33,913 - WARNING - No definition found for 'postdiction', adding to review list
2025-08-19 20:07:35,159 - INFO - Processed: postdiction (Level 4)
2025-08-19 20:07:37,955 - INFO - Processed: phoenix (Level 2)
2025-08-19 20:07:40,437 - INFO - Processed: nouveau (Level 2)
2025-08-19 20:07:41,728 - WARNING - No definition found for 'naricorn', adding to review list
2025-08-19 20:07:43,214 - INFO - Processed: naricorn (Level 4)
2025-08-19 20:07:48,398 - INFO - Processed: apparatus (Level 4)
2025-08-19 20:07:50,819 - INFO - Processed: cascade (Level 2)
2025-08-19 20:07:53,732 - INFO - Processed: dorsiflexor (Level 4)
2025-08-19 20:07:55,087 - WARNING - No definition found for 'samhain', adding to review list
2025-08-19 20:07:56,332 - INFO - Processed: samhain (Level 2)
2025-08-19 20:07:59,574 - INFO - Processed: woebegone (Level 4)
2025-08-19 20:08:02,510 - INFO - Processed: populace (Level 4)
2025-08-19 20:08:04,915 - INFO - Processed: bankrupt (Level 2)
2025-08-19 20:08:06,153 - WARNING - No definition found for 'bantamapprentice', adding to review list
2025-08-19 20:08:07,372 - INFO - Processed: bantamapprentice (Level 5)
2025-08-19 20:08:09,736 - INFO - Processed: beneficent (Level 3)
2025-08-19 20:08:13,417 - INFO - Processed: rappelled (Level 2)
2025-08-19 20:08:15,983 - INFO - Processed: adapted (Level 2)
2025-08-19 20:08:17,234 - WARNING - No definition found for 'extrorsef', adding to review list
2025-08-19 20:08:18,465 - INFO - Processed: extrorsef (Level 4)
2025-08-19 20:08:21,277 - INFO - Processed: styptic (Level 2)
2025-08-19 20:08:22,443 - WARNING - No definition found for 'recrudescent', adding to review list
2025-08-19 20:08:23,675 - INFO - Processed: recrudescent (Level 4)
2025-08-19 20:08:25,440 - WARNING - No definition found for 'solicitsolidity', adding to review list
2025-08-19 20:08:26,757 - INFO - Processed: solicitsolidity (Level 5)
2025-08-19 20:08:27,373 - INFO - Checkpoint saved: 10100 words
2025-08-19 20:08:27,389 - INFO - Checkpoint saved after batch 101
2025-08-19 20:08:27,390 - INFO - Processing batch 102 (10101-10114 of 10114)
2025-08-19 20:08:28,874 - WARNING - No definition found for 'oort', adding to review list
2025-08-19 20:08:30,073 - INFO - Processed: oort (Level 1)
2025-08-19 20:08:32,474 - INFO - Processed: funnel (Level 2)
2025-08-19 20:08:34,902 - INFO - Processed: contiguous (Level 4)
2025-08-19 20:08:36,156 - WARNING - No definition found for 'symposiumsyndicate', adding to review list
2025-08-19 20:08:37,356 - INFO - Processed: symposiumsyndicate (Level 5)
2025-08-19 20:08:39,869 - INFO - Processed: promulgate (Level 1)
2025-08-19 20:08:41,282 - WARNING - No definition found for 'edinburgh', adding to review list
2025-08-19 20:08:42,535 - INFO - Processed: edinburgh (Level 2)
2025-08-19 20:08:44,912 - INFO - Processed: frantic (Level 2)
2025-08-19 20:08:46,268 - WARNING - No definition found for 'taoism', adding to review list
2025-08-19 20:08:47,556 - INFO - Processed: taoism (Level 2)
2025-08-19 20:08:50,142 - INFO - Processed: prenuptial (Level 3)
2025-08-19 20:08:53,113 - INFO - Processed: adolescence (Level 4)
2025-08-19 20:08:56,252 - INFO - Processed: individual (Level 4)
2025-08-19 20:08:58,678 - INFO - Processed: maize (Level 1)
2025-08-19 20:09:00,418 - WARNING - No definition found for 'arthurian', adding to review list
2025-08-19 20:09:01,641 - INFO - Processed: arthurian (Level 4)
2025-08-19 20:09:04,903 - INFO - Processed: polyandry (Level 4)
2025-08-19 20:09:05,484 - INFO - Checkpoint saved: 10114 words
2025-08-19 20:09:05,484 - INFO - Checkpoint saved after batch 102
2025-08-19 20:09:05,881 - INFO - Wrote 10114 words to C:\Users\jessi\Projects\skilltree2\scripts\spelling_bee\output\spelling_words.csv
2025-08-19 20:09:05,883 - INFO - Wrote 2218 words for review to C:\Users\jessi\Projects\skilltree2\scripts\spelling_bee\output\words_for_review.csv
2025-08-19 20:09:05,883 - INFO - Processing complete!
2025-08-19 20:09:05,883 - INFO - Total words processed: 10114
2025-08-19 20:09:05,883 - INFO - Words needing review: 2218
